t_s	measured_width_mm	target_width_mm
0.0011730194091796875	nan	1.2
0.04597640037536621	nan	1.2
0.06000924110412598	nan	1.2
0.07799100875854492	nan	1.2
0.09053611755371094	nan	1.2
0.10212874412536621	nan	1.2
0.11365771293640137	nan	1.2
0.125169038772583	nan	1.2
0.13938403129577637	nan	1.2
0.1509873867034912	nan	1.2
0.16298389434814453	nan	1.2
0.17791366577148438	nan	1.2
0.1918175220489502	nan	1.2
0.20391368865966797	nan	1.2
0.21575140953063965	nan	1.2
0.22939252853393555	nan	1.2
0.2457568645477295	nan	1.2
0.2581663131713867	nan	1.2
0.2699151039123535	nan	1.2
0.2812674045562744	nan	1.2
0.2930307388305664	nan	1.2
0.304638147354126	nan	1.2
0.31929683685302734	nan	1.2
0.3314669132232666	nan	1.2
0.349013090133667	nan	1.2
0.3627345561981201	nan	1.2
0.37714052200317383	nan	1.2
0.38852500915527344	nan	1.2
0.40242862701416016	nan	1.2
0.4152226448059082	nan	1.2
0.4286787509918213	nan	1.2
0.4422647953033447	nan	1.2
0.45694637298583984	nan	1.2
0.4682199954986572	nan	1.2
0.47840142250061035	nan	1.2
0.4905064105987549	nan	1.2
0.5040674209594727	nan	1.2
0.5167949199676514	nan	1.2
0.5286641120910645	nan	1.2
0.5437853336334229	nan	1.2
0.5593788623809814	nan	1.2
0.5729553699493408	nan	1.2
0.588653564453125	nan	1.2
0.6003692150115967	nan	1.2
0.6114227771759033	nan	1.2
0.6260802745819092	nan	1.2
0.6387910842895508	nan	1.2
0.6523711681365967	nan	1.2
0.667722225189209	nan	1.2
0.6827800273895264	nan	1.2
0.6940240859985352	nan	1.2
0.7121603488922119	nan	1.2
0.7268741130828857	nan	1.2
0.7389078140258789	nan	1.2
0.7505085468292236	nan	1.2
0.7665209770202637	nan	1.2
0.7801506519317627	nan	1.2
0.7920215129852295	nan	1.2
0.8095967769622803	nan	1.2
0.8225572109222412	nan	1.2
0.8344931602478027	nan	1.2
0.8467583656311035	nan	1.2
0.8648922443389893	nan	1.2
0.8802237510681152	nan	1.2
0.8953702449798584	nan	1.2
0.9113624095916748	nan	1.2
0.9249908924102783	nan	1.2
0.9383959770202637	nan	1.2
0.9525923728942871	nan	1.2
0.9657771587371826	nan	1.2
0.9768905639648438	nan	1.2
0.9901201725006104	nan	1.2
1.002563238143921	nan	1.2
1.0133137702941895	nan	1.2
1.023956537246704	nan	1.2
1.036177635192871	nan	1.2
1.0470528602600098	nan	1.2
1.057812213897705	nan	1.2
1.070702314376831	nan	1.2
1.0840253829956055	nan	1.2
1.0944650173187256	nan	1.2
1.1045866012573242	nan	1.2
1.118060827255249	nan	1.2
1.1303191184997559	nan	1.2
1.1411972045898438	nan	1.2
1.1546897888183594	nan	1.2
1.1686809062957764	nan	1.2
1.1800501346588135	nan	1.2
1.1915562152862549	nan	1.2
1.2048301696777344	nan	1.2
1.2172737121582031	nan	1.2
1.2279856204986572	nan	1.2
1.2417616844177246	nan	1.2
1.2549233436584473	nan	1.2
1.2662127017974854	nan	1.2
1.27695631980896	nan	1.2
1.2954552173614502	nan	1.2
1.3087663650512695	nan	1.2
1.3199002742767334	nan	1.2
1.3311622142791748	nan	1.2
1.343050241470337	nan	1.2
1.3538002967834473	nan	1.2
1.3646578788757324	nan	1.2
1.3785088062286377	nan	1.2
1.3918416500091553	nan	1.2
1.4036524295806885	nan	1.2
1.4175944328308105	nan	1.2
1.4301083087921143	nan	1.2
1.442345380783081	nan	1.2
1.4548578262329102	nan	1.2
1.4677815437316895	nan	1.2
1.480114221572876	nan	1.2
1.4920573234558105	nan	1.2
1.5070710182189941	nan	1.2
1.5194954872131348	nan	1.2
1.5314905643463135	nan	1.2
1.543640375137329	nan	1.2
1.5582654476165771	nan	1.2
1.5708868503570557	nan	1.2
1.582716464996338	nan	1.2
1.5948238372802734	nan	1.2
1.6067376136779785	nan	1.2
1.6205360889434814	nan	1.2
1.6378326416015625	nan	1.2
1.6519787311553955	nan	1.2
1.6631858348846436	nan	1.2
1.675628900527954	nan	1.2
1.6906840801239014	nan	1.2
1.7025113105773926	nan	1.2
1.7173700332641602	nan	1.2
1.7324738502502441	nan	1.2
1.7434003353118896	nan	1.2
1.7562336921691895	nan	1.2
1.7706212997436523	nan	1.2
1.7846369743347168	nan	1.2
1.7966783046722412	nan	1.2
1.809807538986206	nan	1.2
1.824976921081543	nan	1.2
1.8376469612121582	nan	1.2
1.8488729000091553	nan	1.2
1.8626205921173096	nan	1.2
1.8742284774780273	nan	1.2
1.885453224182129	nan	1.2
1.8980398178100586	nan	1.2
1.9120233058929443	nan	1.2
1.924379587173462	nan	1.2
1.9361984729766846	nan	1.2
1.947723388671875	nan	1.2
1.9586470127105713	nan	1.2
1.9697339534759521	nan	1.2
1.9836905002593994	nan	1.2
1.9982893466949463	nan	1.2
2.0108208656311035	nan	1.2
2.031421184539795	nan	1.2
2.046626329421997	nan	1.2
2.059091091156006	nan	1.2
2.0751609802246094	nan	1.2
2.095930814743042	nan	1.2
2.114572048187256	nan	1.2
2.1353585720062256	nan	1.2
2.153116464614868	nan	1.2
2.1702723503112793	nan	1.2
2.188648223876953	nan	1.2
2.205271005630493	nan	1.2
2.2211272716522217	nan	1.2
2.2350120544433594	nan	1.2
2.2532269954681396	nan	1.2
2.265066385269165	nan	1.2
2.275589942932129	nan	1.2
2.289295196533203	nan	1.2
2.3030219078063965	nan	1.2
2.3153815269470215	nan	1.2
2.3282904624938965	nan	1.2
2.3422834873199463	nan	1.2
2.35378360748291	nan	1.2
2.364316701889038	nan	1.2
2.377333402633667	nan	1.2
2.3941662311553955	nan	1.2
2.418363332748413	nan	1.2
2.4332263469696045	nan	1.2
2.448298454284668	nan	1.2
2.467217445373535	nan	1.2
2.4835305213928223	nan	1.2
2.4987528324127197	nan	1.2
2.5128133296966553	nan	1.2
2.5265605449676514	nan	1.2
2.543185234069824	nan	1.2
2.5559194087982178	nan	1.2
2.5688588619232178	nan	1.2
2.583120822906494	nan	1.2
2.597698450088501	nan	1.2
2.623445510864258	nan	1.2
2.639258623123169	nan	1.2
2.6549878120422363	nan	1.2
2.668959856033325	nan	1.2
2.681274890899658	nan	1.2
2.694890022277832	nan	1.2
2.712739944458008	nan	1.2
2.7285242080688477	nan	1.2
2.745232582092285	nan	1.2
2.7625885009765625	nan	1.2
2.779632806777954	nan	1.2
2.798602342605591	nan	1.2
2.8185031414031982	nan	1.2
2.8367931842803955	nan	1.2
2.8528835773468018	nan	1.2
2.870905876159668	nan	1.2
2.8906681537628174	nan	1.2
2.911707639694214	nan	1.2
2.9351725578308105	nan	1.2
2.9550957679748535	nan	1.2
2.9704627990722656	nan	1.2
2.9969420433044434	nan	1.2
3.0192103385925293	nan	1.2
3.035281181335449	nan	1.2
3.0501701831817627	nan	1.2
3.068608283996582	nan	1.2
3.0840625762939453	nan	1.2
3.100292205810547	nan	1.2
3.1152191162109375	nan	1.2
3.1266777515411377	nan	1.2
3.1458663940429688	nan	1.2
3.1631429195404053	nan	1.2
3.176889419555664	nan	1.2
3.1900808811187744	nan	1.2
3.203845977783203	nan	1.2
3.2190628051757812	nan	1.2
3.2305538654327393	nan	1.2
3.244196653366089	nan	1.2
3.2664599418640137	nan	1.2
3.2771525382995605	nan	1.2
3.2883262634277344	nan	1.2
3.302790880203247	nan	1.2
3.3160619735717773	nan	1.2
3.327338457107544	nan	1.2
3.3387348651885986	nan	1.2
3.3521130084991455	nan	1.2
3.363981008529663	nan	1.2
3.374871253967285	nan	1.2
3.388401985168457	nan	1.2
3.400679349899292	nan	1.2
3.4113857746124268	nan	1.2
3.4219865798950195	nan	1.2
3.4355356693267822	nan	1.2
3.448648452758789	nan	1.2
3.4600415229797363	nan	1.2
3.4722912311553955	nan	1.2
3.4833765029907227	nan	1.2
3.495532274246216	nan	1.2
3.5071327686309814	nan	1.2
3.5198006629943848	nan	1.2
3.5314574241638184	nan	1.2
3.543562412261963	nan	1.2
3.5549139976501465	nan	1.2
3.567274808883667	nan	1.2
3.5796115398406982	nan	1.2
3.5912771224975586	nan	1.2
3.6029207706451416	nan	1.2
3.6165645122528076	nan	1.2
3.6304914951324463	nan	1.2
3.6428472995758057	nan	1.2
3.6695563793182373	nan	1.2
3.686750650405884	nan	1.2
3.7019996643066406	nan	1.2
3.7150425910949707	nan	1.2
3.727952480316162	nan	1.2
3.747568368911743	nan	1.2
3.771188259124756	nan	1.2
3.7872042655944824	nan	1.2
3.8190486431121826	nan	1.2
3.8308393955230713	nan	1.2
3.845764398574829	nan	1.2
3.8602755069732666	nan	1.2
3.872832775115967	nan	1.2
3.8847804069519043	nan	1.2
3.8962690830230713	nan	1.2
3.9107415676116943	nan	1.2
3.9225070476531982	nan	1.2
3.9378843307495117	nan	1.2
3.952638864517212	nan	1.2
4.068871974945068	nan	1.2
4.08849310874939	nan	1.2
4.100605249404907	nan	1.2
4.116918325424194	nan	1.2
4.131256341934204	nan	1.2
4.144567966461182	nan	1.2
4.156456470489502	nan	1.2
4.1690144538879395	nan	1.2
4.1842169761657715	nan	1.2
4.197882175445557	nan	1.2
4.2149951457977295	nan	1.2
4.230058908462524	nan	1.2
4.242805480957031	nan	1.2
4.255294322967529	nan	1.2
4.270664930343628	nan	1.2
4.28827166557312	nan	1.2
4.300036668777466	nan	1.2
4.315306901931763	nan	1.2
4.329095840454102	nan	1.2
4.34160041809082	nan	1.2
4.357425689697266	nan	1.2
4.371219158172607	nan	1.2
4.383815765380859	nan	1.2
4.395186901092529	nan	1.2
4.408336400985718	nan	1.2
4.420199155807495	nan	1.2
4.43169093132019	nan	1.2
4.444813251495361	nan	1.2
4.459814548492432	nan	1.2
4.470961093902588	nan	1.2
4.482907056808472	nan	1.2
4.494185209274292	nan	1.2
4.507261753082275	nan	1.2
4.518352508544922	nan	1.2
4.529430389404297	nan	1.2
4.540132522583008	nan	1.2
4.55305027961731	nan	1.2
4.563603401184082	nan	1.2
4.573556423187256	nan	1.2
4.584502220153809	nan	1.2
4.596801280975342	nan	1.2
4.607607841491699	nan	1.2
4.617957353591919	nan	1.2
4.630751132965088	nan	1.2
4.643017530441284	nan	1.2
4.653841018676758	nan	1.2
4.6639368534088135	nan	1.2
4.675018548965454	nan	1.2
4.687330484390259	nan	1.2
4.697939157485962	nan	1.2
4.707991361618042	nan	1.2
4.720345497131348	nan	1.2
4.732084035873413	nan	1.2
4.743030309677124	nan	1.2
4.753573179244995	nan	1.2
4.766177177429199	nan	1.2
4.777773141860962	nan	1.2
4.788259983062744	nan	1.2
4.799351453781128	nan	1.2
4.812276601791382	nan	1.2
4.823707818984985	nan	1.2
4.835003137588501	nan	1.2
4.846150636672974	nan	1.2
4.857645034790039	nan	1.2
4.868501663208008	nan	1.2
4.8800952434539795	nan	1.2
4.89207124710083	nan	1.2
4.904536485671997	nan	1.2
4.916712999343872	nan	1.2
4.927540302276611	nan	1.2
4.9394659996032715	nan	1.2
4.9503278732299805	nan	1.2
4.96149754524231	nan	1.2
4.972039222717285	nan	1.2
4.982880353927612	nan	1.2
4.995574235916138	nan	1.2
5.010675668716431	nan	1.2
5.02085018157959	nan	1.2
5.0314781665802	nan	1.2
5.044245958328247	nan	1.2
5.055662631988525	nan	1.2
5.066409587860107	nan	1.2
5.077869653701782	nan	1.2
5.090731382369995	nan	1.2
5.1014416217803955	nan	1.2
5.111579418182373	nan	1.2
5.124793529510498	nan	1.2
5.137542963027954	nan	1.2
5.148640871047974	nan	1.2
5.158983469009399	nan	1.2
5.171586513519287	nan	1.2
5.182397365570068	nan	1.2
5.192490339279175	nan	1.2
5.20267653465271	nan	1.2
5.215904474258423	nan	1.2
5.227404356002808	nan	1.2
5.240141868591309	nan	1.2
5.2526185512542725	nan	1.2
5.264429330825806	nan	1.2
5.275097846984863	nan	1.2
5.285682439804077	nan	1.2
5.296595811843872	nan	1.2
5.307701826095581	nan	1.2
5.319599151611328	nan	1.2
5.330425977706909	nan	1.2
5.342643737792969	nan	1.2
5.353191137313843	nan	1.2
5.365230083465576	nan	1.2
5.376505136489868	nan	1.2
5.388705730438232	nan	1.2
5.402010440826416	nan	1.2
5.413427829742432	nan	1.2
5.423997163772583	nan	1.2
5.434842824935913	nan	1.2
5.448529958724976	nan	1.2
5.460943937301636	nan	1.2
5.471349716186523	nan	1.2
5.484781265258789	nan	1.2
5.496572971343994	nan	1.2
5.5069420337677	nan	1.2
5.517853260040283	nan	1.2
5.531867027282715	nan	1.2
5.544183015823364	nan	1.2
5.554831266403198	nan	1.2
5.564971446990967	nan	1.2
5.5774688720703125	nan	1.2
5.5908026695251465	nan	1.2
5.6013829708099365	nan	1.2
5.612789154052734	nan	1.2
5.625696420669556	nan	1.2
5.636144399642944	nan	1.2
5.647283315658569	nan	1.2
5.657730340957642	nan	1.2
5.67002272605896	nan	1.2
5.682530641555786	nan	1.2
5.692857265472412	nan	1.2
5.704565763473511	nan	1.2
5.71526312828064	nan	1.2
5.727308988571167	nan	1.2
5.738661050796509	nan	1.2
5.749679803848267	nan	1.2
5.762888669967651	nan	1.2
5.776138067245483	nan	1.2
5.787075757980347	nan	1.2
5.797415256500244	nan	1.2
5.8096091747283936	nan	1.2
5.8233489990234375	nan	1.2
5.834696531295776	nan	1.2
5.847074508666992	nan	1.2
5.86057710647583	nan	1.2
5.870631456375122	nan	1.2
5.880707025527954	nan	1.2
5.891948699951172	nan	1.2
5.905499458312988	nan	1.2
5.918204069137573	nan	1.2
5.929051637649536	nan	1.2
5.940464973449707	nan	1.2
5.951980113983154	nan	1.2
5.961915493011475	nan	1.2
5.972327470779419	nan	1.2
5.985750198364258	nan	1.2
5.99718713760376	nan	1.2
6.008030414581299	nan	1.2
6.018657684326172	nan	1.2
6.032793998718262	nan	1.2
6.044285535812378	nan	1.2
6.0556323528289795	nan	1.2
6.06790018081665	nan	1.2
6.082007884979248	nan	1.2
6.093878746032715	nan	1.2
6.104845285415649	nan	1.2
6.1149797439575195	nan	1.2
6.126384496688843	nan	1.2
6.140316009521484	nan	1.2
6.1514716148376465	nan	1.2
6.163561582565308	nan	1.2
6.177526235580444	nan	1.2
6.189159870147705	nan	1.2
6.199661493301392	nan	1.2
6.211113691329956	nan	1.2
6.224921941757202	nan	1.2
6.236268758773804	nan	1.2
6.2474706172943115	nan	1.2
6.259329795837402	nan	1.2
6.271031618118286	nan	1.2
6.281757593154907	nan	1.2
6.292052507400513	nan	1.2
6.305418968200684	nan	1.2
6.317138910293579	nan	1.2
6.32748007774353	nan	1.2
6.338101148605347	nan	1.2
6.352547645568848	nan	1.2
6.364231109619141	nan	1.2
6.3756513595581055	nan	1.2
6.387479782104492	nan	1.2
6.399111270904541	nan	1.2
6.4101481437683105	nan	1.2
6.4212806224823	nan	1.2
6.43280291557312	nan	1.2
6.444811820983887	nan	1.2
6.456451654434204	nan	1.2
6.467294216156006	nan	1.2
6.477920293807983	nan	1.2
6.488102674484253	nan	1.2
6.499899864196777	nan	1.2
6.51071310043335	nan	1.2
6.521158218383789	nan	1.2
6.5351057052612305	nan	1.2
6.547281742095947	nan	1.2
6.557830333709717	nan	1.2
6.56816554069519	nan	1.2
6.581570863723755	nan	1.2
6.593853950500488	nan	1.2
6.605945587158203	nan	1.2
6.6190268993377686	nan	1.2
6.632080316543579	nan	1.2
6.6429502964019775	nan	1.2
6.653444290161133	nan	1.2
6.66646146774292	nan	1.2
6.679391384124756	nan	1.2
6.689866542816162	nan	1.2
6.7002112865448	nan	1.2
6.7118048667907715	nan	1.2
6.723145246505737	nan	1.2
6.7336745262146	nan	1.2
6.745124340057373	nan	1.2
6.759061098098755	nan	1.2
6.773724794387817	nan	1.2
6.784594535827637	nan	1.2
6.795231342315674	nan	1.2
6.8084635734558105	nan	1.2
6.8199522495269775	nan	1.2
6.832247018814087	nan	1.2
6.843867540359497	nan	1.2
6.858480453491211	nan	1.2
6.87006402015686	nan	1.2
6.880322456359863	nan	1.2
6.895033359527588	nan	1.2
6.9080846309661865	nan	1.2
6.919031381607056	nan	1.2
6.931121110916138	nan	1.2
6.945562362670898	nan	1.2
6.958056688308716	nan	1.2
6.969042778015137	nan	1.2
6.982676982879639	nan	1.2
6.996674537658691	nan	1.2
7.007801055908203	nan	1.2
7.018451690673828	nan	1.2
7.030817747116089	nan	1.2
7.042373895645142	nan	1.2
7.053421974182129	nan	1.2
7.064512491226196	nan	1.2
7.0779876708984375	nan	1.2
7.08952260017395	nan	1.2
7.100358963012695	nan	1.2
7.11401629447937	nan	1.2
7.1278321743011475	nan	1.2
7.139096975326538	nan	1.2
7.150578737258911	nan	1.2
7.162384986877441	nan	1.2
7.174012184143066	nan	1.2
7.185110807418823	nan	1.2
7.196260452270508	nan	1.2
7.208405494689941	nan	1.2
7.220945119857788	nan	1.2
7.23190450668335	nan	1.2
7.242691278457642	nan	1.2
7.25365138053894	nan	1.2
7.266636371612549	nan	1.2
7.277529001235962	nan	1.2
7.2897117137908936	nan	1.2
7.305125951766968	nan	1.2
7.31666898727417	nan	1.2
7.327493667602539	nan	1.2
7.339540958404541	nan	1.2
7.352865219116211	nan	1.2
7.364520788192749	nan	1.2
7.375909805297852	nan	1.2
7.390007495880127	nan	1.2
7.401873588562012	nan	1.2
7.411816596984863	nan	1.2
7.422126531600952	nan	1.2
7.435762166976929	nan	1.2
7.448501348495483	nan	1.2
7.460099935531616	nan	1.2
7.471102476119995	nan	1.2
7.4827446937561035	nan	1.2
7.49404501914978	nan	1.2
7.505120754241943	nan	1.2
7.517457008361816	nan	1.2
7.529208421707153	nan	1.2
7.540919780731201	nan	1.2
7.552555561065674	nan	1.2
7.56315541267395	nan	1.2
7.57341194152832	nan	1.2
7.586364269256592	nan	1.2
7.597874402999878	nan	1.2
7.609432697296143	nan	1.2
7.623702526092529	nan	1.2
7.635371685028076	nan	1.2
7.645946025848389	nan	1.2
7.657660007476807	nan	1.2
7.670471668243408	nan	1.2
7.681692838668823	nan	1.2
7.692396879196167	nan	1.2
7.706664562225342	nan	1.2
7.719152450561523	nan	1.2
7.729608535766602	nan	1.2
7.740421533584595	nan	1.2
7.754185914993286	nan	1.2
7.767423152923584	nan	1.2
7.77819299697876	nan	1.2
7.790795087814331	nan	1.2
7.803713321685791	nan	1.2
7.814997673034668	nan	1.2
7.827411890029907	nan	1.2
7.8403050899505615	nan	1.2
7.853655099868774	nan	1.2
7.864032506942749	nan	1.2
7.875861883163452	nan	1.2
7.88996958732605	nan	1.2
7.902009963989258	nan	1.2
7.9129931926727295	nan	1.2
7.924816131591797	nan	1.2
7.935941457748413	nan	1.2
7.9467291831970215	nan	1.2
7.9584128856658936	nan	1.2
7.970909595489502	nan	1.2
7.986295223236084	nan	1.2
7.997056245803833	nan	1.2
8.007580518722534	nan	1.2
8.018689393997192	nan	1.2
8.031744241714478	nan	1.2
8.043702602386475	nan	1.2
8.055033683776855	nan	1.2
8.06872296333313	nan	1.2
8.082123041152954	nan	1.2
8.09292197227478	nan	1.2
8.10407829284668	nan	1.2
8.118619918823242	nan	1.2
8.130980730056763	nan	1.2
8.142602443695068	nan	1.2
8.157235145568848	nan	1.2
8.17197847366333	nan	1.2
8.182712078094482	nan	1.2
8.195244073867798	nan	1.2
8.211258172988892	nan	1.2
8.222937822341919	nan	1.2
8.234673500061035	nan	1.2
8.248050928115845	nan	1.2
8.259502172470093	nan	1.2
8.27042818069458	nan	1.2
8.283551692962646	nan	1.2
8.296545267105103	nan	1.2
8.307539463043213	nan	1.2
8.319895267486572	nan	1.2
8.332034349441528	nan	1.2
8.343641757965088	nan	1.2
8.355674266815186	nan	1.2
8.367822885513306	nan	1.2
8.382105827331543	nan	1.2
8.39594554901123	nan	1.2
8.407787084579468	nan	1.2
8.420715570449829	nan	1.2
8.437924861907959	nan	1.2
8.454306602478027	nan	1.2
8.469139099121094	nan	1.2
8.483962297439575	nan	1.2
8.496527910232544	nan	1.2
8.508698463439941	nan	1.2
8.523422002792358	nan	1.2
8.535955905914307	nan	1.2
8.546991348266602	nan	1.2
8.560790538787842	nan	1.2
8.575217008590698	nan	1.2
8.586693286895752	nan	1.2
8.5975341796875	nan	1.2
8.610614538192749	nan	1.2
8.622630834579468	nan	1.2
8.633498191833496	nan	1.2
8.645199298858643	nan	1.2
8.659500360488892	nan	1.2
8.672337532043457	nan	1.2
8.68327808380127	nan	1.2
8.69469141960144	nan	1.2
8.706713676452637	nan	1.2
8.718722343444824	nan	1.2
8.73328709602356	nan	1.2
8.748967409133911	nan	1.2
8.76769471168518	nan	1.2
8.780900716781616	nan	1.2
8.797447443008423	nan	1.2
8.81417727470398	nan	1.2
8.830358505249023	nan	1.2
8.848335981369019	nan	1.2
8.86030387878418	nan	1.2
8.875364542007446	nan	1.2
8.893358707427979	nan	1.2
8.908899545669556	nan	1.2
8.925568342208862	nan	1.2
8.939635753631592	nan	1.2
8.951263427734375	nan	1.2
8.96241545677185	nan	1.2
8.977160692214966	nan	1.2
8.991094827651978	nan	1.2
9.007030963897705	nan	1.2
9.018049955368042	nan	1.2
9.029134750366211	nan	1.2
9.040934324264526	nan	1.2
9.05151081085205	nan	1.2
9.06242322921753	nan	1.2
9.07405400276184	nan	1.2
9.086054563522339	nan	1.2
9.097142696380615	nan	1.2
9.107210397720337	nan	1.2
9.119292259216309	nan	1.2
9.131036281585693	nan	1.2
9.141615629196167	nan	1.2
9.152408123016357	nan	1.2
9.165488958358765	nan	1.2
9.177559614181519	nan	1.2
9.187946557998657	nan	1.2
9.200413227081299	nan	1.2
9.214150428771973	nan	1.2
9.228617668151855	nan	1.2
9.23979377746582	nan	1.2
9.25261902809143	nan	1.2
9.265706539154053	nan	1.2
9.27718734741211	nan	1.2
9.288067817687988	nan	1.2
9.303555488586426	nan	1.2
9.316706418991089	nan	1.2
9.328060150146484	nan	1.2
9.3394775390625	nan	1.2
9.352651357650757	nan	1.2
9.365769386291504	nan	1.2
9.379052877426147	nan	1.2
9.394175052642822	nan	1.2
9.408052206039429	nan	1.2
9.421063899993896	nan	1.2
9.434672594070435	nan	1.2
9.447235107421875	nan	1.2
9.458173751831055	nan	1.2
9.471213817596436	nan	1.2
9.483100652694702	nan	1.2
9.494415044784546	nan	1.2
9.506593227386475	nan	1.2
9.521183490753174	nan	1.2
9.534757852554321	nan	1.2
9.546278953552246	nan	1.2
9.55683970451355	nan	1.2
9.569958925247192	nan	1.2
9.582784414291382	nan	1.2
9.5942862033844	nan	1.2
9.605534315109253	nan	1.2
9.618358850479126	nan	1.2
9.63383674621582	nan	1.2
9.644158840179443	nan	1.2
9.655591011047363	nan	1.2
9.668909549713135	nan	1.2
9.682046175003052	nan	1.2
9.693628787994385	nan	1.2
9.704813241958618	nan	1.2
9.717815399169922	nan	1.2
9.72913408279419	nan	1.2
9.740235328674316	nan	1.2
9.753435850143433	nan	1.2
9.766684532165527	nan	1.2
9.779635429382324	nan	1.2
9.793436765670776	nan	1.2
9.807322263717651	nan	1.2
9.820615291595459	nan	1.2
9.834836721420288	nan	1.2
9.84778642654419	nan	1.2
9.861372470855713	nan	1.2
9.874269962310791	nan	1.2
9.886073112487793	nan	1.2
9.89729118347168	nan	1.2
9.910005807876587	nan	1.2
9.923685550689697	nan	1.2
9.934688091278076	nan	1.2
9.94532585144043	nan	1.2
9.957717657089233	nan	1.2
9.970211505889893	nan	1.2
9.980806589126587	nan	1.2
9.99210238456726	nan	1.2
10.006425142288208	nan	1.2
10.020346403121948	nan	1.2
10.03143858909607	nan	1.2
10.04159688949585	nan	1.2
10.055060386657715	nan	1.2
10.068767786026001	nan	1.2
10.080114126205444	nan	1.2
10.09077262878418	nan	1.2
10.103125095367432	nan	1.2
10.116966247558594	nan	1.68
10.129588603973389	nan	1.68
10.141316890716553	nan	1.68
10.15313172340393	nan	1.68
10.166247844696045	nan	1.68
10.177506446838379	nan	1.68
10.188740015029907	nan	1.68
10.201905488967896	nan	1.68
10.216243743896484	nan	1.68
10.229363203048706	nan	1.68
10.239904403686523	nan	1.68
10.251654624938965	nan	1.68
10.266454935073853	nan	1.68
10.27885890007019	nan	1.68
10.29090142250061	nan	1.68
10.303083181381226	nan	1.68
10.316856861114502	nan	1.68
10.328179121017456	nan	1.68
10.341280698776245	nan	1.68
10.355356693267822	nan	1.68
10.369165897369385	nan	1.68
10.379895210266113	nan	1.68
10.390575408935547	nan	1.68
10.40430736541748	nan	1.68
10.418108940124512	nan	1.68
10.430228471755981	nan	1.68
10.453299760818481	nan	1.68
10.46716833114624	nan	1.68
10.478266954421997	nan	1.68
10.488711833953857	nan	1.68
10.50230884552002	nan	1.68
10.516745567321777	nan	1.2
10.530362606048584	nan	1.2
10.543091058731079	nan	1.2
10.5564444065094	nan	1.2
10.567914485931396	nan	1.2
10.578835248947144	nan	1.2
10.591437339782715	nan	1.2
10.608090877532959	nan	1.2
10.621366739273071	nan	1.2
10.632243871688843	nan	1.2
10.64357042312622	nan	1.2
10.657801628112793	nan	1.2
10.671895027160645	nan	1.2
10.683964729309082	nan	1.2
10.69584035873413	nan	1.2
10.709214925765991	nan	1.2
10.721971035003662	nan	1.2
10.732727527618408	nan	1.2
10.74595332145691	nan	1.2
10.759828090667725	nan	1.2
10.77422285079956	nan	1.2
10.787505388259888	nan	1.2
10.80126667022705	nan	1.2
10.815894365310669	nan	1.2
10.831910610198975	nan	1.2
10.845991373062134	nan	1.2
10.859728813171387	nan	1.2
10.875834465026855	nan	1.2
10.889732837677002	nan	1.2
10.904016017913818	nan	1.2
10.917536497116089	nan	1.2
10.928654193878174	nan	1.2
10.943258047103882	nan	1.2
10.957490682601929	nan	1.2
10.971900939941406	nan	1.2
10.98369836807251	nan	1.2
10.995651006698608	nan	1.2
11.008589267730713	nan	1.2
11.020909070968628	nan	1.2
11.03272533416748	nan	1.2
11.046257734298706	nan	1.2
11.059741973876953	nan	1.2
11.070369243621826	nan	1.2
11.081422090530396	nan	1.2
11.094060182571411	nan	1.2
11.106196403503418	nan	1.2
11.11778712272644	nan	1.2
11.128958463668823	nan	1.2
11.14279580116272	nan	1.2
11.156657457351685	nan	1.2
11.167142152786255	nan	1.2
11.178906440734863	nan	1.2
11.192656755447388	nan	1.2
11.205592393875122	nan	1.2
11.216493129730225	nan	1.2
11.230097770690918	nan	1.2
11.243695259094238	nan	1.2
11.255047082901001	nan	1.2
11.267139196395874	nan	1.2
11.280235767364502	nan	1.2
11.296960592269897	nan	1.2
11.308775663375854	nan	1.2
11.319687128067017	nan	1.2
11.332931995391846	nan	1.2
11.346569776535034	nan	1.2
11.357649326324463	nan	1.2
11.369054794311523	nan	1.2
11.382866144180298	nan	1.2
11.39871883392334	nan	1.2
11.409335136413574	nan	1.2
11.420644521713257	nan	1.2
11.434593200683594	nan	1.2
11.448374509811401	nan	1.2
11.459949731826782	nan	1.2
11.47193455696106	nan	1.2
11.484516382217407	nan	1.2
11.495695352554321	nan	1.2
11.5084969997406	nan	1.2
11.521036386489868	nan	1.2
11.5339937210083	nan	1.2
11.547738552093506	nan	1.2
11.558944940567017	nan	1.2
11.569894313812256	nan	1.2
11.584900140762329	nan	1.2
11.598546743392944	nan	1.2
11.609426975250244	nan	1.2
11.620107889175415	nan	1.2
11.633810758590698	nan	1.2
11.649156093597412	nan	1.2
11.660837411880493	nan	1.2
11.671709299087524	nan	1.2
11.685011386871338	nan	1.2
11.697733402252197	nan	1.2
11.709553241729736	nan	1.2
11.720314264297485	nan	1.2
11.733806371688843	nan	1.2
11.747281312942505	nan	1.2
11.758723497390747	nan	1.2
11.774764060974121	nan	1.2
11.789442539215088	nan	1.2
11.802050352096558	nan	1.2
11.813927412033081	nan	1.2
11.827791690826416	nan	1.2
11.843276977539062	nan	1.2
11.853981494903564	nan	1.2
11.864746332168579	nan	1.2
11.878981828689575	nan	1.2
11.893453598022461	nan	1.2
11.905513286590576	nan	1.2
11.918047904968262	nan	1.2
11.930977821350098	nan	1.2
11.94316554069519	nan	1.2
11.955698013305664	nan	1.2
11.967739343643188	nan	1.2
11.981324911117554	nan	1.2
11.993704795837402	nan	1.2
12.005923748016357	nan	1.2
12.019121885299683	nan	1.2
12.034626245498657	nan	1.2
12.04522705078125	nan	1.2
12.057677268981934	nan	1.2
12.072013854980469	nan	1.2
12.085354328155518	nan	1.2
12.095611095428467	nan	1.2
12.106986045837402	nan	1.2
12.120981693267822	nan	1.2
12.13522720336914	nan	1.2
12.148025035858154	nan	1.2
12.159326553344727	nan	1.2
12.172903776168823	nan	1.2
12.18622875213623	nan	1.2
12.199011087417603	nan	1.2
12.213302373886108	nan	1.2
12.227230310440063	nan	1.2
12.2406747341156	nan	1.2
12.251646518707275	nan	1.2
12.265374422073364	nan	1.2
12.278953552246094	nan	1.2
12.29228663444519	nan	1.2
12.303151845932007	nan	1.2
12.314436912536621	nan	1.2
12.328917264938354	nan	1.2
12.341129302978516	nan	1.2
12.353926420211792	nan	1.2
12.366265058517456	nan	1.2
12.379812717437744	nan	1.2
12.390966892242432	nan	1.2
12.404420137405396	nan	1.2
12.418377876281738	nan	1.2
12.431935787200928	nan	1.2
12.445569276809692	nan	1.2
12.457538366317749	nan	1.2
12.471827507019043	nan	1.2
12.484706401824951	nan	1.2
12.495704174041748	nan	1.2
12.50992226600647	nan	1.2
12.525104284286499	nan	1.2
12.536975860595703	nan	1.2
12.547642469406128	nan	1.2
12.559775829315186	nan	1.2
12.574688196182251	nan	1.2
12.589532613754272	nan	1.2
12.601094245910645	nan	1.2
12.615890264511108	nan	1.2
12.628678321838379	nan	1.2
12.640706777572632	nan	1.2
12.654948711395264	nan	1.2
12.670387029647827	nan	1.2
12.683459281921387	nan	1.2
12.695818662643433	nan	1.2
12.710363149642944	nan	1.2
12.723735570907593	nan	1.2
12.735272884368896	nan	1.2
12.747005939483643	nan	1.2
12.761324882507324	nan	1.2
12.776143789291382	nan	1.2
12.789262056350708	nan	1.2
12.804861783981323	nan	1.2
12.821887254714966	nan	1.2
12.835456848144531	nan	1.2
12.847232818603516	nan	1.2
12.861754655838013	nan	1.2
12.874762058258057	nan	1.2
12.887968063354492	nan	1.2
12.901880741119385	nan	1.2
12.91724419593811	nan	1.2
12.931474685668945	nan	1.2
12.945584297180176	nan	1.2
12.960934400558472	nan	1.2
12.975852727890015	nan	1.2
12.989931583404541	nan	1.2
13.003592252731323	nan	1.2
13.016712188720703	nan	1.2
13.028657674789429	nan	1.2
13.041017770767212	nan	1.2
13.053215980529785	nan	1.2
13.066300868988037	nan	1.2
13.077168226242065	nan	1.2
13.089434385299683	nan	1.2
13.10380482673645	nan	1.2
13.117936611175537	nan	1.2
13.130585670471191	nan	1.2
13.142919063568115	nan	1.2
13.156306743621826	nan	1.2
13.169776916503906	nan	1.2
13.1817786693573	nan	1.2
13.195355653762817	nan	1.2
13.209686279296875	nan	1.2
13.222152471542358	nan	1.2
13.233257532119751	nan	1.2
13.2446608543396	nan	1.2
13.259138107299805	nan	1.2
13.274138450622559	nan	1.2
13.28636884689331	nan	1.2
13.297576665878296	nan	1.2
13.311048984527588	nan	1.2
13.323289632797241	nan	1.2
13.336539506912231	nan	1.2
13.349834442138672	nan	1.2
13.36751675605774	nan	1.2
13.379770278930664	nan	1.2
13.390125036239624	nan	1.2
13.40508246421814	nan	1.2
13.419480085372925	nan	1.2
13.432345628738403	nan	1.2
13.445608139038086	nan	1.2
13.45895528793335	nan	1.2
13.472878694534302	nan	1.2
13.484097957611084	nan	1.2
13.495056390762329	nan	1.2
13.508769273757935	nan	1.2
13.521539688110352	nan	1.2
13.533236265182495	nan	1.2
13.54457426071167	nan	1.2
13.558051109313965	nan	1.2
13.57249927520752	nan	1.2
13.583988189697266	nan	1.2
13.597652196884155	nan	1.2
13.612433671951294	nan	1.2
13.624179363250732	nan	1.2
13.635268688201904	nan	1.2
13.64844536781311	nan	1.2
13.664048433303833	nan	1.2
13.679998874664307	nan	1.2
13.693480491638184	nan	1.2
13.707078218460083	nan	1.2
13.720280647277832	nan	1.2
13.731751680374146	nan	1.2
13.743510007858276	nan	1.2
13.758753776550293	nan	1.2
13.773159742355347	nan	1.2
13.7883141040802	nan	1.2
13.801775932312012	nan	1.2
13.820708513259888	nan	1.2
13.835163593292236	nan	1.2
13.847035646438599	nan	1.2
13.861004829406738	nan	1.2
13.876095294952393	nan	1.2
13.889611721038818	nan	1.2
13.90091586112976	nan	1.2
13.914139986038208	nan	1.2
13.927024126052856	nan	1.2
13.940332889556885	nan	1.2
13.953949213027954	nan	1.2
13.968939542770386	nan	1.2
13.985421419143677	nan	1.2
13.99727177619934	nan	1.2
14.038394451141357	nan	1.2
14.070192098617554	nan	1.2
14.085679054260254	nan	1.2
14.111579895019531	nan	1.2
14.144744157791138	nan	1.2
14.161092042922974	nan	1.2
14.191337585449219	nan	1.2
14.21568775177002	nan	1.2
14.233120203018188	nan	1.2
14.247193336486816	nan	1.2
14.30016827583313	nan	1.2
14.31572437286377	nan	1.2
14.329862117767334	nan	1.2
14.361144065856934	nan	1.2
14.376025915145874	nan	1.2
14.391496896743774	nan	1.2
14.404934167861938	nan	1.2
14.418612241744995	nan	1.2
14.435102462768555	nan	1.2
14.451575756072998	nan	1.2
14.46571660041809	nan	1.2
14.478948831558228	nan	1.2
14.49388599395752	nan	1.2
14.509836196899414	nan	1.2
14.523680448532104	nan	1.2
14.544049978256226	nan	1.2
14.555699825286865	nan	1.2
14.56629228591919	nan	1.2
14.582656621932983	nan	1.2
14.597622871398926	nan	1.2
14.609360218048096	nan	1.2
14.62173342704773	nan	1.2
14.638089418411255	nan	1.2
14.652968168258667	nan	1.2
14.664631843566895	nan	1.2
14.67772650718689	nan	1.2
14.693924188613892	nan	1.2
14.708152294158936	nan	1.2
14.720771551132202	nan	1.2
14.736772298812866	nan	1.2
14.754152774810791	nan	1.2
14.765814304351807	nan	1.2
14.782071352005005	nan	1.2
14.800594091415405	nan	1.2
14.816929817199707	nan	1.2
14.83450198173523	nan	1.2
14.849328994750977	nan	1.2
14.865978956222534	nan	1.2
14.881393909454346	nan	1.2
14.901524066925049	nan	1.2
14.91777777671814	nan	1.2
14.933308124542236	nan	1.2
14.952160835266113	nan	1.2
14.96983528137207	nan	1.2
14.98645544052124	nan	1.2
15.002805471420288	nan	1.2
15.016228437423706	nan	1.2
15.030181646347046	nan	1.2
15.046910524368286	nan	1.2
15.063528537750244	nan	1.2
15.075301885604858	nan	1.2
15.087952852249146	nan	1.2
15.10727596282959	nan	1.2
15.119643211364746	nan	1.2
15.131392240524292	nan	1.2
15.15538740158081	nan	1.2
15.167790412902832	nan	1.2
15.180213451385498	nan	1.2
15.194707870483398	nan	1.2
15.210283041000366	nan	1.2
15.223700284957886	nan	1.2
15.235127210617065	nan	1.2
15.249824047088623	nan	1.2
15.264079332351685	nan	1.2
15.276093482971191	nan	1.2
15.288872957229614	nan	1.2
15.304524660110474	nan	1.2
15.318902254104614	nan	1.2
15.330209732055664	nan	1.2
15.342334032058716	nan	1.2
15.356816530227661	nan	1.2
15.370695352554321	nan	1.2
15.381663084030151	nan	1.2
15.394843816757202	nan	1.2
15.410088777542114	nan	1.2
15.424131155014038	nan	1.2
15.435802936553955	nan	1.2
15.448524713516235	nan	1.2
15.462483882904053	nan	1.2
15.476397514343262	nan	1.2
15.48844027519226	nan	1.2
15.502765417098999	nan	1.2
15.517781972885132	nan	1.2
15.528795957565308	nan	1.2
15.545576572418213	nan	1.2
15.560006141662598	nan	1.2
15.58323621749878	nan	1.2
15.595999002456665	nan	1.2
15.611090183258057	nan	1.2
15.6228928565979	nan	1.2
15.635544776916504	nan	1.2
15.6494779586792	nan	1.2
15.663789987564087	nan	1.2
15.677043914794922	nan	1.2
15.688464403152466	nan	1.2
15.702531814575195	nan	1.2
15.716669797897339	nan	1.2
15.728640794754028	nan	1.2
15.741491317749023	nan	1.2
15.756519079208374	nan	1.2
15.769979000091553	nan	1.2
15.78497052192688	nan	1.2
15.801018953323364	nan	1.2
15.820057392120361	nan	1.2
15.842071294784546	nan	1.2
15.857106447219849	nan	1.2
15.870996475219727	nan	1.2
15.884165525436401	nan	1.2
15.899231195449829	nan	1.2
15.924593210220337	nan	1.2
15.936014890670776	nan	1.2
15.950414419174194	nan	1.2
15.968047857284546	nan	1.2
15.98044228553772	nan	1.2
15.991934537887573	nan	1.2
16.007572412490845	nan	1.2
16.021351099014282	nan	1.2
16.034790515899658	nan	1.2
16.048584699630737	nan	1.2
16.066219329833984	nan	1.2
16.078136920928955	nan	1.2
16.090129852294922	nan	1.2
16.104785919189453	nan	1.2
16.11843490600586	nan	1.2
16.130321979522705	nan	1.2
16.145108461380005	nan	1.2
16.158910274505615	nan	1.2
16.172466278076172	nan	1.2
16.187610864639282	nan	1.2
16.20762324333191	nan	1.2
16.21926999092102	nan	1.2
16.230128526687622	nan	1.2
16.25570583343506	nan	1.2
16.270657539367676	nan	1.2
16.283401250839233	nan	1.2
16.297804355621338	nan	1.2
16.31136417388916	nan	1.2
16.322837352752686	nan	1.2
16.33576464653015	nan	1.2
16.353670597076416	nan	1.2
16.367225885391235	nan	1.2
16.37857484817505	nan	1.2
16.3931245803833	nan	1.2
16.408985376358032	nan	1.2
16.42286705970764	nan	1.2
16.448447942733765	nan	1.2
16.461355447769165	nan	1.2
16.474124908447266	nan	1.2
16.492124319076538	nan	1.2
16.508070945739746	nan	1.2
16.51979923248291	nan	1.2
16.533515453338623	nan	1.2
16.547969818115234	nan	1.2
16.56177043914795	nan	1.2
16.57596492767334	nan	1.2
16.59159517288208	nan	1.2
16.61000633239746	nan	1.2
16.621241807937622	nan	1.2
16.636638879776	nan	1.2
16.659525394439697	nan	1.2
16.672553539276123	nan	1.2
16.692015886306763	nan	1.2
16.704954147338867	nan	1.2
16.717487812042236	nan	1.2
16.734551668167114	nan	1.2
16.750829458236694	nan	1.2
16.76266884803772	nan	1.2
16.774574279785156	nan	1.2
16.789305686950684	nan	1.2
16.807425498962402	nan	1.2
16.823335647583008	nan	1.2
16.84252905845642	nan	1.2
16.85796880722046	nan	1.2
16.87082576751709	nan	1.2
16.887865781784058	nan	1.2
16.904635429382324	nan	1.2
16.91656184196472	nan	1.2
16.939698219299316	nan	1.2
16.956515073776245	nan	1.2
16.973159074783325	nan	1.2
16.98887300491333	nan	1.2
17.00525712966919	nan	1.2
17.01767063140869	nan	1.2
17.029743432998657	nan	1.2
17.047338724136353	nan	1.2
17.063217163085938	nan	1.2
17.075286388397217	nan	1.2
17.09090781211853	nan	1.2
17.107433080673218	nan	1.2
17.121979475021362	nan	1.2
17.133950233459473	nan	1.2
17.14898109436035	nan	1.2
17.16259765625	nan	1.2
17.175398349761963	nan	1.2
17.189966678619385	nan	1.2
17.2074716091156	nan	1.2
17.21993899345398	nan	1.2
17.23490023612976	nan	1.2
17.24914002418518	nan	1.2
17.261258363723755	nan	1.2
17.274601936340332	nan	1.2
17.295593738555908	nan	1.2
17.307950496673584	nan	1.2
17.31947660446167	nan	1.2
17.33858609199524	nan	1.2
17.35557198524475	nan	1.2
17.36916756629944	nan	1.2
17.382776260375977	nan	1.2
17.396589756011963	nan	1.2
17.41003656387329	nan	1.2
17.422990083694458	nan	1.2
17.439915418624878	nan	1.2
17.460729122161865	nan	1.2
17.471592903137207	nan	1.2
17.485984086990356	nan	1.2
17.50339126586914	nan	1.2
17.516865968704224	nan	1.2
17.52855086326599	nan	1.2
17.543845653533936	nan	1.2
17.55677318572998	nan	1.2
17.570045948028564	nan	1.2
17.587031364440918	nan	1.2
17.60063076019287	nan	1.2
17.61284327507019	nan	1.2
17.629268884658813	nan	1.2
17.644649267196655	nan	1.2
17.656881093978882	nan	1.2
17.66947054862976	nan	1.2
17.684134006500244	nan	1.2
17.698554277420044	nan	1.2
17.710346937179565	nan	1.2
17.72552514076233	nan	1.2
17.745977878570557	nan	1.2
17.758378744125366	nan	1.2
17.77045488357544	nan	1.2
17.787440299987793	nan	1.2
17.80449938774109	nan	1.2
17.8191237449646	nan	1.2
17.834704160690308	nan	1.2
17.84811282157898	nan	1.2
17.86135506629944	nan	1.2
17.8764488697052	nan	1.2
17.897127389907837	nan	1.2
17.909546613693237	nan	1.2
17.92316746711731	nan	1.2
17.940634965896606	nan	1.2
17.958099126815796	nan	1.2
17.97134566307068	nan	1.2
17.989494800567627	nan	1.2
18.002436876296997	nan	1.2
18.014432668685913	nan	1.2
18.03036093711853	nan	1.2
18.045522212982178	nan	1.2
18.05894374847412	nan	1.2
18.07258152961731	nan	1.2
18.087274074554443	nan	1.2
18.102651357650757	nan	1.2
18.11670708656311	nan	1.2
18.134079456329346	nan	1.2
18.150775909423828	nan	1.2
18.162261724472046	nan	1.2
18.177114725112915	nan	1.2
18.193071365356445	nan	1.2
18.208895921707153	nan	1.2
18.222047328948975	nan	1.2
18.23707604408264	nan	1.2
18.24965190887451	nan	1.2
18.26293706893921	nan	1.2
18.27768301963806	nan	1.2
18.292945861816406	nan	1.2
18.30528497695923	nan	1.2
18.319008350372314	nan	1.2
18.334405660629272	nan	1.2
18.346842050552368	nan	1.2
18.35854959487915	nan	1.2
18.374485731124878	nan	1.2
18.389458179473877	nan	1.2
18.40159583091736	nan	1.2
18.416240453720093	nan	1.2
18.43120050430298	nan	1.2
18.44358491897583	nan	1.2
18.454634428024292	nan	1.2
18.469343900680542	nan	1.2
18.484955072402954	nan	1.2
18.498552799224854	nan	1.2
18.511108875274658	nan	1.2
18.525461435317993	nan	1.2
18.53839635848999	nan	1.2
18.55337905883789	nan	1.2
18.56821370124817	nan	1.2
18.582528829574585	nan	1.2
18.59420680999756	nan	1.2
18.60738515853882	nan	1.2
18.621521949768066	nan	1.2
18.63342833518982	nan	1.2
18.645303964614868	nan	1.2
18.660619258880615	nan	1.2
18.67569923400879	nan	1.2
18.686912059783936	nan	1.2
18.69809103012085	nan	1.2
18.713469743728638	nan	1.2
18.728803157806396	nan	1.2
18.74222207069397	nan	1.2
18.75390911102295	nan	1.2
18.768550395965576	nan	1.2
18.78262734413147	nan	1.2
18.795249462127686	nan	1.2
18.81119966506958	nan	1.2
18.826490879058838	nan	1.2
18.84122085571289	nan	1.2
18.858384370803833	nan	1.2
18.879207849502563	nan	1.2
18.895015239715576	nan	1.2
18.91228723526001	nan	1.2
18.927506685256958	nan	1.2
18.94256854057312	nan	1.2
18.957820653915405	nan	1.2
18.976608276367188	nan	1.2
18.998868227005005	nan	1.2
19.010512113571167	nan	1.2
19.030940771102905	nan	1.2
19.046921491622925	nan	1.2
19.060848712921143	nan	1.2
19.075865268707275	nan	1.2
19.089659690856934	nan	1.2
19.102400064468384	nan	1.2
19.12044596672058	nan	1.2
19.134292602539062	nan	1.2
19.146174430847168	nan	1.2
19.161937475204468	nan	1.2
19.177835702896118	nan	1.2
19.1918842792511	nan	1.2
19.204030513763428	nan	1.2
19.219340801239014	nan	1.2
19.233259677886963	nan	1.2
19.248594522476196	nan	1.2
19.264496326446533	nan	1.2
19.280953645706177	nan	1.2
19.296003580093384	nan	1.2
19.31454610824585	nan	1.2
19.33103919029236	nan	1.2
19.344189405441284	nan	1.2
19.357033729553223	nan	1.2
19.371466875076294	nan	1.2
19.383885860443115	nan	1.2
19.395976781845093	nan	1.2
19.413323879241943	nan	1.2
19.42731285095215	nan	1.2
19.439632177352905	nan	1.2
19.453752994537354	nan	1.2
19.467437505722046	nan	1.2
19.48090124130249	nan	1.2
19.495845794677734	nan	1.2
19.517518520355225	nan	1.2
19.53029441833496	nan	1.2
19.54269242286682	nan	1.2
19.560373306274414	nan	1.2
19.57543134689331	nan	1.2
19.588918209075928	nan	1.2
19.60421395301819	nan	1.2
19.617799997329712	nan	1.2
19.629807710647583	nan	1.2
19.65339159965515	nan	1.2
19.6686372756958	nan	1.2
19.680704355239868	nan	1.2
19.696133613586426	nan	1.2
19.709214448928833	nan	1.2
19.720529317855835	nan	1.2
19.73574447631836	nan	1.2
19.760170459747314	nan	1.2
19.772125720977783	nan	1.2
19.786177396774292	nan	1.2
19.809612274169922	nan	1.2
19.826337099075317	nan	1.2
19.84356188774109	nan	1.2
19.858280420303345	nan	1.2
19.872191667556763	nan	1.2
19.884907722473145	nan	1.2
19.899362802505493	nan	1.2
19.910595655441284	nan	1.2
19.923299074172974	nan	1.2
19.9391610622406	nan	1.2
19.95358443260193	nan	1.2
19.9658260345459	nan	1.2
19.979469299316406	nan	1.2
19.994120121002197	nan	1.2
20.007864952087402	nan	1.2
20.02182912826538	nan	1.2
20.044365167617798	nan	1.2
20.058728456497192	nan	1.2
20.070032119750977	nan	1.2
20.087061882019043	nan	1.2
20.105019092559814	nan	1.2
20.11891460418701	nan	1.2
20.134610652923584	nan	1.2
20.150362491607666	nan	1.2
20.164458990097046	nan	1.2
20.179882287979126	nan	1.2
20.194783449172974	nan	1.2
20.20686626434326	nan	1.2
20.22109317779541	nan	1.2
20.235594749450684	nan	1.2
20.25006127357483	nan	1.2
20.266034364700317	nan	1.2
20.29050898551941	nan	1.2
20.302334785461426	nan	1.2
20.314617156982422	nan	1.2
20.340031385421753	nan	1.2
20.352905988693237	nan	1.2
20.36566972732544	nan	1.2
20.380939245224	nan	1.2
20.39446783065796	nan	1.2
20.407061338424683	nan	1.2
20.42370319366455	nan	1.2
20.439894676208496	nan	1.2
20.453421592712402	nan	1.2
20.46778130531311	nan	1.2
20.485515594482422	nan	1.2
20.497802734375	nan	1.2
20.514037609100342	nan	1.2
20.53450632095337	nan	1.2
20.54641056060791	nan	1.2
20.559770107269287	nan	1.2
20.57942247390747	nan	1.2
20.59400963783264	nan	1.2
20.606164932250977	nan	1.2
20.621244192123413	nan	1.2
20.635926485061646	nan	1.2
20.649015188217163	nan	1.2
20.664737462997437	nan	1.2
20.67872643470764	nan	1.2
20.690279722213745	nan	1.2
20.706515550613403	nan	1.2
20.725895404815674	nan	1.2
20.738266944885254	nan	1.2
20.752897024154663	nan	1.2
20.767975091934204	nan	1.2
20.784597396850586	nan	1.2
20.80358648300171	nan	1.2
20.822010278701782	nan	1.2
20.839137315750122	nan	1.2
20.857346057891846	nan	1.2
20.875057458877563	nan	1.2
20.890812397003174	nan	1.2
20.906415700912476	nan	1.2
20.922619819641113	nan	1.2
20.935651540756226	nan	1.2
20.951029777526855	nan	1.2
20.973039865493774	nan	1.2
20.988791465759277	nan	1.2
21.008713245391846	nan	1.2
21.029500722885132	nan	1.2
21.044257879257202	nan	1.2
21.059958696365356	nan	1.2
21.074024200439453	nan	1.2
21.087162256240845	nan	1.2
21.10287642478943	nan	1.2
21.119136571884155	nan	1.2
21.13222861289978	nan	1.2
21.1473331451416	nan	1.2
21.16346311569214	nan	1.2
21.175511598587036	nan	1.2
21.189586877822876	nan	1.2
21.207602500915527	nan	1.2
21.222864866256714	nan	1.2
21.23536992073059	nan	1.2
21.254656314849854	nan	1.2
21.271064043045044	nan	1.2
21.28492569923401	nan	1.2
21.300238609313965	nan	1.2
21.313796043395996	nan	1.2
21.326693296432495	nan	1.2
21.342947244644165	nan	1.2
21.35875105857849	nan	1.2
21.372284412384033	nan	1.2
21.385706663131714	nan	1.2
21.39975619316101	nan	1.2
21.414575338363647	nan	1.2
21.42880415916443	nan	1.2
21.444040298461914	nan	1.2
21.457720279693604	nan	1.2
21.472527503967285	nan	1.2
21.488823890686035	nan	1.2
21.507956981658936	nan	1.2
21.520256757736206	nan	1.2
21.53661298751831	nan	1.2
21.554243326187134	nan	1.2
21.567210912704468	nan	1.2
21.583216428756714	nan	1.2
21.59866976737976	nan	1.2
21.611048221588135	nan	1.2
21.626787662506104	nan	1.2
21.642760753631592	nan	1.2
21.655023336410522	nan	1.2
21.668119192123413	nan	1.2
21.682624340057373	nan	1.2
21.697364568710327	nan	1.2
21.713154792785645	nan	1.2
21.73062229156494	nan	1.2
21.74906349182129	nan	1.2
21.760837078094482	nan	1.2
21.776723384857178	nan	1.2
21.795230388641357	nan	1.2
21.811936378479004	nan	1.2
21.829049110412598	nan	1.2
21.84327721595764	nan	1.2
21.856550216674805	nan	1.2
21.87237524986267	nan	1.2
21.887549877166748	nan	1.2
21.900160312652588	nan	1.2
21.913007974624634	nan	1.2
21.927136659622192	nan	1.2
21.940029621124268	nan	1.2
21.952854871749878	nan	1.2
21.969281911849976	nan	1.2
21.988141298294067	nan	1.2
22.000743627548218	nan	1.2
22.017245531082153	nan	1.2
22.036943435668945	nan	1.2
22.049465656280518	nan	1.2
22.064390182495117	nan	1.2
22.07950258255005	nan	1.2
22.09299373626709	nan	1.2
22.107230186462402	nan	1.2
22.12379503250122	nan	1.2
22.13652014732361	nan	1.2
22.14850950241089	nan	1.2
22.166582822799683	nan	1.2
22.18312931060791	nan	1.2
22.19613552093506	nan	1.2
22.210551500320435	nan	1.2
22.22577428817749	nan	1.2
22.238518238067627	nan	1.2
22.253883838653564	nan	1.2
22.275580644607544	nan	1.2
22.28755259513855	nan	1.2
22.300739526748657	nan	1.2
22.325000047683716	nan	1.2
22.33884620666504	nan	1.2
22.353164196014404	nan	1.2
22.36837339401245	nan	1.2
22.381058931350708	nan	1.2
22.396475791931152	nan	1.2
22.412191152572632	nan	1.2
22.424461603164673	nan	1.2
22.43747615814209	nan	1.2
22.451838970184326	nan	1.2
22.466995239257812	nan	1.2
22.47992730140686	nan	1.2
22.505921840667725	nan	1.2
22.522638082504272	nan	1.2
22.532819986343384	nan	1.2
22.545626401901245	nan	1.2
22.559215784072876	nan	1.2
22.571754932403564	nan	1.2
22.583360195159912	nan	1.2
22.595561504364014	nan	1.2
22.60829210281372	nan	1.2
22.619051456451416	nan	1.2
22.63030743598938	nan	1.2
22.64317035675049	nan	1.2
22.65622115135193	nan	1.2
22.667497396469116	nan	1.2
22.67894148826599	nan	1.2
22.692111015319824	nan	1.2
22.70639657974243	nan	1.2
22.71740484237671	nan	1.2
22.73091220855713	nan	1.2
22.744513511657715	nan	1.2
22.757657766342163	nan	1.2
22.76871156692505	nan	1.2
22.78025531768799	nan	1.2
22.793718099594116	nan	1.2
22.80659508705139	nan	1.2
22.820234298706055	nan	1.2
22.833850860595703	nan	1.2
22.84683609008789	nan	1.2
22.860218048095703	nan	1.2
22.874538898468018	nan	1.2
22.888569593429565	nan	1.2
22.901548147201538	nan	1.2
22.91387915611267	nan	1.2
22.925134897232056	nan	1.2
22.939271688461304	nan	1.2
22.953598499298096	nan	1.2
22.96608805656433	nan	1.2
22.97704553604126	nan	1.2
22.994147539138794	nan	1.2
23.008291244506836	nan	1.2
23.020578861236572	nan	1.2
23.031086683273315	nan	1.2
23.044414043426514	nan	1.2
23.057149410247803	nan	1.2
23.068288803100586	nan	1.2
23.07958197593689	nan	1.2
23.09301996231079	nan	1.2
23.106648921966553	nan	1.2
23.11847734451294	nan	1.2
23.12924289703369	nan	1.2
23.143330812454224	nan	1.2
23.156732320785522	nan	1.2
23.16770911216736	nan	1.2
23.18106508255005	nan	1.2
23.19516110420227	nan	1.2
23.208921194076538	nan	1.2
23.219898462295532	nan	1.2
23.230570316314697	nan	1.2
23.24446153640747	nan	1.2
23.25808358192444	nan	1.2
23.272817850112915	nan	1.2
23.28379774093628	nan	1.2
23.29469919204712	nan	1.2
23.309064149856567	nan	1.2
23.322627782821655	nan	1.2
23.334511280059814	nan	1.2
23.347214698791504	nan	1.2
23.36045551300049	nan	1.2
23.373811960220337	nan	1.2
23.38465404510498	nan	1.2
23.39637041091919	nan	1.2
23.410149812698364	nan	1.2
23.422271966934204	nan	1.2
23.433293342590332	nan	1.2
23.444056749343872	nan	1.2
23.457051992416382	nan	1.2
23.469804048538208	nan	1.2
23.48226261138916	nan	1.2
23.493558645248413	nan	1.2
23.50751304626465	nan	1.2
23.52050280570984	nan	1.2
23.53144097328186	nan	1.2
23.542017221450806	nan	1.2
23.555255889892578	nan	1.2
23.569279670715332	nan	1.2
23.580403566360474	nan	1.2
23.593007802963257	nan	1.2
23.605865716934204	nan	1.2
23.618793487548828	nan	1.2
23.629882335662842	nan	1.2
23.641186237335205	nan	1.2
23.65575933456421	nan	1.2
23.668535232543945	nan	1.2
23.680505514144897	nan	1.2
23.695263385772705	nan	1.2
23.71014666557312	nan	1.2
23.721662282943726	nan	1.2
23.733115911483765	nan	1.2
23.7461576461792	nan	1.2
23.759458303451538	nan	1.2
23.770188093185425	nan	1.2
23.781586408615112	nan	1.2
23.79562211036682	nan	1.2
23.810603380203247	nan	1.2
23.824251413345337	nan	1.2
23.839873552322388	nan	1.2
23.853859901428223	nan	1.2
23.869004487991333	nan	1.2
23.88094663619995	nan	1.2
23.892318725585938	nan	1.2
23.90619707107544	nan	1.2
23.920182943344116	nan	1.2
23.9315345287323	nan	1.2
23.943676948547363	nan	1.2
23.957432508468628	nan	1.2
23.970342874526978	nan	1.2
23.98119044303894	nan	1.2
23.991923570632935	nan	1.2
24.005507946014404	nan	1.2
24.019429922103882	nan	1.2
24.030944347381592	nan	1.2
24.04213523864746	nan	1.2
24.05532193183899	nan	1.2
24.067256212234497	nan	1.2
24.078518390655518	nan	1.2
24.08976674079895	nan	1.2
24.102874994277954	nan	1.2
24.116706609725952	nan	1.2
24.12787437438965	nan	1.2
24.138416290283203	nan	1.2
24.151463508605957	nan	1.2
24.16552186012268	nan	1.2
24.177380084991455	nan	1.2
24.18949842453003	nan	1.2
24.203100442886353	nan	1.2
24.21584129333496	nan	1.2
24.226978540420532	nan	1.2
24.238807916641235	nan	1.2
24.252521991729736	nan	1.2
24.265947341918945	nan	1.2
24.27740216255188	nan	1.2
24.28942084312439	nan	1.2
24.303147792816162	nan	1.2
24.315994024276733	nan	1.2
24.32913851737976	nan	1.2
24.34278631210327	nan	1.2
24.356744289398193	nan	1.2
24.368091821670532	nan	1.2
24.378644943237305	nan	1.2
24.391345977783203	nan	1.2
24.405195713043213	nan	1.2
24.417741537094116	nan	1.2
24.42920184135437	nan	1.2
24.442225456237793	nan	1.2
24.45634698867798	nan	1.2
24.468652486801147	nan	1.2
24.480485439300537	nan	1.2
24.49264907836914	nan	1.2
24.505756855010986	nan	1.2
24.51713466644287	nan	1.2
24.528244972229004	nan	1.2
24.542864084243774	nan	1.2
24.55629825592041	nan	1.2
24.56835651397705	nan	1.2
24.58018469810486	nan	1.2
24.593645811080933	nan	1.2
24.60573673248291	nan	1.2
24.617158889770508	nan	1.2
24.629382371902466	nan	1.2
24.643651962280273	nan	1.2
24.65783953666687	nan	1.2
24.668694734573364	nan	1.2
24.6796977519989	nan	1.2
24.692805290222168	nan	1.2
24.706270456314087	nan	1.2
24.718772172927856	nan	1.2
24.729899168014526	nan	1.2
24.752071380615234	nan	1.2
24.76296377182007	nan	1.2
24.77427101135254	nan	1.2
24.78848910331726	nan	1.2
24.80292844772339	nan	1.2
24.814210414886475	nan	1.2
24.828534364700317	nan	1.2
24.842013120651245	nan	1.2
24.854848623275757	nan	1.2
24.867377519607544	nan	1.2
24.88124370574951	nan	1.2
24.897464752197266	nan	1.2
24.9099862575531	nan	1.2
24.923823356628418	nan	1.2
24.93789792060852	nan	1.2
24.952229976654053	nan	1.2
24.9663245677948	nan	1.2
24.980350255966187	nan	1.2
24.99500012397766	nan	1.2
25.006332635879517	nan	1.2
25.0183424949646	nan	1.2
25.03276038169861	nan	1.2
25.04698657989502	nan	1.2
25.058971643447876	nan	1.2
25.07042169570923	nan	1.2
25.08486533164978	nan	1.2
25.09876799583435	nan	1.2
25.110368013381958	nan	1.2
25.123336791992188	nan	1.2
25.13772416114807	nan	1.2
25.15169858932495	nan	1.2
25.1626615524292	nan	1.2
25.173247575759888	nan	1.2
25.187124252319336	nan	1.2
25.200782299041748	nan	1.2
25.211374044418335	nan	1.2
25.222805500030518	nan	1.2
25.237403631210327	nan	1.2
25.251991510391235	nan	1.2
25.263386487960815	nan	1.2
25.274277925491333	nan	1.2
25.28857445716858	nan	1.2
25.301952362060547	nan	1.2
25.31374168395996	nan	1.2
25.326403379440308	nan	1.2
25.34020471572876	nan	1.2
25.354756832122803	nan	1.2
25.365339279174805	nan	1.2
25.377082586288452	nan	1.2
25.39176893234253	nan	1.2
25.404635190963745	nan	1.2
25.417338848114014	nan	1.2
25.42984414100647	nan	1.2
25.444082736968994	nan	1.2
25.456254482269287	nan	1.2
25.468751907348633	nan	1.2
25.482787132263184	nan	1.2
25.497079372406006	nan	1.2
25.50900387763977	nan	1.2
25.520256280899048	nan	1.2
25.53382897377014	nan	1.2
25.548490524291992	nan	1.2
25.56060266494751	nan	1.2
25.572944164276123	nan	1.2
25.58524799346924	nan	1.2
25.59833002090454	nan	1.2
25.6096670627594	nan	1.2
25.62235689163208	nan	1.2
25.636077880859375	nan	1.2
25.650043725967407	nan	1.2
25.661640644073486	nan	1.2
25.674017190933228	nan	1.2
25.68773341178894	nan	1.2
25.69965672492981	nan	1.2
25.710649967193604	nan	1.2
25.723926782608032	nan	1.2
25.73846411705017	nan	1.2
25.750223875045776	nan	1.2
25.7606942653656	nan	1.2
25.7747700214386	nan	1.2
25.79136824607849	nan	1.2
25.80610728263855	nan	1.2
25.825895071029663	nan	1.2
25.840362548828125	nan	1.2
25.853638172149658	nan	1.2
25.86581039428711	nan	1.2
25.881414651870728	nan	1.2
25.89519953727722	nan	1.2
25.906574487686157	nan	1.2
25.91931986808777	nan	1.2
25.93274736404419	nan	1.2
25.944204330444336	nan	1.2
25.956278800964355	nan	1.2
25.969483852386475	nan	1.2
25.98332953453064	nan	1.2
25.995328187942505	nan	1.2
26.00839924812317	nan	1.2
26.026062965393066	nan	1.2
26.03913140296936	nan	1.2
26.049619674682617	nan	1.2
26.067917346954346	nan	1.2
26.08432912826538	nan	1.2
26.096887588500977	nan	1.2
26.108569145202637	nan	1.2
26.122236251831055	nan	1.2
26.134342670440674	nan	1.2
26.148820638656616	nan	1.2
26.163860082626343	nan	1.2
26.179986476898193	nan	1.2
26.191505432128906	nan	1.2
26.202620267868042	nan	1.2
26.21821117401123	nan	1.2
26.236044883728027	nan	1.2
26.24729609489441	nan	1.2
26.271382093429565	nan	1.2
26.283154726028442	nan	1.2
26.294703006744385	nan	1.2
26.32211947441101	nan	1.2
26.33401322364807	nan	1.2
26.345683813095093	nan	1.2
26.360283851623535	nan	1.2
26.372562170028687	nan	1.2
26.38428258895874	nan	1.2
26.401066541671753	nan	1.2
26.41548204421997	nan	1.2
26.42758798599243	nan	1.2
26.440025806427002	nan	1.2
26.453625917434692	nan	1.2
26.46558904647827	nan	1.2
26.478175401687622	nan	1.2
26.49219274520874	nan	1.2
26.50979232788086	nan	1.2
26.521189212799072	nan	1.2
26.531720638275146	nan	1.2
26.547524213790894	nan	1.2
26.562945127487183	nan	1.2
26.574216604232788	nan	1.2
26.586798667907715	nan	1.2
26.600443124771118	nan	1.2
26.612231492996216	nan	1.2
26.623602867126465	nan	1.2
26.636592864990234	nan	1.2
26.650503873825073	nan	1.2
26.66183042526245	nan	1.2
26.673365831375122	nan	1.2
26.687084913253784	nan	1.2
26.700378894805908	nan	1.2
26.712793588638306	nan	1.2
26.725275993347168	nan	1.2
26.739518404006958	nan	1.2
26.752875328063965	nan	1.2
26.764207363128662	nan	1.2
26.778273582458496	nan	1.2
26.79374647140503	nan	1.2
26.807133674621582	nan	1.2
26.81975507736206	nan	1.2
26.83349061012268	nan	1.2
26.84907627105713	nan	1.2
26.863880395889282	nan	1.2
26.880799531936646	nan	1.2
26.895172595977783	nan	1.2
26.90926694869995	nan	1.2
26.924689769744873	nan	1.2
26.938862323760986	nan	1.2
26.957377195358276	nan	1.2
26.970735549926758	nan	1.2
26.985820055007935	nan	1.2
27.007638692855835	nan	1.2
27.019899129867554	nan	1.2
27.038517475128174	nan	1.2
27.051892042160034	nan	1.2
27.062597036361694	nan	1.2
27.075047731399536	nan	1.2
27.093472242355347	nan	1.2
27.10632872581482	nan	1.2
27.119378089904785	nan	1.2
27.132540702819824	nan	1.2
27.146000385284424	nan	1.2
27.1606183052063	nan	1.2
27.17415499687195	nan	1.2
27.190943002700806	nan	1.2
27.205298900604248	nan	1.2
27.216755867004395	nan	1.2
27.23649263381958	nan	1.2
27.25166916847229	nan	1.2
27.263273000717163	nan	1.2
27.27575397491455	nan	1.2
27.28953504562378	nan	1.2
27.302489280700684	nan	1.2
27.314278841018677	nan	1.2
27.327146291732788	nan	1.2
27.344215393066406	nan	1.2
27.358317852020264	nan	1.2
27.37033772468567	nan	1.2
27.38447093963623	nan	1.2
27.39720392227173	nan	1.2
27.409914016723633	nan	1.2
27.423211097717285	nan	1.2
27.437184810638428	nan	1.2
27.448472023010254	nan	1.2
27.461021900177002	nan	1.2
27.47581672668457	nan	1.2
27.49254870414734	nan	1.2
27.502885103225708	nan	1.2
27.514312267303467	nan	1.2
27.528520107269287	nan	1.2
27.542683124542236	nan	1.2
27.553766012191772	nan	1.2
27.564985275268555	nan	1.2
27.578354835510254	nan	1.2
27.591339588165283	nan	1.2
27.60243582725525	nan	1.2
27.61485266685486	nan	1.2
27.628729820251465	nan	1.2
27.642961740493774	nan	1.2
27.654756784439087	nan	1.2
27.665658950805664	nan	1.2
27.678261041641235	nan	1.2
27.69292950630188	nan	1.2
27.70670509338379	nan	1.2
27.720234870910645	nan	1.2
27.73456335067749	nan	1.2
27.7471444606781	nan	1.2
27.7587890625	nan	1.2
27.772652864456177	nan	1.2
27.786328077316284	nan	1.2
27.79951024055481	nan	1.2
27.814265966415405	nan	1.2
27.828303337097168	nan	1.2
27.843467235565186	nan	1.2
27.854212760925293	nan	1.2
27.865763425827026	nan	1.2
27.879740953445435	nan	1.2
27.894312620162964	nan	1.2
27.905015230178833	nan	1.2
27.916354417800903	nan	1.2
27.93025302886963	nan	1.2
27.944860458374023	nan	1.2
27.956950187683105	nan	1.2
27.968851566314697	nan	1.2
27.982222318649292	nan	1.2
27.994106769561768	nan	1.2
28.006974458694458	nan	1.2
28.020406484603882	nan	1.2
28.03464937210083	nan	1.2
28.04814577102661	nan	1.2
28.0593740940094	nan	1.2
28.075297355651855	nan	1.2
28.089441776275635	nan	1.2
28.102949857711792	nan	1.2
28.114763736724854	nan	1.2
28.12649631500244	nan	1.2
28.141356706619263	nan	1.2
28.152600526809692	nan	1.2
28.164074897766113	nan	1.2
28.17766571044922	nan	1.2
28.19197154045105	nan	1.2
28.204036951065063	nan	1.2
28.215885400772095	nan	1.2
28.22934341430664	nan	1.2
28.242361783981323	nan	1.2
28.25371479988098	nan	1.2
28.266749143600464	nan	1.2
28.280160665512085	nan	1.2
28.29210066795349	nan	1.2
28.303028345108032	nan	1.2
28.317654848098755	nan	1.2
28.332423210144043	nan	1.2
28.34435224533081	nan	1.2
28.355124950408936	nan	1.2
28.367862939834595	nan	1.2
28.383008003234863	nan	1.2
28.396395444869995	nan	1.2
28.4075186252594	nan	1.2
28.42110252380371	nan	1.2
28.434119939804077	nan	1.2
28.446109771728516	nan	1.2
28.457366228103638	nan	1.2
28.471426248550415	nan	1.2
28.48589563369751	nan	1.2
28.49921202659607	nan	1.2
28.510298490524292	nan	1.2
28.523587226867676	nan	1.2
28.538505792617798	nan	1.2
28.55257296562195	nan	1.2
28.56404209136963	nan	1.2
28.577104330062866	nan	1.2
28.590782642364502	nan	1.2
28.602351903915405	nan	1.2
28.614314317703247	nan	1.2
28.627915859222412	nan	1.2
28.643187284469604	nan	1.2
28.65471339225769	nan	1.2
28.666901111602783	nan	1.2
28.6805202960968	nan	1.2
28.693070650100708	nan	1.2
28.70445156097412	nan	1.2
28.718369960784912	nan	1.2
28.732547998428345	nan	1.2
28.74552869796753	nan	1.2
28.756810426712036	nan	1.2
28.768905639648438	nan	1.2
28.783469915390015	nan	1.2
28.796622276306152	nan	1.2
28.81020760536194	nan	1.2
28.82376790046692	nan	1.2
28.837488412857056	nan	1.2
28.85173487663269	nan	1.2
28.86611270904541	nan	1.2
28.880823850631714	nan	1.2
28.89560031890869	nan	1.2
28.909788608551025	nan	1.2
28.925838947296143	nan	1.2
28.939960479736328	nan	1.2
28.954848766326904	nan	1.2
28.97300958633423	nan	1.2
28.992374897003174	nan	1.2
29.00955295562744	nan	1.2
29.028637170791626	nan	1.2
29.046112775802612	nan	1.2
29.06320548057556	nan	1.2
29.079627752304077	nan	1.2
29.10636591911316	nan	1.2
29.119139909744263	nan	1.2
29.13216996192932	nan	1.2
29.156070470809937	nan	1.2
29.16795253753662	nan	1.2
29.179564952850342	nan	1.2
29.19312810897827	nan	1.2
29.205238819122314	nan	1.2
29.216967582702637	nan	1.2
29.229992389678955	nan	1.2
29.244423627853394	nan	1.2
29.25891661643982	nan	1.2
29.270228385925293	nan	1.2
29.283190727233887	nan	1.2
29.298755645751953	nan	1.2
29.31174635887146	nan	1.2
29.32404613494873	nan	1.2
29.338548183441162	nan	1.2
29.352074146270752	nan	1.2
29.362610578536987	nan	1.2
29.3752920627594	nan	1.2
29.389578342437744	nan	1.2
29.40329623222351	nan	1.2
29.41501021385193	nan	1.2
29.426894664764404	nan	1.2
29.44177269935608	nan	1.2
29.45493459701538	nan	1.2
29.467793226242065	nan	1.2
29.481331825256348	nan	1.2
29.4953351020813	nan	1.2
29.50920343399048	nan	1.2
29.51991558074951	nan	1.2
29.53445529937744	nan	1.2
29.548755407333374	nan	1.2
29.56088376045227	nan	1.2
29.572166442871094	nan	1.2
29.584708213806152	nan	1.2
29.59726905822754	nan	1.2
29.608656644821167	nan	1.2
29.6209397315979	nan	1.2
29.63516592979431	nan	1.2
29.649141550064087	nan	1.2
29.66067886352539	nan	1.2
29.674230575561523	nan	1.2
29.68711519241333	nan	1.2
29.699504613876343	nan	1.2
29.711100101470947	nan	1.2
29.724399089813232	nan	1.2
29.7365882396698	nan	1.2
29.750904083251953	nan	1.2
29.764103651046753	nan	1.2
29.778626680374146	nan	1.2
29.79224181175232	nan	1.2
29.803386926651	nan	1.2
29.816897869110107	nan	1.2
29.830808639526367	nan	1.2
29.84615659713745	nan	1.2
29.859363555908203	nan	1.2
29.873506546020508	nan	1.2
29.88618755340576	nan	1.2
29.89710307121277	nan	1.2
29.910840034484863	nan	1.2
29.92538833618164	nan	1.2
29.940038681030273	nan	1.2
29.95239496231079	nan	1.2
29.96383237838745	nan	1.2
29.977436304092407	nan	1.2
29.99027180671692	nan	1.2
30.001846313476562	nan	1.2
30.01682734489441	nan	1.2
30.031458139419556	nan	1.2
30.04241967201233	nan	1.2
30.053118228912354	nan	1.2
30.0672664642334	nan	1.2
30.08191156387329	nan	1.2
30.094587564468384	nan	1.2
30.1064350605011	nan	1.2
30.120437145233154	nan	1.2
30.132985591888428	nan	1.2
30.14463758468628	nan	1.2
30.15858244895935	nan	1.2
30.172682523727417	nan	1.2
30.186781406402588	nan	1.2
30.19888663291931	nan	1.2
30.212665796279907	nan	1.2
30.22702670097351	nan	1.2
30.238340139389038	nan	1.2
30.25204038619995	nan	1.2
30.266596794128418	nan	1.2
30.280606985092163	nan	1.2
30.291746139526367	nan	1.2
30.304935932159424	nan	1.2
30.319751501083374	nan	1.2
30.333735704421997	nan	1.2
30.3449764251709	nan	1.2
30.359368801116943	nan	1.2
30.3733012676239	nan	1.2
30.386659622192383	nan	1.2
30.399958848953247	nan	1.2
30.413742065429688	nan	1.2
30.42885994911194	nan	1.2
30.440189123153687	nan	1.2
30.452549934387207	nan	1.2
30.467620134353638	nan	1.2
30.481815814971924	nan	1.2
30.49302864074707	nan	1.2
30.5041663646698	nan	1.2
30.519795894622803	nan	1.2
30.5339093208313	nan	1.2
30.545701026916504	nan	1.2
30.559848308563232	nan	1.2
30.574061632156372	nan	1.2
30.58534574508667	nan	1.2
30.598286151885986	nan	1.2
30.612687587738037	nan	1.2
30.627013444900513	nan	1.2
30.639601469039917	nan	1.2
30.654133558273315	nan	1.2
30.668615102767944	nan	1.2
30.68014121055603	nan	1.2
30.694541692733765	nan	1.2
30.709585666656494	nan	1.2
30.724671602249146	nan	1.2
30.73572063446045	nan	1.2
30.748016357421875	nan	1.2
30.76466202735901	nan	1.2
30.778925895690918	nan	1.2
30.793667554855347	nan	1.2
30.808281898498535	nan	1.2
30.821871042251587	nan	1.2
30.83670973777771	nan	1.2
30.85360622406006	nan	1.2
30.868762969970703	nan	1.2
30.882768392562866	nan	1.2
30.896516799926758	nan	1.2
30.911434173583984	nan	1.2
30.925403356552124	nan	1.2
30.941306114196777	nan	1.2
30.963755130767822	nan	1.2
30.978390216827393	nan	1.2
30.996047019958496	nan	1.2
31.014446020126343	nan	1.2
31.026495218276978	nan	1.2
31.04015302658081	nan	1.2
31.05435299873352	nan	1.2
31.06658101081848	nan	1.2
31.079293727874756	nan	1.2
31.095247507095337	nan	1.2
31.11356544494629	nan	1.2
31.125787496566772	nan	1.2
31.139147758483887	nan	1.2
31.155363082885742	nan	1.2
31.167269468307495	nan	1.2
31.1800320148468	nan	1.2
31.19574522972107	nan	1.2
31.209914207458496	nan	1.2
31.221256732940674	nan	1.2
31.238199710845947	nan	1.2
31.252872943878174	nan	1.2
31.263749599456787	nan	1.2
31.27577543258667	nan	1.2
31.291203022003174	nan	1.2
31.305512189865112	nan	1.2
31.31944704055786	nan	1.2
31.333000898361206	nan	1.2
31.347363233566284	nan	1.2
31.360060453414917	nan	1.2
31.37188458442688	nan	1.2
31.387181282043457	nan	1.2
31.40910577774048	nan	1.2
31.42069935798645	nan	1.2
31.43554401397705	nan	1.2
31.455143451690674	nan	1.2
31.468703031539917	nan	1.2
31.479883670806885	nan	1.2
31.494302988052368	nan	1.2
31.507853507995605	nan	1.2
31.51953411102295	nan	1.2
31.53538155555725	nan	1.2
31.55066180229187	nan	1.2
31.5666606426239	nan	1.2
31.580572605133057	nan	1.2
31.59522581100464	nan	1.2
31.61264443397522	nan	1.2
31.625505685806274	nan	1.2
31.638300895690918	nan	1.2
31.65470600128174	nan	1.2
31.666870594024658	nan	1.2
31.679013967514038	nan	1.2
31.69960117340088	nan	1.2
31.714643239974976	nan	1.2
31.726112365722656	nan	1.2
31.739276885986328	nan	1.2
31.753644466400146	nan	1.2
31.766371488571167	nan	1.2
31.778942108154297	nan	1.2
31.799817323684692	nan	1.2
31.814924716949463	nan	1.2
31.827994346618652	nan	1.2
31.844625234603882	nan	1.2
31.861886024475098	nan	1.2
31.874931812286377	nan	1.2
31.888415098190308	nan	1.2
31.902679204940796	nan	1.2
31.915144205093384	nan	1.2
31.926517009735107	nan	1.2
31.9417507648468	nan	1.2
31.95449447631836	nan	1.2
31.966844081878662	nan	1.2
31.984161138534546	nan	1.2
31.999199390411377	nan	1.2
32.011128187179565	nan	1.2
32.02405881881714	nan	1.2
32.04009675979614	nan	1.2
32.05400347709656	nan	1.2
32.06690526008606	nan	1.2
32.08294486999512	nan	1.2
32.09837794303894	nan	1.2
32.109986782073975	nan	1.2
32.124329805374146	nan	1.2
32.145432233810425	nan	1.2
32.15713453292847	nan	1.2
32.16886615753174	nan	1.2
32.18352222442627	nan	1.2
32.1963312625885	nan	1.2
32.20786690711975	nan	1.2
32.22555732727051	nan	1.2
32.24055528640747	nan	1.2
32.253684520721436	nan	1.2
32.26585340499878	nan	1.2
32.28019046783447	nan	1.2
32.2932562828064	nan	1.2
32.305391788482666	nan	1.2
32.32227683067322	nan	1.2
32.339513063430786	nan	1.2
32.35190010070801	nan	1.2
32.36443591117859	nan	1.2
32.38754987716675	nan	1.2
32.40080547332764	nan	1.2
32.41249918937683	nan	1.2
32.42681360244751	nan	1.2
32.43946051597595	nan	1.2
32.452868700027466	nan	1.2
32.46705341339111	nan	1.2
32.48357319831848	nan	1.2
32.49648356437683	nan	1.2
32.509355783462524	nan	1.2
32.52497982978821	nan	1.2
32.53612518310547	nan	1.2
32.549640417099	nan	1.2
32.56834936141968	nan	1.2
32.58621430397034	nan	1.2
32.598193645477295	nan	1.2
32.615320444107056	nan	1.2
32.63147735595703	nan	1.2
32.643373012542725	nan	1.2
32.65678381919861	nan	1.2
32.67090082168579	nan	1.2
32.682523250579834	nan	1.2
32.69391846656799	nan	1.2
32.709291219711304	nan	1.2
32.722347021102905	nan	1.2
32.733588218688965	nan	1.2
32.74812626838684	nan	1.2
32.76290416717529	nan	1.2
32.77625274658203	nan	1.2
32.7887077331543	nan	1.2
32.80289125442505	nan	1.2
32.81709575653076	nan	1.2
32.83200669288635	nan	1.2
32.851648807525635	nan	1.2
32.87035918235779	nan	1.2
32.88479566574097	nan	1.2
32.913257360458374	nan	1.2
32.92757034301758	nan	1.2
32.94242715835571	nan	1.2
32.957632064819336	nan	1.2
32.970030069351196	nan	1.2
32.981398820877075	nan	1.2
32.99816393852234	nan	1.2
33.01930069923401	nan	1.2
33.03144836425781	nan	1.2
33.04569149017334	nan	1.2
33.0617778301239	nan	1.2
33.074095726013184	nan	1.2
33.08757734298706	nan	1.2
33.10843205451965	nan	1.2
33.12008500099182	nan	1.2
33.13225269317627	nan	1.2
33.149649143218994	nan	1.2
33.16372323036194	nan	1.2
33.17644286155701	nan	1.2
33.19015407562256	nan	1.2
33.20381712913513	nan	1.2
33.21614384651184	nan	1.2
33.22924757003784	nan	1.2
33.24520301818848	nan	1.2
33.25873017311096	nan	1.2
33.27017307281494	nan	1.2
33.284550189971924	nan	1.2
33.2985737323761	nan	1.2
33.31074118614197	nan	1.2
33.32472801208496	nan	1.2
33.34830379486084	nan	1.2
33.35992741584778	nan	1.2
33.3723087310791	nan	1.2
33.3937132358551	nan	1.2
33.40548825263977	nan	1.2
33.418973207473755	nan	1.2
33.4336211681366	nan	1.2
33.44666767120361	nan	1.2
33.459881067276	nan	1.2
33.474945306777954	nan	1.2
33.48885154724121	nan	1.2
33.50117230415344	nan	1.2
33.51637601852417	nan	1.2
33.53122901916504	nan	1.2
33.54265594482422	nan	1.2
33.55583357810974	nan	1.2
33.56974649429321	nan	1.2
33.58430027961731	nan	1.2
33.59647727012634	nan	1.2
33.61046528816223	nan	1.2
33.62565350532532	nan	1.2
33.63952326774597	nan	1.2
33.6515588760376	nan	1.2
33.66479849815369	nan	1.2
33.68503427505493	nan	1.2
33.699647188186646	nan	1.2
33.71275520324707	nan	1.2
33.726773500442505	nan	1.2
33.73873829841614	nan	1.2
33.75052499771118	nan	1.2
33.76771426200867	nan	1.2
33.78917956352234	nan	1.2
33.800270557403564	nan	1.2
33.81558895111084	nan	1.2
33.833062410354614	nan	1.2
33.84868788719177	nan	1.2
33.866660356521606	nan	1.2
33.88126492500305	nan	1.2
33.8932569026947	nan	1.2
33.90780282020569	nan	1.2
33.92464470863342	nan	1.2
33.93932390213013	nan	1.2
33.950912952423096	nan	1.2
33.96542525291443	nan	1.2
33.9805223941803	nan	1.2
33.99169921875	nan	1.2
34.00463247299194	nan	1.2
34.02363729476929	nan	1.2
34.03891682624817	nan	1.2
34.05049252510071	nan	1.2
34.06845283508301	nan	1.2
34.08672881126404	nan	1.2
34.099285364151	nan	1.2
34.112213134765625	nan	1.2
34.12770938873291	nan	1.2
34.13934302330017	nan	1.2
34.15156674385071	nan	1.2
34.16678762435913	nan	1.2
34.18747138977051	nan	1.2
34.19895148277283	nan	1.2
34.21321153640747	nan	1.2
34.23707842826843	nan	1.2
34.24897050857544	nan	1.2
34.26115822792053	nan	1.2
34.27815055847168	nan	1.2
34.29244256019592	nan	1.2
34.304604053497314	nan	1.2
34.317387342453	nan	1.2
34.331594944000244	nan	1.2
34.343207597732544	nan	1.2
34.35806202888489	nan	1.2
34.37246108055115	nan	1.2
34.3890380859375	nan	1.2
34.400861740112305	nan	1.2
34.4149808883667	nan	1.2
34.428367376327515	nan	1.2
34.43968152999878	nan	1.2
34.45322513580322	nan	1.2
34.47816276550293	nan	1.2
34.49038076400757	nan	1.2
34.50170922279358	nan	1.2
34.51885747909546	nan	1.2
34.53374242782593	nan	1.2
34.54680323600769	nan	1.2
34.56197738647461	nan	1.2
34.5754017829895	nan	1.2
34.587316274642944	nan	1.2
34.600613594055176	nan	1.2
34.61518716812134	nan	1.2
34.630077600479126	nan	1.2
34.64213800430298	nan	1.2
34.654173612594604	nan	1.2
34.66960859298706	nan	1.2
34.68560481071472	nan	1.2
34.69801688194275	nan	1.2
34.71913456916809	nan	1.2
34.7314567565918	nan	1.2
34.742377281188965	nan	1.2
34.76037335395813	nan	1.2
34.77583074569702	nan	1.2
34.78842306137085	nan	1.2
34.80090308189392	nan	1.2
34.8160297870636	nan	1.2
34.83065223693848	nan	1.2
34.846423625946045	nan	1.2
34.87009596824646	nan	1.2
34.884862422943115	nan	1.2
34.8979606628418	nan	1.2
34.91394543647766	nan	1.2
34.93115472793579	nan	1.2
34.94408392906189	nan	1.2
34.959694385528564	nan	1.2
34.97360181808472	nan	1.2
34.987324953079224	nan	1.2
35.00519919395447	nan	1.2
35.02195501327515	nan	1.2
35.03384280204773	nan	1.2
35.04674315452576	nan	1.2
35.061837911605835	nan	1.2
35.078463315963745	nan	1.2
35.09086561203003	nan	1.2
35.10375118255615	nan	1.2
35.12043499946594	nan	1.2
35.1345796585083	nan	1.2
35.14643907546997	nan	1.2
35.164113998413086	nan	1.2
35.17732310295105	nan	1.2
35.188966512680054	nan	1.2
35.20753288269043	nan	1.2
35.226189374923706	nan	1.2
35.239399909973145	nan	1.2
35.25400471687317	nan	1.2
35.26886534690857	nan	1.2
35.281686544418335	nan	1.2
35.29442858695984	nan	1.2
35.31004333496094	nan	1.2
35.330143451690674	nan	1.2
35.34277057647705	nan	1.2
35.357383251190186	nan	1.2
35.3798725605011	nan	1.2
35.39441156387329	nan	1.2
35.40805530548096	nan	1.2
35.42217516899109	nan	1.2
35.434407234191895	nan	1.2
35.448426485061646	nan	1.2
35.46352219581604	nan	1.2
35.48171520233154	nan	1.2
35.49435329437256	nan	1.2
35.507888317108154	nan	1.2
35.523940324783325	nan	1.2
35.53627419471741	nan	1.2
35.56439733505249	nan	1.2
35.57872533798218	nan	1.2
35.58992600440979	nan	1.2
35.61383676528931	nan	1.2
35.627617835998535	nan	1.2
35.64067888259888	nan	1.2
35.65481376647949	nan	1.2
35.66885828971863	nan	1.2
35.68042063713074	nan	1.2
35.6955451965332	nan	1.2
35.71009349822998	nan	1.2
35.72158980369568	nan	1.2
35.73463487625122	nan	1.2
35.750635385513306	nan	1.2
35.76491832733154	nan	1.2
35.77732253074646	nan	1.2
35.7909209728241	nan	1.2
35.80571913719177	nan	1.2
35.81849527359009	nan	1.2
35.83505320549011	nan	1.2
35.85397982597351	nan	1.2
35.869529724121094	nan	1.2
35.88118767738342	nan	1.2
35.90176057815552	nan	1.2
35.917139530181885	nan	1.2
35.93029832839966	nan	1.2
35.9441351890564	nan	1.2
35.9583466053009	nan	1.2
35.97046732902527	nan	1.2
35.98463273048401	nan	1.2
36.002788066864014	nan	1.2
36.01811218261719	nan	1.2
36.030341386795044	nan	1.2
36.044973373413086	nan	1.2
36.06478929519653	nan	1.2
36.07669258117676	nan	1.2
36.095324754714966	nan	1.2
36.10966205596924	nan	1.2
36.12198615074158	nan	1.2
36.135613679885864	nan	1.2
36.15062880516052	nan	1.2
36.167593002319336	nan	1.2
36.180460691452026	nan	1.2
36.19326996803284	nan	1.2
36.210045337677	nan	1.2
36.22482395172119	nan	1.2
36.243542194366455	nan	1.2
36.2590069770813	nan	1.2
36.27036380767822	nan	1.2
36.28252649307251	nan	1.2
36.30076026916504	nan	1.2
36.31652474403381	nan	1.2
36.32994508743286	nan	1.2
36.34173035621643	nan	1.2
36.35592746734619	nan	1.2
36.36994171142578	nan	1.2
36.38228154182434	nan	1.2
36.39752650260925	nan	1.2
36.41671299934387	nan	1.2
36.42894983291626	nan	1.2
36.44040274620056	nan	1.2
36.46222639083862	nan	1.2
36.47700381278992	nan	1.2
36.488802909851074	nan	1.2
36.51822829246521	nan	1.2
36.531933546066284	nan	1.2
36.546432971954346	nan	1.2
36.56050729751587	nan	1.2
36.57355260848999	nan	1.2
36.58566665649414	nan	1.2
36.60641646385193	nan	1.2
36.62548041343689	nan	1.2
36.63742208480835	nan	1.2
36.65289092063904	nan	1.2
36.672017335891724	nan	1.2
36.68372821807861	nan	1.2
36.699517250061035	nan	1.2
36.715086936950684	nan	1.2
36.726537466049194	nan	1.2
36.7391300201416	nan	1.2
36.75588941574097	nan	1.2
36.773786783218384	nan	1.2
36.7865309715271	nan	1.2
36.80068898200989	nan	1.2
36.815425395965576	nan	1.2
36.83189296722412	nan	1.2
36.84895658493042	nan	1.2
36.86701989173889	nan	1.2
36.88189435005188	nan	1.2
36.899677753448486	nan	1.2
36.91561317443848	nan	1.2
36.92952799797058	nan	1.2
36.94510316848755	nan	1.2
36.95916819572449	nan	1.2
36.9740207195282	nan	1.2
36.988731384277344	nan	1.2
37.00899362564087	nan	1.2
37.026875495910645	nan	1.2
37.037967681884766	nan	1.2
37.052937269210815	nan	1.2
37.07683253288269	nan	1.2
37.0895094871521	nan	1.2
37.10441827774048	nan	1.2
37.118412256240845	nan	1.2
37.1315381526947	nan	1.2
37.14506149291992	nan	1.2
37.16147041320801	nan	1.2
37.1794548034668	nan	1.2
37.19140815734863	nan	1.2
37.20494771003723	nan	1.2
37.21984815597534	nan	1.2
37.232651233673096	nan	1.2
37.24470257759094	nan	1.2
37.26006102561951	nan	1.2
37.27496552467346	nan	1.2
37.2883996963501	nan	1.2
37.31615138053894	nan	1.2
37.327946186065674	nan	1.2
37.34133863449097	nan	1.2
37.358519554138184	nan	1.2
37.37325620651245	nan	1.2
37.38628935813904	nan	1.2
37.39973258972168	nan	1.2
37.41486883163452	nan	1.2
37.43092632293701	nan	1.2
37.44761061668396	nan	1.2
37.4697699546814	nan	1.2
37.48204779624939	nan	1.2
37.49431300163269	nan	1.2
37.519238233566284	nan	1.2
37.534072160720825	nan	1.2
37.54599380493164	nan	1.2
37.561020612716675	nan	1.2
37.57520127296448	nan	1.2
37.5901198387146	nan	1.2
37.60771179199219	nan	1.2
37.62501382827759	nan	1.2
37.637221813201904	nan	1.2
37.65210485458374	nan	1.2
37.66652989387512	nan	1.2
37.67959809303284	nan	1.2
37.696452617645264	nan	1.2
37.71408462524414	nan	1.2
37.725589990615845	nan	1.2
37.73873519897461	nan	1.2
37.76374125480652	nan	1.2
37.77793312072754	nan	1.2
37.79057788848877	nan	1.2
37.80522584915161	nan	1.2
37.818382024765015	nan	1.2
37.83512902259827	nan	1.2
37.851271629333496	nan	1.2
37.869033336639404	nan	1.2
37.881349086761475	nan	1.2
37.89735722541809	nan	1.2
37.914836168289185	nan	1.2
37.929166078567505	nan	1.2
37.94653105735779	nan	1.2
37.960932970047	nan	1.2
37.972434759140015	nan	1.2
37.990198850631714	nan	1.2
38.00592589378357	nan	1.2
38.01739954948425	nan	1.2
38.02961015701294	nan	1.2
38.05074644088745	nan	1.2
38.065359592437744	nan	1.2
38.07752823829651	nan	1.2
38.09238076210022	nan	1.2
38.10664510726929	nan	1.2
38.11863160133362	nan	1.2
38.13359236717224	nan	1.2
38.15677547454834	nan	1.2
38.16874313354492	nan	1.2
38.18047380447388	nan	1.2
38.200056076049805	nan	1.2
38.2153685092926	nan	1.2
38.22758412361145	nan	1.2
38.24300694465637	nan	1.2
38.255593061447144	nan	1.2
38.2683219909668	nan	1.2
38.283528089523315	nan	1.2
38.29869985580444	nan	1.2
38.31346678733826	nan	1.2
38.325154542922974	nan	1.2
38.33975958824158	nan	1.2
38.354334115982056	nan	1.2
38.36660385131836	nan	1.2
38.38604426383972	nan	1.2
38.40193295478821	nan	1.2
38.41425132751465	nan	1.2
38.42640542984009	nan	1.2
38.454803228378296	nan	1.2
38.467079162597656	nan	1.2
38.48090195655823	nan	1.2
38.49489116668701	nan	1.2
38.50844764709473	nan	1.2
38.52271914482117	nan	1.2
38.53736662864685	nan	1.2
38.54997110366821	nan	1.2
38.56259560585022	nan	1.2
38.57720375061035	nan	1.2
38.59149122238159	nan	1.2
38.60275864601135	nan	1.2
38.61742544174194	nan	1.2
38.64469075202942	nan	1.2
38.656434774398804	nan	1.2
38.67103695869446	nan	1.2
38.69180655479431	nan	1.2
38.70581531524658	nan	1.2
38.7181658744812	nan	1.2
38.73228645324707	nan	1.2
38.745686531066895	nan	1.2
38.756892919540405	nan	1.2
38.77113366127014	nan	1.2
38.78540635108948	nan	1.2
38.797178983688354	nan	1.2
38.81041479110718	nan	1.2
38.82647895812988	nan	1.2
38.84014439582825	nan	1.2
38.855289936065674	nan	1.2
38.869999170303345	nan	1.2
38.88844347000122	nan	1.2
38.90472483634949	nan	1.2
38.93096160888672	nan	1.2
38.94454097747803	nan	1.2
38.96131491661072	nan	1.2
38.9773736000061	nan	1.2
38.991270780563354	nan	1.2
39.00802397727966	nan	1.2
39.02423143386841	nan	1.2
39.037353515625	nan	1.2
39.04911661148071	nan	1.2
39.06534385681152	nan	1.2
39.08094120025635	nan	1.2
39.09379291534424	nan	1.2
39.10737705230713	nan	1.2
39.12515711784363	nan	1.2
39.137351751327515	nan	1.2
39.15364718437195	nan	1.2
39.17393922805786	nan	1.2
39.186065673828125	nan	1.2
39.19897532463074	nan	1.2
39.21741056442261	nan	1.2
39.231858253479004	nan	1.2
39.24457359313965	nan	1.2
39.25933814048767	nan	1.2
39.2737603187561	nan	1.2
39.288082122802734	nan	1.2
39.30248761177063	nan	1.2
39.32255554199219	nan	1.2
39.33578896522522	nan	1.2
39.34859776496887	nan	1.2
39.37023973464966	nan	1.2
39.38423013687134	nan	1.2
39.400649547576904	nan	1.2
39.415947675704956	nan	1.2
39.42800784111023	nan	1.2
39.44051003456116	nan	1.2
39.45858335494995	nan	1.2
39.47314953804016	nan	1.2
39.48498558998108	nan	1.2
39.499098777770996	nan	1.2
39.513070583343506	nan	1.2
39.5263032913208	nan	1.2
39.54006266593933	nan	1.2
39.55447697639465	nan	1.2
39.56657385826111	nan	1.2
39.579840421676636	nan	1.2
39.59609365463257	nan	1.2
39.61251425743103	nan	1.2
39.62476944923401	nan	1.2
39.63928699493408	nan	1.2
39.65473532676697	nan	1.2
39.66714644432068	nan	1.2
39.68905210494995	nan	1.2
39.70455288887024	nan	1.2
39.715659856796265	nan	1.2
39.73083424568176	nan	1.2
39.74983191490173	nan	1.2
39.762366771698	nan	1.2
39.77531409263611	nan	1.2
39.78924751281738	nan	1.2
39.80238318443298	nan	1.2
39.814786195755005	nan	1.2
39.83077526092529	nan	1.2
39.85173177719116	nan	1.2
39.867177963256836	nan	1.2
39.8838996887207	nan	1.2
39.90394425392151	nan	1.2
39.91642236709595	nan	1.2
39.92972993850708	nan	1.2
39.945661306381226	nan	1.2
39.957252502441406	nan	1.2
39.96968340873718	nan	1.2
39.98603391647339	nan	1.2
40.0003776550293	nan	1.2
40.01644015312195	nan	1.2
40.032660722732544	nan	1.2
40.0499701499939	nan	1.2
40.063132762908936	nan	1.2
40.07893705368042	nan	1.2
40.09722137451172	nan	1.2
40.108482360839844	nan	1.2
40.12169122695923	nan	1.2
40.141836643218994	nan	1.2
40.15622067451477	nan	1.2
40.17012166976929	nan	1.2
40.19450306892395	nan	1.2
40.20752000808716	nan	1.2
40.220935344696045	nan	1.2
40.2367217540741	nan	1.2
40.25206112861633	nan	1.2
40.264397621154785	nan	1.2
40.28015089035034	nan	1.2
40.29806590080261	nan	1.2
40.31104254722595	nan	1.2
40.32572054862976	nan	1.2
40.34035873413086	nan	1.2
40.35390615463257	nan	1.2
40.36829447746277	nan	1.2
40.386080265045166	nan	1.2
40.397634744644165	nan	1.2
40.41015005111694	nan	1.2
40.427117109298706	nan	1.2
40.44359040260315	nan	1.2
40.456711769104004	nan	1.2
40.47076463699341	nan	1.2
40.48459553718567	nan	1.2
40.49746513366699	nan	1.2
40.511221170425415	nan	1.2
40.52687621116638	nan	1.2
40.54512310028076	nan	1.2
40.5566349029541	nan	1.2
40.57117819786072	nan	1.2
40.58667755126953	nan	1.2
40.59945011138916	nan	1.2
40.61439657211304	nan	1.2
40.62918519973755	nan	1.2
40.64198923110962	nan	1.2
40.65485620498657	nan	1.2
40.669448137283325	nan	1.2
40.684810638427734	nan	1.2
40.69878101348877	nan	1.2
40.71294975280762	nan	1.2
40.72918200492859	nan	1.2
40.744280099868774	nan	1.2
40.75693321228027	nan	1.2
40.77278208732605	nan	1.2
40.78741979598999	nan	1.2
40.798688888549805	nan	1.2
40.81195306777954	nan	1.2
40.82762145996094	nan	1.2
40.842469930648804	nan	1.2
40.85948133468628	nan	1.2
40.87515878677368	nan	1.2
40.89020133018494	nan	1.2
40.90580606460571	nan	1.2
40.92279410362244	nan	1.2
40.9415009021759	nan	1.2
40.95548057556152	nan	1.2
40.97023844718933	nan	1.2
40.99255585670471	nan	1.2
41.00680112838745	nan	1.2
41.02072739601135	nan	1.2
41.04508066177368	nan	1.2
41.06088161468506	nan	1.2
41.074891090393066	nan	1.2
41.09000754356384	nan	1.2
41.102853298187256	nan	1.2
41.11521077156067	nan	1.2
41.130802154541016	nan	1.2
41.151989459991455	nan	1.2
41.16395974159241	nan	1.2
41.17923283576965	nan	1.2
41.199671030044556	nan	1.2
41.21372747421265	nan	1.2
41.22889733314514	nan	1.2
41.24471092224121	nan	1.2
41.257251024246216	nan	1.2
41.271419286727905	nan	1.2
41.288982629776	nan	1.2
41.30123448371887	nan	1.2
41.31694984436035	nan	1.2
41.331132888793945	nan	1.2
41.34746742248535	nan	1.2
41.35999250411987	nan	1.2
41.38702940940857	nan	1.2
41.40025758743286	nan	1.2
41.41169285774231	nan	1.2
41.42975163459778	nan	1.2
41.44715905189514	nan	1.2
41.46203374862671	nan	1.2
41.47667455673218	nan	1.2
41.49084234237671	nan	1.2
41.50454068183899	nan	1.2
41.51740288734436	nan	1.2
41.53976488113403	nan	1.2
41.554914474487305	nan	1.2
41.566405057907104	nan	1.2
41.58022451400757	nan	1.2
41.599008321762085	nan	1.2
41.6119658946991	nan	1.2
41.62372827529907	nan	1.2
41.6395308971405	nan	1.2
41.6536762714386	nan	1.2
41.66690969467163	nan	1.2
41.68304228782654	nan	1.2
41.69780230522156	nan	1.2
41.710657596588135	nan	1.2
41.7249641418457	nan	1.2
41.74002385139465	nan	1.2
41.75161266326904	nan	1.2
41.768163442611694	nan	1.2
41.782877683639526	nan	1.2
41.79610633850098	nan	1.2
41.80987310409546	nan	1.2
41.82740759849548	nan	1.2
41.84288263320923	nan	1.2
41.85941553115845	nan	1.2
41.8906524181366	nan	1.2
41.90591311454773	nan	1.2
41.91978716850281	nan	1.2
41.9348509311676	nan	1.2
41.94841289520264	nan	1.2
41.96367645263672	nan	1.2
41.98019051551819	nan	1.2
41.994091510772705	nan	1.2
42.00697350502014	nan	1.2
42.02218723297119	nan	1.2
42.03612017631531	nan	1.2
42.048229694366455	nan	1.2
42.07585120201111	nan	1.2
42.089290618896484	nan	1.2
42.100956439971924	nan	1.2
42.11810278892517	nan	1.2
42.13470149040222	nan	1.2
42.15075373649597	nan	1.2
42.16771197319031	nan	1.2
42.18203902244568	nan	1.2
42.19690752029419	nan	1.2
42.21179485321045	nan	1.2
42.23556041717529	nan	1.2
42.248538970947266	nan	1.2
42.262139320373535	nan	1.2
42.28586196899414	nan	1.2
42.299476146698	nan	1.2
42.31524848937988	nan	1.2
42.330477237701416	nan	1.2
42.34222960472107	nan	1.2
42.35405898094177	nan	1.2
42.37147569656372	nan	1.2
42.385544776916504	nan	1.2
42.39939594268799	nan	1.2
42.41423535346985	nan	1.2
42.42758250236511	nan	1.2
42.4413480758667	nan	1.2
42.45931386947632	nan	1.2
42.479076862335205	nan	1.2
42.491050720214844	nan	1.2
42.50441908836365	nan	1.2
42.52745962142944	nan	1.2
42.539528131484985	nan	1.2
42.55090403556824	nan	1.2
42.569878578186035	nan	1.2
42.586339473724365	nan	1.2
42.600393533706665	nan	1.2
42.61415100097656	nan	1.2
42.629377126693726	nan	1.2
42.644309997558594	nan	1.2
42.658859729766846	nan	1.2
42.678141593933105	nan	1.2
42.69455599784851	nan	1.2
42.70680475234985	nan	1.2
42.72250437736511	nan	1.2
42.739606857299805	nan	1.2
42.75458860397339	nan	1.2
42.76811909675598	nan	1.2
42.78313207626343	nan	1.2
42.79597067832947	nan	1.2
42.810513734817505	nan	1.2
42.82733345031738	nan	1.2
42.842689752578735	nan	1.2
42.85800361633301	nan	1.2
42.87493872642517	nan	1.2
42.88786554336548	nan	1.2
42.90424108505249	nan	1.2
42.930187702178955	nan	1.2
42.94296169281006	nan	1.2
42.956791162490845	nan	1.2
42.97523093223572	nan	1.2
42.99191379547119	nan	1.2
43.00673866271973	nan	1.2
43.02385950088501	nan	1.2
43.037384033203125	nan	1.2
43.05005645751953	nan	1.2
43.066521644592285	nan	1.2
43.083264112472534	nan	1.2
43.09553909301758	nan	1.2
43.10787272453308	nan	1.2
43.12876105308533	nan	1.2
43.144307136535645	nan	1.2
43.15839385986328	nan	1.2
43.17487716674805	nan	1.2
43.187779903411865	nan	1.2
43.201367139816284	nan	1.2
43.21713137626648	nan	1.2
43.23237919807434	nan	1.2
43.24469470977783	nan	1.2
43.25843024253845	nan	1.2
43.27350687980652	nan	1.2
43.28657627105713	nan	1.2
43.30168175697327	nan	1.2
43.31737732887268	nan	1.2
43.33020782470703	nan	1.2
43.34415316581726	nan	1.2
43.36030077934265	nan	1.2
43.379124879837036	nan	1.2
43.39166331291199	nan	1.2
43.41791319847107	nan	1.2
43.4323365688324	nan	1.2
43.4448516368866	nan	1.2
43.46029543876648	nan	1.2
43.47408390045166	nan	1.2
43.48622274398804	nan	1.2
43.50401735305786	nan	1.2
43.52141070365906	nan	1.2
43.53377175331116	nan	1.2
43.54638457298279	nan	1.2
43.56133198738098	nan	1.2
43.574756383895874	nan	1.2
43.587352991104126	nan	1.2
43.60621452331543	nan	1.2
43.62241721153259	nan	1.2
43.634416341781616	nan	1.2
43.650794982910156	nan	1.2
43.672654151916504	nan	1.2
43.68576145172119	nan	1.2
43.698014974594116	nan	1.2
43.714717388153076	nan	1.2
43.72799253463745	nan	1.2
43.74095892906189	nan	1.2
43.756022930145264	nan	1.2
43.77561855316162	nan	1.2
43.78797459602356	nan	1.2
43.799888134002686	nan	1.2
43.82278108596802	nan	1.2
43.838297843933105	nan	1.2
43.8539924621582	nan	1.2
43.86867928504944	nan	1.2
43.88271188735962	nan	1.2
43.89500379562378	nan	1.2
43.911508083343506	nan	1.2
43.92789053916931	nan	1.2
43.94061517715454	nan	1.2
43.955629110336304	nan	1.2
43.98364281654358	nan	1.2
44.0065279006958	nan	1.2
44.02518653869629	nan	1.2
44.04059147834778	nan	1.2
44.054696798324585	nan	1.2
44.07298731803894	nan	1.2
44.086379528045654	nan	1.2
44.10081648826599	nan	1.2
44.11998391151428	nan	1.2
44.13745927810669	nan	1.2
44.150503158569336	nan	1.2
44.16552186012268	nan	1.2
44.180951833724976	nan	1.2
44.19525861740112	nan	1.2
44.215439319610596	nan	1.2
44.23264455795288	nan	1.2
44.246171712875366	nan	1.2
44.26007342338562	nan	1.2
44.278287172317505	nan	1.2
44.29876947402954	nan	1.2
44.311883211135864	nan	1.2
44.32678580284119	nan	1.2
44.34296441078186	nan	1.2
44.35720372200012	nan	1.2
44.3758487701416	nan	1.2
44.39137887954712	nan	1.2
44.4029655456543	nan	1.2
44.42002630233765	nan	1.2
44.441465616226196	nan	1.2
44.45496988296509	nan	1.2
44.46795082092285	nan	1.2
44.48422718048096	nan	1.2
44.4979944229126	nan	1.2
44.512932777404785	nan	1.2
44.53259205818176	nan	1.2
44.54774188995361	nan	1.2
44.55985403060913	nan	1.2
44.57987093925476	nan	1.2
44.59514093399048	nan	1.2
44.60819458961487	nan	1.2
44.624797105789185	nan	1.2
44.63846969604492	nan	1.2
44.65099573135376	nan	1.2
44.66682767868042	nan	1.2
44.68433880805969	nan	1.2
44.69566798210144	nan	1.2
44.70902466773987	nan	1.2
44.72549557685852	nan	1.2
44.73862338066101	nan	1.2
44.75197386741638	nan	1.2
44.76663589477539	nan	1.2
44.78182244300842	nan	1.2
44.79487204551697	nan	1.2
44.81051778793335	nan	1.2
44.82987022399902	nan	1.2
44.84764909744263	nan	1.2
44.86457443237305	nan	1.2
44.887332916259766	nan	1.2
44.90307664871216	nan	1.2
44.918487787246704	nan	1.2
44.93378233909607	nan	1.2
44.94976997375488	nan	1.2
44.96689224243164	nan	1.2
44.986263275146484	nan	1.2
45.00191307067871	nan	1.2
45.016833543777466	nan	1.2
45.03242468833923	nan	1.2
45.045745611190796	nan	1.2
45.06416082382202	nan	1.2
45.079322814941406	nan	1.2
45.090381383895874	nan	1.2
45.103132247924805	nan	1.2
45.119526863098145	nan	1.2
45.136104106903076	nan	1.2
45.15001845359802	nan	1.2
45.16072392463684	nan	1.2
45.17365884780884	nan	1.2
45.18767738342285	nan	1.2
45.198779344558716	nan	1.2
45.209900856018066	nan	1.2
45.223854541778564	nan	1.2
45.23863673210144	nan	1.2
45.2493679523468	nan	1.2
45.259934425354004	nan	1.2
45.2740216255188	nan	1.2
45.28735113143921	nan	1.2
45.2985417842865	nan	1.2
45.31057000160217	nan	1.2
45.32394576072693	nan	1.2
45.336835622787476	nan	1.2
45.34973430633545	nan	1.2
45.36346077919006	nan	1.2
45.37787342071533	nan	1.2
45.389198303222656	nan	1.2
45.400469064712524	nan	1.2
45.41393041610718	nan	1.2
45.42638802528381	nan	1.2
45.437928676605225	nan	1.2
45.45053315162659	nan	1.2
45.46446633338928	nan	1.2
45.47735261917114	nan	1.2
45.48809027671814	nan	1.2
45.500072717666626	nan	1.2
45.51405215263367	nan	1.2
45.52720880508423	nan	1.2
45.53752899169922	nan	1.2
45.54902410507202	nan	1.2
45.56287860870361	nan	1.2
45.57745814323425	nan	1.2
45.59122967720032	nan	1.2
45.603837966918945	nan	1.2
45.61749887466431	nan	1.2
45.628241300582886	nan	1.2
45.64090180397034	nan	1.2
45.65511393547058	nan	1.2
45.66791605949402	nan	1.2
45.679041624069214	nan	1.2
45.692163705825806	nan	1.2
45.70501899719238	nan	1.2
45.716978788375854	nan	1.2
45.728092432022095	nan	1.2
45.74267101287842	nan	1.2
45.7641966342926	nan	1.2
45.77703809738159	nan	1.2
45.78892970085144	nan	1.2
45.81069540977478	nan	1.2
45.82422757148743	nan	1.2
45.83581566810608	nan	1.2
45.849398612976074	nan	1.2
45.863059997558594	nan	1.2
45.87453842163086	nan	1.2
45.886146783828735	nan	1.2
45.903634786605835	nan	1.2
45.9212486743927	nan	1.2
45.93216156959534	nan	1.2
45.944087505340576	nan	1.2
45.95778274536133	nan	1.2
45.97177457809448	nan	1.2
45.984161615371704	nan	1.2
45.995919704437256	nan	1.2
46.00925922393799	nan	1.2
46.02104687690735	nan	1.2
46.03324818611145	nan	1.2
46.04717540740967	nan	1.2
46.06027698516846	nan	1.2
46.07625198364258	nan	1.2
46.08692526817322	nan	1.2
46.099422216415405	nan	1.2
46.11354923248291	nan	1.2
46.126296281814575	nan	1.2
46.137648582458496	nan	1.2
46.15115809440613	nan	1.2
46.16480803489685	nan	1.2
46.175939083099365	nan	1.2
46.187522888183594	nan	1.2
46.2003870010376	nan	1.2
46.21443557739258	nan	1.2
46.226752281188965	nan	1.2
46.238136529922485	nan	1.2
46.25114464759827	nan	1.2
46.26411509513855	nan	1.2
46.27664756774902	nan	1.2
46.288291931152344	nan	1.2
46.301658153533936	nan	1.2
46.31551694869995	nan	1.2
46.32796549797058	nan	1.2
46.34168314933777	nan	1.2
46.35595464706421	nan	1.2
46.36831021308899	nan	1.2
46.37964105606079	nan	1.2
46.393290519714355	nan	1.2
46.407371282577515	nan	1.2
46.41941714286804	nan	1.2
46.43079662322998	nan	1.2
46.44486713409424	nan	1.2
46.45790982246399	nan	1.2
46.46904277801514	nan	1.2
46.48031687736511	nan	1.2
46.4946014881134	nan	1.2
46.50891995429993	nan	1.2
46.5214786529541	nan	1.2
46.532564640045166	nan	1.2
46.546382665634155	nan	1.2
46.560890197753906	nan	1.2
46.57259821891785	nan	1.2
46.58600330352783	nan	1.2
46.59956455230713	nan	1.2
46.613396883010864	nan	1.2
46.62432241439819	nan	1.2
46.63702416419983	nan	1.2
46.65099596977234	nan	1.2
46.664350509643555	nan	1.2
46.67559051513672	nan	1.2
46.68817639350891	nan	1.2
46.701207399368286	nan	1.2
46.71239948272705	nan	1.2
46.72380065917969	nan	1.2
46.73663806915283	nan	1.2
46.7506787776947	nan	1.2
46.76325535774231	nan	1.2
46.77444624900818	nan	1.2
46.78793406486511	nan	1.2
46.80164861679077	nan	1.2
46.8127703666687	nan	1.2
46.82538414001465	nan	1.2
46.83881449699402	nan	1.2
46.852688789367676	nan	1.2
46.866583585739136	nan	1.2
46.880128622055054	nan	1.2
46.89425182342529	nan	1.2
46.90869951248169	nan	1.2
46.92041611671448	nan	1.2
46.934406995773315	nan	1.2
46.948148012161255	nan	1.2
46.96047592163086	nan	1.2
46.97492599487305	nan	1.2
46.9901168346405	nan	1.2
47.0033745765686	nan	1.2
47.0166015625	nan	1.2
47.03088450431824	nan	1.2
47.04536271095276	nan	1.2
47.056700229644775	nan	1.2
47.07007956504822	nan	1.2
47.083871841430664	nan	1.2
47.096545934677124	nan	1.2
47.10780572891235	nan	1.2
47.12150835990906	nan	1.2
47.135082721710205	nan	1.2
47.145726919174194	nan	1.2
47.15717101097107	nan	1.2
47.17084789276123	nan	1.2
47.186217069625854	nan	1.2
47.198471784591675	nan	1.2
47.210044384002686	nan	1.2
47.22354340553284	nan	1.2
47.23603010177612	nan	1.2
47.24857187271118	nan	1.2
47.26090669631958	nan	1.2
47.2750244140625	nan	1.2
47.288278579711914	nan	1.2
47.2987015247345	nan	1.2
47.31155252456665	nan	1.2
47.32498550415039	nan	1.2
47.33748936653137	nan	1.2
47.34881234169006	nan	1.2
47.36262249946594	nan	1.2
47.37743544578552	nan	1.2
47.388256549835205	nan	1.2
47.39894485473633	nan	1.2
47.413228034973145	nan	1.2
47.42757868766785	nan	1.2
47.439406871795654	nan	1.2
47.45183849334717	nan	1.2
47.46527600288391	nan	1.2
47.477354764938354	nan	1.2
47.49003314971924	nan	1.2
47.5033917427063	nan	1.2
47.5169517993927	nan	1.2
47.52926206588745	nan	1.2
47.54144048690796	nan	1.2
47.554556131362915	nan	1.2
47.56774353981018	nan	1.2
47.579405307769775	nan	1.2
47.59270620346069	nan	1.2
47.606345653533936	nan	1.2
47.61976408958435	nan	1.2
47.630455017089844	nan	1.2
47.64110589027405	nan	1.2
47.65532064437866	nan	1.2
47.66899394989014	nan	1.2
47.681934118270874	nan	1.2
47.69326090812683	nan	1.2
47.7050518989563	nan	1.2
47.71816110610962	nan	1.2
47.73093605041504	nan	1.2
47.742433071136475	nan	1.2
47.75689649581909	nan	1.2
47.77144527435303	nan	1.2
47.782790422439575	nan	1.2
47.793410778045654	nan	1.2
47.80604529380798	nan	1.2
47.82006573677063	nan	1.2
47.833312034606934	nan	1.2
47.84515881538391	nan	1.2
47.86011052131653	nan	1.2
47.87435245513916	nan	1.2
47.887932777404785	nan	1.2
47.899904012680054	nan	1.2
47.91471266746521	nan	1.2
47.92784357070923	nan	1.2
47.942261695861816	nan	1.2
47.956159353256226	nan	1.2
47.970868825912476	nan	1.2
47.98531651496887	nan	1.2
47.99621629714966	nan	1.2
48.00875473022461	nan	1.2
48.02306818962097	nan	1.2
48.036768436431885	nan	1.2
48.04800534248352	nan	1.2
48.060396909713745	nan	1.2
48.07441306114197	nan	1.2
48.085355043411255	nan	1.2
48.097790241241455	nan	1.2
48.11141872406006	nan	1.2
48.125447273254395	nan	1.2
48.13910937309265	nan	1.2
48.15047097206116	nan	1.2
48.1626923084259	nan	1.2
48.17682337760925	nan	1.2
48.19076609611511	nan	1.2
48.201831102371216	nan	1.2
48.215354442596436	nan	1.2
48.22921180725098	nan	1.2
48.24111199378967	nan	1.2
48.25200819969177	nan	1.2
48.26458692550659	nan	1.2
48.27874493598938	nan	1.2
48.29297494888306	nan	1.2
48.30403470993042	nan	1.2
48.3152391910553	nan	1.2
48.32863116264343	nan	1.2
48.340336561203	nan	1.2
48.35121464729309	nan	1.2
48.364825963974	nan	1.2
48.37906789779663	nan	1.2
48.390650272369385	nan	1.2
48.40150690078735	nan	1.2
48.4147469997406	nan	1.2
48.429123401641846	nan	1.2
48.4426805973053	nan	1.2
48.456196308135986	nan	1.2
48.46889853477478	nan	1.2
48.48243689537048	nan	1.2
48.49353098869324	nan	1.2
48.506028175354004	nan	1.2
48.519734382629395	nan	1.2
48.53393340110779	nan	1.2
48.5454478263855	nan	1.2
48.55671691894531	nan	1.2
48.57096576690674	nan	1.2
48.58476114273071	nan	1.2
48.59594464302063	nan	1.2
48.608253717422485	nan	1.2
48.621641635894775	nan	1.2
48.634785652160645	nan	1.2
48.645562410354614	nan	1.2
48.659382581710815	nan	1.2
48.673858880996704	nan	1.2
48.68471050262451	nan	1.2
48.69520306587219	nan	1.2
48.70917749404907	nan	1.2
48.72526526451111	nan	1.2
48.73805212974548	nan	1.2
48.74925398826599	nan	1.2
48.7623450756073	nan	1.2
48.77544140815735	nan	1.2
48.786746978759766	nan	1.2
48.798479080200195	nan	1.2
48.81361436843872	nan	1.2
48.829811096191406	nan	1.2
48.840648889541626	nan	1.2
48.856475830078125	nan	1.2
48.87141251564026	nan	1.2
48.885886669158936	nan	1.2
48.90096306800842	nan	1.2
48.91567587852478	nan	1.2
48.928794622421265	nan	1.2
48.94240665435791	nan	1.2
48.95573830604553	nan	1.2
48.97056174278259	nan	1.2
48.985692739486694	nan	1.2
49.00002408027649	nan	1.2
49.01366353034973	nan	1.2
49.02945113182068	nan	1.2
49.04255032539368	nan	1.2
49.05753040313721	nan	1.2
49.07171940803528	nan	1.2
49.08268189430237	nan	1.2
49.09310436248779	nan	1.2
49.10678172111511	nan	1.2
49.12266540527344	nan	1.2
49.13592028617859	nan	1.2
49.147435665130615	nan	1.2
49.16163897514343	nan	1.2
49.17423725128174	nan	1.2
49.18720006942749	nan	1.2
49.19995880126953	nan	1.2
49.21371674537659	nan	1.2
49.227439165115356	nan	1.2
49.23820161819458	nan	1.2
49.250372648239136	nan	1.2
49.26578426361084	nan	1.2
49.27959442138672	nan	1.2
49.29119658470154	nan	1.2
49.30224323272705	nan	1.2
49.316646575927734	nan	1.2
49.33067035675049	nan	1.2
49.3415949344635	nan	1.2
49.35588717460632	nan	1.2
49.36905908584595	nan	1.2
49.38039946556091	nan	1.2
49.3920578956604	nan	1.2
49.40455722808838	nan	1.2
49.417903661727905	nan	1.2
49.43032169342041	nan	1.2
49.44201135635376	nan	1.2
49.45531105995178	nan	1.2
49.46867036819458	nan	1.2
49.48025059700012	nan	1.2
49.493436098098755	nan	1.2
49.5071976184845	nan	1.2
49.520967960357666	nan	1.2
49.5350604057312	nan	1.2
49.54695200920105	nan	1.2
49.56112718582153	nan	1.2
49.57431626319885	nan	1.2
49.588815450668335	nan	1.2
49.602954149246216	nan	1.2
49.61771273612976	nan	1.2
49.630247354507446	nan	1.2
49.64469623565674	nan	1.2
49.658472776412964	nan	1.2
49.67005753517151	nan	1.2
49.68126201629639	nan	1.2
49.69486618041992	nan	1.2
49.70768880844116	nan	1.2
49.71890473365784	nan	1.2
49.73171424865723	nan	1.2
49.745293378829956	nan	1.2
49.75946116447449	nan	1.2
49.770758390426636	nan	1.2
49.78121066093445	nan	1.2
49.79539084434509	nan	1.2
49.810473680496216	nan	1.2
49.822734117507935	nan	1.2
49.83342933654785	nan	1.2
49.84736394882202	nan	1.2
49.86071753501892	nan	1.2
49.875771284103394	nan	1.2
49.88938593864441	nan	1.2
49.90468192100525	nan	1.2
49.91727662086487	nan	1.2
49.92780923843384	nan	1.2
49.94132447242737	nan	1.2
49.95603895187378	nan	1.2
49.96738958358765	nan	1.2
49.980722188949585	nan	1.2
49.995280504226685	nan	1.2
50.00784516334534	nan	1.2
50.01918005943298	nan	1.2
50.0337655544281	nan	1.2
50.04845595359802	nan	1.2
50.060171604156494	nan	1.2
50.07121419906616	nan	1.2
50.084473848342896	nan	1.2
50.09897804260254	nan	1.2
50.11173057556152	nan	1.2
50.12309908866882	nan	1.2
50.13665556907654	nan	1.2
50.15069127082825	nan	1.2
50.16418385505676	nan	1.2
50.17716026306152	nan	1.2
50.191210985183716	nan	1.2
50.20619344711304	nan	1.2
50.21803641319275	nan	1.2
50.2290985584259	nan	1.2
50.244179248809814	nan	1.2
50.25904631614685	nan	1.2
50.27204251289368	nan	1.2
50.28437566757202	nan	1.2
50.297839403152466	nan	1.2
50.31143116950989	nan	1.2
50.32427525520325	nan	1.2
50.337753772735596	nan	1.2
50.35248613357544	nan	1.2
50.36500024795532	nan	1.2
50.376511096954346	nan	1.2
50.39017963409424	nan	1.2
50.40411162376404	nan	1.2
50.41599369049072	nan	1.2
50.42954230308533	nan	1.2
50.44401264190674	nan	1.2
50.45690870285034	nan	1.2
50.46800231933594	nan	1.2
50.48211145401001	nan	1.2
50.49649357795715	nan	1.2
50.50971055030823	nan	1.2
50.523112773895264	nan	1.2
50.536216735839844	nan	1.2
50.55038094520569	nan	1.2
50.56170916557312	nan	1.2
50.574095249176025	nan	1.2
50.58865284919739	nan	1.2
50.60341429710388	nan	1.2
50.61885905265808	nan	1.2
50.632378816604614	nan	1.2
50.64786672592163	nan	1.2
50.66374111175537	nan	1.2
50.680551290512085	nan	1.2
50.695476055145264	nan	1.2
50.7104926109314	nan	1.2
50.72295093536377	nan	1.2
50.73581027984619	nan	1.2
50.75106501579285	nan	1.2
50.77047920227051	nan	1.2
50.78136372566223	nan	1.2
50.796282052993774	nan	1.2
50.81637477874756	nan	1.2
50.82833170890808	nan	1.2
50.83913278579712	nan	1.2
50.85346341133118	nan	1.2
50.86768555641174	nan	1.2
50.88223719596863	nan	1.2
50.898566007614136	nan	1.2
50.9119598865509	nan	1.2
50.923972845077515	nan	1.2
50.9385507106781	nan	1.2
50.9544620513916	nan	1.2
50.972412109375	nan	1.2
50.98710489273071	nan	1.2
51.002748012542725	nan	1.2
51.016345500946045	nan	1.2
51.030877113342285	nan	1.2
51.05249047279358	nan	1.2
51.06580376625061	nan	1.2
51.07694745063782	nan	1.2
51.090646266937256	nan	1.2
51.10491991043091	nan	1.2
51.11804223060608	nan	1.2
51.12997555732727	nan	1.2
51.14426064491272	nan	1.2
51.15742492675781	nan	1.2
51.16947913169861	nan	1.2
51.18338418006897	nan	1.2
51.19733643531799	nan	1.2
51.21241807937622	nan	1.2
51.22400450706482	nan	1.2
51.23587226867676	nan	1.2
51.2499680519104	nan	1.2
51.26526069641113	nan	1.2
51.277430057525635	nan	1.2
51.291826009750366	nan	1.2
51.305800676345825	nan	1.2
51.31788754463196	nan	1.2
51.33117938041687	nan	1.2
51.34583830833435	nan	1.2
51.36042284965515	nan	1.2
51.372963666915894	nan	1.2
51.38568067550659	nan	1.2
51.39917492866516	nan	1.2
51.412630796432495	nan	1.2
51.424912452697754	nan	1.2
51.43867325782776	nan	1.2
51.456928730010986	nan	1.2
51.46844148635864	nan	1.2
51.479546308517456	nan	1.2
51.49505615234375	nan	1.2
51.50919818878174	nan	1.2
51.52038764953613	nan	1.2
51.535131216049194	nan	1.2
51.54906725883484	nan	1.2
51.56032729148865	nan	1.2
51.57233500480652	nan	1.2
51.586167097091675	nan	1.2
51.59841465950012	nan	1.2
51.6100492477417	nan	1.2
51.622886419296265	nan	1.2
51.636738777160645	nan	1.2
51.65146017074585	nan	1.2
51.66354441642761	nan	1.2
51.67822980880737	nan	1.2
51.69176149368286	nan	1.2
51.7038631439209	nan	1.2
51.71590185165405	nan	1.2
51.730010986328125	nan	1.2
51.74415111541748	nan	1.2
51.7556893825531	nan	1.2
51.76692199707031	nan	1.2
51.78156805038452	nan	1.2
51.79642081260681	nan	1.2
51.80814790725708	nan	1.2
51.82081174850464	nan	1.2
51.8346061706543	nan	1.2
51.84714889526367	nan	1.2
51.86056661605835	nan	1.2
51.87575888633728	nan	1.2
51.89035415649414	nan	1.2
51.902698040008545	nan	1.2
51.91529417037964	nan	1.2
51.92896509170532	nan	1.2
51.9402334690094	nan	1.2
51.95175886154175	nan	1.2
51.966025590896606	nan	1.2
51.98094987869263	nan	1.2
51.99320149421692	nan	1.2
52.00436806678772	nan	1.2
52.0189847946167	nan	1.2
52.03361535072327	nan	1.2
52.04713320732117	nan	1.2
52.05930542945862	nan	1.2
52.072617530822754	nan	1.2
52.08480954170227	nan	1.2
52.09752559661865	nan	1.2
52.10994839668274	nan	1.2
52.124423027038574	nan	1.2
52.137983560562134	nan	1.2
52.149391174316406	nan	1.2
52.16443228721619	nan	1.2
52.17960715293884	nan	1.2
52.19323539733887	nan	1.2
52.205647706985474	nan	1.2
52.21978259086609	nan	1.2
52.2332022190094	nan	1.2
52.244606256484985	nan	1.2
52.25831151008606	nan	1.2
52.27326440811157	nan	1.2
52.28730082511902	nan	1.2
52.29889273643494	nan	1.2
52.31116533279419	nan	1.2
52.3252534866333	nan	1.2
52.33862090110779	nan	1.2
52.350269079208374	nan	1.2
52.36392593383789	nan	1.2
52.37777018547058	nan	1.2
52.39007759094238	nan	1.2
52.403369188308716	nan	1.2
52.41757106781006	nan	1.2
52.431265354156494	nan	1.2
52.44308638572693	nan	1.2
52.455766439437866	nan	1.2
52.470641136169434	nan	1.2
52.48414850234985	nan	1.2
52.49535393714905	nan	1.2
52.50746250152588	nan	1.2
52.52125835418701	nan	1.2
52.53364658355713	nan	1.2
52.545504093170166	nan	1.2
52.558441162109375	nan	1.2
52.5723717212677	nan	1.2
52.58673071861267	nan	1.2
52.5981240272522	nan	1.2
52.61171221733093	nan	1.2
52.626357078552246	nan	1.2
52.64126539230347	nan	1.2
52.65200686454773	nan	1.2
52.66741156578064	nan	1.2
52.68118953704834	nan	1.2
52.693276166915894	nan	1.2
52.70647644996643	nan	1.2
52.720004081726074	nan	1.2
52.73403453826904	nan	1.2
52.744935035705566	nan	1.2
52.75764513015747	nan	1.2
52.771886110305786	nan	1.2
52.7848904132843	nan	1.2
52.79603314399719	nan	1.2
52.81096649169922	nan	1.2
52.826900482177734	nan	1.2
52.838536500930786	nan	1.2
52.849650382995605	nan	1.2
52.865087032318115	nan	1.2
52.88018465042114	nan	1.2
52.895174980163574	nan	1.2
52.90858459472656	nan	1.2
52.92290949821472	nan	1.2
52.93611192703247	nan	1.2
52.94962406158447	nan	1.2
52.964176654815674	nan	1.2
52.9790301322937	nan	1.2
52.993274450302124	nan	1.2
53.00738716125488	nan	1.2
53.02176117897034	nan	1.2
53.038127183914185	nan	1.2
53.05141305923462	nan	1.2
53.06945085525513	nan	1.2
53.08340525627136	nan	1.2
53.09413409233093	nan	1.2
53.11667203903198	nan	1.2
53.13170146942139	nan	1.2
53.14269423484802	nan	1.2
53.15782451629639	nan	1.2
53.17388081550598	nan	1.2
53.18816041946411	nan	1.2
53.20088458061218	nan	1.2
53.215306997299194	nan	1.2
53.22969436645508	nan	1.2
53.2409451007843	nan	1.2
53.25350379943848	nan	1.2
53.26892876625061	nan	1.2
53.28340435028076	nan	1.2
53.29510021209717	nan	1.2
53.30733942985535	nan	1.2
53.32185244560242	nan	1.2
53.336037158966064	nan	1.2
53.348143339157104	nan	1.2
53.36312961578369	nan	1.2
53.376564264297485	nan	1.2
53.388970613479614	nan	1.2
53.4008903503418	nan	1.2
53.41604018211365	nan	1.2
53.430379152297974	nan	1.2
53.441603660583496	nan	1.2
53.455310106277466	nan	1.2
53.468846559524536	nan	1.2
53.48012018203735	nan	1.2
53.492273569107056	nan	1.2
53.50629019737244	nan	1.2
53.52081775665283	nan	1.2
53.531840085983276	nan	1.2
53.5429801940918	nan	1.2
53.55749988555908	nan	1.2
53.57189607620239	nan	1.2
53.58400893211365	nan	1.2
53.59809851646423	nan	1.2
53.61269497871399	nan	1.2
53.624486684799194	nan	1.2
53.63642358779907	nan	1.2
53.65097951889038	nan	1.2
53.66495990753174	nan	1.2
53.67789053916931	nan	1.2
53.69218873977661	nan	1.2
53.70573568344116	nan	1.2
53.718247175216675	nan	1.2
53.729779958724976	nan	1.2
53.74456787109375	nan	1.2
53.75897026062012	nan	1.2
53.769935131073	nan	1.2
53.78116583824158	nan	1.2
53.79661178588867	nan	1.2
53.81185507774353	nan	1.2
53.82334113121033	nan	1.2
53.83579111099243	nan	1.2
53.85038924217224	nan	1.2
53.864909648895264	nan	1.2
53.881038188934326	nan	1.2
53.89619302749634	nan	1.2
53.91028428077698	nan	1.2
53.9239764213562	nan	1.2
53.93569278717041	nan	1.2
53.950170040130615	nan	1.2
53.96743154525757	nan	1.2
53.97888231277466	nan	1.2
53.99085187911987	nan	1.2
54.011953592300415	nan	1.2
54.024866342544556	nan	1.2
54.03823637962341	nan	1.2
54.05265474319458	nan	1.2
54.06532120704651	nan	1.2
54.07788014411926	nan	1.2
54.09089183807373	nan	1.2
54.10537552833557	nan	1.2
54.11877632141113	nan	1.2
54.13016653060913	nan	1.2
54.14389944076538	nan	1.2
54.15820932388306	nan	1.2
54.170191287994385	nan	1.2
54.182486057281494	nan	1.2
54.20835041999817	nan	1.2
54.22048497200012	nan	1.2
54.23098158836365	nan	1.2
54.246912717819214	nan	1.2
54.26207685470581	nan	1.2
54.27407956123352	nan	1.2
54.28701996803284	nan	1.2
54.301973819732666	nan	1.2
54.314284563064575	nan	1.2
54.32567811012268	nan	1.2
54.34053635597229	nan	1.2
54.3567008972168	nan	1.2
54.368635177612305	nan	1.2
54.38233256340027	nan	1.2
54.39718818664551	nan	1.2
54.40904092788696	nan	1.2
54.422086000442505	nan	1.2
54.444528102874756	nan	1.2
54.456472873687744	nan	1.2
54.46774482727051	nan	1.2
54.482306480407715	nan	1.2
54.49697399139404	nan	1.2
54.5101215839386	nan	1.2
54.52484059333801	nan	1.2
54.53904366493225	nan	1.2
54.550785303115845	nan	1.2
54.56190538406372	nan	1.2
54.57646036148071	nan	1.2
54.58965015411377	nan	1.2
54.60097885131836	nan	1.2
54.61222863197327	nan	1.2
54.62669539451599	nan	1.2
54.64025044441223	nan	1.2
54.651522397994995	nan	1.2
54.66424584388733	nan	1.2
54.677907943725586	nan	1.2
54.68950152397156	nan	1.2
54.70084547996521	nan	1.2
54.71504783630371	nan	1.2
54.72945499420166	nan	1.2
54.742422342300415	nan	1.2
54.75321865081787	nan	1.2
54.76689839363098	nan	1.2
54.7823429107666	nan	1.2
54.79534840583801	nan	1.2
54.80914616584778	nan	1.2
54.82329535484314	nan	1.2
54.83615303039551	nan	1.2
54.84867548942566	nan	1.2
54.862224817276	nan	1.2
54.876428842544556	nan	1.2
54.89126181602478	nan	1.2
54.906030893325806	nan	1.2
54.92059922218323	nan	1.2
54.93593215942383	nan	1.2
54.94949173927307	nan	1.2
54.964442014694214	nan	1.2
54.979376792907715	nan	1.2
54.993823766708374	nan	1.2
55.00801730155945	nan	1.2
55.02276277542114	nan	1.2
55.03669714927673	nan	1.2
55.05322504043579	nan	1.2
55.06697630882263	nan	1.2
55.08088207244873	nan	1.2
55.09495687484741	nan	1.2
55.10940504074097	nan	1.2
55.129435539245605	nan	1.2
55.1429283618927	nan	1.2
55.1537230014801	nan	1.2
55.16883969306946	nan	1.2
55.18531894683838	nan	1.2
55.19783854484558	nan	1.2
55.20971727371216	nan	1.2
55.22428631782532	nan	1.2
55.236238956451416	nan	1.2
55.24906587600708	nan	1.2
55.26399636268616	nan	1.2
55.27940106391907	nan	1.2
55.29074192047119	nan	1.2
55.30240988731384	nan	1.2
55.31741142272949	nan	1.2
55.330629110336304	nan	1.2
55.34262275695801	nan	1.2
55.35593366622925	nan	1.2
55.36976480484009	nan	1.2
55.38132095336914	nan	1.2
55.3944776058197	nan	1.2
55.40929579734802	nan	1.2
55.42598342895508	nan	1.2
55.437151193618774	nan	1.2
55.450868368148804	nan	1.2
55.471006870269775	nan	1.2
55.48261737823486	nan	1.2
55.49700951576233	nan	1.2
55.51139950752258	nan	1.2
55.52252221107483	nan	1.2
55.53620004653931	nan	1.2
55.55073022842407	nan	1.2
55.56462550163269	nan	1.2
55.578898906707764	nan	1.2
55.592318296432495	nan	1.2
55.606205701828	nan	1.2
55.618547201156616	nan	1.2
55.630019664764404	nan	1.2
55.64500021934509	nan	1.2
55.66490387916565	nan	1.2
55.67632436752319	nan	1.2
55.68941855430603	nan	1.2
55.70468783378601	nan	1.2
55.718355894088745	nan	1.2
55.73092317581177	nan	1.2
55.74436569213867	nan	1.2
55.75765800476074	nan	1.2
55.7689368724823	nan	1.2
55.78203845024109	nan	1.2
55.79641151428223	nan	1.2
55.810917377471924	nan	1.2
55.8230242729187	nan	1.2
55.8349027633667	nan	1.2
55.8497793674469	nan	1.2
55.86404371261597	nan	1.2
55.87768006324768	nan	1.2
55.892128229141235	nan	1.2
55.9076771736145	nan	1.2
55.918867349624634	nan	1.2
55.930957317352295	nan	1.2
55.94590711593628	nan	1.2
55.95953178405762	nan	1.2
55.9720983505249	nan	1.2
55.985076665878296	nan	1.2
55.99800682067871	nan	1.2
56.00936579704285	nan	1.2
56.02125096321106	nan	1.2
56.03566241264343	nan	1.2
56.04942774772644	nan	1.2
56.06108355522156	nan	1.2
56.07300281524658	nan	1.2
56.08629322052002	nan	1.2
56.099493980407715	nan	1.2
56.11056590080261	nan	1.2
56.1240873336792	nan	1.2
56.1381402015686	nan	1.2
56.150655031204224	nan	1.2
56.164586782455444	nan	1.2
56.17946743965149	nan	1.2
56.1955406665802	nan	1.2
56.212143898010254	nan	1.2
56.23516368865967	nan	1.2
56.24972701072693	nan	1.2
56.261131286621094	nan	1.2
56.274468660354614	nan	1.2
56.288313150405884	nan	1.2
56.30237650871277	nan	1.2
56.316596269607544	nan	1.2
56.331446170806885	nan	1.2
56.346980571746826	nan	1.2
56.35852932929993	nan	1.2
56.37226319313049	nan	1.2
56.390411376953125	nan	1.2
56.4025182723999	nan	1.2
56.43144488334656	nan	1.2
56.44518852233887	nan	1.2
56.456581115722656	nan	1.2
56.47557806968689	nan	1.2
56.490182876586914	nan	1.2
56.504356384277344	nan	1.2
56.51616954803467	nan	1.2
56.52949571609497	nan	1.2
56.54306769371033	nan	1.2
56.55495524406433	nan	1.2
56.56810140609741	nan	1.2
56.59211492538452	nan	1.2
56.60315537452698	nan	1.2
56.614107847213745	nan	1.2
56.62831401824951	nan	1.2
56.64282274246216	nan	1.2
56.655330419540405	nan	1.2
56.66999435424805	nan	1.2
56.683865547180176	nan	1.2
56.69643807411194	nan	1.2
56.709477186203	nan	1.2
56.7237331867218	nan	1.2
56.73815298080444	nan	1.2
56.74945521354675	nan	1.2
56.7605504989624	nan	1.2
56.77448868751526	nan	1.2
56.78862190246582	nan	1.2
56.80042290687561	nan	1.2
56.8141028881073	nan	1.2
56.830522298812866	nan	1.2
56.842817306518555	nan	1.2
56.853755712509155	nan	1.2
56.868993520736694	nan	1.2
56.88430833816528	nan	1.2
56.897523641586304	nan	1.2
56.912962198257446	nan	1.2
56.927446126937866	nan	1.2
56.94406485557556	nan	1.2
56.959070920944214	nan	1.2
56.97358536720276	nan	1.2
56.98763656616211	nan	1.2
57.00205659866333	nan	1.2
57.01726508140564	nan	1.2
57.03767800331116	nan	1.2
57.05238151550293	nan	1.2
57.065603494644165	nan	1.2
57.08821201324463	nan	1.2
57.10218548774719	nan	1.2
57.115952014923096	nan	1.2
57.130815267562866	nan	1.2
57.14374852180481	nan	1.2
57.15637540817261	nan	1.2
57.17146348953247	nan	1.2
57.18997025489807	nan	1.2
57.201597452163696	nan	1.2
57.21445894241333	nan	1.2
57.23159050941467	nan	1.2
57.246779441833496	nan	1.2
57.25994610786438	nan	1.2
57.281564474105835	nan	1.2
57.29223918914795	nan	1.2
57.30293655395508	nan	1.2
57.320011377334595	nan	1.2
57.33563446998596	nan	1.2
57.34741401672363	nan	1.2
57.35940146446228	nan	1.2
57.37227940559387	nan	1.2
57.38510036468506	nan	1.2
57.397183418273926	nan	1.2
57.41125297546387	nan	1.2
57.42892050743103	nan	1.2
57.44122552871704	nan	1.2
57.45318818092346	nan	1.2
57.468063831329346	nan	1.2
57.48344588279724	nan	1.2
57.49497723579407	nan	1.2
57.515973806381226	nan	1.2
57.528862714767456	nan	1.2
57.54431176185608	nan	1.2
57.57084631919861	nan	1.2
57.584383487701416	nan	1.2
57.59727215766907	nan	1.2
57.610092639923096	nan	1.2
57.62430238723755	nan	1.2
57.63649797439575	nan	1.2
57.648030281066895	nan	1.2
57.66207027435303	nan	1.2
57.67503571510315	nan	1.2
57.68636989593506	nan	1.2
57.699424028396606	nan	1.2
57.714348554611206	nan	1.2
57.72810769081116	nan	1.2
57.73870897293091	nan	1.2
57.7513530254364	nan	1.2
57.76690149307251	nan	1.2
57.78050947189331	nan	1.2
57.791280031204224	nan	1.2
57.80362558364868	nan	1.2
57.81732726097107	nan	1.2
57.83007073402405	nan	1.2
57.841821908950806	nan	1.2
57.856369733810425	nan	1.2
57.870967864990234	nan	1.2
57.8859703540802	nan	1.2
57.89947056770325	nan	1.2
57.913732290267944	nan	1.2
57.92582988739014	nan	1.2
57.938292026519775	nan	1.2
57.95258855819702	nan	1.2
57.967554569244385	nan	1.2
57.979384660720825	nan	1.2
57.98993897438049	nan	1.2
58.00476431846619	nan	1.2
58.019280195236206	nan	1.2
58.031487464904785	nan	1.2
58.04404020309448	nan	1.2
58.058284282684326	nan	1.2
58.070170402526855	nan	1.2
58.08196806907654	nan	1.2
58.09605264663696	nan	1.2
58.11081314086914	nan	1.2
58.12306475639343	nan	1.2
58.13463354110718	nan	1.2
58.14903497695923	nan	1.2
58.161051511764526	nan	1.2
58.17330551147461	nan	1.2
58.18852710723877	nan	1.2
58.20329189300537	nan	1.2
58.215715169906616	nan	1.2
58.2269172668457	nan	1.2
58.24056839942932	nan	1.2
58.25629448890686	nan	1.2
58.26964569091797	nan	1.2
58.28097629547119	nan	1.2
58.293816328048706	nan	1.2
58.3077335357666	nan	1.2
58.31999182701111	nan	1.2
58.331719398498535	nan	1.2
58.34636425971985	nan	1.2
58.35850667953491	nan	1.2
58.37249398231506	nan	1.2
58.38657093048096	nan	1.2
58.401864767074585	nan	1.2
58.41456747055054	nan	1.2
58.42566514015198	nan	1.2
58.43965697288513	nan	1.2
58.45510411262512	nan	1.2
58.467658042907715	nan	1.2
58.47947144508362	nan	1.2
58.49243140220642	nan	1.2
58.50660252571106	nan	1.2
58.517791748046875	nan	1.2
58.52949666976929	nan	1.2
58.54356074333191	nan	1.2
58.55787420272827	nan	1.2
58.56982922554016	nan	1.2
58.580615282058716	nan	1.2
58.59491968154907	nan	1.2
58.6078839302063	nan	1.2
58.61897277832031	nan	1.2
58.630955934524536	nan	1.2
58.64566421508789	nan	1.2
58.661670207977295	nan	1.2
58.6736056804657	nan	1.2
58.68861699104309	nan	1.2
58.70340132713318	nan	1.2
58.71614670753479	nan	1.2
58.72888517379761	nan	1.2
58.74216389656067	nan	1.2
58.75649547576904	nan	1.2
58.76853537559509	nan	1.2
58.780815839767456	nan	1.2
58.795618772506714	nan	1.2
58.81002235412598	nan	1.2
58.8219256401062	nan	1.2
58.83271884918213	nan	1.2
58.847452878952026	nan	1.2
58.86209797859192	nan	1.2
58.878331899642944	nan	1.2
58.89191937446594	nan	1.2
58.90694880485535	nan	1.2
58.9215567111969	nan	1.2
58.93604516983032	nan	1.2
58.950565338134766	nan	1.2
58.96651339530945	nan	1.2
58.98094391822815	nan	1.2
59.003968715667725	nan	1.2
59.026750326156616	nan	1.2
59.040802001953125	nan	1.2
59.059338092803955	nan	1.2
59.07454967498779	nan	1.2
59.09062910079956	nan	1.2
59.11171531677246	nan	1.2
59.1238477230072	nan	1.2
59.13742995262146	nan	1.2
59.15450930595398	nan	1.2
59.17280673980713	nan	1.2
59.1848680973053	nan	1.2
59.19696640968323	nan	1.2
59.21457624435425	nan	1.2
59.22784972190857	nan	1.2
59.23936462402344	nan	1.2
59.263185262680054	nan	1.2
59.2772901058197	nan	1.2
59.28924870491028	nan	1.2
59.31261205673218	nan	1.2
59.32798647880554	nan	1.2
59.34102749824524	nan	1.2
59.35611343383789	nan	1.2
59.36913323402405	nan	1.2
59.38041830062866	nan	1.2
59.39464330673218	nan	1.2
59.4173629283905	nan	1.2
59.429874420166016	nan	1.2
59.44056224822998	nan	1.2
59.45739388465881	nan	1.2
59.47404599189758	nan	1.2
59.48546552658081	nan	1.2
59.4989058971405	nan	1.2
59.513877868652344	nan	1.2
59.52511191368103	nan	1.2
59.53708815574646	nan	1.2
59.55456352233887	nan	1.2
59.568154096603394	nan	1.2
59.580302238464355	nan	1.2
59.59522819519043	nan	1.2
59.60896873474121	nan	1.2
59.62135934829712	nan	1.2
59.636269330978394	nan	1.2
59.65495157241821	nan	1.2
59.668383836746216	nan	1.2
59.68016457557678	nan	1.2
59.69633173942566	nan	1.2
59.714112520217896	nan	1.2
59.726234436035156	nan	1.2
59.73748707771301	nan	1.2
59.75262808799744	nan	1.2
59.7644829750061	nan	1.2
59.777225494384766	nan	1.2
59.79102635383606	nan	1.2
59.809675216674805	nan	1.2
59.821778774261475	nan	1.2
59.832541704177856	nan	1.2
59.84721899032593	nan	1.2
59.86382555961609	nan	1.2
59.87865948677063	nan	1.2
59.89547538757324	nan	1.2
59.91046094894409	nan	1.2
59.92291831970215	nan	1.2
59.93776798248291	nan	1.2
59.95539045333862	nan	1.2
59.97238612174988	nan	1.2
59.993248462677	nan	1.2
60.01076889038086	nan	1.2
60.032939434051514	nan	1.2
60.05100679397583	nan	1.2
60.0825617313385	nan	1.2
60.100860595703125	nan	1.2
60.120283365249634	nan	1.2
60.14067482948303	nan	1.2
60.16108584403992	nan	1.2
60.18983221054077	nan	1.2
60.20799684524536	nan	1.2
60.236902713775635	nan	1.2
60.254480838775635	nan	1.2
60.268452882766724	nan	1.2
60.2824490070343	nan	1.2
60.298155784606934	nan	1.2
60.310094118118286	nan	1.2
60.32762050628662	nan	1.2
60.35155463218689	nan	1.2
60.36935377120972	nan	1.2
60.38685154914856	nan	1.2
60.404661417007446	nan	1.2
60.419705867767334	nan	1.2
60.432257890701294	nan	1.2
60.446659088134766	nan	1.2
60.46337032318115	nan	1.2
60.47975444793701	nan	1.2
60.496299743652344	nan	1.2
60.51104712486267	nan	1.2
60.52275562286377	nan	1.2
60.53779435157776	nan	1.2
60.553441524505615	nan	1.2
60.56594371795654	nan	1.2
60.58651542663574	nan	1.2
60.60258150100708	nan	1.2
60.61542201042175	nan	1.2
60.631587743759155	nan	1.2
60.64609432220459	nan	1.2
60.65773057937622	nan	1.2
60.671343088150024	nan	1.2
60.68605399131775	nan	1.2
60.69948410987854	nan	1.2
60.715230226516724	nan	1.2
60.730114221572876	nan	1.2
60.74165177345276	nan	1.2
60.75575137138367	nan	1.2
60.77055883407593	nan	1.2
60.78629422187805	nan	1.2
60.800543546676636	nan	1.2
60.814958333969116	nan	1.2
60.82975125312805	nan	1.2
60.84543514251709	nan	1.2
60.860769748687744	nan	1.2
60.87714982032776	nan	1.2
60.891050815582275	nan	1.2
60.905779123306274	nan	1.2
60.9220027923584	nan	1.2
60.934693813323975	nan	1.2
60.94975781440735	nan	1.2
60.9643976688385	nan	1.2
60.97923302650452	nan	1.2
60.99411177635193	nan	1.2
61.00895071029663	nan	1.2
61.02295994758606	nan	1.2
61.04247689247131	nan	1.2
61.05750918388367	nan	1.2
61.07481932640076	nan	1.2
61.090139627456665	nan	1.2
61.10391640663147	nan	1.2
61.11885929107666	nan	1.2
61.134220600128174	nan	1.2
61.15060353279114	nan	1.2
61.165512800216675	nan	1.2
61.18134784698486	nan	1.2
61.196993350982666	nan	1.2
61.2096004486084	nan	1.2
61.225279331207275	nan	1.2
61.2417254447937	nan	1.2
61.255650997161865	nan	1.2
61.27131772041321	nan	1.2
61.28561592102051	nan	1.2
61.29727816581726	nan	1.2
61.30987787246704	nan	1.2
61.333820819854736	nan	1.2
61.3493127822876	nan	1.2
61.36601901054382	nan	1.2
61.383196115493774	nan	1.2
61.398844480514526	nan	1.2
61.41369867324829	nan	1.2
61.42937231063843	nan	1.2
61.444939613342285	nan	1.2
61.46630382537842	nan	1.2
61.48129177093506	nan	1.2
61.495391607284546	nan	1.2
61.510210037231445	nan	1.2
61.524264097213745	nan	1.2
61.538681745529175	nan	1.2
61.554543256759644	nan	1.2
61.56937313079834	nan	1.2
61.582181453704834	nan	1.2
61.59964203834534	nan	1.2
61.61475324630737	nan	1.2
61.62875509262085	nan	1.2
61.643959283828735	nan	1.2
61.656495332717896	nan	1.2
61.66795229911804	nan	1.2
61.68359994888306	nan	1.2
61.697614908218384	nan	1.2
61.711777210235596	nan	1.2
61.726961851119995	nan	1.2
61.740732192993164	nan	1.2
61.75371074676514	nan	1.2
61.76868486404419	nan	1.2
61.7844877243042	nan	1.2
61.80003786087036	nan	1.2
61.8160560131073	nan	1.2
61.831151247024536	nan	1.2
61.84693145751953	nan	1.2
61.863011837005615	nan	1.2
61.87927484512329	nan	1.2
61.89545297622681	nan	1.2
61.911998987197876	nan	1.2
61.92810940742493	nan	1.2
61.942046880722046	nan	1.2
61.95754957199097	nan	1.2
61.97230792045593	nan	1.2
61.98424577713013	nan	1.2
61.999025106430054	nan	1.2
62.01443696022034	nan	1.2
62.02639961242676	nan	1.2
62.0410897731781	nan	1.2
62.055947065353394	nan	1.2
62.067542552948	nan	1.2
62.08321142196655	nan	1.2
62.09823203086853	nan	1.2
62.11343955993652	nan	1.2
62.12748384475708	nan	1.2
62.1417019367218	nan	1.2
62.154895067214966	nan	1.2
62.169676542282104	nan	1.2
62.18406009674072	nan	1.2
62.196362018585205	nan	1.2
62.21042799949646	nan	1.2
62.225961446762085	nan	1.2
62.24305272102356	nan	1.2
62.257153034210205	nan	1.2
62.27212882041931	nan	1.2
62.2876923084259	nan	1.2
62.30253028869629	nan	1.2
62.31677770614624	nan	1.2
62.333932399749756	nan	1.2
62.344900608062744	nan	1.2
62.35873317718506	nan	1.2
62.37363862991333	nan	1.2
62.38728046417236	nan	1.2
62.40208196640015	nan	1.2
62.41684103012085	nan	1.2
62.42919635772705	nan	1.2
62.44253349304199	nan	1.2
62.45826172828674	nan	1.2
62.47282123565674	nan	1.2
62.48671269416809	nan	1.2
62.50206184387207	nan	1.2
62.51541805267334	nan	1.2
62.5281138420105	nan	1.2
62.54318022727966	nan	1.2
62.55941152572632	nan	1.2
62.573856353759766	nan	1.2
62.588672161102295	nan	1.2
62.60383319854736	nan	1.2
62.61739492416382	nan	1.2
62.63259959220886	nan	1.2
62.64773392677307	nan	1.2
62.6599977016449	nan	1.2
62.67339038848877	nan	1.2
62.68927240371704	nan	1.2
62.7036075592041	nan	1.2
62.716211557388306	nan	1.2
62.73138427734375	nan	1.2
62.743802547454834	nan	1.2
62.7568302154541	nan	1.2
62.775322914123535	nan	1.2
62.788254261016846	nan	1.2
62.80268859863281	nan	1.2
62.81810140609741	nan	1.2
62.8319525718689	nan	1.2
62.84455466270447	nan	1.2
62.85894441604614	nan	1.2
62.87365484237671	nan	1.2
62.88904094696045	nan	1.2
62.90430927276611	nan	1.2
62.920900106430054	nan	1.2
62.935829162597656	nan	1.2
62.951218366622925	nan	1.2
62.966261863708496	nan	1.2
62.98177099227905	nan	1.2
62.99720859527588	nan	1.2
63.0128071308136	nan	1.2
63.02815580368042	nan	1.2
63.043193101882935	nan	1.2
63.059192180633545	nan	1.2
63.07446050643921	nan	1.2
63.09021592140198	nan	1.2
63.10510730743408	nan	1.2
63.11764430999756	nan	1.2
63.13293671607971	nan	1.2
63.148032426834106	nan	1.2
63.15978717803955	nan	1.2
63.173877000808716	nan	1.2
63.18867897987366	nan	1.2
63.200231075286865	nan	1.2
63.21302843093872	nan	1.2
63.2276508808136	nan	1.2
63.24135708808899	nan	1.2
63.256343126297	nan	1.2
63.270888566970825	nan	1.2
63.283361196517944	nan	1.2
63.295494079589844	nan	1.2
63.31078886985779	nan	1.2
63.32632398605347	nan	1.2
63.34105348587036	nan	1.2
63.355254888534546	nan	1.2
63.368656873703	nan	1.2
63.382972240448	nan	1.2
63.3972282409668	nan	1.2
63.41209888458252	nan	1.2
63.426273345947266	nan	1.2
63.43837547302246	nan	1.2
63.45398783683777	nan	1.2
63.468666791915894	nan	1.2
63.481281042099	nan	1.2
63.4964702129364	nan	1.2
63.50895166397095	nan	1.2
63.520259380340576	nan	1.2
63.53575110435486	nan	1.2
63.551034450531006	nan	1.2
63.56346082687378	nan	1.2
63.57852387428284	nan	1.2
63.59313488006592	nan	1.2
63.6042537689209	nan	1.2
63.61830496788025	nan	1.2
63.636884689331055	nan	1.2
63.64903211593628	nan	1.2
63.66270208358765	nan	1.2
63.67797780036926	nan	1.2
63.69136190414429	nan	1.2
63.706838846206665	nan	1.2
63.7223756313324	nan	1.2
63.73429274559021	nan	1.2
63.747464418411255	nan	1.2
63.763070821762085	nan	1.2
63.77889347076416	nan	1.2
63.79383444786072	nan	1.2
63.80805206298828	nan	1.2
63.823328733444214	nan	1.2
63.836950063705444	nan	1.2
63.85158562660217	nan	1.2
63.8709442615509	nan	1.2
63.88731527328491	nan	1.2
63.90357160568237	nan	1.2
63.91846704483032	nan	1.2
63.9322144985199	nan	1.2
63.94688296318054	nan	1.2
63.959386587142944	nan	1.2
63.970593214035034	nan	1.2
63.98505187034607	nan	1.2
63.999868392944336	nan	1.2
64.01145815849304	nan	1.2
64.02643752098083	nan	1.2
64.04098224639893	nan	1.2
64.05231380462646	nan	1.2
64.06636261940002	nan	1.2
64.08419370651245	nan	1.2
64.0993402004242	nan	1.2
64.11293649673462	nan	1.2
64.12889504432678	nan	1.2
64.1426215171814	nan	1.2
64.15724277496338	nan	1.2
64.17314338684082	nan	1.2
64.19586229324341	nan	1.2
64.20908999443054	nan	1.2
64.22430777549744	nan	1.2
64.23842120170593	nan	1.2
64.25217723846436	nan	1.2
64.26705527305603	nan	1.2
64.27876830101013	nan	1.2
64.28974914550781	nan	1.2
64.30536913871765	nan	1.2
64.31991529464722	nan	1.2
64.33179569244385	nan	1.2
64.3472146987915	nan	1.2
64.36024808883667	nan	1.2
64.37099838256836	nan	1.2
64.38541793823242	nan	1.2
64.40049815177917	nan	1.2
64.4122211933136	nan	1.2
64.42410039901733	nan	1.2
64.44050455093384	nan	1.2
64.45440936088562	nan	1.2
64.46897578239441	nan	1.2
64.48433947563171	nan	1.2
64.49761486053467	nan	1.2
64.51093769073486	nan	1.2
64.52717328071594	nan	1.2
64.54190039634705	nan	1.2
64.556387424469	nan	1.2
64.56967997550964	nan	1.2
64.58421730995178	nan	1.2
64.59797692298889	nan	1.2
64.61201739311218	nan	1.2
64.62771010398865	nan	1.2
64.64117789268494	nan	1.2
64.65273642539978	nan	1.2
64.66881895065308	nan	1.2
64.68419027328491	nan	1.2
64.6961772441864	nan	1.2
64.71106314659119	nan	1.2
64.72566747665405	nan	1.2
64.7364547252655	nan	1.2
64.75165343284607	nan	1.2
64.76642560958862	nan	1.2
64.77904677391052	nan	1.2
64.7941505908966	nan	1.2
64.80799078941345	nan	1.2
64.81888699531555	nan	1.2
64.83120107650757	nan	1.2
64.84841680526733	nan	1.2
64.8624575138092	nan	1.2
64.87741661071777	nan	1.2
64.89281129837036	nan	1.2
64.90907216072083	nan	1.2
64.92639708518982	nan	1.2
64.94102501869202	nan	1.2
64.9559965133667	nan	1.2
64.97161984443665	nan	1.2
64.98579430580139	nan	1.2
65.00060629844666	nan	1.2
65.01573705673218	nan	1.2
65.0323691368103	nan	1.2
65.04712176322937	nan	1.2
65.06110167503357	nan	1.2
65.07648134231567	nan	1.2
65.09042692184448	nan	1.2
65.1055953502655	nan	1.2
65.1207594871521	nan	1.2
65.13270878791809	nan	1.2
65.14393281936646	nan	1.2
65.15878009796143	nan	1.2
65.17424416542053	nan	1.2
65.18595433235168	nan	1.2
65.20081949234009	nan	1.2
65.21555638313293	nan	1.2
65.22893118858337	nan	1.2
65.24506282806396	nan	1.2
65.26163387298584	nan	1.2
65.27698302268982	nan	1.2
65.29231643676758	nan	1.2
65.30831408500671	nan	1.2
65.32469296455383	nan	1.2
65.3401837348938	nan	1.2
65.35535025596619	nan	1.2
65.37080407142639	nan	1.2
65.38781523704529	nan	1.2
65.40400123596191	nan	1.2
65.42005181312561	nan	1.2
65.4373471736908	nan	1.2
65.45281147956848	nan	1.2
65.46981763839722	nan	1.2
65.48562860488892	nan	1.2
65.50304532051086	nan	1.2
65.51991438865662	nan	1.2
65.5354392528534	nan	1.2
65.55248999595642	nan	1.2
65.56930732727051	nan	1.2
65.58718800544739	nan	1.2
65.6039297580719	nan	1.2
65.6197018623352	nan	1.2
65.63563323020935	nan	1.2
65.64979529380798	nan	1.2
65.66456389427185	nan	1.2
65.67905735969543	nan	1.2
65.69360733032227	nan	1.2
65.70942378044128	nan	1.2
65.72510027885437	nan	1.2
65.73805260658264	nan	1.2
65.75301933288574	nan	1.2
65.76866960525513	nan	1.2
65.7825984954834	nan	1.2
65.7979633808136	nan	1.2
65.81390237808228	nan	1.2
65.82748460769653	nan	1.2
65.84479641914368	nan	1.2
65.85912036895752	nan	1.2
65.87347292900085	nan	1.2
65.88869285583496	nan	1.2
65.90308737754822	nan	1.2
65.91775178909302	nan	1.2
65.93275547027588	nan	1.2
65.9484133720398	nan	1.2
65.96031379699707	nan	1.2
65.97507691383362	nan	1.2
65.98981785774231	nan	1.2
66.00448226928711	nan	1.2
66.01812744140625	nan	1.2
66.03191304206848	nan	1.2
66.04600882530212	nan	1.2
66.06066012382507	nan	1.2
66.07575631141663	nan	1.2
66.09214949607849	nan	1.2
66.1051549911499	nan	1.2
66.12040996551514	nan	1.2
66.13580870628357	nan	1.2
66.1491026878357	nan	1.2
66.16595816612244	nan	1.2
66.17996335029602	nan	1.2
66.19288539886475	nan	1.2
66.20691752433777	nan	1.2
66.22243189811707	nan	1.2
66.23498439788818	nan	1.2
66.25156497955322	nan	1.2
66.26606035232544	nan	1.2
66.27760910987854	nan	1.2
66.29336428642273	nan	1.2
66.30853962898254	nan	1.2
66.32295680046082	nan	1.2
66.33833384513855	nan	1.2
66.35363554954529	nan	1.2
66.36928367614746	nan	1.2
66.38431715965271	nan	1.2
66.4005835056305	nan	1.2
66.4162745475769	nan	1.2
66.43145036697388	nan	1.2
66.44748663902283	nan	1.2
66.46418333053589	nan	1.2
66.47858381271362	nan	1.2
66.4936351776123	nan	1.2
66.50901794433594	nan	1.2
66.52637887001038	nan	1.2
66.54160261154175	nan	1.2
66.5584785938263	nan	1.2
66.5739004611969	nan	1.2
66.58967566490173	nan	1.2
66.60376906394958	nan	1.2
66.62009739875793	nan	1.2
66.63617968559265	nan	1.2
66.65153408050537	nan	1.2
66.66562294960022	nan	1.2
66.6793646812439	nan	1.2
66.69368743896484	nan	1.2
66.70810794830322	nan	1.2
66.7211799621582	nan	1.2
66.73410105705261	nan	1.2
66.75087428092957	nan	1.2
66.76667428016663	nan	1.2
66.78192591667175	nan	1.2
66.79676079750061	nan	1.2
66.81252241134644	nan	1.2
66.82757353782654	nan	1.2
66.8441162109375	nan	1.2
66.8598563671112	nan	1.2
66.87229251861572	nan	1.2
66.88728451728821	nan	1.2
66.90341424942017	nan	1.2
66.91989994049072	nan	1.2
66.93550753593445	nan	1.2
66.95150327682495	nan	1.2
66.96749711036682	nan	1.2
66.98309183120728	nan	1.2
66.99850249290466	nan	1.2
67.01329636573792	nan	1.2
67.03045749664307	nan	1.2
67.04459881782532	nan	1.2
67.05927395820618	nan	1.2
67.07574582099915	nan	1.2
67.09186863899231	nan	1.2
67.10649037361145	nan	1.2
67.12075161933899	nan	1.2
67.13784837722778	nan	1.2
67.15950322151184	nan	1.2
67.18302893638611	nan	1.2
67.19484400749207	nan	1.2
67.20624279975891	nan	1.2
67.22870421409607	nan	1.2
67.2456328868866	nan	1.2
67.26022458076477	nan	1.2
67.27567100524902	nan	1.2
67.29030179977417	nan	1.2
67.30656003952026	nan	1.2
67.32366490364075	nan	1.2
67.34147000312805	nan	1.2
67.357346534729	nan	1.2
67.39026999473572	nan	1.2
67.40809631347656	nan	1.2
67.42852592468262	nan	1.2
67.44838213920593	nan	1.2
67.47074508666992	nan	1.2
67.48774266242981	nan	1.2
67.51037883758545	nan	1.2
67.52582383155823	nan	1.2
67.53938460350037	nan	1.2
67.55248022079468	nan	1.2
67.56624794006348	nan	1.2
67.58103704452515	nan	1.2
67.59412050247192	nan	1.2
67.60824990272522	nan	1.2
67.62640929222107	nan	1.2
67.63954567909241	nan	1.2
67.65281772613525	nan	1.2
67.68343758583069	nan	1.2
67.69713521003723	nan	1.2
67.70984554290771	nan	1.2
67.72534275054932	nan	1.2
67.73891568183899	nan	1.2
67.75246238708496	nan	1.2
67.76797842979431	nan	1.2
67.79106140136719	nan	1.2
67.80221104621887	nan	1.2
67.81410837173462	nan	1.2
67.83490705490112	nan	1.2
67.84952807426453	nan	1.2
67.86291933059692	nan	1.2
67.8784749507904	nan	1.2
67.89349150657654	nan	1.2
67.9118971824646	nan	1.2
67.93009781837463	nan	1.2
67.94692420959473	nan	1.2
67.95910954475403	nan	1.2
67.97420167922974	nan	1.2
67.99240279197693	nan	1.2
68.00497436523438	nan	1.2
68.0261697769165	nan	1.2
68.04038333892822	nan	1.2
68.05127787590027	nan	1.2
68.07091021537781	nan	1.2
68.08765292167664	nan	1.2
68.10111713409424	nan	1.2
68.11444735527039	nan	1.2
68.12908577919006	nan	1.2
68.14292407035828	nan	1.2
68.15460419654846	nan	1.2
68.16821622848511	nan	1.2
68.18505001068115	nan	1.2
68.20118761062622	nan	1.2
68.21570229530334	nan	1.2
68.23826813697815	nan	1.2
68.25469708442688	nan	1.2
68.27041745185852	nan	1.2
68.29226207733154	nan	1.2
68.30811095237732	nan	1.2
68.32329535484314	nan	1.2
68.33828330039978	nan	1.2
68.35351347923279	nan	1.2
68.3700430393219	nan	1.2
68.39588189125061	nan	1.2
68.40899586677551	nan	1.2
68.42469453811646	nan	1.2
68.44587469100952	nan	1.2
68.45992469787598	nan	1.2
68.47748684883118	nan	1.2
68.4928548336029	nan	1.2
68.50878739356995	nan	1.2
68.52898645401001	nan	1.2
68.54931330680847	nan	1.2
68.56346821784973	nan	1.2
68.57586979866028	nan	1.2
68.59651899337769	nan	1.2
68.6117627620697	nan	1.2
68.62974143028259	nan	1.2
68.64498853683472	nan	1.2
68.66071248054504	nan	1.2
68.67913174629211	nan	1.2
68.69436860084534	nan	1.2
68.70962047576904	nan	1.2
68.72605276107788	nan	1.2
68.74239778518677	nan	1.2
68.75772309303284	nan	1.2
68.77346920967102	nan	1.2
68.79070043563843	nan	1.2
68.80392050743103	nan	1.2
68.81834769248962	nan	1.2
68.8361349105835	nan	1.2
68.85223293304443	nan	1.2
68.87413597106934	nan	1.2
68.89049983024597	nan	1.2
68.9040904045105	nan	1.2
68.92496633529663	nan	1.2
68.94122576713562	nan	1.2
68.95424890518188	nan	1.2
68.97245335578918	nan	1.2
68.98833680152893	nan	1.2
69.00460577011108	nan	1.2
69.02028131484985	nan	1.2
69.03497838973999	nan	1.2
69.05165815353394	nan	1.2
69.06827211380005	nan	1.2
69.0872950553894	nan	1.2
69.10325717926025	nan	1.2
69.11992049217224	nan	1.2
69.13587427139282	nan	1.2
69.15019464492798	nan	1.2
69.16609263420105	nan	1.2
69.18109178543091	nan	1.2
69.19658899307251	nan	1.2
69.21245765686035	nan	1.2
69.22806406021118	nan	1.2
69.24689602851868	nan	1.2
69.26239919662476	nan	1.2
69.27467441558838	nan	1.2
69.29267907142639	nan	1.2
69.30787301063538	nan	1.2
69.31990814208984	nan	1.2
69.3348274230957	nan	1.2
69.34890460968018	nan	1.2
69.36184620857239	nan	1.2
69.37674021720886	nan	1.2
69.39558386802673	nan	1.2
69.41281604766846	nan	1.2
69.428067445755	nan	1.2
69.4426920413971	nan	1.2
69.4550564289093	nan	1.2
69.48306202888489	nan	1.2
69.49722576141357	nan	1.2
69.50865840911865	nan	1.2
69.52703499794006	nan	1.2
69.54374384880066	nan	1.2
69.5581910610199	nan	1.2
69.57233810424805	nan	1.2
69.58698964118958	nan	1.2
69.6007080078125	nan	1.2
69.6151430606842	nan	1.2
69.62990069389343	nan	1.2
69.64518356323242	nan	1.2
69.65736126899719	nan	1.2
69.67257022857666	nan	1.2
69.68951511383057	nan	1.2
69.70079445838928	nan	1.2
69.71444582939148	nan	1.2
69.73285698890686	nan	1.2
69.74513125419617	nan	1.2
69.76016449928284	nan	1.2
69.7766854763031	nan	1.2
69.78835487365723	nan	1.2
69.80090379714966	nan	1.2
69.82047843933105	nan	1.2
69.83580207824707	nan	1.2
69.84886932373047	nan	1.2
69.86299324035645	nan	1.2
69.87695288658142	nan	1.2
69.89038825035095	nan	1.2
69.90463590621948	nan	1.2
69.9345052242279	nan	1.2
69.94654202461243	nan	1.2
69.95949578285217	nan	1.2
69.98269295692444	nan	1.2
69.997567653656	nan	1.2
70.0101535320282	nan	1.2
70.02612090110779	nan	1.2
70.03964638710022	nan	1.2
70.05523705482483	nan	1.2
70.07098245620728	nan	1.2
70.0907621383667	nan	1.2
70.10271668434143	nan	1.2
70.11567950248718	nan	1.2
70.13578963279724	nan	1.2
70.14966225624084	nan	1.2
70.16241765022278	nan	1.2
70.17918586730957	nan	1.2
70.19264483451843	nan	1.2
70.2058458328247	nan	1.2
70.22181606292725	nan	1.2
70.23837184906006	nan	1.2
70.25273513793945	nan	1.2
70.26627850532532	nan	1.2
70.28136706352234	nan	1.2
70.29363584518433	nan	1.2
70.30620956420898	nan	1.2
70.32286310195923	nan	1.2
70.33942484855652	nan	1.2
70.35142517089844	nan	1.2
70.36404967308044	nan	1.2
70.3873028755188	nan	1.2
70.40173959732056	nan	1.2
70.41456913948059	nan	1.2
70.42966890335083	nan	1.2
70.44308996200562	nan	1.2
70.45694279670715	nan	1.2
70.47347211837769	nan	1.2
70.48738098144531	nan	1.2
70.50270557403564	nan	1.2
70.52004790306091	nan	1.2
70.54019403457642	nan	1.2
70.55223751068115	nan	1.2
70.56737875938416	nan	1.2
70.58697080612183	nan	1.2
70.59898352622986	nan	1.2
70.61702704429626	nan	1.2
70.63250970840454	nan	1.2
70.64494061470032	nan	1.2
70.6700963973999	nan	1.2
70.68535804748535	nan	1.2
70.69829177856445	nan	1.2
70.71326947212219	nan	1.2
70.72693872451782	nan	1.2
70.73867869377136	nan	1.2
70.75466322898865	nan	1.2
70.77272868156433	nan	1.2
70.78783702850342	nan	1.2
70.8005199432373	nan	1.2
70.82236456871033	nan	1.2
70.83800101280212	nan	1.2
70.85012936592102	nan	1.2
70.86615943908691	nan	1.2
70.87971496582031	nan	1.2
70.89207553863525	nan	1.2
70.90839219093323	nan	1.2
70.93073916435242	nan	1.2
70.94751906394958	nan	1.2
70.96346163749695	nan	1.2
70.98224997520447	nan	1.2
70.99766397476196	nan	1.2
71.01475501060486	nan	1.2
71.03111004829407	nan	1.2
71.04599356651306	nan	1.2
71.06282424926758	nan	1.2
71.08057117462158	nan	1.2
71.09886813163757	nan	1.2
71.11175227165222	nan	1.2
71.12767004966736	nan	1.2
71.14079904556274	nan	1.2
71.15370154380798	nan	1.2
71.16882705688477	nan	1.2
71.18448758125305	nan	1.2
71.1969666481018	nan	1.2
71.21307921409607	nan	1.2
71.22931551933289	nan	1.2
71.2422022819519	nan	1.2
71.25459456443787	nan	1.2
71.27107501029968	nan	1.2
71.2869827747345	nan	1.2
71.30053281784058	nan	1.2
71.31508374214172	nan	1.2
71.33040738105774	nan	1.2
71.34352970123291	nan	1.2
71.35673499107361	nan	1.2
71.3744466304779	nan	1.2
71.39330887794495	nan	1.2
71.40521192550659	nan	1.2
71.42238163948059	nan	1.2
71.43893575668335	nan	1.2
71.4520583152771	nan	1.2
71.46487355232239	nan	1.2
71.48012781143188	nan	1.2
71.49319815635681	nan	1.2
71.50680041313171	nan	1.2
71.52407646179199	nan	1.2
71.53948926925659	nan	1.2
71.55242705345154	nan	1.2
71.5665032863617	nan	1.2
71.58291554450989	nan	1.2
71.59506511688232	nan	1.2
71.61012387275696	nan	1.2
71.62662076950073	nan	1.2
71.63953614234924	nan	1.2
71.65223097801208	nan	1.2
71.66919541358948	nan	1.2
71.6851601600647	nan	1.2
71.70007848739624	nan	1.2
71.71284604072571	nan	1.2
71.72806286811829	nan	1.2
71.74299716949463	nan	1.2
71.75516772270203	nan	1.2
71.77374768257141	nan	1.2
71.79240798950195	nan	1.2
71.8043532371521	nan	1.2
71.81801891326904	nan	1.2
71.83957028388977	nan	1.2
71.85446977615356	nan	1.2
71.8693196773529	nan	1.2
71.88486313819885	nan	1.2
71.900315284729	nan	1.2
71.9198477268219	nan	1.2
71.93654918670654	nan	1.2
71.95165205001831	nan	1.2
71.96845078468323	nan	1.2
71.98775172233582	nan	1.2
72.00323557853699	nan	1.2
72.01896405220032	nan	1.2
72.0364761352539	nan	1.2
72.05241322517395	nan	1.2
72.0727949142456	nan	1.2
72.08869814872742	nan	1.2
72.1042537689209	nan	1.2
72.12779521942139	nan	1.2
72.14316749572754	nan	1.2
72.15619015693665	nan	1.2
72.17080545425415	nan	1.2
72.18581175804138	nan	1.2
72.19808077812195	nan	1.2
72.21340751647949	nan	1.2
72.2330687046051	nan	1.2
72.24622941017151	nan	1.2
72.25849270820618	nan	1.2
72.27569317817688	nan	1.2
72.2936863899231	nan	1.2
72.30847668647766	nan	1.2
72.32303214073181	nan	1.2
72.33723092079163	nan	1.2
72.3519184589386	nan	1.2
72.36822128295898	nan	1.2
72.3833556175232	nan	1.2
72.39641547203064	nan	1.2
72.41049456596375	nan	1.2
72.42492508888245	nan	1.2
72.43784832954407	nan	1.2
72.45141935348511	nan	1.2
72.46933627128601	nan	1.2
72.48441910743713	nan	1.2
72.49633502960205	nan	1.2
72.51058149337769	nan	1.2
72.527836561203	nan	1.2
72.54141736030579	nan	1.2
72.55381345748901	nan	1.2
72.57024908065796	nan	1.2
72.58384466171265	nan	1.2
72.59690189361572	nan	1.2
72.61248683929443	nan	1.2
72.62887597084045	nan	1.2
72.64196062088013	nan	1.2
72.65630626678467	nan	1.2
72.67084765434265	nan	1.2
72.6831328868866	nan	1.2
72.69659471511841	nan	1.2
72.71228003501892	nan	1.2
72.72506928443909	nan	1.2
72.73791170120239	nan	1.2
72.75514149665833	nan	1.2
72.77098107337952	nan	1.2
72.78256583213806	nan	1.2
72.79552173614502	nan	1.2
72.81274056434631	nan	1.2
72.82763671875	nan	1.2
72.84174704551697	nan	1.2
72.85571527481079	nan	1.2
72.87085056304932	nan	1.2
72.88244295120239	nan	1.2
72.89567136764526	nan	1.2
72.91692090034485	nan	1.2
72.93348217010498	nan	1.2
72.94720959663391	nan	1.2
72.96323490142822	nan	1.2
72.97919130325317	nan	1.2
72.99261951446533	nan	1.2
73.00608420372009	nan	1.2
73.02122378349304	nan	1.2
73.03598403930664	nan	1.2
73.04833340644836	nan	1.2
73.06425333023071	nan	1.2
73.08311176300049	nan	1.2
73.09701204299927	nan	1.2
73.10874199867249	nan	1.2
73.1251118183136	nan	1.2
73.14053869247437	nan	1.2
73.15490460395813	nan	1.2
73.16817665100098	nan	1.2
73.18336391448975	nan	1.2
73.19704008102417	nan	1.2
73.20988750457764	nan	1.2
73.22609853744507	nan	1.2
73.2491545677185	nan	1.2
73.26191401481628	nan	1.2
73.27809596061707	nan	1.2
73.29470586776733	nan	1.2
73.30809307098389	nan	1.2
73.32107424736023	nan	1.2
73.3371798992157	nan	1.2
73.34965991973877	nan	1.2
73.36401295661926	nan	1.2
73.37952208518982	nan	1.2
73.39561676979065	nan	1.2
73.40810489654541	nan	1.2
73.42230153083801	nan	1.2
73.43773341178894	nan	1.2
73.45209193229675	nan	1.2
73.46509647369385	nan	1.2
73.48067021369934	nan	1.2
73.49305629730225	nan	1.2
73.50592470169067	nan	1.2
73.52548336982727	nan	1.2
73.54095458984375	nan	1.2
73.552090883255	nan	1.2
73.56468105316162	nan	1.2
73.58240246772766	nan	1.2
73.5975649356842	nan	1.2
73.61019825935364	nan	1.2
73.62533330917358	nan	1.2
73.63956451416016	nan	1.2
73.65504360198975	nan	1.2
73.66982102394104	nan	1.2
73.6883556842804	nan	1.2
73.70292162895203	nan	1.2
73.71520400047302	nan	1.2
73.73093366622925	nan	1.2
73.7468376159668	nan	1.2
73.76176595687866	nan	1.2
73.77456855773926	nan	1.2
73.78865790367126	nan	1.2
73.8050684928894	1.4232141687552466	1.2
73.81907677650452	1.4232141687552466	1.2
73.83403134346008	1.4232141687552466	1.2
73.85405421257019	1.4232141687552466	1.2
73.86660552024841	1.4230299203080417	1.2
73.88527417182922	1.4230299203080417	1.2
73.90669059753418	1.4230299203080417	1.2
73.9218385219574	1.423526957550338	1.2
73.9377179145813	1.423526957550338	1.2
73.95433616638184	1.423526957550338	1.2
73.96831202507019	1.4238946412367843	1.2
73.9846978187561	1.4238946412367843	1.2
74.0109350681305	1.4238946412367843	1.2
74.02836847305298	1.4258833438896952	1.2
74.04682636260986	1.4258833438896952	1.2
74.06585884094238	1.4258833438896952	1.2
74.08655977249146	1.42855006594371	1.2
74.10357713699341	1.42855006594371	1.2
74.1205518245697	1.42855006594371	1.2
74.14088034629822	1.4308235355892245	1.2
74.1562008857727	1.4308235355892245	1.2
74.175137758255	1.4308235355892245	1.2
74.19028234481812	1.4339936941037172	1.2
74.20338487625122	1.4339936941037172	1.2
74.21814751625061	1.4339936941037172	1.2
74.2328200340271	1.4339936941037172	1.2
74.24522089958191	1.4365745414354683	1.2
74.26236772537231	1.4365745414354683	1.2
74.28049373626709	1.4365745414354683	1.2
74.29950475692749	1.439904274516476	1.2
74.31236934661865	1.439904274516476	1.2
74.32795834541321	1.439904274516476	1.2
74.35042715072632	1.4442867229334015	1.2
74.3641095161438	1.4442867229334015	1.2
74.38351273536682	1.4442867229334015	1.2
74.39817905426025	1.4507578810471322	1.2
74.41265082359314	1.4507578810471322	1.2
74.42552328109741	1.4507578810471322	1.2
74.4415442943573	1.4507578810471322	1.2
74.45746374130249	1.456952495388546	1.2
74.46911883354187	1.456952495388546	1.2
74.48409104347229	1.456952495388546	1.2
74.50170683860779	1.4648728265948827	1.2
74.5144395828247	1.4648728265948827	1.2
74.52932476997375	1.4648728265948827	1.2
74.5464677810669	1.4648728265948827	1.2
74.5589656829834	1.471911083462212	1.2
74.57094383239746	1.471911083462212	1.2
74.59314918518066	1.471911083462212	1.2
74.60776567459106	nan	1.2
74.62065315246582	nan	1.2
74.6353406906128	nan	1.2
74.64965796470642	nan	1.2
74.66465020179749	nan	1.2
74.67941665649414	nan	1.2
74.70542621612549	nan	1.2
74.7180392742157	nan	1.2
74.73940062522888	nan	1.2
74.75611996650696	nan	1.2
74.76942086219788	nan	1.2
74.7837564945221	nan	1.2
74.79859566688538	nan	1.2
74.8116409778595	nan	1.2
74.8271427154541	nan	1.2
74.84255123138428	nan	1.2
74.85805082321167	nan	1.2
74.873286485672	nan	1.2
74.88905549049377	nan	1.2
74.90510392189026	nan	1.2
74.92255711555481	nan	1.2
74.9430136680603	nan	1.2
74.95687222480774	nan	1.2
74.96959733963013	nan	1.2
74.9879400730133	nan	1.2
75.00279140472412	nan	1.2
75.01457118988037	nan	1.2
75.03172659873962	nan	1.2
75.04873323440552	nan	1.2
75.0605046749115	nan	1.2
75.07316136360168	nan	1.2
75.0880777835846	nan	1.2
75.10135293006897	nan	1.2
75.11438012123108	nan	1.2
75.12989282608032	nan	1.2
75.15045857429504	nan	1.2
75.16326141357422	nan	1.2
75.1754138469696	nan	1.2
75.19827270507812	nan	1.2
75.21304941177368	nan	1.2
75.22542786598206	nan	1.2
75.24050045013428	nan	1.2
75.25508069992065	nan	1.2
75.26878070831299	nan	1.2
75.28466606140137	nan	1.2
75.30108308792114	nan	1.2
75.31359767913818	nan	1.2
75.3260350227356	nan	1.2
75.34943008422852	nan	1.2
75.36350536346436	nan	1.2
75.38092160224915	nan	1.2
75.39817595481873	nan	1.2
75.41064405441284	nan	1.2
75.42569208145142	nan	1.2
75.44247817993164	nan	1.2
75.45637655258179	nan	1.2
75.46809577941895	nan	1.2
75.48311233520508	nan	1.2
75.49831509590149	nan	1.2
75.51040959358215	nan	1.2
75.52552676200867	nan	1.2
75.54481911659241	nan	1.2
75.55791974067688	nan	1.2
75.5700900554657	nan	1.2
75.59294438362122	nan	1.2
75.60837292671204	nan	1.2
75.62474536895752	nan	1.2
75.6400408744812	nan	1.2
75.6540777683258	nan	1.2
75.66710448265076	nan	1.2
75.68427586555481	nan	1.2
75.69914054870605	nan	1.2
75.71416997909546	nan	1.2
75.72978353500366	nan	1.2
75.74482536315918	nan	1.2
75.75874042510986	nan	1.2
75.77489018440247	nan	1.2
75.78896903991699	nan	1.2
75.80333304405212	nan	1.2
75.82013654708862	nan	1.2
75.8367931842804	nan	1.2
75.84959387779236	nan	1.2
75.86462950706482	nan	1.2
75.88222575187683	nan	1.2
75.89421558380127	nan	1.2
75.91698741912842	nan	1.2
75.93245577812195	nan	1.2
75.94588923454285	nan	1.2
75.96766138076782	nan	1.2
75.98365330696106	nan	1.2
75.9969482421875	nan	1.2
76.01107549667358	nan	1.2
76.02646231651306	nan	1.2
76.03894305229187	nan	1.2
76.05264782905579	nan	1.2
76.07588386535645	nan	1.2
76.08853912353516	nan	1.2
76.0999960899353	nan	1.2
76.13041591644287	nan	1.2
76.14497923851013	nan	1.2
76.15932965278625	nan	1.2
76.17378091812134	nan	1.2
76.18563985824585	nan	1.2
76.20525979995728	nan	1.2
76.22140383720398	nan	1.2
76.23407316207886	nan	1.2
76.24746823310852	nan	1.2
76.26365113258362	nan	1.2
76.27584719657898	nan	1.2
76.28790712356567	nan	1.2
76.30721116065979	nan	1.2
76.3242757320404	nan	1.2
76.33622026443481	nan	1.2
76.35083985328674	nan	1.2
76.3688588142395	nan	1.2
76.3839681148529	nan	1.2
76.39828896522522	nan	1.2
76.4141743183136	nan	1.2
76.42912697792053	nan	1.2
76.4437165260315	nan	1.2
76.45889043807983	nan	1.2
76.47201251983643	nan	1.2
76.48623514175415	nan	1.2
76.5030505657196	nan	1.2
76.51776671409607	nan	1.2
76.53008079528809	nan	1.2
76.54486608505249	nan	1.2
76.56041169166565	nan	1.2
76.57362842559814	nan	1.2
76.58742928504944	nan	1.2
76.60661244392395	nan	1.2
76.61986231803894	nan	1.2
76.63248920440674	nan	1.2
76.65031814575195	nan	1.2
76.66610169410706	nan	1.2
76.67841911315918	nan	1.2
76.69250798225403	nan	1.2
76.70730376243591	nan	1.2
76.72067070007324	nan	1.2
76.7342278957367	nan	1.2
76.75339412689209	nan	1.2
76.769366979599	nan	1.2
76.78110814094543	nan	1.2
76.79556584358215	nan	1.2
76.81538605690002	nan	1.2
76.8288094997406	nan	1.2
76.84176421165466	nan	1.2
76.85737729072571	nan	1.2
76.87058806419373	nan	1.2
76.88448882102966	nan	1.2
76.90311861038208	nan	1.2
76.92117929458618	nan	1.2
76.93817949295044	nan	1.2
76.95394802093506	nan	1.2
76.97110533714294	nan	1.2
76.98742365837097	nan	1.2
77.00532507896423	nan	1.2
77.02140164375305	1.4554531234635308	1.2
77.03954529762268	1.4554531234635308	1.2
77.05755853652954	1.4554531234635308	1.2
77.07249522209167	1.4535679027913537	1.2
77.08939504623413	1.4535679027913537	1.2
77.1056261062622	1.4535679027913537	1.2
77.12089514732361	1.4516246480788295	1.2
77.1347451210022	1.4516246480788295	1.2
77.16100192070007	1.4507178774588836	1.2
77.17595553398132	1.4507178774588836	1.2
77.18789291381836	1.4507178774588836	1.2
77.211430311203	1.4507178774588836	1.2
77.22461748123169	1.4527428096239483	1.2
77.23668313026428	1.4527428096239483	1.2
77.2563738822937	1.4527428096239483	1.2
77.2707154750824	1.4545018605045748	1.2
77.28466129302979	1.4545018605045748	1.2
77.29939460754395	1.4545018605045748	1.2
77.31315565109253	1.4578052287841652	1.2
77.3265643119812	1.4578052287841652	1.2
77.34037232398987	1.4578052287841652	1.2
77.361647605896	1.461905885654868	1.2
77.3763496875763	1.461905885654868	1.2
77.39016914367676	1.461905885654868	1.2
77.40940642356873	1.461905885654868	1.2
77.4256227016449	1.4679705188595011	1.2
77.4384994506836	1.4679705188595011	1.2
77.4572184085846	1.4679705188595011	1.2
77.4706974029541	1.4741863364058823	1.2
77.48351192474365	1.4741863364058823	1.2
77.50113105773926	1.4741863364058823	1.2
77.51635575294495	1.4806169774292535	1.2
77.53168797492981	1.4806169774292535	1.2
77.5462543964386	1.4806169774292535	1.2
77.56148910522461	1.4875900236068218	1.2
77.57495856285095	1.4875900236068218	1.2
77.58870363235474	1.4875900236068218	1.2
77.61782550811768	1.494447846527777	1.2
77.63025426864624	1.494447846527777	1.2
77.64427971839905	1.494447846527777	1.2
77.66724491119385	1.5005907270095045	1.2
77.68032956123352	1.5005907270095045	1.2
77.69596290588379	1.5005907270095045	1.2
77.71017241477966	1.5055642971908993	1.2
77.72181344032288	1.5055642971908993	1.2
77.7382276058197	1.5055642971908993	1.2
77.75450444221497	1.5100108237629408	1.2
77.76811790466309	1.5100108237629408	1.2
77.78046464920044	1.5100108237629408	1.2
77.79564666748047	1.5100108237629408	1.2
77.80929684638977	1.5133185481402847	1.2
77.82344555854797	1.5133185481402847	1.2
77.84194469451904	1.5133185481402847	1.2
77.85825753211975	1.5159169234341718	1.2
77.8700270652771	1.5159169234341718	1.2
77.88347721099854	1.5159169234341718	1.2
77.90772318840027	1.5159169234341718	1.2
77.92468285560608	1.5171559158933257	1.2
77.9405825138092	1.5171559158933257	1.2
77.95658898353577	1.5185775709430662	1.2
77.97005820274353	1.5185775709430662	1.2
77.98555850982666	1.5185775709430662	1.2
78.00004935264587	1.518818046140058	1.2
78.01391983032227	1.518818046140058	1.2
78.02753758430481	1.518818046140058	1.2
78.0442316532135	1.518818046140058	1.2
78.05982899665833	1.5175737371116973	1.2
78.07336759567261	1.5175737371116973	1.2
78.08968091011047	1.5175737371116973	1.2
78.11015963554382	1.516393777696113	1.2
78.12438416481018	1.516393777696113	1.2
78.14472699165344	1.516393777696113	1.2
78.15723443031311	1.5143184209568399	1.2
78.16969132423401	1.5143184209568399	1.2
78.19263339042664	1.5143184209568399	1.2
78.20682001113892	1.5123035393000355	1.2
78.21909785270691	1.5123035393000355	1.2
78.2342255115509	1.5123035393000355	1.2
78.24846839904785	1.5098210983728917	1.2
78.26279067993164	1.5098210983728917	1.2
78.27660393714905	1.5098210983728917	1.2
78.29583239555359	1.5098210983728917	1.2
78.30913043022156	1.5075179434563497	1.2
78.32042789459229	1.5075179434563497	1.2
78.33933639526367	1.5075179434563497	1.2
78.35699152946472	1.5055580243358535	1.2
78.37083196640015	1.5055580243358535	1.2
78.38410782814026	1.5055580243358535	1.2
78.39931845664978	1.5055580243358535	1.2
78.41269826889038	1.5041597303333678	1.2
78.4261121749878	1.5041597303333678	1.2
78.44403266906738	1.5041597303333678	1.2
78.45903849601746	1.5026303449465483	1.2
78.47174668312073	1.5026303449465483	1.2
78.48688077926636	1.5026303449465483	1.2
78.50165343284607	1.501596520702947	1.2
78.51417827606201	1.501596520702947	1.2
78.52999639511108	1.501596520702947	1.2
78.54689168930054	1.5017619105617983	1.2
78.55842351913452	1.5017619105617983	1.2
78.57470560073853	1.5017619105617983	1.2
78.59332156181335	1.5017619105617983	1.2
78.60721635818481	1.5027508220450518	1.2
78.6231300830841	1.5027508220450518	1.2
78.63902282714844	1.5027508220450518	1.2
78.65490484237671	1.5043616935140898	1.2
78.67083263397217	1.5043616935140898	1.2
78.68993997573853	1.5043616935140898	1.2
78.70674586296082	1.5052681220855184	1.2
78.72734117507935	1.5052681220855184	1.2
78.75508451461792	1.5071923797733757	1.2
78.77041792869568	1.5071923797733757	1.2
78.78860259056091	1.5071923797733757	1.2
78.80629587173462	1.5071923797733757	1.2
78.82115173339844	1.509616156833791	1.2
78.83349227905273	1.509616156833791	1.2
78.84929394721985	1.509616156833791	1.2
78.86352801322937	1.5117073122873397	1.2
78.87704157829285	1.5117073122873397	1.2
78.90268111228943	1.5117073122873397	1.2
78.9187433719635	1.5133807713398293	1.2
78.9329879283905	1.5133807713398293	1.2
78.95103621482849	1.5133807713398293	1.2
78.96612501144409	1.5139687147360559	1.2
78.97861862182617	1.5139687147360559	1.2
78.99428677558899	1.5139687147360559	1.2
79.00814843177795	1.515465257942502	1.2
79.02218246459961	1.515465257942502	1.2
79.04079484939575	1.515465257942502	1.2
79.05611872673035	1.5165672204365297	1.2
79.06941723823547	1.5165672204365297	1.2
79.08344197273254	1.5165672204365297	1.2
79.09952712059021	1.5180057521350943	1.2
79.11118483543396	1.5180057521350943	1.2
79.12510085105896	1.5180057521350943	1.2
79.15396475791931	1.5201483340489306	1.2
79.16615200042725	1.5201483340489306	1.2
79.18251967430115	1.5201483340489306	1.2
79.19995760917664	1.5201483340489306	1.2
79.21287775039673	1.5229518235102888	1.2
79.22580432891846	1.5229518235102888	1.2
79.24141001701355	1.5229518235102888	1.2
79.25479674339294	1.5244553250498032	1.2
79.26850509643555	1.5244553250498032	1.2
79.2843382358551	1.5244553250498032	1.2
79.30549621582031	1.5258128010603078	1.2
79.3181722164154	1.5258128010603078	1.2
79.33262038230896	1.5258128010603078	1.2
79.35856366157532	1.5289281584304033	1.2
79.3728461265564	1.5289281584304033	1.2
79.38658833503723	1.5289281584304033	1.2
79.40138792991638	1.5289281584304033	1.2
79.41452074050903	1.5329218660227182	1.2
79.42795205116272	1.5329218660227182	1.2
79.4446542263031	1.5329218660227182	1.2
79.46358561515808	1.5379054426837986	1.2
79.47631192207336	1.5379054426837986	1.2
79.49114489555359	1.5379054426837986	1.2
79.50642323493958	1.540768803286824	1.2
79.51944041252136	1.540768803286824	1.2
79.53509545326233	1.540768803286824	1.2
79.55213451385498	1.5426221360246901	1.2
79.5650680065155	1.5426221360246901	1.2
79.58570647239685	1.5426221360246901	1.2
79.6025071144104	1.5436639374566397	1.2
79.61533904075623	1.5436639374566397	1.2
79.62906241416931	1.5436639374566397	1.2
79.64646100997925	1.5436639374566397	1.2
79.66070175170898	1.5442448611293957	1.2
79.67332410812378	1.5442448611293957	1.2
79.68861842155457	1.5442448611293957	1.2
79.70185136795044	1.5436269227920403	1.2
79.7159354686737	1.5436269227920403	1.2
79.73135828971863	1.5436269227920403	1.2
79.75039172172546	1.542947377688495	1.2
79.7639513015747	1.542947377688495	1.2
79.77804255485535	1.542947377688495	1.2
79.79636025428772	1.5418615020052155	1.2
79.80920720100403	1.5418615020052155	1.2
79.82794308662415	1.5418615020052155	1.2
79.84588027000427	1.5418615020052155	1.2
79.85786628723145	1.5384996957311372	1.2
79.87307977676392	1.5384996957311372	1.2
79.89550352096558	1.5384996957311372	1.2
79.91052675247192	1.533493777634273	1.2
79.92686653137207	1.533493777634273	1.2
79.94304513931274	1.533493777634273	1.2
79.95796871185303	1.525953353962509	1.2
79.974125623703	1.525953353962509	1.2
79.99574851989746	1.5203293442969525	1.2
80.0092396736145	1.5203293442969525	1.2
80.02140212059021	1.5203293442969525	1.2
80.04232263565063	1.5203293442969525	1.2
80.06050324440002	1.5146956212773108	1.2
80.07849192619324	1.5146956212773108	1.2
80.09551215171814	1.5146956212773108	1.2
80.1117353439331	1.508090419725744	1.2
80.12488198280334	1.508090419725744	1.2
80.14492964744568	1.508090419725744	1.2
80.16478228569031	1.5009507535549886	1.2
80.17688488960266	1.5009507535549886	1.2
80.20069718360901	1.5009507535549886	1.2
80.21751356124878	1.4943280883756862	1.2
80.23414850234985	1.4943280883756862	1.2
80.24946403503418	1.4943280883756862	1.2
80.26461696624756	1.4875813419417923	1.2
80.27818655967712	1.4875813419417923	1.2
80.29468750953674	1.4875813419417923	1.2
80.30779695510864	1.4813989432558083	1.2
80.3231794834137	1.4813989432558083	1.2
80.33923149108887	1.4813989432558083	1.2
80.35422015190125	1.4748824683624593	1.2
80.36691927909851	1.4748824683624593	1.2
80.38089156150818	1.4748824683624593	1.2
80.3961136341095	1.4686046604445706	1.2
80.4108293056488	1.4686046604445706	1.2
80.42591404914856	1.4686046604445706	1.2
80.4464750289917	1.4686046604445706	1.2
80.45886945724487	1.4648814553633762	1.2
80.4709300994873	1.4648814553633762	1.2
80.49037432670593	1.4648814553633762	1.2
80.50668597221375	1.460708281189984	1.2
80.51889157295227	1.460708281189984	1.2
80.53455257415771	1.460708281189984	1.2
80.5477921962738	1.4573843957271237	1.2
80.56373476982117	1.4573843957271237	1.2
80.57907915115356	1.4573843957271237	1.2
80.596426486969	1.4546128271286611	1.2
80.60957622528076	1.4546128271286611	1.2
80.62484049797058	1.4546128271286611	1.2
80.63934993743896	1.4523346043025742	1.2
80.65450429916382	1.4523346043025742	1.2
80.67696070671082	1.4523346043025742	1.2
80.69472360610962	1.4504358240330204	1.2
80.70664191246033	1.4504358240330204	1.2
80.72311592102051	1.4504358240330204	1.2
80.74430203437805	1.4495921662461353	1.2
80.75752878189087	1.4495921662461353	1.2
80.77320790290833	1.4495921662461353	1.2
80.7874698638916	1.4492133310970405	1.2
80.80209136009216	1.4492133310970405	1.2
80.81734538078308	1.4492133310970405	1.2
80.83599090576172	1.4492133310970405	1.2
80.85207653045654	1.4497401573333968	1.2
80.86393451690674	1.4497401573333968	1.2
80.88037443161011	1.4497401573333968	1.2
80.89976024627686	1.4520420886635121	1.2
80.91345953941345	1.4520420886635121	1.2
80.9315447807312	1.4520420886635121	1.2
80.94654870033264	1.4534010584702757	1.2
80.96021437644958	1.4534010584702757	1.2
80.9777569770813	1.4534010584702757	1.2
80.99314045906067	1.4543507553529667	1.2
81.00703430175781	1.4543507553529667	1.2
81.02577376365662	1.4543507553529667	1.2
81.0455858707428	1.4557598392269986	1.2
81.05941915512085	1.4557598392269986	1.2
81.0749123096466	1.4557598392269986	1.2
81.08870244026184	1.4583839381898334	1.2
81.10147762298584	1.4583839381898334	1.2
81.11672449111938	1.4583839381898334	1.2
81.13701128959656	1.4612379824198798	1.2
81.14916777610779	1.4612379824198798	1.2
81.16293144226074	1.4612379824198798	1.2
81.18753051757812	1.4612379824198798	1.2
81.20150518417358	1.464156624150958	1.2
81.2151927947998	1.464156624150958	1.2
81.23024797439575	1.464156624150958	1.2
81.24589681625366	1.4665950068111253	1.2
81.25907278060913	1.4665950068111253	1.2
81.27533268928528	1.4665950068111253	1.2
81.29502248764038	1.4688567902248555	1.2
81.30741477012634	1.4688567902248555	1.2
81.32104778289795	1.4688567902248555	1.2
81.34493637084961	1.4688567902248555	1.2
81.35862755775452	1.470986270327551	1.2
81.37287068367004	1.470986270327551	1.2
81.38805651664734	1.470986270327551	1.2
81.4015736579895	1.471225440170456	1.2
81.41605305671692	1.471225440170456	1.2
81.43275356292725	1.471225440170456	1.2
81.45117902755737	1.4734684504121303	1.2
81.46483564376831	1.4734684504121303	1.2
81.48131680488586	1.4734684504121303	1.2
81.49516940116882	1.4750883445987697	1.2
81.50793671607971	1.4750883445987697	1.2
81.53723978996277	1.4753407817572892	1.2
81.54968404769897	1.4753407817572892	1.2
81.56492948532104	1.4753407817572892	1.2
81.58290433883667	1.4753407817572892	1.2
81.59759545326233	1.474498154090838	1.2
81.61069655418396	1.474498154090838	1.2
81.6269850730896	1.474498154090838	1.2
81.64129972457886	1.473189080477132	1.2
81.65365266799927	1.473189080477132	1.2
81.66950511932373	1.473189080477132	1.2
81.68923282623291	1.473189080477132	1.2
81.70297312736511	1.4712595730077656	1.2
81.71520185470581	1.4712595730077656	1.2
81.73440837860107	1.4712595730077656	1.2
81.75140523910522	1.4698348852957852	1.2
81.76320290565491	1.4698348852957852	1.2
81.78177309036255	1.4698348852957852	1.2
81.80045700073242	1.4665994653641072	1.2
81.81340003013611	1.4665994653641072	1.2
81.82816004753113	1.4665994653641072	1.2
81.84305167198181	1.4651342280579958	1.2
81.85784649848938	1.4651342280579958	1.2
81.87252378463745	1.4651342280579958	1.2
81.8962333202362	1.4651342280579958	1.2
81.9103479385376	1.4626675550374677	1.2
81.92853784561157	1.4626675550374677	1.2
81.95217204093933	1.4626675550374677	1.2
81.9676742553711	1.459066067613254	1.2
81.98183345794678	1.459066067613254	1.2
81.99707102775574	1.459066067613254	1.2
82.00979733467102	1.4565197361347169	1.2
82.0240888595581	1.4565197361347169	1.2
82.04088830947876	1.4565197361347169	1.2
82.05804514884949	1.454884986804021	1.2
82.07070350646973	1.454884986804021	1.2
82.0865592956543	1.454884986804021	1.2
82.10590076446533	1.4522882420008365	1.2
82.11928391456604	1.4522882420008365	1.2
82.13806629180908	1.4522882420008365	1.2
82.15340304374695	1.4498366383811132	1.2
82.16533160209656	1.4498366383811132	1.2
82.18830251693726	1.4498366383811132	1.2
82.20533156394958	1.447979631844657	1.2
82.22032904624939	1.447979631844657	1.2
82.23615837097168	1.447979631844657	1.2
82.25235104560852	1.4456393798155456	1.2
82.26989650726318	1.4456393798155456	1.2
82.28811049461365	1.4456393798155456	1.2
82.30515789985657	1.444679658451704	1.2
82.32166886329651	1.444679658451704	1.2
82.34102821350098	1.444679658451704	1.2
82.35939979553223	1.4428450010209735	1.2
82.37496328353882	1.4428450010209735	1.2
82.39229202270508	1.4428450010209735	1.2
82.40809845924377	1.442832361937907	1.2
82.42627692222595	1.442832361937907	1.2
82.44497013092041	1.442832361937907	1.2
82.46359848976135	1.4429209853407143	1.2
82.47628569602966	1.4429209853407143	1.2
82.48983716964722	1.4429209853407143	1.2
82.51212739944458	1.4431470932389296	1.2
82.52477097511292	1.4431470932389296	1.2
82.53775763511658	1.4431470932389296	1.2
82.56277203559875	1.4431470932389296	1.2
82.57806181907654	1.4439461820460502	1.2
82.59241700172424	1.4439461820460502	1.2
82.60797429084778	1.4465825161612824	1.2
82.62079977989197	1.4465825161612824	1.2
82.63353610038757	1.4465825161612824	1.2
82.65061593055725	1.4465825161612824	1.2
82.66673064231873	1.4499112370904481	1.2
82.67891192436218	1.4499112370904481	1.2
82.69471573829651	1.4499112370904481	1.2
82.71416234970093	1.4532501702106413	1.2
82.72744750976562	1.4532501702106413	1.2
82.75797295570374	1.4572078607661427	1.2
82.77019929885864	1.4572078607661427	1.2
82.7889416217804	1.4572078607661427	1.2
82.8064558506012	1.461885253992298	1.2
82.81943798065186	1.461885253992298	1.2
82.83450984954834	1.461885253992298	1.2
82.84965872764587	1.4663630721741163	1.2
82.86690783500671	1.4663630721741163	1.2
82.88324046134949	1.4663630721741163	1.2
82.90839838981628	1.4710351057885938	1.2
82.92166113853455	1.4710351057885938	1.2
82.93937397003174	1.4710351057885938	1.2
82.9606204032898	1.4764026402399453	1.2
82.9759476184845	1.4764026402399453	1.2
82.99467778205872	1.4764026402399453	1.2
83.01000356674194	1.4810889991897405	1.2
83.0236427783966	1.4810889991897405	1.2
83.04079365730286	1.4810889991897405	1.2
83.06317687034607	1.484162174382498	1.2
83.07867217063904	1.484162174382498	1.2
83.09546399116516	1.484162174382498	1.2
83.11764454841614	1.4868896537367076	1.2
83.13772702217102	1.4868896537367076	1.2
83.15795230865479	1.4884989397239685	1.2
83.17030453681946	1.4884989397239685	1.2
83.19716930389404	1.4884989397239685	1.2
83.21375131607056	1.4892156649444444	1.2
83.23043298721313	1.4892156649444444	1.2
83.24627327919006	1.4892156649444444	1.2
83.2613673210144	1.4889010248909205	1.2
83.2775251865387	1.4889010248909205	1.2
83.29288220405579	1.4889010248909205	1.2
83.3078773021698	1.4869551345995813	1.2
83.32427048683167	1.4869551345995813	1.2
83.34140276908875	1.4869551345995813	1.2
83.36063075065613	1.4842969064454639	1.2
83.37568998336792	1.4842969064454639	1.2
83.39423608779907	1.4842969064454639	1.2
83.41173052787781	1.481713230389126	1.2
83.42693781852722	1.481713230389126	1.2
83.44244980812073	1.481713230389126	1.2
83.4586751461029	1.4779095931007782	1.2
83.47143912315369	1.4779095931007782	1.2
83.487135887146	1.4779095931007782	1.2
83.50499320030212	1.4779095931007782	1.2
83.52333545684814	1.4739302144880615	1.2
83.53568744659424	1.4739302144880615	1.2
83.5534999370575	1.4739302144880615	1.2
83.57039642333984	1.4710024250973859	1.2
83.58436989784241	1.4710024250973859	1.2
83.5995237827301	1.4710024250973859	1.2
83.61414408683777	1.4658180252269706	1.2
83.6264214515686	1.4658180252269706	1.2
83.64159274101257	1.4658180252269706	1.2
83.65832662582397	1.4658180252269706	1.2
83.67280864715576	1.461337524391316	1.2
83.68584418296814	1.461337524391316	1.2
83.70227885246277	1.461337524391316	1.2
83.71867036819458	1.4577048496832117	1.2
83.73400402069092	1.4577048496832117	1.2
83.75444102287292	1.4577048496832117	1.2
83.76870489120483	1.4546027012621587	1.2
83.78088545799255	1.4546027012621587	1.2
83.80540060997009	1.4546027012621587	1.2
83.82095980644226	1.4519961811156388	1.2
83.83544492721558	1.4519961811156388	1.2
83.85008716583252	1.4519961811156388	1.2
83.86504793167114	1.44962380556515	1.2
83.8796660900116	1.44962380556515	1.2
83.89594030380249	1.44962380556515	1.2
83.91451382637024	1.44962380556515	1.2
83.93181324005127	1.445771187918091	1.2
83.9495177268982	1.445771187918091	1.2
83.97687101364136	1.443001139890586	1.2
83.99377059936523	1.443001139890586	1.2
84.0100634098053	1.443001139890586	1.2
84.02626872062683	1.4401747307996768	1.2
84.04172968864441	1.4401747307996768	1.2
84.05757021903992	1.4401747307996768	1.2
84.07184600830078	1.4357468812327974	1.2
84.08432412147522	1.4357468812327974	1.2
84.10100030899048	1.4357468812327974	1.2
84.11614108085632	1.4331851741062185	1.2
84.12907242774963	1.4331851741062185	1.2
84.14544034004211	1.4331851741062185	1.2
84.15987968444824	1.4286849678996196	1.2
84.17357087135315	1.4286849678996196	1.2
84.19064164161682	1.4286849678996196	1.2
84.2087140083313	1.4243933001957765	1.2
84.22084379196167	1.4243933001957765	1.2
84.23416686058044	1.4243933001957765	1.2
84.25064277648926	1.4243933001957765	1.2
84.26829385757446	1.4195051264142635	1.2
84.28369069099426	1.4195051264142635	1.2
84.29789757728577	1.4195051264142635	1.2
84.31426239013672	1.41515617695147	1.2
84.32752990722656	1.41515617695147	1.2
84.34279680252075	1.41515617695147	1.2
84.36908316612244	1.4107024913998782	1.2
84.38100528717041	1.4107024913998782	1.2
84.3943042755127	1.4107024913998782	1.2
84.41291856765747	1.4107024913998782	1.2
84.42885637283325	1.4081010482734562	1.2
84.44585418701172	1.4081010482734562	1.2
84.46173357963562	1.4081010482734562	1.2
84.47543740272522	1.4050541347035153	1.2
84.48916411399841	1.4050541347035153	1.2
84.50641536712646	1.4050541347035153	1.2
84.52501630783081	1.4028632937944243	1.2
84.5369393825531	1.4028632937944243	1.2
84.55271077156067	1.4028632937944243	1.2
84.56989169120789	1.4026810709240887	1.2
84.58374428749084	1.4026810709240887	1.2
84.60220098495483	1.4026810709240887	1.2
84.61753964424133	1.402980999201166	1.2
84.63059139251709	1.402980999201166	1.2
84.64819765090942	1.402980999201166	1.2
84.665030002594	1.4047016557761296	1.2
84.67758893966675	1.4047016557761296	1.2
84.69345688819885	1.4047016557761296	1.2
84.7074568271637	1.4072793142392133	1.2
84.72274208068848	1.4072793142392133	1.2
84.74264216423035	1.4072793142392133	1.2
84.76561045646667	1.4102400180207262	1.2
84.77964186668396	1.4102400180207262	1.2
84.79751563072205	1.4128976908457926	1.2
84.81299042701721	1.4128976908457926	1.2
84.82707405090332	1.4128976908457926	1.2
84.84325623512268	1.4128976908457926	1.2
84.85813570022583	1.414699046051155	1.2
84.87372875213623	1.414699046051155	1.2
84.89314222335815	1.414699046051155	1.2
84.90688252449036	1.4159263826867048	1.2
84.92146110534668	1.4159263826867048	1.2
84.94104504585266	1.4159263826867048	1.2
84.96023631095886	1.4161343545624963	1.2
84.97624969482422	1.4161343545624963	1.2
84.99164819717407	1.4161343545624963	1.2
85.007075548172	1.4171823579871536	1.2
85.01986718177795	1.4171823579871536	1.2
85.03755688667297	1.4171823579871536	1.2
85.05653214454651	1.4171170992316675	1.2
85.0686719417572	1.4171170992316675	1.2
85.08208322525024	1.4171170992316675	1.2
85.09888744354248	1.4171170992316675	1.2
85.1153314113617	1.416191520542975	1.2
85.12860035896301	1.416191520542975	1.2
85.14417171478271	1.416191520542975	1.2
85.1588306427002	1.4143795428852648	1.2
85.17330431938171	1.4143795428852648	1.2
85.1894907951355	1.4143795428852648	1.2
85.2126739025116	1.4090900411921157	1.2
85.22612762451172	1.4090900411921157	1.2
85.24074935913086	1.4090900411921157	1.2
85.26388740539551	1.402344206704581	1.2
85.27855443954468	1.402344206704581	1.2
85.29344916343689	1.402344206704581	1.2
85.30920100212097	1.3954657620879523	1.2
85.32160091400146	1.3954657620879523	1.2
85.33729410171509	1.3954657620879523	1.2
85.3541829586029	1.3954657620879523	1.2
85.36993527412415	1.3897024234115154	1.2
85.39528489112854	1.3897024234115154	1.2
85.41037940979004	1.3832966475494466	1.2
85.42393708229065	1.3832966475494466	1.2
85.44205856323242	1.3832966475494466	1.2
85.46033453941345	1.3773871452767195	1.2
85.47240376472473	1.3773871452767195	1.2
85.48683214187622	1.3773871452767195	1.2
85.50435376167297	1.3699385723031896	1.2
85.51762413978577	1.3699385723031896	1.2
85.53195190429688	1.3699385723031896	1.2
85.54679417610168	1.3699385723031896	1.2
85.5603199005127	1.3622765350257415	1.2
85.57764911651611	1.3622765350257415	1.2
85.59345960617065	1.3622765350257415	1.2
85.60602021217346	1.352194312973007	1.2
85.61920380592346	1.352194312973007	1.2
85.64005947113037	1.352194312973007	1.2
85.65794944763184	1.3429664431507926	1.2
85.67041397094727	1.3429664431507926	1.2
85.68669843673706	1.3429664431507926	1.2
85.70443654060364	1.33572469309569	1.2
85.71732473373413	1.33572469309569	1.2
85.74040007591248	1.33572469309569	1.2
85.75477743148804	1.3296812943899474	1.2
85.76752543449402	1.3296812943899474	1.2
85.78671765327454	1.3296812943899474	1.2
85.80356502532959	1.3241443384540896	1.2
85.81633162498474	1.3241443384540896	1.2
85.83125019073486	1.3241443384540896	1.2
85.84711146354675	1.3177905236585703	1.2
85.85970902442932	1.3177905236585703	1.2
85.87574338912964	1.3177905236585703	1.2
85.90408086776733	1.31227789760815	1.2
85.91645121574402	1.31227789760815	1.2
85.93324375152588	1.31227789760815	1.2
85.95501852035522	1.3070356480915755	1.2
85.9712302684784	1.3070356480915755	1.2
85.98799657821655	1.3070356480915755	1.2
86.00302243232727	1.3023734247833048	1.2
86.01892137527466	1.3023734247833048	1.2
86.03591680526733	1.3023734247833048	1.2
86.05562019348145	1.298978230526548	1.2
86.07049608230591	1.298978230526548	1.2
86.08661341667175	1.298978230526548	1.2
86.11009001731873	1.2988779768882943	1.2
86.12697315216064	1.2988779768882943	1.2
86.14484667778015	1.2988779768882943	1.2
86.15833520889282	1.2994027288895622	1.2
86.17153692245483	1.2994027288895622	1.2
86.191654920578	1.2994027288895622	1.2
86.2077567577362	1.300170973083042	1.2
86.22471523284912	1.300170973083042	1.2
86.24043607711792	1.300170973083042	1.2
86.25515556335449	1.3011249678370134	1.2
86.26923775672913	1.3011249678370134	1.2
86.28464818000793	1.3011249678370134	1.2
86.3001070022583	1.3021639664557974	1.2
86.31682229042053	1.3021639664557974	1.2
86.34811162948608	1.3021639664557974	1.2
86.36147141456604	1.3038667702795306	1.2
86.3741729259491	1.3038667702795306	1.2
86.39835357666016	1.3038667702795306	1.2
86.41352343559265	1.3057307121194242	1.2
86.42758107185364	1.3057307121194242	1.2
86.44395065307617	1.3057307121194242	1.2
86.46144509315491	1.3083365843472665	1.2
86.47472810745239	1.3083365843472665	1.2
86.49276995658875	1.3083365843472665	1.2
86.511798620224	1.310352781050563	1.2
86.5235800743103	1.310352781050563	1.2
86.53762483596802	1.310352781050563	1.2
86.56139516830444	1.3140774861768851	1.2
86.57477307319641	1.3140774861768851	1.2
86.5899109840393	1.3140774861768851	1.2
86.60620594024658	1.316524916272687	1.2
86.62113285064697	1.316524916272687	1.2
86.63554501533508	1.316524916272687	1.2
86.65018439292908	1.316524916272687	1.2
86.67230463027954	1.319124073953327	1.2
86.68496441841125	1.319124073953327	1.2
86.700275182724	1.319124073953327	1.2
86.71845746040344	1.319124073953327	1.2
86.73444938659668	1.3208462611682015	1.2
86.74952173233032	1.3208462611682015	1.2
86.76542377471924	1.3227189291327304	1.2
86.77897310256958	1.3227189291327304	1.2
86.79453587532043	1.3227189291327304	1.2
86.81090712547302	1.3248354355429868	1.2
86.82566022872925	1.3248354355429868	1.2
86.83956575393677	1.3248354355429868	1.2
86.85505270957947	1.3271892054080543	1.2
86.86799430847168	1.3271892054080543	1.2
86.88083386421204	1.3271892054080543	1.2
86.90137243270874	1.3271892054080543	1.2
86.91618347167969	1.3294177017573088	1.2
86.9296886920929	1.3294177017573088	1.2
86.95223069190979	1.3294177017573088	1.2
86.97023868560791	1.33165255543493	1.2
86.98600816726685	1.33165255543493	1.2
87.00189924240112	1.33165255543493	1.2
87.01739311218262	1.3345432820552485	1.2
87.03167653083801	1.3345432820552485	1.2
87.04494857788086	1.3345432820552485	1.2
87.05978441238403	1.3345432820552485	1.2
87.07377004623413	1.3339287685887304	1.2
87.08669447898865	1.3339287685887304	1.2
87.11727523803711	1.334317051562162	1.2
87.12969732284546	1.334317051562162	1.2
87.14123392105103	1.334317051562162	1.2
87.1593062877655	1.334317051562162	1.2
87.17662954330444	1.3334333829309166	1.2
87.19123029708862	1.3334333829309166	1.2
87.20436429977417	1.3334333829309166	1.2
87.21985340118408	1.3334333829309166	1.2
87.23370933532715	1.3333035586427149	1.2
87.24872207641602	1.3333035586427149	1.2
87.26779770851135	1.3333035586427149	1.2
87.28461718559265	1.3321777052044488	1.2
87.296457529068	1.3321777052044488	1.2
87.31289720535278	1.3321777052044488	1.2
87.32994055747986	1.331041020222764	1.2
87.35221529006958	1.331041020222764	1.2
87.36864256858826	1.331041020222764	1.2
87.3814332485199	1.3300561011960386	1.2
87.39545488357544	1.3300561011960386	1.2
87.41248154640198	1.3300561011960386	1.2
87.43002557754517	1.3274535801020864	1.2
87.44510746002197	1.3274535801020864	1.2
87.46143841743469	1.3274535801020864	1.2
87.47696948051453	1.3246234528954406	1.2
87.49011588096619	1.3246234528954406	1.2
87.51401448249817	1.3246234528954406	1.2
87.52755045890808	1.3217151250605474	1.2
87.53971600532532	1.3217151250605474	1.2
87.5693473815918	1.3217151250605474	1.2
87.58413696289062	1.3193955713729697	1.2
87.5971040725708	1.3193955713729697	1.2
87.61309933662415	1.3193955713729697	1.2
87.6291069984436	1.3166617693971352	1.2
87.64270949363708	1.3166617693971352	1.2
87.66018199920654	1.3166617693971352	1.2
87.68193769454956	1.3144681211723932	1.2
87.69411563873291	1.3144681211723932	1.2
87.7130434513092	1.3144681211723932	1.2
87.73297953605652	1.311909629436856	1.2
87.74877429008484	1.311909629436856	1.2
87.7637243270874	1.311909629436856	1.2
87.77873182296753	1.3102428269719468	1.2
87.79100465774536	1.3102428269719468	1.2
87.8050684928894	1.3102428269719468	1.2
87.82091975212097	1.3102428269719468	1.2
87.83382487297058	1.3080720391845362	1.2
87.84698700904846	1.3080720391845362	1.2
87.86528277397156	1.3080720391845362	1.2
87.88133335113525	1.3042752190808264	1.2
87.8955020904541	1.3042752190808264	1.2
87.91072702407837	1.3042752190808264	1.2
87.92495632171631	1.3007061224804948	1.2
87.94072532653809	1.3007061224804948	1.2
87.96453475952148	1.3007061224804948	1.2
87.97885656356812	1.2977155219552767	1.2
87.99206256866455	1.2977155219552767	1.2
88.01252317428589	1.2977155219552767	1.2
88.02817916870117	1.2941041808621594	1.2
88.04134941101074	1.2941041808621594	1.2
88.05794191360474	1.2941041808621594	1.2
88.07136869430542	1.2910200364887952	1.2
88.08483147621155	1.2910200364887952	1.2
88.10030674934387	1.2910200364887952	1.2
88.11456060409546	1.2885111047675257	1.2
88.1271755695343	1.2885111047675257	1.2
88.14188313484192	1.2885111047675257	1.2
88.15861010551453	1.285804118979729	1.2
88.17196822166443	1.285804118979729	1.2
88.18648386001587	1.285804118979729	1.2
88.20449590682983	1.285804118979729	1.2
88.21975231170654	1.2840222723888195	1.2
88.23188018798828	1.2840222723888195	1.2
88.25408267974854	1.2840222723888195	1.2
88.26940321922302	1.2826617365716504	1.2
88.28351330757141	1.2826617365716504	1.2
88.29969787597656	1.2826617365716504	1.2
88.31487727165222	1.281414907986669	1.2
88.32713413238525	1.281414907986669	1.2
88.34348344802856	1.281414907986669	1.2
88.36335945129395	1.2808728456762546	1.2
88.3762514591217	1.2808728456762546	1.2
88.3921046257019	1.2808728456762546	1.2
88.42327833175659	1.2823781512318102	1.2
88.44314908981323	1.2823781512318102	1.2
88.4600157737732	1.282475026517934	1.2
88.47417449951172	1.282475026517934	1.2
88.49351119995117	1.282475026517934	1.2
88.50947737693787	1.283013482593109	1.2
88.52198076248169	1.283013482593109	1.2
88.53595185279846	1.283013482593109	1.2
88.55244755744934	1.2841212026475555	1.2
88.566969871521	1.2841212026475555	1.2
88.5824122428894	1.2841212026475555	1.2
88.5984673500061	1.2854576437976428	1.2
88.61147689819336	1.2854576437976428	1.2
88.6253457069397	1.2854576437976428	1.2
88.64347076416016	1.2854576437976428	1.2
88.66147661209106	1.2872901953481333	1.2
88.67327404022217	1.2872901953481333	1.2
88.69923138618469	1.2872901953481333	1.2
88.71636533737183	1.2889362478213953	1.2
88.72998857498169	1.2889362478213953	1.2
88.74684381484985	1.2889362478213953	1.2
88.75994992256165	1.2919351296440242	1.2
88.77458453178406	1.2919351296440242	1.2
88.79430389404297	1.2919351296440242	1.2
88.80896425247192	1.295233798865301	1.2
88.82189512252808	1.295233798865301	1.2
88.83756136894226	1.295233798865301	1.2
88.85363364219666	1.298739057152354	1.2
88.86620545387268	1.298739057152354	1.2
88.88550615310669	1.298739057152354	1.2
88.90221047401428	1.3012589072964462	1.2
88.9145016670227	1.3012589072964462	1.2
88.93765115737915	1.3012589072964462	1.2
88.95446395874023	1.3043881099837324	1.2
88.97345662117004	1.3043881099837324	1.2
88.98934006690979	1.3043881099837324	1.2
89.01047801971436	1.306775210227239	1.2
89.03392291069031	1.306775210227239	1.2
89.05244040489197	1.306775210227239	1.2
89.06962966918945	1.3090815473005364	1.2
89.08759188652039	1.3090815473005364	1.2
89.10912251472473	1.3090815473005364	1.2
89.13076663017273	1.3105174477242651	1.2
89.14727687835693	1.3105174477242651	1.2
89.16555595397949	1.3110814280941017	1.2
89.18517422676086	1.3110814280941017	1.2
89.20762729644775	1.3110814280941017	1.2
89.22263407707214	1.3120561507831776	1.2
89.23495435714722	1.3120561507831776	1.2
89.25290322303772	1.3120561507831776	1.2
89.27207159996033	1.3120561507831776	1.2
89.2860164642334	1.3106444702313005	1.2
89.29924964904785	1.3106444702313005	1.2
89.31549334526062	1.3106444702313005	1.2
89.33396363258362	1.3092249730724879	1.2
89.34958052635193	1.3092249730724879	1.2
89.36553359031677	1.3092249730724879	1.2
89.38018679618835	1.3073943168347264	1.2
89.39390540122986	1.3073943168347264	1.2
89.41837763786316	1.3073943168347264	1.2
89.43233585357666	1.3042424219145148	1.2
89.44413995742798	1.3042424219145148	1.2
89.46318984031677	1.3042424219145148	1.2
89.4798674583435	1.3018182857252565	1.2
89.49591588973999	1.3018182857252565	1.2
89.51047492027283	1.3018182857252565	1.2
89.5250735282898	1.2988294838366996	1.2
89.53892707824707	1.2988294838366996	1.2
89.55479073524475	1.2988294838366996	1.2
89.57566690444946	1.2988294838366996	1.2
89.5893759727478	1.2947982803960985	1.2
89.60185956954956	1.2947982803960985	1.2
89.62151193618774	1.2947982803960985	1.2
89.63701128959656	1.292244254233308	1.2
89.65078473091125	1.292244254233308	1.2
89.66514801979065	1.292244254233308	1.2
89.67977643013	1.2893450407501619	1.2
89.69398069381714	1.2893450407501619	1.2
89.70846152305603	1.2893450407501619	1.2
89.72723078727722	1.2893450407501619	1.2
89.74471378326416	1.285393653961463	1.2
89.75747752189636	1.285393653961463	1.2
89.77829265594482	1.285393653961463	1.2
89.79573202133179	1.2820636755599901	1.2
89.8100802898407	1.2820636755599901	1.2
89.82522010803223	1.2820636755599901	1.2
89.84042143821716	1.2780191210670444	1.2
89.85467863082886	1.2780191210670444	1.2
89.87089371681213	1.2780191210670444	1.2
89.89110040664673	1.2734302457619389	1.2
89.90479254722595	1.2734302457619389	1.2
89.92108678817749	1.2734302457619389	1.2
89.93692111968994	1.2700889828457504	1.2
89.95380520820618	1.2700889828457504	1.2
89.97731423377991	1.2700889828457504	1.2
89.99131059646606	1.2654830561223391	1.2
90.0031247138977	1.2654830561223391	1.2
90.01893877983093	1.2654830561223391	1.2
90.03938555717468	1.2621069131874605	1.2
90.05248427391052	1.2621069131874605	1.2
90.0654411315918	1.2621069131874605	1.2
90.0789430141449	1.2621069131874605	1.2
90.09162783622742	1.2596385909508956	1.2
90.10434889793396	1.2596385909508956	1.2
90.11848187446594	1.2596385909508956	1.2
90.1307144165039	1.254313740647411	1.2
90.1450686454773	1.254313740647411	1.2
90.16252279281616	1.254313740647411	1.2
90.17697262763977	1.2489633892000127	1.2
90.18915295600891	1.2489633892000127	1.2
90.20271492004395	1.2489633892000127	1.2
90.21804571151733	1.2436986105751775	1.2
90.23181676864624	1.2436986105751775	1.2
90.24525117874146	1.2436986105751775	1.2
90.2667829990387	1.2436986105751775	1.2
90.2798421382904	1.2384883781618896	1.2
90.29300332069397	1.2384883781618896	1.2
90.30929803848267	1.2384883781618896	1.2
90.3256573677063	1.2334828202420738	1.2
90.33950328826904	1.2334828202420738	1.2
90.35241985321045	1.2334828202420738	1.2
90.36643958091736	1.2334828202420738	1.2
90.38039350509644	1.229670954487759	1.2
90.39509129524231	1.229670954487759	1.2
90.41013216972351	1.229670954487759	1.2
90.42300701141357	1.226208388230487	1.2
90.43445801734924	1.226208388230487	1.2
90.44881319999695	1.226208388230487	1.2
90.4625096321106	1.223385386045871	1.2
90.47472953796387	1.223385386045871	1.2
90.48741245269775	1.223385386045871	1.2
90.51095962524414	1.2192394907230066	1.2
90.52136993408203	1.2192394907230066	1.2
90.53229284286499	1.2192394907230066	1.2
90.5467176437378	1.2192394907230066	1.2
90.56117033958435	1.2192394907230066	1.2
90.57465839385986	1.2150663402550972	1.2
90.586829662323	1.2150663402550972	1.2
90.60018873214722	1.2150663402550972	1.2
90.61433172225952	1.2139806249583671	1.2
90.62628936767578	1.2139806249583671	1.2
90.63853001594543	1.2139806249583671	1.2
90.65301132202148	1.2139806249583671	1.2
90.66718530654907	1.2150634631633896	1.2
90.6786642074585	1.2150634631633896	1.2
90.6896424293518	1.2150634631633896	1.2
90.70377922058105	1.2150634631633896	1.2
90.71847915649414	1.2150634631633896	1.2
90.73106670379639	1.2178911090964042	1.2
90.74304485321045	1.2178911090964042	1.2
90.75726056098938	1.2178911090964042	1.2
90.77077841758728	1.2206965299951982	1.2
90.7834906578064	1.2206965299951982	1.2
90.79696941375732	1.2206965299951982	1.2
90.81092238426208	1.2206965299951982	1.2
90.82246017456055	1.2244734179441834	1.2
90.83563232421875	1.2244734179441834	1.2
90.84893846511841	1.2244734179441834	1.2
90.86385989189148	1.2291048345351399	1.2
90.87664008140564	1.2291048345351399	1.2
90.88799118995667	1.2291048345351399	1.2
90.90200209617615	1.2291048345351399	1.2
90.91719484329224	1.2341744023622705	1.2
90.92876243591309	1.2341744023622705	1.2
90.94290590286255	1.2341744023622705	1.2
90.95873069763184	1.2341744023622705	1.2
90.97285604476929	1.238996528933351	1.2
90.98634552955627	1.238996528933351	1.2
91.00099015235901	1.238996528933351	1.2
91.01545238494873	1.2448351654858305	1.2
91.02893280982971	1.2448351654858305	1.2
91.04068803787231	1.2448351654858305	1.2
91.05426359176636	1.2448351654858305	1.2
91.06790447235107	1.2506265890975214	1.2
91.07977724075317	1.2506265890975214	1.2
91.09326529502869	1.2506265890975214	1.2
91.1082034111023	1.2506265890975214	1.2
91.12182903289795	1.2546543484741635	1.2
91.1326732635498	1.2546543484741635	1.2
91.14522957801819	1.2546543484741635	1.2
91.16618061065674	1.2546543484741635	1.2
91.18102765083313	1.2583569876367249	1.2
91.19473171234131	1.2583569876367249	1.2
91.20863175392151	1.2583569876367249	1.2
91.22165012359619	1.2595865121741343	1.2
91.23425316810608	1.2595865121741343	1.2
91.24735856056213	1.2595865121741343	1.2
91.27039909362793	1.2595865121741343	1.2
91.2847032546997	1.2620434425599252	1.2
91.29674506187439	1.2620434425599252	1.2
91.31230640411377	1.2620434425599252	1.2
91.32869029045105	1.2606176854576188	1.2
91.3419406414032	1.2606176854576188	1.2
91.35607767105103	1.2606176854576188	1.2
91.36970138549805	1.2606176854576188	1.2
91.38106417655945	1.2573361381158812	1.2
91.39370393753052	1.2573361381158812	1.2
91.40905952453613	1.2573361381158812	1.2
91.42428636550903	1.252865935763754	1.2
91.43631386756897	1.252865935763754	1.2
91.4482159614563	1.252865935763754	1.2
91.463063955307	1.252865935763754	1.2
91.47516679763794	1.2478334138480487	1.2
91.48697686195374	1.2478334138480487	1.2
91.50171875953674	1.2478334138480487	1.2
91.51936101913452	1.2478334138480487	1.2
91.53061723709106	1.2429194941470603	1.2
91.54149985313416	1.2429194941470603	1.2
91.55554413795471	1.2429194941470603	1.2
91.5699315071106	1.2429194941470603	1.2
91.58175206184387	1.2370108589605961	1.2
91.59291315078735	1.2370108589605961	1.2
91.60740923881531	1.2370108589605961	1.2
91.62181687355042	1.2370108589605961	1.2
91.63626480102539	1.2310346449183882	1.2
91.64738345146179	1.2310346449183882	1.2
91.66098165512085	1.2310346449183882	1.2
91.67381834983826	1.2244258640958106	1.2
91.68588829040527	1.2244258640958106	1.2
91.70009303092957	1.2244258640958106	1.2
91.71519064903259	1.2244258640958106	1.2
91.73105502128601	1.218010829311423	1.2
91.74212622642517	1.218010829311423	1.2
91.75788855552673	1.218010829311423	1.2
91.77297377586365	1.218010829311423	1.2
91.78719758987427	1.2105146233614739	1.2
91.79964637756348	1.2105146233614739	1.2
91.81422090530396	1.2105146233614739	1.2
91.82737946510315	1.20564246916338	1.2
91.84179186820984	1.20564246916338	1.2
91.85463380813599	1.20564246916338	1.2
91.86973118782043	1.20564246916338	1.2
91.88154745101929	1.2021527990425227	1.2
91.89268207550049	1.2021527990425227	1.2
91.90691184997559	1.2021527990425227	1.2
91.91950464248657	1.1998212891684752	1.2
91.93303918838501	1.1998212891684752	1.2
91.9471583366394	1.1998212891684752	1.2
91.96210026741028	1.1998212891684752	1.2
91.97715902328491	1.1980904441082691	1.2
91.9885904788971	1.1980904441082691	1.2
92.00303530693054	1.1980904441082691	1.2
92.01768851280212	1.1980904441082691	1.2
92.03053140640259	1.1964652146402748	1.2
92.04236817359924	1.1964652146402748	1.2
92.05544543266296	1.1964652146402748	1.2
92.06930685043335	1.194806224591392	1.2
92.08175253868103	1.194806224591392	1.2
92.09393525123596	1.194806224591392	1.2
92.10815191268921	1.194806224591392	1.2
92.12321925163269	1.194806224591392	1.2
92.13488435745239	1.1948915526464692	1.2
92.1457302570343	1.1948915526464692	1.2
92.15934634208679	1.1948915526464692	1.2
92.17370963096619	1.1948915526464692	1.2
92.18764686584473	1.1947053278468578	1.2
92.20064496994019	1.1947053278468578	1.2
92.21448159217834	1.1947053278468578	1.2
92.22809958457947	1.1953211018074597	1.2
92.24087762832642	1.1953211018074597	1.2
92.25457835197449	1.1953211018074597	1.2
92.27043104171753	1.1953211018074597	1.2
92.28323197364807	1.1960053110731441	1.2
92.29410099983215	1.1960053110731441	1.2
92.30815482139587	1.1960053110731441	1.2
92.32278347015381	1.1960053110731441	1.2
92.3355348110199	1.19644837942017	1.2
92.3465211391449	1.19644837942017	1.2
92.36030197143555	1.19644837942017	1.2
92.37612128257751	1.19644837942017	1.2
92.38955426216125	1.197812430568188	1.2
92.40313124656677	1.197812430568188	1.2
92.41776514053345	1.197812430568188	1.2
92.43255805969238	1.1984367659899828	1.2
92.44431185722351	1.1984367659899828	1.2
92.45720553398132	1.1984367659899828	1.2
92.47130680084229	1.1984367659899828	1.2
92.48249077796936	1.1983717625292618	1.2
92.49422454833984	1.1983717625292618	1.2
92.50774931907654	1.1983717625292618	1.2
92.52395343780518	1.1981281468361198	1.2
92.5352394580841	1.1981281468361198	1.2
92.54720568656921	1.1981281468361198	1.2
92.56093740463257	1.1981281468361198	1.2
92.57592606544495	1.1981281468361198	1.2
92.58707737922668	1.1996925163492882	1.2
92.59814667701721	1.1996925163492882	1.2
92.61280488967896	1.1996925163492882	1.2
92.6271984577179	1.1996925163492882	1.2
92.6398446559906	1.2013175492832215	1.2
92.652756690979	1.2013175492832215	1.2
92.66663479804993	1.2013175492832215	1.2
92.67984795570374	1.2036975558527392	1.2
92.69211292266846	1.2036975558527392	1.2
92.70545816421509	1.2036975558527392	1.2
92.72029876708984	1.2036975558527392	1.2
92.73458814620972	1.2072697590927746	1.2
92.74538850784302	1.2072697590927746	1.2
92.75967764854431	1.2072697590927746	1.2
92.7749228477478	1.2072697590927746	1.2
92.79033470153809	1.2118070954623543	1.2
92.80292892456055	1.2118070954623543	1.2
92.8157389163971	1.2118070954623543	1.2
92.83008527755737	1.2118070954623543	1.2
92.84171605110168	1.2169669047704463	1.2
92.85268259048462	1.2169669047704463	1.2
92.8672547340393	1.2169669047704463	1.2
92.88132762908936	1.2207112811632557	1.2
92.8937349319458	1.2207112811632557	1.2
92.90501666069031	1.2207112811632557	1.2
92.91946077346802	1.2207112811632557	1.2
92.93422794342041	1.2256722065968968	1.2
92.94628882408142	1.2256722065968968	1.2
92.96063494682312	1.2256722065968968	1.2
92.97634100914001	1.2256722065968968	1.2
92.98811769485474	1.231205113507951	1.2
92.99950790405273	1.231205113507951	1.2
93.01404881477356	1.231205113507951	1.2
93.02910089492798	1.231205113507951	1.2
93.04261755943298	1.237247937336215	1.2
93.05507135391235	1.237247937336215	1.2
93.06921005249023	1.237247937336215	1.2
93.08244323730469	1.2427801721698746	1.2
93.09545183181763	1.2427801721698746	1.2
93.10897755622864	1.2427801721698746	1.2
93.1231107711792	1.2483056167557764	1.2
93.13520121574402	1.2483056167557764	1.2
93.14695048332214	1.2483056167557764	1.2
93.16198110580444	1.2483056167557764	1.2
93.176677942276	1.2483056167557764	1.2
93.18922591209412	1.253973297758402	1.2
93.20028567314148	1.253973297758402	1.2
93.21474385261536	1.253973297758402	1.2
93.22948718070984	1.2582905109995484	1.2
93.2414436340332	1.2582905109995484	1.2
93.2538549900055	1.2582905109995484	1.2
93.26904964447021	1.2582905109995484	1.2
93.28095769882202	1.2618208284944425	1.2
93.29299211502075	1.2618208284944425	1.2
93.30616760253906	1.2618208284944425	1.2
93.32099318504333	1.2618208284944425	1.2
93.3325343132019	1.2657777133310117	1.2
93.34433674812317	1.2657777133310117	1.2
93.35704779624939	1.2657777133310117	1.2
93.37122535705566	1.2710200395966573	1.2
93.38262796401978	1.2710200395966573	1.2
93.39460158348083	1.2710200395966573	1.2
93.4096269607544	1.2710200395966573	1.2
93.42403745651245	1.2743703662216783	1.2
93.43564796447754	1.2743703662216783	1.2
93.44719815254211	1.2743703662216783	1.2
93.46159887313843	1.2743703662216783	1.2
93.47647166252136	1.2778323655916246	1.2
93.48878884315491	1.2778323655916246	1.2
93.50119113922119	1.2778323655916246	1.2
93.51516056060791	1.2778323655916246	1.2
93.52872323989868	1.2806662394035828	1.2
93.54067873954773	1.2806662394035828	1.2
93.55420660972595	1.2806662394035828	1.2
93.56953549385071	1.2806662394035828	1.2
93.58429455757141	1.283549847060766	1.2
93.59553647041321	1.283549847060766	1.2
93.60744166374207	1.283549847060766	1.2
93.62267112731934	1.283549847060766	1.2
93.63598918914795	1.2833507597894245	1.2
93.64959836006165	1.2833507597894245	1.2
93.6640522480011	1.2833507597894245	1.2
93.67782688140869	1.282501536062282	1.2
93.690500497818	1.282501536062282	1.2
93.70448613166809	1.282501536062282	1.2
93.7196433544159	1.282501536062282	1.2
93.74214315414429	1.2806577092765676	1.2
93.75478911399841	1.2806577092765676	1.2
93.7685616016388	1.2806577092765676	1.2
93.78123641014099	1.2763861880681453	1.2
93.79295825958252	1.2763861880681453	1.2
93.80746626853943	1.2763861880681453	1.2
93.82348442077637	1.2763861880681453	1.2
93.83487248420715	1.2702970961938225	1.2
93.84588289260864	1.2702970961938225	1.2
93.86060690879822	1.2702970961938225	1.2
93.87536668777466	1.2702970961938225	1.2
93.88710570335388	1.2620407358838786	1.2
93.89891386032104	1.2620407358838786	1.2
93.91423416137695	1.2620407358838786	1.2
93.92831873893738	1.253000738180617	1.2
93.9402334690094	1.253000738180617	1.2
93.9547061920166	1.253000738180617	1.2
93.96947503089905	1.253000738180617	1.2
93.98337173461914	1.2445220949138371	1.2
93.99724888801575	1.2445220949138371	1.2
94.01243996620178	1.2445220949138371	1.2
94.02837634086609	1.2445220949138371	1.2
94.04149985313416	1.2361494271407096	1.2
94.05615448951721	1.2361494271407096	1.2
94.0709056854248	1.2361494271407096	1.2
94.08670592308044	1.2274439350541797	1.2
94.09959435462952	1.2274439350541797	1.2
94.11390161514282	1.2274439350541797	1.2
94.1288890838623	1.2274439350541797	1.2
94.14319801330566	1.2193801087674152	1.2
94.15539288520813	1.2193801087674152	1.2
94.17037391662598	1.2193801087674152	1.2
94.18652701377869	1.2116014306190546	1.2
94.19870710372925	1.2116014306190546	1.2
94.2110104560852	1.2116014306190546	1.2
94.22541570663452	1.2116014306190546	1.2
94.24005317687988	1.2049627664336615	1.2
94.25152158737183	1.2049627664336615	1.2
94.26424908638	1.2049627664336615	1.2
94.2784309387207	1.2049627664336615	1.2
94.28986501693726	1.200173491927656	1.2
94.30306553840637	1.200173491927656	1.2
94.31711173057556	1.200173491927656	1.2
94.33094429969788	1.1966400190675732	1.2
94.34244346618652	1.1966400190675732	1.2
94.35456156730652	1.1966400190675732	1.2
94.36842322349548	1.1966400190675732	1.2
94.38177108764648	1.1953457857601195	1.2
94.39373517036438	1.1953457857601195	1.2
94.40768957138062	1.1953457857601195	1.2
94.42249250411987	1.1953457857601195	1.2
94.43598127365112	1.1956264746865777	1.2
94.4473705291748	1.1956264746865777	1.2
94.46109104156494	1.1956264746865777	1.2
94.47635221481323	1.1956264746865777	1.2
94.49084162712097	1.1952745725495357	1.2
94.50442957878113	1.1952745725495357	1.2
94.51842260360718	1.1952745725495357	1.2
94.53273677825928	1.1952781313409446	1.2
94.54500222206116	1.1952781313409446	1.2
94.55650329589844	1.1952781313409446	1.2
94.57097840309143	1.1952781313409446	1.2
94.58581781387329	1.1952781313409446	1.2
94.59821510314941	1.1956106314452564	1.2
94.60910868644714	1.1956106314452564	1.2
94.62431025505066	1.1956106314452564	1.2
94.63895010948181	1.1956106314452564	1.2
94.65038824081421	1.196722049834657	1.2
94.66244792938232	1.196722049834657	1.2
94.67650556564331	1.196722049834657	1.2
94.69127798080444	1.196722049834657	1.2
94.7056303024292	1.196447041676361	1.2
94.71845889091492	1.196447041676361	1.2
94.73255395889282	1.196447041676361	1.2
94.74747681617737	1.1961440501033274	1.2
94.76174211502075	1.1961440501033274	1.2
94.77422213554382	1.1961440501033274	1.2
94.78931665420532	1.1961440501033274	1.2
94.80413794517517	1.1961115238965605	1.2
94.81544351577759	1.1961115238965605	1.2
94.8267388343811	1.1961115238965605	1.2
94.84190559387207	1.1961115238965605	1.2
94.85627770423889	1.1961115238965605	1.2
94.86941480636597	1.1965526518579837	1.2
94.8807156085968	1.1965526518579837	1.2
94.89492845535278	1.1965526518579837	1.2
94.90775990486145	1.1995370694061613	1.2
94.92006850242615	1.1995370694061613	1.2
94.9328305721283	1.1995370694061613	1.2
94.94787526130676	1.1995370694061613	1.2
94.96281838417053	nan	1.2
94.9780523777008	nan	1.2
94.9937813282013	nan	1.2
95.00887298583984	nan	1.2
95.0216326713562	nan	1.2
95.03296971321106	nan	1.2
95.04762506484985	nan	1.2
95.05997109413147	nan	1.2
95.08275413513184	nan	1.2
95.0968599319458	nan	1.2
95.11078810691833	nan	1.2
95.12238717079163	nan	1.2
95.13649988174438	nan	1.2
95.14899373054504	nan	1.2
95.16036605834961	nan	1.2
95.17488598823547	nan	1.2
95.19003295898438	nan	1.2
95.20376873016357	nan	1.2
95.21475028991699	nan	1.2
95.22940039634705	nan	1.2
95.24436783790588	nan	1.2
95.25666952133179	nan	1.2
95.27000331878662	nan	1.2
95.28397226333618	nan	1.2
95.29614877700806	nan	1.2
95.30865812301636	nan	1.2
95.32321047782898	nan	1.2
95.33745670318604	nan	1.2
95.35185027122498	nan	1.2
95.36315417289734	nan	1.2
95.37777996063232	nan	1.2
95.39176774024963	nan	1.2
95.40464091300964	nan	1.2
95.41862273216248	nan	1.2
95.4318745136261	nan	1.2
95.44570207595825	nan	1.2
95.4590814113617	nan	1.2
95.47423720359802	nan	1.2
95.48716759681702	nan	1.2
95.49812531471252	nan	1.2
95.51102709770203	nan	1.2
95.52614831924438	nan	1.2
95.53939938545227	nan	1.2
95.55261206626892	nan	1.2
95.56778383255005	nan	1.2
95.58046317100525	nan	1.2
95.59157347679138	nan	1.2
95.6054105758667	nan	1.2
95.61989760398865	nan	1.2
95.6340970993042	nan	1.2
95.64555931091309	nan	1.2
95.65871405601501	nan	1.2
95.67266392707825	nan	1.2
95.68384075164795	nan	1.2
95.69654178619385	nan	1.2
95.7112648487091	nan	1.2
95.72605609893799	nan	1.2
95.73717045783997	nan	1.2
95.74802851676941	nan	1.2
95.76241254806519	nan	1.2
95.7781720161438	nan	1.2
95.79090785980225	nan	1.2
95.80288743972778	nan	1.2
95.81690812110901	nan	1.2
95.82909727096558	nan	1.2
95.8411386013031	nan	1.2
95.85603332519531	nan	1.2
95.87088203430176	nan	1.2
95.88321161270142	nan	1.2
95.89505100250244	nan	1.2
95.90909767150879	nan	1.2
95.92372012138367	nan	1.2
95.93537282943726	nan	1.2
95.94817900657654	nan	1.2
95.96313095092773	nan	1.2
95.97815918922424	nan	1.2
95.99252343177795	nan	1.2
96.00748586654663	nan	1.2
96.02209401130676	nan	1.2
96.03470611572266	nan	1.2
96.04616808891296	nan	1.2
96.06055498123169	nan	1.2
96.07362627983093	nan	1.2
96.08578824996948	nan	1.2
96.09927606582642	nan	1.2
96.11347317695618	nan	1.2
96.12513399124146	nan	1.2
96.13800740242004	nan	1.2
96.15226578712463	nan	1.2
96.16739439964294	nan	1.2
96.18150448799133	nan	1.2
96.19225668907166	nan	1.2
96.20768904685974	nan	1.2
96.22262263298035	nan	1.2
96.23413300514221	nan	1.2
96.24570965766907	nan	1.2
96.25997281074524	nan	1.2
96.27294826507568	nan	1.2
96.2852885723114	nan	1.2
96.29874968528748	nan	1.2
96.31440997123718	nan	1.2
96.32760715484619	nan	1.2
96.34023237228394	nan	1.2
96.3538875579834	nan	1.2
96.36772918701172	nan	1.2
96.37941265106201	nan	1.2
96.393878698349	nan	1.2
96.40960240364075	nan	1.2
96.42238664627075	nan	1.2
96.4334545135498	nan	1.2
96.44771885871887	nan	1.2
96.46293091773987	nan	1.2
96.47573256492615	nan	1.2
96.48765516281128	nan	1.2
96.50096011161804	nan	1.2
96.51361513137817	nan	1.2
96.52539730072021	nan	1.2
96.53735780715942	nan	1.2
96.55189490318298	nan	1.2
96.56561851501465	nan	1.2
96.58023500442505	nan	1.2
96.59377264976501	nan	1.2
96.60832810401917	nan	1.2
96.62016153335571	nan	1.2
96.63527178764343	nan	1.2
96.65009641647339	nan	1.2
96.66222405433655	nan	1.2
96.67352867126465	nan	1.2
96.68706917762756	nan	1.2
96.7021656036377	nan	1.2
96.71525692939758	nan	1.2
96.7302520275116	nan	1.2
96.74502825737	nan	1.2
96.75686812400818	nan	1.2
96.76886868476868	nan	1.2
96.78308320045471	nan	1.2
96.7969331741333	nan	1.2
96.81133198738098	nan	1.2
96.82297682762146	nan	1.2
96.83730554580688	nan	1.2
96.85255455970764	nan	1.2
96.86833930015564	nan	1.2
96.88032913208008	nan	1.2
96.89554691314697	nan	1.2
96.91028261184692	nan	1.2
96.92224073410034	nan	1.2
96.93504071235657	nan	1.2
96.94918394088745	nan	1.2
96.96292567253113	nan	1.2
96.97842216491699	nan	1.2
96.99326634407043	nan	1.2
97.00899243354797	nan	1.2
97.02430558204651	nan	1.2
97.03976964950562	nan	1.2
97.05491232872009	nan	1.2
97.06871604919434	nan	1.2
97.08258295059204	nan	1.2
97.09703278541565	nan	1.2
97.11161828041077	nan	1.2
97.12526082992554	nan	1.2
97.1383740901947	nan	1.2
97.15613508224487	nan	1.2
97.17043972015381	nan	1.2
97.18350863456726	nan	1.2
97.19718718528748	nan	1.2
97.2132294178009	nan	1.2
97.2251615524292	nan	1.2
97.23903465270996	nan	1.2
97.25873064994812	nan	1.2
97.2706515789032	nan	1.2
97.28198671340942	nan	1.2
97.2971818447113	nan	1.2
97.3124589920044	nan	1.2
97.32482028007507	nan	1.2
97.33730220794678	nan	1.2
97.35110998153687	nan	1.2
97.36474537849426	nan	1.2
97.37762641906738	nan	1.2
97.3908748626709	nan	1.2
97.40540647506714	nan	1.2
97.41950941085815	nan	1.2
97.43072366714478	nan	1.2
97.4446713924408	nan	1.2
97.45999836921692	1.128514723984827	1.2
97.47267961502075	1.128514723984827	1.2
97.49757266044617	1.128514723984827	1.2
97.51197528839111	1.1288329389935026	1.2
97.5234808921814	1.1288329389935026	1.2
97.53797507286072	1.1288329389935026	1.2
97.55254817008972	1.1288329389935026	1.2
97.56671214103699	1.129709226899705	1.2
97.57834577560425	1.129709226899705	1.2
97.59002041816711	1.129709226899705	1.2
97.60420560836792	1.129709226899705	1.2
97.61921429634094	1.1303348975926486	1.2
97.63069486618042	1.1303348975926486	1.2
97.64208245277405	1.1303348975926486	1.2
97.65741848945618	1.1303348975926486	1.2
97.67208504676819	1.1317291253903354	1.2
97.68361520767212	1.1317291253903354	1.2
97.69728660583496	1.1317291253903354	1.2
97.71183133125305	1.1317291253903354	1.2
97.72480368614197	1.1329113265164477	1.2
97.73627161979675	1.1329113265164477	1.2
97.75086903572083	1.1329113265164477	1.2
97.76728463172913	1.1329113265164477	1.2
97.78086590766907	1.1342109809927632	1.2
97.79260921478271	1.1342109809927632	1.2
97.80590415000916	1.1342109809927632	1.2
97.82105326652527	1.1358409306353614	1.2
97.83303570747375	1.1358409306353614	1.2
97.8463089466095	1.1358409306353614	1.2
97.87050271034241	1.1358409306353614	1.2
97.88245391845703	1.1373830249799706	1.2
97.89462327957153	1.1373830249799706	1.2
97.91722583770752	1.1373830249799706	1.2
97.93237662315369	1.1394517889118592	1.2
97.94483923912048	1.1394517889118592	1.2
97.95827984809875	1.1394517889118592	1.2
97.97410869598389	1.1412667771833733	1.2
97.98614430427551	1.1412667771833733	1.2
97.99999976158142	1.1412667771833733	1.2
98.01748561859131	1.1412667771833733	1.2
98.0323166847229	1.1430286694443381	1.2
98.04328274726868	1.1430286694443381	1.2
98.05743932723999	1.1430286694443381	1.2
98.07257580757141	1.1430286694443381	1.2
98.08774304389954	1.1450980797460069	1.2
98.10045313835144	1.1450980797460069	1.2
98.11545610427856	1.1450980797460069	1.2
98.12908744812012	1.1477391110023405	1.2
98.14211988449097	1.1477391110023405	1.2
98.15526604652405	1.1477391110023405	1.2
98.17069268226624	1.1477391110023405	1.2
98.1905825138092	1.1505881798146036	1.2
98.20154094696045	1.1505881798146036	1.2
98.21440124511719	1.1505881798146036	1.2
98.23380303382874	1.1505881798146036	1.2
98.2480902671814	1.1533464123282722	1.2
98.26181507110596	1.1533464123282722	1.2
98.27660298347473	1.1533464123282722	1.2
98.2889473438263	1.156068774495691	1.2
98.30240893363953	1.156068774495691	1.2
98.32205700874329	1.156068774495691	1.2
98.33762645721436	1.1588652236315093	1.2
98.3500657081604	1.1588652236315093	1.2
98.36398267745972	1.1588652236315093	1.2
98.3794355392456	1.160438929666861	1.2
98.39104461669922	1.160438929666861	1.2
98.40370655059814	1.160438929666861	1.2
98.41744542121887	1.160438929666861	1.2
98.42951536178589	1.1626875228717752	1.2
98.44337582588196	1.1626875228717752	1.2
98.45893692970276	1.1626875228717752	1.2
98.47941613197327	1.1655460263042694	1.2
98.49012041091919	1.1655460263042694	1.2
98.50158667564392	1.1655460263042694	1.2
98.51783919334412	1.1655460263042694	1.2
98.533273935318	1.169302125602581	1.2
98.54601216316223	1.169302125602581	1.2
98.5583746433258	1.169302125602581	1.2
98.5733151435852	1.169302125602581	1.2
98.58539080619812	1.173364514327932	1.2
98.59962701797485	1.173364514327932	1.2
98.61486291885376	1.173364514327932	1.2
98.63534474372864	1.1773801008401938	1.2
98.64655995368958	1.1773801008401938	1.2
98.65939259529114	1.1773801008401938	1.2
98.67507123947144	1.1773801008401938	1.2
98.69166278839111	1.1814866731661124	1.2
98.70417737960815	1.1814866731661124	1.2
98.7181453704834	1.1814866731661124	1.2
98.73194193840027	1.1858473707022212	1.2
98.74359226226807	1.1858473707022212	1.2
98.75678062438965	1.1858473707022212	1.2
98.77491569519043	1.1858473707022212	1.2
98.78922414779663	1.1905838449026827	1.2
98.80105137825012	1.1905838449026827	1.2
98.81571507453918	1.1905838449026827	1.2
98.83027577400208	1.1959926932172895	1.2
98.84476399421692	1.1959926932172895	1.2
98.85863184928894	1.1959926932172895	1.2
98.87483501434326	1.1959926932172895	1.2
98.88816547393799	1.2017907087532862	1.2
98.89941334724426	1.2017907087532862	1.2
98.9133243560791	1.2017907087532862	1.2
98.92957472801208	1.2017907087532862	1.2
98.94543719291687	1.206316010915532	1.2
98.95881962776184	1.206316010915532	1.2
98.97416043281555	1.206316010915532	1.2
98.98897361755371	1.2098832388960978	1.2
99.00142240524292	1.2098832388960978	1.2
99.01405501365662	1.2098832388960978	1.2
99.03191757202148	1.2098832388960978	1.2
99.04595637321472	1.2124279934877293	1.2
99.05714869499207	1.2124279934877293	1.2
99.07891654968262	1.2124279934877293	1.2
99.09568524360657	1.2139347788377695	1.2
99.11053681373596	1.2139347788377695	1.2
99.12461614608765	1.2139347788377695	1.2
99.13886189460754	1.214078592218051	1.2
99.15100359916687	1.214078592218051	1.2
99.16372776031494	1.214078592218051	1.2
99.17752695083618	1.214078592218051	1.2
99.19034075737	1.2128580218460763	1.2
99.20322680473328	1.2128580218460763	1.2
99.21874809265137	1.2128580218460763	1.2
99.24053716659546	1.211523785177717	1.2
99.25268793106079	1.211523785177717	1.2
99.2640540599823	1.211523785177717	1.2
99.279381275177	1.211523785177717	1.2
99.29640913009644	1.2084737049398546	1.2
99.30909013748169	1.2084737049398546	1.2
99.32428503036499	1.2084737049398546	1.2
99.33791899681091	1.2039064017328576	1.2
99.34896469116211	1.2039064017328576	1.2
99.3608181476593	1.2039064017328576	1.2
99.37838697433472	1.2039064017328576	1.2
99.39215850830078	1.1995745333090633	1.2
99.40405225753784	1.1995745333090633	1.2
99.41735982894897	1.1995745333090633	1.2
99.4322509765625	1.1963538046822833	1.2
99.4448139667511	1.1963538046822833	1.2
99.4580352306366	1.1963538046822833	1.2
99.47660088539124	1.1963538046822833	1.2
99.48996305465698	1.192862913211545	1.2
99.50135636329651	1.192862913211545	1.2
99.51327252388	1.192862913211545	1.2
99.53174757957458	1.192862913211545	1.2
99.54573369026184	1.189170931687699	1.2
99.55684328079224	1.189170931687699	1.2
99.56916809082031	1.189170931687699	1.2
99.58326697349548	1.189170931687699	1.2
99.59672379493713	1.1874560668228344	1.2
99.61069345474243	1.1874560668228344	1.2
99.6258692741394	1.1874560668228344	1.2
99.64523100852966	1.1854610409425526	1.2
99.65702795982361	1.1854610409425526	1.2
99.66849327087402	1.1854610409425526	1.2
99.68954825401306	1.1854610409425526	1.2
99.70442390441895	1.1835629538974137	1.2
99.71759390830994	1.1835629538974137	1.2
99.73091340065002	1.1835629538974137	1.2
99.74492645263672	1.179967798520319	1.2
99.75644087791443	1.179967798520319	1.2
99.76873397827148	1.179967798520319	1.2
99.78437066078186	1.179967798520319	1.2
99.79999136924744	1.1788727398692924	1.2
99.81287670135498	1.1788727398692924	1.2
99.82714891433716	1.1788727398692924	1.2
99.84678196907043	1.1776459364480476	1.2
99.85863137245178	1.1776459364480476	1.2
99.88908886909485	1.1765442939798079	1.2
99.90087127685547	1.1765442939798079	1.2
99.91273713111877	1.1765442939798079	1.2
99.93430829048157	1.1765442939798079	1.2
99.94709253311157	1.1749073464067488	1.2
99.95859146118164	1.1749073464067488	1.2
99.97523617744446	1.1749073464067488	1.2
99.99153256416321	1.1749073464067488	1.2
100.00789022445679	1.1744532583441265	1.2
100.02401351928711	1.1744532583441265	1.2
100.03846621513367	1.1744532583441265	1.2
100.05451369285583	1.1734586939973315	1.2
100.06985783576965	1.1734586939973315	1.2
100.08597016334534	1.1734586939973315	1.2
100.10132193565369	1.1709580862625248	1.2
100.11653447151184	1.1709580862625248	1.2
100.13483786582947	1.1709580862625248	1.2
100.15043306350708	1.1709580862625248	1.2
100.16552472114563	1.1709106916196679	1.2
100.17876029014587	1.1709106916196679	1.2
100.19444060325623	1.1709106916196679	1.2
100.20850968360901	1.1704418950779156	1.2
100.22081995010376	1.1704418950779156	1.2
100.23707365989685	1.1704418950779156	1.2
100.25518846511841	1.1714525569873646	1.2
100.26630854606628	1.1714525569873646	1.2
100.27845454216003	1.1714525569873646	1.2
100.29952716827393	1.1714525569873646	1.2
100.31365203857422	1.1709647838781208	1.2
100.32602620124817	1.1709647838781208	1.2
100.33986330032349	1.1709647838781208	1.2
100.35383343696594	1.1709647838781208	1.2
100.36799430847168	1.1711757392458586	1.2
100.38116431236267	1.1711757392458586	1.2
100.39586782455444	1.1711757392458586	1.2
100.41500401496887	1.1716210024037532	1.2
100.42807173728943	1.1716210024037532	1.2
100.44056749343872	1.1716210024037532	1.2
100.46235013008118	1.1716210024037532	1.2
100.47785592079163	1.1720532502490342	1.2
100.49222588539124	1.1720532502490342	1.2
100.50742292404175	1.1720532502490342	1.2
100.52109098434448	1.1720348773468645	1.2
100.53312873840332	1.1720348773468645	1.2
100.5472891330719	1.1720348773468645	1.2
100.56650400161743	1.172724908751579	1.2
100.57942223548889	1.172724908751579	1.2
100.59105944633484	1.172724908751579	1.2
100.61045122146606	1.172724908751579	1.2
100.6261351108551	1.1730922837277649	1.2
100.63732719421387	1.1730922837277649	1.2
100.65481376647949	1.1730922837277649	1.2
100.67306542396545	1.1721522529395876	1.2
100.68581175804138	1.1721522529395876	1.2
100.69844484329224	1.1721522529395876	1.2
100.71388101577759	1.1721522529395876	1.2
100.72566795349121	1.1721515421585686	1.2
100.73799681663513	1.1721515421585686	1.2
100.75278806686401	1.1721515421585686	1.2
100.7696475982666	1.172722292526568	1.2
100.78218817710876	1.172722292526568	1.2
100.7950451374054	1.172722292526568	1.2
100.80989646911621	1.1740759732791237	1.2
100.8229296207428	1.1740759732791237	1.2
100.83631205558777	1.1740759732791237	1.2
100.86170482635498	1.1752271634617837	1.2
100.87331986427307	1.1752271634617837	1.2
100.88472843170166	1.1752271634617837	1.2
100.90514588356018	1.1752271634617837	1.2
100.92005276679993	1.1763688891255004	1.2
100.93126559257507	1.1763688891255004	1.2
100.94636964797974	1.1763688891255004	1.2
100.96161103248596	1.1776855510973312	1.2
100.97745776176453	1.1776855510973312	1.2
100.99401593208313	1.1776855510973312	1.2
101.01524949073792	1.1795859899335668	1.2
101.02845191955566	1.1795859899335668	1.2
101.04214215278625	1.1795859899335668	1.2
101.06230449676514	1.1795859899335668	1.2
101.0760109424591	1.1802339672250926	1.2
101.09096550941467	1.1802339672250926	1.2
101.10815358161926	1.1802339672250926	1.2
101.12037873268127	1.180720174121644	1.2
101.13234877586365	1.180720174121644	1.2
101.14750981330872	1.180720174121644	1.2
101.16374850273132	1.1814337783448134	1.2
101.1772346496582	1.1814337783448134	1.2
101.19015908241272	1.1814337783448134	1.2
101.20545506477356	1.1814337783448134	1.2
101.22069787979126	1.1825916555885008	1.2
101.23277282714844	1.1825916555885008	1.2
101.26064348220825	1.1825916555885008	1.2
101.2733747959137	1.1822114611848844	1.2
101.28528118133545	1.1822114611848844	1.2
101.30010342597961	1.1822114611848844	1.2
101.31505537033081	1.1822114611848844	1.2
101.32797384262085	1.18156725165478	1.2
101.34010696411133	1.18156725165478	1.2
101.35256958007812	1.18156725165478	1.2
101.36748385429382	1.1823320445910315	1.2
101.37961912155151	1.1823320445910315	1.2
101.39126586914062	1.1823320445910315	1.2
101.40601515769958	1.1823320445910315	1.2
101.41939926147461	1.1831321976255391	1.2
101.4308762550354	1.1831321976255391	1.2
101.4451961517334	1.1831321976255391	1.2
101.46031856536865	1.1831321976255391	1.2
101.47514605522156	1.1837364042752738	1.2
101.48747849464417	1.1837364042752738	1.2
101.5025384426117	1.1837364042752738	1.2
101.51738452911377	1.1837364042752738	1.2
101.5326418876648	1.183725106198351	1.2
101.54546761512756	1.183725106198351	1.2
101.55956220626831	1.183725106198351	1.2
101.57309770584106	1.1851142437616673	1.2
101.58623719215393	1.1851142437616673	1.2
101.59950757026672	1.1851142437616673	1.2
101.61567068099976	1.1851142437616673	1.2
101.62886142730713	1.1866294482940962	1.2
101.63996171951294	1.1866294482940962	1.2
101.65460968017578	1.1866294482940962	1.2
101.66944527626038	1.1869110196731945	1.2
101.68310356140137	1.1869110196731945	1.2
101.69581484794617	1.1869110196731945	1.2
101.71032786369324	1.1869110196731945	1.2
101.72364687919617	1.1869385493845697	1.2
101.73577904701233	1.1869385493845697	1.2
101.74963235855103	1.1869385493845697	1.2
101.76524567604065	1.1869385493845697	1.2
101.77898240089417	1.188263541490302	1.2
101.79168343544006	1.188263541490302	1.2
101.80574917793274	1.188263541490302	1.2
101.81971669197083	1.1891038626078632	1.2
101.83173894882202	1.1891038626078632	1.2
101.84329080581665	1.1891038626078632	1.2
101.85829663276672	1.1891038626078632	1.2
101.87293887138367	1.1886157358056362	1.2
101.88441681861877	1.1886157358056362	1.2
101.89749789237976	1.1886157358056362	1.2
101.91234087944031	1.1886157358056362	1.2
101.92690682411194	1.187947405494508	1.2
101.93999814987183	1.187947405494508	1.2
101.95208811759949	1.187947405494508	1.2
101.96614480018616	1.187947405494508	1.2
101.98093438148499	1.1878538775877518	1.2
101.99514722824097	1.1878538775877518	1.2
102.01034498214722	1.1878538775877518	1.2
102.02540111541748	1.1878538775877518	1.2
102.03870010375977	1.1879614472780173	1.2
102.04992580413818	1.1879614472780173	1.2
102.0744001865387	1.1879614472780173	1.2
102.08892369270325	1.1892391376859393	1.2
102.10096406936646	1.1892391376859393	1.2
102.11579775810242	1.1892391376859393	1.2
102.12954473495483	1.1906218660952252	1.2
102.1424400806427	1.1906218660952252	1.2
102.15575885772705	1.1906218660952252	1.2
102.16972422599792	1.1906218660952252	1.2
102.18226408958435	1.1936142740761666	1.2
102.1944670677185	1.1936142740761666	1.2
102.20968389511108	1.1936142740761666	1.2
102.2253429889679	1.1980344963474878	1.2
102.23723912239075	1.1980344963474878	1.2
102.24846601486206	1.1980344963474878	1.2
102.26304507255554	1.1980344963474878	1.2
102.27818179130554	1.2026540423036778	1.2
102.28983783721924	1.2026540423036778	1.2
102.30379724502563	1.2026540423036778	1.2
102.31967759132385	1.2026540423036778	1.2
102.33259129524231	1.207939837444166	1.2
102.34384179115295	1.207939837444166	1.2
102.35719728469849	1.207939837444166	1.2
102.37440538406372	1.207939837444166	1.2
102.38781905174255	1.2143394913623453	1.2
102.3995566368103	1.2143394913623453	1.2
102.41492986679077	1.2143394913623453	1.2
102.42862010002136	1.2205204833652208	1.2
102.44053030014038	1.2205204833652208	1.2
102.45495343208313	1.2205204833652208	1.2
102.47401762008667	1.2205204833652208	1.2
102.48785328865051	1.2269484394076995	1.2
102.49903607368469	1.2269484394076995	1.2
102.51587247848511	1.2269484394076995	1.2
102.53289198875427	1.232943272995069	1.2
102.54604887962341	1.232943272995069	1.2
102.55817103385925	1.232943272995069	1.2
102.57327103614807	1.232943272995069	1.2
102.58869624137878	1.2387102473238367	1.2
102.60116291046143	1.2387102473238367	1.2
102.61601066589355	1.2387102473238367	1.2
102.6345067024231	1.2387102473238367	1.2
102.64776015281677	1.2436933319568981	1.2
102.65891170501709	1.2436933319568981	1.2
102.67851972579956	1.2436933319568981	1.2
102.69486951828003	1.248423555659563	1.2
102.70744323730469	1.248423555659563	1.2
102.72146892547607	1.248423555659563	1.2
102.73644399642944	1.248423555659563	1.2
102.75001955032349	1.250662172097919	1.2
102.7662787437439	1.250662172097919	1.2
102.78213572502136	1.250662172097919	1.2
102.79961085319519	1.2535411036621649	1.2
102.81071162223816	1.2535411036621649	1.2
102.82423710823059	1.2535411036621649	1.2
102.84433507919312	1.2535411036621649	1.2
102.85704255104065	1.2556078915636348	1.2
102.8699107170105	1.2556078915636348	1.2
102.88463640213013	1.2556078915636348	1.2
102.89712262153625	1.2558661494117056	1.2
102.9106616973877	1.2558661494117056	1.2
102.9279534816742	1.2558661494117056	1.2
102.9415385723114	1.2567281134465123	1.2
102.95349764823914	1.2567281134465123	1.2
102.96889615058899	1.2567281134465123	1.2
102.98464393615723	1.2567281134465123	1.2
102.99953389167786	1.2581114046180513	1.2
103.0151424407959	1.2581114046180513	1.2
103.03130602836609	1.2581114046180513	1.2
103.04650568962097	1.2596288763404162	1.2
103.0610089302063	1.2596288763404162	1.2
103.08746981620789	1.2596288763404162	1.2
103.1033034324646	1.2597473548916418	1.2
103.12983345985413	1.2597473548916418	1.2
103.14477682113647	1.2603289783621807	1.2
103.16290044784546	1.2603289783621807	1.2
103.180344581604	1.2603289783621807	1.2
103.19425249099731	1.260366678725652	1.2
103.20811462402344	1.260366678725652	1.2
103.22380375862122	1.260366678725652	1.2
103.24288272857666	1.260366678725652	1.2
103.25534057617188	1.2608910997782836	1.2
103.26656079292297	1.2608910997782836	1.2
103.29121112823486	1.2608910997782836	1.2
103.3050365447998	1.2607622671336554	1.2
103.31794381141663	1.2607622671336554	1.2
103.33271479606628	1.2607622671336554	1.2
103.3468725681305	1.2614087974576134	1.2
103.35970640182495	1.2614087974576134	1.2
103.37178230285645	1.2614087974576134	1.2
103.38680744171143	1.2614087974576134	1.2
103.40639138221741	1.263199206203365	1.2
103.41839599609375	1.263199206203365	1.2
103.43173599243164	1.263199206203365	1.2
103.44897699356079	1.263199206203365	1.2
103.46385860443115	1.2656412520744442	1.2
103.47640085220337	1.2656412520744442	1.2
103.49085521697998	1.2656412520744442	1.2
103.50381708145142	1.2655062658695255	1.2
103.51583361625671	1.2655062658695255	1.2
103.53044748306274	1.2655062658695255	1.2
103.54574751853943	1.2655062658695255	1.2
103.56007862091064	1.265397311324071	1.2
103.57186436653137	1.265397311324071	1.2
103.58662700653076	1.265397311324071	1.2
103.6029920578003	1.2660904025402873	1.2
103.6151921749115	1.2660904025402873	1.2
103.62908887863159	1.2660904025402873	1.2
103.64440703392029	1.2660904025402873	1.2
103.6579236984253	1.26665985603836	1.2
103.6688883304596	1.26665985603836	1.2
103.69300436973572	1.26665985603836	1.2
103.70805883407593	1.2667026160668855	1.2
103.72106003761292	1.2667026160668855	1.2
103.73673105239868	1.2667026160668855	1.2
103.7530951499939	1.2667026160668855	1.2
103.76928472518921	1.2670423651173466	1.2
103.78041124343872	1.2670423651173466	1.2
103.79600477218628	1.2670423651173466	1.2
103.81424403190613	1.26696666907345	1.2
103.82617330551147	1.26696666907345	1.2
103.84925365447998	1.26696666907345	1.2
103.86352491378784	1.2667103315587325	1.2
103.87479567527771	1.2667103315587325	1.2
103.89605569839478	1.2667103315587325	1.2
103.91339921951294	1.2661213142550134	1.2
103.92687463760376	1.2661213142550134	1.2
103.93969750404358	1.2661213142550134	1.2
103.95374083518982	1.2661213142550134	1.2
103.96856355667114	1.2648144770510776	1.2
103.98557209968567	1.2648144770510776	1.2
104.00415444374084	1.2648144770510776	1.2
104.03178644180298	1.2654069397450243	1.2
104.04883241653442	1.2654069397450243	1.2
104.06693887710571	1.2654069397450243	1.2
104.08736777305603	1.2660563942904788	1.2
104.09985637664795	1.2660563942904788	1.2
104.11553597450256	1.2660563942904788	1.2
104.1352641582489	1.2661327335761932	1.2
104.150386095047	1.2661327335761932	1.2
104.17003059387207	1.2661327335761932	1.2
104.18363761901855	1.2667123096317165	1.2
104.19469666481018	1.2667123096317165	1.2
104.20962691307068	1.2667123096317165	1.2
104.22591876983643	1.2667123096317165	1.2
104.23999977111816	1.2676969298848813	1.2
104.25202941894531	1.2676969298848813	1.2
104.2668604850769	1.2676969298848813	1.2
104.28059339523315	1.2684640036842274	1.2
104.2939703464508	1.2684640036842274	1.2
104.30871820449829	1.2684640036842274	1.2
104.32882905006409	1.2684640036842274	1.2
104.34255933761597	1.2685601669881368	1.2
104.3540518283844	1.2685601669881368	1.2
104.37485527992249	1.2685601669881368	1.2
104.38905477523804	1.2669612007831748	1.2
104.40313696861267	1.2669612007831748	1.2
104.4178056716919	1.2669612007831748	1.2
104.43180871009827	1.266411242518712	1.2
104.44467401504517	1.266411242518712	1.2
104.45923018455505	1.266411242518712	1.2
104.47379779815674	1.266411242518712	1.2
104.48559856414795	1.2650614341886945	1.2
104.49826669692993	1.2650614341886945	1.2
104.5135760307312	1.2650614341886945	1.2
104.53002119064331	1.261235889255092	1.2
104.54243302345276	1.261235889255092	1.2
104.5543646812439	1.261235889255092	1.2
104.56965613365173	1.261235889255092	1.2
104.58712911605835	1.256784862228065	1.2
104.59905815124512	1.256784862228065	1.2
104.61597394943237	1.256784862228065	1.2
104.63187551498413	1.2523985956167691	1.2
104.64400959014893	1.2523985956167691	1.2
104.65775847434998	1.2523985956167691	1.2
104.67427062988281	1.2523985956167691	1.2
104.68831896781921	1.2480981735690029	1.2
104.70105624198914	1.2480981735690029	1.2
104.71562051773071	1.2480981735690029	1.2
104.72975969314575	1.2450184367268977	1.2
104.74186706542969	1.2450184367268977	1.2
104.75393223762512	1.2450184367268977	1.2
104.76849842071533	1.2450184367268977	1.2
104.78392481803894	1.2415435846739884	1.2
104.79625844955444	1.2415435846739884	1.2
104.80901074409485	1.2415435846739884	1.2
104.82464838027954	1.2415435846739884	1.2
104.83911037445068	1.2387510778721087	1.2
104.85321545600891	1.2387510778721087	1.2
104.86668801307678	1.2387510778721087	1.2
104.880122423172	1.237136951449091	1.2
104.89200186729431	1.237136951449091	1.2
104.90402746200562	1.237136951449091	1.2
104.91900491714478	1.237136951449091	1.2
104.93479704856873	1.2338997196309092	1.2
104.94737243652344	1.2338997196309092	1.2
104.95926070213318	1.2338997196309092	1.2
104.97405791282654	1.2338997196309092	1.2
104.98857951164246	1.2338997196309092	1.2
105.00360083580017	1.2317233107367729	1.2
105.01843690872192	1.2317233107367729	1.2
105.03340554237366	1.2317233107367729	1.2
105.04538869857788	1.2317786457859712	1.2
105.05983090400696	1.2317786457859712	1.2
105.07624125480652	1.2317786457859712	1.2
105.09449028968811	1.2320785240526677	1.2
105.10731530189514	1.2320785240526677	1.2
105.12159562110901	1.2320785240526677	1.2
105.14778232574463	1.2323240489057217	1.2
105.1597740650177	1.2323240489057217	1.2
105.17606902122498	1.2323240489057217	1.2
105.1908712387085	1.2323240489057217	1.2
105.20316052436829	1.232232148134454	1.2
105.21853399276733	1.232232148134454	1.2
105.23500561714172	1.232232148134454	1.2
105.24701619148254	1.2321221984093953	1.2
105.26039934158325	1.2321221984093953	1.2
105.27612209320068	1.2321221984093953	1.2
105.29359436035156	1.2321221984093953	1.2
105.30740737915039	1.2322564340670286	1.2
105.3187985420227	1.2322564340670286	1.2
105.33302569389343	1.2322564340670286	1.2
105.3538339138031	1.2326339616589295	1.2
105.36602854728699	1.2326339616589295	1.2
105.38409900665283	1.2326339616589295	1.2
105.39860844612122	1.2331529423444765	1.2
105.40974640846252	1.2331529423444765	1.2
105.42419958114624	1.2331529423444765	1.2
105.44044733047485	1.2331529423444765	1.2
105.45586037635803	1.2338649833175879	1.2
105.46831560134888	1.2338649833175879	1.2
105.48267078399658	1.2338649833175879	1.2
105.49749851226807	1.2349596145684634	1.2
105.5117917060852	1.2349596145684634	1.2
105.52620911598206	1.2349596145684634	1.2
105.55066990852356	1.2359477592088264	1.2
105.56237936019897	1.2359477592088264	1.2
105.57384991645813	1.2359477592088264	1.2
105.5887999534607	1.2359477592088264	1.2
105.60348153114319	1.237160270872383	1.2
105.61585760116577	1.237160270872383	1.2
105.62876605987549	1.237160270872383	1.2
105.64334106445312	1.237160270872383	1.2
105.65620732307434	1.2381161799238574	1.2
105.66959071159363	1.2381161799238574	1.2
105.6849308013916	1.2381161799238574	1.2
105.70244097709656	1.2381161799238574	1.2
105.71574926376343	1.2385678515125431	1.2
105.72737097740173	1.2385678515125431	1.2
105.74487066268921	1.2385678515125431	1.2
105.76136040687561	1.2375413616091189	1.2
105.77384805679321	1.2375413616091189	1.2
105.78860235214233	1.2375413616091189	1.2
105.80272459983826	1.2365771571788788	1.2
105.81468653678894	1.2365771571788788	1.2
105.82732152938843	1.2365771571788788	1.2
105.843088388443	1.2365771571788788	1.2
105.85752987861633	1.2351238713386907	1.2
105.86980533599854	1.2351238713386907	1.2
105.8833487033844	1.2351238713386907	1.2
105.8998053073883	1.2324911881991558	1.2
105.91215586662292	1.2324911881991558	1.2
105.92554068565369	1.2324911881991558	1.2
105.93960571289062	1.2299685790442263	1.2
105.95284700393677	1.2299685790442263	1.2
105.96586346626282	1.2299685790442263	1.2
105.98292446136475	1.2299685790442263	1.2
106.00757050514221	1.2271340106648372	1.2
106.01921701431274	1.2271340106648372	1.2
106.03670907020569	1.2271340106648372	1.2
106.05186057090759	1.2237950569672706	1.2
106.06860971450806	1.2237950569672706	1.2
106.08398103713989	1.2237950569672706	1.2
106.09757113456726	1.2197751069080816	1.2
106.11124229431152	1.2197751069080816	1.2
106.12902975082397	1.2197751069080816	1.2
106.14535522460938	1.216254641995801	1.2
106.15981483459473	1.216254641995801	1.2
106.17495775222778	1.216254641995801	1.2
106.19091057777405	1.2126729822843212	1.2
106.20255541801453	1.2126729822843212	1.2
106.21430945396423	1.2126729822843212	1.2
106.23888850212097	1.2098551234288226	1.2
106.25027322769165	1.2098551234288226	1.2
106.26187658309937	1.2098551234288226	1.2
106.2838819026947	1.2098551234288226	1.2
106.2983787059784	1.207531334967284	1.2
106.30990219116211	1.207531334967284	1.2
106.3229603767395	1.207531334967284	1.2
106.33727931976318	1.207531334967284	1.2
106.35089898109436	1.2050770154020667	1.2
106.36358165740967	1.2050770154020667	1.2
106.37824440002441	1.2050770154020667	1.2
106.39857983589172	1.2040843754020667	1.2
106.40990853309631	1.2040843754020667	1.2
106.42124652862549	1.2040843754020667	1.2
106.43604636192322	1.2040843754020667	1.2
106.45116519927979	1.2040843754020667	1.2
106.46390509605408	1.203358337603658	1.2
106.47626447677612	1.203358337603658	1.2
106.48939061164856	1.203358337603658	1.2
106.50377988815308	1.2020078590783068	1.2
106.51653957366943	1.2020078590783068	1.2
106.52821207046509	1.2020078590783068	1.2
106.54346323013306	1.2020078590783068	1.2
106.55864667892456	1.2020078590783068	1.2
106.57037663459778	1.2009218228272216	1.2
106.5813262462616	1.2009218228272216	1.2
106.59662318229675	1.2009218228272216	1.2
106.61043000221252	1.1999178869062619	1.2
106.62326216697693	1.1999178869062619	1.2
106.63757133483887	1.1999178869062619	1.2
106.65192580223083	1.198860742966868	1.2
106.66329717636108	1.198860742966868	1.2
106.67640852928162	1.198860742966868	1.2
106.69228100776672	1.198860742966868	1.2
106.70544815063477	1.1979030641014319	1.2
106.71794104576111	1.1979030641014319	1.2
106.73234677314758	1.1979030641014319	1.2
106.74714088439941	1.1973992422846618	1.2
106.75989079475403	1.1973992422846618	1.2
106.77387189865112	1.1973992422846618	1.2
106.78859376907349	1.1970040227636167	1.2
106.80339670181274	1.1970040227636167	1.2
106.81643509864807	1.1970040227636167	1.2
106.8310399055481	1.1970040227636167	1.2
106.84645247459412	1.1959859386727074	1.2
106.85761427879333	1.1959859386727074	1.2
106.86837792396545	1.1959859386727074	1.2
106.88394618034363	1.1959859386727074	1.2
106.89952898025513	1.1957459792661793	1.2
106.91419458389282	1.1957459792661793	1.2
106.92704057693481	1.1957459792661793	1.2
106.94236350059509	1.1957459792661793	1.2
106.95498251914978	1.1949987228656926	1.2
106.9668836593628	1.1949987228656926	1.2
106.98206782341003	1.1949987228656926	1.2
106.99778962135315	1.195150040167317	1.2
107.01344728469849	1.195150040167317	1.2
107.02769374847412	1.195150040167317	1.2
107.0431296825409	1.195150040167317	1.2
107.0570297241211	1.1952439567408493	1.2
107.07013583183289	1.1952439567408493	1.2
107.08344626426697	1.1952439567408493	1.2
107.09895920753479	1.1955761319916853	1.2
107.11148977279663	1.1955761319916853	1.2
107.1234347820282	1.1955761319916853	1.2
107.13858962059021	1.1955761319916853	1.2
107.15280413627625	1.1952105198148713	1.2
107.16501760482788	1.1952105198148713	1.2
107.180006980896	1.1952105198148713	1.2
107.19477605819702	1.195583812646488	1.2
107.20777702331543	1.195583812646488	1.2
107.21916794776917	1.195583812646488	1.2
107.23574113845825	1.195583812646488	1.2
107.2538321018219	1.195389184759405	1.2
107.26472330093384	1.195389184759405	1.2
107.28270387649536	1.195389184759405	1.2
107.30052614212036	1.195389184759405	1.2
107.31484317779541	1.1952456644019074	1.2
107.32760167121887	1.1952456644019074	1.2
107.34246158599854	1.1952456644019074	1.2
107.35770177841187	1.1961912342071022	1.2
107.37005305290222	1.1961912342071022	1.2
107.38596892356873	1.1961912342071022	1.2
107.4045341014862	1.1979240998675003	1.2
107.41586422920227	1.1979240998675003	1.2
107.42738819122314	1.1979240998675003	1.2
107.45478963851929	1.1979240998675003	1.2
107.46639370918274	1.1993989266750913	1.2
107.4780626296997	1.1993989266750913	1.2
107.50079298019409	1.1993989266750913	1.2
107.51604962348938	1.200197154908066	1.2
107.53011441230774	1.200197154908066	1.2
107.54428625106812	1.200197154908066	1.2
107.5578179359436	1.201562146911265	1.2
107.57069110870361	1.201562146911265	1.2
107.58541941642761	1.201562146911265	1.2
107.60644245147705	1.2033954459568639	1.2
107.61977910995483	1.2033954459568639	1.2
107.63068747520447	1.2033954459568639	1.2
107.64910435676575	1.2033954459568639	1.2
107.66499423980713	1.2056942730097109	1.2
107.67787480354309	1.2056942730097109	1.2
107.69467520713806	1.2056942730097109	1.2
107.70946073532104	1.2072315143241472	1.2
107.72210144996643	1.2072315143241472	1.2
107.73750162124634	1.2072315143241472	1.2
107.75407767295837	1.2072315143241472	1.2
107.76877164840698	1.2088151563788807	1.2
107.78050637245178	1.2088151563788807	1.2
107.79345464706421	1.2088151563788807	1.2
107.8119170665741	1.2088151563788807	1.2
107.82849931716919	1.2098187314222586	1.2
107.84266352653503	1.2098187314222586	1.2
107.85896968841553	1.2098187314222586	1.2
107.8710868358612	1.210897373321914	1.2
107.88330841064453	1.210897373321914	1.2
107.89987182617188	1.210897373321914	1.2
107.91540813446045	1.2104710046584053	1.2
107.9282500743866	1.2104710046584053	1.2
107.94003438949585	1.2104710046584053	1.2
107.95424890518188	1.2104710046584053	1.2
107.96866798400879	1.2105795605112482	1.2
107.98338150978088	1.2105795605112482	1.2
108.00154519081116	1.2105795605112482	1.2
108.01920247077942	1.2102148415950431	1.2
108.03042936325073	1.2102148415950431	1.2
108.04789614677429	1.2102148415950431	1.2
108.06572604179382	1.2102148415950431	1.2
108.07886338233948	1.2085527159579033	1.2
108.09083247184753	1.2085527159579033	1.2
108.10601687431335	1.2085527159579033	1.2
108.11918354034424	1.206870889738391	1.2
108.1324234008789	1.206870889738391	1.2
108.14769768714905	1.206870889738391	1.2
108.16644477844238	1.2052720901573692	1.2
108.17892074584961	1.2052720901573692	1.2
108.19272017478943	1.2052720901573692	1.2
108.21158719062805	1.2052720901573692	1.2
108.22825479507446	1.204311651081739	1.2
108.23957347869873	1.204311651081739	1.2
108.26622152328491	1.204311651081739	1.2
108.278883934021	1.2030969425249123	1.2
108.29440903663635	1.2030969425249123	1.2
108.30871653556824	1.2030969425249123	1.2
108.32068371772766	1.2020572002727825	1.2
108.33363819122314	1.2020572002727825	1.2
108.34871220588684	1.2020572002727825	1.2
108.36385440826416	1.200706465593624	1.2
108.37692546844482	1.200706465593624	1.2
108.38899302482605	1.200706465593624	1.2
108.40308547019958	1.200706465593624	1.2
108.41830253601074	1.1995140693509714	1.2
108.43123483657837	1.1995140693509714	1.2
108.46257448196411	1.1983955997418918	1.2
108.47378182411194	1.1983955997418918	1.2
108.4856173992157	1.1983955997418918	1.2
108.50146174430847	1.1983955997418918	1.2
108.51706385612488	1.1971925048986944	1.2
108.53041744232178	1.1971925048986944	1.2
108.54422307014465	1.1971925048986944	1.2
108.55910968780518	1.1971925048986944	1.2
108.57180047035217	1.195566809477669	1.2
108.58562302589417	1.195566809477669	1.2
108.60300469398499	1.195566809477669	1.2
108.62095165252686	1.194012880443087	1.2
108.63257145881653	1.194012880443087	1.2
108.64428472518921	1.194012880443087	1.2
108.66824531555176	1.194012880443087	1.2
108.6838276386261	1.192628343681307	1.2
108.69667959213257	1.192628343681307	1.2
108.71078181266785	1.192628343681307	1.2
108.72472405433655	1.19089643362465	1.2
108.73827004432678	1.19089643362465	1.2
108.75369262695312	1.19089643362465	1.2
108.77742910385132	1.1896747802386503	1.2
108.79003810882568	1.1896747802386503	1.2
108.80359649658203	1.1896747802386503	1.2
108.82805490493774	1.1896747802386503	1.2
108.8433473110199	1.1887031075050811	1.2
108.85656261444092	1.1887031075050811	1.2
108.87190985679626	1.1887031075050811	1.2
108.88446521759033	1.187856455110839	1.2
108.89877080917358	1.187856455110839	1.2
108.91678929328918	1.187856455110839	1.2
108.93144226074219	1.1871210507981707	1.2
108.94361186027527	1.1871210507981707	1.2
108.9568932056427	1.1871210507981707	1.2
108.97139549255371	1.1864589481794778	1.2
108.98570775985718	1.1864589481794778	1.2
109.00138258934021	1.1864589481794778	1.2
109.01746606826782	1.186023386190377	1.2
109.0321307182312	1.186023386190377	1.2
109.04662895202637	1.186023386190377	1.2
109.07519364356995	1.1870626620592883	1.2
109.09039568901062	1.1870626620592883	1.2
109.10862946510315	1.1870626620592883	1.2
109.12493419647217	1.1883342610376908	1.2
109.13828945159912	1.1883342610376908	1.2
109.15432262420654	1.1883342610376908	1.2
109.17037916183472	1.1889918660797076	1.2
109.18582820892334	1.1889918660797076	1.2
109.201651096344	1.1889918660797076	1.2
109.22587561607361	1.1897094922380596	1.2
109.23799848556519	1.1897094922380596	1.2
109.25390124320984	1.1897094922380596	1.2
109.27813482284546	1.1903897833629888	1.2
109.29084539413452	1.1903897833629888	1.2
109.3051278591156	1.1903897833629888	1.2
109.31968975067139	1.1903897833629888	1.2
109.33106327056885	1.1907131889790257	1.2
109.34414982795715	1.1907131889790257	1.2
109.35938811302185	1.1907131889790257	1.2
109.3735945224762	1.191262898438485	1.2
109.38595485687256	1.191262898438485	1.2
109.40034174919128	1.191262898438485	1.2
109.41547656059265	1.191771730558758	1.2
109.42994022369385	1.191771730558758	1.2
109.44418692588806	1.191771730558758	1.2
109.47198414802551	1.1925980695881497	1.2
109.48317337036133	1.1925980695881497	1.2
109.49525666236877	1.1925980695881497	1.2
109.51393795013428	1.1925980695881497	1.2
109.52871751785278	1.1939452570881497	1.2
109.54384207725525	1.1939452570881497	1.2
109.55669021606445	1.1939452570881497	1.2
109.57012915611267	1.1958388888251377	1.2
109.58305048942566	1.1958388888251377	1.2
109.59601402282715	1.1958388888251377	1.2
109.61335015296936	1.1958388888251377	1.2
109.62997436523438	1.1968477605479841	1.2
109.64117002487183	1.1968477605479841	1.2
109.6544497013092	1.1968477605479841	1.2
109.67849969863892	1.1968477605479841	1.2
109.69107794761658	1.1989561525971113	1.2
109.70330786705017	1.1989561525971113	1.2
109.71756410598755	1.1989561525971113	1.2
109.7318639755249	1.201207218753481	1.2
109.74539279937744	1.201207218753481	1.2
109.75988960266113	1.201207218753481	1.2
109.77432584762573	1.2028717240958804	1.2
109.78563165664673	1.2028717240958804	1.2
109.80034613609314	1.2028717240958804	1.2
109.81716251373291	1.2028717240958804	1.2
109.83383321762085	1.2053132368756718	1.2
109.84522128105164	1.2053132368756718	1.2
109.85940957069397	1.2053132368756718	1.2
109.87470316886902	1.2074071261514379	1.2
109.88626384735107	1.2074071261514379	1.2
109.90001559257507	1.2074071261514379	1.2
109.91587734222412	1.2074071261514379	1.2
109.93036651611328	1.2092818457213368	1.2
109.94212818145752	1.2092818457213368	1.2
109.9547791481018	1.2092818457213368	1.2
109.96887516975403	1.2092818457213368	1.2
109.98312044143677	1.211206654743893	1.2
109.99872660636902	1.211206654743893	1.2
110.0144875049591	1.211206654743893	1.2
110.02925229072571	1.21310629308659	1.2
110.04336142539978	1.21310629308659	1.2
110.05745124816895	1.21310629308659	1.2
110.07316017150879	1.21310629308659	1.2
110.08670926094055	1.214760367564768	1.2
110.09906601905823	1.214760367564768	1.2
110.11459565162659	1.214760367564768	1.2
110.1294777393341	1.214760367564768	1.2
110.14191818237305	1.2168369638851146	1.2
110.15524506568909	1.2168369638851146	1.2
110.16954040527344	1.2168369638851146	1.2
110.18456292152405	1.2195842964718826	1.2
110.19682025909424	1.2195842964718826	1.2
110.21144962310791	1.2195842964718826	1.2
110.2269914150238	1.2214698096683636	1.2
110.23931074142456	1.2214698096683636	1.2
110.25172662734985	1.2214698096683636	1.2
110.26586937904358	1.2214698096683636	1.2
110.28091335296631	1.223433218119068	1.2
110.29302620887756	1.223433218119068	1.2
110.30699443817139	1.223433218119068	1.2
110.32180857658386	1.223433218119068	1.2
110.33413791656494	1.2248936220236915	1.2
110.34674978256226	1.2248936220236915	1.2
110.36246538162231	1.2248936220236915	1.2
110.37656497955322	1.2264053895275864	1.2
110.3891990184784	1.2264053895275864	1.2
110.40071105957031	1.2264053895275864	1.2
110.41510224342346	1.2264053895275864	1.2
110.42959308624268	1.2265849554762869	1.2
110.44258737564087	1.2265849554762869	1.2
110.45499587059021	1.2265849554762869	1.2
110.4688823223114	1.2265849554762869	1.2
110.4817042350769	1.2262447409072867	1.2
110.49448990821838	1.2262447409072867	1.2
110.51011729240417	1.2262447409072867	1.2
110.5252091884613	1.2250446402712014	1.2
110.53659534454346	1.2250446402712014	1.2
110.54757595062256	1.2250446402712014	1.2
110.5627498626709	1.2250446402712014	1.2
110.57739186286926	1.2228947586264947	1.2
110.58968138694763	1.2228947586264947	1.2
110.6034483909607	1.2228947586264947	1.2
110.61863136291504	1.2228947586264947	1.2
110.6308286190033	1.2202160173786116	1.2
110.6429512500763	1.2202160173786116	1.2
110.65691089630127	1.2202160173786116	1.2
110.67157530784607	1.2161427691988163	1.2
110.6832594871521	1.2161427691988163	1.2
110.69527816772461	1.2161427691988163	1.2
110.71030807495117	1.2161427691988163	1.2
110.72313380241394	1.2132144292237228	1.2
110.73503589630127	1.2132144292237228	1.2
110.74963045120239	1.2132144292237228	1.2
110.76449871063232	1.2132144292237228	1.2
110.77669429779053	1.2104407836193274	1.2
110.78785705566406	1.2104407836193274	1.2
110.80470538139343	1.2104407836193274	1.2
110.82062411308289	1.207157970626919	1.2
110.83225727081299	1.207157970626919	1.2
110.84499740600586	1.207157970626919	1.2
110.85951018333435	1.207157970626919	1.2
110.8735203742981	1.2042018097036118	1.2
110.88559532165527	1.2042018097036118	1.2
110.90011644363403	1.2042018097036118	1.2
110.91947889328003	1.2042018097036118	1.2
110.93287301063538	1.2014675141913753	1.2
110.94536995887756	1.2014675141913753	1.2
110.96622848510742	1.2014675141913753	1.2
110.98078775405884	1.1991742921282929	1.2
110.99641752243042	1.1991742921282929	1.2
111.01291012763977	1.1991742921282929	1.2
111.0258719921112	1.1980141853427337	1.2
111.03952312469482	1.1980141853427337	1.2
111.0545654296875	1.1980141853427337	1.2
111.07266473770142	1.1965889397073617	1.2
111.0849027633667	1.1965889397073617	1.2
111.09630393981934	1.1965889397073617	1.2
111.11041331291199	1.1965889397073617	1.2
111.12801551818848	1.1955139080532171	1.2
111.14046168327332	1.1955139080532171	1.2
111.16353440284729	1.1955139080532171	1.2
111.17924094200134	1.1945597270187345	1.2
111.19404792785645	1.1945597270187345	1.2
111.21514129638672	1.1945597270187345	1.2
111.22862720489502	1.1939592633790448	1.2
111.24410462379456	1.1939592633790448	1.2
111.26133322715759	1.1939592633790448	1.2
111.27980732917786	1.193363370521902	1.2
111.29322385787964	1.193363370521902	1.2
111.30532550811768	1.193363370521902	1.2
111.3198754787445	1.193363370521902	1.2
111.34094715118408	1.1936558498975987	1.2
111.35316967964172	1.1936558498975987	1.2
111.36691761016846	1.1936558498975987	1.2
111.38187384605408	1.1936558498975987	1.2
111.39377689361572	1.1939820236841023	1.2
111.4067895412445	1.1939820236841023	1.2
111.42549872398376	1.1939820236841023	1.2
111.43984460830688	1.1946980036049948	1.2
111.45201969146729	1.1946980036049948	1.2
111.46458196640015	1.1946980036049948	1.2
111.47954773902893	1.1946980036049948	1.2
111.49209833145142	1.195460076410079	1.2
111.50415277481079	1.195460076410079	1.2
111.5207748413086	1.195460076410079	1.2
111.53889584541321	1.19604269471469	1.2
111.55006980895996	1.19604269471469	1.2
111.56392455101013	1.19604269471469	1.2
111.58647799491882	1.1974255252572323	1.2
111.59929966926575	1.1974255252572323	1.2
111.61433029174805	1.1974255252572323	1.2
111.62859463691711	1.2001035351722464	1.2
111.64019656181335	1.2001035351722464	1.2
111.65552139282227	1.2001035351722464	1.2
111.67174768447876	1.2001035351722464	1.2
111.68754053115845	1.201656095388407	1.2
111.69932913780212	1.201656095388407	1.2
111.71383476257324	1.201656095388407	1.2
111.7289867401123	1.2030624465719002	1.2
111.74499702453613	1.2030624465719002	1.2
111.76614117622375	1.2030624465719002	1.2
111.78318333625793	1.2045048603650037	1.2
111.79461741447449	1.2045048603650037	1.2
111.80963253974915	1.2045048603650037	1.2
111.82622408866882	1.2045048603650037	1.2
111.84323978424072	1.2054495134566638	1.2
111.85772657394409	1.2054495134566638	1.2
111.87262892723083	1.2054495134566638	1.2
111.89390969276428	1.206292361255667	1.2
111.91053700447083	1.206292361255667	1.2
111.93008518218994	1.2065067168900792	1.2
111.94185137748718	1.2065067168900792	1.2
111.95320963859558	1.2065067168900792	1.2
111.97285461425781	1.2065067168900792	1.2
111.98899245262146	1.2073303422555397	1.2
112.00406980514526	1.2073303422555397	1.2
112.0254852771759	1.2073303422555397	1.2
112.04052424430847	1.2085852782704005	1.2
112.05487775802612	1.2085852782704005	1.2
112.06857633590698	1.2085852782704005	1.2
112.08372378349304	1.209170145252134	1.2
112.09696745872498	1.209170145252134	1.2
112.11106634140015	1.209170145252134	1.2
112.12719774246216	1.209170145252134	1.2
112.1447126865387	1.2088919067905954	1.2
112.15598726272583	1.2088919067905954	1.2
112.17098712921143	1.2088919067905954	1.2
112.18903088569641	1.2099254354752969	1.2
112.20386719703674	1.2099254354752969	1.2
112.2180290222168	1.2099254354752969	1.2
112.23259568214417	1.2099254354752969	1.2
112.24424147605896	1.2118687995948982	1.2
112.26144242286682	1.2118687995948982	1.2
112.27803134918213	1.2118687995948982	1.2
112.29143500328064	1.2137261154398038	1.2
112.30446434020996	1.2137261154398038	1.2
112.3195812702179	1.2137261154398038	1.2
112.33389925956726	1.2151622696552233	1.2
112.34600591659546	1.2151622696552233	1.2
112.36175060272217	1.2151622696552233	1.2
112.3839259147644	1.216644914713363	1.2
112.39527535438538	1.216644914713363	1.2
112.40993690490723	1.216644914713363	1.2
112.43346500396729	1.216644914713363	1.2
112.44686794281006	1.2195955724963816	1.2
112.45942807197571	1.2195955724963816	1.2
112.47433876991272	1.2195955724963816	1.2
112.49015188217163	1.2212051781848108	1.2
112.50268983840942	1.2212051781848108	1.2
112.51797342300415	1.2212051781848108	1.2
112.53876042366028	1.2220051791730997	1.2
112.55060958862305	1.2220051791730997	1.2
112.56204390525818	1.2220051791730997	1.2
112.58745956420898	1.2220051791730997	1.2
112.60212278366089	1.2242033272150699	1.2
112.61780977249146	1.2242033272150699	1.2
112.63338565826416	1.2242033272150699	1.2
112.64748239517212	1.2256936490099417	1.2
112.66067314147949	1.2256936490099417	1.2
112.67633581161499	1.2256936490099417	1.2
112.69376492500305	1.226850371738979	1.2
112.70650625228882	1.226850371738979	1.2
112.72122883796692	1.226850371738979	1.2
112.73530888557434	1.2278470574532645	1.2
112.74863719940186	1.2278470574532645	1.2
112.76332902908325	1.2278470574532645	1.2
112.77816939353943	1.22919989612754	1.2
112.79409170150757	1.22919989612754	1.2
112.8085823059082	1.22919989612754	1.2
112.82863998413086	1.2305291829568787	1.2
112.84205269813538	1.2305291829568787	1.2
112.85611772537231	1.2305291829568787	1.2
112.8778223991394	1.2305291829568787	1.2
112.8931405544281	1.2300895753349277	1.2
112.90532541275024	1.2300895753349277	1.2
112.92057251930237	1.2300895753349277	1.2
112.93542265892029	1.2293488446531093	1.2
112.94851565361023	1.2293488446531093	1.2
112.96376943588257	1.2293488446531093	1.2
112.98600721359253	1.2293488446531093	1.2
113.00167894363403	1.2287338131405043	1.2
113.01752090454102	1.2287338131405043	1.2
113.03511190414429	1.2287338131405043	1.2
113.0498857498169	1.2279527269116908	1.2
113.06451869010925	1.2279527269116908	1.2
113.07849717140198	1.2279527269116908	1.2
113.0920045375824	1.2241751206044502	1.2
113.10607290267944	1.2241751206044502	1.2
113.12212705612183	1.2241751206044502	1.2
113.13917660713196	1.2199904145717304	1.2
113.1515805721283	1.2199904145717304	1.2
113.1645393371582	1.2199904145717304	1.2
113.18114924430847	1.2199904145717304	1.2
113.1977310180664	1.2167684948796649	1.2
113.2111074924469	1.2167684948796649	1.2
113.2276964187622	1.2167684948796649	1.2
113.24250745773315	1.2123323354020235	1.2
113.25355076789856	1.2123323354020235	1.2
113.26644396781921	1.2123323354020235	1.2
113.28226780891418	1.2123323354020235	1.2
113.29682874679565	1.2061890782785496	1.2
113.30920219421387	1.2061890782785496	1.2
113.32447600364685	1.2061890782785496	1.2
113.33913207054138	1.2003690745924427	1.2
113.351322889328	1.2003690745924427	1.2
113.36439919471741	1.2003690745924427	1.2
113.38646245002747	1.2003690745924427	1.2
113.39873695373535	1.1966744748425988	1.2
113.41004204750061	1.1966744748425988	1.2
113.43150854110718	1.1966744748425988	1.2
113.448566198349	1.1936483819732042	1.2
113.46346473693848	1.1936483819732042	1.2
113.47795057296753	1.1936483819732042	1.2
113.49234104156494	1.1920155891160613	1.2
113.50516605377197	1.1920155891160613	1.2
113.51850199699402	1.1920155891160613	1.2
113.53233981132507	1.1920155891160613	1.2
113.5445327758789	1.1907096391900258	1.2
113.55706644058228	1.1907096391900258	1.2
113.57355785369873	1.1907096391900258	1.2
113.59264492988586	1.1906927680742934	1.2
113.60588335990906	1.1906927680742934	1.2
113.61917328834534	1.1906927680742934	1.2
113.64520382881165	1.1914503907736798	1.2
113.6596417427063	1.1914503907736798	1.2
113.67530965805054	1.1914503907736798	1.2
113.69013094902039	1.1914455717654477	1.2
113.7015872001648	1.1914455717654477	1.2
113.71484756469727	1.1914455717654477	1.2
113.73226737976074	1.1914455717654477	1.2
113.74831533432007	1.1914643323212561	1.2
113.7601625919342	1.1914643323212561	1.2
113.77501654624939	1.1914643323212561	1.2
113.78907179832458	1.1917215741712428	1.2
113.80197143554688	1.1917215741712428	1.2
113.81604433059692	1.1917215741712428	1.2
113.83556294441223	1.1917215741712428	1.2
113.84865999221802	1.1920501545283857	1.2
113.86121392250061	1.1920501545283857	1.2
113.88548254966736	1.1920501545283857	1.2
113.90109920501709	1.1920910645687197	1.2
113.91397452354431	1.1920910645687197	1.2
113.92966818809509	1.1920910645687197	1.2
113.94278955459595	1.1915352677547644	1.2
113.95511484146118	1.1915352677547644	1.2
113.96944689750671	1.1915352677547644	1.2
113.99073052406311	1.1915352677547644	1.2
114.00790500640869	1.190085623461069	1.2
114.02129530906677	1.190085623461069	1.2
114.03800964355469	1.190085623461069	1.2
114.05387544631958	1.188175091000741	1.2
114.0681426525116	1.188175091000741	1.2
114.08384799957275	1.188175091000741	1.2
114.09715938568115	1.1870841797604461	1.2
114.11021828651428	1.1870841797604461	1.2
114.12620306015015	1.1870841797604461	1.2
114.14907646179199	1.1860206541194205	1.2
114.16571283340454	1.1860206541194205	1.2
114.18370294570923	1.1860206541194205	1.2
114.2040650844574	1.1848142226474991	1.2
114.21682739257812	1.1848142226474991	1.2
114.23305368423462	1.1848142226474991	1.2
114.24847722053528	1.1842597679683873	1.2
114.26065278053284	1.1842597679683873	1.2
114.27854132652283	1.1842597679683873	1.2
114.29452252388	1.1842597679683873	1.2
114.30603575706482	1.185547253391128	1.2
114.31948566436768	1.185547253391128	1.2
114.33624339103699	1.185547253391128	1.2
114.35089468955994	1.1867411028447905	1.2
114.36383843421936	1.1867411028447905	1.2
114.37763404846191	1.1867411028447905	1.2
114.3919312953949	1.1875080591048226	1.2
114.40399146080017	1.1875080591048226	1.2
114.41742897033691	1.1875080591048226	1.2
114.43568062782288	1.1875080591048226	1.2
114.45268297195435	1.188096646969991	1.2
114.46385765075684	1.188096646969991	1.2
114.4785475730896	1.188096646969991	1.2
114.49826383590698	1.188096646969991	1.2
114.51060891151428	1.187860334120829	1.2
114.52345442771912	1.187860334120829	1.2
114.53871583938599	1.187860334120829	1.2
114.55253076553345	1.188051845204376	1.2
114.56401085853577	1.188051845204376	1.2
114.58000469207764	1.188051845204376	1.2
114.60600686073303	1.1881539903360354	1.2
114.61761093139648	1.1881539903360354	1.2
114.63271927833557	1.1881539903360354	1.2
114.65287971496582	1.1881539903360354	1.2
114.66569375991821	1.187855151112196	1.2
114.67817735671997	1.187855151112196	1.2
114.69361901283264	1.187855151112196	1.2
114.70654511451721	1.1873884267689048	1.2
114.72026777267456	1.1873884267689048	1.2
114.7361991405487	1.1873884267689048	1.2
114.75354480743408	1.1860028250127064	1.2
114.76570010185242	1.1860028250127064	1.2
114.77868866920471	1.1860028250127064	1.2
114.79385685920715	1.1860028250127064	1.2
114.80594944953918	1.184495602790484	1.2
114.81889009475708	1.184495602790484	1.2
114.84262323379517	1.184495602790484	1.2
114.8569986820221	1.1831494052482907	1.2
114.86899185180664	1.1831494052482907	1.2
114.88514924049377	1.1831494052482907	1.2
114.90214705467224	1.1820635894107734	1.2
114.91411828994751	1.1820635894107734	1.2
114.92611598968506	1.1820635894107734	1.2
114.94120526313782	1.1820635894107734	1.2
114.95523452758789	1.1812888372063006	1.2
114.9686348438263	1.1812888372063006	1.2
114.98328042030334	1.1812888372063006	1.2
114.99851632118225	1.1805550616960965	1.2
115.01401829719543	1.1805550616960965	1.2
115.03068590164185	1.1805550616960965	1.2
115.05051827430725	1.1805550616960965	1.2
115.06260085105896	1.1797491381218643	1.2
115.0737624168396	1.1797491381218643	1.2
115.0969831943512	1.1797491381218643	1.2
115.11178588867188	1.179186967623344	1.2
115.12704634666443	1.179186967623344	1.2
115.14265990257263	1.179186967623344	1.2
115.15475916862488	1.1794582610596371	1.2
115.17114591598511	1.1794582610596371	1.2
115.18958735466003	1.1794582610596371	1.2
115.2119607925415	1.1786235331537527	1.2
115.2246618270874	1.1786235331537527	1.2
115.23951053619385	1.1786235331537527	1.2
115.25626921653748	1.1773821201102745	1.2
115.26758575439453	1.1773821201102745	1.2
115.28597164154053	1.1773821201102745	1.2
115.30201411247253	1.1754922121955107	1.2
115.31352186203003	1.1754922121955107	1.2
115.3269591331482	1.1754922121955107	1.2
115.34607195854187	1.1754922121955107	1.2
115.35871267318726	1.1737108459983274	1.2
115.37086343765259	1.1737108459983274	1.2
115.38505029678345	1.1737108459983274	1.2
115.40174388885498	1.1712136662499697	1.2
115.41320300102234	1.1712136662499697	1.2
115.4260470867157	1.1712136662499697	1.2
115.44659805297852	1.1712136662499697	1.2
115.46044778823853	1.1687796923005964	1.2
115.47188138961792	1.1687796923005964	1.2
115.49721884727478	1.1687796923005964	1.2
115.51138186454773	1.1665062996692075	1.2
115.52365970611572	1.1665062996692075	1.2
115.53946447372437	1.1665062996692075	1.2
115.55235123634338	1.1647227558901876	1.2
115.56428098678589	1.1647227558901876	1.2
115.57946753501892	1.1647227558901876	1.2
115.59506869316101	1.16281246663462	1.2
115.60733723640442	1.16281246663462	1.2
115.6199402809143	1.16281246663462	1.2
115.63568329811096	1.16281246663462	1.2
115.65001606941223	1.160897409744607	1.2
115.66284227371216	1.160897409744607	1.2
115.67956137657166	1.160897409744607	1.2
115.69653058052063	1.160318775850088	1.2
115.70795726776123	1.160318775850088	1.2
115.72110986709595	1.160318775850088	1.2
115.7363224029541	1.160318775850088	1.2
115.75068163871765	1.161206498015188	1.2
115.76199197769165	1.161206498015188	1.2
115.77484703063965	1.161206498015188	1.2
115.7931125164032	1.161206498015188	1.2
115.80682301521301	1.1620802148394807	1.2
115.81918454170227	1.1620802148394807	1.2
115.83400964736938	1.1620802148394807	1.2
115.84940218925476	1.1633385807612684	1.2
115.86324620246887	1.1633385807612684	1.2
115.8770546913147	1.1633385807612684	1.2
115.89446091651917	1.1633385807612684	1.2
115.90973591804504	1.165288339564241	1.2
115.920729637146	1.165288339564241	1.2
115.93716645240784	1.165288339564241	1.2
115.95381188392639	1.165288339564241	1.2
115.96666741371155	1.167234494425211	1.2
115.97944521903992	1.167234494425211	1.2
115.99460625648499	1.167234494425211	1.2
116.00981259346008	1.1700445015498548	1.2
116.02478623390198	1.1700445015498548	1.2
116.04081511497498	1.1700445015498548	1.2
116.05905246734619	1.1726693639418793	1.2
116.07116031646729	1.1726693639418793	1.2
116.08557391166687	1.1726693639418793	1.2
116.10691833496094	1.1754561314151026	1.2
116.11968946456909	1.1754561314151026	1.2
116.13767409324646	1.1754561314151026	1.2
116.15299224853516	1.178219211788481	1.2
116.16447520256042	1.178219211788481	1.2
116.18508744239807	1.178219211788481	1.2
116.20672631263733	1.178219211788481	1.2
116.22415614128113	1.180696796610823	1.2
116.24014258384705	1.180696796610823	1.2
116.25952959060669	1.180696796610823	1.2
116.2742702960968	1.1826008298399473	1.2
116.28669667243958	1.1826008298399473	1.2
116.30450987815857	1.1826008298399473	1.2
116.31898283958435	1.1848653328962306	1.2
116.33120203018188	1.1848653328962306	1.2
116.34576845169067	1.1848653328962306	1.2
116.36126947402954	1.1848653328962306	1.2
116.37302708625793	1.1877950857863244	1.2
116.38547921180725	1.1877950857863244	1.2
116.39984464645386	1.1877950857863244	1.2
116.41551280021667	1.1911385236342285	1.2
116.4276168346405	1.1911385236342285	1.2
116.44579148292542	1.1911385236342285	1.2
116.46302461624146	1.194577359965272	1.2
116.47416138648987	1.194577359965272	1.2
116.48553276062012	1.194577359965272	1.2
116.50903964042664	1.194577359965272	1.2
116.52359890937805	1.1984153844919707	1.2
116.5361077785492	1.1984153844919707	1.2
116.5502519607544	1.1984153844919707	1.2
116.56577110290527	1.2016061967854275	1.2
116.5796160697937	1.2016061967854275	1.2
116.59303545951843	1.2016061967854275	1.2
116.60804009437561	1.2016061967854275	1.2
116.62247800827026	1.2053867165435421	1.2
116.6359715461731	1.2053867165435421	1.2
116.65272068977356	1.2053867165435421	1.2
116.67044973373413	1.2092548850675255	1.2
116.68185210227966	1.2092548850675255	1.2
116.69495105743408	1.2092548850675255	1.2
116.71628880500793	1.2092548850675255	1.2
116.72968053817749	1.2141351178645947	1.2
116.74121475219727	1.2141351178645947	1.2
116.7560818195343	1.2141351178645947	1.2
116.76947736740112	1.2197453761982864	1.2
116.78424263000488	1.2197453761982864	1.2
116.79874110221863	1.2197453761982864	1.2
116.8183012008667	1.2251749808991412	1.2
116.83181929588318	1.2251749808991412	1.2
116.84414172172546	1.2251749808991412	1.2
116.86080574989319	1.2251749808991412	1.2
116.87881684303284	1.2303861887348244	1.2
116.89235091209412	1.2303861887348244	1.2
116.9062819480896	1.2303861887348244	1.2
116.9208722114563	1.2351049162412513	1.2
116.93275022506714	1.2351049162412513	1.2
116.94580626487732	1.2351049162412513	1.2
116.96419358253479	1.2351049162412513	1.2
116.97904515266418	1.239992576512818	1.2
116.9912462234497	1.239992576512818	1.2
117.00600481033325	1.239992576512818	1.2
117.0239896774292	1.24371239096917	1.2
117.03774404525757	1.24371239096917	1.2
117.0557312965393	1.24371239096917	1.2
117.07329940795898	1.2478115428732846	1.2
117.08469295501709	1.2478115428732846	1.2
117.0991780757904	1.2478115428732846	1.2
117.11944508552551	1.2478115428732846	1.2
117.13698554039001	1.2495973543613623	1.2
117.1511001586914	1.2495973543613623	1.2
117.16641926765442	1.2495973543613623	1.2
117.18058013916016	1.2512721022036368	1.2
117.19729995727539	1.2512721022036368	1.2
117.21577095985413	1.2512721022036368	1.2
117.2320294380188	1.251875246736703	1.2
117.2432291507721	1.251875246736703	1.2
117.25565958023071	1.251875246736703	1.2
117.27940368652344	1.251875246736703	1.2
117.29115509986877	1.2494920622986627	1.2
117.3033607006073	1.2494920622986627	1.2
117.32307410240173	1.2494920622986627	1.2
117.3381814956665	1.24600569138363	1.2
117.35010242462158	1.24600569138363	1.2
117.36541080474854	1.24600569138363	1.2
117.37985467910767	1.2415977647360656	1.2
117.39163613319397	1.2415977647360656	1.2
117.40526700019836	1.2415977647360656	1.2
117.42114973068237	1.2415977647360656	1.2
117.43868374824524	1.237246664457514	1.2
117.45019292831421	1.237246664457514	1.2
117.46305680274963	1.237246664457514	1.2
117.4845597743988	1.237246664457514	1.2
117.49828004837036	1.2324578283785486	1.2
117.51010203361511	1.2324578283785486	1.2
117.52540946006775	1.2324578283785486	1.2
117.53793430328369	1.228382009787447	1.2
117.5508017539978	1.228382009787447	1.2
117.56719827651978	1.228382009787447	1.2
117.58297419548035	1.2232590422789928	1.2
117.5964903831482	1.2232590422789928	1.2
117.60999345779419	1.2232590422789928	1.2
117.6259171962738	1.2191819460550066	1.2
117.63926911354065	1.2191819460550066	1.2
117.65084981918335	1.2191819460550066	1.2
117.66693925857544	1.2191819460550066	1.2
117.68284749984741	1.2191819460550066	1.2
117.69422125816345	1.2147515776339541	1.2
117.7119824886322	1.2147515776339541	1.2
117.73781847953796	1.2147515776339541	1.2
117.75937390327454	1.2108754699818152	1.2
117.77640438079834	1.2108754699818152	1.2
117.79891204833984	1.2108754699818152	1.2
117.81702589988708	1.2088236012223628	1.2
117.83769702911377	1.2088236012223628	1.2
117.85479545593262	1.2068948634072363	1.2
117.86937952041626	1.2068948634072363	1.2
117.88560318946838	1.2068948634072363	1.2
117.90419435501099	1.2068948634072363	1.2
117.92106199264526	1.2046660336319555	1.2
117.93294787406921	1.2046660336319555	1.2
117.95195984840393	1.2046660336319555	1.2
117.97043108940125	1.2028440851300193	1.2
117.98681163787842	1.2028440851300193	1.2
118.00285625457764	1.2028440851300193	1.2
118.01792764663696	1.2004053728824906	1.2
118.03160452842712	1.2004053728824906	1.2
118.04873967170715	1.2004053728824906	1.2
118.06296133995056	1.1978587129534737	1.2
118.07743954658508	1.1978587129534737	1.2
118.09497046470642	1.1978587129534737	1.2
118.10983490943909	1.196069119832871	1.2
118.12584686279297	1.196069119832871	1.2
118.14108896255493	1.196069119832871	1.2
118.15648937225342	1.194128233522958	1.2
118.17249488830566	1.194128233522958	1.2
118.18892288208008	1.194128233522958	1.2
118.20633244514465	1.194128233522958	1.2
118.22128510475159	1.193475180891379	1.2
118.24059438705444	1.193475180891379	1.2
118.257080078125	1.193475180891379	1.2
118.27266836166382	1.1921262852211811	1.2
118.2855155467987	1.1921262852211811	1.2
118.30019569396973	1.1921262852211811	1.2
118.31447958946228	1.1908397884045827	1.2
118.3264729976654	1.1908397884045827	1.2
118.34021759033203	1.1908397884045827	1.2
118.36074376106262	1.1908397884045827	1.2
118.37468600273132	1.1905616220451358	1.2
118.38615870475769	1.1905616220451358	1.2
118.40281987190247	1.1905616220451358	1.2
118.42027974128723	1.1907071768204167	1.2
118.4326810836792	1.1907071768204167	1.2
118.446457862854	1.1907071768204167	1.2
118.46121859550476	1.1907071768204167	1.2
118.47343635559082	1.1903115965686464	1.2
118.48605608940125	1.1903115965686464	1.2
118.50264143943787	1.1903115965686464	1.2
118.52037858963013	1.190728886705825	1.2
118.53342771530151	1.190728886705825	1.2
118.54508471488953	1.190728886705825	1.2
118.57134675979614	1.190728886705825	1.2
118.5848777294159	1.1913592166716063	1.2
118.59936666488647	1.1913592166716063	1.2
118.61456513404846	1.1913592166716063	1.2
118.62756872177124	1.1920140812789017	1.2
118.64015436172485	1.1920140812789017	1.2
118.6559944152832	1.1920140812789017	1.2
118.67288661003113	1.193156564462417	1.2
118.68489170074463	1.193156564462417	1.2
118.69820046424866	1.193156564462417	1.2
118.71317028999329	1.193156564462417	1.2
118.72866487503052	1.1931313153188476	1.2
118.74094152450562	1.1931313153188476	1.2
118.75665783882141	1.1931313153188476	1.2
118.77090454101562	1.2005420374086995	1.2
118.78239130973816	1.2005420374086995	1.2
118.79776930809021	1.2005420374086995	1.2
118.81415629386902	1.2005420374086995	1.2
118.82736158370972	1.2118799208599742	1.2
118.83948826789856	1.2118799208599742	1.2
118.85945272445679	1.2118799208599742	1.2
118.87392258644104	nan	1.2
118.88859701156616	nan	1.2
118.90345191955566	nan	1.2
118.9178352355957	nan	1.2
118.93233466148376	nan	1.2
118.94959998130798	nan	1.2
118.96598434448242	nan	1.2
118.98479080200195	nan	1.2
119.00037288665771	nan	1.2
119.01627779006958	nan	1.2
119.04736924171448	nan	1.2
119.06425547599792	nan	1.2
119.07864260673523	nan	1.2
119.11613750457764	nan	1.2
119.13479518890381	nan	1.2
119.15060114860535	nan	1.2
119.1658148765564	nan	1.2
119.18337655067444	nan	1.2
119.20704317092896	nan	1.2
119.22265458106995	nan	1.2
119.23481845855713	nan	1.2
119.25600934028625	nan	1.2
119.27143263816833	nan	1.2
119.2835009098053	nan	1.2
119.29875254631042	nan	1.2
119.31238603591919	nan	1.2
119.32643556594849	nan	1.2
119.3430528640747	nan	1.2
119.3621551990509	nan	1.2
119.37673926353455	nan	1.2
119.38992595672607	nan	1.2
119.40782403945923	nan	1.2
119.42227697372437	nan	1.2
119.4367880821228	nan	1.2
119.45720934867859	nan	1.2
119.4689621925354	nan	1.2
119.4805839061737	nan	1.2
119.49749898910522	nan	1.2
119.51290512084961	nan	1.2
119.52686977386475	nan	1.2
119.5405445098877	nan	1.2
119.55458974838257	nan	1.2
119.5682475566864	nan	1.2
119.58269143104553	nan	1.2
119.59745478630066	nan	1.2
119.61082768440247	nan	1.2
119.62628841400146	nan	1.2
119.64192748069763	nan	1.2
119.65851998329163	nan	1.2
119.67030334472656	nan	1.2
119.68535017967224	nan	1.2
119.7018973827362	nan	1.2
119.7147901058197	nan	1.2
119.73825454711914	nan	1.2
119.7523283958435	nan	1.2
119.7637038230896	nan	1.2
119.78029227256775	nan	1.2
119.79718089103699	nan	1.2
119.80886840820312	nan	1.2
119.82449531555176	nan	1.2
119.83885145187378	nan	1.2
119.85177826881409	nan	1.2
119.8643958568573	nan	1.2
119.88001704216003	nan	1.2
119.89453864097595	nan	1.2
119.90756726264954	nan	1.2
119.92179989814758	nan	1.2
119.93689250946045	nan	1.2
119.95015573501587	nan	1.2
119.97202944755554	nan	1.2
119.9879641532898	nan	1.2
119.9997911453247	nan	1.2
120.02664089202881	nan	1.2
120.0448009967804	nan	1.2
120.05981802940369	nan	1.2
120.0754783153534	nan	1.2
120.0914146900177	nan	1.2
120.1066541671753	nan	1.2
120.12322473526001	nan	1.2
120.14349436759949	nan	1.2
120.15873312950134	nan	1.2
120.17672681808472	nan	1.2
120.1936457157135	nan	1.2
120.21011328697205	nan	1.2
120.22682666778564	nan	1.2
120.24168467521667	nan	1.2
120.25562143325806	nan	1.2
120.26957869529724	nan	1.2
120.28468728065491	nan	1.2
120.2975721359253	nan	1.2
120.31050038337708	nan	1.2
120.32673692703247	nan	1.2
120.3468747138977	nan	1.2
120.35855507850647	nan	1.2
120.37348484992981	nan	1.2
120.38895606994629	nan	1.2
120.40167999267578	nan	1.2
120.42128896713257	nan	1.2
120.43686437606812	nan	1.2
120.44797539710999	nan	1.2
120.46601462364197	nan	1.2
120.4823648929596	nan	1.2
120.49596285820007	nan	1.2
120.50837063789368	nan	1.2
120.52284979820251	nan	1.2
120.53794646263123	nan	1.2
120.55132293701172	nan	1.2
120.56695294380188	nan	1.2
120.58496069908142	nan	1.2
120.59771227836609	nan	1.2
120.60948395729065	nan	1.2
120.62803387641907	nan	1.2
120.64296340942383	nan	1.2
120.65638184547424	nan	1.2
120.67060947418213	nan	1.2
120.6855137348175	nan	1.2
120.69830083847046	nan	1.2
120.71095943450928	nan	1.2
120.72686457633972	nan	1.2
120.74755573272705	nan	1.2
120.75904250144958	nan	1.2
120.76992464065552	nan	1.2
120.78576493263245	nan	1.2
120.80275511741638	nan	1.2
120.81452488899231	nan	1.2
120.82717871665955	nan	1.2
120.84164190292358	nan	1.2
120.85452818870544	nan	1.2
120.8684356212616	nan	1.2
120.88429307937622	nan	1.2
120.90428400039673	nan	1.2
120.91588973999023	nan	1.2
120.92988920211792	nan	1.2
120.94763088226318	nan	1.2
120.96040868759155	nan	1.2
120.977543592453	nan	1.2
120.99400043487549	nan	1.2
121.00671458244324	nan	1.2
121.02772545814514	nan	1.2
121.0435483455658	nan	1.2
121.05795335769653	nan	1.2
121.07405924797058	nan	1.2
121.09088087081909	nan	1.2
121.10456037521362	nan	1.2
121.11710357666016	nan	1.2
121.1326150894165	nan	1.2
121.1470718383789	nan	1.2
121.16077303886414	nan	1.2
121.17589044570923	nan	1.2
121.19627451896667	nan	1.2
121.2089695930481	nan	1.2
121.22100567817688	nan	1.2
121.24341177940369	nan	1.2
121.25916194915771	nan	1.2
121.27298927307129	nan	1.2
121.28859114646912	nan	1.2
121.30324244499207	nan	1.2
121.31531596183777	nan	1.2
121.33095669746399	nan	1.2
121.34856677055359	1.173046225454286	1.2
121.36068415641785	1.173046225454286	1.2
121.3738374710083	1.173046225454286	1.2
121.39195561408997	1.1756130334900001	1.2
121.40560531616211	1.1756130334900001	1.2
121.4189190864563	1.1756130334900001	1.2
121.43765139579773	1.1756130334900001	1.2
121.45043921470642	1.1776888706605693	1.2
121.46238994598389	1.1776888706605693	1.2
121.48214530944824	1.1776888706605693	1.2
121.49705266952515	1.1791213629240531	1.2
121.51170516014099	1.1791213629240531	1.2
121.52577137947083	1.1791213629240531	1.2
121.53998708724976	1.1815970377278893	1.2
121.55445981025696	1.1815970377278893	1.2
121.56800413131714	1.1815970377278893	1.2
121.58925604820251	1.18348972238698	1.2
121.60279107093811	1.18348972238698	1.2
121.61430239677429	1.18348972238698	1.2
121.63073444366455	1.18348972238698	1.2
121.64788699150085	1.184368449380845	1.2
121.6606376171112	1.184368449380845	1.2
121.67539978027344	1.184368449380845	1.2
121.69002890586853	1.1882953435814718	1.2
121.70201134681702	1.1882953435814718	1.2
121.71371340751648	1.1882953435814718	1.2
121.72993731498718	1.1882953435814718	1.2
121.74407958984375	1.189937138656152	1.2
121.75562644004822	1.189937138656152	1.2
121.76802945137024	1.189937138656152	1.2
121.7843964099884	1.189937138656152	1.2
121.79696702957153	1.1903511547527315	1.2
121.80949115753174	1.1903511547527315	1.2
121.82372260093689	1.1903511547527315	1.2
121.8382658958435	1.1905366886736168	1.2
121.85069847106934	1.1905366886736168	1.2
121.86570811271667	1.1905366886736168	1.2
121.88472557067871	1.1900790763709055	1.2
121.89730453491211	1.1900790763709055	1.2
121.9094386100769	1.1900790763709055	1.2
121.93416595458984	1.1900790763709055	1.2
121.94650316238403	1.1882819376425817	1.2
121.95949721336365	1.1882819376425817	1.2
121.97452640533447	1.1882819376425817	1.2
121.98751068115234	1.1876346405678044	1.2
122.00066685676575	1.1876346405678044	1.2
122.01712775230408	1.1876346405678044	1.2
122.0381531715393	1.1855883984828623	1.2
122.0540177822113	1.1855883984828623	1.2
122.07000064849854	1.1855883984828623	1.2
122.08734965324402	1.1834677720049327	1.2
122.09963369369507	1.1834677720049327	1.2
122.1204903125763	1.1834677720049327	1.2
122.13574457168579	1.1817275904406868	1.2
122.1469931602478	1.1817275904406868	1.2
122.16123366355896	1.1817275904406868	1.2
122.17861008644104	1.1817275904406868	1.2
122.19173240661621	1.178528721609518	1.2
122.20539355278015	1.178528721609518	1.2
122.21937847137451	1.178528721609518	1.2
122.23359656333923	1.175757826628823	1.2
122.24579215049744	1.175757826628823	1.2
122.26120328903198	1.175757826628823	1.2
122.27887487411499	1.173956526876418	1.2
122.29124450683594	1.173956526876418	1.2
122.30563449859619	1.173956526876418	1.2
122.32603788375854	1.172064774468138	1.2
122.3378746509552	1.172064774468138	1.2
122.35299921035767	1.172064774468138	1.2
122.36929774284363	1.172064774468138	1.2
122.38130784034729	1.1702110754702097	1.2
122.39355683326721	1.1702110754702097	1.2
122.41496729850769	1.1702110754702097	1.2
122.4312584400177	1.16990813368656	1.2
122.4438087940216	1.16990813368656	1.2
122.45663166046143	1.16990813368656	1.2
122.47128462791443	1.1690509083021718	1.2
122.48364281654358	1.1690509083021718	1.2
122.49615716934204	1.1690509083021718	1.2
122.52260541915894	1.1690509083021718	1.2
122.53530311584473	1.169421716491435	1.2
122.54689645767212	1.169421716491435	1.2
122.57292866706848	1.169421716491435	1.2
122.58602833747864	1.1688745588784555	1.2
122.59842896461487	1.1688745588784555	1.2
122.61735272407532	1.1688745588784555	1.2
122.63296914100647	1.1691359599548963	1.2
122.64433598518372	1.1691359599548963	1.2
122.65811252593994	1.1691359599548963	1.2
122.67276072502136	1.1691359599548963	1.2
122.68536496162415	1.1702547965204033	1.2
122.69947862625122	1.1702547965204033	1.2
122.71496105194092	1.1702547965204033	1.2
122.73360824584961	1.1713147136632605	1.2
122.74496531486511	1.1713147136632605	1.2
122.75722694396973	1.1713147136632605	1.2
122.77409172058105	1.1713147136632605	1.2
122.78922653198242	1.1721652223680095	1.2
122.80206680297852	1.1721652223680095	1.2
122.81729745864868	1.1721652223680095	1.2
122.83251237869263	1.1727722339226314	1.2
122.84546208381653	1.1727722339226314	1.2
122.86131262779236	1.1727722339226314	1.2
122.87693691253662	1.1735564023661282	1.2
122.89217066764832	1.1735564023661282	1.2
122.90400671958923	1.1735564023661282	1.2
122.92020153999329	1.1735564023661282	1.2
122.9375832080841	1.1727055553370511	1.2
122.94940137863159	1.1727055553370511	1.2
122.97901225090027	1.17202498296863	1.2
122.99042344093323	1.17202498296863	1.2
123.00409412384033	1.17202498296863	1.2
123.02518200874329	1.17202498296863	1.2
123.0399432182312	1.1698634747793668	1.2
123.05655288696289	1.1698634747793668	1.2
123.0710973739624	1.1698634747793668	1.2
123.08739376068115	1.1705523971797407	1.2
123.10309982299805	1.1705523971797407	1.2
123.12209868431091	1.1705523971797407	1.2
123.13968396186829	1.1694968363501803	1.2
123.15544033050537	1.1694968363501803	1.2
123.17446660995483	1.1694968363501803	1.2
123.18956971168518	1.168700842641816	1.2
123.20823931694031	1.168700842641816	1.2
123.22364211082458	1.168700842641816	1.2
123.23594498634338	1.1685180667126125	1.2
123.2479681968689	1.1685180667126125	1.2
123.26368451118469	1.1685180667126125	1.2
123.28179287910461	1.1692030630706807	1.2
123.29416465759277	1.1692030630706807	1.2
123.30733466148376	1.1692030630706807	1.2
123.32269263267517	1.1692608787923302	1.2
123.33577275276184	1.1692608787923302	1.2
123.34729647636414	1.1692608787923302	1.2
123.36169505119324	1.1692608787923302	1.2
123.3762719631195	1.1694513771312005	1.2
123.38852024078369	1.1694513771312005	1.2
123.40495872497559	1.1694513771312005	1.2
123.42252969741821	1.1701334007375075	1.2
123.43398332595825	1.1701334007375075	1.2
123.44618582725525	1.1701334007375075	1.2
123.46925115585327	1.1701334007375075	1.2
123.48599076271057	1.1699128870388775	1.2
123.49863123893738	1.1699128870388775	1.2
123.51222729682922	1.1699128870388775	1.2
123.52678179740906	1.1701777079808782	1.2
123.53999090194702	1.1701777079808782	1.2
123.55294013023376	1.1701777079808782	1.2
123.58237791061401	1.1691703338759591	1.2
123.59363222122192	1.1691703338759591	1.2
123.60672736167908	1.1691703338759591	1.2
123.62649154663086	1.1691703338759591	1.2
123.63977861404419	1.168741138261506	1.2
123.65125894546509	1.168741138261506	1.2
123.66746592521667	1.168741138261506	1.2
123.6822202205658	1.1677966619372684	1.2
123.69590163230896	1.1677966619372684	1.2
123.71023726463318	1.1677966619372684	1.2
123.72612953186035	1.1668286441648148	1.2
123.73934030532837	1.1668286441648148	1.2
123.75182962417603	1.1668286441648148	1.2
123.7674298286438	1.1668286441648148	1.2
123.78230619430542	1.1652892953446954	1.2
123.79411435127258	1.1652892953446954	1.2
123.81349444389343	1.1652892953446954	1.2
123.83007764816284	1.164436193606097	1.2
123.84145593643188	1.164436193606097	1.2
123.86686253547668	1.164436193606097	1.2
123.88251447677612	1.1646308511113823	1.2
123.8950424194336	1.1646308511113823	1.2
123.90955352783203	1.1646308511113823	1.2
123.92314648628235	1.1655902307402415	1.2
123.9351098537445	1.1655902307402415	1.2
123.94913649559021	1.1655902307402415	1.2
123.96695852279663	1.1655902307402415	1.2
123.98315191268921	1.1686376136696406	1.2
123.994309425354	1.1686376136696406	1.2
124.00740623474121	1.1686376136696406	1.2
124.02698373794556	1.1686376136696406	1.2
124.04415535926819	1.1715106433174172	1.2
124.0611183643341	1.1715106433174172	1.2
124.07629895210266	1.1715106433174172	1.2
124.08938503265381	1.175705003723706	1.2
124.1041669845581	1.175705003723706	1.2
124.11968779563904	1.175705003723706	1.2
124.13211369514465	1.1804145555808971	1.2
124.14717435836792	1.1804145555808971	1.2
124.16419625282288	1.1804145555808971	1.2
124.1806902885437	1.1854058443309363	1.2
124.1932213306427	1.1854058443309363	1.2
124.20812273025513	1.1854058443309363	1.2
124.22486352920532	1.189827309282594	1.2
124.23713445663452	1.189827309282594	1.2
124.25198245048523	1.189827309282594	1.2
124.26862454414368	1.189827309282594	1.2
124.28022885322571	1.1939302480164762	1.2
124.29129838943481	1.1939302480164762	1.2
124.30956602096558	1.1939302480164762	1.2
124.32644438743591	1.1979602652339527	1.2
124.33970975875854	1.1979602652339527	1.2
124.35576868057251	1.1979602652339527	1.2
124.3690755367279	1.2005201927835605	1.2
124.38313174247742	1.2005201927835605	1.2
124.39795923233032	1.2005201927835605	1.2
124.41481447219849	1.2031232098907017	1.2
124.42706322669983	1.2031232098907017	1.2
124.44123244285583	1.2031232098907017	1.2
124.45733690261841	1.2032904816855736	1.2
124.46981167793274	1.2032904816855736	1.2
124.48159313201904	1.2032904816855736	1.2
124.50015830993652	1.2032904816855736	1.2
124.5151629447937	1.2040596795019356	1.2
124.52664041519165	1.2040596795019356	1.2
124.54050374031067	1.2040596795019356	1.2
124.55610179901123	1.2040596795019356	1.2
124.56941986083984	1.2019272959402918	1.2
124.58135056495667	1.2019272959402918	1.2
124.59516978263855	1.2019272959402918	1.2
124.6093339920044	1.1985492606660817	1.2
124.62233257293701	1.1985492606660817	1.2
124.63480734825134	1.1985492606660817	1.2
124.65029740333557	1.1985492606660817	1.2
124.6657178401947	1.1945220931982636	1.2
124.67698907852173	1.1945220931982636	1.2
124.68949365615845	1.1945220931982636	1.2
124.70484709739685	1.1945220931982636	1.2
124.72000932693481	1.1910757762339776	1.2
124.73204255104065	1.1910757762339776	1.2
124.74407029151917	1.1910757762339776	1.2
124.75907063484192	1.1910757762339776	1.2
124.77127122879028	1.1876808097202267	1.2
124.7855293750763	1.1876808097202267	1.2
124.79987215995789	1.1876808097202267	1.2
124.81380295753479	1.1845215990722595	1.2
124.82535862922668	1.1845215990722595	1.2
124.84009957313538	1.1845215990722595	1.2
124.85464024543762	1.1845215990722595	1.2
124.86740231513977	1.1820129442499245	1.2
124.87922835350037	1.1820129442499245	1.2
124.89417815208435	1.1820129442499245	1.2
124.90690493583679	1.1777062835166516	1.2
124.92014956474304	1.1777062835166516	1.2
124.93504309654236	1.1777062835166516	1.2
124.95077586174011	1.1777062835166516	1.2
124.96509385108948	1.1749070769172398	1.2
124.97690033912659	1.1749070769172398	1.2
124.9910979270935	1.1749070769172398	1.2
125.0062689781189	1.1749070769172398	1.2
125.02002239227295	1.172301257082529	1.2
125.03775811195374	1.172301257082529	1.2
125.0527355670929	1.172301257082529	1.2
125.0657901763916	1.1711644530047978	1.2
125.07783937454224	1.1711644530047978	1.2
125.09367442131042	1.1711644530047978	1.2
125.10964918136597	1.1701622873071231	1.2
125.12289667129517	1.1701622873071231	1.2
125.13657426834106	1.1701622873071231	1.2
125.15794730186462	1.1701622873071231	1.2
125.17183995246887	1.17072150223925	1.2
125.1856997013092	1.17072150223925	1.2
125.2045533657074	1.17072150223925	1.2
125.21810030937195	1.1705200736678212	1.2
125.23101758956909	1.1705200736678212	1.2
125.2493805885315	1.1705200736678212	1.2
125.2649245262146	1.1705987013578496	1.2
125.27733540534973	1.1705987013578496	1.2
125.29135084152222	1.1705987013578496	1.2
125.30602812767029	1.1697877447587772	1.2
125.31971144676208	1.1697877447587772	1.2
125.33292365074158	1.1697877447587772	1.2
125.35434460639954	1.1697877447587772	1.2
125.36736941337585	1.1683303498007942	1.2
125.37897777557373	1.1683303498007942	1.2
125.39585757255554	1.1683303498007942	1.2
125.41100001335144	1.167528543830645	1.2
125.42412519454956	1.167528543830645	1.2
125.43860173225403	1.167528543830645	1.2
125.45387506484985	1.166676811108961	1.2
125.46604537963867	1.166676811108961	1.2
125.47831320762634	1.166676811108961	1.2
125.49431777000427	1.166676811108961	1.2
125.51117134094238	1.1654490139908051	1.2
125.52313542366028	1.1654490139908051	1.2
125.5377185344696	1.1654490139908051	1.2
125.55380868911743	1.164978408437755	1.2
125.56598663330078	1.164978408437755	1.2
125.5798110961914	1.164978408437755	1.2
125.59538578987122	1.165172209868882	1.2
125.60789632797241	1.165172209868882	1.2
125.619455575943	1.165172209868882	1.2
125.64594507217407	1.165172209868882	1.2
125.65874576568604	1.16378494255538	1.2
125.67064785957336	1.16378494255538	1.2
125.69967317581177	1.1640570380565638	1.2
125.71469974517822	1.1640570380565638	1.2
125.7285406589508	1.1640570380565638	1.2
125.74351620674133	1.1644173658752381	1.2
125.75636148452759	1.1644173658752381	1.2
125.76907300949097	1.1644173658752381	1.2
125.785165309906	1.1644173658752381	1.2
125.80653190612793	1.1658929820064954	1.2
125.81826996803284	1.1658929820064954	1.2
125.83327507972717	1.1658929820064954	1.2
125.85233163833618	1.1681321786404564	1.2
125.8645715713501	1.1681321786404564	1.2
125.87720131874084	1.1681321786404564	1.2
125.89465236663818	1.1681321786404564	1.2
125.9066870212555	1.171056629310429	1.2
125.92151141166687	1.171056629310429	1.2
125.93836951255798	1.171056629310429	1.2
125.95493173599243	1.1735990302548902	1.2
125.96767711639404	1.1735990302548902	1.2
125.98211073875427	1.1735990302548902	1.2
125.99755382537842	1.176940425163101	1.2
126.01050400733948	1.176940425163101	1.2
126.02524447441101	1.176940425163101	1.2
126.04436755180359	1.176940425163101	1.2
126.05971598625183	1.1797575934456497	1.2
126.07568097114563	1.1797575934456497	1.2
126.09241056442261	1.1797575934456497	1.2
126.10997247695923	1.1827215632258694	1.2
126.12478113174438	1.1827215632258694	1.2
126.13933753967285	1.1827215632258694	1.2
126.15557765960693	1.1859264135064045	1.2
126.17383241653442	1.1859264135064045	1.2
126.19783067703247	1.1859264135064045	1.2
126.21410274505615	1.1889949918596678	1.2
126.2271580696106	1.1889949918596678	1.2
126.24418377876282	1.1889949918596678	1.2
126.25977039337158	1.1927501525829227	1.2
126.27503728866577	1.1927501525829227	1.2
126.28994274139404	1.1927501525829227	1.2
126.30431699752808	1.196173052233553	1.2
126.31876564025879	1.196173052233553	1.2
126.33306789398193	1.196173052233553	1.2
126.34875106811523	1.1989875655864772	1.2
126.36144375801086	1.1989875655864772	1.2
126.37760019302368	1.1989875655864772	1.2
126.39371132850647	1.1989875655864772	1.2
126.40778017044067	1.202153708494666	1.2
126.41973066329956	1.202153708494666	1.2
126.4345645904541	1.202153708494666	1.2
126.44984745979309	1.2055505864281837	1.2
126.46261429786682	1.2055505864281837	1.2
126.47753190994263	1.2055505864281837	1.2
126.49654006958008	1.2091484346445185	1.2
126.50881743431091	1.2091484346445185	1.2
126.52501130104065	1.2091484346445185	1.2
126.54510354995728	1.2130127569071685	1.2
126.55853056907654	1.2130127569071685	1.2
126.57254695892334	1.2130127569071685	1.2
126.58766770362854	1.2130127569071685	1.2
126.60241866111755	1.2172043330326558	1.2
126.616286277771	1.2172043330326558	1.2
126.63159346580505	1.2172043330326558	1.2
126.64870810508728	1.2220555140822187	1.2
126.66068172454834	1.2220555140822187	1.2
126.6754560470581	1.2220555140822187	1.2
126.68940758705139	1.226946115261149	1.2
126.70186638832092	1.226946115261149	1.2
126.71687984466553	1.226946115261149	1.2
126.73412847518921	1.2310766827936166	1.2
126.74552392959595	1.2310766827936166	1.2
126.75815987586975	1.2310766827936166	1.2
126.78191661834717	1.2310766827936166	1.2
126.79572033882141	1.2345239594906012	1.2
126.80803537368774	1.2345239594906012	1.2
126.82310056686401	1.2345239594906012	1.2
126.8358850479126	1.2383089760543888	1.2
126.84999823570251	1.2383089760543888	1.2
126.86558032035828	1.2383089760543888	1.2
126.8858790397644	1.2417215824684331	1.2
126.89890432357788	1.2417215824684331	1.2
126.91399216651917	1.2417215824684331	1.2
126.93200826644897	1.244698951317727	1.2
126.94441938400269	1.244698951317727	1.2
126.95848274230957	1.244698951317727	1.2
126.97854661941528	1.2458811611936897	1.2
126.98979783058167	1.2458811611936897	1.2
127.00471353530884	1.2458811611936897	1.2
127.02591180801392	1.2458811611936897	1.2
127.03874969482422	1.2462253708859272	1.2
127.05495262145996	1.2462253708859272	1.2
127.07061386108398	1.2462253708859272	1.2
127.0841498374939	1.246324713844896	1.2
127.09642958641052	1.246324713844896	1.2
127.11192274093628	1.246324713844896	1.2
127.12653112411499	1.2467578173300649	1.2
127.13944458961487	1.2467578173300649	1.2
127.15462732315063	1.2467578173300649	1.2
127.17310738563538	1.2461643474914923	1.2
127.18660616874695	1.2461643474914923	1.2
127.20019602775574	1.2461643474914923	1.2
127.2182936668396	1.2449865396992845	1.2
127.23081827163696	1.2449865396992845	1.2
127.24351596832275	1.2449865396992845	1.2
127.26484370231628	1.2449865396992845	1.2
127.27823138237	1.244053878579424	1.2
127.29297041893005	1.244053878579424	1.2
127.31366991996765	1.244053878579424	1.2
127.32936716079712	1.2414669375684517	1.2
127.34330940246582	1.2414669375684517	1.2
127.35902309417725	1.2414669375684517	1.2
127.37342548370361	1.240025548259671	1.2
127.3857421875	1.240025548259671	1.2
127.40408134460449	1.240025548259671	1.2
127.42283511161804	1.238757039444819	1.2
127.43436312675476	1.238757039444819	1.2
127.45084238052368	1.238757039444819	1.2
127.46999049186707	1.2381326888256243	1.2
127.48192977905273	1.2381326888256243	1.2
127.50017738342285	1.2381326888256243	1.2
127.51527070999146	1.2374689597883572	1.2
127.52773118019104	1.2374689597883572	1.2
127.54150009155273	1.2374689597883572	1.2
127.55832242965698	1.2374689597883572	1.2
127.57164478302002	1.2359199625813189	1.2
127.58462572097778	1.2359199625813189	1.2
127.59960269927979	1.2359199625813189	1.2
127.61598801612854	1.2320018152387058	1.2
127.62971091270447	1.2320018152387058	1.2
127.64668107032776	1.2320018152387058	1.2
127.6641685962677	1.2280491344419744	1.2
127.67524766921997	1.2280491344419744	1.2
127.6875832080841	1.2280491344419744	1.2
127.7059154510498	1.2280491344419744	1.2
127.71856713294983	1.225174199377039	1.2
127.73390507698059	1.225174199377039	1.2
127.75007677078247	1.225174199377039	1.2
127.7635657787323	1.2216786376852289	1.2
127.77765989303589	1.2216786376852289	1.2
127.794606924057	1.2216786376852289	1.2
127.8109393119812	1.2193246317188962	1.2
127.82316875457764	1.2193246317188962	1.2
127.83713269233704	1.2193246317188962	1.2
127.85447669029236	1.2165921174420016	1.2
127.86710357666016	1.2165921174420016	1.2
127.88128614425659	1.2165921174420016	1.2
127.89624881744385	1.2125791025623003	1.2
127.91105055809021	1.2125791025623003	1.2
127.92573285102844	1.2125791025623003	1.2
127.94492983818054	1.2125791025623003	1.2
127.95851731300354	1.2092201798834121	1.2
127.96962428092957	1.2092201798834121	1.2
127.98714923858643	1.2092201798834121	1.2
128.0012183189392	1.207057484043832	1.2
128.014062166214	1.207057484043832	1.2
128.02799129486084	1.207057484043832	1.2
128.0429470539093	1.2057563359759373	1.2
128.05797290802002	1.2057563359759373	1.2
128.0720672607422	1.2057563359759373	1.2
128.08783650398254	1.2057563359759373	1.2
128.10055804252625	1.204964129680829	1.2
128.1129310131073	1.204964129680829	1.2
128.12813115119934	1.204964129680829	1.2
128.14281392097473	1.2042365341898795	1.2
128.15676188468933	1.2042365341898795	1.2
128.1736605167389	1.2042365341898795	1.2
128.19260430335999	1.2028971393745123	1.2
128.20380210876465	1.2028971393745123	1.2
128.21747994422913	1.2028971393745123	1.2
128.24018549919128	1.2028971393745123	1.2
128.25423431396484	1.2017563319733349	1.2
128.26678800582886	1.2017563319733349	1.2
128.28254556655884	1.2017563319733349	1.2
128.29586553573608	1.2005511225601064	1.2
128.30765295028687	1.2005511225601064	1.2
128.3231315612793	1.2005511225601064	1.2
128.3471221923828	1.1973724573538622	1.2
128.35879397392273	1.1973724573538622	1.2
128.37401676177979	1.1973724573538622	1.2
128.40003180503845	1.196190461286926	1.2
128.412273645401	1.196190461286926	1.2
128.43157196044922	1.196190461286926	1.2
128.44635248184204	1.1945757206916068	1.2
128.458562374115	1.1945757206916068	1.2
128.4714057445526	1.1945757206916068	1.2
128.4869863986969	1.1945757206916068	1.2
128.5028862953186	1.1928932693270484	1.2
128.51499581336975	1.1928932693270484	1.2
128.53245615959167	1.1928932693270484	1.2
128.54626083374023	1.191109193934779	1.2
128.55852007865906	1.191109193934779	1.2
128.57533311843872	1.191109193934779	1.2
128.59419655799866	1.190209468760533	1.2
128.60664582252502	1.190209468760533	1.2
128.62213015556335	1.190209468760533	1.2
128.64213252067566	1.188733279139123	1.2
128.65412139892578	1.188733279139123	1.2
128.6677691936493	1.188733279139123	1.2
128.68855142593384	1.1878927361911813	1.2
128.7012619972229	1.1878927361911813	1.2
128.71516370773315	1.1878927361911813	1.2
128.7297546863556	1.1878927361911813	1.2
128.74292945861816	1.1878476487248824	1.2
128.7556312084198	1.1878476487248824	1.2
128.77039670944214	1.1878476487248824	1.2
128.78581833839417	1.1887482088168437	1.2
128.7979416847229	1.1887482088168437	1.2
128.81281733512878	1.1887482088168437	1.2
128.82693433761597	1.1900319795622614	1.2
128.84016227722168	1.1900319795622614	1.2
128.8548183441162	1.1900319795622614	1.2
128.87472200393677	1.1900319795622614	1.2
128.88758897781372	1.1905666800124135	1.2
128.90018844604492	1.1905666800124135	1.2
128.9216570854187	1.1905666800124135	1.2
128.9376323223114	1.1909302081727167	1.2
128.950603723526	1.1909302081727167	1.2
128.9667453765869	1.1909302081727167	1.2
128.9789023399353	1.1914478124041559	1.2
128.99176955223083	1.1914478124041559	1.2
129.0091154575348	1.1914478124041559	1.2
129.02465510368347	1.1922549237800495	1.2
129.03930830955505	1.1922549237800495	1.2
129.05513954162598	1.1922549237800495	1.2
129.07090973854065	1.192889880054898	1.2
129.08858489990234	1.192889880054898	1.2
129.1166000366211	1.193958729486716	1.2
129.13188815116882	1.193958729486716	1.2
129.14888072013855	1.193958729486716	1.2
129.16803789138794	1.193958729486716	1.2
129.1836769580841	1.1955098959525152	1.2
129.19784832000732	1.1955098959525152	1.2
129.21363615989685	1.1955098959525152	1.2
129.22847533226013	1.1969723743045648	1.2
129.24206113815308	1.1969723743045648	1.2
129.25787162780762	1.1969723743045648	1.2
129.27408814430237	1.1980502640104473	1.2
129.28657221794128	1.1980502640104473	1.2
129.30170345306396	1.1980502640104473	1.2
129.32285284996033	1.2016051781555228	1.2
129.33591747283936	1.2016051781555228	1.2
129.3531355857849	1.2016051781555228	1.2
129.36922240257263	1.2053916569107808	1.2
129.38057899475098	1.2053916569107808	1.2
129.39517378807068	1.2053916569107808	1.2
129.41381096839905	1.2053916569107808	1.2
129.42693972587585	1.2093016607499663	1.2
129.44255185127258	1.2093016607499663	1.2
129.46102738380432	1.2093016607499663	1.2
129.47899413108826	1.2121159932961714	1.2
129.49156641960144	1.2121159932961714	1.2
129.5063910484314	1.2121159932961714	1.2
129.52191281318665	1.2147837732653017	1.2
129.53629183769226	1.2147837732653017	1.2
129.55497097969055	1.2147837732653017	1.2
129.57079100608826	1.2171039513775797	1.2
129.58220624923706	1.2171039513775797	1.2
129.59550976753235	1.2171039513775797	1.2
129.61390566825867	1.2171039513775797	1.2
129.62822723388672	1.2183909769457613	1.2
129.64034485816956	1.2183909769457613	1.2
129.6557331085205	1.2183909769457613	1.2
129.6690125465393	1.2184920053861283	1.2
129.68131566047668	1.2184920053861283	1.2
129.69510340690613	1.2184920053861283	1.2
129.71443152427673	1.217709183280865	1.2
129.72714567184448	1.217709183280865	1.2
129.73844456672668	1.217709183280865	1.2
129.75457119941711	1.217709183280865	1.2
129.77017450332642	1.217709183280865	1.2
129.78383541107178	1.215946343404832	1.2
129.79760003089905	1.215946343404832	1.2
129.81449151039124	1.215946343404832	1.2
129.82632970809937	1.2115616313477091	1.2
129.83924555778503	1.2115616313477091	1.2
129.85647344589233	1.2115616313477091	1.2
129.87082171440125	1.2062750583694055	1.2
129.88490843772888	1.2062750583694055	1.2
129.89896869659424	1.2062750583694055	1.2
129.91482734680176	1.1993676884272089	1.2
129.9288330078125	1.1993676884272089	1.2
129.94225764274597	1.1993676884272089	1.2
129.958487033844	1.1993676884272089	1.2
129.9724404811859	1.1929874717166369	1.2
129.9836859703064	1.1929874717166369	1.2
129.9974148273468	1.1929874717166369	1.2
130.0159707069397	1.1929874717166369	1.2
130.02985763549805	1.1871520542019218	1.2
130.04584765434265	1.1871520542019218	1.2
130.0609257221222	1.1871520542019218	1.2
130.07590866088867	1.1815569158341919	1.2
130.08989310264587	1.1815569158341919	1.2
130.10534286499023	1.1815569158341919	1.2
130.1188747882843	1.1771379158341921	1.2
130.13146781921387	1.1771379158341921	1.2
130.147212266922	1.1771379158341921	1.2
130.16550016403198	1.17335407449341	1.2
130.17832255363464	1.17335407449341	1.2
130.1940152645111	1.17335407449341	1.2
130.2109489440918	1.1699961259219815	1.2
130.22494530677795	1.1699961259219815	1.2
130.24443936347961	1.1699961259219815	1.2
130.25973916053772	1.166689443362117	1.2
130.2716429233551	1.166689443362117	1.2
130.28998279571533	1.166689443362117	1.2
130.30679321289062	1.1646007319160847	1.2
130.32205152511597	1.1646007319160847	1.2
130.33597922325134	1.1646007319160847	1.2
130.3511884212494	1.1646007319160847	1.2
130.36544752120972	1.1629899865630613	1.2
130.37972688674927	1.1629899865630613	1.2
130.40078377723694	1.1629899865630613	1.2
130.41615796089172	1.1633428696963057	1.2
130.4281942844391	1.1633428696963057	1.2
130.45906043052673	1.1633428696963057	1.2
130.47405338287354	1.1646275401563542	1.2
130.48833751678467	1.1646275401563542	1.2
130.50392508506775	1.1646275401563542	1.2
130.51697874069214	1.1659986930700423	1.2
130.53059148788452	1.1659986930700423	1.2
130.54712200164795	1.1659986930700423	1.2
130.5676896572113	1.1659986930700423	1.2
130.58488082885742	1.1683352663081503	1.2
130.59948873519897	1.1683352663081503	1.2
130.62162518501282	1.1683352663081503	1.2
130.63624143600464	1.1719277217977646	1.2
130.64818382263184	1.1719277217977646	1.2
130.66350412368774	1.1719277217977646	1.2
130.6762855052948	1.1753195173659519	1.2
130.68918561935425	1.1753195173659519	1.2
130.7050805091858	1.1753195173659519	1.2
130.7307243347168	1.1798935221568927	1.2
130.74317169189453	1.1798935221568927	1.2
130.7577419281006	1.1798935221568927	1.2
130.77963376045227	1.1798935221568927	1.2
130.7944791316986	1.1854197067549523	1.2
130.80697441101074	1.1854197067549523	1.2
130.82486295700073	1.1854197067549523	1.2
130.8390896320343	1.1894674548102677	1.2
130.85751295089722	1.1894674548102677	1.2
130.87409496307373	1.1928138421553023	1.2
130.8920259475708	1.1928138421553023	1.2
130.91052675247192	1.1928138421553023	1.2
130.9371795654297	1.1928138421553023	1.2
130.95390486717224	1.195590238127989	1.2
130.96915435791016	1.195590238127989	1.2
130.99202919006348	1.198053034612656	1.2
131.0058994293213	1.198053034612656	1.2
131.0206651687622	1.198053034612656	1.2
131.03602123260498	1.198053034612656	1.2
131.05291032791138	1.1996972482535113	1.2
131.06968092918396	1.1996972482535113	1.2
131.0869162082672	1.2012382638165024	1.2
131.09991264343262	1.2012382638165024	1.2
131.11413621902466	1.2012382638165024	1.2
131.13179469108582	1.2011923708268886	1.2
131.14448046684265	1.2011923708268886	1.2
131.15704488754272	1.2011923708268886	1.2
131.1790065765381	1.2011923708268886	1.2
131.19331860542297	1.2005133201709115	1.2
131.2053258419037	1.2005133201709115	1.2
131.22562217712402	1.2005133201709115	1.2
131.24275517463684	1.1999203272847327	1.2
131.2556335926056	1.1999203272847327	1.2
131.2685568332672	1.1999203272847327	1.2
131.2837278842926	1.1991286093533398	1.2
131.29775166511536	1.1991286093533398	1.2
131.3116455078125	1.1991286093533398	1.2
131.33197665214539	1.1991286093533398	1.2
131.347265958786	1.2005686072743376	1.2
131.35876154899597	1.2005686072743376	1.2
131.38479280471802	1.2005686072743376	1.2
131.39935088157654	1.2021594520368244	1.2
131.41162300109863	1.2021594520368244	1.2
131.4260504245758	1.2021594520368244	1.2
131.44035387039185	1.2036414742900559	1.2
131.45465183258057	1.2036414742900559	1.2
131.46984577178955	1.2036414742900559	1.2
131.48777961730957	1.2030541727362642	1.2
131.49985480308533	1.2030541727362642	1.2
131.51301169395447	1.2030541727362642	1.2
131.52856731414795	1.2030541727362642	1.2
131.54480051994324	1.201936010095289	1.2
131.55866479873657	1.201936010095289	1.2
131.57610774040222	1.201936010095289	1.2
131.58941388130188	1.2008046948976516	1.2
131.6011655330658	1.2008046948976516	1.2
131.62135529518127	1.2008046948976516	1.2
131.63850378990173	1.1994042521159616	1.2
131.65022039413452	1.1994042521159616	1.2
131.6740493774414	1.1994042521159616	1.2
131.69095611572266	1.197995138685378	1.2
131.70306372642517	1.197995138685378	1.2
131.71631956100464	1.197995138685378	1.2
131.73103618621826	1.197995138685378	1.2
131.74502038955688	1.1959298996143395	1.2
131.75763511657715	1.1959298996143395	1.2
131.77735543251038	1.1959298996143395	1.2
131.79331803321838	1.1923041508963907	1.2
131.80544924736023	1.1923041508963907	1.2
131.82015919685364	1.1923041508963907	1.2
131.84118485450745	1.1865406648882586	1.2
131.85365629196167	1.1865406648882586	1.2
131.86529564857483	1.1865406648882586	1.2
131.87940907478333	1.1865406648882586	1.2
131.89281058311462	1.1817941579666624	1.2
131.905424118042	1.1817941579666624	1.2
131.92280220985413	1.1817941579666624	1.2
131.94571685791016	1.1772056740488601	1.2
131.95926666259766	1.1772056740488601	1.2
131.97061967849731	1.1772056740488601	1.2
131.99732899665833	1.1772056740488601	1.2
132.01244926452637	1.175259343403699	1.2
132.0254340171814	1.175259343403699	1.2
132.04073405265808	1.175259343403699	1.2
132.05654168128967	1.173724714394805	1.2
132.0729730129242	1.173724714394805	1.2
132.09058475494385	1.173724714394805	1.2
132.10625863075256	1.1720980342872782	1.2
132.12146377563477	1.1720980342872782	1.2
132.1377637386322	1.1720980342872782	1.2
132.15498781204224	1.1703950511737429	1.2
132.1697142124176	1.1703950511737429	1.2
132.18790531158447	1.1703950511737429	1.2
132.20276594161987	1.168343986032898	1.2
132.21628952026367	1.168343986032898	1.2
132.23976755142212	1.168343986032898	1.2
132.25392055511475	1.1656960801267675	1.2
132.266428232193	1.1656960801267675	1.2
132.28072881698608	1.1656960801267675	1.2
132.29532933235168	1.1643162083318954	1.2
132.3107283115387	1.1643162083318954	1.2
132.32530999183655	1.1643162083318954	1.2
132.34933519363403	1.164398517003473	1.2
132.3613884449005	1.164398517003473	1.2
132.37324929237366	1.164398517003473	1.2
132.3940782546997	1.164398517003473	1.2
132.40855884552002	1.1643371756533012	1.2
132.419988155365	1.1643371756533012	1.2
132.43751978874207	1.1643371756533012	1.2
132.45631909370422	1.1637848077371267	1.2
132.46817016601562	1.1637848077371267	1.2
132.48252248764038	1.1637848077371267	1.2
132.4975221157074	1.1618876506574805	1.2
132.51116728782654	1.1618876506574805	1.2
132.52405905723572	1.1618876506574805	1.2
132.5412735939026	1.1618876506574805	1.2
132.56054544448853	1.1602906398838155	1.2
132.57219433784485	1.1602906398838155	1.2
132.5856237411499	1.1602906398838155	1.2
132.6147322654724	1.1595204040853162	1.2
132.62830471992493	1.1595204040853162	1.2
132.6433207988739	1.1595204040853162	1.2
132.65750861167908	1.1594217233165036	1.2
132.67126750946045	1.1594217233165036	1.2
132.6882665157318	1.1594217233165036	1.2
132.7048201560974	1.160223893705553	1.2
132.71821403503418	1.160223893705553	1.2
132.7323648929596	1.160223893705553	1.2
132.74793028831482	1.1628399997280865	1.2
132.76060032844543	1.1628399997280865	1.2
132.77481865882874	1.1628399997280865	1.2
132.793719291687	1.1628399997280865	1.2
132.80790662765503	1.1671018341734034	1.2
132.81927108764648	1.1671018341734034	1.2
132.84019660949707	1.1671018341734034	1.2
132.85615062713623	1.172095868344428	1.2
132.86962866783142	1.172095868344428	1.2
132.8847405910492	1.172095868344428	1.2
132.899258852005	1.1766615696651972	1.2
132.9137306213379	1.1766615696651972	1.2
132.92792963981628	1.1766615696651972	1.2
132.9483597278595	1.1766615696651972	1.2
132.9625895023346	1.1824540399032923	1.2
132.97437596321106	1.1824540399032923	1.2
132.99020552635193	1.1824540399032923	1.2
133.00600624084473	1.1887946260874158	1.2
133.01974654197693	1.1887946260874158	1.2
133.03383350372314	1.1887946260874158	1.2
133.0490996837616	1.1887946260874158	1.2
133.06447315216064	1.195495031816735	1.2
133.0789337158203	1.195495031816735	1.2
133.09461379051208	1.195495031816735	1.2
133.1100583076477	1.2013638134131572	1.2
133.12261152267456	1.2013638134131572	1.2
133.13737034797668	1.2013638134131572	1.2
133.15145134925842	1.2061584647200523	1.2
133.16461396217346	1.2061584647200523	1.2
133.17817950248718	1.2061584647200523	1.2
133.1952874660492	1.2107665839651494	1.2
133.2083661556244	1.2107665839651494	1.2
133.22407865524292	1.2107665839651494	1.2
133.24035501480103	1.2107665839651494	1.2
133.25568008422852	1.21369544533725	1.2
133.26713728904724	1.21369544533725	1.2
133.28402972221375	1.21369544533725	1.2
133.3007287979126	1.2152110916218375	1.2
133.31412172317505	1.2152110916218375	1.2
133.32701134681702	1.2152110916218375	1.2
133.34193634986877	1.2152110916218375	1.2
133.35558104515076	1.215419818272693	1.2
133.36937499046326	1.215419818272693	1.2
133.3895070552826	1.215419818272693	1.2
133.40882897377014	1.2150290629799216	1.2
133.42070960998535	1.2150290629799216	1.2
133.43811345100403	1.2150290629799216	1.2
133.45726418495178	1.2131464755865826	1.2
133.4713273048401	1.2131464755865826	1.2
133.48514652252197	1.2131464755865826	1.2
133.49971532821655	1.2131464755865826	1.2
133.5241355895996	1.210462992134279	1.2
133.54239082336426	1.210462992134279	1.2
133.55989503860474	1.2073557032569673	1.2
133.57166481018066	1.2073557032569673	1.2
133.58594155311584	1.2073557032569673	1.2
133.60108137130737	1.2058841777950304	1.2
133.61464548110962	1.2058841777950304	1.2
133.62937784194946	1.2058841777950304	1.2
133.64754438400269	1.2056184039855065	1.2
133.65948820114136	1.2056184039855065	1.2
133.67174792289734	1.2056184039855065	1.2
133.69355869293213	1.2056184039855065	1.2
133.70924878120422	1.2053213629777342	1.2
133.72376561164856	1.2053213629777342	1.2
133.73884177207947	1.2053213629777342	1.2
133.75443959236145	1.204876228413376	1.2
133.7679946422577	1.204876228413376	1.2
133.78248262405396	1.204876228413376	1.2
133.80365252494812	1.2049693489655233	1.2
133.81552267074585	1.2049693489655233	1.2
133.82706236839294	1.2049693489655233	1.2
133.84858870506287	1.2049693489655233	1.2
133.86402487754822	1.2045535804109817	1.2
133.87784266471863	1.2045535804109817	1.2
133.89422845840454	1.2045535804109817	1.2
133.90802431106567	1.20553644393139	1.2
133.92328214645386	1.20553644393139	1.2
133.93990421295166	1.20553644393139	1.2
133.95468139648438	1.2075319107410114	1.2
133.96846747398376	1.2075319107410114	1.2
133.9868655204773	1.2075319107410114	1.2
134.00248432159424	1.2097361912793139	1.2
134.01528978347778	1.2097361912793139	1.2
134.0295045375824	1.2097361912793139	1.2
134.0654046535492	1.21150647351053	1.2
134.08341574668884	1.21150647351053	1.2
134.10267543792725	1.21150647351053	1.2
134.11663126945496	1.210333760192088	1.2
134.1347312927246	1.210333760192088	1.2
134.15656733512878	1.210333760192088	1.2
134.17463302612305	1.2081897638753292	1.2
134.18832421302795	1.2081897638753292	1.2
134.2086136341095	1.2081897638753292	1.2
134.2259213924408	1.2055357932960469	1.2
134.2396194934845	1.2055357932960469	1.2
134.25623106956482	1.2055357932960469	1.2
134.26965808868408	1.2035418234794695	1.2
134.28163862228394	1.2035418234794695	1.2
134.29671382904053	1.2035418234794695	1.2
134.31330728530884	1.2035418234794695	1.2
134.32808780670166	1.2002366768408141	1.2
134.33983826637268	1.2002366768408141	1.2
134.35743641853333	1.2002366768408141	1.2
134.37730956077576	1.1960905789211584	1.2
134.39031267166138	1.1960905789211584	1.2
134.40893721580505	1.1960905789211584	1.2
134.42372393608093	1.1913609213536187	1.2
134.43552112579346	1.1913609213536187	1.2
134.4586055278778	1.1913609213536187	1.2
134.47435331344604	1.1861156711023162	1.2
134.48715233802795	1.1861156711023162	1.2
134.50207805633545	1.1861156711023162	1.2
134.51630020141602	1.18115269491184	1.2
134.5288803577423	1.18115269491184	1.2
134.54379510879517	1.18115269491184	1.2
134.56606769561768	1.18115269491184	1.2
134.5795578956604	1.1762813387430395	1.2
134.59092712402344	1.1762813387430395	1.2
134.60767722129822	1.1762813387430395	1.2
134.62646293640137	1.1726515828238722	1.2
134.6381425857544	1.1726515828238722	1.2
134.65079927444458	1.1726515828238722	1.2
134.66984176635742	1.1726515828238722	1.2
134.68681526184082	1.1697432937525027	1.2
134.70002007484436	1.1697432937525027	1.2
134.71455693244934	1.1697432937525027	1.2
134.73071765899658	1.16719332543126	1.2
134.7439272403717	1.16719332543126	1.2
134.75845623016357	1.16719332543126	1.2
134.77751517295837	1.16719332543126	1.2
134.79032731056213	1.1643172609035024	1.2
134.8027491569519	1.1643172609035024	1.2
134.8228304386139	1.1643172609035024	1.2
134.83910632133484	1.1615301452133908	1.2
134.8535976409912	1.1615301452133908	1.2
134.86958122253418	1.1615301452133908	1.2
134.88317847251892	1.1604428071829138	1.2
134.89610695838928	1.1604428071829138	1.2
134.91222476959229	1.1604428071829138	1.2
134.92956399917603	1.1593630752039048	1.2
134.94271278381348	1.1593630752039048	1.2
134.95600366592407	1.1593630752039048	1.2
134.97433733940125	1.158216895680728	1.2
134.98767709732056	1.158216895680728	1.2
135.00096130371094	1.158216895680728	1.2
135.03027510643005	1.1568918354397641	1.2
135.04261302947998	1.1568918354397641	1.2
135.063631772995	1.1568918354397641	1.2
135.0830979347229	1.1558346090187428	1.2
135.0986728668213	1.1558346090187428	1.2
135.11442232131958	1.1558346090187428	1.2
135.1284852027893	1.155545565166743	1.2
135.14424085617065	1.155545565166743	1.2
135.16618871688843	1.155545565166743	1.2
135.18399739265442	1.1557512032680493	1.2
135.19955277442932	1.1557512032680493	1.2
135.21976613998413	1.1557512032680493	1.2
135.2367341518402	1.1566467012345083	1.2
135.25501680374146	1.1566467012345083	1.2
135.2715015411377	1.1566467012345083	1.2
135.28555464744568	1.1579021720847107	1.2
135.29950284957886	1.1579021720847107	1.2
135.31674456596375	1.1579021720847107	1.2
135.3310739994049	1.160203741556335	1.2
135.34337043762207	1.160203741556335	1.2
135.3584690093994	1.160203741556335	1.2
135.37314915657043	1.1622870362523183	1.2
135.38702082633972	1.1622870362523183	1.2
135.40153622627258	1.1622870362523183	1.2
135.41637063026428	1.165176860671386	1.2
135.43012881278992	1.165176860671386	1.2
135.44553017616272	1.165176860671386	1.2
135.46876692771912	1.165176860671386	1.2
135.48080682754517	1.168161341765513	1.2
135.49354934692383	1.168161341765513	1.2
135.51795506477356	1.168161341765513	1.2
135.5337028503418	1.1711289020064766	1.2
135.54672122001648	1.1711289020064766	1.2
135.5615451335907	1.1711289020064766	1.2
135.5757646560669	1.1739565059051507	1.2
135.59038162231445	1.1739565059051507	1.2
135.6060173511505	1.1739565059051507	1.2
135.63007760047913	1.1751763748492503	1.2
135.6414737701416	1.1751763748492503	1.2
135.65342664718628	1.1751763748492503	1.2
135.67576622962952	1.1751763748492503	1.2
135.68918657302856	1.176735049838161	1.2
135.70530486106873	1.176735049838161	1.2
135.7212417125702	1.176735049838161	1.2
135.7336196899414	1.177862314693537	1.2
135.74677658081055	1.177862314693537	1.2
135.76330947875977	1.177862314693537	1.2
135.78027415275574	1.1783634070012297	1.2
135.79291105270386	1.1783634070012297	1.2
135.80767178535461	1.1783634070012297	1.2
135.82406902313232	1.1786601957507234	1.2
135.83929133415222	1.1786601957507234	1.2
135.8591170310974	1.1786601957507234	1.2
135.8755624294281	1.179779239085217	1.2
135.88817405700684	1.179779239085217	1.2
135.90578532218933	1.179779239085217	1.2
135.9221522808075	1.180301085928299	1.2
135.93567848205566	1.180301085928299	1.2
135.9508137702942	1.180301085928299	1.2
135.96410965919495	1.181001591748698	1.2
135.97671341896057	1.181001591748698	1.2
135.99242162704468	1.181001591748698	1.2
136.00850296020508	1.1810872015047957	1.2
136.0213906764984	1.1810872015047957	1.2
136.0339834690094	1.1810872015047957	1.2
136.04991674423218	1.1810872015047957	1.2
136.06552696228027	1.1823761753870063	1.2
136.07899475097656	1.1823761753870063	1.2
136.09513115882874	1.1823761753870063	1.2
136.11282324790955	1.1840349881448367	1.2
136.12423634529114	1.1840349881448367	1.2
136.13725972175598	1.1840349881448367	1.2
136.15558195114136	1.1840349881448367	1.2
136.16856908798218	1.1853122326503114	1.2
136.18011260032654	1.1853122326503114	1.2
136.20129942893982	1.1853122326503114	1.2
136.21751260757446	1.1862636974737613	1.2
136.23034262657166	1.1862636974737613	1.2
136.24440336227417	1.1862636974737613	1.2
136.25934839248657	1.1862636974737613	1.2
136.27310156822205	1.1864718580000773	1.2
136.2862057685852	1.1864718580000773	1.2
136.31178259849548	1.1864718580000773	1.2
136.32579255104065	1.1864507560637698	1.2
136.3381860256195	1.1864507560637698	1.2
136.36463737487793	1.1864507560637698	1.2
136.37828540802002	1.1859332752453557	1.2
136.39488673210144	1.1859332752453557	1.2
136.410297870636	1.1855106081434579	1.2
136.42294216156006	1.1855106081434579	1.2
136.43839478492737	1.1855106081434579	1.2
136.45486664772034	1.1855106081434579	1.2
136.47114205360413	1.1856994362972415	1.2
136.4840190410614	1.1856994362972415	1.2
136.49932146072388	1.1856994362972415	1.2
136.5121443271637	1.1851954977367962	1.2
136.52435088157654	1.1851954977367962	1.2
136.54468894004822	1.1851954977367962	1.2
136.56006932258606	1.1846711845165045	1.2
136.57175397872925	1.1846711845165045	1.2
136.584716796875	1.1846711845165045	1.2
136.6069951057434	1.1831857834469859	1.2
136.62031078338623	1.1831857834469859	1.2
136.63558173179626	1.1831857834469859	1.2
136.65055131912231	1.1831857834469859	1.2
136.66257452964783	1.181216212152664	1.2
136.67487812042236	1.181216212152664	1.2
136.69199419021606	1.181216212152664	1.2
136.70730328559875	1.1791732424420804	1.2
136.71949243545532	1.1791732424420804	1.2
136.73403906822205	1.1791732424420804	1.2
136.7488625049591	1.1788300771913551	1.2
136.76246857643127	1.1788300771913551	1.2
136.77661848068237	1.1788300771913551	1.2
136.8051369190216	1.178496884797811	1.2
136.8166902065277	1.178496884797811	1.2
136.83177495002747	1.178496884797811	1.2
136.85472297668457	1.178496884797811	1.2
136.8682050704956	1.1782023320027801	1.2
136.8811445236206	1.1782023320027801	1.2
136.8957278728485	1.1782023320027801	1.2
136.90914130210876	1.1776426585257802	1.2
136.9234116077423	1.1776426585257802	1.2
136.93831753730774	1.1776426585257802	1.2
136.95301699638367	1.1747234573555403	1.2
136.96559715270996	1.1747234573555403	1.2
136.98101449012756	1.1747234573555403	1.2
137.00277948379517	1.1747234573555403	1.2
137.01480650901794	1.1732773417154436	1.2
137.02777981758118	1.1732773417154436	1.2
137.04760146141052	1.1732773417154436	1.2
137.0643870830536	1.1709077879552505	1.2
137.07874131202698	1.1709077879552505	1.2
137.09437108039856	1.1709077879552505	1.2
137.10822367668152	1.169937031685658	1.2
137.12277579307556	1.169937031685658	1.2
137.13915944099426	1.169937031685658	1.2
137.15978479385376	1.169070258245999	1.2
137.1715099811554	1.169070258245999	1.2
137.18418431282043	1.169070258245999	1.2
137.20292234420776	1.169070258245999	1.2
137.2188277244568	1.1683144469413809	1.2
137.23258256912231	1.1683144469413809	1.2
137.24755334854126	1.1683144469413809	1.2
137.26317739486694	1.167412449985118	1.2
137.27591824531555	1.167412449985118	1.2
137.2901794910431	1.167412449985118	1.2
137.30633187294006	1.1670646055859417	1.2
137.32010507583618	1.1670646055859417	1.2
137.33254766464233	1.1670646055859417	1.2
137.3482584953308	1.1670646055859417	1.2
137.36086630821228	1.1665372799611748	1.2
137.3769507408142	1.1665372799611748	1.2
137.3970148563385	1.1665372799611748	1.2
137.41057634353638	1.1654743509997971	1.2
137.4220998287201	1.1654743509997971	1.2
137.44759678840637	1.1654743509997971	1.2
137.46328687667847	1.1664343542015805	1.2
137.47600936889648	1.1664343542015805	1.2
137.49116826057434	1.1664343542015805	1.2
137.50489377975464	1.1667314215968445	1.2
137.5184187889099	1.1667314215968445	1.2
137.53306698799133	1.1667314215968445	1.2
137.55281615257263	1.166528234731466	1.2
137.56827974319458	1.166528234731466	1.2
137.5823609828949	1.166528234731466	1.2
137.60283970832825	1.166528234731466	1.2
137.61817336082458	1.1661586628600984	1.2
137.6336486339569	1.1661586628600984	1.2
137.64970421791077	1.1661586628600984	1.2
137.66323685646057	1.165787274934538	1.2
137.67710542678833	1.165787274934538	1.2
137.69384813308716	1.165787274934538	1.2
137.70901489257812	1.165989456603816	1.2
137.72247982025146	1.165989456603816	1.2
137.73658347129822	1.165989456603816	1.2
137.75222754478455	1.1658842335057271	1.2
137.76473689079285	1.1658842335057271	1.2
137.77820801734924	1.1658842335057271	1.2
137.79480504989624	1.1658842335057271	1.2
137.80814361572266	1.165352266882944	1.2
137.8209924697876	1.165352266882944	1.2
137.83844423294067	1.165352266882944	1.2
137.85740280151367	1.1645925620101185	1.2
137.86942672729492	1.1645925620101185	1.2
137.8858950138092	1.1645925620101185	1.2
137.90280675888062	1.1636525354714398	1.2
137.91749382019043	1.1636525354714398	1.2
137.93221521377563	1.1636525354714398	1.2
137.94738173484802	1.1636525354714398	1.2
137.95999550819397	1.1624465294474793	1.2
137.97372364997864	1.1624465294474793	1.2
137.99027228355408	1.1624465294474793	1.2
138.00583124160767	1.1633949925024905	1.2
138.01852011680603	1.1633949925024905	1.2
138.0336549282074	1.1633949925024905	1.2
138.0528905391693	1.164629009004774	1.2
138.0687038898468	1.164629009004774	1.2
138.08898448944092	1.164629009004774	1.2
138.10400104522705	1.165401649723567	1.2
138.11794185638428	1.165401649723567	1.2
138.13775753974915	1.165401649723567	1.2
138.153883934021	1.1655139453504986	1.2
138.16881608963013	1.1655139453504986	1.2
138.18561601638794	1.1655139453504986	1.2
138.20164322853088	1.1646339394681455	1.2
138.21800875663757	1.1646339394681455	1.2
138.24026346206665	1.1646339394681455	1.2
138.2595558166504	1.1634000501258692	1.2
138.27133703231812	1.1634000501258692	1.2
138.2886826992035	1.1634000501258692	1.2
138.30554914474487	1.1634000501258692	1.2
138.3205645084381	1.162014250964639	1.2
138.33380675315857	1.162014250964639	1.2
138.34922289848328	1.162014250964639	1.2
138.3649833202362	1.160882058959071	1.2
138.37899565696716	1.160882058959071	1.2
138.39572477340698	1.160882058959071	1.2
138.41377115249634	1.160894319828636	1.2
138.42510533332825	1.160894319828636	1.2
138.43856477737427	1.160894319828636	1.2
138.4595377445221	1.1623014019680817	1.2
138.47186374664307	1.1623014019680817	1.2
138.48368430137634	1.1623014019680817	1.2
138.5041000843048	1.1623014019680817	1.2
138.51904582977295	1.1612243468611274	1.2
138.53398513793945	1.1612243468611274	1.2
138.5490379333496	1.1612243468611274	1.2
138.56295490264893	1.160601981236175	1.2
138.5746989250183	1.160601981236175	1.2
138.58789205551147	1.160601981236175	1.2
138.6037347316742	1.160601981236175	1.2
138.6193664073944	1.1600596141128876	1.2
138.63096356391907	1.1600596141128876	1.2
138.64698886871338	1.1600596141128876	1.2
138.6660692691803	1.1598859372247117	1.2
138.67932152748108	1.1598859372247117	1.2
138.69719624519348	1.1598859372247117	1.2
138.71268582344055	1.1596830366752613	1.2
138.72582960128784	1.1596830366752613	1.2
138.74347972869873	1.1596830366752613	1.2
138.7596561908722	1.1599764978551224	1.2
138.77180647850037	1.1599764978551224	1.2
138.7843737602234	1.1599764978551224	1.2
138.7999861240387	1.1599764978551224	1.2
138.81427335739136	1.1595267564758118	1.2
138.82778120040894	1.1595267564758118	1.2
138.84480929374695	1.1595267564758118	1.2
138.86270380020142	1.159004605352599	1.2
138.8743929862976	1.159004605352599	1.2
138.88812828063965	1.159004605352599	1.2
138.91807556152344	1.1570405892035305	1.2
138.93259119987488	1.1570405892035305	1.2
138.94851160049438	1.1570405892035305	1.2
138.9631233215332	1.154484519127773	1.2
138.9770369529724	1.154484519127773	1.2
138.992662191391	1.154484519127773	1.2
139.0097415447235	1.151947926690435	1.2
139.02381896972656	1.151947926690435	1.2
139.03637290000916	1.151947926690435	1.2
139.05995321273804	1.1491594709841304	1.2
139.0792088508606	1.1491594709841304	1.2
139.10092735290527	1.1491594709841304	1.2
139.1151123046875	1.1465482351632346	1.2
139.12838578224182	1.1465482351632346	1.2
139.15498900413513	1.1465482351632346	1.2
139.16903281211853	1.1444616783257318	1.2
139.18400478363037	1.1444616783257318	1.2
139.19896960258484	1.1444616783257318	1.2
139.21367359161377	1.142929681616046	1.2
139.22544884681702	1.142929681616046	1.2
139.2396695613861	1.142929681616046	1.2
139.2537784576416	1.1417426146677196	1.2
139.26517605781555	1.1417426146677196	1.2
139.27986407279968	1.1417426146677196	1.2
139.29944849014282	1.1420867439553186	1.2
139.3139033317566	1.1420867439553186	1.2
139.32640194892883	1.1420867439553186	1.2
139.3471429347992	1.1420867439553186	1.2
139.36287188529968	1.1424256137619826	1.2
139.375492811203	1.1424256137619826	1.2
139.39255499839783	1.1424256137619826	1.2
139.406733751297	1.1425814705745343	1.2
139.41941475868225	1.1425814705745343	1.2
139.43442130088806	1.1425814705745343	1.2
139.44921278953552	1.1419949916306837	1.2
139.46145272254944	1.1419949916306837	1.2
139.475079536438	1.1419949916306837	1.2
139.4897801876068	1.1419949916306837	1.2
139.50275015830994	1.1434427269659369	1.2
139.51567602157593	1.1434427269659369	1.2
139.53237342834473	1.1434427269659369	1.2
139.5506157875061	1.144801198590203	1.2
139.56288599967957	1.144801198590203	1.2
139.57636523246765	1.144801198590203	1.2
139.5974144935608	1.1461319513086052	1.2
139.61181640625	1.1461319513086052	1.2
139.62677717208862	1.1461319513086052	1.2
139.64177250862122	1.1467976338280494	1.2
139.65393924713135	1.1467976338280494	1.2
139.66906237602234	1.1467976338280494	1.2
139.6855764389038	1.1467976338280494	1.2
139.70012855529785	1.1480395815024682	1.2
139.71341371536255	1.1480395815024682	1.2
139.72875332832336	1.1480395815024682	1.2
139.74429059028625	1.1493275277849329	1.2
139.75649285316467	1.1493275277849329	1.2
139.77321863174438	1.1493275277849329	1.2
139.78936457633972	1.1493275277849329	1.2
139.8011634349823	1.1509697080211434	1.2
139.81493091583252	1.1509697080211434	1.2
139.8330283164978	1.1509697080211434	1.2
139.84804606437683	1.153024033072108	1.2
139.86194014549255	1.153024033072108	1.2
139.8769986629486	1.153024033072108	1.2
139.89007592201233	1.155647179620901	1.2
139.90307784080505	1.155647179620901	1.2
139.91739511489868	1.155647179620901	1.2
139.93205642700195	1.1581339469295944	1.2
139.9448697566986	1.1581339469295944	1.2
139.9575641155243	1.1581339469295944	1.2
139.97413539886475	1.1581339469295944	1.2
139.98707628250122	1.1602454105991102	1.2
140.0000720024109	1.1602454105991102	1.2
140.01574635505676	1.1602454105991102	1.2
140.0288646221161	1.163669555969918	1.2
140.04222440719604	1.163669555969918	1.2
140.0561900138855	1.163669555969918	1.2
140.07614493370056	1.167471486898498	1.2
140.09134030342102	1.167471486898498	1.2
140.10712242126465	1.167471486898498	1.2
140.12538194656372	1.1718357873179641	1.2
140.13953590393066	1.1718357873179641	1.2
140.15339398384094	1.1718357873179641	1.2
140.16854810714722	1.1718357873179641	1.2
140.18092560768127	1.175869419555743	1.2
140.1935007572174	1.175869419555743	1.2
140.209566116333	1.175869419555743	1.2
140.2249095439911	1.1788652214176287	1.2
140.23748397827148	1.1788652214176287	1.2
140.25230264663696	1.1788652214176287	1.2
140.26683855056763	1.1816526618938195	1.2
140.27961230278015	1.1816526618938195	1.2
140.29254269599915	1.1816526618938195	1.2
140.3224401473999	1.1834744203487741	1.2
140.33396220207214	1.1834744203487741	1.2
140.34796357154846	1.1834744203487741	1.2
140.37054657936096	1.1865177622392875	1.2
140.38469982147217	1.1865177622392875	1.2
140.3990557193756	1.1865177622392875	1.2
140.41366934776306	1.189950180854964	1.2
140.42684602737427	1.189950180854964	1.2
140.44383907318115	1.189950180854964	1.2
140.4604992866516	1.1929577499754829	1.2
140.47364020347595	1.1929577499754829	1.2
140.48787117004395	1.1929577499754829	1.2
140.5041491985321	1.1945185606672732	1.2
140.518541097641	1.1945185606672732	1.2
140.5306327342987	1.1945185606672732	1.2
140.5490472316742	1.1945185606672732	1.2
140.56533551216125	1.1963426338938181	1.2
140.5781226158142	1.1963426338938181	1.2
140.6072187423706	1.1983199231209394	1.2
140.6204764842987	1.1983199231209394	1.2
140.63497471809387	1.1983199231209394	1.2
140.64987921714783	1.1983199231209394	1.2
140.67326402664185	1.200465143735578	1.2
140.68832850456238	1.200465143735578	1.2
140.70312213897705	1.201808728703871	1.2
140.71592950820923	1.201808728703871	1.2
140.7314751148224	1.201808728703871	1.2
140.748202085495	1.2021559945350055	1.2
140.76182556152344	1.2021559945350055	1.2
140.77337455749512	1.2021559945350055	1.2
140.78897404670715	1.2021559945350055	1.2
140.8053548336029	1.2032617135500947	1.2
140.81773352622986	1.2032617135500947	1.2
140.8489284515381	1.2037608329598908	1.2
140.8606367111206	1.2037608329598908	1.2
140.87829685211182	1.2037608329598908	1.2
140.8951780796051	1.2037608329598908	1.2
140.90901947021484	1.2036628554754187	1.2
140.92250990867615	1.2036628554754187	1.2
140.93749070167542	1.2036628554754187	1.2
140.95208191871643	1.2031706980689205	1.2
140.96519994735718	1.2031706980689205	1.2
140.9815194606781	1.2031706980689205	1.2
141.00122809410095	1.2031706980689205	1.2
141.0135691165924	1.2031400904726284	1.2
141.02531003952026	1.2031400904726284	1.2
141.04575967788696	1.2031400904726284	1.2
141.06304240226746	1.2029831976331629	1.2
141.07823252677917	1.2029831976331629	1.2
141.0938801765442	1.2029831976331629	1.2
141.10892939567566	1.2022428156056582	1.2
141.12371730804443	1.2022428156056582	1.2
141.1401071548462	1.2022428156056582	1.2
141.1594524383545	1.2022428156056582	1.2
141.17513298988342	1.1998430731438188	1.2
141.18662452697754	1.1998430731438188	1.2
141.20364379882812	1.1998430731438188	1.2
141.22055459022522	1.1998430731438188	1.2
141.2347023487091	1.199287117398684	1.2
141.25097727775574	1.199287117398684	1.2
141.26600670814514	1.199287117398684	1.2
141.28122997283936	1.1992758621309298	1.2
141.29518365859985	1.1992758621309298	1.2
141.31750869750977	1.1992758621309298	1.2
141.33076071739197	1.2002954816657359	1.2
141.34197354316711	1.2002954816657359	1.2
141.35912775993347	1.2002954816657359	1.2
141.37475061416626	1.2014790490598306	1.2
141.38712668418884	1.2014790490598306	1.2
141.40161895751953	1.2014790490598306	1.2
141.41712284088135	1.2014790490598306	1.2
141.42912888526917	1.2036043235315335	1.2
141.44292664527893	1.2036043235315335	1.2
141.45835709571838	1.2036043235315335	1.2
141.47333979606628	1.2057821230543755	1.2
141.48597621917725	1.2057821230543755	1.2
141.50173568725586	1.2057821230543755	1.2
141.51906180381775	1.2085932719079027	1.2
141.53184580802917	1.2085932719079027	1.2
141.54459810256958	1.2085932719079027	1.2
141.5597825050354	1.2085932719079027	1.2
141.57521271705627	1.210721276335686	1.2
141.5871865749359	1.210721276335686	1.2
141.60560774803162	1.210721276335686	1.2
141.62273287773132	1.2134374147576592	1.2
141.63402557373047	1.2134374147576592	1.2
141.65009808540344	1.2134374147576592	1.2
141.66760778427124	1.2134374147576592	1.2
141.68057775497437	1.216801800257217	1.2
141.69306349754333	1.216801800257217	1.2
141.70807313919067	1.216801800257217	1.2
141.72317123413086	1.2186681895534046	1.2
141.73621129989624	1.2186681895534046	1.2
141.75092148780823	1.2186681895534046	1.2
141.76983785629272	1.2186681895534046	1.2
141.78360891342163	1.220526717399728	1.2
141.7950313091278	1.220526717399728	1.2
141.81049728393555	1.220526717399728	1.2
141.82689213752747	1.220526717399728	1.2
141.84058165550232	1.2209831563064804	1.2
141.8549370765686	1.2209831563064804	1.2
141.8700726032257	1.2209831563064804	1.2
141.88424849510193	1.2199639585511353	1.2
141.89850068092346	1.2199639585511353	1.2
141.91430759429932	1.2199639585511353	1.2
141.93042993545532	1.2166401840794323	1.2
141.9425404071808	1.2166401840794323	1.2
141.9540150165558	1.2166401840794323	1.2
141.97248816490173	1.2166401840794323	1.2
141.98822832107544	1.2124469371726696	1.2
142.00377249717712	1.2124469371726696	1.2
142.01704096794128	1.2124469371726696	1.2
142.031902551651	1.2069741443183415	1.2
142.0449640750885	1.2069741443183415	1.2
142.05879926681519	1.2069741443183415	1.2
142.07662725448608	1.2069741443183415	1.2
142.09330296516418	1.2023824383819375	1.2
142.10574793815613	1.2023824383819375	1.2
142.11777257919312	1.2023824383819375	1.2
142.1409046649933	1.2023824383819375	1.2
142.15483784675598	1.197564344786728	1.2
142.16725754737854	1.197564344786728	1.2
142.18227672576904	1.197564344786728	1.2
142.19761633872986	1.1935311299178395	1.2
142.21358942985535	1.1935311299178395	1.2
142.2287631034851	1.1935311299178395	1.2
142.24469900131226	1.190058720643646	1.2
142.258469581604	1.190058720643646	1.2
142.27398800849915	1.190058720643646	1.2
142.30083537101746	1.1865260660367594	1.2
142.31241273880005	1.1865260660367594	1.2
142.32417750358582	1.1865260660367594	1.2
142.34553790092468	1.1865260660367594	1.2
142.3609058856964	1.1831994829422032	1.2
142.37582182884216	1.1831994829422032	1.2
142.39088535308838	1.1831994829422032	1.2
142.40441870689392	1.181553977213228	1.2
142.41758370399475	1.181553977213228	1.2
142.43434286117554	1.181553977213228	1.2
142.4485306739807	1.1819892380827932	1.2
142.46111178398132	1.1819892380827932	1.2
142.4759659767151	1.1819892380827932	1.2
142.49216532707214	1.1839699633757232	1.2
142.50503730773926	1.1839699633757232	1.2
142.51961636543274	1.1839699633757232	1.2
142.53737878799438	1.1839699633757232	1.2
142.5502064228058	1.185979431584017	1.2
142.5615360736847	1.185979431584017	1.2
142.58201599121094	1.185979431584017	1.2
142.59698152542114	1.1875730874376111	1.2
142.61109590530396	1.1875730874376111	1.2
142.62538599967957	1.1875730874376111	1.2
142.63936519622803	1.1906662535063308	1.2
142.65288543701172	1.1906662535063308	1.2
142.66734862327576	1.1906662535063308	1.2
142.68617701530457	1.1993589262766369	1.2
142.69978666305542	1.1993589262766369	1.2
142.71198749542236	1.1993589262766369	1.2
142.72787356376648	1.1993589262766369	1.2
142.74461460113525	nan	1.2
142.75670289993286	nan	1.2
142.7769811153412	nan	1.2
142.79170322418213	nan	1.2
142.80311918258667	nan	1.2
142.81817936897278	nan	1.2
142.83416032791138	nan	1.2
142.84714698791504	nan	1.2
142.85993194580078	nan	1.2
142.8748881816864	nan	1.2
142.89013767242432	nan	1.2
142.9025239944458	nan	1.2
142.9184534549713	nan	1.2
142.93788647651672	nan	1.2
142.95083689689636	nan	1.2
142.96267104148865	nan	1.2
142.9813838005066	nan	1.2
142.9967291355133	nan	1.2
143.00842356681824	nan	1.2
143.0252242088318	nan	1.2
143.04113698005676	nan	1.2
143.05564761161804	nan	1.2
143.0690519809723	nan	1.2
143.0856704711914	nan	1.2
143.09952402114868	nan	1.2
143.11247515678406	nan	1.2
143.12898874282837	nan	1.2
143.1476662158966	nan	1.2
143.15986514091492	nan	1.2
143.1712465286255	nan	1.2
143.1880965232849	nan	1.2
143.2045295238495	nan	1.2
143.21873450279236	nan	1.2
143.2345519065857	nan	1.2
143.2475152015686	nan	1.2
143.26115918159485	nan	1.2
143.2763547897339	nan	1.2
143.2923445701599	nan	1.2
143.30494594573975	nan	1.2
143.318274974823	nan	1.2
143.3336305618286	nan	1.2
143.34525227546692	nan	1.2
143.35983443260193	nan	1.2
143.37871313095093	nan	1.2
143.3925039768219	nan	1.2
143.40411853790283	nan	1.2
143.41993594169617	nan	1.2
143.43719005584717	nan	1.2
143.45245170593262	nan	1.2
143.4651336669922	nan	1.2
143.48073077201843	nan	1.2
143.4936044216156	nan	1.2
143.50772881507874	nan	1.2
143.52429509162903	nan	1.2
143.5380790233612	nan	1.2
143.55080604553223	nan	1.2
143.56568932533264	nan	1.2
143.57944083213806	nan	1.2
143.5944209098816	nan	1.2
143.61077761650085	nan	1.2
143.6277256011963	nan	1.2
143.64005756378174	nan	1.2
143.6540584564209	nan	1.2
143.67640686035156	nan	1.2
143.69113445281982	nan	1.2
143.70356798171997	nan	1.2
143.71826839447021	nan	1.2
143.73097348213196	nan	1.2
143.74384713172913	nan	1.2
143.7583291530609	nan	1.2
143.773024559021	nan	1.2
143.78505396842957	nan	1.2
143.79794907569885	nan	1.2
143.81487846374512	nan	1.2
143.8310661315918	nan	1.2
143.8436155319214	nan	1.2
143.85957026481628	nan	1.2
143.87363743782043	nan	1.2
143.88790941238403	nan	1.2
143.90649724006653	nan	1.2
143.92184567451477	nan	1.2
143.93344640731812	nan	1.2
143.94851684570312	nan	1.2
143.96737098693848	nan	1.2
143.9804368019104	nan	1.2
143.99669456481934	nan	1.2
144.01138758659363	nan	1.2
144.02495121955872	nan	1.2
144.0405077934265	nan	1.2
144.0566008090973	nan	1.2
144.07007813453674	nan	1.2
144.083984375	nan	1.2
144.098792552948	nan	1.2
144.1153461933136	nan	1.2
144.1309461593628	nan	1.2
144.1474883556366	nan	1.2
144.16296911239624	nan	1.2
144.17499446868896	nan	1.2
144.18995833396912	nan	1.2
144.20679354667664	nan	1.2
144.22373843193054	nan	1.2
144.24036478996277	nan	1.2
144.25496220588684	nan	1.2
144.2683527469635	nan	1.2
144.28317093849182	nan	1.2
144.30104541778564	nan	1.2
144.31672739982605	nan	1.2
144.3294448852539	nan	1.2
144.3453233242035	nan	1.2
144.36299347877502	nan	1.2
144.376868724823	nan	1.2
144.38923692703247	nan	1.2
144.40536403656006	nan	1.2
144.41806888580322	nan	1.2
144.43052434921265	nan	1.2
144.45181107521057	nan	1.2
144.465558052063	nan	1.2
144.47964239120483	nan	1.2
144.49667978286743	nan	1.2
144.51255631446838	nan	1.2
144.52547550201416	nan	1.2
144.5394549369812	nan	1.2
144.5550262928009	nan	1.2
144.56936621665955	nan	1.2
144.58423256874084	nan	1.2
144.60173630714417	nan	1.2
144.61630940437317	nan	1.2
144.62920451164246	nan	1.2
144.6510169506073	nan	1.2
144.66662335395813	nan	1.2
144.6797535419464	nan	1.2
144.6942744255066	nan	1.2
144.70840167999268	nan	1.2
144.7219476699829	nan	1.2
144.73555254936218	nan	1.2
144.75276470184326	nan	1.2
144.7680983543396	nan	1.2
144.7797315120697	nan	1.2
144.79581809043884	nan	1.2
144.81329345703125	nan	1.2
144.82681369781494	nan	1.2
144.83966302871704	nan	1.2
144.85478854179382	nan	1.2
144.8679964542389	nan	1.2
144.88056206703186	nan	1.2
144.89491438865662	nan	1.2
144.91411018371582	nan	1.2
144.92832446098328	nan	1.2
144.94003009796143	nan	1.2
144.97002911567688	nan	1.2
144.98458552360535	nan	1.2
144.99837589263916	nan	1.2
145.01425623893738	nan	1.2
145.0263955593109	nan	1.2
145.03900289535522	nan	1.2
145.05564665794373	nan	1.2
145.07354617118835	nan	1.2
145.08983969688416	nan	1.2
145.10552167892456	nan	1.2
145.12305116653442	nan	1.2
145.1356201171875	nan	1.2
145.15515756607056	nan	1.2
145.17264413833618	nan	1.2
145.1843876838684	nan	1.2
145.20067024230957	nan	1.2
145.21740436553955	nan	1.2
145.23098397254944	nan	1.2
145.24447083473206	nan	1.2
145.26059079170227	nan	1.2
145.28706979751587	nan	1.2
145.3003866672516	1.1286875164030836	1.2
145.31214714050293	1.1286875164030836	1.2
145.32972240447998	1.1286875164030836	1.2
145.34795570373535	1.1298754131660034	1.2
145.36314415931702	1.1298754131660034	1.2
145.37720775604248	1.1298754131660034	1.2
145.39229369163513	1.1322421279547357	1.2
145.4061758518219	1.1322421279547357	1.2
145.42216300964355	1.1322421279547357	1.2
145.4447798728943	1.134922358167873	1.2
145.45870971679688	1.134922358167873	1.2
145.47084069252014	1.134922358167873	1.2
145.4880678653717	1.134922358167873	1.2
145.5042209625244	1.137532158372791	1.2
145.51734495162964	1.137532158372791	1.2
145.53370141983032	1.137532158372791	1.2
145.5486249923706	1.1406755084069906	1.2
145.56199049949646	1.1406755084069906	1.2
145.57697129249573	1.1406755084069906	1.2
145.5957224369049	1.1406755084069906	1.68
145.6099534034729	1.1437977964280703	1.68
145.6222870349884	1.1437977964280703	1.68
145.6385931968689	1.1437977964280703	1.68
145.65640687942505	1.1437977964280703	1.68
145.6697552204132	1.1472823802692058	1.68
145.68389987945557	1.1472823802692058	1.68
145.6994869709015	1.1472823802692058	1.68
145.71282744407654	1.1499354703171978	1.68
145.72652792930603	1.1499354703171978	1.68
145.7455861568451	1.1499354703171978	1.68
145.76031279563904	1.1531554781875288	1.68
145.7736566066742	1.1531554781875288	1.68
145.78892970085144	1.1531554781875288	1.68
145.80465054512024	1.1569279302685922	1.68
145.81754422187805	1.1569279302685922	1.68
145.83697605133057	1.1569279302685922	1.68
145.85623407363892	1.1605886268204357	1.68
145.86842942237854	1.1605886268204357	1.68
145.8861527442932	1.1605886268204357	1.68
145.90308213233948	1.1605886268204357	1.68
145.916339635849	1.1634381198968717	1.68
145.92894649505615	1.1634381198968717	1.68
145.9442367553711	1.1634381198968717	1.68
145.9572138786316	1.1661360485994934	1.68
145.97082352638245	1.1661360485994934	1.68
145.9871597290039	1.1661360485994934	1.68
146.00131154060364	1.1687705575280645	1.68
146.01495099067688	1.1687705575280645	1.68
146.0304024219513	1.1687705575280645	1.68
146.04731369018555	1.1733159892022729	1.68
146.05999755859375	1.1733159892022729	1.68
146.07681941986084	1.1733159892022729	1.68
146.09493708610535	1.1782891196280687	1.68
146.10924577713013	1.1782891196280687	1.68
146.1266691684723	1.1782891196280687	1.68
146.14461207389832	1.183354862107572	1.68
146.15713000297546	1.183354862107572	1.68
146.1714153289795	1.183354862107572	1.68
146.1892273426056	1.183354862107572	1.68
146.2043752670288	1.1888121458913556	1.68
146.2172408103943	1.1888121458913556	1.68
146.23356342315674	1.1888121458913556	1.68
146.24902510643005	1.194328445474441	1.68
146.26215076446533	1.194328445474441	1.68
146.2779130935669	1.194328445474441	1.68
146.30450296401978	1.200226269677331	1.68
146.31651282310486	1.200226269677331	1.68
146.3333113193512	1.200226269677331	1.68
146.34981966018677	1.200226269677331	1.68
146.3649823665619	1.2061464231301227	1.68
146.37890005111694	1.2061464231301227	1.68
146.39460682868958	1.2061464231301227	1.68
146.40931510925293	1.210788338580318	1.68
146.42208456993103	1.210788338580318	1.68
146.43761658668518	1.210788338580318	1.68
146.45740032196045	1.210788338580318	1.68
146.4692187309265	1.2161760735945104	1.68
146.4810118675232	1.2161760735945104	1.68
146.5014889240265	1.2161760735945104	1.68
146.51719665527344	1.2193115323926393	1.68
146.53152513504028	1.2193115323926393	1.68
146.5439896583557	1.2193115323926393	1.68
146.55940437316895	1.2193115323926393	1.68
146.573401927948	1.2197214311545634	1.68
146.58576798439026	1.2197214311545634	1.68
146.60237503051758	1.2197214311545634	1.68
146.6201410293579	1.2188039929717644	1.68
146.6320354938507	1.2188039929717644	1.68
146.6443543434143	1.2188039929717644	1.68
146.666250705719	1.2188039929717644	1.68
146.6798677444458	1.2159662535237123	1.68
146.69397139549255	1.2159662535237123	1.68
146.71038794517517	1.2159662535237123	1.68
146.7256565093994	1.2123362535237123	1.68
146.74003291130066	1.2123362535237123	1.68
146.75558042526245	1.2123362535237123	1.68
146.76881504058838	1.2077844932752653	1.68
146.78077054023743	1.2077844932752653	1.68
146.7966423034668	1.2077844932752653	1.68
146.8142192363739	1.200918714471418	1.68
146.83086133003235	1.200918714471418	1.68
146.84408402442932	1.200918714471418	1.68
146.8613200187683	1.200918714471418	1.68
146.87806248664856	1.1937751828031118	1.68
146.89373970031738	1.1937751828031118	1.68
146.91129207611084	1.1937751828031118	1.68
146.92417192459106	1.188206780562128	1.68
146.93573689460754	1.188206780562128	1.68
146.95251202583313	1.188206780562128	1.68
146.96916151046753	1.1819753258713857	1.68
146.9814691543579	1.1819753258713857	1.68
146.99563765525818	1.1819753258713857	1.68
147.01044940948486	1.1819753258713857	1.68
147.02387809753418	1.1770007754134715	1.68
147.03696489334106	1.1770007754134715	1.68
147.05395984649658	1.1770007754134715	1.68
147.07307362556458	1.173776458883989	1.68
147.08946228027344	1.173776458883989	1.68
147.10827040672302	1.173776458883989	1.68
147.12577605247498	1.1715619285922116	1.68
147.14273810386658	1.1715619285922116	1.68
147.157564163208	1.1715619285922116	1.68
147.17279267311096	1.1705348116728183	1.68
147.18806743621826	1.1705348116728183	1.68
147.2064824104309	1.1705348116728183	1.68
147.23195219039917	1.171034955651876	1.68
147.24475646018982	1.171034955651876	1.68
147.2670443058014	1.171034955651876	1.68
147.2849588394165	1.1713799779610734	1.68
147.2967255115509	1.1713799779610734	1.68
147.310640335083	1.1713799779610734	1.68
147.32682418823242	1.1713799779610734	1.68
147.34217309951782	1.1725348039864314	1.68
147.35503363609314	1.1725348039864314	1.68
147.3710298538208	1.1725348039864314	1.68
147.38830161094666	1.1725348039864314	1.68
147.400563955307	1.174812081923394	1.68
147.4123456478119	1.174812081923394	1.68
147.43084692955017	1.174812081923394	1.68
147.44691944122314	1.1769761760664053	1.68
147.45908999443054	1.1769761760664053	1.68
147.47385549545288	1.1769761760664053	1.68
147.48814749717712	1.17807804949534	1.68
147.5005612373352	1.17807804949534	1.68
147.51348304748535	1.17807804949534	1.68
147.52882146835327	1.17807804949534	1.68
147.5415496826172	1.1800644940963019	1.68
147.55579781532288	1.1800644940963019	1.68
147.5718629360199	1.1800644940963019	1.68
147.59027695655823	1.1820611061402961	1.68
147.60333919525146	1.1820611061402961	1.68
147.6166477203369	1.1820611061402961	1.68
147.63658356666565	1.1820611061402961	1.68
147.65059685707092	1.1825037404918812	1.68
147.66430139541626	1.1825037404918812	1.68
147.67998266220093	1.1825037404918812	1.68
147.69415426254272	1.1832393160578913	1.68
147.70760035514832	1.1832393160578913	1.68
147.72169947624207	1.1832393160578913	1.68
147.73819136619568	1.1840883634534969	1.68
147.75098371505737	1.1840883634534969	1.68
147.76341342926025	1.1840883634534969	1.68
147.77811479568481	1.1840883634534969	1.68
147.7937409877777	1.1847101982871564	1.68
147.80704808235168	1.1847101982871564	1.68
147.82374358177185	1.1847101982871564	1.68
147.839448928833	1.1847101982871564	1.68
147.85213565826416	1.1848451928958361	1.68
147.86520218849182	1.1848451928958361	1.68
147.88193082809448	1.1848451928958361	1.68
147.89803552627563	1.1844616676149375	1.68
147.91156315803528	1.1844616676149375	1.68
147.92634439468384	1.1844616676149375	1.68
147.94132089614868	1.183361263062366	1.68
147.95472836494446	1.183361263062366	1.68
147.96957802772522	1.183361263062366	1.68
147.98926210403442	1.183361263062366	1.68
148.00264620780945	1.1823242982968556	1.68
148.01410937309265	1.1823242982968556	1.68
148.02979230880737	1.1823242982968556	1.68
148.04651165008545	1.1823242982968556	1.68
148.0607943534851	1.180853266110396	1.68
148.0750298500061	1.180853266110396	1.68
148.09150385856628	1.180853266110396	1.68
148.10816717147827	1.1787937803692605	1.68
148.12125372886658	1.1787937803692605	1.68
148.1373119354248	1.1787937803692605	1.68
148.15508222579956	1.1770805345891042	1.68
148.16699719429016	1.1770805345891042	1.68
148.1788718700409	1.1770805345891042	1.68
148.21022987365723	1.1761135777739895	1.68
148.22437953948975	1.1761135777739895	1.68
148.23912382125854	1.1761135777739895	1.68
148.2537386417389	1.1733416069431328	1.68
148.26771664619446	1.1733416069431328	1.68
148.2826600074768	1.1733416069431328	1.68
148.29778623580933	1.1707315962288471	1.68
148.31034922599792	1.1707315962288471	1.68
148.33157324790955	1.1707315962288471	1.68
148.3470950126648	1.1691392084905774	1.68
148.36105227470398	1.1691392084905774	1.68
148.37514233589172	1.1691392084905774	1.68
148.3903501033783	1.1672322181464763	1.68
148.40275979042053	1.1672322181464763	1.68
148.41539454460144	1.1672322181464763	1.68
148.43418145179749	1.1672322181464763	1.68
148.4496009349823	1.1652893995869196	1.68
148.46161818504333	1.1652893995869196	1.68
148.47825813293457	1.1652893995869196	1.68
148.49593043327332	1.1639524958717995	1.68
148.5088813304901	1.1639524958717995	1.68
148.52396702766418	1.1639524958717995	1.68
148.53940320014954	1.1639524958717995	1.68
148.55373692512512	1.1629574256469677	1.68
148.56607842445374	1.1629574256469677	1.68
148.58252573013306	1.1629574256469677	1.68
148.60146975517273	1.161894688593844	1.68
148.61324548721313	1.161894688593844	1.68
148.6271984577179	1.161894688593844	1.68
148.64993929862976	1.161894688593844	1.68
148.66310858726501	1.161560203684387	1.68
148.67468166351318	1.161560203684387	1.68
148.69064140319824	1.161560203684387	1.68
148.70471048355103	1.1608803786083335	1.68
148.71747159957886	1.1608803786083335	1.68
148.73474955558777	1.1608803786083335	1.68
148.75246596336365	1.160740780542913	1.68
148.7674880027771	1.160740780542913	1.68
148.77954363822937	1.160740780542913	1.68
148.79511976242065	1.160740780542913	1.68
148.8127303123474	1.1601442108424522	1.68
148.82635068893433	1.1601442108424522	1.68
148.83949041366577	1.1601442108424522	1.68
148.85487580299377	1.1601442108424522	1.68
148.86705875396729	1.1588841882822918	1.68
148.87858867645264	1.1588841882822918	1.68
148.89894819259644	1.1588841882822918	1.68
148.91501379013062	1.1567156282770397	1.68
148.92767810821533	1.1567156282770397	1.68
148.94194412231445	1.1567156282770397	1.68
148.9595286846161	1.1549230429285333	1.68
148.97360968589783	1.1549230429285333	1.68
148.98660731315613	1.1549230429285333	1.68
149.00820541381836	1.1549230429285333	1.68
149.0243558883667	1.1529493371716035	1.68
149.03707218170166	1.1529493371716035	1.68
149.06823921203613	1.1529493371716035	1.68
149.08732962608337	1.1509762719699033	1.68
149.10723543167114	1.1509762719699033	1.68
149.13064336776733	1.1509762719699033	1.68
149.1458671092987	1.149511746419893	1.68
149.1594488620758	1.149511746419893	1.68
149.17861652374268	1.149511746419893	1.68
149.19662475585938	1.1490292173920673	1.68
149.2140896320343	1.1490292173920673	1.68
149.2302007675171	1.1490292173920673	1.68
149.24564409255981	1.1481831053687621	1.68
149.26129150390625	1.1481831053687621	1.68
149.28957295417786	1.1481831053687621	1.68
149.30613923072815	1.147997583482092	1.68
149.31986045837402	1.147997583482092	1.68
149.3381028175354	1.147997583482092	1.68
149.35386443138123	1.1491322298928144	1.68
149.36907935142517	1.1491322298928144	1.68
149.384779214859	1.1491322298928144	1.68
149.39935541152954	1.1504302509498898	1.68
149.41522645950317	1.1504302509498898	1.68
149.4317557811737	1.1504302509498898	1.68
149.45080041885376	1.1534970624291985	1.68
149.46335101127625	1.1534970624291985	1.68
149.47639346122742	1.1534970624291985	1.68
149.4941918849945	1.1534970624291985	1.68
149.51130843162537	1.1575390840815327	1.68
149.5238835811615	1.1575390840815327	1.68
149.53779292106628	1.1575390840815327	1.68
149.55259084701538	1.1620849714610244	1.68
149.5658757686615	1.1620849714610244	1.68
149.58112144470215	1.1620849714610244	1.68
149.5979015827179	1.1620849714610244	1.68
149.615065574646	1.1672764222514376	1.68
149.62793064117432	1.1672764222514376	1.68
149.64544034004211	1.1672764222514376	1.68
149.66204643249512	1.1672764222514376	1.68
149.67736291885376	1.1719629325415835	1.68
149.68998861312866	1.1719629325415835	1.68
149.7050952911377	1.1719629325415835	1.68
149.7196705341339	1.1756331507199371	1.68
149.73452305793762	1.1756331507199371	1.68
149.74935746192932	1.1756331507199371	1.68
149.76346254348755	1.1796077951432797	1.68
149.777104139328	1.1796077951432797	1.68
149.79259753227234	1.1796077951432797	1.68
149.8159317970276	1.1837293471489665	1.68
149.82820296287537	1.1837293471489665	1.68
149.84297585487366	1.1837293471489665	1.68
149.8637249469757	1.1837293471489665	1.68
149.87842845916748	1.1879991433378643	1.68
149.89175629615784	1.1879991433378643	1.68
149.9161729812622	1.1918693457699818	1.68
149.9287347793579	1.1918693457699818	1.68
149.9425494670868	1.1918693457699818	1.68
149.9585292339325	1.1918693457699818	1.68
149.97362732887268	1.1952205699209253	1.68
149.98660707473755	1.1952205699209253	1.68
150.00222063064575	1.1952205699209253	1.68
150.01623392105103	1.198117432873091	1.68
150.0289113521576	1.198117432873091	1.68
150.04625844955444	1.198117432873091	1.68
150.06219816207886	1.2009636736232014	1.68
150.07362627983093	1.2009636736232014	1.68
150.08781051635742	1.2009636736232014	1.68
150.10685896873474	1.2009636736232014	1.68
150.12359166145325	1.20190587800785	1.68
150.1377077102661	1.20190587800785	1.68
150.15326237678528	1.20190587800785	1.68
150.16910862922668	1.203343771316495	1.68
150.1850769519806	1.203343771316495	1.68
150.204576253891	1.203343771316495	1.68
150.2222056388855	1.2048589846578415	1.68
150.23824548721313	1.2048589846578415	1.68
150.25516867637634	1.2048589846578415	1.68
150.27238535881042	1.2048589846578415	1.68
150.2878646850586	1.2073988664114466	1.68
150.3034610748291	1.2073988664114466	1.68
150.3183319568634	1.2093103216307557	1.68
150.33271265029907	1.2093103216307557	1.68
150.34865999221802	1.2093103216307557	1.68
150.36903071403503	1.210312350288373	1.68
150.38224172592163	1.210312350288373	1.68
150.39581847190857	1.210312350288373	1.68
150.4161183834076	1.211536851753586	1.68
150.43079781532288	1.211536851753586	1.68
150.44531440734863	1.211536851753586	1.68
150.46559071540833	1.211536851753586	1.68
150.47785806655884	1.2126420384601726	1.68
150.49435019493103	1.2126420384601726	1.68
150.509916305542	1.2126420384601726	1.68
150.52347540855408	1.2134995574762746	1.68
150.53572940826416	1.2134995574762746	1.68
150.5519983768463	1.2134995574762746	1.68
150.56749892234802	1.214942141714841	1.68
150.58121919631958	1.214942141714841	1.68
150.59473276138306	1.214942141714841	1.68
150.60934948921204	1.216997678058885	1.68
150.62331771850586	1.216997678058885	1.68
150.63861393928528	1.216997678058885	1.68
150.66187453269958	1.216997678058885	1.68
150.67571115493774	1.2192311017637831	1.68
150.6879062652588	1.2192311017637831	1.68
150.71656584739685	1.220930759546945	1.68
150.73036885261536	1.220930759546945	1.68
150.7439160346985	1.220930759546945	1.68
150.75997138023376	1.220930759546945	1.68
150.77326941490173	1.2217539614949966	1.68
150.78659749031067	1.2217539614949966	1.68
150.80312371253967	1.2217539614949966	1.68
150.81837368011475	1.222312365128667	1.68
150.8337459564209	1.222312365128667	1.68
150.84864902496338	1.222312365128667	1.68
150.8646583557129	1.2231443074535449	1.68
150.87783885002136	1.2231443074535449	1.68
150.89569401741028	1.2231443074535449	1.68
150.9124562740326	1.2231443074535449	1.68
150.9245250225067	1.223819997760348	1.68
150.9366762638092	1.223819997760348	1.68
150.95290803909302	1.223819997760348	1.68
150.9693386554718	1.224267068062559	1.68
150.98207211494446	1.224267068062559	1.68
150.9963116645813	1.224267068062559	1.68
151.01180768013	1.2245895494762453	1.68
151.02507162094116	1.2245895494762453	1.68
151.04003643989563	1.2245895494762453	1.68
151.05894708633423	1.2245895494762453	1.68
151.0815930366516	1.2253501082533615	1.68
151.1003909111023	1.2253501082533615	1.68
151.11732721328735	1.2253501082533615	1.68
151.13274145126343	1.2274872369005767	1.68
151.1457598209381	1.2274872369005767	1.68
151.16077876091003	1.2274872369005767	1.68
151.17570281028748	1.2284582940935844	1.68
151.18996000289917	1.2284582940935844	1.68
151.20564532279968	1.2284582940935844	1.68
151.22176933288574	1.2284582940935844	1.68
151.23494935035706	1.2312773602500346	1.68
151.24644708633423	1.2312773602500346	1.68
151.26141166687012	1.2312773602500346	1.68
151.2778787612915	1.2312773602500346	1.68
151.29010319709778	1.2351603140236196	1.68
151.3030185699463	1.2351603140236196	1.68
151.33326983451843	1.2398885333424687	1.68
151.3471052646637	1.2398885333424687	1.68
151.36326360702515	1.2398885333424687	1.68
151.3775053024292	1.2449375112538168	1.68
151.39232969284058	1.2449375112538168	1.68
151.40803694725037	1.2449375112538168	1.68
151.4256558418274	1.2521139003192967	1.68
151.4381926059723	1.2521139003192967	1.68
151.45360565185547	1.2521139003192967	1.68
151.47061347961426	1.2590945893878476	1.68
151.48410201072693	1.2590945893878476	1.68
151.49798035621643	1.2590945893878476	1.68
151.51534271240234	1.2590945893878476	1.68
151.5284640789032	1.2669065179292835	1.68
151.54049444198608	1.2669065179292835	1.68
151.56647443771362	1.2669065179292835	1.68
151.57912397384644	1.2743701435550352	1.68
151.59268021583557	1.2743701435550352	1.68
151.60796809196472	1.2743701435550352	1.68
151.6211133003235	1.282015328664044	1.68
151.6357626914978	1.282015328664044	1.68
151.65021276474	1.282015328664044	1.68
151.67122626304626	1.2902911374776642	1.68
151.68368434906006	1.2902911374776642	1.68
151.69564986228943	1.2902911374776642	1.68
151.7143201828003	1.2902911374776642	1.68
151.72979855537415	1.2973692245270634	1.68
151.7439320087433	1.2973692245270634	1.68
151.75874400138855	1.2973692245270634	1.68
151.77375102043152	1.3044267336567044	1.68
151.78634762763977	1.3044267336567044	1.68
151.80168414115906	1.3044267336567044	1.68
151.81714344024658	1.3044267336567044	1.68
151.8328502178192	1.3109657854961694	1.68
151.84615850448608	1.3109657854961694	1.68
151.861234664917	1.3109657854961694	1.68
151.87503480911255	1.3167348943974722	1.68
151.8877215385437	1.3167348943974722	1.68
151.91633248329163	1.3167348943974722	1.68
151.9286186695099	1.3209036162555512	1.68
151.94036102294922	1.3209036162555512	1.68
151.96147775650024	1.3209036162555512	1.68
151.97679162025452	1.324981710178203	1.68
151.98909163475037	1.324981710178203	1.68
152.00400805473328	1.324981710178203	1.68
152.0197148323059	1.3278712209268033	1.68
152.03368592262268	1.3278712209268033	1.68
152.0482828617096	1.3278712209268033	1.68
152.0628011226654	1.3300832316499114	1.68
152.07610321044922	1.3300832316499114	1.68
152.09203672409058	1.3300832316499114	1.68
152.11146092414856	1.3300832316499114	1.68
152.13052821159363	1.3321512711642176	1.68
152.1427342891693	1.3321512711642176	1.68
152.15762090682983	1.3321512711642176	1.68
152.17499470710754	1.3333335638011952	1.68
152.18773818016052	1.3333335638011952	1.68
152.20304083824158	1.3333335638011952	1.68
152.21893310546875	1.3335780463231421	1.68
152.23378109931946	1.3335780463231421	1.68
152.24823760986328	1.3335780463231421	1.68
152.26599717140198	1.3325755268265098	1.68
152.28022289276123	1.3325755268265098	1.68
152.29339051246643	1.3325755268265098	1.68
152.30933618545532	1.3325755268265098	1.68
152.32386994361877	1.3306862959419523	1.68
152.33592081069946	1.3306862959419523	1.68
152.35578060150146	1.3306862959419523	1.68
152.37102460861206	1.3299045028526886	1.68
152.38284873962402	1.3299045028526886	1.68
152.41183996200562	1.3299045028526886	1.68
152.42822170257568	1.3290293304388952	1.68
152.44073915481567	1.3290293304388952	1.68
152.45576667785645	1.3290293304388952	1.68
152.4702115058899	1.328571510316944	1.68
152.48590803146362	1.328571510316944	1.68
152.50114130973816	1.328571510316944	1.68
152.52577328681946	1.3285621565085903	1.68
152.53735780715942	1.3285621565085903	1.68
152.54978251457214	1.3285621565085903	1.68
152.5726354122162	1.3282498501166071	1.68
152.58573269844055	1.3282498501166071	1.68
152.59920048713684	1.3282498501166071	1.68
152.6154396533966	1.3282498501166071	1.68
152.6289405822754	1.326708002351728	1.68
152.64073157310486	1.326708002351728	1.68
152.65827989578247	1.326708002351728	1.68
152.67557764053345	1.3251108645970402	1.68
152.6879014968872	1.3251108645970402	1.68
152.70044231414795	1.3251108645970402	1.68
152.71683979034424	1.3251108645970402	1.68
152.73454570770264	1.3236856305926128	1.68
152.7479305267334	1.3236856305926128	1.68
152.76356554031372	1.3236856305926128	1.68
152.77868700027466	1.3218986621860196	1.68
152.79115223884583	1.3218986621860196	1.68
152.81029796600342	1.3218986621860196	1.68
152.82600617408752	1.320595318554367	1.68
152.8389871120453	1.320595318554367	1.68
152.8557107448578	1.320595318554367	1.68
152.87325859069824	1.320595318554367	1.68
152.89327144622803	1.3189057194831597	1.68
152.9047029018402	1.3189057194831597	1.68
152.91867351531982	1.3189057194831597	1.68
152.94609236717224	1.3168912894679665	1.68
152.96085023880005	1.3168912894679665	1.68
152.9776644706726	1.3168912894679665	1.68
152.99233174324036	1.3142519114475029	1.68
153.0055112838745	1.3142519114475029	1.68
153.02290892601013	1.3142519114475029	1.68
153.03840851783752	1.3100834819275844	1.68
153.05154967308044	1.3100834819275844	1.68
153.0651659965515	1.3100834819275844	1.68
153.08157086372375	1.306818305626428	1.68
153.09441876411438	1.306818305626428	1.68
153.11055946350098	1.306818305626428	1.68
153.1284728050232	1.306818305626428	1.68
153.1436207294464	1.303779973728572	1.68
153.15638494491577	1.303779973728572	1.68
153.17609810829163	1.303779973728572	1.68
153.19256782531738	1.3021347310539881	1.68
153.2100064754486	1.3021347310539881	1.68
153.22589254379272	1.3021347310539881	1.68
153.24182415008545	1.302077768941998	1.68
153.25708293914795	1.302077768941998	1.68
153.2761561870575	1.302077768941998	1.68
153.29354310035706	1.3035925776436557	1.68
153.3063199520111	1.3035925776436557	1.68
153.31876015663147	1.3035925776436557	1.68
153.3388934135437	1.3035925776436557	1.68
153.3555772304535	1.306456474814328	1.68
153.36905431747437	1.306456474814328	1.68
153.38426423072815	1.306456474814328	1.68
153.3978681564331	1.3100695352160288	1.68
153.4115710258484	1.3100695352160288	1.68
153.42828106880188	1.3100695352160288	1.68
153.4484167098999	1.313839509066979	1.68
153.46162271499634	1.313839509066979	1.68
153.4740285873413	1.313839509066979	1.68
153.49870109558105	1.313839509066979	1.68
153.51109194755554	1.3187895663643234	1.68
153.5238800048828	1.3187895663643234	1.68
153.54444527626038	1.3187895663643234	1.68
153.55932354927063	1.3252108828972289	1.68
153.57478141784668	1.3252108828972289	1.68
153.58952069282532	1.3252108828972289	1.68
153.60457634925842	1.3315173728083767	1.68
153.61779356002808	1.3315173728083767	1.68
153.6333155632019	1.3315173728083767	1.68
153.6520438194275	1.3315173728083767	1.68
153.66748023033142	1.338153356187878	1.68
153.67932891845703	1.338153356187878	1.68
153.69791460037231	1.338153356187878	1.68
153.71420884132385	1.344931607078826	1.68
153.72691440582275	1.344931607078826	1.68
153.74229264259338	1.344931607078826	1.68
153.75754380226135	1.3512314576480862	1.68
153.7708456516266	1.3512314576480862	1.68
153.78417682647705	1.3512314576480862	1.68
153.80081176757812	1.3512314576480862	1.68
153.81914734840393	1.3569417239464285	1.68
153.83053421974182	1.3569417239464285	1.68
153.84229254722595	1.3569417239464285	1.68
153.8674659729004	1.3569417239464285	1.68
153.88113951683044	1.3628097468883988	1.68
153.8943967819214	1.3628097468883988	1.68
153.90964317321777	1.3628097468883988	1.68
153.92385387420654	1.3678742484512025	1.68
153.9374783039093	1.3678742484512025	1.68
153.95351672172546	1.3678742484512025	1.68
153.9781129360199	1.374114805222812	1.68
153.9906895160675	1.374114805222812	1.68
154.00283408164978	1.374114805222812	1.68
154.01780080795288	1.374114805222812	1.68
154.03319573402405	1.3792408365577962	1.68
154.0465123653412	1.3792408365577962	1.68
154.06245231628418	1.3792408365577962	1.68
154.0780487060547	1.3846645345929987	1.68
154.0932159423828	1.3846645345929987	1.68
154.10975074768066	1.3846645345929987	1.68
154.12782263755798	1.3894536341665593	1.68
154.14120030403137	1.3894536341665593	1.68
154.15340185165405	1.3894536341665593	1.68
154.1770133972168	1.3894536341665593	1.68
154.1924524307251	1.3941757464100326	1.68
154.20620393753052	1.3941757464100326	1.68
154.221675157547	1.3941757464100326	1.68
154.23538398742676	1.3978219087832697	1.68
154.24793410301208	1.3978219087832697	1.68
154.26762795448303	1.3978219087832697	1.68
154.282883644104	1.4014034291817516	1.68
154.2948067188263	1.4014034291817516	1.68
154.3084089756012	1.4014034291817516	1.68
154.32587385177612	1.4014034291817516	1.68
154.34001922607422	1.4042578958484184	1.68
154.3538680076599	1.4042578958484184	1.68
154.36931228637695	1.4042578958484184	1.68
154.3831741809845	1.4064297176432903	1.68
154.39577531814575	1.4064297176432903	1.68
154.4148690700531	1.4064297176432903	1.68
154.43305253982544	1.4079421885735228	1.68
154.44467902183533	1.4079421885735228	1.68
154.45877718925476	1.4079421885735228	1.68
154.47499346733093	1.4079421885735228	1.68
154.4909725189209	1.4081107133300161	1.68
154.50369143486023	1.4081107133300161	1.68
154.5176658630371	1.4081107133300161	1.68
154.53288674354553	1.4089300743738449	1.68
154.5469250679016	1.4089300743738449	1.68
154.55998420715332	1.4089300743738449	1.68
154.58841466903687	1.4093387891613618	1.68
154.60039806365967	1.4093387891613618	1.68
154.61382794380188	1.4093387891613618	1.68
154.63483929634094	1.4093387891613618	1.68
154.64957308769226	1.4091534337677758	1.68
154.66378235816956	1.4091534337677758	1.68
154.67954993247986	1.4091534337677758	1.68
154.69241857528687	1.4086844726714012	1.68
154.70665001869202	1.4086844726714012	1.68
154.7227327823639	1.4086844726714012	1.68
154.736820936203	1.4084710497879234	1.68
154.7498152256012	1.4084710497879234	1.68
154.76464247703552	1.4084710497879234	1.68
154.7790355682373	1.4070015672045675	1.68
154.79180431365967	1.4070015672045675	1.68
154.80635595321655	1.4070015672045675	1.68
154.8262312412262	1.4070015672045675	1.68
154.83846163749695	1.4054648451362388	1.68
154.8506784439087	1.4054648451362388	1.68
154.86946821212769	1.4054648451362388	1.68
154.8875298500061	1.4029543755831662	1.68
154.90113711357117	1.4029543755831662	1.68
154.91694402694702	1.4029543755831662	1.68
154.92968916893005	1.4006163553317696	1.68
154.94309186935425	1.4006163553317696	1.68
154.95840787887573	1.4006163553317696	1.68
154.9759542942047	1.3990015943023575	1.68
154.98916840553284	1.3990015943023575	1.68
155.00271129608154	1.3990015943023575	1.68
155.01789355278015	1.3990015943023575	1.68
155.03248977661133	1.395950961189668	1.68
155.0444757938385	1.395950961189668	1.68
155.05973863601685	1.395950961189668	1.68
155.07737517356873	1.3919483425319386	1.68
155.0897982120514	1.3919483425319386	1.68
155.10837841033936	1.3919483425319386	1.68
155.12535285949707	1.3880933821870258	1.68
155.13821411132812	1.3880933821870258	1.68
155.15308380126953	1.3880933821870258	1.68
155.16974449157715	1.3880933821870258	1.68
155.18468022346497	1.384089154348198	1.68
155.19736409187317	1.384089154348198	1.68
155.21241784095764	1.384089154348198	1.68
155.22741317749023	1.3798876688761288	1.68
155.24049305915833	1.3798876688761288	1.68
155.25652432441711	1.3798876688761288	1.68
155.2739772796631	1.3761624717748164	1.68
155.28647208213806	1.3761624717748164	1.68
155.30104279518127	1.3761624717748164	1.68
155.32826972007751	1.3727207723018267	1.68
155.340478181839	1.3727207723018267	1.68
155.36063838005066	1.3727207723018267	1.68
155.37569189071655	1.3695899274481196	1.68
155.38889288902283	1.3695899274481196	1.68
155.4046437740326	1.3695899274481196	1.68
155.4217746257782	1.3672681537051028	1.68
155.43491458892822	1.3672681537051028	1.68
155.44955039024353	1.3672681537051028	1.68
155.46565699577332	1.3640669062362358	1.68
155.47976398468018	1.3640669062362358	1.68
155.49441719055176	1.3640669062362358	1.68
155.51336789131165	1.3640669062362358	1.68
155.52749133110046	1.362396802785243	1.68
155.53881311416626	1.362396802785243	1.68
155.5571517944336	1.362396802785243	1.68
155.5735387802124	1.3620695024426468	1.68
155.585453748703	1.3620695024426468	1.68
155.5991587638855	1.3620695024426468	1.68
155.61419987678528	1.3620695024426468	1.68
155.62750387191772	1.3629059969456248	1.68
155.64391326904297	1.3629059969456248	1.68
155.66134071350098	1.3629059969456248	1.68
155.67835688591003	1.3654379189555912	1.68
155.6900019645691	1.3654379189555912	1.68
155.70441699028015	1.3654379189555912	1.68
155.7237868309021	1.3654379189555912	1.68
155.73676466941833	1.3690106001420441	1.68
155.75175952911377	1.3690106001420441	1.68
155.76774764060974	1.3690106001420441	1.68
155.78069353103638	1.3733212326902626	1.68
155.7943778038025	1.3733212326902626	1.68
155.81222534179688	1.3733212326902626	1.68
155.8258204460144	1.378510418504141	1.68
155.83989810943604	1.378510418504141	1.68
155.858980178833	1.378510418504141	1.68
155.87492203712463	1.3851842374563748	1.68
155.8871729373932	1.3851842374563748	1.68
155.90245413780212	1.3851842374563748	1.68
155.91751194000244	1.3919929256815577	1.68
155.93083500862122	1.3919929256815577	1.68
155.94683361053467	1.3919929256815577	1.68
155.96375608444214	1.3919929256815577	1.68
155.97602319717407	1.4004992103334395	1.68
155.98783612251282	1.4004992103334395	1.68
156.01927256584167	1.4089245291508457	1.68
156.034029006958	1.4089245291508457	1.68
156.04757142066956	1.4089245291508457	1.68
156.06231021881104	1.4171449924713089	1.68
156.07535123825073	1.4171449924713089	1.68
156.0880572795868	1.4171449924713089	1.68
156.10735893249512	1.4171449924713089	1.68
156.12558436393738	1.4260418524447793	1.68
156.14244055747986	1.4260418524447793	1.68
156.15950727462769	1.4260418524447793	1.68
156.17629098892212	1.4260418524447793	1.68
156.19433093070984	1.4345804447205268	1.68
156.21051025390625	1.4345804447205268	1.68
156.22559881210327	1.442088327623153	1.68
156.24023175239563	1.442088327623153	1.68
156.25664830207825	1.442088327623153	1.68
156.27534341812134	1.442088327623153	1.68
156.29054760932922	1.4500840126244265	1.68
156.30586290359497	1.4500840126244265	1.68
156.32922506332397	1.4500840126244265	1.68
156.3450825214386	1.4582378567568333	1.68
156.35847282409668	1.4582378567568333	1.68
156.37399530410767	1.4582378567568333	1.68
156.38814640045166	1.4645753534308907	1.68
156.40281414985657	1.4645753534308907	1.68
156.41961789131165	1.4645753534308907	1.68
156.43671584129333	1.4706741928957736	1.68
156.44945883750916	1.4706741928957736	1.68
156.46355843544006	1.4706741928957736	1.68
156.48755979537964	1.4750318027715825	1.68
156.5011842250824	1.4750318027715825	1.68
156.51430702209473	1.4750318027715825	1.68
156.53044986724854	1.4750318027715825	1.68
156.54483270645142	1.4792034689841165	1.68
156.55803894996643	1.4792034689841165	1.68
156.57490634918213	1.4792034689841165	1.68
156.59016251564026	1.4821200215224875	1.68
156.60427045822144	1.4821200215224875	1.68
156.61877918243408	1.4821200215224875	1.68
156.63591980934143	1.482388842766512	1.68
156.65120315551758	1.482388842766512	1.68
156.66732597351074	1.482388842766512	1.68
156.68758249282837	1.4824421683304219	1.68
156.700838804245	1.4824421683304219	1.68
156.7183713912964	1.4824421683304219	1.68
156.7371277809143	1.4824421683304219	1.68
156.74948859214783	1.4818182881978785	1.68
156.7648983001709	1.4818182881978785	1.68
156.782461643219	1.4818182881978785	1.68
156.7971065044403	1.4802423636720792	1.68
156.81001830101013	1.4802423636720792	1.68
156.82502269744873	1.4802423636720792	1.68
156.83983707427979	1.4776748488184297	1.68
156.85456228256226	1.4776748488184297	1.68
156.86969590187073	1.4776748488184297	1.68
156.89333581924438	1.475038310822058	1.68
156.90451335906982	1.475038310822058	1.68
156.91648411750793	1.475038310822058	1.68
156.9345109462738	1.475038310822058	1.68
156.94838523864746	1.4719318585509868	1.68
156.96375584602356	1.4719318585509868	1.68
156.979168176651	1.4719318585509868	1.68
156.99254274368286	1.4691229983915384	1.68
157.0070595741272	1.4691229983915384	1.68
157.02367448806763	1.4691229983915384	1.68
157.0387089252472	1.466229662184642	1.68
157.05306601524353	1.466229662184642	1.68
157.06695413589478	1.466229662184642	1.68
157.08349323272705	1.4650918972681448	1.68
157.09855580329895	1.4650918972681448	1.68
157.1178274154663	1.4650918972681448	1.68
157.135600566864	1.464423978383183	1.68
157.14989352226257	1.464423978383183	1.68
157.17297315597534	1.464423978383183	1.68
157.18942260742188	1.464423978383183	1.68
157.20285272598267	1.4632920476475904	1.68
157.2154359817505	1.4632920476475904	1.68
157.2316291332245	1.4632920476475904	1.68
157.24689531326294	1.4632680497438693	1.68
157.25949883460999	1.4632680497438693	1.68
157.27730321884155	1.4632680497438693	1.68
157.29483103752136	1.463206317017656	1.68
157.3065435886383	1.463206317017656	1.68
157.31954526901245	1.463206317017656	1.68
157.33778429031372	1.463206317017656	1.68
157.3529326915741	1.4634358715629034	1.68
157.36504483222961	1.4634358715629034	1.68
157.38060474395752	1.4634358715629034	1.68
157.39860033988953	1.4634358715629034	1.68
157.41389894485474	1.46444217066853	1.68
157.42664790153503	1.46444217066853	1.68
157.44459080696106	1.46444217066853	1.68
157.45951795578003	1.4660560277574626	1.68
157.48706150054932	1.4660560277574626	1.68
157.50515294075012	1.4686501907157166	1.68
157.5173578262329	1.4686501907157166	1.68
157.53424954414368	1.4686501907157166	1.68
157.554044008255	1.470906928708327	1.68
157.56772208213806	1.470906928708327	1.68
157.5822787284851	1.470906928708327	1.68
157.59726738929749	1.471947208546771	1.68
157.61147713661194	1.471947208546771	1.68
157.62446355819702	1.471947208546771	1.68
157.64739775657654	1.471947208546771	1.68
157.66280555725098	1.4744733960211878	1.68
157.67488479614258	1.4744733960211878	1.68
157.69918704032898	1.4744733960211878	1.68
157.71457695960999	1.4767308530725696	1.68
157.72867512702942	1.4767308530725696	1.68
157.7450613975525	1.4767308530725696	1.68
157.75847625732422	1.4786767162189531	1.68
157.7714023590088	1.4786767162189531	1.68
157.78666830062866	1.4786767162189531	1.68
157.80240416526794	1.4808982530227865	1.68
157.81556367874146	1.4808982530227865	1.68
157.83060932159424	1.4808982530227865	1.68
157.84624481201172	1.4841086248267197	1.68
157.859219789505	1.4841086248267197	1.68
157.8756718635559	1.4841086248267197	1.68
157.89699864387512	1.4841086248267197	1.68
157.91023707389832	1.4871410073255387	1.68
157.92226600646973	1.4871410073255387	1.68
157.9456593990326	1.4871410073255387	1.68
157.9617555141449	1.488943418945715	1.68
157.97542881965637	1.488943418945715	1.68
157.9890079498291	1.488943418945715	1.68
158.00429487228394	1.4897986135568324	1.68
158.0174765586853	1.4897986135568324	1.68
158.03299856185913	1.4897986135568324	1.68
158.04755687713623	1.490363934911614	1.68
158.05997133255005	1.490363934911614	1.68
158.0747742652893	1.490363934911614	1.68
158.09339356422424	1.490363934911614	1.68
158.1094832420349	1.4909034699357686	1.68
158.1254744529724	1.4909034699357686	1.68
158.14547872543335	1.4909034699357686	1.68
158.16355681419373	1.4909034699357686	1.68
158.18417930603027	1.4920319375044115	1.68
158.19896721839905	1.4920319375044115	1.68
158.21429920196533	1.4920319375044115	1.68
158.23413372039795	1.4934595145985552	1.68
158.2488374710083	1.4934595145985552	1.68
158.26339054107666	1.4934595145985552	1.68
158.2792308330536	1.4934595145985552	1.68
158.29078936576843	1.4938711167328371	1.68
158.30357217788696	1.4938711167328371	1.68
158.31961035728455	1.4938711167328371	1.68
158.33840155601501	1.4937504211637005	1.68
158.3524808883667	1.4937504211637005	1.68
158.36760210990906	1.4937504211637005	1.68
158.3834457397461	1.4917095625848746	1.68
158.3958339691162	1.4917095625848746	1.68
158.42643308639526	1.4917095625848746	1.68
158.43959736824036	1.4894732567746294	1.68
158.4512574672699	1.4894732567746294	1.68
158.46970510482788	1.4894732567746294	1.68
158.48565673828125	1.4881863957435038	1.68
158.4993531703949	1.4881863957435038	1.68
158.5153443813324	1.4881863957435038	1.68
158.5299220085144	1.4869890075772783	1.68
158.54239702224731	1.4869890075772783	1.68
158.55746030807495	1.4869890075772783	1.68
158.57528495788574	1.4861491973581307	1.68
158.58856558799744	1.4861491973581307	1.68
158.60267782211304	1.4861491973581307	1.68
158.61946868896484	1.4858862339714032	1.68
158.63222551345825	1.4858862339714032	1.68
158.64481782913208	1.4858862339714032	1.68
158.66622972488403	1.4858862339714032	1.68
158.68422770500183	1.484676517740759	1.68
158.71359276771545	1.484676517740759	1.68
158.73138642311096	1.482722444214858	1.68
158.7437469959259	1.482722444214858	1.68
158.75882196426392	1.482722444214858	1.68
158.7737832069397	1.4820823661928801	1.68
158.78637099266052	1.4820823661928801	1.68
158.80147457122803	1.4820823661928801	1.68
158.81621932983398	1.4832023548292437	1.68
158.82971739768982	1.4832023548292437	1.68
158.84580945968628	1.4832023548292437	1.68
158.86721014976501	1.4861798591193867	1.68
158.881667137146	1.4861798591193867	1.68
158.89423036575317	1.4861798591193867	1.68
158.91160678863525	1.4861798591193867	1.68
158.92865800857544	1.4894555348907779	1.68
158.9488205909729	1.4894555348907779	1.68
158.96699976921082	1.4894555348907779	1.68
158.98717308044434	1.4930168565820856	1.68
159.00871896743774	1.4930168565820856	1.68
159.02591013908386	1.4930168565820856	1.68
159.04467153549194	1.4969618895544028	1.68
159.06525373458862	1.4969618895544028	1.68
159.0838532447815	1.4969618895544028	1.68
159.1024763584137	1.501919759818895	1.68
159.1234495639801	1.501919759818895	1.68
159.14012360572815	1.5076201402016702	1.68
159.15748405456543	1.5076201402016702	1.68
159.17666816711426	1.5076201402016702	1.68
159.1948413848877	1.5076201402016702	1.68
159.21153450012207	1.5127115317208137	1.68
159.22856211662292	1.5127115317208137	1.68
159.2463037967682	1.5127115317208137	1.68
159.2635533809662	1.518209776272872	1.68
159.27917790412903	1.518209776272872	1.68
159.29475045204163	1.518209776272872	1.68
159.31354451179504	1.5220507821552247	1.68
159.32958436012268	1.5220507821552247	1.68
159.3465657234192	1.5220507821552247	1.68
159.36218523979187	1.5239964029179367	1.68
159.37418413162231	1.5239964029179367	1.68
159.3899962902069	1.5239964029179367	1.68
159.40659070014954	1.5239964029179367	1.68
159.42122316360474	1.5249174279801758	1.68
159.4340784549713	1.5249174279801758	1.68
159.4493796825409	1.5249174279801758	1.68
159.4643440246582	1.5255851591568614	1.68
159.4787311553955	1.5255851591568614	1.68
159.49545001983643	1.5255851591568614	1.68
159.5139660835266	1.5247598940526448	1.68
159.52630472183228	1.5247598940526448	1.68
159.5379536151886	1.5247598940526448	1.68
159.5585970878601	1.5247598940526448	1.68
159.573903799057	1.5228106202973093	1.68
159.5864818096161	1.5228106202973093	1.68
159.60688710212708	1.5228106202973093	1.68
159.62414121627808	1.5198802237393756	1.68
159.6384780406952	1.5198802237393756	1.68
159.6533989906311	1.5198802237393756	1.68
159.6669340133667	1.516141850595328	1.68
159.68128609657288	1.516141850595328	1.68
159.69724917411804	1.516141850595328	1.68
159.71564888954163	1.516141850595328	1.68
159.7305145263672	1.5127019308301615	1.68
159.74263739585876	1.5127019308301615	1.68
159.7581491470337	1.5127019308301615	1.68
159.77453684806824	1.5127019308301615	1.68
159.78827476501465	1.5080768806696478	1.68
159.80259323120117	1.5080768806696478	1.68
159.81752514839172	1.5080768806696478	1.68
159.8344943523407	1.504755806431813	1.68
159.84728908538818	1.504755806431813	1.68
159.86240553855896	1.504755806431813	1.68
159.88855171203613	1.5021297008957302	1.68
159.90052485466003	1.5021297008957302	1.68
159.91475009918213	1.5021297008957302	1.68
159.93078327178955	1.5021297008957302	1.68
159.94546127319336	1.499328290079074	1.68
159.9581413269043	1.499328290079074	1.68
159.97346997261047	1.499328290079074	1.68
159.98800897598267	1.4968681067718839	1.68
160.0013210773468	1.4968681067718839	1.68
160.0169858932495	1.4968681067718839	1.68
160.03726744651794	1.4936311077038502	1.68
160.05053567886353	1.4936311077038502	1.68
160.062739610672	1.4936311077038502	1.68
160.0877013206482	1.4936311077038502	1.68
160.10280084609985	1.4920825641419329	1.68
160.11730861663818	1.4920825641419329	1.68
160.1340138912201	1.4920825641419329	1.68
160.14677143096924	1.4907262873406155	1.68
160.15970468521118	1.4907262873406155	1.68
160.1780924797058	1.4907262873406155	1.68
160.20041131973267	1.4894802240699545	1.68
160.21305990219116	1.4894802240699545	1.68
160.22668409347534	1.4894802240699545	1.68
160.24529361724854	1.4894802240699545	1.68
160.26031923294067	1.4894569982307253	1.68
160.27317237854004	1.4894569982307253	1.68
160.2882730960846	1.4894569982307253	1.68
160.30298328399658	1.4908159055340962	1.68
160.31565523147583	1.4908159055340962	1.68
160.329824924469	1.4908159055340962	1.68
160.3446183204651	1.4908159055340962	1.68
160.35744619369507	1.492984463286583	1.68
160.37256979942322	1.492984463286583	1.68
160.38852190971375	1.492984463286583	1.68
160.4060502052307	1.49722623482466	1.68
160.41867589950562	1.49722623482466	1.68
160.4344506263733	1.49722623482466	1.68
160.45923280715942	1.5012650566290417	1.68
160.47196578979492	1.5012650566290417	1.68
160.48562860488892	1.5012650566290417	1.68
160.50045537948608	1.5012650566290417	1.68
160.5163857936859	1.5055504132015831	1.68
160.5295684337616	1.5055504132015831	1.68
160.54582262039185	1.5055504132015831	1.68
160.56360268592834	1.512299437647377	1.68
160.57630705833435	1.512299437647377	1.68
160.59047627449036	1.512299437647377	1.68
160.60953402519226	1.512299437647377	1.68
160.6244456768036	1.5198136593490736	1.68
160.63697385787964	1.5198136593490736	1.68
160.6543209552765	1.5198136593490736	1.68
160.6693892478943	1.5278657350748923	1.68
160.68438982963562	1.5278657350748923	1.68
160.69845247268677	1.5278657350748923	1.68
160.715726852417	1.5361166987913728	1.68
160.7286832332611	1.5361166987913728	1.68
160.74224877357483	1.5361166987913728	1.68
160.7580201625824	1.5361166987913728	1.68
160.77339363098145	1.544939037802362	1.68
160.78767609596252	1.544939037802362	1.68
160.80969429016113	1.544939037802362	1.68
160.8226888179779	1.55324735598418	1.68
160.83472180366516	1.55324735598418	1.68
160.857816696167	1.55324735598418	1.68
160.873681306839	1.5621560471290468	1.68
160.88734793663025	1.5621560471290468	1.68
160.90272688865662	1.5621560471290468	1.68
160.91789269447327	1.5689110844661371	1.68
160.9335858821869	1.5689110844661371	1.68
160.949072599411	1.5689110844661371	1.68
160.9685833454132	1.5759905853684608	1.68
160.98137950897217	1.5759905853684608	1.68
160.993008852005	1.5759905853684608	1.68
161.01425337791443	1.5759905853684608	1.68
161.0290083885193	1.5833594114501914	1.68
161.0422396659851	1.5833594114501914	1.68
161.05820202827454	1.5833594114501914	1.68
161.07341814041138	1.590472579398948	1.68
161.08815693855286	1.590472579398948	1.68
161.10414934158325	1.590472579398948	1.68
161.12036204338074	1.595920748677945	1.68
161.1361062526703	1.595920748677945	1.68
161.15347814559937	1.595920748677945	1.68
161.1754026412964	1.6004773964588703	1.68
161.19269800186157	1.6004773964588703	1.68
161.21510291099548	1.6028489608322771	1.68
161.2385082244873	1.6028489608322771	1.68
161.2563853263855	1.6028489608322771	1.68
161.27459406852722	1.602864430234942	1.68
161.2937912940979	1.602864430234942	1.68
161.31137919425964	1.6036885735915853	1.68
161.32761335372925	1.6036885735915853	1.68
161.34425497055054	1.6036885735915853	1.68
161.3605260848999	1.603952722565652	1.68
161.37891507148743	1.603952722565652	1.68
161.39659357070923	1.603952722565652	1.68
161.41800951957703	1.603952722565652	1.68
161.43555617332458	1.6033139720939924	1.68
161.45552897453308	1.6033139720939924	1.68
161.473548412323	1.602964957361938	1.68
161.48962712287903	1.602964957361938	1.68
161.50576281547546	1.602964957361938	1.68
161.52103281021118	1.6009730547323648	1.68
161.5356993675232	1.6009730547323648	1.68
161.54997897148132	1.6009730547323648	1.68
161.57351684570312	1.6009730547323648	1.68
161.58917427062988	1.598917389364841	1.68
161.60176753997803	1.598917389364841	1.68
161.62243247032166	1.598917389364841	1.68
161.64314937591553	1.59587218589669	1.68
161.6576066017151	1.59587218589669	1.68
161.6732144355774	1.59587218589669	1.68
161.68806886672974	1.5934016730761773	1.68
161.7030074596405	1.5934016730761773	1.68
161.71876192092896	1.5934016730761773	1.68
161.73990321159363	1.5920730083490506	1.68
161.75165462493896	1.5920730083490506	1.68
161.76586246490479	1.5920730083490506	1.68
161.78722310066223	1.5920730083490506	1.68
161.80233144760132	1.5924709505818095	1.68
161.8156933784485	1.5924709505818095	1.68
161.83257675170898	1.5924709505818095	1.68
161.84710931777954	1.5924691917460507	1.68
161.85955381393433	1.5924691917460507	1.68
161.8754026889801	1.5924691917460507	1.68
161.88958764076233	1.5928249565650876	1.68
161.90382313728333	1.5928249565650876	1.68
161.9203004837036	1.5928249565650876	1.68
161.93534445762634	1.5941009419840302	1.68
161.94845342636108	1.5941009419840302	1.68
161.96306562423706	1.5941009419840302	1.68
161.977680683136	1.5959767278078965	1.68
161.99060916900635	1.5959767278078965	1.68
162.0052788257599	1.5959767278078965	1.68
162.0261516571045	1.5959767278078965	1.68
162.03939294815063	1.5982798453813798	1.68
162.05160784721375	1.5982798453813798	1.68
162.07052612304688	1.5982798453813798	1.68
162.0875186920166	1.5999416813481155	1.68
162.10132098197937	1.5999416813481155	1.68
162.11613392829895	1.5999416813481155	1.68
162.13175010681152	1.6030430269385754	1.68
162.1485366821289	1.6030430269385754	1.68
162.16498589515686	1.6030430269385754	1.68
162.18766736984253	1.6055348625862134	1.68
162.20017457008362	1.6055348625862134	1.68
162.21520352363586	1.6055348625862134	1.68
162.2342791557312	1.6055348625862134	1.68
162.25216484069824	1.6091266983876067	1.68
162.26957511901855	1.6091266983876067	1.68
162.28532361984253	1.6114877086688146	1.68
162.3008952140808	1.6114877086688146	1.68
162.31630396842957	1.6114877086688146	1.68
162.33461833000183	1.614078910994045	1.68
162.3488690853119	1.614078910994045	1.68
162.36109519004822	1.614078910994045	1.68
162.37706017494202	1.614078910994045	1.68
162.39605355262756	1.6162065712741593	1.68
162.40890550613403	1.6162065712741593	1.68
162.4228630065918	1.6162065712741593	1.68
162.43886613845825	1.6162065712741593	1.68
162.45224380493164	1.6182728061439984	1.68
162.46738386154175	1.6182728061439984	1.68
162.48592400550842	1.6182728061439984	1.68
162.5021677017212	1.6189185602139413	1.68
162.51626467704773	1.6189185602139413	1.68
162.5314736366272	1.6189185602139413	1.68
162.5457284450531	1.6204857194398197	1.68
162.55842971801758	1.6204857194398197	1.68
162.5736117362976	1.6204857194398197	1.68
162.58916664123535	1.6225607217696048	1.68
162.6028664112091	1.6225607217696048	1.68
162.6174156665802	1.6225607217696048	1.68
162.63870549201965	1.6225607217696048	1.68
162.651038646698	1.6237661197710334	1.68
162.66348528862	1.6237661197710334	1.68
162.6847677230835	1.6237661197710334	1.68
162.7031102180481	1.625115523556079	1.68
162.716228723526	1.625115523556079	1.68
162.7297351360321	1.625115523556079	1.68
162.7467987537384	1.625115523556079	1.68
162.76304411888123	1.6263852948975426	1.68
162.77725505828857	1.6263852948975426	1.68
162.79696226119995	1.6263852948975426	1.68
162.8093581199646	1.6276093701143413	1.68
162.82139229774475	1.6276093701143413	1.68
162.84094166755676	1.6276093701143413	1.68
162.8555886745453	1.6285393569783	1.68
162.8700590133667	1.6285393569783	1.68
162.88410878181458	1.6285393569783	1.68
162.90035462379456	1.629035188077496	1.68
162.91504168510437	1.629035188077496	1.68
162.92772603034973	1.629035188077496	1.68
162.94922280311584	1.629035188077496	1.68
162.96536946296692	1.6296781263014342	1.68
162.9785192012787	1.6296781263014342	1.68
162.99656915664673	1.6296781263014342	1.68
163.01271510124207	1.6305962792773319	1.68
163.02737665176392	1.6305962792773319	1.68
163.04336881637573	1.6305962792773319	1.68
163.05706644058228	1.6314033292640697	1.68
163.07036995887756	1.6314033292640697	1.68
163.08575010299683	1.6314033292640697	1.68
163.1040940284729	1.631258711171359	1.68
163.11952376365662	1.631258711171359	1.68
163.13362288475037	1.631258711171359	1.68
163.15385031700134	1.631258711171359	1.68
163.16904258728027	1.6316159082006325	1.68
163.1825566291809	1.6316159082006325	1.68
163.19929218292236	1.6316159082006325	1.68
163.21371006965637	1.6331509310953654	1.68
163.22608852386475	1.6331509310953654	1.68
163.24378395080566	1.6331509310953654	1.68
163.2600655555725	1.6346377162750059	1.68
163.2737786769867	1.6346377162750059	1.68
163.28751611709595	1.6346377162750059	1.68
163.30293226242065	1.6351915790549025	1.68
163.3151729106903	1.6351915790549025	1.68
163.3285529613495	1.6351915790549025	1.68
163.34468865394592	1.6351915790549025	1.68
163.35954642295837	1.635610909385233	1.68
163.37462544441223	1.635610909385233	1.68
163.3983781337738	1.635610909385233	1.68
163.41344332695007	1.6364493837054745	1.68
163.4263994693756	1.6364493837054745	1.68
163.44627737998962	1.6364493837054745	1.68
163.4618799686432	1.6368897860378362	1.68
163.4763252735138	1.6368897860378362	1.68
163.49217009544373	1.6368897860378362	1.68
163.50796008110046	1.63753115658849	1.68
163.52239298820496	1.63753115658849	1.68
163.53856325149536	1.63753115658849	1.68
163.55435466766357	1.6380224101844791	1.68
163.56756567955017	1.6380224101844791	1.68
163.58332681655884	1.6380224101844791	1.68
163.5999767780304	1.6406608656563442	1.68
163.61499190330505	1.6406608656563442	1.68
163.63111805915833	1.6406608656563442	1.68
163.647709608078	1.6406608656563442	1.68
163.66051030158997	1.6442375014040587	1.68
163.67252016067505	1.6442375014040587	1.68
163.69500756263733	1.6442375014040587	1.68
163.70843696594238	1.646735632849536	1.68
163.72242093086243	1.646735632849536	1.68
163.73627734184265	1.646735632849536	1.68
163.75281715393066	1.649445765042777	1.68
163.76680636405945	1.649445765042777	1.68
163.7821764945984	1.649445765042777	1.68
163.79894351959229	1.649445765042777	1.68
163.8136465549469	1.6528786290160902	1.68
163.8250596523285	1.6528786290160902	1.68
163.8505220413208	1.6528786290160902	1.68
163.86493754386902	1.65673311199618	1.68
163.8780119419098	1.65673311199618	1.68
163.8948917388916	1.65673311199618	1.68
163.9085750579834	1.6606105249998824	1.68
163.92151308059692	1.6606105249998824	1.68
163.936452627182	1.6606105249998824	1.68
163.95624923706055	1.665415736454896	1.68
163.96884560585022	1.665415736454896	1.68
163.98285269737244	1.665415736454896	1.68
164.00013327598572	1.665415736454896	1.68
164.0191788673401	1.6703022900442008	1.68
164.033207654953	1.6703022900442008	1.68
164.04930758476257	1.6703022900442008	1.68
164.07266998291016	1.6752801071200305	1.68
164.0969934463501	1.6752801071200305	1.68
164.11376357078552	1.6752801071200305	1.68
164.1336030960083	1.6796462433220216	1.68
164.17443943023682	1.6796462433220216	1.68
164.1908450126648	1.6834346508132723	1.68
164.20886063575745	1.6834346508132723	1.68
164.2307209968567	1.6834346508132723	1.68
164.25011825561523	1.6834346508132723	1.68
164.26530051231384	1.687700907956129	1.68
164.28697037696838	1.687700907956129	1.68
164.30496549606323	1.687700907956129	1.68
164.33841276168823	1.687700907956129	1.68
164.3566861152649	1.6914441242039373	1.68
164.37900686264038	1.6914441242039373	1.68
164.4036591053009	1.6914441242039373	1.68
164.42216300964355	1.6965442426249902	1.68
164.43609499931335	1.6965442426249902	1.68
164.4575228691101	1.6965442426249902	1.68
164.4755859375	1.7014395463512493	1.68
164.48874020576477	1.7014395463512493	1.68
164.50435042381287	1.7014395463512493	1.68
164.51971340179443	1.7049155258680369	1.68
164.53429341316223	1.7049155258680369	1.68
164.54939556121826	1.7049155258680369	1.68
164.56999373435974	1.7049155258680369	1.68
164.58259296417236	1.7079081768890236	1.68
164.59441995620728	1.7079081768890236	1.68
164.61221265792847	1.7079081768890236	1.68
164.62782263755798	1.7098107811870957	1.68
164.64173102378845	1.7098107811870957	1.68
164.6578712463379	1.7098107811870957	1.68
164.67136645317078	1.7113678557521328	1.68
164.68561482429504	1.7113678557521328	1.68
164.70165038108826	1.7113678557521328	1.68
164.72050285339355	1.7118909477120048	1.68
164.73475909233093	1.7118909477120048	1.68
164.74837684631348	1.7118909477120048	1.68
164.76815366744995	1.7118909477120048	1.68
164.78528761863708	1.7111835602419894	1.68
164.79831218719482	1.7111835602419894	1.68
164.81517934799194	1.7111835602419894	1.68
164.82910251617432	1.7106917322674569	1.68
164.84360337257385	1.7106917322674569	1.68
164.85769963264465	1.7106917322674569	1.68
164.87364053726196	1.709998494893226	1.68
164.88606762886047	1.709998494893226	1.68
164.90411019325256	1.709998494893226	1.68
164.9205458164215	1.709998494893226	1.68
164.9374475479126	1.708318901317807	1.68
164.94913601875305	1.708318901317807	1.68
164.96479320526123	1.708318901317807	1.68
164.98311829566956	1.707456267389236	1.68
164.99606657028198	1.707456267389236	1.68
165.0150282382965	1.707456267389236	1.68
165.02880859375	1.7078255999704701	1.68
165.04046082496643	1.7078255999704701	1.68
165.0606815814972	1.7078255999704701	1.68
165.07806038856506	1.7078213011899819	1.68
165.09029746055603	1.7078213011899819	1.68
165.1043245792389	1.7078213011899819	1.68
165.1197497844696	1.7078213011899819	1.68
165.13521313667297	1.7085928547952953	1.68
165.15180015563965	1.7085928547952953	1.68
165.17453455924988	1.7085928547952953	1.68
165.1910638809204	1.709718485047396	1.68
165.20778131484985	1.709718485047396	1.68
165.22558069229126	1.709718485047396	1.68
165.24200868606567	1.7111739999769384	1.68
165.25867986679077	1.7111739999769384	1.68
165.27486205101013	1.7111739999769384	1.68
165.29041862487793	1.7140062324812764	1.68
165.30610918998718	1.7140062324812764	1.68
165.33045196533203	1.7140062324812764	1.68
165.34643650054932	1.7165098064185416	1.68
165.3591377735138	1.7165098064185416	1.68
165.3785843849182	1.7165098064185416	1.68
165.39409351348877	1.7204603675584464	1.68
165.40830159187317	1.7204603675584464	1.68
165.42550945281982	1.7204603675584464	1.68
165.43941068649292	1.7236033638284762	1.68
165.45499181747437	1.7236033638284762	1.68
165.4717242717743	1.7236033638284762	1.68
165.48712801933289	1.7264202745427617	1.68
165.5000867843628	1.7264202745427617	1.68
165.5141887664795	1.7264202745427617	1.68
165.53020215034485	1.727957360835082	1.68
165.54302597045898	1.727957360835082	1.68
165.55590724945068	1.727957360835082	1.68
165.57415342330933	1.727957360835082	1.68
165.588196516037	1.7286829104967203	1.68
165.60055947303772	1.7286829104967203	1.68
165.6204571723938	1.7286829104967203	1.68
165.6386547088623	1.7297086086130455	1.68
165.650461435318	1.7297086086130455	1.68
165.6661252975464	1.7297086086130455	1.68
165.68415331840515	1.7297086086130455	1.68
165.69768834114075	1.7301325338797817	1.68
165.71065187454224	1.7301325338797817	1.68
165.72607421875	1.7301325338797817	1.68
165.74090194702148	1.7304235427352377	1.68
165.7541298866272	1.7304235427352377	1.68
165.77055644989014	1.7304235427352377	1.68
165.78795957565308	1.730306640160201	1.68
165.8006989955902	1.730306640160201	1.68
165.81337141990662	1.730306640160201	1.68
165.83959984779358	1.729325501716265	1.68
165.85411095619202	1.729325501716265	1.68
165.8689250946045	1.729325501716265	1.68
165.8837502002716	1.726343933091369	1.68
165.89686942100525	1.726343933091369	1.68
165.9103147983551	1.726343933091369	1.68
165.92701411247253	1.726343933091369	1.68
165.9427514076233	1.7234924425589206	1.68
165.95439195632935	1.7234924425589206	1.68
165.96995401382446	1.7234924425589206	1.68
165.98695755004883	1.7212771232311894	1.68
165.99921798706055	1.7212771232311894	1.68
166.02068209648132	1.7212771232311894	1.68
166.03634405136108	1.7204902309595265	1.68
166.04868984222412	1.7204902309595265	1.68
166.0681664943695	1.7204902309595265	1.68
166.08434176445007	1.7207834922734981	1.68
166.09844422340393	1.7207834922734981	1.68
166.11297750473022	1.7207834922734981	1.68
166.1290762424469	1.7197652888417938	1.68
166.14709663391113	1.7197652888417938	1.68
166.16444444656372	1.7197652888417938	1.68
166.18640565872192	1.7195849860589352	1.68
166.19894790649414	1.7195849860589352	1.68
166.21487188339233	1.7195849860589352	1.68
166.23441910743713	1.719758517895857	1.68
166.2477240562439	1.719758517895857	1.68
166.26317620277405	1.719758517895857	1.68
166.27874088287354	1.719758517895857	1.68
166.29065799713135	1.7204478435967292	1.68
166.3127167224884	1.7204478435967292	1.68
166.32924056053162	1.7211677419220883	1.68
166.34212183952332	1.7211677419220883	1.68
166.3544750213623	1.7211677419220883	1.68
166.3693447113037	1.7211677419220883	1.68
166.38506531715393	1.7241291743362577	1.68
166.39801144599915	1.7241291743362577	1.68
166.41302180290222	1.7241291743362577	1.68
166.42850637435913	1.7275580618978528	1.68
166.4434916973114	1.7275580618978528	1.68
166.4596769809723	1.7275580618978528	1.68
166.47829151153564	1.7295577052673956	1.68
166.49020624160767	1.7295577052673956	1.68
166.50297093391418	1.7295577052673956	1.68
166.52268719673157	1.7295577052673956	1.68
166.5367386341095	1.7313306972996325	1.68
166.54931950569153	1.7313306972996325	1.68
166.56440663337708	1.7313306972996325	1.68
166.57987570762634	1.7347899606688195	1.68
166.59375262260437	1.7347899606688195	1.68
166.6087543964386	1.7347899606688195	1.68
166.63164925575256	nan	1.68
166.6445074081421	nan	1.68
166.6562521457672	nan	1.68
166.67676210403442	nan	1.68
166.6916012763977	nan	1.68
166.70361709594727	nan	1.68
166.71838402748108	nan	1.68
166.73363327980042	nan	1.68
166.7470245361328	nan	1.68
166.76310062408447	nan	1.68
166.77982091903687	nan	1.68
166.79284977912903	nan	1.68
166.8060281276703	nan	1.68
166.82137846946716	nan	1.68
166.83602738380432	nan	1.68
166.85079717636108	nan	1.68
166.8685269355774	nan	1.68
166.88253235816956	nan	1.68
166.89386796951294	nan	1.68
166.9092390537262	nan	1.68
166.92672181129456	nan	1.68
166.94172859191895	nan	1.68
166.95591759681702	nan	1.68
166.97069787979126	nan	1.68
166.98373007774353	nan	1.68
166.9973156452179	nan	1.68
167.0139491558075	nan	1.68
167.030864238739	nan	1.68
167.04361248016357	nan	1.68
167.05932760238647	nan	1.68
167.07568168640137	nan	1.68
167.08837985992432	nan	1.68
167.10586142539978	nan	1.68
167.12293362617493	nan	1.68
167.13726711273193	nan	1.68
167.1539285182953	nan	1.68
167.17115879058838	nan	1.68
167.18373250961304	nan	1.68
167.19674921035767	nan	1.68
167.21617317199707	nan	1.68
167.2297055721283	nan	1.68
167.24357223510742	nan	1.68
167.2604899406433	nan	1.68
167.27614521980286	nan	1.68
167.2890269756317	nan	1.68
167.30868244171143	nan	1.68
167.32503461837769	nan	1.68
167.3369345664978	nan	1.68
167.34980082511902	nan	1.68
167.36981225013733	nan	1.68
167.3860158920288	nan	1.68
167.39928817749023	nan	1.68
167.41420435905457	nan	1.68
167.42926716804504	nan	1.68
167.44493460655212	nan	1.68
167.46028780937195	nan	1.68
167.47910809516907	nan	1.68
167.4928276538849	nan	1.68
167.50603818893433	nan	1.68
167.52473068237305	nan	1.68
167.53898239135742	nan	1.68
167.55448532104492	nan	1.68
167.57062530517578	nan	1.68
167.5837790966034	nan	1.68
167.5959918498993	nan	1.68
167.61381816864014	nan	1.68
167.63467144966125	nan	1.68
167.6475944519043	nan	1.68
167.6620798110962	nan	1.68
167.68063640594482	nan	1.68
167.69327807426453	nan	1.68
167.72324919700623	nan	1.68
167.7369430065155	nan	1.68
167.74903750419617	nan	1.68
167.7803647518158	nan	1.68
167.79494547843933	nan	1.68
167.81051349639893	nan	1.68
167.82456278800964	nan	1.68
167.83963990211487	nan	1.68
167.85620188713074	nan	1.68
167.87031650543213	nan	1.68
167.885267496109	nan	1.68
167.90142273902893	nan	1.68
167.91794323921204	nan	1.68
167.93118166923523	nan	1.68
167.94544458389282	nan	1.68
167.96114945411682	nan	1.68
167.9743251800537	nan	1.68
167.98911499977112	nan	1.68
168.01122546195984	nan	1.68
168.02501559257507	nan	1.68
168.03860569000244	nan	1.68
168.0577347278595	nan	1.68
168.07247686386108	nan	1.68
168.087788105011	nan	1.68
168.10461330413818	nan	1.68
168.11749863624573	nan	1.68
168.1372730731964	nan	1.68
168.1588740348816	nan	1.68
168.178053855896	nan	1.68
168.19253253936768	nan	1.68
168.2136573791504	nan	1.68
168.2302906513214	nan	1.68
168.24745106697083	nan	1.68
168.26488304138184	nan	1.68
168.28032422065735	nan	1.68
168.297513961792	nan	1.68
168.3203239440918	nan	1.68
168.33666491508484	nan	1.68
168.34945154190063	nan	1.68
168.37103605270386	nan	1.68
168.38769221305847	nan	1.68
168.40224719047546	nan	1.68
168.41885781288147	nan	1.68
168.43274307250977	nan	1.68
168.44613647460938	nan	1.68
168.46386814117432	nan	1.68
168.48172974586487	nan	1.68
168.49589323997498	nan	1.68
168.50987100601196	nan	1.68
168.52868795394897	nan	1.68
168.5426788330078	nan	1.68
168.56880688667297	nan	1.68
168.58192133903503	nan	1.68
168.59431648254395	nan	1.68
168.62151527404785	nan	1.68
168.63555455207825	nan	1.68
168.64778542518616	nan	1.68
168.66859769821167	nan	1.68
168.6853997707367	nan	1.68
168.69844031333923	nan	1.68
168.71402788162231	nan	1.68
168.7300305366516	nan	1.68
168.74553680419922	nan	1.68
168.76394653320312	nan	1.68
168.7809624671936	nan	1.68
168.79276990890503	nan	1.68
168.80554819107056	nan	1.68
168.82765674591064	nan	1.68
168.84286522865295	nan	1.68
168.855530500412	nan	1.68
168.8711359500885	nan	1.68
168.8863868713379	nan	1.68
168.90166854858398	nan	1.68
168.91750025749207	nan	1.68
168.93665742874146	nan	1.68
168.9485092163086	nan	1.68
168.96394729614258	nan	1.68
168.9850046634674	nan	1.68
168.99963879585266	nan	1.68
169.01688504219055	nan	1.68
169.0324890613556	nan	1.68
169.04472541809082	nan	1.68
169.05949759483337	nan	1.68
169.07607054710388	nan	1.68
169.0898973941803	nan	1.68
169.10321617126465	nan	1.68
169.1197681427002	nan	1.68
169.1342704296112	nan	1.68
169.1502981185913	nan	1.68
169.17006731033325	nan	1.68
169.1854088306427	nan	1.68
169.197279214859	nan	1.68
169.22648215293884	nan	1.68
169.24064898490906	nan	1.68
169.25357961654663	nan	1.68
169.27017259597778	nan	1.68
169.28418374061584	nan	1.68
169.2984824180603	nan	1.68
169.31568503379822	nan	1.68
169.3306188583374	nan	1.68
169.34390139579773	nan	1.68
169.3588194847107	nan	1.68
169.3758840560913	nan	1.68
169.38867020606995	nan	1.68
169.4037537574768	nan	1.68
169.41976809501648	nan	1.68
169.43385529518127	nan	1.68
169.4505956172943	nan	1.68
169.4672086238861	1.7112142781406163	1.68
169.47953033447266	1.7112142781406163	1.68
169.4915874004364	1.7112142781406163	1.68
169.51192355155945	1.7112142781406163	1.68
169.52746772766113	1.7143467915385528	1.68
169.5419533252716	1.7143467915385528	1.68
169.55690836906433	1.7143467915385528	1.68
169.57163000106812	1.7164101851349458	1.68
169.58410024642944	1.7164101851349458	1.68
169.5990059375763	1.7164101851349458	1.68
169.6196506023407	1.7164101851349458	1.68
169.6350646018982	1.7166019099973042	1.68
169.64668917655945	1.7166019099973042	1.68
169.66452622413635	1.7166019099973042	1.68
169.68062448501587	1.7156609613541107	1.68
169.69579529762268	1.7156609613541107	1.68
169.71075248718262	1.7156609613541107	1.68
169.72496604919434	1.7137908126089516	1.68
169.73817610740662	1.7137908126089516	1.68
169.75476837158203	1.7137908126089516	1.68
169.7704210281372	1.7109403141763497	1.68
169.78342723846436	1.7109403141763497	1.68
169.79600620269775	1.7109403141763497	1.68
169.81212401390076	1.7072927289869657	1.68
169.82440900802612	1.7072927289869657	1.68
169.8377845287323	1.7072927289869657	1.68
169.86471915245056	1.7072927289869657	1.68
169.87758255004883	1.7047076799600531	1.68
169.89061617851257	1.7047076799600531	1.68
169.9108157157898	1.7047076799600531	1.68
169.92546463012695	1.7014597285355808	1.68
169.93884944915771	1.7014597285355808	1.68
169.9550964832306	1.7014597285355808	1.68
169.9679410457611	1.6972662991407685	1.68
169.98093700408936	1.6972662991407685	1.68
169.9969449043274	1.6972662991407685	1.68
170.0138294696808	1.6942898165043239	1.68
170.02686595916748	1.6942898165043239	1.68
170.04063892364502	1.6942898165043239	1.68
170.05757212638855	1.691851323376713	1.68
170.07084369659424	1.691851323376713	1.68
170.08422803878784	1.691851323376713	1.68
170.10544848442078	1.691851323376713	1.68
170.11868357658386	1.6896316215344378	1.68
170.13058018684387	1.6896316215344378	1.68
170.15357756614685	1.6896316215344378	1.68
170.16968202590942	1.6881734164062325	1.68
170.18403720855713	1.6881734164062325	1.68
170.20320296287537	1.6881734164062325	1.68
170.21736788749695	1.687348526575724	1.68
170.22997736930847	1.687348526575724	1.68
170.24490475654602	1.687348526575724	1.68
170.2596263885498	1.6870086764353875	1.68
170.27506399154663	1.6870086764353875	1.68
170.28934025764465	1.6870086764353875	1.68
170.31373023986816	1.6872294651071642	1.68
170.32654213905334	1.6872294651071642	1.68
170.3389835357666	1.6872294651071642	1.68
170.3690025806427	1.6878524862796733	1.68
170.3823366165161	1.6878524862796733	1.68
170.3968949317932	1.6878524862796733	1.68
170.41107153892517	1.6895671367587675	1.68
170.42476606369019	1.6895671367587675	1.68
170.43954849243164	1.6895671367587675	1.68
170.4561378955841	1.6895671367587675	1.68
170.47207498550415	1.6927284680351609	1.68
170.48746609687805	1.6927284680351609	1.68
170.50633096694946	1.6927284680351609	1.68
170.52171301841736	1.6969087414826436	1.68
170.53622484207153	1.6969087414826436	1.68
170.55301070213318	1.6969087414826436	1.68
170.5677936077118	1.700264451953073	1.68
170.5796458721161	1.700264451953073	1.68
170.5991234779358	1.700264451953073	1.68
170.61536502838135	1.7036756103779815	1.68
170.6289279460907	1.7036756103779815	1.68
170.64406061172485	1.7036756103779815	1.68
170.6603524684906	1.7069448311479263	1.68
170.67347931861877	1.7069448311479263	1.68
170.68747854232788	1.7069448311479263	1.68
170.71036791801453	1.7069448311479263	1.68
170.7238109111786	1.709825439727015	1.68
170.73551964759827	1.709825439727015	1.68
170.75545597076416	1.709825439727015	1.68
170.77398228645325	1.7130940466731595	1.68
170.78618574142456	1.7130940466731595	1.68
170.8016791343689	1.7130940466731595	1.68
170.81692004203796	1.715811483436165	1.68
170.83152890205383	1.715811483436165	1.68
170.84740281105042	1.715811483436165	1.68
170.86738538742065	1.7185755478074227	1.68
170.88013696670532	1.7185755478074227	1.68
170.89350938796997	1.7185755478074227	1.68
170.9171440601349	1.7185755478074227	1.68
170.93040490150452	1.7193561542480325	1.68
170.94180154800415	1.7193561542480325	1.68
170.96142721176147	1.7193561542480325	1.68
170.97899723052979	1.718445486288087	1.68
170.99302768707275	1.718445486288087	1.68
171.00782132148743	1.718445486288087	1.68
171.02260518074036	1.7172738331133832	1.68
171.0370454788208	1.7172738331133832	1.68
171.052405834198	1.7172738331133832	1.68
171.07208919525146	1.7163642789339786	1.68
171.08684873580933	1.7163642789339786	1.68
171.10007286071777	1.7163642789339786	1.68
171.12537336349487	1.7163642789339786	1.68
171.14151740074158	1.7141390883201608	1.68
171.15935564041138	1.7141390883201608	1.68
171.17633366584778	1.7120795529628423	1.68
171.1932191848755	1.7120795529628423	1.68
171.212327003479	1.7120795529628423	1.68
171.22968792915344	1.7120795529628423	1.68
171.24645233154297	1.7101279865185852	1.68
171.26231932640076	1.7101279865185852	1.68
171.28712010383606	1.7101279865185852	1.68
171.3039951324463	1.7082335064158898	1.68
171.3207745552063	1.7082335064158898	1.68
171.33761858940125	1.7058284713473963	1.68
171.3519687652588	1.7058284713473963	1.68
171.36959171295166	1.7058284713473963	1.68
171.3894329071045	1.7058284713473963	1.68
171.40505862236023	1.7024966016290868	1.68
171.4172580242157	1.7024966016290868	1.68
171.4340946674347	1.7024966016290868	1.68
171.4530062675476	1.7011993185198584	1.68
171.46595573425293	1.7011993185198584	1.68
171.48101997375488	1.7011993185198584	1.68
171.49666810035706	1.7006152543841893	1.68
171.50891375541687	1.7006152543841893	1.68
171.52281546592712	1.7006152543841893	1.68
171.54017329216003	1.7006152543841893	1.68
171.55798363685608	1.6984872512372422	1.68
171.5704860687256	1.6984872512372422	1.68
171.5859136581421	1.6984872512372422	1.68
171.60498762130737	1.696534021775486	1.68
171.6171157360077	1.696534021775486	1.68
171.6389298439026	1.696534021775486	1.68
171.65480518341064	1.696210628324393	1.68
171.66701102256775	1.696210628324393	1.68
171.68469524383545	1.696210628324393	1.68
171.7003037929535	1.696210628324393	1.68
171.7138466835022	1.6961127758105061	1.68
171.72815775871277	1.6961127758105061	1.68
171.74437189102173	1.6961127758105061	1.68
171.7586808204651	1.6965766041576025	1.68
171.7728967666626	1.6965766041576025	1.68
171.78732061386108	1.6965766041576025	1.68
171.80353426933289	1.697491814523456	1.68
171.81581902503967	1.697491814523456	1.68
171.83033394813538	1.697491814523456	1.68
171.85294198989868	1.697491814523456	1.68
171.86600875854492	1.6985594907030603	1.68
171.87859320640564	1.6985594907030603	1.68
171.89526176452637	1.6985594907030603	1.68
171.91190338134766	1.6994958930300654	1.68
171.93154454231262	1.6994958930300654	1.68
171.94792008399963	1.6994958930300654	1.68
171.96197700500488	1.700269856461885	1.68
171.97449827194214	1.700269856461885	1.68
171.98990416526794	1.700269856461885	1.68
172.0087890625	1.700269856461885	1.68
172.0227973461151	1.7011997702494053	1.68
172.03538966178894	1.7011997702494053	1.68
172.05868196487427	1.7011997702494053	1.68
172.07394886016846	1.7014296429406428	1.68
172.08869075775146	1.7014296429406428	1.68
172.1046679019928	1.7014296429406428	1.68
172.11901903152466	1.703221330838732	1.68
172.13422632217407	1.703221330838732	1.68
172.1515612602234	1.703221330838732	1.68
172.17081236839294	1.7049983665405475	1.68
172.18347001075745	1.7049983665405475	1.68
172.1995747089386	1.7049983665405475	1.68
172.2157952785492	1.7049983665405475	1.68
172.22918224334717	1.7058414395463006	1.68
172.2424454689026	1.7058414395463006	1.68
172.2587583065033	1.7058414395463006	1.68
172.27217078208923	1.7067063048598279	1.68
172.2859399318695	1.7067063048598279	1.68
172.30201077461243	1.7067063048598279	1.68
172.31807136535645	1.7069236798598275	1.68
172.33078622817993	1.7069236798598275	1.68
172.34589266777039	1.7069236798598275	1.68
172.3614799976349	1.7070676345381905	1.68
172.374253988266	1.7070676345381905	1.68
172.38806462287903	1.7070676345381905	1.68
172.40432476997375	1.7068829175032652	1.68
172.41740083694458	1.7068829175032652	1.68
172.43083119392395	1.7068829175032652	1.68
172.45976328849792	1.7059870106101944	1.68
172.47192907333374	1.7059870106101944	1.68
172.48430585861206	1.7059870106101944	1.68
172.5068461894989	1.7059870106101944	1.68
172.52360033988953	1.7055312193071028	1.68
172.53683018684387	1.7055312193071028	1.68
172.55260396003723	1.7055312193071028	1.68
172.56853318214417	1.7061220261933303	1.68
172.58381009101868	1.7061220261933303	1.68
172.60951614379883	1.7061220261933303	1.68
172.62422895431519	1.7055218875910156	1.68
172.6363809108734	1.7055218875910156	1.68
172.65709233283997	1.7055218875910156	1.68
172.6747374534607	1.7028076805488848	1.68
172.68944931030273	1.7028076805488848	1.68
172.71310782432556	1.7028076805488848	1.68
172.7277467250824	1.7000407606062882	1.68
172.74081921577454	1.7000407606062882	1.68
172.75586938858032	1.7000407606062882	1.68
172.77590990066528	1.7000407606062882	1.68
172.790265083313	1.6964469005014415	1.68
172.80205154418945	1.6964469005014415	1.68
172.8292474746704	1.6964469005014415	1.68
172.8450915813446	1.6923520255014413	1.68
172.85779476165771	1.6923520255014413	1.68
172.87340784072876	1.6923520255014413	1.68
172.8877785205841	1.688800283887792	1.68
172.90043473243713	1.688800283887792	1.68
172.91621661186218	1.688800283887792	1.68
172.93646574020386	1.688800283887792	1.68
172.9487705230713	1.6855410402318298	1.68
172.96024584770203	1.6855410402318298	1.68
172.987069606781	1.6855410402318298	1.68
173.00068426132202	1.6819875896199417	1.68
173.01418495178223	1.6819875896199417	1.68
173.03035879135132	1.6819875896199417	1.68
173.04398441314697	1.6787868058548123	1.68
173.0578055381775	1.6787868058548123	1.68
173.07444095611572	1.6787868058548123	1.68
173.08961653709412	1.6749691682808479	1.68
173.10181736946106	1.6749691682808479	1.68
173.11637616157532	1.6749691682808479	1.68
173.13674592971802	1.6712205003410054	1.68
173.1564121246338	1.6712205003410054	1.68
173.17252588272095	1.6692309847156293	1.68
173.18680930137634	1.6692309847156293	1.68
173.20413279533386	1.6692309847156293	1.68
173.22738480567932	1.6685156253428297	1.68
173.24346113204956	1.6685156253428297	1.68
173.26097059249878	1.6685156253428297	1.68
173.2806100845337	1.6685156253428297	1.68
173.2961666584015	1.6685660722328675	1.68
173.3090262413025	1.6685660722328675	1.68
173.32520198822021	1.6685660722328675	1.68
173.3401436805725	1.6689759846968442	1.68
173.35481905937195	1.6689759846968442	1.68
173.37181544303894	1.6689759846968442	1.68
173.38939356803894	1.6699150654123245	1.68
173.4108338356018	1.6699150654123245	1.68
173.43409872055054	1.6699150654123245	1.68
173.45025181770325	1.6713751993768688	1.68
173.4626109600067	1.6713751993768688	1.68
173.47785067558289	1.6713751993768688	1.68
173.49048161506653	1.6743802655811564	1.68
173.50372982025146	1.6743802655811564	1.68
173.51945781707764	1.6743802655811564	1.68
173.53595089912415	1.6768145372039012	1.68
173.54891157150269	1.6768145372039012	1.68
173.56407189369202	1.6768145372039012	1.68
173.57936573028564	1.6801357788855147	1.68
173.59195828437805	1.6801357788855147	1.68
173.6068630218506	1.6801357788855147	1.68
173.62665629386902	1.6801357788855147	1.68
173.6393744945526	1.6835349808629154	1.68
173.65669226646423	1.6835349808629154	1.68
173.6766357421875	1.6835349808629154	1.68
173.69393587112427	1.6868883137982802	1.68
173.7070608139038	1.6868883137982802	1.68
173.7218828201294	1.6868883137982802	1.68
173.7369773387909	1.6901054835461793	1.68
173.7493920326233	1.6901054835461793	1.68
173.76422429084778	1.6901054835461793	1.68
173.79235672950745	1.6937872483441752	1.68
173.80416297912598	1.6937872483441752	1.68
173.81911301612854	1.6937872483441752	1.68
173.84039163589478	1.698656294913811	1.68
173.85512781143188	1.698656294913811	1.68
173.86874222755432	1.698656294913811	1.68
173.884432554245	1.698656294913811	1.68
173.8991358280182	1.7029077716014545	1.68
173.91233825683594	1.7029077716014545	1.68
173.9291386604309	1.7029077716014545	1.68
173.95056223869324	1.707935770942982	1.68
173.9724726676941	1.707935770942982	1.68
173.99237608909607	1.707935770942982	1.68
174.01180577278137	1.711443891551881	1.68
174.03716444969177	1.711443891551881	1.68
174.05727100372314	1.711443891551881	1.68
174.0777723789215	1.7137850813703501	1.68
174.09478735923767	1.7137850813703501	1.68
174.12164616584778	1.7150562578749464	1.68
174.13707065582275	1.7150562578749464	1.68
174.157470703125	1.7150562578749464	1.68
174.17534852027893	1.716879418444052	1.68
174.18982934951782	1.716879418444052	1.68
174.2070186138153	1.716879418444052	1.68
174.2249357700348	1.718921904158338	1.68
174.2416548728943	1.718921904158338	1.68
174.25781559944153	1.718921904158338	1.68
174.27511048316956	1.720118389872623	1.68
174.28874731063843	1.720118389872623	1.68
174.30796456336975	1.720118389872623	1.68
174.3241171836853	1.7204027224335596	1.68
174.3369104862213	1.7204027224335596	1.68
174.3579616546631	1.7204027224335596	1.68
174.37513637542725	1.719512531692629	1.68
174.38915014266968	1.719512531692629	1.68
174.40463733673096	1.719512531692629	1.68
174.41920590400696	1.7191105580084187	1.68
174.4345326423645	1.7191105580084187	1.68
174.44945979118347	1.7191105580084187	1.68
174.46632528305054	1.7191105580084187	1.68
174.48167777061462	1.7181828331052376	1.68
174.49348831176758	1.7181828331052376	1.68
174.50929403305054	1.7181828331052376	1.68
174.52589344978333	1.7181828331052376	1.68
174.5406470298767	1.7184193193135537	1.68
174.55479836463928	1.7184193193135537	1.68
174.56983995437622	1.7184193193135537	1.68
174.58270716667175	1.7201007357784452	1.68
174.59966158866882	1.7201007357784452	1.68
174.61589074134827	1.7201007357784452	1.68
174.63178610801697	1.7234032051661998	1.68
174.64426827430725	1.7234032051661998	1.68
174.66069626808167	1.7234032051661998	1.68
174.67852973937988	1.7271994395246306	1.68
174.69291353225708	1.7271994395246306	1.68
174.70576691627502	1.7271994395246306	1.68
174.72271299362183	1.7271994395246306	1.68
174.73995232582092	1.7308199507460376	1.68
174.7560715675354	1.7308199507460376	1.68
174.77047753334045	1.7308199507460376	1.68
174.78568577766418	1.735947043442667	1.68
174.79855823516846	1.735947043442667	1.68
174.8117892742157	1.735947043442667	1.68
174.83011651039124	1.735947043442667	1.68
174.84628653526306	1.7409787789908944	1.68
174.85798811912537	1.7409787789908944	1.68
174.87379026412964	1.7409787789908944	1.68
174.89013385772705	1.7409787789908944	1.68
174.90510988235474	1.7468947606982117	1.68
174.91780376434326	1.7468947606982117	1.68
174.93316793441772	1.7468947606982117	1.68
174.94782209396362	1.7518419170891892	1.68
174.96015620231628	1.7518419170891892	1.68
174.97562718391418	1.7518419170891892	1.68
174.99775195121765	1.7518419170891892	1.68
175.01103401184082	1.7558040581970609	1.68
175.0229935646057	1.7558040581970609	1.68
175.0436794757843	1.7558040581970609	1.68
175.05909609794617	1.7602069926861574	1.68
175.0715491771698	1.7602069926861574	1.68
175.0868878364563	1.7602069926861574	1.68
175.1021430492401	1.7646254414503768	1.68
175.1152355670929	1.7646254414503768	1.68
175.12899470329285	1.7646254414503768	1.68
175.14718389511108	1.7682272910325498	1.68
175.16286396980286	1.7682272910325498	1.68
175.1776053905487	1.7682272910325498	1.68
175.19298100471497	1.7703222413431088	1.68
175.20666646957397	1.7703222413431088	1.68
175.22126698493958	1.7703222413431088	1.68
175.24600672721863	1.7724138439411168	1.68
175.26049709320068	1.7724138439411168	1.68
175.27936697006226	1.7724138439411168	1.68
175.29572415351868	1.771929434171317	1.68
175.30890679359436	1.771929434171317	1.68
175.3228943347931	1.771929434171317	1.68
175.33786821365356	1.771929434171317	1.68
175.35080575942993	1.7700533688474462	1.68
175.36333966255188	1.7700533688474462	1.68
175.3804156780243	1.7700533688474462	1.68
175.39898896217346	1.7672528992528516	1.68
175.41105318069458	1.7672528992528516	1.68
175.4231104850769	1.7672528992528516	1.68
175.45301508903503	1.764216076587249	1.68
175.46478819847107	1.764216076587249	1.68
175.47760486602783	1.764216076587249	1.68
175.49513030052185	1.764216076587249	1.68
175.5118613243103	1.7618657547454546	1.68
175.52379512786865	1.7618657547454546	1.68
175.53793168067932	1.7618657547454546	1.68
175.55279684066772	1.7584702626194706	1.68
175.56620383262634	1.7584702626194706	1.68
175.58148550987244	1.7584702626194706	1.68
175.6027638912201	1.7584702626194706	1.68
175.61812329292297	1.7543849575304922	1.68
175.63192534446716	1.7543849575304922	1.68
175.6517288684845	1.7543849575304922	1.68
175.66788244247437	1.748655530483531	1.68
175.68047380447388	1.748655530483531	1.68
175.69542121887207	1.748655530483531	1.68
175.71068739891052	1.7427608774802839	1.68
175.7239408493042	1.7427608774802839	1.68
175.73669743537903	1.7427608774802839	1.68
175.75628185272217	1.7427608774802839	1.68
175.77312088012695	1.737208346155839	1.68
175.78573894500732	1.737208346155839	1.68
175.81476092338562	1.737208346155839	1.68
175.83011031150818	1.7332531838901666	1.68
175.84249830245972	1.7332531838901666	1.68
175.85844779014587	1.7332531838901666	1.68
175.87274265289307	1.7300560518267907	1.68
175.8878104686737	1.7300560518267907	1.68
175.90452527999878	1.7300560518267907	1.68
175.92157554626465	1.7270626314960122	1.68
175.9350061416626	1.7270626314960122	1.68
175.9496750831604	1.7270626314960122	1.68
175.9677791595459	1.7246813381517625	1.68
175.98170709609985	1.7246813381517625	1.68
176.00549244880676	1.7246813381517625	1.68
176.0204975605011	1.7220765171364145	1.68
176.03272891044617	1.7220765171364145	1.68
176.0503284931183	1.7220765171364145	1.68
176.0664520263672	1.7220765171364145	1.68
176.08117198944092	1.7192877013469405	1.68
176.09565114974976	1.7192877013469405	1.68
176.11050009727478	1.7170378517979412	1.68
176.1255419254303	1.7170378517979412	1.68
176.1400306224823	1.7170378517979412	1.68
176.1610267162323	1.7170378517979412	1.68
176.18082451820374	1.7175278286796398	1.68
176.20071148872375	1.7175278286796398	1.68
176.22028613090515	1.718798433350979	1.68
176.23333096504211	1.718798433350979	1.68
176.24629282951355	1.718798433350979	1.68
176.26484370231628	1.718798433350979	1.68
176.2800543308258	1.7192039999451747	1.68
176.29318809509277	1.7192039999451747	1.68
176.3072373867035	1.7192039999451747	1.68
176.32319045066833	1.7204199792840178	1.68
176.33697748184204	1.7204199792840178	1.68
176.35064792633057	1.7204199792840178	1.68
176.3703112602234	1.7204199792840178	1.68
176.38721179962158	1.720913906897745	1.68
176.39970088005066	1.720913906897745	1.68
176.41717743873596	1.720913906897745	1.68
176.4339473247528	1.7221260018231177	1.68
176.44924116134644	1.7221260018231177	1.68
176.46398162841797	1.7221260018231177	1.68
176.47863626480103	1.7221260018231177	1.68
176.49407386779785	1.7231327311238573	1.68
176.50786709785461	1.7231327311238573	1.68
176.5316939353943	1.7231327311238573	1.68
176.54595565795898	1.7215627213024292	1.68
176.55858397483826	1.7215627213024292	1.68
176.57988572120667	1.7215627213024292	1.68
176.59536862373352	1.7207063521603956	1.68
176.6099259853363	1.7207063521603956	1.68
176.62693238258362	1.7207063521603956	1.68
176.64078974723816	1.7200834935574811	1.68
176.65434050559998	1.7200834935574811	1.68
176.67037677764893	1.7200834935574811	1.68
176.68604588508606	1.7168397896712975	1.68
176.69889640808105	1.7168397896712975	1.68
176.71481823921204	1.7168397896712975	1.68
176.7298104763031	1.712913977754758	1.68
176.74337124824524	1.712913977754758	1.68
176.75676918029785	1.712913977754758	1.68
176.77600932121277	1.712913977754758	1.68
176.78952884674072	1.708545868947984	1.68
176.8036868572235	1.708545868947984	1.68
176.8256175518036	1.708545868947984	1.68
176.8412926197052	1.7024251484041772	1.68
176.85724878311157	1.7024251484041772	1.68
176.87393283843994	1.7024251484041772	1.68
176.88967657089233	1.6978686643752847	1.68
176.9058117866516	1.6978686643752847	1.68
176.92100620269775	1.6978686643752847	1.68
176.93395376205444	1.6928941075360477	1.68
176.946626663208	1.6928941075360477	1.68
176.96359729766846	1.6928941075360477	1.68
176.9794704914093	1.6875556159267486	1.68
176.9927077293396	1.6875556159267486	1.68
177.0078547000885	1.6875556159267486	1.68
177.0241014957428	1.6843318747048386	1.68
177.03692507743835	1.6843318747048386	1.68
177.0596182346344	1.6843318747048386	1.68
177.07571125030518	1.6809696846363456	1.68
177.08793115615845	1.6809696846363456	1.68
177.1054573059082	1.6809696846363456	1.68
177.12190127372742	1.677747206644917	1.68
177.13615202903748	1.677747206644917	1.68
177.15118741989136	1.677747206644917	1.68
177.16755437850952	1.6765144720516911	1.68
177.18552803993225	1.6765144720516911	1.68
177.20198011398315	1.6765144720516911	1.68
177.2191779613495	1.6735456101507278	1.68
177.23676419258118	1.6735456101507278	1.68
177.25378561019897	1.6735456101507278	1.68
177.271333694458	1.6735456101507278	1.68
177.28629732131958	1.6722117157435874	1.68
177.3020613193512	1.6722117157435874	1.68
177.3178732395172	1.6722117157435874	1.68
177.3337380886078	1.6716057776471671	1.68
177.35289096832275	1.6716057776471671	1.68
177.37007761001587	1.6708047538026833	1.68
177.384352684021	1.6708047538026833	1.68
177.39656257629395	1.6708047538026833	1.68
177.41391348838806	1.6708047538026833	1.68
177.43086338043213	1.669843903826278	1.68
177.444087266922	1.669843903826278	1.68
177.46067094802856	1.669843903826278	1.68
177.47488641738892	1.6698445862800284	1.68
177.48690032958984	1.6698445862800284	1.68
177.504789352417	1.6698445862800284	1.68
177.52150630950928	1.6698445862800284	1.68
177.53659915924072	1.6707072520744137	1.68
177.5493278503418	1.6707072520744137	1.68
177.56488847732544	1.6707072520744137	1.68
177.57897067070007	1.671898092264287	1.68
177.5936086177826	1.671898092264287	1.68
177.6104416847229	1.671898092264287	1.68
177.62770414352417	1.6732431883135803	1.68
177.63957905769348	1.6732431883135803	1.68
177.65408086776733	1.6732431883135803	1.68
177.67513298988342	1.6732431883135803	1.68
177.68810844421387	1.6740732684719706	1.68
177.7012870311737	1.6740732684719706	1.68
177.72414755821228	1.6740732684719706	1.68
177.73872828483582	1.6767977049070955	1.68
177.75142240524292	1.6767977049070955	1.68
177.76647853851318	1.6767977049070955	1.68
177.7807698249817	1.6781528065856595	1.68
177.79522943496704	1.6781528065856595	1.68
177.80923199653625	1.6781528065856595	1.68
177.82906079292297	1.6781528065856595	1.68
177.8439221382141	1.6795248604100224	1.68
177.85735511779785	1.6795248604100224	1.68
177.87531065940857	1.6795248604100224	1.68
177.8915991783142	1.6806953763020835	1.68
177.90469431877136	1.6806953763020835	1.68
177.92044472694397	1.6806953763020835	1.68
177.9353415966034	1.681357577043227	1.68
177.94972014427185	1.681357577043227	1.68
177.96578669548035	1.681357577043227	1.68
177.98311495780945	1.6822010532167693	1.68
177.99567699432373	1.6822010532167693	1.68
178.00990319252014	1.6822010532167693	1.68
178.0258915424347	1.6834385348942935	1.68
178.03954219818115	1.6834385348942935	1.68
178.05566573143005	1.6834385348942935	1.68
178.07314133644104	1.6834385348942935	1.68
178.08667969703674	1.684225543842351	1.68
178.09847474098206	1.684225543842351	1.68
178.11565279960632	1.684225543842351	1.68
178.13107442855835	1.6845623222434731	1.68
178.1450674533844	1.6845623222434731	1.68
178.16256952285767	1.6845623222434731	1.68
178.17867517471313	1.6848299080132545	1.68
178.19427394866943	1.6848299080132545	1.68
178.21223878860474	1.6848299080132545	1.68
178.22688174247742	1.6837365253740952	1.68
178.23962497711182	1.6837365253740952	1.68
178.25585007667542	1.6837365253740952	1.68
178.27064418792725	1.6827689187469201	1.68
178.283953666687	1.6827689187469201	1.68
178.3034589290619	1.6827689187469201	1.68
178.31960558891296	1.6821807202840955	1.68
178.33181166648865	1.6821807202840955	1.68
178.34846878051758	1.6821807202840955	1.68
178.36687445640564	1.6821807202840955	1.68
178.3806619644165	1.681322386333734	1.68
178.39542269706726	1.681322386333734	1.68
178.4106297492981	1.681322386333734	1.68
178.42308259010315	1.6808540724082328	1.68
178.4376323223114	1.6808540724082328	1.68
178.4544804096222	1.6808540724082328	1.68
178.46822571754456	1.6800496721141562	1.68
178.48243713378906	1.6800496721141562	1.68
178.49801969528198	1.6800496721141562	1.68
178.51678204536438	1.6789328226243605	1.68
178.52906942367554	1.6789328226243605	1.68
178.54361248016357	1.6789328226243605	1.68
178.56433296203613	1.6773839683843885	1.68
178.57801914215088	1.6773839683843885	1.68
178.59702348709106	1.6773839683843885	1.68
178.61242723464966	1.6747013781850133	1.68
178.6246349811554	1.6747013781850133	1.68
178.6471552848816	1.6747013781850133	1.68
178.66444182395935	1.6716397769603675	1.68
178.67795538902283	1.6716397769603675	1.68
178.6935532093048	1.6716397769603675	1.68
178.70716834068298	1.6701193313491252	1.68
178.7222921848297	1.6701193313491252	1.68
178.73745441436768	1.6701193313491252	1.68
178.75550842285156	1.669106714232008	1.68
178.77024245262146	1.669106714232008	1.68
178.7854015827179	1.669106714232008	1.68
178.80350351333618	1.6684307058959658	1.68
178.81666231155396	1.6684307058959658	1.68
178.83565855026245	1.6684307058959658	1.68
178.8536183834076	1.6680224551021212	1.68
178.86512160301208	1.6680224551021212	1.68
178.88645792007446	1.6680224551021212	1.68
178.90348434448242	1.6673778362785918	1.68
178.91956782341003	1.6673778362785918	1.68
178.9351201057434	1.6673778362785918	1.68
178.95176458358765	1.667529088923411	1.68
178.96634149551392	1.667529088923411	1.68
178.98217463493347	1.667529088923411	1.68
178.99896931648254	1.667529088923411	1.68
179.01351833343506	1.6681990744751538	1.68
179.0260603427887	1.6681990744751538	1.68
179.04788541793823	1.6681990744751538	1.68
179.06563591957092	1.668965677468761	1.68
179.0968141555786	1.668965677468761	1.68
179.1137933731079	1.6705322181359403	1.68
179.12811136245728	1.6705322181359403	1.68
179.14797520637512	1.6705322181359403	1.68
179.1642942428589	1.6731792188107044	1.68
179.18227696418762	1.6731792188107044	1.68
179.20437741279602	1.6731792188107044	1.68
179.22144651412964	1.675740486293515	1.68
179.23501992225647	1.675740486293515	1.68
179.25164937973022	1.675740486293515	1.68
179.26845932006836	1.6782203083908933	1.68
179.28094291687012	1.6782203083908933	1.68
179.29516458511353	1.6782203083908933	1.68
179.31034684181213	1.6782203083908933	1.68
179.3244993686676	1.680446663483885	1.68
179.3386697769165	1.680446663483885	1.68
179.35769033432007	1.680446663483885	1.68
179.37513542175293	1.683396814105149	1.68
179.38776469230652	1.683396814105149	1.68
179.4055688381195	1.683396814105149	1.68
179.42325615882874	1.6861155876260845	1.68
179.43933629989624	1.6861155876260845	1.68
179.456298828125	1.6861155876260845	1.68
179.4706871509552	1.686165515680747	1.68
179.48639249801636	1.686165515680747	1.68
179.50251412391663	1.686165515680747	1.68
179.51967072486877	1.686165515680747	1.68
179.5360565185547	1.6858528260473715	1.68
179.5491554737091	1.6858528260473715	1.68
179.57825636863708	1.6850851917984646	1.68
179.59363913536072	1.6850851917984646	1.68
179.6086356639862	1.6850851917984646	1.68
179.62400126457214	1.6839272406080301	1.68
179.6364405155182	1.6839272406080301	1.68
179.65072011947632	1.6839272406080301	1.68
179.6670262813568	1.6839272406080301	1.68
179.68098378181458	1.6817792987992828	1.68
179.6938500404358	1.6817792987992828	1.68
179.7094509601593	1.6817792987992828	1.68
179.7260251045227	1.6781729894370034	1.68
179.73977184295654	1.6781729894370034	1.68
179.76430749893188	1.6781729894370034	1.68
179.7792534828186	1.6765347756055728	1.68
179.79093527793884	1.6765347756055728	1.68
179.80731749534607	1.6765347756055728	1.68
179.82470440864563	1.6765347756055728	1.68
179.83971691131592	1.673430732127312	1.68
179.85306906700134	1.673430732127312	1.68
179.86906838417053	1.673430732127312	1.68
179.88317012786865	1.6690739382064337	1.68
179.89783000946045	1.6690739382064337	1.68
179.91871738433838	1.6690739382064337	1.68
179.93429017066956	1.6648805616593165	1.68
179.9461600780487	1.6648805616593165	1.68
179.9630732536316	1.6648805616593165	1.68
179.97971105575562	1.6648805616593165	1.68
179.99250054359436	1.6625409049691757	1.68
180.0051167011261	1.6625409049691757	1.68
180.02371048927307	1.6625409049691757	1.68
180.03915143013	1.6596634352355195	1.68
180.05281138420105	1.6596634352355195	1.68
180.06849598884583	1.6596634352355195	1.68
180.0818088054657	1.657796624682748	1.68
180.09544134140015	1.657796624682748	1.68
180.11061000823975	1.657796624682748	1.68
180.12885522842407	1.6567946478941338	1.68
180.14220809936523	1.6567946478941338	1.68
180.15595960617065	1.6567946478941338	1.68
180.17521858215332	1.6565882805882577	1.68
180.19346284866333	1.6565882805882577	1.68
180.2130205631256	1.6565882805882577	1.68
180.22897100448608	1.6577220598841063	1.68
180.24451804161072	1.6577220598841063	1.68
180.26638388633728	1.6577220598841063	1.68
180.28215861320496	1.6575635544039415	1.68
180.297913312912	1.6575635544039415	1.68
180.31367373466492	1.6575635544039415	1.68
180.3294243812561	1.658141667718389	1.68
180.3479700088501	1.658141667718389	1.68
180.37601280212402	1.658141667718389	1.68
180.38941764831543	1.659613757656249	1.68
180.40136790275574	1.659613757656249	1.68
180.41853165626526	1.659613757656249	1.68
180.43612384796143	1.6610363405585915	1.68
180.45103907585144	1.6610363405585915	1.68
180.46626210212708	1.6610363405585915	1.68
180.48360395431519	1.6630908120077685	1.68
180.49729871749878	1.6630908120077685	1.68
180.5149097442627	1.6630908120077685	1.68
180.53295350074768	1.6652056264619215	1.68
180.54585671424866	1.6652056264619215	1.68
180.56112623214722	1.6652056264619215	1.68
180.58619236946106	1.668486819962943	1.68
180.59991669654846	1.668486819962943	1.68
180.61385679244995	1.668486819962943	1.68
180.6295838356018	1.668486819962943	1.68
180.64144134521484	1.6705366447757377	1.68
180.65522718429565	1.6705366447757377	1.68
180.67199087142944	1.6705366447757377	1.68
180.68646788597107	1.672703167959187	1.68
180.69963026046753	1.672703167959187	1.68
180.72571325302124	1.6749187836676949	1.68
180.73858761787415	1.6749187836676949	1.68
180.75227975845337	1.6749187836676949	1.68
180.76862239837646	1.6762822295998607	1.68
180.7827775478363	1.6762822295998607	1.68
180.79627346992493	1.6762822295998607	1.68
180.81768536567688	1.6762822295998607	1.68
180.83356738090515	1.6777860964553848	1.68
180.84537053108215	1.6777860964553848	1.68
180.86067914962769	1.6777860964553848	1.68
180.87898182868958	1.6777860964553848	1.68
180.89398956298828	1.6802009071267179	1.68
180.90734839439392	1.6802009071267179	1.68
180.92369771003723	1.6802009071267179	1.68
180.93787240982056	1.6831190179043247	1.68
180.9517695903778	1.6831190179043247	1.68
180.9699432849884	1.6831190179043247	1.68
180.9828953742981	1.6854273410392717	1.68
180.9953510761261	1.6854273410392717	1.68
181.01150631904602	1.6854273410392717	1.68
181.0296823978424	1.6859681029723952	1.68
181.04356050491333	1.6859681029723952	1.68
181.06615018844604	1.6859681029723952	1.68
181.07980346679688	1.6847499130716268	1.68
181.09292674064636	1.6847499130716268	1.68
181.10970520973206	1.6847499130716268	1.68
181.12663221359253	1.6839776744657287	1.68
181.13933157920837	1.6839776744657287	1.68
181.15354132652283	1.6839776744657287	1.68
181.1684069633484	1.6839776744657287	1.68
181.18519854545593	1.6820426904913695	1.68
181.20153212547302	1.6820426904913695	1.68
181.22225761413574	1.6820426904913695	1.68
181.2360007762909	1.6798818641195137	1.68
181.24787950515747	1.6798818641195137	1.68
181.26703310012817	1.6798818641195137	1.68
181.28436470031738	1.6784611141088592	1.68
181.2971589565277	1.6784611141088592	1.68
181.31293439865112	1.6784611141088592	1.68
181.32820320129395	1.6774616919499372	1.68
181.34326243400574	1.6774616919499372	1.68
181.358633518219	1.6774616919499372	1.68
181.385000705719	1.6745990017577896	1.68
181.3981156349182	1.6745990017577896	1.68
181.41235876083374	1.6745990017577896	1.68
181.43040251731873	1.6745990017577896	1.68
181.44502973556519	1.6719044373831724	1.68
181.45712566375732	1.6719044373831724	1.68
181.4792776107788	1.6719044373831724	1.68
181.49596309661865	nan	1.68
181.5087058544159	nan	1.68
181.52327942848206	nan	1.68
181.53839755058289	nan	1.68
181.55300736427307	nan	1.68
181.56734347343445	nan	1.68
181.58451771736145	nan	1.68
181.59927105903625	nan	1.68
181.61103463172913	nan	1.68
181.63433241844177	nan	1.68
181.65039944648743	nan	1.68
181.66503643989563	nan	1.68
181.68057012557983	nan	1.68
181.69620180130005	nan	1.68
181.7096083164215	nan	1.68
181.72407841682434	nan	1.68
181.7502098083496	nan	1.68
181.76288056373596	nan	1.68
181.77486848831177	nan	1.68
181.79304838180542	nan	1.68
181.80852842330933	nan	1.68
181.82232356071472	nan	1.68
181.8379876613617	nan	1.68
181.852933883667	nan	1.68
181.8660750389099	nan	1.68
181.8830988407135	nan	1.68
181.8994700908661	nan	1.68
181.9140911102295	nan	1.68
181.92785954475403	nan	1.68
181.9431757926941	nan	1.68
181.95683431625366	nan	1.68
181.97010350227356	nan	1.68
181.98752570152283	nan	1.68
182.00361800193787	nan	1.68
182.01495122909546	nan	1.68
182.03182888031006	nan	1.68
182.05264472961426	nan	1.68
182.06689310073853	nan	1.68
182.07989382743835	nan	1.68
182.09512948989868	nan	1.68
182.1087474822998	nan	1.68
182.12217116355896	nan	1.68
182.13902974128723	nan	1.68
182.16245245933533	nan	1.68
182.1781394481659	nan	1.68
182.19833064079285	nan	1.68
182.2146017551422	nan	1.68
182.22668385505676	nan	1.68
182.24581217765808	nan	1.68
182.26077961921692	nan	1.68
182.2744481563568	nan	1.68
182.28737902641296	nan	1.68
182.30372548103333	nan	1.68
182.31658220291138	nan	1.68
182.3294427394867	nan	1.68
182.3597767353058	nan	1.68
182.3727993965149	1.724574297553319	1.68
182.38428282737732	1.724574297553319	1.68
182.40481543540955	1.724574297553319	1.68
182.4197278022766	1.719309154388294	1.68
182.43580508232117	1.719309154388294	1.68
182.451562166214	1.719309154388294	1.68
182.4658989906311	1.7131365825366331	1.68
182.48124837875366	1.7131365825366331	1.68
182.49942588806152	1.7131365825366331	1.68
182.52211093902588	1.706322147744012	1.68
182.53666806221008	1.706322147744012	1.68
182.556738615036	1.706322147744012	1.68
182.57358932495117	1.702486691271509	1.68
182.587797164917	1.702486691271509	1.68
182.6032576560974	1.702486691271509	1.68
182.61929512023926	1.6972504943120494	1.68
182.63243699073792	1.6972504943120494	1.68
182.64696049690247	1.6972504943120494	1.68
182.66289615631104	1.6972504943120494	1.68
182.67905354499817	1.6926600537471561	1.68
182.69162917137146	1.6926600537471561	1.68
182.70713829994202	1.6926600537471561	1.68
182.72142148017883	1.6880492914037515	1.68
182.73360133171082	1.6880492914037515	1.68
182.75040006637573	1.6880492914037515	1.68
182.76816725730896	1.682410738435312	1.68
182.77995562553406	1.682410738435312	1.68
182.7948226928711	1.682410738435312	1.68
182.81464552879333	1.682410738435312	1.68
182.8299994468689	1.6797616358361327	1.68
182.84300541877747	1.6797616358361327	1.68
182.8583436012268	1.6797616358361327	1.68
182.87578558921814	1.6772760715715624	1.68
182.88843774795532	1.6772760715715624	1.68
182.9049198627472	1.6772760715715624	1.68
182.92447996139526	1.6756319629508727	1.68
182.93607354164124	1.6756319629508727	1.68
182.9483470916748	1.6756319629508727	1.68
182.9656662940979	1.6756319629508727	1.68
182.98009204864502	1.673937755911933	1.68
182.991596698761	1.673937755911933	1.68
183.00950026512146	1.673937755911933	1.68
183.02680134773254	1.673937755911933	1.68
183.04075646400452	1.672638329630028	1.68
183.05403017997742	1.672638329630028	1.68
183.0696041584015	1.672638329630028	1.68
183.08424139022827	1.670807342975293	1.68
183.09833598136902	1.670807342975293	1.68
183.12842917442322	1.670807342975293	1.68
183.1419553756714	1.6711013658150342	1.68
183.15390801429749	1.6711013658150342	1.68
183.1749358177185	1.6711013658150342	1.68
183.19166684150696	1.6708796594884454	1.68
183.20927953720093	1.6708796594884454	1.68
183.22533249855042	1.6708796594884454	1.68
183.2425675392151	1.6722309454651754	1.68
183.2587387561798	1.6722309454651754	1.68
183.28216195106506	1.6722309454651754	1.68
183.29943752288818	1.6735856699427152	1.68
183.3112518787384	1.6735856699427152	1.68
183.33031702041626	1.6735856699427152	1.68
183.34679555892944	1.6763682269015223	1.68
183.36643481254578	1.6763682269015223	1.68
183.38373446464539	1.6763682269015223	1.68
183.39926528930664	1.678809426928342	1.68
183.4132559299469	1.678809426928342	1.68
183.42987847328186	1.678809426928342	1.68
183.44741702079773	1.6814498499620498	1.68
183.46010446548462	1.6814498499620498	1.68
183.476336479187	1.6814498499620498	1.68
183.4940323829651	1.6814498499620498	1.68
183.50729846954346	1.6854994729085953	1.68
183.52104711532593	1.6854994729085953	1.68
183.5392198562622	1.6854994729085953	1.68
183.5519049167633	1.6899393703829435	1.68
183.56655764579773	1.6899393703829435	1.68
183.58404898643494	1.6899393703829435	1.68
183.60003113746643	1.693323225144626	1.68
183.6133897304535	1.693323225144626	1.68
183.62926840782166	1.693323225144626	1.68
183.65079307556152	1.6958782248141973	1.68
183.66583251953125	1.6958782248141973	1.68
183.69353723526	1.698240629680792	1.68
183.70498299598694	1.698240629680792	1.68
183.7183964252472	1.698240629680792	1.68
183.73659467697144	1.698240629680792	1.68
183.75109434127808	1.7001384396981998	1.68
183.76402401924133	1.7001384396981998	1.68
183.78093338012695	1.7001384396981998	1.68
183.79734015464783	1.7022842279221737	1.68
183.81148743629456	1.7022842279221737	1.68
183.82480812072754	1.7022842279221737	1.68
183.8397490978241	1.7032306308564156	1.68
183.85339403152466	1.7032306308564156	1.68
183.86618447303772	1.7032306308564156	1.68
183.88695120811462	1.7032306308564156	1.68
183.90521955490112	1.7044238381419183	1.68
183.91779851913452	1.7044238381419183	1.68
183.93545508384705	1.7044238381419183	1.68
183.9526138305664	1.7052122553170879	1.68
183.96704530715942	1.7052122553170879	1.68
183.98280239105225	1.7052122553170879	1.68
183.9979269504547	1.7055812487420987	1.68
184.0122516155243	1.7055812487420987	1.68
184.0279576778412	1.7055812487420987	1.68
184.04816937446594	1.703833236717975	1.68
184.06113028526306	1.703833236717975	1.68
184.07380843162537	1.703833236717975	1.68
184.09215426445007	1.703833236717975	1.68
184.1080138683319	1.7014446640150311	1.68
184.12166476249695	1.7014446640150311	1.68
184.13774514198303	1.7014446640150311	1.68
184.15237975120544	1.6989199338182037	1.68
184.16530632972717	1.6989199338182037	1.68
184.1834011077881	1.6989199338182037	1.68
184.20051884651184	1.6967080703798778	1.68
184.2156584262848	1.6967080703798778	1.68
184.22981190681458	1.6967080703798778	1.68
184.245436668396	1.694819567237619	1.68
184.2586271762848	1.694819567237619	1.68
184.27190017700195	1.694819567237619	1.68
184.28931951522827	1.694819567237619	1.68
184.30504727363586	1.6925945323043028	1.68
184.31662034988403	1.6925945323043028	1.68
184.3342423439026	1.6925945323043028	1.68
184.35182785987854	1.6911284527588486	1.68
184.36523938179016	1.6911284527588486	1.68
184.3796365261078	1.6911284527588486	1.68
184.39474940299988	1.6911284527588486	1.68
184.40870881080627	1.6891676715088484	1.68
184.42307496070862	1.6891676715088484	1.68
184.44025206565857	1.6891676715088484	1.68
184.45549893379211	1.6875303337389955	1.68
184.46736407279968	1.6875303337389955	1.68
184.4817864894867	1.6875303337389955	1.68
184.49750924110413	1.684979677947456	1.68
184.51067972183228	1.684979677947456	1.68
184.52708554267883	1.684979677947456	1.68
184.54185509681702	1.6835414303356475	1.68
184.55461239814758	1.6835414303356475	1.68
184.56941747665405	1.6835414303356475	1.68
184.58729219436646	1.6835414303356475	1.68
184.59982085227966	1.6836597501445358	1.68
184.6127290725708	1.6836597501445358	1.68
184.63496685028076	1.6836597501445358	1.68
184.6500883102417	1.683088756274561	1.68
184.6626753807068	1.683088756274561	1.68
184.67692136764526	1.683088756274561	1.68
184.6932122707367	1.682667179601466	1.68
184.70653295516968	1.682667179601466	1.68
184.7214322090149	1.682667179601466	1.68
184.7478425502777	1.682667179601466	1.68
184.7602939605713	1.6827527324299936	1.68
184.7731683254242	1.6827527324299936	1.68
184.80097794532776	1.6826994853770827	1.68
184.81493759155273	1.6826994853770827	1.68
184.83010268211365	1.6826994853770827	1.68
184.84453010559082	1.6815132629147294	1.68
184.8564727306366	1.6815132629147294	1.68
184.87193489074707	1.6815132629147294	1.68
184.88925290107727	1.6817633606800926	1.68
184.9033818244934	1.6817633606800926	1.68
184.9171051979065	1.6817633606800926	1.68
184.93261194229126	1.6817633606800926	1.68
184.9450123310089	1.682065708241068	1.68
184.95782256126404	1.682065708241068	1.68
184.97845840454102	1.682065708241068	1.68
184.99441695213318	1.6817187254152888	1.68
185.00680494308472	1.6817187254152888	1.68
185.0232675075531	1.6817187254152888	1.68
185.04006242752075	1.6817187254152888	1.68
185.05434775352478	1.6804468418748442	1.68
185.06710839271545	1.6804468418748442	1.68
185.0831310749054	1.6804468418748442	1.68
185.09757900238037	1.6788882519828536	1.68
185.11040782928467	1.6788882519828536	1.68
185.12599802017212	1.6788882519828536	1.68
185.15094470977783	1.6781616198963545	1.68
185.16273713111877	1.6781616198963545	1.68
185.18683624267578	1.6781616198963545	1.68
185.20421361923218	1.6774747540786066	1.68
185.22142243385315	1.6774747540786066	1.68
185.2373173236847	1.6774747540786066	1.68
185.2519907951355	1.6760811056425358	1.68
185.2648594379425	1.6760811056425358	1.68
185.28144073486328	1.6760811056425358	1.68
185.29546642303467	1.6743957554996203	1.68
185.30837535858154	1.6743957554996203	1.68
185.32614660263062	1.6743957554996203	1.68
185.34362387657166	1.6724139678470888	1.68
185.35631585121155	1.6724139678470888	1.68
185.37205624580383	1.6724139678470888	1.68
185.386816740036	1.6690618700817255	1.68
185.39988946914673	1.6690618700817255	1.68
185.41571259498596	1.6690618700817255	1.68
185.4353039264679	1.6656372413351317	1.68
185.44798827171326	1.6656372413351317	1.68
185.46084833145142	1.6656372413351317	1.68
185.4840545654297	1.6656372413351317	1.68
185.50005888938904	1.6624853843145835	1.68
185.51378083229065	1.6624853843145835	1.68
185.5298068523407	1.6624853843145835	1.68
185.54293036460876	1.6601374007348437	1.68
185.55594301223755	1.6601374007348437	1.68
185.57183361053467	1.6601374007348437	1.68
185.5941789150238	1.6577799054424287	1.68
185.6059286594391	1.6577799054424287	1.68
185.62067317962646	1.6577799054424287	1.68
185.638418674469	1.6577799054424287	1.68
185.65238118171692	1.6549061258714584	1.68
185.66877508163452	1.6549061258714584	1.68
185.68501114845276	1.6549061258714584	1.68
185.6972017288208	1.6526490782268777	1.68
185.71012091636658	1.6526490782268777	1.68
185.72730588912964	1.6526490782268777	1.68
185.74284076690674	1.649052340848763	1.68
185.75595355033875	1.649052340848763	1.68
185.77023267745972	1.649052340848763	1.68
185.78627705574036	1.6454652464070683	1.68
185.79896569252014	1.6454652464070683	1.68
185.81281423568726	1.6454652464070683	1.68
185.8321714401245	1.6454652464070683	1.68
185.8472921848297	1.6432067523353506	1.68
185.85952043533325	1.6432067523353506	1.68
185.8773365020752	1.6432067523353506	1.68
185.8946888446808	1.641070484178926	1.68
185.9076759815216	1.641070484178926	1.68
185.92350268363953	1.641070484178926	1.68
185.93969202041626	1.6390469430360173	1.68
185.9561755657196	1.6390469430360173	1.68
185.9709312915802	1.6390469430360173	1.68
185.98537015914917	1.6369610433416892	1.68
186.00106072425842	1.6369610433416892	1.68
186.01665806770325	1.6369610433416892	1.68
186.04573369026184	1.6362598003565239	1.68
186.05845999717712	1.6362598003565239	1.68
186.07854318618774	1.6362598003565239	1.68
186.09626007080078	1.635117505923429	1.68
186.11165118217468	1.635117505923429	1.68
186.12605690956116	1.635117505923429	1.68
186.1406214237213	1.6341843683705748	1.68
186.1537458896637	1.6341843683705748	1.68
186.16709399223328	1.6341843683705748	1.68
186.18522691726685	1.6341843683705748	1.68
186.20286655426025	1.6319415724061326	1.68
186.2194607257843	1.6319415724061326	1.68
186.2482705116272	1.6319415724061326	1.68
186.26439833641052	1.6309782611740018	1.68
186.2795422077179	1.6309782611740018	1.68
186.29552841186523	1.6309782611740018	1.68
186.31026196479797	1.6306810550590392	1.68
186.32869791984558	1.6306810550590392	1.68
186.347341299057	1.6300067766210087	1.68
186.36416220664978	1.6300067766210087	1.68
186.3785858154297	1.6300067766210087	1.68
186.397442817688	1.6305694315698862	1.68
186.4105520248413	1.6305694315698862	1.68
186.42734551429749	1.6305694315698862	1.68
186.44660210609436	1.6305694315698862	1.68
186.46021127700806	1.6314571327093887	1.68
186.47364139556885	1.6314571327093887	1.68
186.49079751968384	1.6314571327093887	1.68
186.50553488731384	1.6333559495657741	1.68
186.5176281929016	1.6333559495657741	1.68
186.53217363357544	1.6333559495657741	1.68
186.54761123657227	1.6337315907356285	1.68
186.5634548664093	1.6337315907356285	1.68
186.57665610313416	1.6337315907356285	1.68
186.59578800201416	1.6337315907356285	1.68
186.61078238487244	1.6351528024612392	1.68
186.62293815612793	1.6351528024612392	1.68
186.64167404174805	1.6351528024612392	1.68
186.65884518623352	1.6369148910668905	1.68
186.672030210495	1.6369148910668905	1.68
186.6850230693817	1.6369148910668905	1.68
186.70047426223755	1.6369148910668905	1.68
186.71565771102905	1.6386428597724383	1.68
186.72975778579712	1.6386428597724383	1.68
186.74515509605408	1.6386428597724383	1.68
186.7602927684784	1.6401909180608647	1.68
186.77307796478271	1.6401909180608647	1.68
186.78912830352783	1.6401909180608647	1.68
186.80957531929016	1.641805758373859	1.68
186.82229709625244	1.641805758373859	1.68
186.83537316322327	1.641805758373859	1.68
186.85733842849731	1.641805758373859	1.68
186.87010884284973	1.6433196091803108	1.68
186.8822057247162	1.6433196091803108	1.68
186.89898037910461	1.6433196091803108	1.68
186.91258120536804	1.6438545350563216	1.68
186.92805361747742	1.6438545350563216	1.68
186.94704794883728	1.6438545350563216	1.68
186.96102714538574	1.6441592808333485	1.68
186.97346687316895	1.6441592808333485	1.68
186.98827505111694	1.6441592808333485	1.68
187.0020294189453	1.6425556822882246	1.68
187.01536178588867	1.6425556822882246	1.68
187.0323507785797	1.6425556822882246	1.68
187.04992961883545	1.6425556822882246	1.68
187.06283497810364	1.641842184751279	1.68
187.0761740207672	1.641842184751279	1.68
187.09733724594116	1.641842184751279	1.68
187.1155183315277	1.6410793614554193	1.68
187.12926602363586	1.6410793614554193	1.68
187.1435148715973	1.6410793614554193	1.68
187.15990710258484	1.6405695946472894	1.68
187.17481541633606	1.6405695946472894	1.68
187.18911600112915	1.6405695946472894	1.68
187.2074375152588	1.6405695946472894	1.68
187.22167134284973	1.6403042710159657	1.68
187.23305201530457	1.6403042710159657	1.68
187.25581455230713	1.6403042710159657	1.68
187.2709722518921	1.6408142624212085	1.68
187.28578305244446	1.6408142624212085	1.68
187.30105543136597	1.6408142624212085	1.68
187.3153305053711	1.6415738960354413	1.68
187.33202362060547	1.6415738960354413	1.68
187.3487994670868	1.6415738960354413	1.68
187.37003374099731	1.6424446996068702	1.68
187.38355040550232	1.6424446996068702	1.68
187.4009141921997	1.6424446996068702	1.68
187.41869163513184	1.644000386938406	1.68
187.43215465545654	1.644000386938406	1.68
187.44923281669617	1.644000386938406	1.68
187.46488547325134	1.645037228332432	1.68
187.4778389930725	1.645037228332432	1.68
187.49395275115967	1.645037228332432	1.68
187.50911831855774	1.645037228332432	1.68
187.52107286453247	1.6480755390984316	1.68
187.53390789031982	1.6480755390984316	1.68
187.5505645275116	1.6480755390984316	1.68
187.566424369812	1.6512158595090358	1.68
187.57933688163757	1.6512158595090358	1.68
187.59484457969666	1.6512158595090358	1.68
187.6098654270172	1.6556513210402108	1.68
187.62596559524536	1.6556513210402108	1.68
187.6470971107483	1.6556513210402108	1.68
187.66341948509216	1.6591579902722553	1.68
187.67518663406372	1.6591579902722553	1.68
187.69407200813293	1.6591579902722553	1.68
187.71115970611572	1.6635734373032947	1.68
187.72704672813416	1.6635734373032947	1.68
187.74320125579834	1.6635734373032947	1.68
187.75811409950256	1.668090389468776	1.68
187.77164101600647	1.668090389468776	1.68
187.78708291053772	1.668090389468776	1.68
187.80765986442566	1.672157998634399	1.68
187.82062339782715	1.672157998634399	1.68
187.83517169952393	1.672157998634399	1.68
187.85161185264587	1.6772275981003535	1.68
187.86373448371887	1.6772275981003535	1.68
187.8791148662567	1.6772275981003535	1.68
187.89693999290466	1.6772275981003535	1.68
187.91408467292786	1.6818509676655709	1.68
187.9284462928772	1.6818509676655709	1.68
187.95334219932556	1.6866301660020113	1.68
187.97226929664612	1.6866301660020113	1.68
187.98947191238403	1.6866301660020113	1.68
188.00436162948608	1.6908310077700608	1.68
188.02151226997375	1.6908310077700608	1.68
188.04042315483093	1.6908310077700608	1.68
188.0588972568512	1.6908310077700608	1.68
188.0761170387268	1.6944529516374742	1.68
188.09383726119995	1.6944529516374742	1.68
188.11478304862976	1.6944529516374742	1.68
188.1304976940155	1.697043342349169	1.68
188.14579582214355	1.697043342349169	1.68
188.1614408493042	1.697043342349169	1.68
188.17617511749268	1.6995900080709407	1.68
188.19342136383057	1.6995900080709407	1.68
188.21398425102234	1.6995900080709407	1.68
188.22826743125916	1.7013332871168987	1.68
188.2404818534851	1.7013332871168987	1.68
188.26171350479126	1.7013332871168987	1.68
188.27674102783203	1.703865770047571	1.68
188.28883719444275	1.703865770047571	1.68
188.3135085105896	1.703865770047571	1.68
188.3275499343872	1.705038628678136	1.68
188.3403878211975	1.705038628678136	1.68
188.35719323158264	1.705038628678136	1.68
188.36939406394958	1.70440017166348	1.68
188.3854591846466	1.70440017166348	1.68
188.40180277824402	1.70440017166348	1.68
188.4181969165802	1.7033605520982626	1.68
188.43411779403687	1.7033605520982626	1.68
188.44990706443787	1.7033605520982626	1.68
188.46368265151978	1.7027673887021142	1.68
188.48035383224487	1.7027673887021142	1.68
188.49814414978027	1.7027673887021142	1.68
188.51597619056702	1.7025250554782727	1.68
188.53357243537903	1.7025250554782727	1.68
188.55258584022522	1.7025250554782727	1.68
188.5713987350464	1.7022529817127339	1.68
188.59193205833435	1.7022529817127339	1.68
188.6119384765625	1.7022529817127339	1.68
188.63281440734863	1.7004476080484743	1.68
188.65043234825134	1.7004476080484743	1.68
188.6681318283081	1.7004476080484743	1.68
188.68433046340942	1.7005062152434185	1.68
188.7025022506714	1.7005062152434185	1.68
188.71979451179504	1.7005062152434185	1.68
188.7374107837677	1.7007950782581207	1.68
188.75432753562927	1.7007950782581207	1.68
188.76962304115295	1.7007950782581207	1.68
188.78388381004333	1.6994344997108235	1.68
188.79930472373962	1.6994344997108235	1.68
188.81768894195557	1.6994344997108235	1.68
188.8356897830963	1.6999884480069454	1.68
188.84802770614624	1.6999884480069454	1.68
188.86670589447021	1.6999884480069454	1.68
188.88327074050903	1.7021949795483209	1.68
188.90000367164612	1.7021949795483209	1.68
188.91570734977722	1.7021949795483209	1.68
188.92893838882446	1.7047457512874513	1.68
188.94379305839539	1.7047457512874513	1.68
188.96017789840698	1.7047457512874513	1.68
188.9780557155609	1.7077293703980168	1.68
188.9916021823883	1.7077293703980168	1.68
189.00698328018188	1.7077293703980168	1.68
189.02877116203308	1.7104495487305542	1.68
189.04323029518127	1.7104495487305542	1.68
189.05950689315796	1.7104495487305542	1.68
189.07974457740784	1.7143507247042535	1.68
189.09331440925598	1.7143507247042535	1.68
189.10964941978455	1.7143507247042535	1.68
189.1259684562683	1.7188003834579628	1.68
189.13805532455444	1.7188003834579628	1.68
189.1542513370514	1.7188003834579628	1.68
189.17376351356506	1.7221089725960972	1.68
189.1885108947754	1.7221089725960972	1.68
189.20591521263123	1.7221089725960972	1.68
189.22257947921753	1.7243630371699816	1.68
189.2370581626892	1.7243630371699816	1.68
189.25246572494507	1.7243630371699816	1.68
189.26963829994202	1.7243630371699816	1.68
189.2849566936493	1.7272930030889797	1.68
189.29677557945251	1.7272930030889797	1.68
189.31343984603882	1.7272930030889797	1.68
189.32902216911316	1.7292107826789145	1.68
189.34435272216797	1.7292107826789145	1.68
189.3605637550354	1.7292107826789145	1.68
189.38308548927307	1.7292107826789145	1.68
189.40145182609558	1.728914399661554	1.68
189.4201638698578	1.728914399661554	1.68
189.43782758712769	1.728914399661554	1.68
189.45457434654236	1.7288527726592657	1.68
189.47145557403564	1.7288527726592657	1.68
189.48807883262634	1.7288527726592657	1.68
189.50548315048218	1.7282569343978822	1.68
189.5199830532074	1.7282569343978822	1.68
189.536847114563	1.7282569343978822	1.68
189.553719997406	1.725872195267447	1.68
189.56746983528137	1.725872195267447	1.68
189.58403491973877	1.725872195267447	1.68
189.5990912914276	1.7215058464647348	1.68
189.61070084571838	1.7215058464647348	1.68
189.6255075931549	1.7215058464647348	1.68
189.6418697834015	1.7172668886202107	1.68
189.65501189231873	1.7172668886202107	1.68
189.6714267730713	1.7172668886202107	1.68
189.68722796440125	1.7130881958978386	1.68
189.70172262191772	1.7130881958978386	1.68
189.72684621810913	1.7130881958978386	1.68
189.74460077285767	1.7087350233524798	1.68
189.7612464427948	1.7087350233524798	1.68
189.77834701538086	1.7035387649871894	1.68
189.795738697052	1.7035387649871894	1.68
189.8136649131775	1.7035387649871894	1.68
189.8299045562744	1.6986952923965617	1.68
189.84644079208374	1.6986952923965617	1.68
189.86299538612366	1.6986952923965617	1.68
189.87945556640625	1.6949532047179514	1.68
189.89447498321533	1.6949532047179514	1.68
189.91071581840515	1.6949532047179514	1.68
189.9281096458435	1.6909265294933042	1.68
189.94181370735168	1.6909265294933042	1.68
189.958354473114	1.6909265294933042	1.68
189.97237586975098	1.686154778984435	1.68
189.98478364944458	1.686154778984435	1.68
190.00030994415283	1.686154778984435	1.68
190.0160436630249	1.6831028247136146	1.68
190.03131413459778	1.6831028247136146	1.68
190.04856753349304	1.6831028247136146	1.68
190.06297135353088	1.6800817827753267	1.68
190.0779528617859	1.6800817827753267	1.68
190.09487438201904	1.6800817827753267	1.68
190.11261868476868	1.6771611132072681	1.68
190.12751078605652	1.6771611132072681	1.68
190.1431381702423	1.6771611132072681	1.68
190.16113305091858	1.6743745293677619	1.68
190.1777467727661	1.6743745293677619	1.68
190.19565844535828	1.6743745293677619	1.68
190.2124149799347	1.6722257136104228	1.68
190.22918248176575	1.6722257136104228	1.68
190.24953198432922	1.6722257136104228	1.68
190.269428730011	1.6708174927690547	1.68
190.28821182250977	1.6708174927690547	1.68
190.30757427215576	1.6708174927690547	1.68
190.32595109939575	1.669857830150971	1.68
190.343736410141	1.669857830150971	1.68
190.36056804656982	1.669178258454759	1.68
190.37397265434265	1.669178258454759	1.68
190.3878195285797	1.669178258454759	1.68
190.40519165992737	1.669178258454759	1.68
190.4206144809723	1.6689896902393937	1.68
190.43787264823914	1.6689896902393937	1.68
190.45516061782837	1.6689896902393937	1.68
190.46885657310486	1.6799779011658351	1.68
190.48450374603271	1.6799779011658351	1.68
190.50100803375244	1.6799779011658351	1.68
190.51683855056763	nan	1.68
190.53320956230164	nan	1.68
190.5491623878479	nan	1.68
190.56570315361023	nan	1.68
190.58280491828918	nan	1.68
190.59882998466492	nan	1.68
190.61473989486694	nan	1.68
190.63018321990967	nan	1.68
190.64799737930298	nan	1.68
190.66031742095947	nan	1.68
190.67627692222595	nan	1.68
190.69369435310364	nan	1.68
190.70755004882812	nan	1.68
190.72406005859375	nan	1.68
190.7381947040558	nan	1.68
190.7518880367279	nan	1.68
190.7761960029602	nan	1.68
190.79137325286865	nan	1.68
190.8098759651184	nan	1.68
190.82523703575134	nan	1.68
190.83966326713562	nan	1.68
190.85571193695068	nan	1.68
190.87167382240295	nan	1.68
190.8876757621765	nan	1.68
190.90351605415344	nan	1.68
190.91995692253113	nan	1.68
190.93691730499268	nan	1.68
190.9547951221466	nan	1.68
190.97171473503113	nan	1.68
190.98512387275696	nan	1.68
191.00230979919434	nan	1.68
191.02033638954163	nan	1.68
191.03532028198242	nan	1.68
191.052503824234	nan	1.68
191.06662273406982	nan	1.68
191.08026695251465	nan	1.68
191.09730863571167	nan	1.68
191.11470913887024	nan	1.68
191.13179683685303	nan	1.68
191.147855758667	nan	1.68
191.16274333000183	nan	1.68
191.178391456604	nan	1.68
191.1954038143158	nan	1.68
191.2112843990326	nan	1.68
191.22726917266846	nan	1.68
191.24587535858154	nan	1.68
191.26214575767517	nan	1.68
191.2783966064453	nan	1.68
191.29596972465515	nan	1.68
191.3113718032837	nan	1.68
191.3286690711975	nan	1.68
191.34434962272644	nan	1.68
191.36019706726074	nan	1.68
191.37656497955322	nan	1.68
191.3934395313263	nan	1.68
191.41241335868835	nan	1.68
191.4291112422943	nan	1.68
191.44263458251953	nan	1.68
191.46127223968506	nan	1.68
191.478657245636	nan	1.68
191.4953272342682	nan	1.68
191.51083707809448	nan	1.68
191.52837443351746	nan	1.68
191.54501366615295	nan	1.68
191.56168341636658	nan	1.68
191.57931971549988	nan	1.68
191.59310865402222	nan	1.68
191.61069869995117	nan	1.68
191.62682342529297	nan	1.68
191.64175415039062	nan	1.68
191.66215682029724	nan	1.68
191.67628169059753	nan	1.68
191.69464898109436	nan	1.68
191.71249675750732	nan	1.68
191.73035597801208	nan	1.68
191.74815845489502	nan	1.68
191.764221906662	nan	1.68
191.7809624671936	nan	1.68
191.79762816429138	nan	1.68
191.8149073123932	nan	1.68
191.82989740371704	nan	1.68
191.84598851203918	nan	1.68
191.8637056350708	nan	1.68
191.87988352775574	nan	1.68
191.89766216278076	nan	1.68
191.9119520187378	nan	1.68
191.92659902572632	nan	1.68
191.94340300559998	nan	1.68
191.95949268341064	nan	1.68
191.97695136070251	nan	1.68
191.9943971633911	nan	1.68
192.0092191696167	nan	1.68
192.0256369113922	nan	1.68
192.04109239578247	nan	1.68
192.05478358268738	nan	1.68
192.07228803634644	nan	1.68
192.08945512771606	nan	1.68
192.10570907592773	nan	1.68
192.12157082557678	nan	1.68
192.13734531402588	nan	1.68
192.15344882011414	nan	1.68
192.17167854309082	nan	1.68
192.18970584869385	nan	1.68
192.20539116859436	nan	1.68
192.22945737838745	nan	1.68
192.24464893341064	nan	1.68
192.26495575904846	nan	1.68
192.2796015739441	nan	1.68
192.295823097229	nan	1.68
192.31268572807312	nan	1.68
192.33095979690552	nan	1.68
192.3481423854828	nan	1.68
192.36509728431702	nan	1.68
192.38203644752502	nan	1.68
192.39758610725403	nan	1.68
192.41665935516357	nan	1.68
192.4306881427765	nan	1.68
192.44569301605225	nan	1.68
192.4640350341797	nan	1.68
192.47923851013184	nan	1.68
192.50021934509277	nan	1.68
192.5165138244629	nan	1.68
192.5300645828247	nan	1.68
192.54917073249817	nan	1.68
192.5665044784546	nan	1.68
192.5819079875946	nan	1.68
192.5977647304535	nan	1.68
192.61367535591125	nan	1.68
192.63004302978516	nan	1.68
192.64620280265808	nan	1.68
192.66407108306885	nan	1.68
192.6763551235199	nan	1.68
192.69268441200256	nan	1.68
192.70913767814636	nan	1.68
192.72311782836914	nan	1.68
192.7398271560669	nan	1.68
192.75554633140564	nan	1.68
192.76791262626648	nan	1.68
192.7864646911621	nan	1.68
192.8002462387085	nan	1.68
192.8122329711914	nan	1.68
192.82788562774658	nan	1.68
192.84348130226135	nan	1.68
192.85626411437988	nan	1.68
192.87384271621704	nan	1.68
192.8883979320526	nan	1.68
192.90184783935547	nan	1.68
192.91784477233887	nan	1.68
192.9334568977356	nan	1.68
192.95002365112305	nan	1.68
192.9656217098236	nan	1.68
192.98045468330383	nan	1.68
192.9958906173706	nan	1.68
193.01195859909058	nan	1.68
193.02840161323547	nan	1.68
193.04223108291626	nan	1.68
193.05594277381897	nan	1.68
193.07575583457947	nan	1.68
193.08911848068237	nan	1.68
193.1056146621704	nan	1.68
193.12123107910156	nan	1.68
193.13377332687378	nan	1.68
193.14953899383545	nan	1.68
193.1660876274109	nan	1.68
193.1822373867035	nan	1.68
193.19847202301025	nan	1.68
193.21375131607056	1.6560152188169295	1.68
193.2282063961029	1.6560152188169295	1.68
193.24488019943237	1.6560152188169295	1.68
193.26176238059998	1.659188557326246	1.68
193.27681303024292	1.659188557326246	1.68
193.2922008037567	1.659188557326246	1.68
193.30843806266785	1.6630691382169054	1.68
193.32332968711853	1.6630691382169054	1.68
193.33917927742004	1.6630691382169054	1.68
193.35499238967896	1.665677819535587	1.68
193.3681926727295	1.665677819535587	1.68
193.3842260837555	1.665677819535587	1.68
193.40067982673645	1.6685429871870974	1.68
193.41339683532715	1.6685429871870974	1.68
193.43049716949463	1.6685429871870974	1.68
193.4452531337738	1.6694963127140294	1.68
193.4576370716095	1.6694963127140294	1.68
193.4738438129425	1.6694963127140294	1.68
193.48854613304138	1.6700260796438804	1.68
193.50322008132935	1.6700260796438804	1.68
193.519611120224	1.6700260796438804	1.68
193.53378248214722	1.6698416508304377	1.68
193.54772567749023	1.6698416508304377	1.68
193.56409120559692	1.6698416508304377	1.68
193.57932567596436	1.6709337071374406	1.68
193.59490871429443	1.6709337071374406	1.68
193.61141872406006	1.6709337071374406	1.68
193.6285994052887	1.6702927980465319	1.68
193.64382934570312	1.6702927980465319	1.68
193.65754795074463	1.6702927980465319	1.68
193.67450523376465	1.6700264215368457	1.68
193.69008779525757	1.6700264215368457	1.68
193.70486068725586	1.6700264215368457	1.68
193.7216076850891	1.6706120934496784	1.68
193.73381924629211	1.6706120934496784	1.68
193.74773836135864	1.6706120934496784	1.68
193.76398944854736	1.6706120934496784	1.68
193.77995920181274	1.6707645521273644	1.68
193.79601740837097	1.6707645521273644	1.68
193.8115634918213	1.6707781098196723	1.68
193.82369804382324	1.6707781098196723	1.68
193.83938670158386	1.6707781098196723	1.68
193.855211019516	1.6707781098196723	1.68
193.87139701843262	1.669619929952703	1.68
193.88657355308533	1.669619929952703	1.68
193.90267133712769	1.6685224889589143	1.68
193.9190239906311	1.6685224889589143	1.68
193.93475317955017	1.6685224889589143	1.68
193.9508135318756	1.6681354775094246	1.68
193.96518397331238	1.6681354775094246	1.68
193.9798047542572	1.6681354775094246	1.68
193.9959373474121	1.668738926262887	1.68
194.01062297821045	1.668738926262887	1.68
194.02542757987976	1.668738926262887	1.68
194.04152393341064	1.6684571072551186	1.68
194.05440044403076	1.6684571072551186	1.68
194.0679702758789	1.6684571072551186	1.68
194.09895205497742	1.6694030818313899	1.68
194.11686253547668	1.6694030818313899	1.68
194.13377118110657	1.6694030818313899	1.68
194.150652885437	1.6708421680521794	1.68
194.1672079563141	1.6708421680521794	1.68
194.18544173240662	1.6708421680521794	1.68
194.20381379127502	1.6717182759988316	1.68
194.2217254638672	1.6717182759988316	1.68
194.23841381072998	1.6716600196963103	1.68
194.2545096874237	1.6716600196963103	1.68
194.27063727378845	1.6716600196963103	1.68
194.28656458854675	1.6713341266674644	1.68
194.29868721961975	1.6713341266674644	1.68
194.312673330307	1.6713341266674644	1.68
194.3291015625	1.6713341266674644	1.68
194.34344100952148	1.672950451935027	1.68
194.35973930358887	1.672950451935027	1.68
194.3759241104126	1.672950451935027	1.68
194.3919641971588	1.6749782653505114	1.68
194.41166949272156	1.6749782653505114	1.68
194.42903304100037	1.677699882846726	1.68
194.44484329223633	1.677699882846726	1.68
194.46116089820862	1.677699882846726	1.68
194.47766828536987	1.6805648506896744	1.68
194.49373030662537	1.6805648506896744	1.68
194.50935530662537	1.6805648506896744	1.68
194.52580547332764	1.6841994293413598	1.68
194.54032254219055	1.6841994293413598	1.68
194.5563657283783	1.6841994293413598	1.68
194.57294583320618	1.6865375797650883	1.68
194.58512711524963	1.6865375797650883	1.68
194.60042142868042	1.6865375797650883	1.68
194.61639833450317	1.6887131722383892	1.68
194.63046169281006	1.6887131722383892	1.68
194.64649176597595	1.6887131722383892	1.68
194.6627562046051	1.691629286151798	1.68
194.67534637451172	1.691629286151798	1.68
194.6909794807434	1.691629286151798	1.68
194.7063331604004	1.6946137849692893	1.68
194.72196125984192	1.6946137849692893	1.68
194.73821425437927	1.6946137849692893	1.68
194.75335359573364	1.6964381921161924	1.68
194.7695152759552	1.6964381921161924	1.68
194.7863392829895	1.6964381921161924	1.68
194.8024070262909	1.6971225359308697	1.68
194.81551027297974	1.6971225359308697	1.68
194.82992100715637	1.6971225359308697	1.68
194.84710264205933	1.6975721148078748	1.68
194.8612883090973	1.6975721148078748	1.68
194.8770751953125	1.6975721148078748	1.68
194.8922324180603	1.6968103039247346	1.68
194.90439128875732	1.6968103039247346	1.68
194.91913270950317	1.6968103039247346	1.68
194.93512105941772	1.6968103039247346	1.68
194.95018482208252	1.6956455213160393	1.68
194.9665699005127	1.6956455213160393	1.68
194.98268485069275	1.6936869520389308	1.68
194.99481987953186	1.6936869520389308	1.68
195.01000046730042	1.6936869520389308	1.68
195.0265076160431	1.6936869520389308	1.68
195.04171347618103	1.6945834572910314	1.68
195.05676651000977	1.6945834572910314	1.68
195.0720624923706	1.6918741764677396	1.68
195.0864634513855	1.6918741764677396	1.68
195.1030673980713	1.6918741764677396	1.68
195.11931586265564	1.6877898660613397	1.68
195.132803440094	1.6877898660613397	1.68
195.14864587783813	1.6877898660613397	1.68
195.1655776500702	1.6836133030335492	1.68
195.17993760108948	1.6836133030335492	1.68
195.19410800933838	1.6836133030335492	1.68
195.21013474464417	1.6811244680425446	1.68
195.22678065299988	1.6811244680425446	1.68
195.24053716659546	1.6811244680425446	1.68
195.25671553611755	1.6791782121673133	1.68
195.26955246925354	1.6791782121673133	1.68
195.2809557914734	1.6791782121673133	1.68
195.2965931892395	1.6791782121673133	1.68
195.31198740005493	1.6770984073887587	1.68
195.32692742347717	1.6770984073887587	1.68
195.34296822547913	1.6770984073887587	1.68
195.35666584968567	1.6748643212367793	1.68
195.37136721611023	1.6748643212367793	1.68
195.38729882240295	1.6748643212367793	1.68
195.4038314819336	1.6734863492753167	1.68
195.41950392723083	1.6734863492753167	1.68
195.43467593193054	1.6734863492753167	1.68
195.44981861114502	1.6724148626865034	1.68
195.46552634239197	1.6724148626865034	1.68
195.48105835914612	1.6724148626865034	1.68
195.49708342552185	1.6693378570762363	1.68
195.50906920433044	1.6693378570762363	1.68
195.52440071105957	1.6693378570762363	1.68
195.54029655456543	1.6686194866026987	1.68
195.55438613891602	1.6686194866026987	1.68
195.57018184661865	1.6686194866026987	1.68
195.58469104766846	1.6680727206737813	1.68
195.5964081287384	1.6680727206737813	1.68
195.61305236816406	1.6680727206737813	1.68
195.62992978096008	1.667771642881517	1.68
195.6446406841278	1.667771642881517	1.68
195.66058135032654	1.667771642881517	1.68
195.6764359474182	1.667771642881517	1.68
195.69130635261536	1.668207525495355	1.68
195.70720410346985	1.668207525495355	1.68
195.72541403770447	1.6685143452201046	1.68
195.7419114112854	1.6685143452201046	1.68
195.75677800178528	1.6685143452201046	1.68
195.77475666999817	1.668495711305	1.68
195.79045939445496	1.668495711305	1.68
195.80534648895264	1.668495711305	1.68
195.82220792770386	1.6699115139641563	1.68
195.83749127388	1.6699115139641563	1.68
195.8546965122223	1.6699115139641563	1.68
195.87122631072998	1.6702600555935407	1.68
195.89232063293457	1.6702600555935407	1.68
195.90989422798157	1.6702600555935407	1.68
195.92825293540955	1.670289045885692	1.68
195.94864177703857	1.670289045885692	1.68
195.96510410308838	1.670289045885692	1.68
195.98200821876526	1.6702849324170426	1.68
195.9965844154358	1.6702849324170426	1.68
196.0141363143921	1.6702849324170426	1.68
196.02915954589844	1.6707819895598994	1.68
196.0412974357605	1.6707819895598994	1.68
196.057213306427	1.6707819895598994	1.68
196.07390570640564	1.6712421062875553	1.68
196.0887258052826	1.6712421062875553	1.68
196.1065878868103	1.6712421062875553	1.68
196.12158489227295	1.6724000474497829	1.68
196.1346161365509	1.6724000474497829	1.68
196.15104222297668	1.6724000474497829	1.68
196.16683745384216	1.6730319102162032	1.68
196.18344068527222	1.6730319102162032	1.68
196.19959926605225	1.6730319102162032	1.68
196.2167046070099	1.6736904588640518	1.68
196.23353672027588	1.6736904588640518	1.68
196.2502257823944	1.6746285123662552	1.68
196.26584911346436	1.6746285123662552	1.68
196.27943921089172	1.6746285123662552	1.68
196.2954294681549	1.6744635063853939	1.68
196.31100010871887	1.6744635063853939	1.68
196.32565259933472	1.6744635063853939	1.68
196.34233832359314	1.6741354516467541	1.68
196.3550386428833	1.6741354516467541	1.68
196.36727714538574	1.6741354516467541	1.68
196.38722276687622	1.6734625633743707	1.68
196.40212202072144	1.6734625633743707	1.68
196.4184012413025	1.6734625633743707	1.68
196.4339461326599	1.6731877933456005	1.68
196.44728326797485	1.6731877933456005	1.68
196.462464094162	1.6731877933456005	1.68
196.4782431125641	1.6732820808502626	1.68
196.4936285018921	1.6732820808502626	1.68
196.50948786735535	1.6732820808502626	1.68
196.5250759124756	1.672521053278437	1.68
196.5381088256836	1.672521053278437	1.68
196.55405855178833	1.672521053278437	1.68
196.56961107254028	1.6722687354886798	1.68
196.5836570262909	1.6722687354886798	1.68
196.59939169883728	1.6722687354886798	1.68
196.61653685569763	1.6703489974362185	1.68
196.63268375396729	1.6703489974362185	1.68
196.6463418006897	1.6703489974362185	1.68
196.6630392074585	1.6682543986909402	1.68
196.67814922332764	1.6682543986909402	1.68
196.69386982917786	1.6682543986909402	1.68
196.7101674079895	1.6665964846188106	1.68
196.72285985946655	1.6665964846188106	1.68
196.73545002937317	1.6665964846188106	1.68
196.75223302841187	1.6665964846188106	1.68
196.76625061035156	1.66566526101339	1.68
196.78074145317078	1.66566526101339	1.68
196.79663181304932	1.66566526101339	1.68
196.81026577949524	1.665077169009009	1.68
196.8227288722992	1.665077169009009	1.68
196.83849143981934	1.665077169009009	1.68
196.8547055721283	1.6645358103551628	1.68
196.870525598526	1.6645358103551628	1.68
196.88572335243225	1.6645358103551628	1.68
196.89975810050964	1.6646276990450026	1.68
196.91562223434448	1.6646276990450026	1.68
196.93167924880981	1.6646276990450026	1.68
196.94812750816345	1.6652818652333963	1.68
196.96071195602417	1.6652818652333963	1.68
196.97545313835144	1.6652818652333963	1.68
196.99120140075684	1.6681375184067533	1.68
197.0056722164154	1.6681375184067533	1.68
197.02132940292358	1.6681375184067533	1.68
197.03668069839478	1.6704756152571765	1.68
197.04858255386353	1.6704756152571765	1.68
197.06247544288635	1.6704756152571765	1.68
197.0788230895996	1.6752370416037046	1.68
197.09213519096375	1.6752370416037046	1.68
197.1073818206787	1.6752370416037046	1.68
197.1228482723236	1.6752370416037046	1.68
197.13537335395813	1.679606888711345	1.68
197.15414357185364	1.679606888711345	1.68
197.17008137702942	1.6831310455293476	1.68
197.18646335601807	1.6831310455293476	1.68
197.20321559906006	1.6831310455293476	1.68
197.21946454048157	1.6870425590482707	1.68
197.23623704910278	1.6870425590482707	1.68
197.25395965576172	1.6870425590482707	1.68
197.27440810203552	1.6908814281058189	1.68
197.29039669036865	1.6908814281058189	1.68
197.30657815933228	1.6908814281058189	1.68
197.323424577713	1.6959779906058188	1.68
197.33932161331177	1.6959779906058188	1.68
197.35524153709412	1.6959779906058188	1.68
197.3721842765808	1.6999114448051782	1.68
197.3869230747223	1.6999114448051782	1.68
197.4029037952423	1.6999114448051782	1.68
197.41687035560608	1.7030015061763493	1.68
197.43007564544678	1.7030015061763493	1.68
197.4461224079132	1.7030015061763493	1.68
197.46285557746887	1.7052763461791707	1.68
197.4792582988739	1.7052763461791707	1.68
197.49441814422607	1.707284460549451	1.68
197.50673151016235	1.707284460549451	1.68
197.52330827713013	1.707284460549451	1.68
197.53974199295044	1.707284460549451	1.68
197.55541372299194	1.708632126594227	1.68
197.57046127319336	1.708632126594227	1.68
197.58530044555664	1.708632126594227	1.68
197.60052466392517	1.7097588884596626	1.68
197.61519122123718	1.7097588884596626	1.68
197.63093519210815	1.7097588884596626	1.68
197.6458239555359	1.7113879792523523	1.68
197.65796208381653	1.7113879792523523	1.68
197.6741201877594	1.7113879792523523	1.68
197.69047689437866	1.711908093046984	1.68
197.7043650150299	1.711908093046984	1.68
197.72104382514954	1.711908093046984	1.68
197.73428535461426	1.712144419793632	1.68
197.74744939804077	1.712144419793632	1.68
197.76277017593384	1.712144419793632	1.68
197.7786087989807	1.7111553716284942	1.68
197.79477834701538	1.7111553716284942	1.68
197.81060338020325	1.7111553716284942	1.68
197.82546997070312	1.7108718553914908	1.68
197.84063172340393	1.7108718553914908	1.68
197.85651183128357	1.7108718553914908	1.68
197.87312650680542	1.7106554357267794	1.68
197.88656091690063	1.7106554357267794	1.68
197.90247535705566	1.7106554357267794	1.68
197.919992685318	1.7100817216714799	1.68
197.93633151054382	1.7100817216714799	1.68
197.95384097099304	1.7100817216714799	1.68
197.9676797389984	1.7096824446012682	1.68
197.97931027412415	1.7096824446012682	1.68
197.9960241317749	1.7096824446012682	1.68
198.0124659538269	1.7091234504876947	1.68
198.02728629112244	1.7091234504876947	1.68
198.04342913627625	1.7091234504876947	1.68
198.05784392356873	1.709036575727342	1.68
198.07319808006287	1.709036575727342	1.68
198.09007263183594	1.709036575727342	1.68
198.1044728755951	1.7080668682399185	1.68
198.11864638328552	1.7080668682399185	1.68
198.13697361946106	1.7080668682399185	1.68
198.15236592292786	1.7073646607723858	1.68
198.16717314720154	1.7073646607723858	1.68
198.18400740623474	1.7073646607723858	1.68
198.1990430355072	1.7070289393529214	1.68
198.21543288230896	1.7070289393529214	1.68
198.232008934021	1.7070289393529214	1.68
198.24767899513245	1.7065606755711564	1.68
198.26011967658997	1.7065606755711564	1.68
198.2755184173584	1.7065606755711564	1.68
198.29218339920044	1.705989790914081	1.68
198.306654214859	1.705989790914081	1.68
198.32344770431519	1.705989790914081	1.68
198.33800339698792	1.7060097510477648	1.68
198.3501160144806	1.7060097510477648	1.68
198.366046667099	1.7060097510477648	1.68
198.3809745311737	1.7056118243953127	1.68
198.3939824104309	1.7056118243953127	1.68
198.40971636772156	1.7056118243953127	1.68
198.4247076511383	1.705872786587357	1.68
198.43782329559326	1.705872786587357	1.68
198.45417141914368	1.705872786587357	1.68
198.46996450424194	1.7053467150931958	1.68
198.48552441596985	1.7053467150931958	1.68
198.4999213218689	1.7053467150931958	1.68
198.51497173309326	1.7054528280357537	1.68
198.53090238571167	1.7054528280357537	1.68
198.54575991630554	1.7054528280357537	1.68
198.56299829483032	1.707472814448797	1.68
198.5762541294098	1.707472814448797	1.68
198.59039759635925	1.707472814448797	1.68
198.6078600883484	1.7088025787345114	1.68
198.62224531173706	1.7088025787345114	1.68
198.63696026802063	1.7088025787345114	1.68
198.65292978286743	1.710985601453784	1.68
198.66536164283752	1.710985601453784	1.68
198.67985367774963	1.710985601453784	1.68
198.69630551338196	1.7136837455924678	1.68
198.71162700653076	1.7136837455924678	1.68
198.72726392745972	1.7136837455924678	1.68
198.74352836608887	1.7160600655585223	1.68
198.75511240959167	1.7160600655585223	1.68
198.7705361843109	1.7160600655585223	1.68
198.78678631782532	1.7160600655585223	1.68
198.8023533821106	1.7189307200057542	1.68
198.81687211990356	1.7189307200057542	1.68
198.83260655403137	1.7189307200057542	1.68
198.8490970134735	1.721334115349395	1.68
198.86440515518188	1.721334115349395	1.68
198.87941527366638	1.7228979314394735	1.68
198.89463806152344	1.7228979314394735	1.68
198.91025519371033	1.7228979314394735	1.68
198.9269998073578	1.726315818179805	1.68
198.94147205352783	1.726315818179805	1.68
198.95570135116577	1.726315818179805	1.68
198.97289776802063	1.7301957809845299	1.68
198.98725295066833	1.7301957809845299	1.68
199.00277256965637	1.7301957809845299	1.68
199.02317690849304	1.7327207489332477	1.68
199.036039352417	1.7327207489332477	1.68
199.0518832206726	1.7327207489332477	1.68
199.06735849380493	1.7345107081723783	1.68
199.08232975006104	1.7345107081723783	1.68
199.09894347190857	1.7345107081723783	1.68
199.11302828788757	1.7357217562752107	1.68
199.1264832019806	1.7357217562752107	1.68
199.1429603099823	1.7357217562752107	1.68
199.15937066078186	1.7375152184960374	1.68
199.17608880996704	1.7375152184960374	1.68
199.19171619415283	1.7375152184960374	1.68
199.20673274993896	1.7398342097086297	1.68
199.22318172454834	1.7398342097086297	1.68
199.2396354675293	1.7398342097086297	1.68
199.25615406036377	1.74049437115677	1.68
199.26846599578857	1.74049437115677	1.68
199.28380942344666	1.74049437115677	1.68
199.29973220825195	1.7411589952571933	1.68
199.3139295578003	1.7411589952571933	1.68
199.33072137832642	1.7411589952571933	1.68
199.34755539894104	1.7399295093700964	1.68
199.3592758178711	1.7399295093700964	1.68
199.3746337890625	1.7399295093700964	1.68
199.3896918296814	1.7363922774208809	1.68
199.40598845481873	1.7363922774208809	1.68
199.4222321510315	1.7363922774208809	1.68
199.43606305122375	1.7321493373270074	1.68
199.44945001602173	1.7321493373270074	1.68
199.46602034568787	1.7321493373270074	1.68
199.4835479259491	1.726779698325658	1.68
199.497709274292	1.726779698325658	1.68
199.51321601867676	1.726779698325658	1.68
199.52922773361206	1.7226778863468013	1.68
199.54569554328918	1.7226778863468013	1.68
199.56190967559814	1.7226778863468013	1.68
199.5784273147583	1.7177834380430614	1.68
199.5909731388092	1.7177834380430614	1.68
199.60717487335205	1.7177834380430614	1.68
199.62376737594604	1.7119511110217585	1.68
199.63617873191833	1.7119511110217585	1.68
199.65215873718262	1.7119511110217585	1.68
199.66811347007751	1.705729608229	1.68
199.68060445785522	1.705729608229	1.68
199.69577717781067	1.705729608229	1.68
199.7111189365387	1.7003852243503093	1.68
199.72283053398132	1.7003852243503093	1.68
199.73595452308655	1.7003852243503093	1.68
199.75228333473206	1.7003852243503093	1.68
199.76705169677734	1.6956670857499603	1.68
199.78371024131775	1.6956670857499603	1.68
199.7998366355896	1.6956670857499603	1.68
199.81246495246887	1.6917672381832998	1.68
199.8270983695984	1.6917672381832998	1.68
199.8442976474762	1.6917672381832998	1.68
199.85990953445435	1.6894600765935788	1.68
199.87341380119324	1.6894600765935788	1.68
199.8893654346466	1.6894600765935788	1.68
199.90577745437622	1.686997307164198	1.68
199.91959643363953	1.686997307164198	1.68
199.93554282188416	1.686997307164198	1.68
199.9499614238739	1.6864086827622837	1.68
199.96274876594543	1.6864086827622837	1.68
199.98168087005615	1.6864086827622837	1.68
199.99640202522278	1.6846352283591528	1.68
200.01167154312134	1.6846352283591528	1.68
200.02808260917664	1.6846352283591528	1.68
200.04087686538696	1.6834903248632151	1.68
200.0538308620453	1.6834903248632151	1.68
200.07107949256897	1.6834903248632151	1.68
200.08703470230103	1.6836412503290539	1.68
200.10335659980774	1.6836412503290539	1.68
200.11970472335815	1.6836412503290539	1.68
200.13327264785767	1.6827212688900854	1.68
200.1487283706665	1.6827212688900854	1.68
200.16521668434143	1.6827212688900854	1.68
200.1826274394989	1.683056124197348	1.68
200.196528673172	1.683056124197348	1.68
200.21335005760193	1.6828998337126486	1.68
200.2298321723938	1.6828998337126486	1.68
200.24691796302795	1.6828998337126486	1.68
200.26432538032532	1.683093546567814	1.68
200.27729749679565	1.683093546567814	1.68
200.29113721847534	1.683093546567814	1.68
200.30696606636047	1.6834335319322693	1.68
200.32283473014832	1.6834335319322693	1.68
200.3385946750641	1.6834335319322693	1.68
200.3559582233429	1.6829975604589436	1.68
200.37213802337646	1.6829975604589436	1.68
200.38900423049927	1.6829975604589436	1.68
200.4058358669281	1.6817589663786052	1.68
200.41926383972168	1.6817589663786052	1.68
200.43560457229614	1.6817589663786052	1.68
200.4511001110077	1.6825270955436231	1.68
200.4660828113556	1.6825270955436231	1.68
200.48197627067566	1.6825270955436231	1.68
200.4953908920288	1.6834262039335037	1.68
200.51080322265625	1.6834262039335037	1.68
200.5274384021759	1.6834262039335037	1.68
200.54390621185303	1.6836163933744976	1.68
200.55857038497925	1.6836163933744976	1.68
200.57408452033997	1.6836163933744976	1.68
200.58992171287537	1.6854775589637179	1.68
200.6050431728363	1.6854775589637179	1.68
200.62392807006836	1.6854775589637179	1.68
200.63836145401	1.6848491702951627	1.68
200.65026998519897	1.6848491702951627	1.68
200.66598868370056	1.6848491702951627	1.68
200.6818823814392	1.684514949794174	1.68
200.6941921710968	1.684514949794174	1.68
200.71005725860596	1.684514949794174	1.68
200.72387504577637	1.684130293655708	1.68
200.73648953437805	1.684130293655708	1.68
200.7522611618042	1.684130293655708	1.68
200.7683675289154	1.6826348490396295	1.68
200.78416061401367	1.6826348490396295	1.68
200.79974365234375	1.6826348490396295	1.68
200.81460809707642	1.6819343609416335	1.68
200.82938838005066	1.6819343609416335	1.68
200.84664797782898	1.6819343609416335	1.68
200.8626971244812	1.6812192814791558	1.68
200.876158952713	1.6812192814791558	1.68
200.89196753501892	1.6812192814791558	1.68
200.90834975242615	1.6800157534984457	1.68
200.9232153892517	1.6800157534984457	1.68
200.9383623600006	1.6800157534984457	1.68
200.95429039001465	1.6779122566867428	1.68
200.966735124588	1.6779122566867428	1.68
200.9801480770111	1.6779122566867428	1.68
200.99597907066345	1.6779122566867428	1.68
201.00972080230713	1.674643147602892	1.68
201.02535390853882	1.674643147602892	1.68
201.04068303108215	1.674643147602892	1.68
201.05319714546204	1.6703117681148996	1.68
201.0672345161438	1.6703117681148996	1.68
201.08330082893372	1.6703117681148996	1.68
201.09712600708008	1.6668934156755832	1.68
201.10935854911804	1.6668934156755832	1.68
201.12571477890015	1.6668934156755832	1.68
201.1419379711151	1.6634918438985795	1.68
201.1575801372528	1.6634918438985795	1.68
201.17258596420288	1.6634918438985795	1.68
201.1867172718048	1.66046911417012	1.68
201.20134449005127	1.66046911417012	1.68
201.21737122535706	1.66046911417012	1.68
201.2341549396515	1.6578258191235378	1.68
201.24890446662903	1.6578258191235378	1.68
201.26461577415466	1.6578258191235378	1.68
201.28031992912292	1.655662874828786	1.68
201.29408478736877	1.655662874828786	1.68
201.31039547920227	1.655662874828786	1.68
201.32558155059814	1.6540638480634353	1.68
201.33795046806335	1.6540638480634353	1.68
201.3533275127411	1.6540638480634353	1.68
201.36883211135864	1.6521227216356213	1.68
201.38106155395508	1.6521227216356213	1.68
201.39651441574097	1.6521227216356213	1.68
201.41194486618042	1.6517006850547902	1.68
201.42337942123413	1.6517006850547902	1.68
201.4368805885315	1.6517006850547902	1.68
201.45333576202393	1.6517006850547902	1.68
201.46846294403076	1.6523011325722117	1.68
201.48400402069092	1.6523011325722117	1.68
201.49951696395874	1.6523011325722117	1.68
201.51421642303467	1.6530572666515906	1.68
201.52990555763245	1.6530572666515906	1.68
201.54623675346375	1.6530572666515906	1.68
201.56207418441772	1.653482733123894	1.68
201.5749318599701	1.653482733123894	1.68
201.5909869670868	1.653482733123894	1.68
201.6074116230011	1.654782483064535	1.68
201.62145400047302	1.654782483064535	1.68
201.63750576972961	1.654782483064535	1.68
201.65048146247864	1.656302470948971	1.68
201.6627254486084	1.656302470948971	1.68
201.6783971786499	1.656302470948971	1.68
201.69362020492554	1.6582260048452973	1.68
201.70865511894226	1.6582260048452973	1.68
201.7249162197113	1.6582260048452973	1.68
201.73762941360474	1.660537590539569	1.68
201.75028729438782	1.660537590539569	1.68
201.76633834838867	1.660537590539569	1.68
201.7817826271057	1.6635898757759648	1.68
201.79853773117065	1.6635898757759648	1.68
201.81494998931885	1.6635898757759648	1.68
201.82721829414368	1.6682833331623286	1.68
201.8431158065796	1.6682833331623286	1.68
201.85917854309082	1.6682833331623286	1.68
201.87106704711914	1.6719866105943393	1.68
201.88578724861145	1.6719866105943393	1.68
201.90212082862854	1.6719866105943393	1.68
201.92015147209167	1.676447548558284	1.68
201.934321641922	1.676447548558284	1.68
201.9503836631775	1.676447548558284	1.68
201.96573853492737	1.6816097358460804	1.68
201.97988080978394	1.6816097358460804	1.68
201.99734258651733	1.6816097358460804	1.68
202.01224303245544	1.687053616523945	1.68
202.0247130393982	1.687053616523945	1.68
202.0405569076538	1.687053616523945	1.68
202.05792951583862	1.692055844480878	1.68
202.07017731666565	1.692055844480878	1.68
202.08864784240723	1.692055844480878	1.68
202.10172510147095	1.6967563658604667	1.68
202.11445021629333	1.6967563658604667	1.68
202.1308629512787	1.6967563658604667	1.68
202.1470537185669	1.7012279150886254	1.68
202.1622974872589	1.7012279150886254	1.68
202.17804193496704	1.7012279150886254	1.68
202.1923942565918	1.7035239176120573	1.68
202.20702743530273	1.7035239176120573	1.68
202.22403025627136	1.7035239176120573	1.68
202.2423038482666	1.7049029807024756	1.68
202.25613260269165	1.7049029807024756	1.68
202.27152514457703	1.7049029807024756	1.68
202.28796339035034	1.7045435839633452	1.68
202.30276536941528	1.7045435839633452	1.68
202.31886649131775	1.7045435839633452	1.68
202.33378148078918	1.7032402226188075	1.68
202.34607672691345	1.7032402226188075	1.68
202.36286687850952	1.7032402226188075	1.68
202.3780074119568	1.7008151480140643	1.68
202.3928370475769	1.7008151480140643	1.68
202.40974497795105	1.7008151480140643	1.68
202.42380571365356	1.6976387804592055	1.68
202.43757367134094	1.6976387804592055	1.68
202.45359873771667	1.6976387804592055	1.68
202.46803903579712	1.6939584274781339	1.68
202.48335766792297	1.6939584274781339	1.68
202.49867606163025	1.6939584274781339	1.68
202.5130660533905	1.6894104813589852	1.68
202.52901530265808	1.6894104813589852	1.68
202.54652881622314	1.6894104813589852	1.68
202.56319189071655	1.6850333229301662	1.68
202.57637000083923	1.6850333229301662	1.68
202.5921642780304	1.6850333229301662	1.68
202.60809111595154	1.6808328072127057	1.68
202.62279343605042	1.6808328072127057	1.68
202.6377031803131	1.6808328072127057	1.68
202.65456318855286	1.6777481880991325	1.68
202.6689965724945	1.6777481880991325	1.68
202.6868360042572	1.6777481880991325	1.68
202.70156836509705	1.674124875008714	1.68
202.71348428726196	1.674124875008714	1.68
202.73078989982605	1.674124875008714	1.68
202.74615597724915	1.67080217935654	1.68
202.7607297897339	1.67080217935654	1.68
202.7766773700714	1.67080217935654	1.68
202.78981828689575	1.6688955748544039	1.68
202.80209922790527	1.6688955748544039	1.68
202.81858706474304	1.6688955748544039	1.68
202.83386421203613	1.668204502301957	1.68
202.849139213562	1.668204502301957	1.68
202.86477422714233	1.668204502301957	1.68
202.88008379936218	1.668039407365248	1.68
202.8954827785492	1.668039407365248	1.68
202.91459608078003	1.668039407365248	1.68
202.9308750629425	1.66866967097069	1.68
202.94422698020935	1.66866967097069	1.68
202.95941042900085	1.66866967097069	1.68
202.97613430023193	1.671290079520962	1.68
202.99019646644592	1.671290079520962	1.68
203.0071907043457	1.671290079520962	1.68
203.0222008228302	1.6742003361128124	1.68
203.0370717048645	1.6742003361128124	1.68
203.05281829833984	1.6742003361128124	1.68
203.06761360168457	1.677050331521444	1.68
203.08210968971252	1.677050331521444	1.68
203.09823989868164	1.677050331521444	1.68
203.1137626171112	1.6787568127631638	1.68
203.12697172164917	1.6787568127631638	1.68
203.14359784126282	1.6787568127631638	1.68
203.15964031219482	1.6825385852729506	1.68
203.17460918426514	1.6825385852729506	1.68
203.19067811965942	1.6825385852729506	1.68
203.2064356803894	1.6854005967819021	1.68
203.22286653518677	1.6854005967819021	1.68
203.24102473258972	1.6854005967819021	1.68
203.2573812007904	1.6873332136838566	1.68
203.27362966537476	1.6873332136838566	1.68
203.2906458377838	1.6882139438552397	1.68
203.30628490447998	1.6882139438552397	1.68
203.32144975662231	1.6882139438552397	1.68
203.33732295036316	1.6882139438552397	1.68
203.352472782135	1.6885525132013974	1.68
203.3655230998993	1.6885525132013974	1.68
203.38514518737793	1.6885525132013974	1.68
203.39901566505432	1.688427331341361	1.68
203.41519904136658	1.688427331341361	1.68
203.43176245689392	1.688427331341361	1.68
203.44637656211853	1.6860351999412342	1.68
203.4633412361145	1.6860351999412342	1.68
203.47862315177917	1.682540953811964	1.68
203.49062275886536	1.682540953811964	1.68
203.50595211982727	1.682540953811964	1.68
203.52224349975586	1.679377517860089	1.68
203.5376479625702	1.679377517860089	1.68
203.55357241630554	1.679377517860089	1.68
203.5690529346466	1.6765329673588645	1.68
203.58434915542603	1.6765329673588645	1.68
203.5996310710907	1.6765329673588645	1.68
203.61769580841064	1.6719168620683071	1.68
203.63153648376465	1.6719168620683071	1.68
203.64481592178345	1.6719168620683071	1.68
203.66035151481628	1.6660594645512266	1.68
203.67734289169312	1.6660594645512266	1.68
203.69230818748474	1.6660594645512266	1.68
203.70804476737976	1.6606968608995225	1.68
203.71995520591736	1.6606968608995225	1.68
203.73333501815796	1.6606968608995225	1.68
203.74925255775452	1.6606968608995225	1.68
203.76362657546997	1.655394515343524	1.68
203.7791244983673	1.655394515343524	1.68
203.7953863143921	1.655394515343524	1.68
203.80811834335327	1.6504077605473353	1.68
203.82333040237427	1.6504077605473353	1.68
203.83931970596313	1.6504077605473353	1.68
203.85443139076233	1.6455822757407053	1.68
203.86882066726685	1.6455822757407053	1.68
203.8852300643921	1.6455822757407053	1.68
203.90011596679688	1.6414020574729964	1.68
203.915141582489	1.6414020574729964	1.68
203.9309287071228	1.6414020574729964	1.68
203.94634246826172	1.6378948695975524	1.68
203.95867085456848	1.6378948695975524	1.68
203.9741611480713	1.6378948695975524	1.68
203.99049544334412	1.6326900494232113	1.68
204.00345182418823	1.6326900494232113	1.68
204.02055191993713	1.6326900494232113	1.68
204.03571200370789	1.6288593678272485	1.68
204.05193734169006	1.6288593678272485	1.68
204.06854891777039	1.6288593678272485	1.68
204.08725762367249	1.625133683729087	1.68
204.1047682762146	1.625133683729087	1.68
204.12027215957642	1.625133683729087	1.68
204.1349446773529	1.6243371311396626	1.68
204.15157008171082	1.6243371311396626	1.68
204.16761779785156	1.6243371311396626	1.68
204.18105268478394	1.6239440777501302	1.68
204.19800686836243	1.6239440777501302	1.68
204.21448349952698	1.6239440777501302	1.68
204.23242831230164	1.6240283873339887	1.68
204.24872136116028	1.6240283873339887	1.68
204.26556134223938	1.62468245276116	1.68
204.28131675720215	1.62468245276116	1.68
204.29489660263062	1.62468245276116	1.68
204.31104946136475	1.62468245276116	1.68
204.32871556282043	1.6256432164597903	1.68
204.34562015533447	1.6256432164597903	1.68
204.36175560951233	1.6266641478066497	1.68
204.37604808807373	1.6266641478066497	1.68
204.3929479122162	1.6266641478066497	1.68
204.40680837631226	1.629311775907965	1.68
204.41937136650085	1.629311775907965	1.68
204.43449354171753	1.629311775907965	1.68
204.45049571990967	1.632862461463611	1.68
204.46625304222107	1.632862461463611	1.68
204.48183679580688	1.632862461463611	1.68
204.49787092208862	1.63565406739512	1.68
204.51352500915527	1.63565406739512	1.68
204.5295045375824	1.63565406739512	1.68
204.54597353935242	1.6393183857094589	1.68
204.55879068374634	1.6393183857094589	1.68
204.57329297065735	1.6393183857094589	1.68
204.58944416046143	1.64225817679581	1.68
204.60426425933838	1.64225817679581	1.68
204.61852955818176	1.64225817679581	1.68
204.63463926315308	1.6453100063111776	1.68
204.64633893966675	1.6453100063111776	1.68
204.6585454940796	1.6453100063111776	1.68
204.67414164543152	1.6453100063111776	1.68
204.6887333393097	1.648936934607086	1.68
204.70299458503723	1.648936934607086	1.68
204.72743678092957	1.648936934607086	1.68
204.74591302871704	1.6525764380281935	1.68
204.7623748779297	1.6525764380281935	1.68
204.77883887290955	1.6569405225438492	1.68
204.79466772079468	1.6569405225438492	1.68
204.8097779750824	1.6569405225438492	1.68
204.82561039924622	1.6620235293991008	1.68
204.84041166305542	1.6620235293991008	1.68
204.85645198822021	1.6620235293991008	1.68
204.87302350997925	1.66531246114691	1.68
204.88545656204224	1.66531246114691	1.68
204.8996765613556	1.66531246114691	1.68
204.9158194065094	1.668914056148538	1.68
204.92937994003296	1.668914056148538	1.68
204.94287085533142	1.668914056148538	1.68
204.95858001708984	1.668914056148538	1.68
204.9727921485901	1.672754988214837	1.68
204.986811876297	1.672754988214837	1.68
205.00403666496277	1.672754988214837	1.68
205.0177299976349	1.6736604118176193	1.68
205.0329134464264	1.6736604118176193	1.68
205.0492856502533	1.6736604118176193	1.68
205.06644463539124	1.6740640567201261	1.68
205.08365106582642	1.6740640567201261	1.68
205.0993583202362	1.6740640567201261	1.68
205.11300039291382	1.673571548479261	1.68
205.1293272972107	1.673571548479261	1.68
205.14684176445007	1.6724160135172652	1.68
205.16264081001282	1.6724160135172652	1.68
205.17616772651672	1.6724160135172652	1.68
205.19164395332336	1.6724160135172652	1.68
205.20724391937256	1.6703070552696306	1.68
205.22966194152832	1.6703070552696306	1.68
205.24621033668518	1.6668942641205629	1.68
205.2602243423462	1.6668942641205629	1.68
205.2776641845703	1.6668942641205629	1.68
205.2931113243103	1.6624816424004458	1.68
205.30662631988525	1.6624816424004458	1.68
205.32400465011597	1.6624816424004458	1.68
205.33719611167908	1.6576320901634625	1.68
205.35112476348877	1.6576320901634625	1.68
205.36698007583618	1.6576320901634625	1.68
205.3838827610016	1.6517083663859995	1.68
205.39981603622437	1.6517083663859995	1.68
205.41505432128906	1.6517083663859995	1.68
205.4301562309265	1.6471345517717602	1.68
205.446635723114	1.6471345517717602	1.68
205.46325993537903	1.6471345517717602	1.68
205.479501247406	1.6446587346662267	1.68
205.4922800064087	1.6446587346662267	1.68
205.50842761993408	1.6446587346662267	1.68
205.5251224040985	1.6427587655905964	1.68
205.53824138641357	1.6427587655905964	1.68
205.55413627624512	1.6427587655905964	1.68
205.56776309013367	1.6415259893475027	1.68
205.57926154136658	1.6415259893475027	1.68
205.59562826156616	1.6415259893475027	1.68
205.6107337474823	1.640248395583147	1.68
205.62279534339905	1.640248395583147	1.68
205.63605451583862	1.640248395583147	1.68
205.65255212783813	1.6392409834364703	1.68
205.666081905365	1.6392409834364703	1.68
205.6805238723755	1.6392409834364703	1.68
205.6976819038391	1.638656676371253	1.68
205.7098696231842	1.638656676371253	1.68
205.72516322135925	1.638656676371253	1.68
205.74135899543762	1.638656676371253	1.68
205.7567458152771	1.638814918219079	1.68
205.7715883255005	1.638814918219079	1.68
205.78723239898682	1.638814918219079	1.68
205.8039436340332	1.640468746517086	1.68
205.81949710845947	1.640468746517086	1.68
205.8356969356537	1.640468746517086	1.68
205.85148692131042	1.643204856746515	1.68
205.86442518234253	1.643204856746515	1.68
205.88265419006348	1.643204856746515	1.68
205.89774703979492	1.6448724629103275	1.68
205.91296529769897	1.6448724629103275	1.68
205.92847847938538	1.6448724629103275	1.68
205.9420268535614	1.6465029112765823	1.68
205.95403504371643	1.6465029112765823	1.68
205.97177290916443	1.6465029112765823	1.68
205.98698592185974	1.648259171780784	1.68
206.003032207489	1.648259171780784	1.68
206.01900815963745	1.648259171780784	1.68
206.03167843818665	1.6509233883269938	1.68
206.04687070846558	1.6509233883269938	1.68
206.06260681152344	1.6509233883269938	1.68
206.07932829856873	1.654257268840627	1.68
206.09421110153198	1.654257268840627	1.68
206.11075353622437	1.654257268840627	1.68
206.12703251838684	1.6564912899625894	1.68
206.14312601089478	1.6564912899625894	1.68
206.1600842475891	1.6600567407822617	1.68
206.1746096611023	1.6600567407822617	1.68
206.18749737739563	1.6600567407822617	1.68
206.20320057868958	1.6600567407822617	1.68
206.22057628631592	1.6634137781823461	1.68
206.2375237941742	1.6634137781823461	1.68
206.25461077690125	1.6655880455517635	1.68
206.26798748970032	1.6655880455517635	1.68
206.28485584259033	1.6655880455517635	1.68
206.3010129928589	1.6675853953525004	1.68
206.31976056098938	1.6675853953525004	1.68
206.33701252937317	1.6675853953525004	1.68
206.3557288646698	1.6679466611561633	1.68
206.37403297424316	1.6679466611561633	1.68
206.3920557498932	1.6683770902498787	1.68
206.4075803756714	1.6683770902498787	1.68
206.4249129295349	1.6683770902498787	1.68
206.44439840316772	1.6687046657285236	1.68
206.46185731887817	1.6687046657285236	1.68
206.4783227443695	1.6687046657285236	1.68
206.49523735046387	1.6675616773501978	1.68
206.51052355766296	1.6675616773501978	1.68
206.52861523628235	1.6675616773501978	1.68
206.54528188705444	1.6648774624084233	1.68
206.5583508014679	1.6648774624084233	1.68
206.5749430656433	1.6648774624084233	1.68
206.59031081199646	1.6613757573964492	1.68
206.60692739486694	1.6613757573964492	1.68
206.62523365020752	1.6566111676039674	1.68
206.6375117301941	1.6566111676039674	1.68
206.6519753932953	1.6566111676039674	1.68
206.66778826713562	1.6566111676039674	1.68
206.6846146583557	1.6522224261467542	1.68
206.70134496688843	1.6522224261467542	1.68
206.716894865036	1.649703599811982	1.68
206.7333447933197	1.649703599811982	1.68
206.74961256980896	1.649703599811982	1.68
206.76616668701172	1.6472182062779797	1.68
206.77997088432312	1.6472182062779797	1.68
206.79414343833923	1.6472182062779797	1.68
206.81008219718933	1.6461059218755931	1.68
206.8267798423767	1.6461059218755931	1.68
206.84291291236877	1.6461059218755931	1.68
206.85889434814453	1.64527740415214	1.68
206.87335753440857	1.64527740415214	1.68
206.8868691921234	1.64527740415214	1.68
206.90452909469604	1.6440864697095126	1.68
206.91853833198547	1.6440864697095126	1.68
206.93504452705383	1.6440864697095126	1.68
206.95056319236755	1.643028872244075	1.68
206.96291184425354	1.643028872244075	1.68
206.98356938362122	1.643028872244075	1.68
207.00083708763123	1.643115489069872	1.68
207.01669764518738	1.643115489069872	1.68
207.03121185302734	1.643115489069872	1.68
207.0464460849762	1.6457374552948019	1.68
207.06276607513428	1.6457374552948019	1.68
207.07816195487976	1.6457374552948019	1.68
207.09698224067688	1.6492589472087875	1.68
207.1095323562622	1.6492589472087875	1.68
207.1255874633789	1.6492589472087875	1.68
207.14276933670044	1.6527487080906564	1.68
207.15475606918335	1.6527487080906564	1.68
207.16856408119202	1.6527487080906564	1.68
207.18440914154053	1.655057586332956	1.68
207.19800209999084	1.655057586332956	1.68
207.21278071403503	1.655057586332956	1.68
207.2296760082245	1.656476015680782	1.68
207.24572324752808	1.656476015680782	1.68
207.2620804309845	1.656476015680782	1.68
207.27748227119446	1.658530695853102	1.68
207.2935974597931	1.658530695853102	1.68
207.30962324142456	1.658530695853102	1.68
207.32470226287842	1.6598515154225733	1.68
207.3391468524933	1.6598515154225733	1.68
207.35506224632263	1.6598515154225733	1.68
207.37224197387695	1.6614258176638663	1.68
207.3884515762329	1.6614258176638663	1.68
207.40387654304504	1.6614258176638663	1.68
207.41918182373047	1.6632834630420177	1.68
207.43473720550537	1.6632834630420177	1.68
207.45248818397522	1.6632834630420177	1.68
207.4677712917328	1.663982781203022	1.68
207.48033833503723	1.663982781203022	1.68
207.49675607681274	1.663982781203022	1.68
207.51266837120056	1.664334336162807	1.68
207.52679634094238	1.664334336162807	1.68
207.5429768562317	1.664334336162807	1.68
207.55699467658997	1.6647276818517678	1.68
207.56886887550354	1.6647276818517678	1.68
207.58408403396606	1.6647276818517678	1.68
207.59926962852478	1.6640273654738191	1.68
207.61443781852722	1.6640273654738191	1.68
207.6305320262909	1.6640273654738191	1.68
207.64539694786072	1.6630812823004901	1.68
207.65978503227234	1.6630812823004901	1.68
207.67546916007996	1.6630812823004901	1.68
207.69234800338745	1.6619513398080734	1.68
207.7073483467102	1.6619513398080734	1.68
207.72313570976257	1.6619513398080734	1.68
207.73923754692078	1.6609717482703634	1.68
207.75439643859863	1.6609717482703634	1.68
207.76954889297485	1.6609717482703634	1.68
207.78570699691772	1.6596811429866059	1.68
207.79747080802917	1.6596811429866059	1.68
207.8117356300354	1.6596811429866059	1.68
207.83640933036804	1.6586920694571945	1.68
207.85146522521973	1.6586920694571945	1.68
207.86772537231445	1.6586920694571945	1.68
207.88139057159424	1.6567957568817242	1.68
207.894793510437	1.6567957568817242	1.68
207.91152143478394	1.6567957568817242	1.68
207.92539358139038	1.6554785153015168	1.68
207.93748712539673	1.6554785153015168	1.68
207.95449447631836	1.6554785153015168	1.68
207.96947312355042	1.6539940340037578	1.68
207.98527216911316	1.6539940340037578	1.68
208.00032138824463	1.6539940340037578	1.68
208.01494026184082	1.6507252750287928	1.68
208.02947807312012	1.6507252750287928	1.68
208.04502034187317	1.6507252750287928	1.68
208.0625503063202	1.6483364565272791	1.68
208.0765073299408	1.6483364565272791	1.68
208.0923056602478	1.6483364565272791	1.68
208.1070041656494	1.6461486841662798	1.68
208.1225335597992	1.6461486841662798	1.68
208.1381232738495	1.6461486841662798	1.68
208.1529576778412	1.6447706641049458	1.68
208.1655957698822	1.6447706641049458	1.68
208.1795210838318	1.6447706641049458	1.68
208.19662523269653	1.6429738358573958	1.68
208.21092462539673	1.6429738358573958	1.68
208.22897481918335	1.6429738358573958	1.68
208.2435646057129	1.64155566555242	1.68
208.2573003768921	1.64155566555242	1.68
208.27319169044495	1.64155566555242	1.68
208.28933787345886	1.6397635437036804	1.68
208.30610823631287	1.6397635437036804	1.68
208.32086539268494	1.6397635437036804	1.68
208.3356068134308	1.6385297820888003	1.68
208.3514003753662	1.6385297820888003	1.68
208.366872549057	1.6385297820888003	1.68
208.38347911834717	1.6376117430839847	1.68
208.39725422859192	1.6376117430839847	1.68
208.4125406742096	1.6376117430839847	1.68
208.42873907089233	1.6364099558619187	1.68
208.44382691383362	1.6364099558619187	1.68
208.4586741924286	1.6364099558619187	1.68
208.47467589378357	1.6363260425225363	1.68
208.48681449890137	1.6363260425225363	1.68
208.5006000995636	1.6363260425225363	1.68
208.51699805259705	1.6363260425225363	1.68
208.5307912826538	1.6366989868956217	1.68
208.54683089256287	1.6366989868956217	1.68
208.56288290023804	1.6366989868956217	1.68
208.5758330821991	1.6371129278564553	1.68
208.5915822982788	1.6371129278564553	1.68
208.60828161239624	1.6371129278564553	1.68
208.62466645240784	1.6377298362497856	1.68
208.63898015022278	1.6377298362497856	1.68
208.6552734375	1.6377298362497856	1.68
208.6708652973175	1.63809802069138	1.68
208.6861445903778	1.63809802069138	1.68
208.7030062675476	1.639018136959089	1.68
208.7196958065033	1.639018136959089	1.68
208.73573851585388	1.639018136959089	1.68
208.75219798088074	1.6395165567617926	1.68
208.76652312278748	1.6395165567617926	1.68
208.78259420394897	1.6395165567617926	1.68
208.79819321632385	1.640355651412501	1.68
208.81347131729126	1.640355651412501	1.68
208.82851433753967	1.640355651412501	1.68
208.844810962677	1.6414743537852339	1.68
208.85676503181458	1.6414743537852339	1.68
208.86951613426208	1.6414743537852339	1.68
208.8856484889984	1.6414743537852339	1.68
208.90157628059387	1.6427451821605192	1.68
208.91732096672058	1.6427451821605192	1.68
208.93451261520386	1.6427451821605192	1.68
208.94901514053345	1.6441909595257116	1.68
208.96613121032715	1.6441909595257116	1.68
208.98324847221375	1.645402880179898	1.68
208.9993188381195	1.645402880179898	1.68
209.01401376724243	1.645402880179898	1.68
209.02906131744385	1.6465909675419081	1.68
209.04459929466248	1.6465909675419081	1.68
209.0595862865448	1.6465909675419081	1.68
209.0761170387268	1.6476747075654419	1.68
209.0892882347107	1.6476747075654419	1.68
209.1078600883484	1.6476747075654419	1.68
209.12624549865723	1.6488459953401673	1.68
209.1438901424408	1.6488459953401673	1.68
209.16238069534302	1.6488459953401673	1.68
209.17773056030273	1.647511522991356	1.68
209.19199585914612	1.647511522991356	1.68
209.20808792114258	1.647511522991356	1.68
209.2246870994568	1.6465036073903332	1.68
209.24207401275635	1.6465036073903332	1.68
209.2587606906891	1.6465036073903332	1.68
209.27430844306946	1.645249026863695	1.68
209.28982090950012	1.645249026863695	1.68
209.30791115760803	1.643566352781492	1.68
209.3241786956787	1.643566352781492	1.68
209.33757495880127	1.643566352781492	1.68
209.35533618927002	1.6413294092649806	1.68
209.37195992469788	1.6413294092649806	1.68
209.3880684375763	1.6413294092649806	1.68
209.4041233062744	1.6389498912982847	1.68
209.41970705986023	1.6389498912982847	1.68
209.43534922599792	1.6389498912982847	1.68
209.45145344734192	1.636784279144576	1.68
209.46351099014282	1.636784279144576	1.68
209.47721982002258	1.636784279144576	1.68
209.49705839157104	1.6338571271999487	1.68
209.51268553733826	1.6338571271999487	1.68
209.528883934021	1.6338571271999487	1.68
209.54377579689026	1.6305875951806523	1.68
209.55600762367249	1.6305875951806523	1.68
209.57202577590942	1.6305875951806523	1.68
209.58890318870544	1.6270205663344985	1.68
209.60422372817993	1.6270205663344985	1.68
209.61892008781433	1.6270205663344985	1.68
209.63482999801636	1.6249705839032813	1.68
209.65037035942078	1.6249705839032813	1.68
209.66542434692383	1.6249705839032813	1.68
209.68292832374573	1.6232896032310127	1.68
209.69618439674377	1.6232896032310127	1.68
209.7102963924408	1.6232896032310127	1.68
209.72667527198792	1.6218755939299232	1.68
209.7414481639862	1.6218755939299232	1.68
209.75751113891602	1.6218755939299232	1.68
209.77352952957153	1.6201744713673967	1.68
209.78648018836975	1.6201744713673967	1.68
209.80379056930542	1.6201744713673967	1.68
209.82014560699463	1.6189159508225863	1.68
209.83429765701294	1.6189159508225863	1.68
209.8492648601532	1.6189159508225863	1.68
209.8656394481659	1.6189159508225863	1.68
209.87925100326538	1.617965500929196	1.68
209.89603781700134	1.617965500929196	1.68
209.91469979286194	1.6171224623113098	1.68
209.9298496246338	1.6171224623113098	1.68
209.9448983669281	1.6171224623113098	1.68
209.96059703826904	1.6159567672665431	1.68
209.9762887954712	1.6159567672665431	1.68
209.98987078666687	1.6159567672665431	1.68
210.00580835342407	1.615537294735312	1.68
210.01977348327637	1.615537294735312	1.68
210.03238463401794	1.615537294735312	1.68
210.04976177215576	1.615537294735312	1.68
210.06341862678528	1.6156062621266158	1.68
210.07879877090454	1.6156062621266158	1.68
210.09493136405945	1.6156062621266158	1.68
210.10966062545776	1.6166783863077927	1.68
210.12515664100647	1.6166783863077927	1.68
210.14181900024414	1.6166783863077927	1.68
210.15488529205322	1.6173543423333316	1.68
210.16912055015564	1.6173543423333316	1.68
210.187237739563	1.6173543423333316	1.68
210.2025544643402	1.6179302184930315	1.68
210.21822667121887	1.6179302184930315	1.68
210.23385787010193	1.6185911698370703	1.68
210.2500638961792	1.6185911698370703	1.68
210.26578664779663	1.6185911698370703	1.68
210.2823622226715	1.6192924972524296	1.68
210.29773950576782	1.6192924972524296	1.68
210.31068658828735	1.6192924972524296	1.68
210.32724499702454	1.6192924972524296	1.68
210.3432159423828	1.6204458409187137	1.68
210.35747742652893	1.6204458409187137	1.68
210.37388682365417	1.6204458409187137	1.68
210.38777542114258	1.6213974673609513	1.68
210.40004706382751	1.6213974673609513	1.68
210.4181604385376	1.6213974673609513	1.68
210.4320728778839	1.6227293819179132	1.68
210.44769287109375	1.6227293819179132	1.68
210.4644296169281	1.6227293819179132	1.68
210.4772608280182	1.623635810489342	1.68
210.49254703521729	1.623635810489342	1.68
210.50842905044556	1.623635810489342	1.68
210.52499723434448	1.6239319837685913	1.68
210.5408706665039	1.6239319837685913	1.68
210.5564079284668	1.6254613469761388	1.68
210.57161140441895	1.6254613469761388	1.68
210.5874047279358	1.6254613469761388	1.68
210.60465455055237	1.6272524277726013	1.68
210.61978149414062	1.6272524277726013	1.68
210.63359212875366	1.6272524277726013	1.68
210.65050053596497	1.629221395648203	1.68
210.6659655570984	1.629221395648203	1.68
210.68191385269165	1.629221395648203	1.68
210.69762063026428	1.6317882365572938	1.68
210.71028327941895	1.6317882365572938	1.68
210.72352194786072	1.6317882365572938	1.68
210.74542903900146	1.6342248441975642	1.68
210.7591483592987	1.6342248441975642	1.68
210.77469277381897	1.6342248441975642	1.68
210.78939771652222	1.6351331557818134	1.68
210.80098176002502	1.6351331557818134	1.68
210.81730890274048	1.6351331557818134	1.68
210.83389282226562	1.6358365032644797	1.68
210.84969925880432	1.6358365032644797	1.68
210.86402559280396	1.6358365032644797	1.68
210.87912917137146	1.638455074693051	1.68
210.89448642730713	1.638455074693051	1.68
210.90970468521118	1.638455074693051	1.68
210.92443919181824	1.6411227412394276	1.68
210.93934321403503	1.6411227412394276	1.68
210.9555060863495	1.6411227412394276	1.68
210.97271633148193	1.644396738670857	1.68
210.98700523376465	1.644396738670857	1.68
211.00200629234314	1.644396738670857	1.68
211.01744318008423	1.6453931485545776	1.68
211.03312706947327	1.6453931485545776	1.68
211.04908347129822	1.6453931485545776	1.68
211.0644941329956	1.6465152093853483	1.68
211.07645869255066	1.6465152093853483	1.68
211.090918302536	1.6465152093853483	1.68
211.10695505142212	1.6479599365098232	1.68
211.11946177482605	1.6479599365098232	1.68
211.13575673103333	1.6479599365098232	1.68
211.15255427360535	1.6497853094016375	1.68
211.1643135547638	1.6497853094016375	1.68
211.17866206169128	1.6497853094016375	1.68
211.1946280002594	1.6497853094016375	1.68
211.2097086906433	1.6518421569108686	1.68
211.2256784439087	1.6518421569108686	1.68
211.24195432662964	1.6532157760089317	1.68
211.2554669380188	1.6532157760089317	1.68
211.27079439163208	1.6532157760089317	1.68
211.28833961486816	1.6532157760089317	1.68
211.30393838882446	1.6533421586978239	1.68
211.31739687919617	1.6533421586978239	1.68
211.33489227294922	1.652745552078637	1.68
211.3505082130432	1.652745552078637	1.68
211.36420226097107	1.652745552078637	1.68
211.38004541397095	1.652745552078637	1.68
211.3936161994934	1.652698882325263	1.68
211.4050371646881	1.652698882325263	1.68
211.4205837249756	1.652698882325263	1.68
211.4359941482544	1.6528966018720053	1.68
211.45065569877625	1.6528966018720053	1.68
211.4665892124176	1.6528966018720053	1.68
211.48021245002747	1.653494205146179	1.68
211.49377417564392	1.653494205146179	1.68
211.50944638252258	1.653494205146179	1.68
211.5239953994751	1.654416797603297	1.68
211.539897441864	1.654416797603297	1.68
211.55545687675476	1.654416797603297	1.68
211.56998562812805	1.6550989846456599	1.68
211.5858609676361	1.6550989846456599	1.68
211.6021864414215	1.6550989846456599	1.68
211.61846256256104	1.6564600193057675	1.68
211.6314070224762	1.6564600193057675	1.68
211.64690160751343	1.6564600193057675	1.68
211.66327548027039	1.657813776361536	1.68
211.6778688430786	1.657813776361536	1.68
211.6937963962555	1.657813776361536	1.68
211.70962285995483	1.660759482245556	1.68
211.72345566749573	1.660759482245556	1.68
211.73974871635437	1.660759482245556	1.68
211.75515413284302	1.6641050910547897	1.68
211.7674150466919	1.6641050910547897	1.68
211.78313779830933	1.6641050910547897	1.68
211.7991394996643	1.6668449683506688	1.68
211.81166124343872	1.6668449683506688	1.68
211.82721877098083	1.6668449683506688	1.68
211.84256887435913	1.6701134931274542	1.68
211.85428619384766	1.6701134931274542	1.68
211.86940169334412	1.6701134931274542	1.68
211.88532042503357	1.6729360654787293	1.68
211.89939713478088	1.6729360654787293	1.68
211.91464686393738	1.6729360654787293	1.68
211.9306082725525	1.677084694287593	1.68
211.94437074661255	1.677084694287593	1.68
211.960058927536	1.677084694287593	1.68
211.976135969162	1.677084694287593	1.68
211.99236917495728	1.6812390743640386	1.68
212.0050835609436	1.6812390743640386	1.68
212.02177572250366	1.6812390743640386	1.68
212.0393750667572	1.685238152879806	1.68
212.05258059501648	1.685238152879806	1.68
212.06825351715088	1.685238152879806	1.68
212.08244848251343	1.6872026369307176	1.68
212.09428548812866	1.6872026369307176	1.68
212.1100480556488	1.6872026369307176	1.68
212.1247115135193	1.688946976655411	1.68
212.13929438591003	1.688946976655411	1.68
212.15599942207336	1.688946976655411	1.68
212.1691973209381	1.6902102872865357	1.68
212.18318629264832	1.6902102872865357	1.68
212.2004144191742	1.6902102872865357	1.68
212.2157425880432	1.6901213654123584	1.68
212.2319769859314	1.6901213654123584	1.68
212.24879717826843	1.6901213654123584	1.68
212.2630033493042	1.6904366918153826	1.68
212.279851436615	1.6904366918153826	1.68
212.2963411808014	1.6904366918153826	1.68
212.31267595291138	1.68993786508165	1.68
212.32806420326233	1.68993786508165	1.68
212.34588956832886	1.6896920798184918	1.68
212.36270761489868	1.6896920798184918	1.68
212.37872290611267	1.6896920798184918	1.68
212.39443731307983	1.688902921354271	1.68
212.40984654426575	1.688902921354271	1.68
212.42630529403687	1.688902921354271	1.68
212.442289352417	1.6874611022194224	1.68
212.45415997505188	1.6874611022194224	1.68
212.46699261665344	1.6874611022194224	1.68
212.48370718955994	1.6874611022194224	1.68
212.4994180202484	1.68566446299243	1.68
212.51516127586365	1.68566446299243	1.68
212.53166794776917	1.6841408173056476	1.68
212.54408168792725	1.6841408173056476	1.68
212.56004452705383	1.6841408173056476	1.68
212.57652378082275	1.682085808232826	1.68
212.59202241897583	1.682085808232826	1.68
212.60767483711243	1.682085808232826	1.68
212.62349224090576	1.6798554036112272	1.68
212.63900303840637	1.6798554036112272	1.68
212.65384459495544	1.6798554036112272	1.68
212.67105746269226	1.6796823874757787	1.68
212.6853370666504	1.6796823874757787	1.68
212.69962692260742	1.6796823874757787	1.68
212.71577501296997	1.6799975162647889	1.68
212.73087215423584	1.6799975162647889	1.68
212.74557852745056	1.6799975162647889	1.68
212.76185655593872	1.6796404289360218	1.68
212.77387189865112	1.6796404289360218	1.68
212.78625392913818	1.6796404289360218	1.68
212.80328941345215	1.6796404289360218	1.68
212.81866145133972	1.6801138833116056	1.68
212.83363842964172	1.6801138833116056	1.68
212.84887504577637	1.6801138833116056	1.68
212.86040711402893	1.6805461857372113	1.68
212.87458682060242	1.6805461857372113	1.68
212.8904139995575	1.6805461857372113	1.68
212.90719318389893	1.6796676691766486	1.68
212.92255854606628	1.6796676691766486	1.68
212.93822956085205	1.6796676691766486	1.68
212.9516134262085	1.6788217134410388	1.68
212.96701860427856	1.6788217134410388	1.68
212.98308968544006	1.6788217134410388	1.68
213.00012063980103	1.6788482148511918	1.68
213.0129837989807	1.6788482148511918	1.68
213.02927374839783	1.6788482148511918	1.68
213.04576182365417	1.6797028321800167	1.68
213.05928468704224	1.6797028321800167	1.68
213.07637119293213	1.6797028321800167	1.68
213.08944511413574	1.6807002747876385	1.68
213.10091185569763	1.6807002747876385	1.68
213.11719298362732	1.6807002747876385	1.68
213.13372325897217	1.6819138011436352	1.68
213.14847469329834	1.6819138011436352	1.68
213.16478991508484	1.6819138011436352	1.68
213.17802357673645	1.6828968917773726	1.68
213.19198322296143	1.6828968917773726	1.68
213.2078115940094	1.6828968917773726	1.68
213.22056078910828	1.6841376252679385	1.68
213.23518896102905	1.6841376252679385	1.68
213.25147652626038	1.6841376252679385	1.68
213.2666575908661	1.6852230346782395	1.68
213.2821226119995	1.6852230346782395	1.68
213.29782509803772	1.6852230346782395	1.68
213.31201219558716	1.6858201851406285	1.68
213.3264536857605	1.6858201851406285	1.68
213.34204649925232	1.6858201851406285	1.68
213.35802006721497	1.687161880519835	1.68
213.37227368354797	1.687161880519835	1.68
213.38770937919617	1.687161880519835	1.68
213.4051079750061	1.6886102136466057	1.68
213.41918396949768	1.6886102136466057	1.68
213.43505835533142	1.6886102136466057	1.68
213.45013308525085	1.6896114338867725	1.68
213.46236419677734	1.6896114338867725	1.68
213.47633051872253	1.6896114338867725	1.68
213.49257493019104	1.6892289651293761	1.68
213.50696349143982	1.6892289651293761	1.68
213.52299642562866	1.6892289651293761	1.68
213.5393784046173	1.6888619403004062	1.68
213.55159759521484	1.6888619403004062	1.68
213.56739234924316	1.6888619403004062	1.68
213.58592677116394	1.6889422796089846	1.68
213.6017541885376	1.6889422796089846	1.68
213.61696696281433	1.6889422796089846	1.68
213.63158774375916	1.6867102113500816	1.68
213.64485716819763	1.6867102113500816	1.68
213.66071605682373	1.6867102113500816	1.68
213.67684388160706	1.68421324079055	1.68
213.69162559509277	1.68421324079055	1.68
213.70548701286316	1.68421324079055	1.68
213.72217321395874	1.6810716218027064	1.68
213.73729968070984	1.6810716218027064	1.68
213.7531280517578	1.6810716218027064	1.68
213.76906061172485	1.6770828873072177	1.68
213.7819664478302	1.6770828873072177	1.68
213.7961254119873	1.6770828873072177	1.68
213.8131070137024	1.672966648670854	1.68
213.82671928405762	1.672966648670854	1.68
213.84258723258972	1.672966648670854	1.68
213.85775303840637	1.672966648670854	1.68
213.87028002738953	1.6688760634194373	1.68
213.88482785224915	1.6688760634194373	1.68
213.9008948802948	1.6688760634194373	1.68
213.9174211025238	1.6639398871259186	1.68
213.93304753303528	1.6639398871259186	1.68
213.94887804985046	1.6612486027423572	1.68
213.9645357131958	1.6612486027423572	1.68
213.98155736923218	1.6612486027423572	1.68
213.9964463710785	1.6583613075873171	1.68
214.01231002807617	1.6583613075873171	1.68
214.0286250114441	1.6583613075873171	1.68
214.0449275970459	1.653612914367533	1.68
214.05912828445435	1.653612914367533	1.68
214.0729489326477	1.653612914367533	1.68
214.08813667297363	1.650776275729885	1.68
214.10398721694946	1.650776275729885	1.68
214.11950039863586	1.650776275729885	1.68
214.1362292766571	1.648226279103198	1.68
214.1493697166443	1.648226279103198	1.68
214.16366028785706	1.648226279103198	1.68
214.17961168289185	1.6465346929663727	1.68
214.1937665939331	1.6465346929663727	1.68
214.20955300331116	1.6465346929663727	1.68
214.22540497779846	1.6460522187783355	1.68
214.24030661582947	1.6460522187783355	1.68
214.25628638267517	1.6460522187783355	1.68
214.2734158039093	1.6459893773479766	1.68
214.2888035774231	1.6459893773479766	1.68
214.3056435585022	1.6459893773479766	1.68
214.3200488090515	1.6544375957401496	1.68
214.33616614341736	1.6544375957401496	1.68
214.3526270389557	1.6544375957401496	1.68
214.37099504470825	1.6644142806434679	1.68
214.387797832489	1.6644142806434679	1.68
214.40530276298523	1.6644142806434679	1.68
214.4244589805603	nan	1.68
214.44271111488342	nan	1.68
214.4622187614441	nan	1.68
214.47710061073303	nan	1.68
214.49379515647888	nan	1.68
214.51051568984985	nan	1.68
214.52744674682617	nan	1.68
214.54452300071716	nan	1.68
214.5605628490448	nan	1.68
214.5763463973999	nan	1.68
214.59293627738953	nan	1.68
214.61019325256348	nan	1.68
214.62649607658386	nan	1.68
214.64404201507568	nan	1.68
214.66169595718384	nan	1.68
214.67867183685303	nan	1.68
214.69578075408936	nan	1.68
214.71281552314758	nan	1.68
214.73078083992004	nan	1.68
214.74754524230957	nan	1.68
214.76659631729126	nan	1.68
214.7839732170105	nan	1.68
214.79869294166565	nan	1.68
214.82437539100647	nan	1.68
214.84016799926758	nan	1.68
214.85436034202576	nan	1.68
214.87170147895813	nan	1.68
214.88994884490967	nan	1.68
214.9094979763031	nan	1.68
214.92526245117188	nan	1.68
214.94081115722656	nan	1.68
214.95832514762878	nan	1.68
214.97562885284424	nan	1.68
214.99035143852234	nan	1.68
215.00599312782288	nan	1.68
215.02199363708496	nan	1.68
215.03731083869934	nan	1.68
215.0531051158905	nan	1.68
215.06880164146423	nan	1.68
215.08189010620117	nan	1.68
215.0978786945343	nan	1.68
215.11851739883423	nan	1.68
215.13482570648193	nan	1.68
215.15114378929138	nan	1.68
215.16591477394104	nan	1.68
215.183434009552	nan	1.68
215.20020818710327	nan	1.68
215.21568250656128	nan	1.68
215.23095679283142	nan	1.68
215.24708700180054	nan	1.68
215.26407432556152	nan	1.68
215.28067922592163	nan	1.68
215.29818320274353	nan	1.68
215.31415343284607	nan	1.68
215.3332130908966	nan	1.68
215.35040664672852	nan	1.68
215.36825466156006	nan	1.68
215.38463735580444	nan	1.68
215.4005949497223	nan	1.68
215.41466093063354	nan	1.68
215.43132376670837	nan	1.68
215.44536542892456	nan	1.68
215.46164965629578	nan	1.68
215.4780638217926	nan	1.68
215.49270033836365	nan	1.68
215.50905013084412	nan	1.68
215.52429342269897	nan	1.68
215.5373673439026	nan	1.68
215.55434894561768	nan	1.68
215.56919813156128	nan	1.68
215.58508777618408	nan	1.68
215.60143899917603	nan	1.68
215.61609625816345	nan	1.68
215.63237714767456	nan	1.68
215.64952158927917	nan	1.68
215.66648411750793	nan	1.68
215.68485379219055	nan	1.68
215.7026047706604	nan	1.68
215.7205195426941	nan	1.68
215.7390320301056	nan	1.68
215.7595088481903	nan	1.68
215.77278542518616	nan	1.68
215.78896021842957	nan	1.68
215.80484557151794	nan	1.68
215.82107520103455	nan	1.68
215.83812737464905	nan	1.68
215.853698015213	nan	1.68
215.87081813812256	nan	1.68
215.89730024337769	nan	1.68
215.9139120578766	nan	1.68
215.9297342300415	nan	1.68
215.94804692268372	nan	1.68
215.96393156051636	nan	1.68
215.98350954055786	nan	1.68
215.99928450584412	nan	1.68
216.01229667663574	nan	1.68
216.0293164253235	nan	1.68
216.0447371006012	nan	1.68
216.0590627193451	nan	1.68
216.07576894760132	nan	1.68
216.0889434814453	nan	1.68
216.10477447509766	nan	1.68
216.12403678894043	nan	1.68
216.1402714252472	nan	1.68
216.15540218353271	nan	1.68
216.17173624038696	nan	1.68
216.18602204322815	nan	1.68
216.202228307724	nan	1.68
216.21730947494507	nan	1.68
216.2341170310974	nan	1.68
216.25054264068604	nan	1.68
216.26717400550842	nan	1.68
216.284086227417	nan	1.68
216.29961347579956	nan	1.68
216.31565761566162	nan	1.68
216.33057141304016	nan	1.68
216.34629845619202	nan	1.68
216.36254358291626	nan	1.68
216.37511801719666	nan	1.68
216.38944458961487	nan	1.68
216.4051501750946	nan	1.68
216.42006468772888	nan	1.68
216.4358150959015	nan	1.68
216.45313596725464	nan	1.68
216.46504521369934	nan	1.68
216.48086214065552	nan	1.68
216.49663829803467	nan	1.68
216.5124273300171	nan	1.68
216.52822065353394	nan	1.68
216.5439534187317	nan	1.68
216.56026792526245	nan	1.68
216.57619643211365	nan	1.68
216.59399580955505	nan	1.68
216.60731029510498	nan	1.68
216.6232419013977	nan	1.68
216.6433515548706	nan	1.68
216.6567394733429	nan	1.68
216.67581748962402	nan	1.68
216.68961262702942	nan	1.68
216.70234727859497	nan	1.68
216.7184658050537	nan	1.68
216.7337727546692	nan	1.68
216.74883937835693	nan	1.68
216.76409697532654	nan	1.68
216.7780818939209	nan	1.68
216.79430723190308	nan	1.68
216.81602716445923	nan	1.68
216.83439254760742	nan	1.68
216.85284113883972	nan	1.68
216.8701410293579	nan	1.68
216.88725638389587	nan	1.68
216.9042911529541	nan	1.68
216.92097878456116	nan	1.68
216.9343810081482	nan	1.68
216.94847893714905	nan	1.68
216.96582460403442	1.6451053853322126	1.68
216.97918677330017	1.6451053853322126	1.68
216.99200820922852	1.6451053853322126	1.68
217.0145754814148	1.6511427814040283	1.68
217.02924156188965	1.6511427814040283	1.68
217.04526686668396	1.6511427814040283	1.68
217.06059885025024	1.6569265358013694	1.68
217.0739929676056	1.6569265358013694	1.68
217.08949899673462	1.6569265358013694	1.68
217.10638165473938	1.6607849361920124	1.68
217.12324786186218	1.6607849361920124	1.68
217.13918709754944	1.6607849361920124	1.68
217.15558218955994	1.6651571417323683	1.68
217.17172861099243	1.6651571417323683	1.68
217.18855476379395	1.6651571417323683	1.68
217.2050473690033	1.667339248101472	1.68
217.21775436401367	1.667339248101472	1.68
217.23396372795105	1.667339248101472	1.68
217.2499544620514	1.6697392555246424	1.68
217.26596307754517	1.6697392555246424	1.68
217.29350352287292	1.6697392555246424	1.68
217.31272387504578	1.6705223992279645	1.68
217.334002494812	1.6705223992279645	1.68
217.35408902168274	1.6714914496071624	1.68
217.37137627601624	1.6714914496071624	1.68
217.38653779029846	1.6714914496071624	1.68
217.403911113739	1.6714625326244406	1.68
217.41915011405945	1.6714625326244406	1.68
217.4361867904663	1.6714625326244406	1.68
217.4523904323578	1.6721483840874736	1.68
217.46450901031494	1.6721483840874736	1.68
217.47930002212524	1.6721483840874736	1.68
217.4954354763031	1.6722382892262346	1.68
217.50981664657593	1.6722382892262346	1.68
217.52669668197632	1.6722382892262346	1.68
217.542334318161	1.6721373302482774	1.68
217.55527210235596	1.6721373302482774	1.68
217.571368932724	1.6721373302482774	1.68
217.58902525901794	1.672159110037415	1.68
217.60570526123047	1.672159110037415	1.68
217.62037467956543	1.672159110037415	1.68
217.63635849952698	1.6723473524810004	1.68
217.6520984172821	1.6723473524810004	1.68
217.66789865493774	1.6723473524810004	1.68
217.68545269966125	1.6737588458582304	1.68
217.69816875457764	1.6737588458582304	1.68
217.7135784626007	1.6737588458582304	1.68
217.72981524467468	1.6746528246685657	1.68
217.7437868118286	1.6746528246685657	1.68
217.75685381889343	1.6746528246685657	1.68
217.77399396896362	1.6760644191371532	1.68
217.788969039917	1.6760644191371532	1.68
217.81078243255615	1.6760644191371532	1.68
217.82612252235413	1.6774045149118009	1.68
217.8382122516632	1.6774045149118009	1.68
217.85293078422546	1.6774045149118009	1.68
217.86887669563293	1.6774045149118009	1.68
217.88573288917542	1.679338752972016	1.68
217.90410327911377	1.679338752972016	1.68
217.91985058784485	1.681259533027934	1.68
217.93550634384155	1.681259533027934	1.68
217.9522361755371	1.681259533027934	1.68
217.97002601623535	1.6826696208237	1.68
217.9851689338684	1.6826696208237	1.68
218.00405263900757	1.6826696208237	1.68
218.02137112617493	1.68454732466467	1.68
218.03571581840515	1.68454732466467	1.68
218.05286645889282	1.68454732466467	1.68
218.06867671012878	1.6860995659772122	1.68
218.08134865760803	1.6860995659772122	1.68
218.09778809547424	1.6860995659772122	1.68
218.11466360092163	1.687054123976753	1.68
218.13316702842712	1.687054123976753	1.68
218.15357613563538	1.687054123976753	1.68
218.16981983184814	1.68847883192797	1.68
218.18754959106445	1.68847883192797	1.68
218.2072262763977	1.6907202788862097	1.68
218.22327876091003	1.6907202788862097	1.68
218.23728775978088	1.6907202788862097	1.68
218.2542326450348	1.692505090336597	1.68
218.2722134590149	1.692505090336597	1.68
218.2887876033783	1.692505090336597	1.68
218.3056287765503	1.6942436816409452	1.68
218.3183994293213	1.6942436816409452	1.68
218.33475470542908	1.6942436816409452	1.68
218.3514289855957	1.697330902500682	1.68
218.3685007095337	1.697330902500682	1.68
218.38532757759094	1.697330902500682	1.68
218.40245699882507	1.6987746278345466	1.68
218.41889476776123	1.6987746278345466	1.68
218.43553185462952	1.6987746278345466	1.68
218.45268726348877	1.700173202933361	1.68
218.46963548660278	1.700173202933361	1.68
218.4887044429779	1.700173202933361	1.68
218.5049786567688	1.7013678714116218	1.68
218.51751470565796	1.7013678714116218	1.68
218.53361415863037	1.7013678714116218	1.68
218.55050230026245	1.703961195951869	1.68
218.56436920166016	1.703961195951869	1.68
218.58212780952454	1.703961195951869	1.68
218.5974953174591	1.7069061556951735	1.68
218.60990285873413	1.7069061556951735	1.68
218.62643718719482	1.7069061556951735	1.68
218.6417965888977	1.7092520255430164	1.68
218.65706324577332	1.7092520255430164	1.68
218.6740162372589	1.7092520255430164	1.68
218.68754816055298	1.7113542168479867	1.68
218.7044234275818	1.7113542168479867	1.68
218.7206747531891	1.7113542168479867	1.68
218.73698782920837	1.7130454004331348	1.68
218.75262308120728	1.7130454004331348	1.68
218.76924777030945	1.7130454004331348	1.68
218.7859902381897	1.7142572447783337	1.68
218.80055212974548	1.7142572447783337	1.68
218.81667613983154	1.7142572447783337	1.68
218.83113384246826	1.7137930361744378	1.68
218.84375381469727	1.7137930361744378	1.68
218.86057472229004	1.7137930361744378	1.68
218.87708258628845	1.7135562566533806	1.68
218.89414834976196	1.7135562566533806	1.68
218.9107255935669	1.7135562566533806	1.68
218.92555451393127	1.7131530934863846	1.68
218.94055557250977	1.7131530934863846	1.68
218.957350730896	1.7131530934863846	1.68
218.97524309158325	1.712757558530851	1.68
218.9923493862152	1.712757558530851	1.68
219.01230311393738	1.712757558530851	1.68
219.02891373634338	1.7113810253563642	1.68
219.04454469680786	1.7113810253563642	1.68
219.06102204322815	1.7113810253563642	1.68
219.07565569877625	1.7103905608980097	1.68
219.08800721168518	1.7103905608980097	1.68
219.10462617874146	1.7103905608980097	1.68
219.11950993537903	1.7094344988993466	1.68
219.135009765625	1.7094344988993466	1.68
219.1512794494629	1.7094344988993466	1.68
219.164701461792	1.7078276283655085	1.68
219.18020606040955	1.7078276283655085	1.68
219.19668841362	1.7078276283655085	1.68
219.21357536315918	1.7063000694221944	1.68
219.22900891304016	1.7063000694221944	1.68
219.24527049064636	1.7063000694221944	1.68
219.26530075073242	1.7052922912506534	1.68
219.2822666168213	1.7052922912506534	1.68
219.29781579971313	1.704359701188542	1.68
219.3142328262329	1.704359701188542	1.68
219.33051466941833	1.704359701188542	1.68
219.3470492362976	1.7040564456940364	1.68
219.36082100868225	1.7040564456940364	1.68
219.3753101825714	1.7040564456940364	1.68
219.39261770248413	1.7045021765279031	1.68
219.40665674209595	1.7045021765279031	1.68
219.42317533493042	1.7045021765279031	1.68
219.43929386138916	1.7041541279458285	1.68
219.45315647125244	1.7041541279458285	1.68
219.46909046173096	1.7041541279458285	1.68
219.48552632331848	1.704208444991283	1.68
219.50056624412537	1.704208444991283	1.68
219.51653742790222	1.704208444991283	1.68
219.5323703289032	1.7047667451934394	1.68
219.5461025238037	1.7047667451934394	1.68
219.56371426582336	1.7047667451934394	1.68
219.5797667503357	1.7048505953929567	1.68
219.59467768669128	1.7048505953929567	1.68
219.60870242118835	1.7048505953929567	1.68
219.62460613250732	1.7051955222695743	1.68
219.64036560058594	1.7051955222695743	1.68
219.65493392944336	1.7051955222695743	1.68
219.67164015769958	1.7049568653334188	1.68
219.68463611602783	1.7049568653334188	1.68
219.69766473770142	1.7049568653334188	1.68
219.71423816680908	1.7049568653334188	1.68
219.72780537605286	1.7041451001631054	1.68
219.74431586265564	1.7041451001631054	1.68
219.7600975036621	1.7041451001631054	1.68
219.77225518226624	1.7031574131316212	1.68
219.78576469421387	1.7031574131316212	1.68
219.8021924495697	1.7031574131316212	1.68
219.8198561668396	1.7021504038478015	1.68
219.83505487442017	1.7021504038478015	1.68
219.8503885269165	1.7021504038478015	1.68
219.86666536331177	1.7010679634281574	1.68
219.88249611854553	1.7010679634281574	1.68
219.90084147453308	1.7010904474127382	1.68
219.91621088981628	1.7010904474127382	1.68
219.92933249473572	1.7010904474127382	1.68
219.94597554206848	1.7010904474127382	1.68
219.96174454689026	1.7008895224127383	1.68
219.97426962852478	1.7008895224127383	1.68
219.99098992347717	1.7008895224127383	1.68
220.00700306892395	1.699443317183512	1.68
220.0202193260193	1.699443317183512	1.68
220.03607940673828	1.699443317183512	1.68
220.05070757865906	1.6977791620683227	1.68
220.0628387928009	1.6977791620683227	1.68
220.07922863960266	1.6977791620683227	1.68
220.10421085357666	1.6974141117587251	1.68
220.1197898387909	1.6974141117587251	1.68
220.13543176651	1.698220276248931	1.68
220.1483600139618	1.698220276248931	1.68
220.16515016555786	1.698220276248931	1.68
220.1826868057251	1.6986172371204293	1.68
220.19851779937744	1.6986172371204293	1.68
220.21345925331116	1.6986172371204293	1.68
220.2306718826294	1.6986172371204293	1.68
220.2488830089569	1.6982307062445468	1.68
220.2661714553833	1.6982307062445468	1.68
220.2831723690033	1.6969498549514435	1.68
220.29943799972534	1.6969498549514435	1.68
220.3175036907196	1.6969498549514435	1.68
220.33411169052124	1.6958851298781294	1.68
220.35062718391418	1.6958851298781294	1.68
220.36701560020447	1.6958851298781294	1.68
220.38276410102844	1.694866948452896	1.68
220.3978934288025	1.694866948452896	1.68
220.41372156143188	1.694866948452896	1.68
220.42973065376282	1.691511747804481	1.68
220.4449417591095	1.691511747804481	1.68
220.459077835083	1.691511747804481	1.68
220.47520804405212	1.6892412680337074	1.68
220.49056220054626	1.6892412680337074	1.68
220.50615811347961	1.6892412680337074	1.68
220.52250599861145	1.6858930022370042	1.68
220.53523230552673	1.6858930022370042	1.68
220.55080366134644	1.6858930022370042	1.68
220.56769156455994	1.680959503546133	1.68
220.58338570594788	1.680959503546133	1.68
220.59931921958923	1.680959503546133	1.68
220.61434197425842	1.677133276273406	1.68
220.62680554389954	1.677133276273406	1.68
220.64398288726807	1.677133276273406	1.68
220.66264057159424	1.6728828641656435	1.68
220.67774844169617	1.6728828641656435	1.68
220.6938397884369	1.6728828641656435	1.68
220.70996761322021	1.6709640706313629	1.68
220.72670340538025	1.6709640706313629	1.68
220.74219346046448	1.6709640706313629	1.68
220.75754380226135	1.6705152141753186	1.68
220.77414202690125	1.6705152141753186	1.68
220.79089641571045	1.6705152141753186	1.68
220.80742359161377	1.6701309055922124	1.68
220.8208909034729	1.6701309055922124	1.68
220.83676290512085	1.6701309055922124	1.68
220.85452842712402	1.6703871770865466	1.68
220.86781787872314	1.6703871770865466	1.68
220.88474774360657	1.6703871770865466	1.68
220.8987238407135	1.6723605981106844	1.68
220.91033697128296	1.6723605981106844	1.68
220.92693257331848	1.6723605981106844	1.68
220.94297337532043	1.674231492328191	1.68
220.95775318145752	1.674231492328191	1.68
220.97410106658936	1.674231492328191	1.68
220.98782801628113	1.677791533628802	1.68
221.0042016506195	1.677791533628802	1.68
221.02347111701965	1.677791533628802	1.68
221.03990530967712	1.6827200702319476	1.68
221.0540759563446	1.6827200702319476	1.68
221.07048177719116	1.6827200702319476	1.68
221.08775687217712	1.686932692813448	1.68
221.10185956954956	1.686932692813448	1.68
221.11867809295654	1.686932692813448	1.68
221.13645935058594	1.6930961165771845	1.68
221.14902448654175	1.6930961165771845	1.68
221.1659598350525	1.6930961165771845	1.68
221.1803319454193	1.697670334152372	1.68
221.1961636543274	1.697670334152372	1.68
221.2131073474884	1.697670334152372	1.68
221.22663474082947	1.7029978315967884	1.68
221.24193453788757	1.7029978315967884	1.68
221.25827050209045	1.7029978315967884	1.68
221.27581524848938	1.7087199179576724	1.68
221.29212379455566	1.7087199179576724	1.68
221.30862975120544	1.7087199179576724	1.68
221.3248953819275	1.7130194904323406	1.68
221.3398678302765	1.7130194904323406	1.68
221.3553023338318	1.7130194904323406	1.68
221.3718032836914	1.7179737809261835	1.68
221.38706421852112	1.7179737809261835	1.68
221.40431094169617	1.7179737809261835	1.68
221.42205381393433	1.7224811105742233	1.68
221.4380087852478	1.7224811105742233	1.68
221.45603108406067	1.7247641361767427	1.68
221.47127985954285	1.7247641361767427	1.68
221.48898816108704	1.7247641361767427	1.68
221.50467562675476	1.7267912576572577	1.68
221.5167064666748	1.7267912576572577	1.68
221.53290629386902	1.7267912576572577	1.68
221.54843616485596	1.727159093398598	1.68
221.56465983390808	1.727159093398598	1.68
221.58076643943787	1.727159093398598	1.68
221.5961685180664	1.726326768506776	1.68
221.61175680160522	1.726326768506776	1.68
221.62822079658508	1.726326768506776	1.68
221.64559078216553	1.7259010628536582	1.68
221.65939378738403	1.7259010628536582	1.68
221.67497158050537	1.7259010628536582	1.68
221.69183444976807	1.7243388593652864	1.68
221.7065954208374	1.7243388593652864	1.68
221.72269082069397	1.7243388593652864	1.68
221.7384111881256	1.722261099495818	1.68
221.75044536590576	1.722261099495818	1.68
221.76612901687622	1.722261099495818	1.68
221.78532600402832	1.7204783892804176	1.68
221.7995765209198	1.7204783892804176	1.68
221.81579113006592	1.7204783892804176	1.68
221.83022952079773	1.7185546170472161	1.68
221.8431432247162	1.7185546170472161	1.68
221.8597936630249	1.7185546170472161	1.68
221.87508583068848	1.7167654573833502	1.68
221.89001417160034	1.7167654573833502	1.68
221.9060070514679	1.7167654573833502	1.68
221.92083740234375	1.7173166551643988	1.68
221.93724417686462	1.7173166551643988	1.68
221.95352172851562	1.7173166551643988	1.68
221.9710168838501	1.7176131381864699	1.68
221.98495841026306	1.7176131381864699	1.68
222.00098943710327	1.7176131381864699	1.68
222.01802468299866	1.71958609762907	1.68
222.03202939033508	1.71958609762907	1.68
222.04847073554993	1.71958609762907	1.68
222.0630919933319	1.7223956599203643	1.68
222.075510263443	1.7223956599203643	1.68
222.09175777435303	1.7223956599203643	1.68
222.11098313331604	1.7254464099634048	1.68
222.12659430503845	1.7254464099634048	1.68
222.14395475387573	1.7254464099634048	1.68
222.15716099739075	1.7278299611682244	1.68
222.17330503463745	1.7278299611682244	1.68
222.1893332004547	1.7278299611682244	1.68
222.20770049095154	1.7291420678954832	1.68
222.2224235534668	1.7291420678954832	1.68
222.23824405670166	1.7291420678954832	1.68
222.2551589012146	1.731840002666812	1.68
222.27214574813843	1.731840002666812	1.68
222.2872018814087	1.7345323609405603	1.68
222.3035855293274	1.7345323609405603	1.68
222.3205382823944	1.7345323609405603	1.68
222.3364896774292	1.7368811584148574	1.68
222.35091876983643	1.7368811584148574	1.68
222.36630153656006	1.7368811584148574	1.68
222.3836145401001	1.7389754617251836	1.68
222.39780473709106	1.7389754617251836	1.68
222.41430759429932	1.7389754617251836	1.68
222.42913961410522	1.7409830451328552	1.68
222.44244956970215	1.7409830451328552	1.68
222.45700097084045	1.7409830451328552	1.68
222.47340512275696	1.7424217266842827	1.68
222.48838067054749	1.7424217266842827	1.68
222.50581169128418	1.7424217266842827	1.68
222.52112770080566	1.7432296940148633	1.68
222.53402495384216	1.7432296940148633	1.68
222.5506010055542	1.7432296940148633	1.68
222.56606149673462	1.7438712185913148	1.68
222.58111596107483	1.7438712185913148	1.68
222.59623765945435	1.7438712185913148	1.68
222.61168456077576	1.7456828656153784	1.68
222.62854647636414	1.7456828656153784	1.68
222.6447937488556	1.7456828656153784	1.68
222.66171646118164	1.7482453142426497	1.68
222.68639588356018	1.7482453142426497	1.68
222.70351696014404	1.750324795717719	1.68
222.71747422218323	1.750324795717719	1.68
222.7341604232788	1.750324795717719	1.68
222.75074172019958	1.752396356065671	1.68
222.76364040374756	1.752396356065671	1.68
222.77769446372986	1.752396356065671	1.68
222.79432201385498	1.752396356065671	1.68
222.80867552757263	1.7539205739427661	1.68
222.8249170780182	1.7539205739427661	1.68
222.8405065536499	1.7539205739427661	1.68
222.85400772094727	1.7556709132960358	1.68
222.86994075775146	1.7556709132960358	1.68
222.88628387451172	1.7556709132960358	1.68
222.90205335617065	1.7572006479728195	1.68
222.9155867099762	1.7572006479728195	1.68
222.9314591884613	1.7572006479728195	1.68
222.94744062423706	1.7595929334521894	1.68
222.96164536476135	1.7595929334521894	1.68
222.97785592079163	1.7595929334521894	1.68
222.992107629776	1.7628952944345229	1.68
223.00451922416687	1.7628952944345229	1.68
223.0214183330536	1.7628952944345229	1.68
223.03697681427002	1.7650834588175688	1.68
223.04995155334473	1.7650834588175688	1.68
223.06653022766113	1.7650834588175688	1.68
223.08233857154846	1.765554798632164	1.68
223.09748101234436	1.765554798632164	1.68
223.11353969573975	1.765554798632164	1.68
223.1282548904419	1.7638659625488113	1.68
223.14247345924377	1.7638659625488113	1.68
223.15957164764404	1.7638659625488113	1.68
223.175767660141	1.7608620110803301	1.68
223.19253754615784	1.7608620110803301	1.68
223.20915389060974	1.7608620110803301	1.68
223.22466230392456	1.7577744702995381	1.68
223.24024653434753	1.7577744702995381	1.68
223.25737762451172	1.7577744702995381	1.68
223.2736473083496	1.7550017888146474	1.68
223.28855323791504	1.7550017888146474	1.68
223.3051152229309	1.7550017888146474	1.68
223.32131266593933	1.7520952685612532	1.68
223.33480596542358	1.7520952685612532	1.68
223.35162734985352	1.7520952685612532	1.68
223.36541390419006	1.7489135549859214	1.68
223.37801241874695	1.7489135549859214	1.68
223.4001042842865	1.7489135549859214	1.68
223.41583490371704	1.744877719840033	1.68
223.4322624206543	1.744877719840033	1.68
223.44812965393066	1.7387460483702923	1.68
223.46212577819824	1.7387460483702923	1.68
223.4784517288208	1.7387460483702923	1.68
223.49485111236572	1.7387460483702923	1.68
223.51084661483765	1.7327516076796017	1.68
223.52450609207153	1.7327516076796017	1.68
223.5401635169983	1.7327516076796017	1.68
223.55665946006775	1.7282341091098075	1.68
223.5719871520996	1.7282341091098075	1.68
223.58817338943481	1.7282341091098075	1.68
223.60217428207397	1.726666714626949	1.68
223.61424255371094	1.726666714626949	1.68
223.62987327575684	1.726666714626949	1.68
223.64677000045776	1.7254519964525739	1.68
223.66326665878296	1.7254519964525739	1.68
223.67904233932495	1.7254519964525739	1.68
223.6932442188263	1.7248895223163412	1.68
223.70803809165955	1.7248895223163412	1.68
223.72435307502747	1.7248895223163412	1.68
223.7408173084259	1.7249794435604806	1.68
223.75540733337402	1.7249794435604806	1.68
223.77140736579895	1.7249794435604806	1.68
223.78782391548157	1.724529250499201	1.68
223.80346059799194	1.724529250499201	1.68
223.82057309150696	1.724529250499201	1.68
223.83570909500122	1.7257100150529783	1.68
223.85057973861694	1.7257100150529783	1.68
223.86701846122742	1.7257100150529783	1.68
223.8826186656952	1.7261175312333497	1.68
223.8949978351593	1.7261175312333497	1.68
223.91280555725098	1.7261175312333497	1.68
223.92881798744202	1.7271597413863087	1.68
223.94454622268677	1.7271597413863087	1.68
223.96260786056519	1.7271597413863087	1.68
223.97688126564026	1.7295002007880185	1.68
223.99390721321106	1.7295002007880185	1.68
224.00962376594543	1.7295002007880185	1.68
224.0243821144104	1.7314914083988824	1.68
224.04255604743958	1.7314914083988824	1.68
224.0579206943512	1.7325401157022529	1.68
224.07153272628784	1.7325401157022529	1.68
224.08729314804077	1.7325401157022529	1.68
224.10404014587402	1.7346437853451104	1.68
224.12513995170593	1.7346437853451104	1.68
224.14376211166382	1.7346437853451104	1.68
224.1625804901123	1.7364403325201987	1.68
224.17724061012268	1.7364403325201987	1.68
224.19510173797607	1.7364403325201987	1.68
224.2096881866455	1.7364031879836037	1.68
224.22233080863953	1.7364031879836037	1.68
224.23983550071716	1.7364031879836037	1.68
224.25724291801453	1.7369024394554287	1.68
224.27586007118225	1.7369024394554287	1.68
224.29295301437378	1.735187691961788	1.68
224.30588936805725	1.735187691961788	1.68
224.32225799560547	1.735187691961788	1.68
224.34126949310303	1.7339179266361175	1.68
224.35840582847595	1.7339179266361175	1.68
224.37440991401672	1.7339179266361175	1.68
224.3898537158966	1.7328935676617587	1.68
224.40599584579468	1.7328935676617587	1.68
224.4241819381714	1.7328935676617587	1.68
224.44304418563843	1.7311168205952658	1.68
224.45969152450562	1.7311168205952658	1.68
224.4767348766327	1.7297197526891879	1.68
224.4924349784851	1.7297197526891879	1.68
224.50653719902039	1.7297197526891879	1.68
224.52553629875183	1.7277984744283184	1.68
224.54064846038818	1.7277984744283184	1.68
224.5569043159485	1.7277984744283184	1.68
224.57404351234436	1.7265805970868198	1.68
224.5861394405365	1.7265805970868198	1.68
224.60151600837708	1.7265805970868198	1.68
224.62075805664062	1.7233611364667945	1.68
224.63673877716064	1.7233611364667945	1.68
224.6531331539154	1.7233611364667945	1.68
224.66869974136353	1.7232008361386613	1.68
224.6849648952484	1.7232008361386613	1.68
224.70189261436462	1.7232008361386613	1.68
224.71825623512268	1.7196675817665636	1.68
224.73363709449768	1.7196675817665636	1.68
224.7497043609619	1.7196675817665636	1.68
224.76529622077942	1.7170850495537024	1.68
224.78008723258972	1.7170850495537024	1.68
224.79643058776855	1.7170850495537024	1.68
224.8121349811554	1.7139495658935715	1.68
224.8245711326599	1.7139495658935715	1.68
224.83960556983948	1.7139495658935715	1.68
224.8561646938324	1.7122225567513674	1.68
224.8730731010437	1.7122225567513674	1.68
224.88920950889587	1.7122225567513674	1.68
224.90488076210022	1.710772270083438	1.68
224.9171016216278	1.710772270083438	1.68
224.9333279132843	1.710772270083438	1.68
224.94948172569275	1.7087683715456365	1.68
224.96522974967957	1.7087683715456365	1.68
224.98174023628235	1.7087683715456365	1.68
224.99622654914856	1.7076803069493631	1.68
225.01241779327393	1.7076803069493631	1.68
225.02889943122864	1.7076803069493631	1.68
225.04678225517273	1.7047620779189951	1.68
225.05962705612183	1.7047620779189951	1.68
225.0758945941925	1.7047620779189951	1.68
225.09144115447998	1.702383323420482	1.68
225.10444331169128	1.702383323420482	1.68
225.12116265296936	1.702383323420482	1.68
225.13704323768616	1.6988286440703828	1.68
225.1499948501587	1.6988286440703828	1.68
225.16575503349304	1.6988286440703828	1.68
225.1814947128296	1.6986527475804116	1.68
225.19692039489746	1.6986527475804116	1.68
225.21468997001648	1.6986527475804116	1.68
225.22894024848938	1.6982016208511683	1.68
225.24422121047974	1.6982016208511683	1.68
225.2603178024292	1.6982016208511683	1.68
225.27723479270935	1.6991749036565982	1.68
225.2937469482422	1.6991749036565982	1.68
225.30995440483093	1.6991749036565982	1.68
225.3265700340271	1.6994166910669821	1.68
225.34228706359863	1.6994166910669821	1.68
225.35772514343262	1.6994166910669821	1.68
225.3741111755371	1.6998929157828364	1.68
225.38989281654358	1.6998929157828364	1.68
225.40701580047607	1.701087092396054	1.68
225.42178511619568	1.701087092396054	1.68
225.4346227645874	1.701087092396054	1.68
225.45122981071472	1.701087092396054	1.68
225.46691823005676	1.700929137926994	1.68
225.48315572738647	1.700929137926994	1.68
225.49923586845398	1.700929137926994	1.68
225.51224040985107	1.700679022707951	1.68
225.52604222297668	1.700679022707951	1.68
225.54192996025085	1.700679022707951	1.68
225.55817866325378	1.7004962242085644	1.68
225.57373976707458	1.7004962242085644	1.68
225.58905625343323	1.7004962242085644	1.68
225.6036937236786	1.6996667306773365	1.68
225.62034153938293	1.6996667306773365	1.68
225.63890147209167	1.6996667306773365	1.68
225.65522456169128	1.6989228932879556	1.68
225.6687638759613	1.6989228932879556	1.68
225.68578481674194	1.6989228932879556	1.68
225.7027747631073	1.6978498569305558	1.68
225.7167730331421	1.6978498569305558	1.68
225.73982310295105	1.6965584305599648	1.68
225.752108335495	1.6965584305599648	1.68
225.76607871055603	1.6965584305599648	1.68
225.78232049942017	1.6965584305599648	1.68
225.7972388267517	1.6949629499999763	1.68
225.81332564353943	1.6949629499999763	1.68
225.82991981506348	1.6949629499999763	1.68
225.84286236763	1.6931666269115209	1.68
225.8577105998993	1.6931666269115209	1.68
225.87375831604004	1.6931666269115209	1.68
225.89040350914001	1.6917147664318282	1.68
225.90498065948486	1.6917147664318282	1.68
225.92212343215942	1.6896447950080316	1.68
225.93857407569885	1.6896447950080316	1.68
225.95425581932068	1.6896447950080316	1.68
225.97174382209778	1.6875006457899027	1.68
225.98485660552979	1.6875006457899027	1.68
226.00030398368835	1.6875006457899027	1.68
226.01643681526184	1.6865569190675231	1.68
226.03047347068787	1.6865569190675231	1.68
226.0438289642334	1.6865569190675231	1.68
226.0601179599762	1.6865569190675231	1.68
226.0750322341919	1.6857323720958526	1.68
226.0894069671631	1.6857323720958526	1.68
226.1058313846588	1.6857323720958526	1.68
226.11895203590393	1.6848227552169406	1.68
226.131432056427	1.6848227552169406	1.68
226.1500804424286	1.6848227552169406	1.68
226.16565656661987	1.6845252286626895	1.68
226.18334436416626	1.6845252286626895	1.68
226.1997103691101	1.6845252286626895	1.68
226.21331334114075	1.683977006192395	1.68
226.22931051254272	1.683977006192395	1.68
226.24546837806702	1.683977006192395	1.68
226.26200199127197	1.6824145590973583	1.68
226.27748322486877	1.6824145590973583	1.68
226.29444479942322	1.681550646733228	1.68
226.31070256233215	1.681550646733228	1.68
226.3243420124054	1.681550646733228	1.68
226.34440565109253	1.6799016929302806	1.68
226.35688543319702	1.6799016929302806	1.68
226.37084197998047	1.6799016929302806	1.68
226.3915934562683	1.679615337472788	1.68
226.4041576385498	1.679615337472788	1.68
226.42009019851685	1.679615337472788	1.68
226.434800863266	1.6797697386389685	1.68
226.447509765625	1.6797697386389685	1.68
226.4651460647583	1.6797697386389685	1.68
226.48062825202942	1.6804403169021687	1.68
226.49521565437317	1.6804403169021687	1.68
226.51176404953003	1.6804403169021687	1.68
226.5268235206604	1.6824493987781621	1.68
226.54317164421082	1.6824493987781621	1.68
226.55971884727478	1.6824493987781621	1.68
226.5763864517212	1.6853415686037305	1.68
226.59006214141846	1.6853415686037305	1.68
226.60475659370422	1.6853415686037305	1.68
226.61950159072876	1.6891474196155465	1.68
226.63430762290955	1.6891474196155465	1.68
226.6499800682068	1.6891474196155465	1.68
226.6658217906952	1.693107033741147	1.68
226.6783483028412	1.693107033741147	1.68
226.6945366859436	1.693107033741147	1.68
226.7123520374298	1.6987670689609673	1.68
226.72604942321777	1.6987670689609673	1.68
226.7429027557373	1.6987670689609673	1.68
226.7564718723297	1.7039524434569349	1.68
226.7683596611023	1.7039524434569349	1.68
226.78540873527527	1.7039524434569349	1.68
226.80192232131958	1.709223050485689	1.68
226.81417322158813	1.709223050485689	1.68
226.8284809589386	1.709223050485689	1.68
226.84479665756226	1.7146102388550315	1.68
226.85956287384033	1.7146102388550315	1.68
226.87576746940613	1.7146102388550315	1.68
226.8913791179657	1.7208158251763588	1.68
226.9055848121643	1.7208158251763588	1.68
226.92185187339783	1.7208158251763588	1.68
226.93986225128174	1.7249648989278108	1.68
226.9555344581604	1.7249648989278108	1.68
226.97026896476746	1.7249648989278108	1.68
226.9859323501587	1.7278003498810452	1.68
227.00165367126465	1.7278003498810452	1.68
227.01789116859436	1.7278003498810452	1.68
227.03357648849487	1.7292560627362323	1.68
227.0455162525177	1.7292560627362323	1.68
227.05997490882874	1.7292560627362323	1.68
227.07640957832336	1.729450563518834	1.68
227.08935856819153	1.729450563518834	1.68
227.10706090927124	1.729450563518834	1.68
227.12273406982422	1.7286532685177456	1.68
227.13444781303406	1.7286532685177456	1.68
227.1497504711151	1.7286532685177456	1.68
227.16573667526245	1.7262367906101783	1.68
227.18117928504944	1.7262367906101783	1.68
227.197252035141	1.7262367906101783	1.68
227.21326994895935	1.7224343195597231	1.68
227.2277901172638	1.7224343195597231	1.68
227.24402832984924	1.7224343195597231	1.68
227.26047563552856	1.718394431919274	1.68
227.27535367012024	1.718394431919274	1.68
227.2922329902649	1.718394431919274	1.68
227.30872225761414	1.7132010677574243	1.68
227.32547688484192	1.7132010677574243	1.68
227.34122896194458	1.7132010677574243	1.68
227.3559856414795	1.7065534796194164	1.68
227.3713059425354	1.7065534796194164	1.68
227.38856554031372	1.7065534796194164	1.68
227.40438675880432	1.7016237028749237	1.68
227.4211814403534	1.7016237028749237	1.68
227.43728947639465	1.7016237028749237	1.68
227.45444750785828	1.6969623064293617	1.68
227.47098064422607	1.6969623064293617	1.68
227.49009108543396	1.6969623064293617	1.68
227.50824856758118	1.6919076007257936	1.68
227.524183511734	1.6919076007257936	1.68
227.54015588760376	1.6857411353235825	1.68
227.5564956665039	1.6857411353235825	1.68
227.57259249687195	1.6857411353235825	1.68
227.5873031616211	1.6802780398509825	1.68
227.60322737693787	1.6802780398509825	1.68
227.61893677711487	1.6802780398509825	1.68
227.63548922538757	1.676253238475887	1.68
227.6486644744873	1.676253238475887	1.68
227.6638731956482	1.676253238475887	1.68
227.68286967277527	1.6734816114492461	1.68
227.69640636444092	1.6734816114492461	1.68
227.712299823761	1.6734816114492461	1.68
227.72797536849976	1.6701501020308722	1.68
227.73980116844177	1.6701501020308722	1.68
227.75487995147705	1.6701501020308722	1.68
227.77082133293152	1.6701501020308722	1.68
227.78673243522644	1.6691118293035996	1.68
227.8030047416687	1.6691118293035996	1.68
227.81887030601501	1.669012938397908	1.68
227.8339729309082	1.669012938397908	1.68
227.85009860992432	1.669012938397908	1.68
227.86667013168335	1.6690986052309942	1.68
227.88277339935303	1.6690986052309942	1.68
227.89814352989197	1.6690986052309942	1.68
227.91361331939697	1.6684839298082887	1.68
227.92883706092834	1.6684839298082887	1.68
227.94589066505432	1.6684839298082887	1.68
227.962144613266	1.6688803849162954	1.68
227.97536087036133	1.6688803849162954	1.68
227.98970699310303	1.6688803849162954	1.68
228.00590467453003	1.6708115572340596	1.68
228.0212037563324	1.6708115572340596	1.68
228.0369894504547	1.6708115572340596	1.68
228.05217123031616	1.672470924730725	1.68
228.0644497871399	1.672470924730725	1.68
228.0793697834015	1.672470924730725	1.68
228.09472680091858	1.673489862469457	1.68
228.1111044883728	1.673489862469457	1.68
228.1266565322876	1.673489862469457	1.68
228.14295625686646	1.6759675242946326	1.68
228.15790939331055	1.6759675242946326	1.68
228.17415499687195	1.6759675242946326	1.68
228.1917383670807	1.679278121353456	1.68
228.2059953212738	1.679278121353456	1.68
228.22065234184265	1.679278121353456	1.68
228.23673629760742	1.6818925036697698	1.68
228.25168132781982	1.6818925036697698	1.68
228.26677942276	1.6818925036697698	1.68
228.28316521644592	1.6841364219560517	1.68
228.30120611190796	1.6841364219560517	1.68
228.32008004188538	1.6841364219560517	1.68
228.33516931533813	1.686688421061597	1.68
228.34737968444824	1.686688421061597	1.68
228.36369681358337	1.686688421061597	1.68
228.3792130947113	1.6891448570314656	1.68
228.3944125175476	1.6891448570314656	1.68
228.41163396835327	1.6891448570314656	1.68
228.4288148880005	1.6903665664096859	1.68
228.44711303710938	1.6903665664096859	1.68
228.4663155078888	1.6903665664096859	1.68
228.4847390651703	1.6918827785105262	1.68
228.49920463562012	1.6918827785105262	1.68
228.51700401306152	1.6918827785105262	1.68
228.53406357765198	1.6922312701493223	1.68
228.54998755455017	1.6922312701493223	1.68
228.5665123462677	1.6922312701493223	1.68
228.58395409584045	1.6929155390675548	1.68
228.59782767295837	1.6929155390675548	1.68
228.6146960258484	1.6929155390675548	1.68
228.63073635101318	1.692063361311521	1.68
228.6483564376831	1.692063361311521	1.68
228.66634464263916	1.692063361311521	1.68
228.68450617790222	1.6913934136479696	1.68
228.70047330856323	1.6913934136479696	1.68
228.72017669677734	1.6913934136479696	1.68
228.7351529598236	1.6894877575473004	1.68
228.74779295921326	1.6894877575473004	1.68
228.7698576450348	1.6894877575473004	1.68
228.7852702140808	1.6876917993826581	1.68
228.80165791511536	1.6876917993826581	1.68
228.81811618804932	1.6876917993826581	1.68
228.83231282234192	1.6843526102986206	1.68
228.85298562049866	1.6843526102986206	1.68
228.87166333198547	1.6806039013818928	1.68
228.88836145401	1.6806039013818928	1.68
228.9061107635498	1.6806039013818928	1.68
228.92271542549133	1.6781681672766584	1.68
228.93782806396484	1.6781681672766584	1.68
228.95566987991333	1.6781681672766584	1.68
228.97159838676453	1.675565422535514	1.68
228.98349690437317	1.675565422535514	1.68
228.99957704544067	1.675565422535514	1.68
229.01863980293274	1.673579988645421	1.68
229.03183007240295	1.673579988645421	1.68
229.04809594154358	1.673579988645421	1.68
229.06550645828247	1.671429032423113	1.68
229.08074069023132	1.671429032423113	1.68
229.09695625305176	1.671429032423113	1.68
229.11122632026672	1.6693419083228112	1.68
229.12383484840393	1.6693419083228112	1.68
229.1453628540039	1.6693419083228112	1.68
229.16111540794373	1.6677393410692356	1.68
229.1775107383728	1.6677393410692356	1.68
229.19284343719482	1.6670689657479794	1.68
229.20649003982544	1.6670689657479794	1.68
229.22319173812866	1.6670689657479794	1.68
229.24023699760437	1.6655888162365549	1.68
229.2570676803589	1.6655888162365549	1.68
229.27392053604126	1.6655888162365549	1.68
229.29139065742493	1.664337402326647	1.68
229.30862712860107	1.664337402326647	1.68
229.3265359401703	1.664337402326647	1.68
229.34496212005615	1.6644273978159347	1.68
229.3591251373291	1.6644273978159347	1.68
229.3887174129486	1.6642788725350353	1.68
229.40719318389893	1.6642788725350353	1.68
229.42340898513794	1.6642788725350353	1.68
229.44057726860046	1.6646797136142084	1.68
229.45618963241577	1.6646797136142084	1.68
229.47307205200195	1.6646797136142084	1.68
229.48963952064514	1.6662155476516851	1.68
229.50477385520935	1.6662155476516851	1.68
229.51899313926697	1.6662155476516851	1.68
229.53667306900024	1.6682277412536795	1.68
229.55171275138855	1.6682277412536795	1.68
229.5747938156128	1.6682277412536795	1.68
229.59060049057007	1.670319078168133	1.68
229.6034345626831	1.670319078168133	1.68
229.61971282958984	1.670319078168133	1.68
229.63693594932556	1.6715299364378613	1.68
229.65445113182068	1.6715299364378613	1.68
229.67224502563477	1.6715299364378613	1.68
229.68653225898743	1.6725972930533541	1.68
229.7015974521637	1.6725972930533541	1.68
229.71827459335327	1.6725972930533541	1.68
229.73510479927063	1.6738110769512253	1.68
229.7479429244995	1.6738110769512253	1.68
229.76310062408447	1.6738110769512253	1.68
229.7795286178589	1.6753814340295814	1.68
229.80462884902954	1.6753814340295814	1.68
229.82134675979614	1.6764923225982655	1.68
229.83661437034607	1.6764923225982655	1.68
229.85169982910156	1.6764923225982655	1.68
229.86755323410034	1.6781767647494887	1.68
229.88061213493347	1.6781767647494887	1.68
229.89397525787354	1.6781767647494887	1.68
229.90995383262634	1.6781767647494887	1.68
229.92510271072388	1.6798504202758675	1.68
229.94064807891846	1.6798504202758675	1.68
229.9569320678711	1.6798504202758675	1.68
229.9699821472168	1.6804372678796078	1.68
229.9854371547699	1.6804372678796078	1.68
230.00191020965576	1.6804372678796078	1.68
230.02098655700684	1.6807101820362345	1.68
230.03504490852356	1.6807101820362345	1.68
230.05076503753662	1.6807101820362345	1.68
230.06677436828613	1.6802952089847374	1.68
230.08075881004333	1.6802952089847374	1.68
230.09706830978394	1.6802952089847374	1.68
230.11191248893738	1.6791984871618812	1.68
230.12353610992432	1.6791984871618812	1.68
230.1383547782898	1.6791984871618812	1.68
230.1544463634491	1.67835777444231	1.68
230.16922569274902	1.67835777444231	1.68
230.1854202747345	1.67835777444231	1.68
230.20209431648254	1.677132373716367	1.68
230.21600794792175	1.677132373716367	1.68
230.2325041294098	1.677132373716367	1.68
230.2512137889862	1.676014866639271	1.68
230.26625800132751	1.676014866639271	1.68
230.28212571144104	1.676014866639271	1.68
230.29803657531738	1.674428284718367	1.68
230.31370162963867	1.674428284718367	1.68
230.33074498176575	1.674428284718367	1.68
230.3466465473175	1.6719421671062211	1.68
230.36361932754517	1.6719421671062211	1.68
230.38084506988525	1.6719421671062211	1.68
230.39636158943176	1.6692839901255354	1.68
230.41261339187622	1.6692839901255354	1.68
230.4291968345642	1.6692839901255354	1.68
230.44539213180542	1.6671749330283916	1.68
230.4615981578827	1.6671749330283916	1.68
230.47808718681335	1.6671749330283916	1.68
230.49508357048035	1.6645178256340252	1.68
230.51202511787415	1.6645178256340252	1.68
230.52868962287903	1.6616876454031693	1.68
230.54474401474	1.6616876454031693	1.68
230.5614697933197	1.6616876454031693	1.68
230.57571506500244	1.6600813238734244	1.68
230.59043335914612	1.6600813238734244	1.68
230.60661840438843	1.6600813238734244	1.68
230.62377548217773	1.658652684002168	1.68
230.6376519203186	1.658652684002168	1.68
230.6530795097351	1.658652684002168	1.68
230.66975951194763	1.6573413436566824	1.68
230.6848120689392	1.6573413436566824	1.68
230.70051765441895	1.6573413436566824	1.68
230.71644592285156	1.6568636062647517	1.68
230.7286593914032	1.6568636062647517	1.68
230.7417197227478	1.6568636062647517	1.68
230.75792336463928	1.6568636062647517	1.68
230.7754967212677	1.6570600997312794	1.68
230.79225897789001	1.6570600997312794	1.68
230.80736112594604	1.6570600997312794	1.68
230.82237029075623	1.6585675104071655	1.68
230.83881497383118	1.6585675104071655	1.68
230.8575484752655	1.6585651854681955	1.68
230.8735227584839	1.6585651854681955	1.68
230.88759303092957	1.6585651854681955	1.68
230.90408277511597	1.6595632928570372	1.68
230.92018175125122	1.6595632928570372	1.68
230.935795545578	1.6595632928570372	1.68
230.95167422294617	1.6615015523598367	1.68
230.96370005607605	1.6615015523598367	1.68
230.97716546058655	1.6615015523598367	1.68
230.9930784702301	1.6643385396316908	1.68
231.0066375732422	1.6643385396316908	1.68
231.0229914188385	1.6643385396316908	1.68
231.03944182395935	1.6680428110602619	1.68
231.05180168151855	1.6680428110602619	1.68
231.06699228286743	1.6680428110602619	1.68
231.0836000442505	1.671088262396178	1.68
231.09706044197083	1.671088262396178	1.68
231.11344289779663	1.671088262396178	1.68
231.129332780838	1.6743241917014617	1.68
231.1449749469757	1.6743241917014617	1.68
231.16139125823975	1.6743241917014617	1.68
231.17750215530396	1.6773068875676036	1.68
231.19390034675598	1.6773068875676036	1.68
231.20871138572693	1.6773068875676036	1.68
231.22567653656006	1.6803224430314057	1.68
231.24131083488464	1.6803224430314057	1.68
231.255122423172	1.6803224430314057	1.68
231.2716281414032	1.6824694792010022	1.68
231.28768467903137	1.6824694792010022	1.68
231.3039472103119	1.6824694792010022	1.68
231.32002997398376	1.6855879271509875	1.68
231.33587551116943	1.6855879271509875	1.68
231.35524892807007	1.6855879271509875	1.68
231.3745174407959	1.6873975374693697	1.68
231.393315076828	1.6873975374693697	1.68
231.41306471824646	1.6873975374693697	1.68
231.43662905693054	1.6895674258337152	1.68
231.4562337398529	1.6895674258337152	1.68
231.47404789924622	1.6919527671845416	1.68
231.48892545700073	1.6919527671845416	1.68
231.50400567054749	1.6919527671845416	1.68
231.5200595855713	1.6929857214196868	1.68
231.53341698646545	1.6929857214196868	1.68
231.5493586063385	1.6929857214196868	1.68
231.56528544425964	1.6941949820096371	1.68
231.5782585144043	1.6941949820096371	1.68
231.59428906440735	1.6941949820096371	1.68
231.61302876472473	1.6961608360894462	1.68
231.6284956932068	1.6961608360894462	1.68
231.64714884757996	1.6961608360894462	1.68
231.66478538513184	1.6965212078462557	1.68
231.67917799949646	1.6965212078462557	1.68
231.69815921783447	1.6965212078462557	1.68
231.713632106781	1.6976793497607143	1.68
231.72680807113647	1.6976793497607143	1.68
231.74196362495422	1.6976793497607143	1.68
231.7585940361023	1.6983414024902426	1.68
231.77210021018982	1.6983414024902426	1.68
231.7958207130432	1.6983414024902426	1.68
231.81185746192932	1.6987880346718416	1.68
231.83029103279114	1.6987880346718416	1.68
231.85116863250732	1.699856964425844	1.68
231.8662989139557	1.699856964425844	1.68
231.88503980636597	1.699856964425844	1.68
231.91247820854187	1.6990421587091624	1.68
231.94231748580933	1.6990421587091624	1.68
231.96417355537415	1.6964057310488125	1.68
231.97748637199402	1.6964057310488125	1.68
231.99713897705078	1.6964057310488125	1.68
232.01537346839905	1.6964057310488125	1.68
232.0307812690735	1.6937900960366536	1.68
232.04391646385193	1.6937900960366536	1.68
232.059504032135	1.6937900960366536	1.68
232.073584318161	1.6916022262887545	1.68
232.08638906478882	1.6916022262887545	1.68
232.10215759277344	1.6916022262887545	1.68
232.11656951904297	1.6892563872430966	1.68
232.12939739227295	1.6892563872430966	1.68
232.14606094360352	1.6892563872430966	1.68
232.16844844818115	1.6883007545375008	1.68
232.18086338043213	1.6883007545375008	1.68
232.19358801841736	1.6883007545375008	1.68
232.21573781967163	1.6883007545375008	1.68
232.23291778564453	1.6857618506283654	1.68
232.24702072143555	1.6857618506283654	1.68
232.26207423210144	1.6857618506283654	1.68
232.27575159072876	1.683800136537147	1.68
232.29217863082886	1.683800136537147	1.68
232.31007027626038	1.683800136537147	1.68
232.329598903656	1.6820521384962095	1.68
232.34230947494507	1.6820521384962095	1.68
232.35660219192505	1.6820521384962095	1.68
232.37623286247253	1.6820521384962095	1.68
232.38914942741394	1.680776765273211	1.68
232.40627551078796	1.680776765273211	1.68
232.42232632637024	1.680776765273211	1.68
232.4349822998047	1.6804973654296496	1.68
232.44721817970276	1.6804973654296496	1.68
232.46366238594055	1.6804973654296496	1.68
232.4815878868103	1.6833481897116822	1.68
232.49389147758484	1.6833481897116822	1.68
232.5083634853363	1.6833481897116822	1.68
232.52842378616333	1.686268010588274	1.68
232.5418574810028	1.686268010588274	1.68
232.56136202812195	1.686268010588274	1.68
232.5771951675415	1.6893988533418143	1.68
232.5892984867096	1.6893988533418143	1.68
232.60466933250427	1.6893988533418143	1.68
232.62357187271118	1.6893988533418143	1.68
232.63900709152222	1.6919659289603621	1.68
232.65251898765564	1.6919659289603621	1.68
232.66744351387024	1.6919659289603621	1.68
232.68562602996826	1.6930090720816806	1.68
232.6982102394104	1.6930090720816806	1.68
232.71784329414368	1.6930090720816806	1.68
232.73555541038513	1.695698906795614	1.68
232.75099349021912	1.695698906795614	1.68
232.78401827812195	1.695698906795614	1.68
232.80417656898499	1.6976612151966322	1.68
232.82064485549927	1.6976612151966322	1.68
232.83808970451355	1.6994872024908427	1.68
232.85491013526917	1.6994872024908427	1.68
232.87147307395935	1.6994872024908427	1.68
232.8891043663025	1.6999613563852303	1.68
232.9055666923523	1.6999613563852303	1.68
232.92962002754211	1.6999613563852303	1.68
232.94752955436707	1.6994918131393608	1.68
232.96030282974243	1.6994918131393608	1.68
232.98288941383362	1.6994918131393608	1.68
233.00056624412537	1.6974962926465267	1.68
233.0194525718689	1.6974962926465267	1.68
233.0362696647644	1.6974962926465267	1.68
233.06084179878235	1.6944079424262788	1.68
233.0830957889557	1.6944079424262788	1.68
233.10591006278992	1.6903372009440165	1.68
233.1344337463379	1.6903372009440165	1.68
233.1551070213318	1.6860152592827364	1.68
233.17809581756592	1.6860152592827364	1.68
233.19770216941833	1.6860152592827364	1.68
233.21857261657715	1.6825541409548066	1.68
233.23808312416077	1.6825541409548066	1.68
233.26501488685608	1.6775138548891282	1.68
233.28203463554382	1.6775138548891282	1.68
233.30770826339722	1.6775138548891282	1.68
233.32426285743713	1.6723344512618852	1.68
233.33767127990723	1.6723344512618852	1.68
233.35324811935425	1.6723344512618852	1.68
233.36923384666443	1.6673371039436073	1.68
233.38559341430664	1.6673371039436073	1.68
233.41488242149353	1.6673371039436073	1.68
233.42868375778198	1.6635422242874474	1.68
233.44139051437378	1.6635422242874474	1.68
233.46177744865417	1.6635422242874474	1.68
233.47938680648804	1.6608414845870727	1.68
233.50092911720276	1.6608414845870727	1.68
233.51853394508362	1.6575944901922839	1.68
233.53661346435547	1.6575944901922839	1.68
233.55470943450928	1.6575944901922839	1.68
233.5829155445099	1.6559699548209814	1.68
233.5993070602417	1.6559699548209814	1.68
233.62177348136902	1.6559699548209814	1.68
233.63849592208862	1.655122984412514	1.68
233.65498399734497	1.655122984412514	1.68
233.67584872245789	1.655122984412514	1.68
233.6921467781067	1.6550903168300963	1.68
233.70706057548523	1.6550903168300963	1.68
233.72233629226685	1.6550903168300963	1.68
233.7366588115692	1.6563054676684856	1.68
233.75076341629028	1.6563054676684856	1.68
233.77922439575195	1.6563054676684856	1.68
233.79528713226318	1.6587799249823196	1.68
233.80958724021912	1.6587799249823196	1.68
233.83269381523132	1.6587799249823196	1.68
233.84976816177368	1.662195639084003	1.68
233.86499786376953	1.662195639084003	1.68
233.88105034828186	1.662195639084003	1.68
233.89472460746765	1.6652998145106879	1.68
233.909485578537	1.6652998145106879	1.68
233.93055057525635	1.6652998145106879	1.68
233.94824528694153	1.6687856253989402	1.68
233.96009278297424	1.6687856253989402	1.68
233.97626066207886	1.6687856253989402	1.68
233.99489736557007	1.6704161359326481	1.68
234.00852990150452	1.6704161359326481	1.68
234.02387118339539	1.6704161359326481	1.68
234.03983736038208	1.6720110793012999	1.68
234.0541808605194	1.6720110793012999	1.68
234.074303150177	1.6720110793012999	1.68
234.09053373336792	1.672529099876328	1.68
234.10621452331543	1.672529099876328	1.68
234.12185215950012	1.672529099876328	1.68
234.13728427886963	1.6715761202251656	1.68
234.15047073364258	1.6715761202251656	1.68
234.1671905517578	1.6715761202251656	1.68
234.18495178222656	1.6715761202251656	1.68
234.19787740707397	1.6703016936106843	1.68
234.2103888988495	1.6703016936106843	1.68
234.22928309440613	1.6703016936106843	1.68
234.25254130363464	1.6677932553394883	1.68
234.2681224346161	1.6677932553394883	1.68
234.28327584266663	1.6642519301741179	1.68
234.3005187511444	1.6642519301741179	1.68
234.31845712661743	1.6642519301741179	1.68
234.3330578804016	1.6601834100052624	1.68
234.34631061553955	1.6601834100052624	1.68
234.36167907714844	1.6601834100052624	1.68
234.37864136695862	1.6544026597101027	1.68
234.39370346069336	1.6544026597101027	1.68
234.40791654586792	1.6544026597101027	1.68
234.42384123802185	1.6482909679354243	1.68
234.43796801567078	1.6482909679354243	1.68
234.4523365497589	1.6482909679354243	1.68
234.47023606300354	1.6482909679354243	1.68
234.48518753051758	1.6441630663470264	1.68
234.49898505210876	1.6441630663470264	1.68
234.51741313934326	1.6441630663470264	1.68
234.53324341773987	1.6407799245676038	1.68
234.54688954353333	1.6407799245676038	1.68
234.5618052482605	1.6407799245676038	1.68
234.57880687713623	1.6376710409773243	1.68
234.5919041633606	1.6376710409773243	1.68
234.60700273513794	1.6376710409773243	1.68
234.62579774856567	1.6376710409773243	1.68
234.64081501960754	1.6355895636102147	1.68
234.65374040603638	1.6355895636102147	1.68
234.676372051239	1.6355895636102147	1.68
234.69109654426575	1.6325097759389817	1.68
234.70380067825317	1.6325097759389817	1.68
234.72058391571045	1.6325097759389817	1.68
234.73433542251587	1.6302730405732704	1.68
234.7489402294159	1.6302730405732704	1.68
234.7661464214325	1.6302730405732704	1.68
234.78682661056519	1.6281808302003995	1.68
234.80206537246704	1.6281808302003995	1.68
234.8169219493866	1.6281808302003995	1.68
234.84184551239014	1.6264973973152332	1.68
234.85518670082092	1.6264973973152332	1.68
234.8703293800354	1.6264973973152332	1.68
234.8867518901825	1.6265430660344449	1.68
234.9006097316742	1.6265430660344449	1.68
234.91631364822388	1.6265430660344449	1.68
234.9328236579895	1.626660568769611	1.68
234.9485411643982	1.626660568769611	1.68
234.963769197464	1.626660568769611	1.68
234.98007464408875	1.6271676885957138	1.68
234.9967520236969	1.6271676885957138	1.68
235.01324725151062	1.6271676885957138	1.68
235.02949786186218	1.6274985265845405	1.68
235.04164481163025	1.6274985265845405	1.68
235.05436158180237	1.6274985265845405	1.68
235.07051491737366	1.6274406770960284	1.68
235.08498525619507	1.6274406770960284	1.68
235.09743285179138	1.6274406770960284	1.68
235.11366319656372	1.6274406770960284	1.68
235.12877321243286	1.6289796841449	1.68
235.1412124633789	1.6289796841449	1.68
235.15686750411987	1.6289796841449	1.68
235.17077112197876	1.6310364450144654	1.68
235.1833038330078	1.6310364450144654	1.68
235.199298620224	1.6310364450144654	1.68
235.21476554870605	1.6325966331022397	1.68
235.22947907447815	1.6325966331022397	1.68
235.24534392356873	1.6325966331022397	1.68
235.26000833511353	1.6351576299800274	1.68
235.2742896080017	1.6351576299800274	1.68
235.28949737548828	1.6351576299800274	1.68
235.3050298690796	1.638094396198527	1.68
235.319415807724	1.638094396198527	1.68
235.33575296401978	1.638094396198527	1.68
235.35249280929565	1.6418666746842843	1.68
235.3678696155548	1.6418666746842843	1.68
235.38572716712952	1.6418666746842843	1.68
235.4023094177246	1.6455928935435093	1.68
235.4171724319458	1.6455928935435093	1.68
235.43591117858887	1.6455928935435093	1.68
235.4531590938568	1.648799805373372	1.68
235.4684362411499	1.648799805373372	1.68
235.48879957199097	1.648799805373372	1.68
235.5008533000946	1.6519525471917995	1.68
235.51537537574768	1.6519525471917995	1.68
235.53095388412476	1.6519525471917995	1.68
235.5468351840973	1.6563104433906914	1.68
235.56186485290527	1.6563104433906914	1.68
235.57692575454712	1.6563104433906914	1.68
235.59278750419617	1.65834019178607	1.68
235.60796880722046	1.65834019178607	1.68
235.62496852874756	1.65834019178607	1.68
235.639963388443	1.6619234309165052	1.68
235.65431118011475	1.6619234309165052	1.68
235.67055320739746	1.6619234309165052	1.68
235.68756580352783	1.665550106816782	1.68
235.703999042511	1.665550106816782	1.68
235.72081184387207	1.665550106816782	1.68
235.73479509353638	1.6683451724580085	1.68
235.7492241859436	1.6683451724580085	1.68
235.7653923034668	1.6683451724580085	1.68
235.7813799381256	1.6701690099391548	1.68
235.79764485359192	1.6701690099391548	1.68
235.81372547149658	1.6701690099391548	1.68
235.82658791542053	1.67210802035456	1.68
235.84234237670898	1.67210802035456	1.68
235.85824465751648	1.67210802035456	1.68
235.87029552459717	1.6729600759001975	1.68
235.88576817512512	1.6729600759001975	1.68
235.90167903900146	1.6729600759001975	1.68
235.9191312789917	1.6752159409751173	1.68
235.9333348274231	1.6752159409751173	1.68
235.94955945014954	1.6752159409751173	1.68
235.96517658233643	1.676464919827081	1.68
235.98000478744507	1.676464919827081	1.68
235.99669742584229	1.676464919827081	1.68
236.01181268692017	1.676760625726688	1.68
236.02347826957703	1.676760625726688	1.68
236.0393626689911	1.676760625726688	1.68
236.05640506744385	1.67787101156395	1.68
236.07033824920654	1.67787101156395	1.68
236.0863652229309	1.67787101156395	1.68
236.1021270751953	1.677324532274009	1.68
236.11608219146729	1.677324532274009	1.68
236.13233613967896	1.677324532274009	1.68
236.14885306358337	1.677549633233236	1.68
236.16511607170105	1.677549633233236	1.68
236.18267512321472	1.677549633233236	1.68
236.2051341533661	1.677564375667782	1.68
236.22307109832764	1.677564375667782	1.68
236.23962783813477	1.6782397461801708	1.68
236.25438737869263	1.6782397461801708	1.68
236.2693407535553	1.6782397461801708	1.68
236.2868094444275	1.6786324928694534	1.68
236.30255436897278	1.6786324928694534	1.68
236.3250811100006	1.6786324928694534	1.68
236.34335947036743	1.6802964554054765	1.68
236.36100554466248	1.6802964554054765	1.68
236.37928795814514	1.6803868381476046	1.68
236.39566111564636	1.6803868381476046	1.68
236.41282987594604	1.6803868381476046	1.68
236.42817401885986	1.6810383821036488	1.68
236.44388055801392	1.6810383821036488	1.68
236.46014761924744	1.6810383821036488	1.68
236.47799944877625	1.682922525395843	1.68
236.49373745918274	1.682922525395843	1.68
236.51011562347412	1.682922525395843	1.68
236.5277020931244	1.6854815057697514	1.68
236.5422444343567	1.6854815057697514	1.68
236.55889511108398	1.6854815057697514	1.68
236.57278561592102	1.6888547639058462	1.68
236.58451962471008	1.6888547639058462	1.68
236.59958672523499	1.6888547639058462	1.68
236.61540865898132	1.6913266893364185	1.68
236.62759947776794	1.6913266893364185	1.68
236.64281272888184	1.6913266893364185	1.68
236.6590232849121	1.693894972510153	1.68
236.67197799682617	1.693894972510153	1.68
236.68782496452332	1.693894972510153	1.68
236.70445704460144	1.6962642452353744	1.68
236.71604466438293	1.6962642452353744	1.68
236.73046159744263	1.6962642452353744	1.68
236.74652075767517	1.698158264211815	1.68
236.761620759964	1.698158264211815	1.68
236.77710556983948	1.698158264211815	1.68
236.7920377254486	1.7003697112073133	1.68
236.80445528030396	1.7003697112073133	1.68
236.81928992271423	1.7003697112073133	1.68
236.83505487442017	1.7003697112073133	1.68
236.850270986557	1.7025256369671127	1.68
236.86411929130554	1.7025256369671127	1.68
236.87887811660767	1.7025256369671127	1.68
236.89458894729614	1.7039420930110682	1.68
236.90826416015625	1.7039420930110682	1.68
236.92477703094482	1.7039420930110682	1.68
236.93891716003418	1.7039190804303135	1.68
236.95065832138062	1.7039190804303135	1.68
236.96674871444702	1.7039190804303135	1.68
236.98404240608215	1.7027858477400937	1.68
236.99780893325806	1.7027858477400937	1.68
237.01410150527954	1.7027858477400937	1.68
237.02826690673828	1.7018310648067465	1.68
237.03972029685974	1.7018310648067465	1.68
237.05575251579285	1.7018310648067465	1.68
237.0721251964569	1.7011161625166704	1.68
237.08687734603882	1.7011161625166704	1.68
237.10418391227722	1.7011161625166704	1.68
237.11795020103455	1.6997753160829947	1.68
237.13253116607666	1.6997753160829947	1.68
237.1492214202881	1.6997753160829947	1.68
237.16487741470337	1.6981622564015346	1.68
237.1791229248047	1.6981622564015346	1.68
237.19411849975586	1.6981622564015346	1.68
237.209645986557	1.6964143608465299	1.68
237.22537183761597	1.6964143608465299	1.68
237.24163794517517	1.6964143608465299	1.68
237.25771594047546	1.6932365806295877	1.68
237.27022671699524	1.6932365806295877	1.68
237.28481316566467	1.6932365806295877	1.68
237.30063319206238	1.6898413116259359	1.68
237.31641030311584	1.6898413116259359	1.68
237.33396220207214	1.6898413116259359	1.68
237.34959387779236	1.6884701546011425	1.68
237.36270904541016	1.6884701546011425	1.68
237.3786609172821	1.6884701546011425	1.68
237.39418482780457	1.686924276963019	1.68
237.40598130226135	1.686924276963019	1.68
237.42060136795044	1.686924276963019	1.68
237.43628978729248	1.686924276963019	1.68
237.45281219482422	1.6859175978064544	1.68
237.46799182891846	1.6859175978064544	1.68
237.4838035106659	1.6848056498388533	1.68
237.4983742237091	1.6848056498388533	1.68
237.5137116909027	1.6848056498388533	1.68
237.5296721458435	1.6838869717900729	1.68
237.54382967948914	1.6838869717900729	1.68
237.55686211585999	1.6838869717900729	1.68
237.57296657562256	1.6838869717900729	1.68
237.58873963356018	1.6846423695775925	1.68
237.60277247428894	1.6846423695775925	1.68
237.6189248561859	1.6846423695775925	1.68
237.63342905044556	1.685726925097073	1.68
237.64484882354736	1.685726925097073	1.68
237.66081643104553	1.685726925097073	1.68
237.67504262924194	1.6864594624453457	1.68
237.68948674201965	1.6864594624453457	1.68
237.7057774066925	1.6864594624453457	1.68
237.71844959259033	1.6870040622253533	1.68
237.73133635520935	1.6870040622253533	1.68
237.74757742881775	1.6870040622253533	1.68
237.7628698348999	1.687923715084591	1.68
237.77880454063416	1.687923715084591	1.68
237.79528856277466	1.687923715084591	1.68
237.80847096443176	1.687153306891993	1.68
237.82452130317688	1.687153306891993	1.68
237.8416519165039	1.687153306891993	1.68
237.8571970462799	1.687488639613602	1.68
237.8709955215454	1.687488639613602	1.68
237.8875856399536	1.687488639613602	1.68
237.90410947799683	1.6873894870528645	1.68
237.9179084300995	1.6873894870528645	1.68
237.93425869941711	1.6873894870528645	1.68
237.9484405517578	1.6878902679486292	1.68
237.96014785766602	1.6878902679486292	1.68
237.9756989479065	1.6878902679486292	1.68
237.9917562007904	1.688039154040305	1.68
238.0051941871643	1.688039154040305	1.68
238.02117371559143	1.688039154040305	1.68
238.0348927974701	1.687046144981375	1.68
238.0488395690918	1.687046144981375	1.68
238.06539344787598	1.687046144981375	1.68
238.0794813632965	1.6851560073556207	1.68
238.09356355667114	1.6851560073556207	1.68
238.11169528961182	1.6851560073556207	1.68
238.12516164779663	1.683190644107757	1.68
238.14062237739563	1.683190644107757	1.68
238.15678548812866	1.683190644107757	1.68
238.172523021698	1.6842018275830974	1.68
238.18784308433533	1.6842018275830974	1.68
238.20442819595337	1.6842018275830974	1.68
238.22121596336365	1.6899996862787496	1.68
238.23689603805542	1.6899996862787496	1.68
238.25286555290222	1.6899996862787496	1.68
238.26744556427002	1.6961303764961406	1.68
238.28292655944824	1.6961303764961406	1.68
238.29939556121826	nan	1.68
238.31584477424622	nan	1.68
238.3306839466095	nan	1.68
238.3465256690979	nan	1.68
238.36110472679138	nan	1.68
238.37607169151306	nan	1.68
238.39236640930176	nan	1.68
238.40588927268982	nan	1.68
238.42156219482422	nan	1.68
238.43741297721863	nan	1.68
238.4504737854004	nan	1.68
238.4664978981018	nan	1.68
238.4811110496521	nan	1.68
238.49661540985107	nan	1.68
238.51434326171875	nan	1.68
238.52923941612244	nan	1.68
238.55542039871216	nan	1.68
238.5728781223297	nan	1.68
238.5879943370819	nan	1.68
238.60444808006287	nan	1.68
238.62272667884827	nan	1.68
238.63726115226746	nan	1.68
238.65446066856384	nan	1.68
238.67332482337952	nan	1.68
238.69090104103088	nan	1.68
238.70735049247742	nan	1.68
238.7224316596985	nan	1.68
238.7363088130951	nan	1.68
238.75232219696045	nan	1.68
238.76630187034607	nan	1.68
238.78432178497314	nan	1.68
238.79980516433716	nan	1.68
238.81404423713684	nan	1.68
238.83026456832886	nan	1.68
238.84663891792297	nan	1.68
238.85927486419678	nan	1.68
238.87512302398682	nan	1.68
238.89365601539612	nan	1.68
238.90963888168335	nan	1.68
238.92692685127258	nan	1.68
238.94148302078247	nan	1.68
238.95535135269165	nan	1.68
238.9706699848175	nan	1.68
238.98716282844543	nan	1.68
239.00304579734802	nan	1.68
239.01842379570007	nan	1.68
239.033753156662	nan	1.68
239.04908990859985	nan	1.68
239.06660079956055	nan	1.68
239.08228373527527	nan	1.68
239.094172000885	nan	1.68
239.10946440696716	nan	1.68
239.12584733963013	nan	1.68
239.15402603149414	nan	1.68
239.1709315776825	nan	1.68
239.18410325050354	nan	1.68
239.20232462882996	nan	1.68
239.22045469284058	nan	1.68
239.2370262145996	nan	1.68
239.25534629821777	nan	1.68
239.27033233642578	nan	1.68
239.28201842308044	nan	1.68
239.29396510124207	nan	1.68
239.30759477615356	nan	1.68
239.32047724723816	nan	1.68
239.3318121433258	nan	1.68
239.35824155807495	nan	1.68
239.376446723938	nan	1.68
239.40206956863403	nan	1.68
239.4157998561859	nan	1.68
239.42856669425964	nan	1.68
239.44762563705444	nan	1.68
239.46711444854736	nan	1.68
239.48416996002197	nan	1.68
239.49803614616394	nan	1.68
239.51586771011353	nan	1.68
239.53021836280823	nan	1.68
239.56712865829468	nan	1.68
239.5850329399109	nan	1.68
239.60453152656555	nan	1.68
239.62155437469482	nan	1.68
239.63462948799133	nan	1.68
239.65092158317566	nan	1.68
239.66556525230408	nan	1.68
239.67909407615662	nan	1.68
239.69162964820862	nan	1.68
239.70349740982056	nan	1.68
239.7175977230072	nan	1.68
239.7299256324768	nan	1.68
239.74292016029358	nan	1.68
239.76534509658813	nan	1.68
239.77811002731323	nan	1.68
239.7893807888031	nan	1.68
239.80954313278198	nan	1.68
239.82560634613037	nan	1.68
239.8406195640564	nan	1.68
239.85387516021729	nan	1.68
239.86654043197632	nan	1.68
239.8789529800415	nan	1.68
239.893492937088	nan	1.68
239.90683245658875	nan	1.68
239.9194357395172	nan	1.68
239.93208813667297	nan	1.68
239.94389247894287	nan	1.68
239.95627236366272	nan	1.68
239.97028303146362	nan	1.68
239.98334312438965	nan	1.68
240.0063192844391	nan	1.68
240.01911115646362	nan	1.68
240.03050255775452	nan	1.68
240.05376482009888	nan	1.68
240.06810331344604	nan	1.68
240.08123898506165	nan	1.68
240.09359788894653	nan	1.68
240.11732149124146	nan	1.68
240.13272738456726	nan	1.68
240.15023255348206	nan	1.68
240.16752815246582	nan	1.68
240.18014907836914	nan	1.68
240.19272184371948	nan	1.68
240.2126703262329	nan	1.68
240.2292125225067	nan	1.68
240.2424440383911	nan	1.68
240.2582983970642	nan	1.68
240.2714385986328	nan	1.68
240.2871129512787	nan	1.68
240.30319547653198	nan	1.68
240.32280349731445	nan	1.68
240.33819890022278	nan	1.68
240.3547887802124	nan	1.68
240.37254786491394	nan	1.68
240.38508653640747	nan	1.68
240.3988606929779	nan	1.68
240.42056608200073	nan	1.68
240.43622636795044	nan	1.68
240.44848036766052	nan	1.68
240.46660900115967	nan	1.68
240.47895884513855	nan	1.68
240.49675965309143	nan	1.68
240.51528453826904	nan	1.68
240.52800226211548	nan	1.68
240.54053831100464	nan	1.68
240.5559380054474	nan	1.68
240.57158184051514	nan	1.68
240.5848457813263	nan	1.68
240.6018373966217	nan	1.68
240.6199038028717	nan	1.68
240.6321506500244	nan	1.68
240.64531564712524	nan	1.68
240.66213607788086	nan	1.68
240.67713809013367	nan	1.68
240.68996906280518	nan	1.68
240.7043261528015	nan	1.68
240.7191333770752	nan	1.68
240.73175430297852	nan	1.68
240.74554777145386	nan	1.68
240.76359009742737	nan	1.68
240.7797634601593	nan	1.68
240.792542219162	nan	1.68
240.80832362174988	nan	1.68
240.82584166526794	nan	1.68
240.840717792511	nan	1.68
240.85460710525513	nan	1.68
240.86953735351562	nan	1.68
240.88355588912964	1.6651328469109228	1.68
240.8967034816742	1.6651328469109228	1.68
240.91315484046936	1.6651328469109228	1.68
240.93163347244263	1.6721269272405934	1.68
240.9436240196228	1.6721269272405934	1.68
240.95759463310242	1.6721269272405934	1.68
240.98449730873108	1.6721269272405934	1.68
240.99834823608398	1.6789413594999938	1.68
241.01246166229248	1.6789413594999938	1.68
241.02842950820923	1.6789413594999938	1.68
241.04137086868286	1.6852271997353907	1.68
241.05396819114685	1.6852271997353907	1.68
241.07199907302856	1.6852271997353907	1.68
241.08747935295105	1.6869273570457508	1.68
241.1011049747467	1.6869273570457508	1.68
241.11692094802856	1.6869273570457508	1.68
241.13205289840698	1.687477985046143	1.68
241.14669609069824	1.687477985046143	1.68
241.16091775894165	1.687477985046143	1.68
241.17616415023804	1.687622884694807	1.68
241.18938899040222	1.687622884694807	1.68
241.204603433609	1.687622884694807	1.68
241.22353863716125	1.687622884694807	1.68
241.23734784126282	1.687735986299085	1.68
241.25016927719116	1.687735986299085	1.68
241.267352104187	1.687735986299085	1.68
241.28361082077026	1.6869446847300076	1.68
241.29719710350037	1.6869446847300076	1.68
241.31241822242737	1.6869446847300076	1.68
241.3285744190216	1.6858878949064042	1.68
241.3457489013672	1.6858878949064042	1.68
241.36113786697388	1.6858878949064042	1.68
241.38262748718262	1.6858878949064042	1.68
241.39518404006958	1.684827311167227	1.68
241.40717792510986	1.684827311167227	1.68
241.42481303215027	1.684827311167227	1.68
241.44122624397278	1.6843154926306414	1.68
241.45628690719604	1.6843154926306414	1.68
241.47093653678894	1.6843154926306414	1.68
241.48532485961914	1.6834721300281736	1.68
241.4998586177826	1.6834721300281736	1.68
241.51616406440735	1.6834721300281736	1.68
241.53204345703125	1.682750379211423	1.68
241.5447690486908	1.682750379211423	1.68
241.55813121795654	1.682750379211423	1.68
241.57427382469177	1.682750379211423	1.68
241.5885260105133	1.6836071608455234	1.68
241.60290837287903	1.6836071608455234	1.68
241.62120628356934	1.6836071608455234	1.68
241.63552856445312	1.6851784744048453	1.68
241.64700841903687	1.6851784744048453	1.68
241.67879939079285	1.6868811811755033	1.68
241.69171023368835	1.6868811811755033	1.68
241.70596575737	1.6868811811755033	1.68
241.72105956077576	1.6868811811755033	1.68
241.7360098361969	1.6891280371983437	1.68
241.74891924858093	1.6891280371983437	1.68
241.7694923877716	1.6891280371983437	1.68
241.7879068851471	1.6920372069667475	1.68
241.7995035648346	1.6920372069667475	1.68
241.8139820098877	1.6920372069667475	1.68
241.83145999908447	1.6920372069667475	1.68
241.84620881080627	1.6954409523876606	1.68
241.86140513420105	1.6954409523876606	1.68
241.8764452934265	1.6954409523876606	1.68
241.8897204399109	1.6996086343860815	1.68
241.9040024280548	1.6996086343860815	1.68
241.920179605484	1.6996086343860815	1.68
241.93438911437988	1.7025751683220278	1.68
241.94707250595093	1.7025751683220278	1.68
241.962256193161	1.7025751683220278	1.2
241.9811351299286	1.7025751683220278	1.2
241.99697256088257	1.7037761740286537	1.2
242.00926995277405	1.7037761740286537	1.2
242.0343062877655	1.7037761740286537	1.2
242.04993271827698	1.7056965489936318	1.2
242.0623152256012	1.7056965489936318	1.2
242.0796844959259	1.7056965489936318	1.2
242.094069480896	1.7083562533036747	1.2
242.10775589942932	1.7083562533036747	1.2
242.12875247001648	1.7083562533036747	1.2
242.14449000358582	1.711592576951778	1.2
242.15829849243164	1.711592576951778	1.2
242.17479753494263	1.711592576951778	1.2
242.18803668022156	1.7143787562033481	1.2
242.20174264907837	1.7143787562033481	1.2
242.2189199924469	1.7143787562033481	1.2
242.23490452766418	1.716063880543442	1.2
242.2468912601471	1.716063880543442	1.2
242.26226139068604	1.716063880543442	1.2
242.28160548210144	1.716063880543442	1.2
242.29597926139832	1.7180123974561738	1.2
242.30939292907715	1.7180123974561738	1.2
242.32525944709778	1.7180123974561738	1.2
242.341481924057	1.720383754158543	1.2
242.35845732688904	1.720383754158543	1.2
242.37813353538513	1.720383754158543	1.2
242.39555025100708	1.7201448677177058	1.2
242.40734434127808	1.7201448677177058	1.2
242.4279510974884	1.7201448677177058	1.2
242.4459409713745	1.719924538050052	1.2
242.46289467811584	1.719924538050052	1.2
242.47956490516663	1.719924538050052	1.2
242.49513912200928	1.7203182796965415	1.2
242.50923418998718	1.7203182796965415	1.2
242.52548837661743	1.7203182796965415	1.2
242.54342031478882	1.7197634065834717	1.2
242.55654191970825	1.7197634065834717	1.2
242.57114624977112	1.7197634065834717	1.2
242.59029603004456	1.7190126360539122	1.2
242.6036958694458	1.7190126360539122	1.2
242.6221330165863	1.7190126360539122	1.2
242.63876080513	1.7190126360539122	1.2
242.65051245689392	1.716772452342545	1.2
242.6642701625824	1.716772452342545	1.2
242.6841263771057	1.716772452342545	1.2
242.6973578929901	1.7144239628810962	1.2
242.71052837371826	1.7144239628810962	1.2
242.7335925102234	1.7144239628810962	1.2
242.75005221366882	1.712113180913883	1.2
242.763756275177	1.712113180913883	1.2
242.77875542640686	1.712113180913883	1.2
242.79392266273499	1.7089355011529115	1.2
242.80634927749634	1.7089355011529115	1.2
242.82057332992554	1.7089355011529115	1.2
242.84277939796448	1.7049628967365535	1.2
242.854877948761	1.7049628967365535	1.2
242.86841320991516	1.7049628967365535	1.2
242.88547611236572	1.7049628967365535	1.2
242.89956498146057	1.7023905548041298	1.2
242.91188383102417	1.7023905548041298	1.2
242.92766070365906	1.7023905548041298	1.2
242.9413869380951	1.7004515286254953	1.2
242.95497727394104	1.7004515286254953	1.2
242.97036361694336	1.7004515286254953	1.2
242.99051427841187	1.698901394603404	1.2
243.00346875190735	1.698901394603404	1.2
243.016015291214	1.698901394603404	1.2
243.04002404212952	1.698901394603404	1.2
243.0539243221283	1.696963964574882	1.2
243.07137870788574	1.696963964574882	1.2
243.08844470977783	1.696963964574882	1.2
243.10216808319092	1.695697653652131	1.2
243.1157352924347	1.695697653652131	1.2
243.13268089294434	1.695697653652131	1.2
243.14905500411987	1.6949697132856987	1.2
243.16291499137878	1.6949697132856987	1.2
243.17813062667847	1.6949697132856987	1.2
243.19363713264465	1.6945046818934586	1.2
243.20799827575684	1.6945046818934586	1.2
243.22696161270142	1.6945046818934586	1.2
243.24481844902039	1.6940674260923536	1.2
243.25790214538574	1.6940674260923536	1.2
243.27513241767883	1.6940674260923536	1.2
243.29185843467712	1.6938188886830716	1.2
243.3056240081787	1.6938188886830716	1.2
243.3212707042694	1.6938188886830716	1.2
243.33842515945435	1.693363092021341	1.2
243.3522036075592	1.693363092021341	1.2
243.3689398765564	1.693363092021341	1.2
243.38350081443787	1.6932317879616892	1.2
243.3958396911621	1.6932317879616892	1.2
243.41091966629028	1.6932317879616892	1.2
243.42683744430542	1.6932317879616892	1.2
243.44141745567322	1.6929904112657592	1.2
243.45357537269592	1.6929904112657592	1.2
243.4686062335968	1.6929904112657592	1.2
243.48427438735962	1.692624663493578	1.2
243.49683666229248	1.692624663493578	1.2
243.5147705078125	1.692624663493578	1.2
243.53241896629333	1.692624663493578	1.2
243.54527401924133	1.6935486612672612	1.2
243.55830073356628	1.6935486612672612	1.2
243.5832760334015	1.6935486612672612	1.2
243.59707283973694	1.6939455662901834	1.2
243.61046600341797	1.6939455662901834	1.2
243.6255340576172	1.6939455662901834	1.2
243.64008593559265	1.693896067203444	1.2
243.65494227409363	1.693896067203444	1.2
243.679523229599	1.693896067203444	1.2
243.6947467327118	1.6944915979821498	1.2
243.70693969726562	1.6944915979821498	1.2
243.73503589630127	1.6944915979821498	1.2
243.74940061569214	1.694562903927347	1.2
243.7647202014923	1.694562903927347	1.2
243.78014731407166	1.694562903927347	1.2
243.7931158542633	1.6953363982468623	1.2
243.8074972629547	1.6953363982468623	1.2
243.82499384880066	1.6953363982468623	1.2
243.8392276763916	1.695791133351285	1.2
243.85210514068604	1.695791133351285	1.2
243.86778140068054	1.695791133351285	1.2
243.88271832466125	1.6965687668092921	1.2
243.89699053764343	1.6965687668092921	1.2
243.9180166721344	1.6965687668092921	1.2
243.9338185787201	1.696887192814425	1.2
243.94939875602722	1.696887192814425	1.2
243.97450757026672	1.696887192814425	1.2
243.9898509979248	1.6979646478318073	1.2
244.00553703308105	1.6979646478318073	1.2
244.02102756500244	1.6979646478318073	1.2
244.03337264060974	1.698446392725332	1.2
244.04795336723328	1.698446392725332	1.2
244.0671329498291	1.698446392725332	1.2
244.08370804786682	1.6981224187368924	1.2
244.09580063819885	1.6981224187368924	1.2
244.11099529266357	1.6981224187368924	1.2
244.1276397705078	1.6980599315646145	1.2
244.14054346084595	1.6980599315646145	1.2
244.15539503097534	1.6980599315646145	1.2
244.17207145690918	1.6974426401052187	1.2
244.18587565422058	1.6974426401052187	1.2
244.20234417915344	1.6974426401052187	1.2
244.22037148475647	1.6979753797047166	1.2
244.23240494728088	1.6979753797047166	1.2
244.24745225906372	1.6979753797047166	1.2
244.26649618148804	1.6979753797047166	1.2
244.28112936019897	1.6979291017717553	1.2
244.29564714431763	1.6979291017717553	1.2
244.31131291389465	1.6979291017717553	1.2
244.32729578018188	1.6988025599077266	1.2
244.34152126312256	1.6988025599077266	1.2
244.36778235435486	1.6988025599077266	1.2
244.38336992263794	1.6988582464373998	1.2
244.39495873451233	1.6988582464373998	1.2
244.42150735855103	1.6988582464373998	1.2
244.43620252609253	1.6990791291880278	1.2
244.4517297744751	1.6990791291880278	1.2
244.4682400226593	1.6990791291880278	1.2
244.48036742210388	1.6977810684537669	1.2
244.49497437477112	1.6977810684537669	1.2
244.51424074172974	1.6977810684537669	1.2
244.52758240699768	1.6981844013240088	1.2
244.53998851776123	1.6981844013240088	1.2
244.55527329444885	1.6981844013240088	1.2
244.5693678855896	1.6975724771667053	1.2
244.58263230323792	1.6975724771667053	1.2
244.61346578598022	1.6975724771667053	1.2
244.62794876098633	1.6966933401266062	1.2
244.63961958885193	1.6966933401266062	1.2
244.66241550445557	1.6966933401266062	1.2
244.67787051200867	1.6961958948576914	1.2
244.69214177131653	1.6961958948576914	1.2
244.70766973495483	1.6961958948576914	1.2
244.72083258628845	1.695174139353232	1.2
244.7341423034668	1.695174139353232	1.2
244.74997329711914	1.695174139353232	1.2
244.76904344558716	1.694263757121827	1.2
244.78114700317383	1.694263757121827	1.2
244.7950577735901	1.694263757121827	1.2
244.81386470794678	1.694263757121827	1.2
244.8315246105194	1.6920730108244553	1.2
244.84581065177917	1.6920730108244553	1.2
244.86132860183716	1.6920730108244553	1.2
244.8744602203369	1.6898962115780187	1.2
244.88811230659485	1.6898962115780187	1.2
244.9078392982483	1.6898962115780187	1.2
244.92203879356384	1.6880846317599871	1.2
244.9351465702057	1.6880846317599871	1.2
244.9525716304779	1.6880846317599871	1.2
244.9679193496704	1.6875968792418994	1.2
244.98070216178894	1.6875968792418994	1.2
244.99502539634705	1.6875968792418994	1.2
245.0117745399475	1.6860655267828832	1.2
245.02484703063965	1.6860655267828832	1.2
245.0374617576599	1.6860655267828832	1.2
245.0592896938324	1.6860655267828832	1.2
245.07398676872253	1.6865192653446186	1.2
245.08644795417786	1.6865192653446186	1.2
245.10353136062622	1.6865192653446186	1.2
245.12088751792908	1.6868865862548161	1.2
245.1346960067749	1.6868865862548161	1.2
245.1475908756256	1.6868865862548161	1.2
245.16299510002136	1.6868865862548161	1.2
245.17707657814026	1.6867325541853013	1.2
245.18940114974976	1.6867325541853013	1.2
245.20494031906128	1.6867325541853013	1.2
245.22586250305176	1.686229219946171	1.2
245.23819971084595	1.686229219946171	1.2
245.2514009475708	1.686229219946171	1.2
245.2788119316101	1.6873394834624917	1.2
245.29342770576477	1.6873394834624917	1.2
245.3079218864441	1.6873394834624917	1.2
245.32421255111694	1.6891093234512884	1.2
245.33921337127686	1.6891093234512884	1.2
245.3563413619995	1.6891093234512884	1.2
245.37698125839233	1.6903558364949862	1.2
245.39341521263123	1.6903558364949862	1.2
245.41005492210388	1.6903558364949862	1.2
245.42845106124878	1.6903558364949862	1.2
245.44204449653625	1.6905892079433582	1.2
245.4591052532196	1.6905892079433582	1.2
245.4763023853302	1.6905892079433582	1.2
245.49024605751038	1.691041904720508	1.2
245.50882530212402	1.691041904720508	1.2
245.52602982521057	1.6915172018516558	1.2
245.53876209259033	1.6915172018516558	1.2
245.55129313468933	1.6915172018516558	1.2
245.56759095191956	1.6915172018516558	1.2
245.58099579811096	1.6912053874472235	1.2
245.5979504585266	1.6912053874472235	1.2
245.61670994758606	1.6912053874472235	1.2
245.63264393806458	1.691459175001573	1.2
245.6439802646637	1.691459175001573	1.2
245.65983319282532	1.691459175001573	1.2
245.67753839492798	1.691459175001573	1.2
245.6898534297943	1.6928207351155877	1.2
245.7034876346588	1.6928207351155877	1.2
245.7216556072235	1.6928207351155877	1.2
245.73743653297424	1.6939050922584447	1.2
245.75037050247192	1.6939050922584447	1.2
245.76431488990784	1.6939050922584447	1.2
245.77991390228271	1.6938550967076007	1.2
245.79218459129333	1.6938550967076007	1.2
245.8071677684784	1.6938550967076007	1.2
245.8298089504242	1.6938550967076007	1.2
245.8428246974945	1.6944215723502982	1.2
245.85463452339172	1.6944215723502982	1.2
245.87302660942078	1.6944215723502982	1.2
245.88926792144775	1.6966113536914063	1.2
245.90142059326172	1.6966113536914063	1.2
245.91604709625244	1.6966113536914063	1.2
245.93161153793335	1.6966113536914063	1.2
245.94614934921265	1.699393193092791	1.2
245.96001148223877	1.699393193092791	1.2
245.98201394081116	1.699393193092791	1.2
245.99649906158447	1.701636854527117	1.2
246.00870323181152	1.701636854527117	1.2
246.02839970588684	1.701636854527117	1.2
246.04897689819336	1.7043348895271169	1.2
246.06101870536804	1.7043348895271169	1.2
246.07451486587524	1.7043348895271169	1.2
246.09031057357788	1.7043348895271169	1.2
246.1038007736206	1.708566769527117	1.2
246.11808609962463	1.708566769527117	1.2
246.14156246185303	1.708566769527117	1.2
246.15600991249084	1.7119290409446628	1.2
246.16778898239136	1.7119290409446628	1.2
246.18581295013428	1.7119290409446628	1.2
246.20570540428162	1.71494354436656	1.2
246.21845746040344	1.71494354436656	1.2
246.23443484306335	1.71494354436656	1.2
246.2485854625702	1.7186694055335618	1.2
246.26101160049438	1.7186694055335618	1.2
246.27517104148865	1.7186694055335618	1.2
246.29198694229126	1.7186694055335618	1.2
246.31041955947876	1.7219847480603594	1.2
246.32382559776306	1.7219847480603594	1.2
246.3395550251007	1.7219847480603594	1.2
246.3621542453766	1.7260340989686447	1.2
246.37834525108337	1.7260340989686447	1.2
246.39533281326294	1.7260340989686447	1.2
246.41019344329834	1.7293411909633378	1.2
246.4263632297516	1.7293411909633378	1.2
246.4459822177887	1.7293411909633378	1.2
246.45924973487854	1.7336411083187095	1.2
246.47346305847168	1.7336411083187095	1.2
246.48948311805725	1.7336411083187095	1.2
246.50530815124512	1.7384470302716835	1.2
246.51821875572205	1.7384470302716835	1.2
246.53347897529602	1.7384470302716835	1.2
246.5476953983307	1.7432983702716836	1.2
246.56133008003235	1.7432983702716836	1.2
246.57651686668396	1.7432983702716836	1.2
246.5981366634369	1.7432983702716836	1.2
246.61369156837463	1.7477047661337526	1.2
246.6261806488037	1.7477047661337526	1.2
246.65442633628845	1.7522821574381002	1.2
246.67071771621704	1.7522821574381002	1.2
246.68595790863037	1.7522821574381002	1.2
246.70083713531494	1.7553608724760839	1.2
246.71536326408386	1.7553608724760839	1.2
246.7297854423523	1.7553608724760839	1.2
246.74722456932068	1.7577961459918376	1.2
246.7606382369995	1.7577961459918376	1.2
246.7742576599121	1.7577961459918376	1.2
246.79148507118225	1.7603355884470808	1.2
246.80512237548828	1.7603355884470808	1.2
246.8175756931305	1.7603355884470808	1.2
246.83640360832214	1.7603355884470808	1.2
246.85138964653015	1.7609291511006433	1.2
246.86326575279236	1.7609291511006433	1.2
246.89014410972595	1.7609291511006433	1.2
246.90530633926392	1.761698022699144	1.2
246.91844725608826	1.761698022699144	1.2
246.933522939682	1.761698022699144	1.2
246.9480471611023	1.7610433798420015	1.2
246.9603796005249	1.7610433798420015	1.2
246.97475051879883	1.7610433798420015	1.2
246.99580574035645	1.75834532200988	1.2
247.00929355621338	1.75834532200988	1.2
247.02332162857056	1.75834532200988	1.2
247.04344415664673	1.75834532200988	1.2
247.05855464935303	1.7552278791527371	1.2
247.0704629421234	1.7552278791527371	1.2
247.0862934589386	1.7552278791527371	1.2
247.10031414031982	1.7508899666627609	1.2
247.11472129821777	1.7508899666627609	1.2
247.1309494972229	1.7508899666627609	1.2
247.14892411231995	1.7471401288249233	1.2
247.16360354423523	1.7471401288249233	1.2
247.17807960510254	1.7471401288249233	1.2
247.1969699859619	1.7441094803394936	1.2
247.21015739440918	1.7441094803394936	1.2
247.22411513328552	1.7441094803394936	1.2
247.24171113967896	1.7418238313710233	1.2
247.2556893825531	1.7418238313710233	1.2
247.26822066307068	1.7418238313710233	1.2
247.2864739894867	1.7418238313710233	1.2
247.30013966560364	1.7394330564275058	1.2
247.31156301498413	1.7394330564275058	1.2
247.32811546325684	1.7394330564275058	1.2
247.34667420387268	1.7382235069265615	1.2
247.3641152381897	1.7382235069265615	1.2
247.37871718406677	1.7382235069265615	1.2
247.3934850692749	1.7365260431344027	1.2
247.40716218948364	1.7365260431344027	1.2
247.42219638824463	1.7365260431344027	1.2
247.4451789855957	1.7365260431344027	1.2
247.45875883102417	1.7362343346401943	1.2
247.47024488449097	1.7362343346401943	1.2
247.48886466026306	1.7362343346401943	1.2
247.5050241947174	1.7375989054958094	1.2
247.52126479148865	1.7375989054958094	1.2
247.5364270210266	1.7375989054958094	1.2
247.55073714256287	1.736292142121498	1.2
247.5635416507721	1.736292142121498	1.2
247.57876586914062	1.736292142121498	1.2
247.59862232208252	1.735814534431223	1.2
247.61240553855896	1.735814534431223	1.2
247.62609815597534	1.735814534431223	1.2
247.64311051368713	1.7357953585704309	1.2
247.65923857688904	1.7357953585704309	1.2
247.67674946784973	1.7357953585704309	1.2
247.69439029693604	1.7345767056254668	1.2
247.7066195011139	1.7345767056254668	1.2
247.7224440574646	1.7345767056254668	1.2
247.73941469192505	1.7345767056254668	1.2
247.75483298301697	1.7333038890841135	1.2
247.76750254631042	1.7333038890841135	1.2
247.7838053703308	1.7333038890841135	1.2
247.79886269569397	1.7324659308115187	1.2
247.81295895576477	1.7324659308115187	1.2
247.8288106918335	1.7324659308115187	1.2
247.84896159172058	1.7311511068480894	1.2
247.8604974746704	1.7311511068480894	1.2
247.87412309646606	1.7311511068480894	1.2
247.89440035820007	1.7311511068480894	1.2
247.90920758247375	1.7302527161454493	1.2
247.9220986366272	1.7302527161454493	1.2
247.9380075931549	1.7302527161454493	1.2
247.95374703407288	1.72804105379817	1.2
247.9674985408783	1.72804105379817	1.2
247.9836449623108	1.72804105379817	1.2
247.99718952178955	1.7254791637808307	1.2
248.01212453842163	1.7254791637808307	1.2
248.02871584892273	1.7254791637808307	1.2
248.04361128807068	1.7254259288358142	1.2
248.05616164207458	1.7254259288358142	1.2
248.07130360603333	1.7254259288358142	1.2
248.08606100082397	1.7255054099961011	1.2
248.1004981994629	1.7255054099961011	1.2
248.11701655387878	1.7255054099961011	1.2
248.13811659812927	1.7254714754188694	1.2
248.15069270133972	1.7254714754188694	1.2
248.16321635246277	1.7254714754188694	1.2
248.18168783187866	1.7254714754188694	1.2
248.1972620487213	1.7261489824742628	1.2
248.20959377288818	1.7261489824742628	1.2
248.22414660453796	1.7261489824742628	1.2
248.240159034729	1.7260957569296818	1.2
248.25402903556824	1.7260957569296818	1.2
248.26931428909302	1.7260957569296818	1.2
248.29264569282532	1.7251232255901403	1.2
248.30488801002502	1.7251232255901403	1.2
248.31833672523499	1.7251232255901403	1.2
248.34319806098938	1.7251232255901403	1.2
248.36006355285645	1.7245906849714872	1.2
248.3787076473236	1.7245906849714872	1.2
248.39429092407227	1.7228364708816983	1.2
248.41000413894653	1.7228364708816983	1.2
248.4291753768921	1.7228364708816983	1.2
248.45315384864807	1.7213389816217486	1.2
248.46888375282288	1.7213389816217486	1.2
248.4891140460968	1.7203622930566536	1.2
248.50540566444397	1.7203622930566536	1.2
248.52675557136536	1.7203622930566536	1.2
248.54613327980042	1.7193771492472887	1.2
248.5582857131958	1.7193771492472887	1.2
248.57715225219727	1.7193771492472887	1.2
248.59493827819824	1.7193771492472887	1.2
248.60788869857788	1.7184046223499343	1.2
248.6203169822693	1.7184046223499343	1.2
248.6362760066986	1.7184046223499343	1.2
248.6493422985077	1.7169084216286616	1.2
248.6633095741272	1.7169084216286616	1.2
248.67883372306824	1.7169084216286616	1.2
248.6948459148407	1.7165875784028555	1.2
248.7076108455658	1.7165875784028555	1.2
248.72369503974915	1.7165875784028555	1.2
248.74424982070923	1.7169578959281773	1.2
248.75688576698303	1.7169578959281773	1.2
248.7693898677826	1.7169578959281773	1.2
248.79288387298584	1.7169578959281773	1.2
248.80941486358643	1.7183069373725093	1.2
248.82360172271729	1.7183069373725093	1.2
248.84133386611938	1.7183069373725093	1.2
248.85585522651672	1.7186914221201655	1.2
248.8698480129242	1.7186914221201655	1.2
248.88618397712708	1.7186914221201655	1.2
248.90699768066406	1.7204817893424793	1.2
248.91860961914062	1.7204817893424793	1.2
248.93371272087097	1.7204817893424793	1.2
248.95020031929016	1.7204817893424793	1.2
248.96549201011658	1.7222055487852093	1.2
248.97849655151367	1.7222055487852093	1.2
248.99453330039978	1.7222055487852093	1.2
249.00857710838318	1.723444169363691	1.2
249.02340388298035	1.723444169363691	1.2
249.03975343704224	1.723444169363691	1.2
249.05806422233582	1.7240187543495267	1.2
249.07087445259094	1.7240187543495267	1.2
249.08622360229492	1.7240187543495267	1.2
249.10277795791626	1.7215770699729571	1.2
249.11592149734497	1.7215770699729571	1.2
249.1333498954773	1.7215770699729571	1.2
249.1497619152069	1.7178381063695558	1.2
249.1622920036316	1.7178381063695558	1.2
249.17797327041626	1.7178381063695558	1.2
249.1940996646881	1.7178381063695558	1.2
249.21011400222778	1.712783009595362	1.2
249.22294878959656	1.712783009595362	1.2
249.23820567131042	1.712783009595362	1.2
249.25171566009521	1.7068974422371699	1.2
249.26463890075684	1.7068974422371699	1.2
249.28109693527222	1.7068974422371699	1.2
249.3062708377838	1.6991977446323798	1.2
249.31842160224915	1.6991977446323798	1.2
249.3354823589325	1.6991977446323798	1.2
249.35638451576233	1.6914204993665851	1.2
249.3711633682251	1.6914204993665851	1.2
249.3872730731964	1.6914204993665851	1.2
249.40210914611816	1.6822374937942612	1.2
249.41593503952026	1.6822374937942612	1.2
249.4308693408966	1.6822374937942612	1.2
249.44597029685974	1.6732541546654833	1.2
249.45963621139526	1.6732541546654833	1.2
249.47368812561035	1.6732541546654833	1.2
249.4897837638855	1.6732541546654833	1.2
249.50564885139465	1.6627285951447917	1.2
249.5188853740692	1.6627285951447917	1.2
249.53435802459717	1.6627285951447917	1.2
249.54847359657288	1.6534059464567452	1.2
249.5623278617859	1.6534059464567452	1.2
249.58315753936768	1.6534059464567452	1.2
249.597252368927	1.646938095815677	1.2
249.6092438697815	1.646938095815677	1.2
249.6246976852417	1.646938095815677	1.2
249.64462447166443	1.646938095815677	1.2
249.65979981422424	1.6402126072077539	1.2
249.6737461090088	1.6402126072077539	1.2
249.68929362297058	1.6402126072077539	1.2
249.70387935638428	1.6338756611850265	1.2
249.71730971336365	1.6338756611850265	1.2
249.7399160861969	1.6338756611850265	1.2
249.75503873825073	1.6281996695687226	1.2
249.76733493804932	1.6281996695687226	1.2
249.78403735160828	1.6281996695687226	1.2
249.80208110809326	1.6236537980603427	1.2
249.8154137134552	1.6236537980603427	1.2
249.83017086982727	1.6236537980603427	1.2
249.8451066017151	1.6197005942933385	1.2
249.85828065872192	1.6197005942933385	1.2
249.87793135643005	1.6197005942933385	1.2
249.89484190940857	1.6165904196084793	1.2
249.9082489013672	1.6165904196084793	1.2
249.92245244979858	1.6165904196084793	1.2
249.9373061656952	1.612682850079194	1.2
249.95245170593262	1.612682850079194	1.2
249.9665503501892	1.612682850079194	1.2
249.9884958267212	1.612682850079194	1.2
250.00149846076965	1.6096799805070638	1.2
250.01362371444702	1.6096799805070638	1.2
250.03776955604553	1.6096799805070638	1.2
250.05303812026978	1.606133031429748	1.2
250.06540536880493	1.606133031429748	1.2
250.0812327861786	1.606133031429748	1.2
250.09600281715393	1.6018838095818129	1.2
250.108500957489	1.6018838095818129	1.2
250.1236343383789	1.6018838095818129	1.2
250.14289927482605	1.6018838095818129	1.2
250.1574559211731	1.5993868890511416	1.2
250.16916418075562	1.5993868890511416	1.2
250.1884458065033	1.5993868890511416	1.2
250.20613956451416	1.5965934600738687	1.2
250.2180676460266	1.5965934600738687	1.2
250.23630237579346	1.5965934600738687	1.2
250.25309801101685	1.5939019875286946	1.2
250.26875925064087	1.5939019875286946	1.2
250.28408098220825	1.5939019875286946	1.2
250.2985816001892	1.5911469789280823	1.2
250.31341934204102	1.5911469789280823	1.2
250.3282871246338	1.5911469789280823	1.2
250.34639310836792	1.5884813539703093	1.2
250.36179184913635	1.5884813539703093	1.2
250.3864231109619	1.5884813539703093	1.2
250.40509033203125	1.586030321432151	1.2
250.41798305511475	1.586030321432151	1.2
250.43857741355896	1.586030321432151	1.2
250.45136427879333	1.5848624736060641	1.2
250.4636845588684	1.5848624736060641	1.2
250.48456835746765	1.5848624736060641	1.2
250.50009560585022	1.5833757873467993	1.2
250.51309370994568	1.5833757873467993	1.2
250.52859330177307	1.5833757873467993	1.2
250.5441493988037	1.5819808851121626	1.2
250.55680990219116	1.5819808851121626	1.2
250.57217955589294	1.5819808851121626	1.2
250.59047102928162	1.5815112478224576	1.2
250.6052691936493	1.5815112478224576	1.2
250.61946320533752	1.5815112478224576	1.2
250.64673686027527	1.5815112478224576	1.2
250.65979886054993	1.5803643849462032	1.2
250.67204999923706	1.5803643849462032	1.2
250.69076585769653	1.5803643849462032	1.2
250.7037284374237	1.5797620480817964	1.2
250.7197299003601	1.5797620480817964	1.2
250.73612117767334	1.5797620480817964	1.2
250.75529265403748	1.5792412470192225	1.2
250.77292466163635	1.5792412470192225	1.2
250.7875542640686	1.5792412470192225	1.2
250.81061959266663	1.579270555699643	1.2
250.82409477233887	1.579270555699643	1.2
250.8386046886444	1.579270555699643	1.2
250.85525608062744	1.5803419681164945	1.2
250.86839962005615	1.5803419681164945	1.2
250.88274335861206	1.5803419681164945	1.2
250.89935755729675	1.5803419681164945	1.2
250.9161651134491	1.5816230937816778	1.2
250.92809319496155	1.5816230937816778	1.2
250.9428243637085	1.5816230937816778	1.2
250.95896863937378	1.5831393699010807	1.2
250.97173810005188	1.5831393699010807	1.2
250.98447108268738	1.5831393699010807	1.2
251.00094318389893	1.5831393699010807	1.2
251.01538801193237	1.5852940300339788	1.2
251.02900338172913	1.5852940300339788	1.2
251.04988074302673	1.5852940300339788	1.2
251.0641222000122	nan	1.2
251.075909614563	nan	1.2
251.09481620788574	nan	1.2
251.1122682094574	nan	1.2
251.12488412857056	nan	1.2
251.13991928100586	nan	1.2
251.15630960464478	nan	1.2
251.16994881629944	nan	1.2
251.18565273284912	nan	1.2
251.20623087882996	nan	1.2
251.2192623615265	nan	1.2
251.24522471427917	nan	1.2
251.26345300674438	nan	1.2
251.2793209552765	nan	1.2
251.29595279693604	nan	1.2
251.30934977531433	nan	1.2
251.3228988647461	nan	1.2
251.3390166759491	nan	1.2
251.35574769973755	nan	1.2
251.37334179878235	nan	1.2
251.38923501968384	nan	1.2
251.4059555530548	nan	1.2
251.4228482246399	nan	1.2
251.44826769828796	nan	1.2
251.46218490600586	nan	1.2
251.4749207496643	nan	1.2
251.49346709251404	nan	1.2
251.51037549972534	1.4507430243722725	1.2
251.52885937690735	1.4507430243722725	1.2
251.54371452331543	1.4507430243722725	1.2
251.55891299247742	1.4485555860376298	1.2
251.57230496406555	1.4485555860376298	1.2
251.58874607086182	1.4485555860376298	1.2
251.60732460021973	1.6051343235376296	1.2
251.61950302124023	1.6051343235376296	1.2
251.63205075263977	1.6051343235376296	1.2
251.65380382537842	1.6051343235376296	1.2
251.668194770813	1.5994366390037318	1.2
251.6808421611786	1.5994366390037318	1.2
251.69589233398438	1.5994366390037318	1.2
251.71087646484375	1.5931746670442721	1.2
251.7244336605072	1.5931746670442721	1.2
251.7399024963379	1.5931746670442721	1.2
251.75516057014465	1.5839601377527193	1.2
251.76813578605652	1.5839601377527193	1.2
251.7826385498047	1.5839601377527193	1.2
251.79829382896423	1.5839601377527193	1.2
251.8137366771698	1.5702557369430024	1.2
251.82546401023865	1.5702557369430024	1.2
251.8440272808075	1.5702557369430024	1.2
251.86302852630615	1.5568928410619955	1.2
251.87634992599487	1.5568928410619955	1.2
251.8928680419922	1.5568928410619955	1.2
251.90787172317505	1.544076541710791	1.2
251.9197759628296	1.544076541710791	1.2
251.93731045722961	1.544076541710791	1.2
251.9538779258728	1.544076541710791	1.2
251.96820735931396	1.5320729652971747	1.2
251.98132920265198	1.5320729652971747	1.2
251.9959797859192	1.5320729652971747	1.2
252.011164188385	1.5223626376702561	1.2
252.02411484718323	1.5223626376702561	1.2
252.0435070991516	1.5223626376702561	1.2
252.05997729301453	1.5132302523532704	1.2
252.0718057155609	1.5132302523532704	1.2
252.0850989818573	1.5132302523532704	1.2
252.10298871994019	1.5132302523532704	1.2
252.11720156669617	1.5053864864441795	1.2
252.13026642799377	1.5053864864441795	1.2
252.14488053321838	1.5053864864441795	1.2
252.16069912910461	1.4990131637074107	1.2
252.1734001636505	1.4990131637074107	1.2
252.19011235237122	1.4990131637074107	1.2
252.20823049545288	1.4990131637074107	1.2
252.22235369682312	1.4935494566952159	1.2
252.2347948551178	1.4935494566952159	1.2
252.26102805137634	1.4935494566952159	1.2
252.27424454689026	1.490585110986769	1.2
252.28961324691772	1.490585110986769	1.2
252.3057734966278	1.490585110986769	1.2
252.3179168701172	1.4916541932369287	1.2
252.33038997650146	1.4916541932369287	1.2
252.34795141220093	1.4916541932369287	1.2
252.36300206184387	1.4923172866827428	1.2
252.3764500617981	1.4923172866827428	1.2
252.39120841026306	1.4923172866827428	1.2
252.40712141990662	1.493648672151003	1.2
252.4201319217682	1.493648672151003	1.2
252.4345042705536	1.493648672151003	1.2
252.45478558540344	1.493648672151003	1.2
252.46776270866394	1.4944529053442803	1.2
252.48117208480835	1.4944529053442803	1.2
252.50377702713013	1.4944529053442803	1.2
252.5189983844757	1.4953557734406444	1.2
252.53178596496582	1.4953557734406444	1.2
252.5538637638092	1.4953557734406444	1.2
252.5692503452301	1.4971930246319936	1.2
252.58195781707764	1.4971930246319936	1.2
252.59683179855347	1.4971930246319936	1.2
252.61172151565552	1.4992138351639892	1.2
252.624032497406	1.4992138351639892	1.2
252.64005637168884	1.4992138351639892	1.2
252.66316986083984	1.4992138351639892	1.2
252.67942833900452	1.5006795777778072	1.2
252.69449186325073	1.5006795777778072	1.2
252.7125527858734	1.5006795777778072	1.2
252.72663736343384	1.5018344621401387	1.2
252.73983812332153	1.5018344621401387	1.2
252.75517892837524	1.5018344621401387	1.2
252.76944208145142	1.503821545123332	1.2
252.7818455696106	1.503821545123332	1.2
252.79689717292786	1.503821545123332	1.2
252.8172106742859	1.503821545123332	1.2
252.83165216445923	1.5057590731444037	1.2
252.8435881137848	1.5057590731444037	1.2
252.874493598938	1.5077645108022684	1.2
252.8876805305481	1.5077645108022684	1.2
252.9037320613861	1.5077645108022684	1.2
252.9184398651123	1.5096087838679606	1.2
252.93203783035278	1.5096087838679606	1.2
252.9467055797577	1.5096087838679606	1.2
252.96377778053284	1.5096087838679606	1.2
252.97978615760803	1.5127779583962624	1.2
252.99246644973755	1.5127779583962624	1.2
253.00777196884155	1.5127779583962624	1.2
253.0238733291626	1.5163883342283069	1.2
253.03674840927124	1.5163883342283069	1.2
253.0554976463318	1.5163883342283069	1.2
253.07105898857117	1.5194753992258996	1.2
253.08482575416565	1.5194753992258996	1.2
253.10277104377747	1.5194753992258996	1.2
253.11964082717896	1.5227788093035517	1.2
253.1343126296997	1.5227788093035517	1.2
253.1505208015442	1.5227788093035517	1.2
253.16642713546753	1.5261131438183944	1.2
253.1797480583191	1.5261131438183944	1.2
253.1958565711975	1.5261131438183944	1.2
253.21183037757874	1.5295498795207443	1.2
253.22598838806152	1.5295498795207443	1.2
253.24118638038635	1.5295498795207443	1.2
253.26036429405212	1.5316728665637291	1.2
253.2761812210083	1.5316728665637291	1.2
253.29008841514587	1.5316728665637291	1.2
253.3074345588684	1.5336954077222196	1.2
253.32126998901367	1.5336954077222196	1.2
253.33520531654358	1.5336954077222196	1.2
253.35491156578064	1.5336954077222196	1.2
253.36698460578918	1.5349343467199508	1.2
253.37952184677124	1.5349343467199508	1.2
253.40012073516846	1.5349343467199508	1.2
253.41763544082642	1.5357702184111872	1.2
253.43233919143677	1.5357702184111872	1.2
253.44879412651062	1.5357702184111872	1.2
253.4648060798645	1.5353530920756564	1.2
253.47954678535461	1.5353530920756564	1.2
253.4968297481537	1.5353530920756564	1.2
253.51378774642944	1.5313206832929633	1.2
253.5251145362854	1.5313206832929633	1.2
253.5380687713623	1.5313206832929633	1.2
253.55657148361206	1.5313206832929633	1.2
253.5731143951416	1.526803516048827	1.2
253.58617043495178	1.526803516048827	1.2
253.60133600234985	1.526803516048827	1.2
253.61493968963623	1.521621932543922	1.2
253.62835121154785	1.521621932543922	1.2
253.64357113838196	1.521621932543922	1.2
253.66525983810425	1.5162089806520302	1.2
253.67914652824402	1.5162089806520302	1.2
253.6921887397766	1.5162089806520302	1.2
253.71698093414307	1.5162089806520302	1.2
253.73096561431885	1.510656080099544	1.2
253.74492931365967	1.510656080099544	1.2
253.76043510437012	1.510656080099544	1.2
253.7739725112915	1.5045986735349044	1.2
253.78794860839844	1.5045986735349044	1.2
253.80401730537415	1.5045986735349044	1.2
253.82110047340393	1.4988614038359516	1.2
253.83633399009705	1.4988614038359516	1.2
253.8520176410675	1.4988614038359516	1.2
253.86809301376343	1.4917701447631733	1.2
253.88155794143677	1.4917701447631733	1.2
253.90044832229614	1.4917701447631733	1.2
253.91977620124817	1.4828040038699886	1.2
253.93297171592712	1.4828040038699886	1.2
253.94967341423035	1.4828040038699886	1.2
253.9667592048645	1.4828040038699886	1.2
253.97893071174622	1.4745280733242763	1.2
253.99141001701355	1.4745280733242763	1.2
254.00790762901306	1.4745280733242763	1.2
254.02308011054993	1.4686988588347394	1.2
254.0368094444275	1.4686988588347394	1.2
254.05115818977356	1.4686988588347394	1.2
254.06563115119934	1.4640191101389128	1.2
254.07892560958862	1.4640191101389128	1.2
254.0941047668457	1.4640191101389128	1.2
254.11842131614685	1.4640191101389128	1.2
254.13092184066772	1.459693378276105	1.2
254.14363813400269	1.459693378276105	1.2
254.1770842075348	1.459693378276105	1.2
254.19925236701965	1.4561745149806504	1.2
254.21581602096558	1.4561745149806504	1.2
254.23778295516968	1.451360353089533	1.2
254.25441980361938	1.451360353089533	1.2
254.28301405906677	1.451360353089533	1.2
254.29656600952148	1.4481771628708058	1.2
254.3156361579895	1.4481771628708058	1.2
254.33550572395325	1.4481771628708058	1.2
254.35070157051086	1.4436464963935332	1.2
254.36793041229248	1.4436464963935332	1.2
254.38417029380798	1.440658536018944	1.2
254.39767384529114	1.440658536018944	1.2
254.41438150405884	1.440658536018944	1.2
254.43357014656067	1.440658536018944	1.2
254.45016622543335	1.4393557115704145	1.2
254.46594953536987	1.4393557115704145	1.2
254.48794746398926	1.4393557115704145	1.2
254.50377941131592	1.4391208514762257	1.2
254.51968002319336	1.4391208514762257	1.2
254.53736877441406	1.4391208514762257	1.2
254.55477237701416	1.439723670504633	1.2
254.56922698020935	1.439723670504633	1.2
254.59548830986023	1.439723670504633	1.2
254.6092164516449	1.4380130907387678	1.2
254.62223315238953	1.4380130907387678	1.2
254.64329957962036	1.4380130907387678	1.2
254.65974521636963	1.434997013905923	1.2
254.67412447929382	1.434997013905923	1.2
254.6889100074768	1.434997013905923	1.2
254.70305681228638	1.431438431387424	1.2
254.7153844833374	1.431438431387424	1.2
254.73113417625427	1.431438431387424	1.2
254.74705576896667	1.4290571195176085	1.2
254.75995898246765	1.4290571195176085	1.2
254.77598977088928	1.4290571195176085	1.2
254.79301524162292	1.4290571195176085	1.2
254.80999779701233	1.4260571331532501	1.2
254.82260274887085	1.4260571331532501	1.2
254.8386197090149	1.4260571331532501	1.2
254.85649991035461	1.4260571331532501	1.2
254.8709361553192	1.4245458701543956	1.2
254.8840367794037	1.4245458701543956	1.2
254.8990867137909	1.4245458701543956	1.2
254.9133698940277	1.4226208693472606	1.2
254.9252688884735	1.4226208693472606	1.2
254.9413378238678	1.4226208693472606	1.2
254.95776343345642	1.4203834239896016	1.2
254.97058415412903	1.4203834239896016	1.2
254.98333096504211	1.4203834239896016	1.2
255.00241541862488	1.4203834239896016	1.2
255.01894068717957	1.4168050272239037	1.2
255.03371715545654	1.4168050272239037	1.2
255.0485701560974	1.4168050272239037	1.2
255.0639727115631	1.4129424830338526	1.2
255.07752799987793	1.4129424830338526	1.2
255.09286737442017	1.4129424830338526	1.2
255.1091992855072	1.4108448745974707	1.2
255.12363076210022	1.4108448745974707	1.2
255.13855600357056	1.4108448745974707	1.2
255.1539969444275	1.4105684987547742	1.2
255.16770958900452	1.4105684987547742	1.2
255.182954788208	1.4105684987547742	1.2
255.2019236087799	1.4105684987547742	1.2
255.21611642837524	1.4108376261903492	1.2
255.22822070121765	1.4108376261903492	1.2
255.25116515159607	1.4108376261903492	1.2
255.26895308494568	1.4111306942909048	1.2
255.28161025047302	1.4111306942909048	1.2
255.29604268074036	1.4111306942909048	1.2
255.31097412109375	1.410591895462305	1.2
255.32499194145203	1.410591895462305	1.2
255.33938813209534	1.410591895462305	1.2
255.35886979103088	1.410591895462305	1.2
255.3752908706665	1.4103787124384326	1.2
255.3908040523529	1.4103787124384326	1.2
255.40813636779785	1.4103787124384326	1.2
255.42522931098938	1.4118092787442795	1.2
255.4412112236023	1.4118092787442795	1.2
255.4567790031433	1.4118092787442795	1.2
255.46976399421692	1.4141231143560185	1.2
255.48212718963623	1.4141231143560185	1.2
255.49626660346985	1.4141231143560185	1.2
255.51078748703003	1.4163522472397325	1.2
255.52384543418884	1.4163522472397325	1.2
255.53790640830994	1.4163522472397325	1.2
255.55401468276978	1.4163522472397325	1.2
255.56711888313293	1.4191751925589293	1.2
255.57970356941223	1.4191751925589293	1.2
255.59431624412537	1.4191751925589293	1.2
255.60837078094482	1.4214572523718878	1.2
255.62235927581787	1.4214572523718878	1.2
255.63887095451355	1.4214572523718878	1.2
255.65587639808655	1.423909366676123	1.2
255.66827583312988	1.423909366676123	1.2
255.68110394477844	1.423909366676123	1.2
255.70815658569336	1.423909366676123	1.2
255.72154664993286	1.4265650311990796	1.2
255.73424553871155	1.4265650311990796	1.2
255.74906468391418	1.4265650311990796	1.2
255.76414680480957	1.4291111507322891	1.2
255.77928757667542	1.4291111507322891	1.2
255.79469275474548	1.4291111507322891	1.2
255.81612277030945	1.4326849057417355	1.2
255.8280634880066	1.4326849057417355	1.2
255.84149289131165	1.4326849057417355	1.2
255.87232971191406	1.436258949219996	1.2
255.88491010665894	1.436258949219996	1.2
255.901358127594	1.436258949219996	1.2
255.91589283943176	1.439592859775316	1.2
255.92916750907898	1.439592859775316	1.2
255.94563698768616	1.439592859775316	1.2
255.96254587173462	1.4402755067997792	1.2
255.97532868385315	1.4402755067997792	1.2
255.98980021476746	1.4402755067997792	1.2
256.004558801651	1.4411666503155227	1.2
256.01840591430664	1.4411666503155227	1.2
256.0337064266205	1.4411666503155227	1.2
256.0517337322235	1.4411666503155227	1.2
256.0648078918457	1.4395797619026696	1.2
256.0769646167755	1.4395797619026696	1.2
256.0960819721222	1.4395797619026696	1.2
256.1122078895569	1.4378602992249718	1.2
256.1258225440979	1.4378602992249718	1.2
256.1417624950409	1.4378602992249718	1.2
256.1559884548187	1.435164783490706	1.2
256.16809344291687	1.435164783490706	1.2
256.18452763557434	1.435164783490706	1.2
256.2006149291992	1.4301174841882331	1.2
256.2156472206116	1.4301174841882331	1.2
256.22937655448914	1.4301174841882331	1.2
256.2445418834686	1.4301174841882331	1.2
256.256902217865	1.4245459689455378	1.2
256.2714283466339	1.4245459689455378	1.2
256.286593914032	1.4245459689455378	1.2
256.30078649520874	1.418343041130141	1.2
256.3141236305237	1.418343041130141	1.2
256.33439016342163	1.418343041130141	1.2
256.3512878417969	1.4089740286116323	1.2
256.36571621894836	1.4089740286116323	1.2
256.3824710845947	1.4089740286116323	1.2
256.40060329437256	1.4089740286116323	1.2
256.415479183197	1.3991028232544895	1.2
256.4288203716278	1.3991028232544895	1.2
256.444185256958	1.3991028232544895	1.2
256.45980191230774	1.3911181839538873	1.2
256.4735369682312	1.3911181839538873	1.2
256.49006152153015	1.3911181839538873	1.2
256.5064527988434	1.3832329732378459	1.2
256.51787185668945	1.3832329732378459	1.2
256.53139638900757	1.3832329732378459	1.2
256.5540313720703	1.3832329732378459	1.2
256.5691113471985	1.3781132198924573	1.2
256.58388209342957	1.3781132198924573	1.2
256.5986125469208	1.3781132198924573	1.2
256.6140491962433	1.3737648374517666	1.2
256.6268570423126	1.3737648374517666	1.2
256.64090752601624	1.3737648374517666	1.2
256.65931010246277	1.3737648374517666	1.2
256.6742248535156	1.3687155305421883	1.2
256.6858277320862	1.3687155305421883	1.2
256.7038879394531	1.3687155305421883	1.2
256.72001218795776	1.3647630202396726	1.2
256.7324655056	1.3647630202396726	1.2
256.74799942970276	1.3647630202396726	1.2
256.76228380203247	1.360622088922555	1.2
256.77632212638855	1.360622088922555	1.2
256.7919111251831	1.360622088922555	1.2
256.8104248046875	1.360622088922555	1.2
256.82570362091064	1.357747965854225	1.2
256.83849906921387	1.357747965854225	1.2
256.85606622695923	1.357747965854225	1.2
256.87460827827454	1.3573175492903595	1.2
256.8877115249634	1.3573175492903595	1.2
256.90436577796936	1.3573175492903595	1.2
256.9199435710907	1.3561770071303139	1.2
256.93306946754456	1.3561770071303139	1.2
256.9463496208191	1.3561770071303139	1.2
256.962938785553	1.3561770071303139	1.2
256.9770085811615	1.3538552863627384	1.2
256.98892974853516	1.3538552863627384	1.2
257.004332780838	1.3538552863627384	1.2
257.0179455280304	1.3517976335607893	1.2
257.03136110305786	1.3517976335607893	1.2
257.0458791255951	1.3517976335607893	1.2
257.0604269504547	1.3492324407036462	1.2
257.0731074810028	1.3492324407036462	1.2
257.0865144729614	1.3492324407036462	1.2
257.11769914627075	1.3459995963487088	1.2
257.1297013759613	1.3459995963487088	1.2
257.14576148986816	1.3459995963487088	1.2
257.1633462905884	1.343803609102443	1.2
257.177357673645	1.343803609102443	1.2
257.1921617984772	1.343803609102443	1.2
257.2078287601471	1.343803609102443	1.2
257.22176456451416	1.3426561929076812	1.2
257.2338788509369	1.3426561929076812	1.2
257.2507073879242	1.3426561929076812	1.2
257.2716999053955	1.3419629583815469	1.2
257.2837312221527	1.3419629583815469	1.2
257.297189950943	1.3419629583815469	1.2
257.325891494751	1.3411524516850164	1.2
257.33898067474365	1.3411524516850164	1.2
257.35492181777954	1.3411524516850164	1.2
257.3717670440674	1.3405025978525098	1.2
257.38722562789917	1.3405025978525098	1.2
257.40567445755005	1.3405025978525098	1.2
257.4268922805786	1.340535711660084	1.2
257.4429352283478	1.340535711660084	1.2
257.4597568511963	1.340535711660084	1.2
257.4833724498749	1.3423863366600837	1.2
257.4994695186615	1.3423863366600837	1.2
257.51968240737915	1.3448687032975672	1.2
257.5355122089386	1.3448687032975672	1.2
257.56486225128174	1.3448687032975672	1.2
257.58030939102173	1.3466340926418296	1.2
257.5937006473541	1.3466340926418296	1.2
257.6091787815094	1.3466340926418296	1.2
257.62337851524353	1.349025484687284	1.2
257.6363670825958	1.349025484687284	1.2
257.6528730392456	1.349025484687284	1.2
257.6735167503357	1.3513019830066118	1.2
257.68528056144714	1.3513019830066118	1.2
257.6987781524658	1.3513019830066118	1.2
257.7214171886444	1.3513019830066118	1.2
257.7336702346802	1.3530927384512579	1.2
257.746187210083	1.3530927384512579	1.2
257.76585698127747	1.3530927384512579	1.2
257.7812547683716	1.3546887927430245	1.2
257.79376435279846	1.3546887927430245	1.2
257.8085672855377	1.3546887927430245	1.2
257.8236985206604	1.3557526620015916	1.2
257.8368570804596	1.3557526620015916	1.2
257.8530304431915	1.3557526620015916	1.2
257.87109994888306	1.3557859040491773	1.2
257.88421416282654	1.3557859040491773	1.2
257.8984386920929	1.3557859040491773	1.2
257.922753572464	1.356054369910974	1.2
257.93622612953186	1.356054369910974	1.2
257.95268034935	1.356054369910974	1.2
257.9686634540558	1.3561945833256084	1.2
257.98063468933105	1.3561945833256084	1.2
257.99502444267273	1.3561945833256084	1.2
258.0132830142975	1.3561945833256084	1.2
258.0308072566986	1.3553148879347403	1.2
258.0435359477997	1.3553148879347403	1.2
258.05699014663696	1.3553148879347403	1.2
258.07570004463196	1.3552228368257722	1.2
258.08919644355774	1.3552228368257722	1.2
258.10746669769287	1.3552228368257722	1.2
258.1276228427887	1.3522473588045418	1.2
258.13951206207275	1.3522473588045418	1.2
258.1559717655182	1.3522473588045418	1.2
258.17675137519836	1.3522473588045418	1.2
258.19348788261414	1.3494513708518385	1.2
258.2072310447693	1.3494513708518385	1.2
258.22305822372437	1.3494513708518385	1.2
258.2396502494812	1.3468805211640595	1.2
258.25302958488464	1.3468805211640595	1.2
258.27902126312256	1.3468805211640595	1.2
258.2938585281372	1.3441371132761595	1.2
258.306499004364	1.3441371132761595	1.2
258.3286828994751	1.3441371132761595	1.2
258.3447813987732	1.3400793926294594	1.2
258.36072421073914	1.3400793926294594	1.2
258.375972032547	1.3400793926294594	1.2
258.39156103134155	1.3351917143428174	1.2
258.40473318099976	1.3351917143428174	1.2
258.42345213890076	1.3351917143428174	1.2
258.44347882270813	1.3290004000477782	1.2
258.4550302028656	1.3290004000477782	1.2
258.4684934616089	1.3290004000477782	1.2
258.49123311042786	1.3290004000477782	1.2
258.5030527114868	1.322632717615346	1.2
258.51591897010803	1.322632717615346	1.2
258.5396182537079	1.322632717615346	1.2
258.55619621276855	1.3162663798429488	1.2
258.5684871673584	1.3162663798429488	1.2
258.5841152667999	1.3162663798429488	1.2
258.5986897945404	1.3094856024184653	1.2
258.6120181083679	1.3094856024184653	1.2
258.6281352043152	1.3094856024184653	1.2
258.6498119831085	1.3034980316351767	1.2
258.66194128990173	1.3034980316351767	1.2
258.67430090904236	1.3034980316351767	1.2
258.6963608264923	1.3034980316351767	1.2
258.7116663455963	1.2973601212273829	1.2
258.7242772579193	1.2973601212273829	1.2
258.740092754364	1.2973601212273829	1.2
258.75404167175293	1.2913043610080408	1.2
258.7683742046356	1.2913043610080408	1.2
258.78501892089844	1.2913043610080408	1.2
258.80401134490967	1.2856293559745926	1.2
258.81655740737915	1.2856293559745926	1.2
258.8323800563812	1.2856293559745926	1.2
258.8587896823883	1.2804202928139163	1.2
258.8731360435486	1.2804202928139163	1.2
258.89178490638733	1.2804202928139163	1.2
258.9052608013153	1.277209706861685	1.2
258.91946840286255	1.277209706861685	1.2
258.9386661052704	1.277209706861685	1.2
258.9549102783203	1.2755534523436127	1.2
258.9708399772644	1.2755534523436127	1.2
258.9864037036896	1.2755534523436127	1.2
259.00042843818665	1.2748925668952504	1.2
259.0146861076355	1.2748925668952504	1.2
259.0393681526184	1.2748925668952504	1.2
259.05527424812317	1.274340442651416	1.2
259.06711983680725	1.274340442651416	1.2
259.0958845615387	1.274340442651416	1.2
259.10980701446533	1.2746640279830386	1.2
259.1229667663574	1.2746640279830386	1.2
259.14021253585815	1.2746640279830386	1.2
259.1532361507416	1.2768293337585281	1.2
259.16692543029785	1.2768293337585281	1.2
259.18494486808777	1.2768293337585281	1.2
259.2010726928711	1.2789248802282684	1.2
259.213317155838	1.2789248802282684	1.2
259.22989153862	1.2789248802282684	1.2
259.2431015968323	1.280762512008253	1.2
259.25697350502014	1.280762512008253	1.2
259.2733311653137	1.280762512008253	1.2
259.2882807254791	1.2830948904825288	1.2
259.3009672164917	1.2830948904825288	1.2
259.31707525253296	1.2830948904825288	1.2
259.3348264694214	1.284775256090758	1.2
259.34713912010193	1.284775256090758	1.2
259.3595697879791	1.284775256090758	1.2
259.3774960041046	1.284775256090758	1.2
259.3938419818878	1.2854377526756848	1.2
259.4080607891083	1.2854377526756848	1.2
259.4243793487549	1.2854377526756848	1.2
259.43853735923767	1.2852289464794715	1.2
259.4511773586273	1.2852289464794715	1.2
259.46868562698364	1.2852289464794715	1.2
259.4851381778717	1.2848164935866273	1.2
259.49723505973816	1.2848164935866273	1.2
259.512211561203	1.2848164935866273	1.2
259.5255217552185	1.2856770930229338	1.2
259.53923439979553	1.2856770930229338	1.2
259.5547184944153	1.2856770930229338	1.2
259.5747354030609	1.2856770930229338	1.2
259.5871706008911	1.285612049339517	1.2
259.5990972518921	1.285612049339517	1.2
259.61679244041443	1.285612049339517	1.2
259.6343193054199	1.283575766182776	1.2
259.64916372299194	1.283575766182776	1.2
259.6649372577667	1.283575766182776	1.2
259.67938899993896	1.2806034729522129	1.2
259.6951506137848	1.2806034729522129	1.2
259.7111258506775	1.2806034729522129	1.2
259.7262511253357	1.2780812524773753	1.2
259.7391879558563	1.2780812524773753	1.2
259.75389981269836	1.2780812524773753	1.2
259.77072620391846	1.2755470008662044	1.2
259.78288292884827	1.2755470008662044	1.2
259.80061078071594	1.2755470008662044	1.2
259.81919980049133	1.2736898809507795	1.2
259.83093667030334	1.2736898809507795	1.2
259.8434216976166	1.2736898809507795	1.2
259.86678194999695	1.2713135670463909	1.2
259.8823707103729	1.2713135670463909	1.2
259.8972818851471	1.2713135670463909	1.2
259.91298389434814	1.2697441747662477	1.2
259.9275450706482	1.2697441747662477	1.2
259.9468958377838	1.2697441747662477	1.2
259.96243166923523	1.267647894326949	1.2
259.9749388694763	1.267647894326949	1.2
259.98819637298584	1.267647894326949	1.2
260.0057454109192	1.2641446017643465	1.2
260.0184977054596	1.2641446017643465	1.2
260.0314495563507	1.2641446017643465	1.2
260.04685974121094	1.2641446017643465	1.2
260.0622501373291	1.2597355674871484	1.2
260.07583689689636	1.2597355674871484	1.2
260.09482502937317	1.2597355674871484	1.2
260.11030101776123	1.256923741400192	1.2
260.12179946899414	1.256923741400192	1.2
260.1372449398041	1.256923741400192	1.2
260.15638184547424	1.256923741400192	1.2
260.17120456695557	1.2550361442461395	1.2
260.1848340034485	1.2550361442461395	1.2
260.2002069950104	1.2550361442461395	1.2
260.2149398326874	1.2535456764488833	1.2
260.2271363735199	1.2535456764488833	1.2
260.2444360256195	1.2535456764488833	1.2
260.26634907722473	1.252484360184573	1.2
260.2786555290222	1.252484360184573	1.2
260.29300475120544	1.252484360184573	1.2
260.31366872787476	1.2516934374269717	1.2
260.32733702659607	1.2516934374269717	1.2
260.3429515361786	1.2516934374269717	1.2
260.35769534111023	1.2516934374269717	1.2
260.37495040893555	1.2520567288743398	1.2
260.39504384994507	1.2520567288743398	1.2
260.41233921051025	1.252173569368769	1.2
260.427686214447	1.252173569368769	1.2
260.4445707798004	1.252173569368769	1.2
260.45962929725647	1.2519144326117826	1.2
260.4752788543701	1.2519144326117826	1.2
260.4941439628601	1.2519144326117826	1.2
260.5121581554413	1.2507179939626503	1.2
260.52710819244385	1.2507179939626503	1.2
260.54670906066895	1.2507179939626503	1.2
260.56672048568726	1.2499456501010742	1.2
260.5797736644745	1.2499456501010742	1.2
260.5941617488861	1.2499456501010742	1.2
260.60908579826355	1.2486218392128219	1.2
260.62338399887085	1.2486218392128219	1.2
260.638386964798	1.2486218392128219	1.2
260.6590213775635	1.246596432183644	1.2
260.6719539165497	1.246596432183644	1.2
260.68435430526733	1.246596432183644	1.2
260.7055461406708	1.246596432183644	1.2
260.71984004974365	1.2440009612636551	1.2
260.7340741157532	1.2440009612636551	1.2
260.7502965927124	1.2440009612636551	1.2
260.76377415657043	1.2409451500612765	1.2
260.7762219905853	1.2409451500612765	1.2
260.79080271720886	1.2409451500612765	1.2
260.80577540397644	1.2382451252175801	1.2
260.8187310695648	1.2382451252175801	1.2
260.83722281455994	1.2382451252175801	1.2
260.85470151901245	1.2347773600860015	1.2
260.8688666820526	1.2347773600860015	1.2
260.88223600387573	1.2347773600860015	1.2
260.8974106311798	1.2347773600860015	1.2
260.9099748134613	1.2309587512172864	1.2
260.9239685535431	1.2309587512172864	1.2
260.9542877674103	1.2274964527741674	1.2
260.96623611450195	1.2274964527741674	1.2
260.98553371429443	1.2274964527741674	1.2
261.00430965423584	1.226354769458791	1.2
261.018728017807	1.226354769458791	1.2
261.0339412689209	1.226354769458791	1.2
261.0479483604431	1.225736421720828	1.2
261.06126165390015	1.225736421720828	1.2
261.081609249115	1.225736421720828	1.2
261.0970039367676	1.2254095926090802	1.2
261.1102764606476	1.2254095926090802	1.2
261.1259505748749	1.2254095926090802	1.2
261.143123626709	1.2253974374366663	1.2
261.1573905944824	1.2253974374366663	1.2
261.17446279525757	1.2253974374366663	1.2
261.19324803352356	1.225349505425335	1.2
261.20463466644287	1.225349505425335	1.2
261.2167229652405	1.225349505425335	1.2
261.2353174686432	1.225349505425335	1.2
261.25070309638977	1.2254991279056102	1.2
261.2655849456787	1.2254991279056102	1.2
261.2799906730652	1.2254991279056102	1.2
261.29503107070923	1.2242277508741626	1.2
261.30781507492065	1.2242277508741626	1.2
261.32178711891174	1.2242277508741626	1.2
261.3391296863556	1.2242277508741626	1.2
261.35830903053284	1.2242816640073086	1.2
261.37524366378784	1.2242816640073086	1.2
261.40766406059265	1.224635086325391	1.2
261.4209518432617	1.224635086325391	1.2
261.436829328537	1.224635086325391	1.2
261.45094108581543	1.2260290134164005	1.2
261.4654731750488	1.2260290134164005	1.2
261.48394322395325	1.2260290134164005	1.2
261.4993860721588	1.2259117003986006	1.2
261.513872385025	1.2259117003986006	1.2
261.5284171104431	1.2259117003986006	1.2
261.54339146614075	1.226659717528897	1.2
261.5567238330841	1.226659717528897	1.2
261.5698130130768	1.226659717528897	1.2
261.58618426322937	1.2275502685081254	1.2
261.599130153656	1.2275502685081254	1.2
261.6114854812622	1.2275502685081254	1.2
261.63583278656006	1.2275502685081254	1.2
261.6490569114685	1.2281063310340914	1.2
261.66153597831726	1.2281063310340914	1.2
261.68185901641846	1.2281063310340914	1.2
261.69725227355957	1.2269802408251678	1.2
261.7097873687744	1.2269802408251678	1.2
261.72492265701294	1.2269802408251678	1.2
261.73965525627136	1.2253281158438052	1.2
261.75285291671753	1.2253281158438052	1.2
261.7669024467468	1.2253281158438052	1.2
261.7888104915619	1.2253281158438052	1.2
261.8047342300415	1.2246799917106566	1.2
261.8161144256592	1.2246799917106566	1.2
261.8354935646057	1.2246799917106566	1.2
261.85313844680786	1.223002279096413	1.2
261.86765122413635	1.223002279096413	1.2
261.8842418193817	1.223002279096413	1.2
261.8979003429413	1.2207959144146519	1.2
261.91137504577637	1.2207959144146519	1.2
261.929967880249	1.2207959144146519	1.2
261.94471430778503	1.2173988802648756	1.2
261.9571497440338	1.2173988802648756	1.2
261.97129940986633	1.2173988802648756	1.2
261.9868438243866	1.2123520090073903	1.2
261.9992325305939	1.2123520090073903	1.2
262.0107614994049	1.2123520090073903	1.2
262.02792620658875	1.2123520090073903	1.2
262.04319763183594	1.2083325758211314	1.2
262.0546429157257	1.2083325758211314	1.2
262.06770515441895	1.2083325758211314	1.2
262.0855164527893	1.2083325758211314	1.2
262.099552154541	1.2067043934133317	1.2
262.1129903793335	1.2067043934133317	1.2
262.1286361217499	1.2067043934133317	1.2
262.14320373535156	1.213009274545001	1.2
262.1567704677582	1.213009274545001	1.2
262.17308473587036	1.213009274545001	1.2
262.19185614585876	nan	1.2
262.2040889263153	nan	1.2
262.2181603908539	nan	1.2
262.23693919181824	nan	1.2
262.24980664253235	nan	1.2
262.2672669887543	nan	1.2
262.2846529483795	nan	1.2
262.29675698280334	nan	1.2
262.3240032196045	nan	1.2
262.3401222229004	nan	1.2
262.35283875465393	nan	1.2
262.3720016479492	nan	1.2
262.3883364200592	nan	1.2
262.4030556678772	nan	1.2
262.41750979423523	nan	1.2
262.4327766895294	nan	1.2
262.44525623321533	nan	1.2
262.4591865539551	nan	1.2
262.48055768013	nan	1.2
262.49562907218933	nan	1.2
262.50743889808655	nan	1.2
262.52517533302307	nan	1.2
262.54153299331665	nan	1.2
262.5549213886261	nan	1.2
262.57157611846924	nan	1.2
262.5858290195465	nan	1.2
262.599360704422	nan	1.2
262.6152513027191	nan	1.2
262.6314787864685	nan	1.2
262.6447961330414	nan	1.2
262.6583831310272	nan	1.2
262.6733784675598	nan	1.2
262.68760347366333	nan	1.2
262.7023038864136	nan	1.2
262.72632932662964	nan	1.2
262.73811745643616	nan	1.2
262.75242042541504	nan	1.2
262.77067828178406	nan	1.2
262.7852876186371	nan	1.2
262.8017942905426	nan	1.2
262.81711649894714	nan	1.2
262.82972502708435	nan	1.2
262.8420321941376	nan	1.2
262.8600323200226	nan	1.2
262.87475395202637	nan	1.2
262.88743114471436	nan	1.2
262.90243577957153	nan	1.2
262.91580152511597	nan	1.2
262.9287347793579	nan	1.2
262.9452111721039	nan	1.2
262.96207332611084	nan	1.2
262.9758393764496	nan	1.2
262.9880402088165	nan	1.2
263.0072407722473	nan	1.2
263.02421498298645	nan	1.2
263.03543400764465	nan	1.2
263.0491683483124	nan	1.2
263.0679454803467	nan	1.2
263.08338379859924	nan	1.2
263.0969989299774	nan	1.2
263.11227774620056	nan	1.2
263.12711548805237	nan	1.2
263.14197635650635	nan	1.2
263.1597969532013	nan	1.2
263.1754078865051	nan	1.2
263.19152784347534	nan	1.2
263.2069230079651	nan	1.2
263.21942162513733	nan	1.2
263.2341978549957	nan	1.2
263.25290727615356	nan	1.2
263.2669599056244	nan	1.2
263.2802085876465	nan	1.2
263.30301451683044	nan	1.2
263.3159074783325	nan	1.2
263.3332076072693	nan	1.2
263.34868597984314	nan	1.2
263.36122035980225	nan	1.2
263.37865233421326	nan	1.2
263.3989450931549	nan	1.2
263.4163227081299	nan	1.2
263.43062376976013	nan	1.2
263.44925236701965	nan	1.2
263.4650433063507	nan	1.2
263.49441862106323	nan	1.2
263.510404586792	nan	1.2
263.541629076004	nan	1.2
263.55687379837036	nan	1.2
263.5768322944641	nan	1.2
263.59230303764343	nan	1.2
263.6047856807709	nan	1.2
263.61953949928284	nan	1.2
263.6364140510559	nan	1.2
263.6491310596466	nan	1.2
263.6621832847595	nan	1.2
263.6773452758789	nan	1.2
263.6939573287964	nan	1.2
263.7074613571167	nan	1.2
263.72510290145874	nan	1.2
263.74083137512207	nan	1.2
263.7528717517853	nan	1.2
263.7677593231201	nan	1.2
263.78870391845703	nan	1.2
263.8004755973816	nan	1.2
263.81737446784973	nan	1.2
263.8350501060486	nan	1.2
263.8491096496582	nan	1.2
263.863077878952	nan	1.2
263.87840962409973	nan	1.2
263.8913743495941	nan	1.2
263.9059522151947	nan	1.2
263.92228746414185	nan	1.2
263.9395968914032	nan	1.2
263.95295453071594	nan	1.2
263.9683630466461	nan	1.2
263.98557329177856	nan	1.2
263.99843883514404	nan	1.2
264.01743030548096	nan	1.2
264.0329599380493	nan	1.2
264.0447335243225	nan	1.2
264.06690859794617	nan	1.2
264.08143520355225	nan	1.2
264.093138217926	nan	1.2
264.1097331047058	nan	1.2
264.1237461566925	nan	1.2
264.13709449768066	nan	1.2
264.15318632125854	nan	1.2
264.16789078712463	nan	1.2
264.1823351383209	nan	1.2
264.1966359615326	nan	1.2
264.21195936203003	nan	1.2
264.22471594810486	nan	1.2
264.2402241230011	nan	1.2
264.2636892795563	nan	1.2
264.2762613296509	nan	1.2
264.2890396118164	nan	1.2
264.3078291416168	nan	1.2
264.3231225013733	nan	1.2
264.3387825489044	nan	1.2
264.3545334339142	nan	1.2
264.36867332458496	nan	1.2
264.3861825466156	nan	1.2
264.40192127227783	nan	1.2
264.42176127433777	nan	1.2
264.43359875679016	nan	1.2
264.4494731426239	nan	1.2
264.4676206111908	nan	1.2
264.48198986053467	nan	1.2
264.5036289691925	nan	1.2
264.5165581703186	nan	1.2
264.52857184410095	nan	1.2
264.5474693775177	nan	1.2
264.56422996520996	nan	1.2
264.57603883743286	nan	1.2
264.5923354625702	nan	1.2
264.6087007522583	nan	1.2
264.62347960472107	nan	1.2
264.63628578186035	nan	1.2
264.6522958278656	nan	1.2
264.66790533065796	nan	1.2
264.6814076900482	nan	1.2
264.6986770629883	nan	1.2
264.71562695503235	nan	1.2
264.72743225097656	nan	1.2
264.74274945259094	nan	1.2
264.76145243644714	nan	1.2
264.77758383750916	1.0985995637548787	1.2
264.7920079231262	1.0985995637548787	1.2
264.80777859687805	1.0985995637548787	1.2
264.82007122039795	1.0990623218442468	1.2
264.8345077037811	1.0990623218442468	1.2
264.85143661499023	1.0990623218442468	1.2
264.8717360496521	1.099916502343844	1.2
264.8840012550354	1.099916502343844	1.2
264.89747190475464	1.099916502343844	1.2
264.91728687286377	1.099916502343844	1.2
264.93025374412537	1.1020010114028738	1.2
264.9430341720581	1.1020010114028738	1.2
264.9615774154663	1.1020010114028738	1.2
264.97418427467346	1.1037883508639772	1.2
264.98761653900146	1.1037883508639772	1.2
265.0051414966583	1.1037883508639772	1.2
265.021776676178	1.1066594062326747	1.2
265.034699678421	1.1066594062326747	1.2
265.0494918823242	1.1066594062326747	1.2
265.0650475025177	1.110301495393514	1.2
265.0778751373291	1.110301495393514	1.2
265.09230852127075	1.110301495393514	1.2
265.1088969707489	1.110301495393514	1.2
265.1243579387665	1.113683115436007	1.2
265.1366083621979	1.113683115436007	1.2
265.1561369895935	1.113683115436007	1.2
265.1717953681946	1.1174042856910913	1.2
265.1863167285919	1.1174042856910913	1.2
265.2003560066223	1.1174042856910913	1.2
265.2145562171936	1.120693490765087	1.2
265.22853541374207	1.120693490765087	1.2
265.24290108680725	1.120693490765087	1.2
265.2669634819031	1.120693490765087	1.2
265.28054118156433	1.125062287640087	1.2
265.2922670841217	1.125062287640087	1.2
265.31137704849243	1.125062287640087	1.2
265.3273320198059	1.1283804487971116	1.2
265.3392143249512	1.1283804487971116	1.2
265.35807609558105	1.1283804487971116	1.2
265.3757498264313	1.130987118530927	1.2
265.39075231552124	1.130987118530927	1.2
265.4044711589813	1.130987118530927	1.2
265.4196207523346	1.1333620710798689	1.2
265.43745517730713	1.1333620710798689	1.2
265.4546265602112	1.1333620710798689	1.2
265.4759180545807	1.135541961064434	1.2
265.48920011520386	1.135541961064434	1.2
265.50165486335754	1.135541961064434	1.2
265.51900696754456	1.135541961064434	1.2
265.5367786884308	1.1367480383892319	1.2
265.5519690513611	1.1367480383892319	1.2
265.5650510787964	1.1367480383892319	1.2
265.58022570610046	1.1367480383892319	1.2
265.5945065021515	1.1376182249904643	1.2
265.6074540615082	1.1376182249904643	1.2
265.63041639328003	1.1376182249904643	1.2
265.64574003219604	1.138578719176511	1.2
265.65773844718933	1.138578719176511	1.2
265.6777331829071	1.138578719176511	1.2
265.69541120529175	1.1389280607022778	1.2
265.7093675136566	1.1389280607022778	1.2
265.7247681617737	1.1389280607022778	1.2
265.7388868331909	1.140115172581599	1.2
265.75303840637207	1.140115172581599	1.2
265.7685332298279	1.140115172581599	1.2
265.78497433662415	1.1413396462658096	1.2
265.79856419563293	1.1413396462658096	1.2
265.8119144439697	1.1413396462658096	1.2
265.82683300971985	1.1413396462658096	1.2
265.8427183628082	1.142644521239321	1.2
265.85520458221436	1.142644521239321	1.2
265.8746702671051	1.142644521239321	1.2
265.8900055885315	1.1444460064552904	1.2
265.9017014503479	1.1444460064552904	1.2
265.9239296913147	1.1444460064552904	1.2
265.93953251838684	1.1448508095790306	1.2
265.952969789505	1.1448508095790306	1.2
265.96793007850647	1.1448508095790306	1.2
265.9823513031006	1.1451525164919845	1.2
265.99562096595764	1.1451525164919845	1.2
266.0104455947876	1.1451525164919845	1.2
266.0347921848297	1.145052286409567	1.2
266.047554731369	1.145052286409567	1.2
266.06134247779846	1.145052286409567	1.2
266.0786521434784	1.145052286409567	1.2
266.0951383113861	1.1435063196705617	1.2
266.1070523262024	1.1435063196705617	1.2
266.12682723999023	1.1435063196705617	1.2
266.14443802833557	1.142431850484515	1.2
266.1579747200012	1.142431850484515	1.2
266.17317605018616	1.142431850484515	1.2
266.188045501709	1.1411052249251346	1.2
266.2040936946869	1.1411052249251346	1.2
266.22028136253357	1.1411052249251346	1.2
266.2447226047516	1.1397727377189937	1.2
266.2609932422638	1.1397727377189937	1.2
266.2874364852905	1.1397727377189937	1.2
266.30532908439636	1.137716237007756	1.2
266.32090401649475	1.137716237007756	1.2
266.33727407455444	1.137716237007756	1.2
266.3487524986267	1.1364993774661178	1.2
266.3629138469696	1.1364993774661178	1.2
266.3838300704956	1.1364993774661178	1.2
266.4017837047577	1.134937132237321	1.2
266.4175124168396	1.134937132237321	1.2
266.4345576763153	1.13434144323795	1.2
266.44969058036804	1.13434144323795	1.2
266.46594071388245	1.13434144323795	1.2
266.49570083618164	1.134953001850148	1.2
266.5125939846039	1.134953001850148	1.2
266.53993487358093	1.134953001850148	1.2
266.56079363822937	1.1361847482502996	1.2
266.5814504623413	1.1361847482502996	1.2
266.59820532798767	1.1396400718877033	1.2
266.61592173576355	1.1396400718877033	1.2
266.63854598999023	1.1396400718877033	1.2
266.6552166938782	1.1426778909512485	1.2
266.66747665405273	1.1426778909512485	1.2
266.6855983734131	1.1426778909512485	1.2
266.704838514328	1.146952457022677	1.2
266.7202408313751	1.146952457022677	1.2
266.7343325614929	1.146952457022677	1.2
266.749174118042	1.150394778973201	1.2
266.76278591156006	1.150394778973201	1.2
266.77702021598816	1.150394778973201	1.2
266.7954168319702	1.150394778973201	1.2
266.81243538856506	1.1535025202859421	1.2
266.8241639137268	1.1535025202859421	1.2
266.8391156196594	1.1535025202859421	1.2
266.855655670166	1.1535025202859421	1.2
266.8698422908783	1.157578014820039	1.2
266.88177394866943	1.157578014820039	1.2
266.90194511413574	1.157578014820039	1.2
266.9162323474884	1.1626998219007416	1.2
266.92996168136597	1.1626998219007416	1.2
266.94546031951904	1.1626998219007416	1.2
266.96038722991943	1.1674799664094122	1.2
266.97671484947205	1.1674799664094122	1.2
266.99283242225647	1.1674799664094122	1.2
267.0118730068207	1.1719494839064517	1.2
267.0244221687317	1.1719494839064517	1.2
267.0367748737335	1.1719494839064517	1.2
267.05437326431274	1.1719494839064517	1.2
267.0696876049042	1.1761043428406208	1.2
267.0823755264282	1.1761043428406208	1.2
267.09610629081726	1.1761043428406208	1.2
267.11384868621826	1.1801669147256049	1.2
267.12699937820435	1.1801669147256049	1.2
267.1440782546997	1.1801669147256049	1.2
267.1606605052948	1.1830975563177977	1.2
267.17320704460144	1.1830975563177977	1.2
267.18590235710144	1.1830975563177977	1.2
267.20252418518066	1.1830975563177977	1.2
267.21523690223694	1.1835091829203617	1.2
267.22816014289856	1.1835091829203617	1.2
267.25477719306946	1.1835091829203617	1.2
267.2675828933716	1.1830349767296044	1.2
267.2794044017792	1.1830349767296044	1.2
267.2974708080292	1.1830349767296044	1.2
267.31494760513306	1.1830349767296044	1.2
267.3272657394409	1.1827102181225604	1.2
267.3399450778961	1.1827102181225604	1.2
267.3552575111389	1.1827102181225604	1.2
267.3692967891693	1.1809671084246272	1.2
267.38463282585144	1.1809671084246272	1.2
267.4041385650635	1.1809671084246272	1.2
267.42257022857666	1.1771885134716757	1.2
267.4344530105591	1.1771885134716757	1.2
267.44834995269775	1.1771885134716757	1.2
267.46481251716614	1.1771885134716757	1.2
267.4790596961975	1.173653707288204	1.2
267.4919443130493	1.173653707288204	1.2
267.5075283050537	1.173653707288204	1.2
267.52222084999084	1.1685819536777777	1.2
267.53591322898865	1.1685819536777777	1.2
267.55065083503723	1.1685819536777777	1.2
267.56585216522217	1.1637480123839619	1.2
267.5824773311615	1.1637480123839619	1.2
267.60003328323364	1.1637480123839619	1.2
267.6186521053314	1.1573758715388913	1.2
267.63162446022034	1.1573758715388913	1.2
267.6463885307312	1.1573758715388913	1.2
267.66534996032715	1.151341833368361	1.2
267.67794251441956	1.151341833368361	1.2
267.6967296600342	1.151341833368361	1.2
267.71094584465027	1.1474450477089104	1.2
267.7227339744568	1.1474450477089104	1.2
267.7442910671234	1.1474450477089104	1.2
267.76072216033936	1.1448231268772926	1.2
267.77526235580444	1.1448231268772926	1.2
267.7903242111206	1.1448231268772926	1.2
267.8046941757202	1.1426431584597687	1.2
267.81892466545105	1.1426431584597687	1.2
267.8347399234772	1.1426431584597687	1.2
267.85305738449097	1.1415262742669707	1.2
267.86813497543335	1.1415262742669707	1.2
267.88102078437805	1.1415262742669707	1.2
267.9009690284729	1.1415262742669707	1.2
267.9176914691925	1.14063941453344	1.2
267.9331192970276	1.14063941453344	1.2
267.95216178894043	1.14063941453344	1.2
267.96498918533325	1.140034184975836	1.2
267.9775905609131	1.140034184975836	1.2
267.99436354637146	1.140034184975836	1.2
268.01219844818115	1.1399494818365494	1.2
268.0257453918457	1.1399494818365494	1.2
268.0401825904846	1.1399494818365494	1.2
268.05578541755676	1.1380500946221594	1.2
268.0693953037262	1.1380500946221594	1.2
268.0840108394623	1.1380500946221594	1.2
268.10251903533936	1.1380500946221594	1.2
268.1152150630951	1.1371483946851069	1.2
268.1277210712433	1.1371483946851069	1.2
268.1477825641632	1.1371483946851069	1.2
268.16342306137085	1.1372753304416579	1.2
268.17709040641785	1.1372753304416579	1.2
268.19272899627686	1.1372753304416579	1.2
268.2082006931305	1.1367512984774175	1.2
268.2218818664551	1.1367512984774175	1.2
268.23687720298767	1.1367512984774175	1.2
268.2598342895508	1.1364891314444505	1.2
268.27243399620056	1.1364891314444505	1.2
268.28426575660706	1.1364891314444505	1.2
268.3079948425293	1.1364891314444505	1.2
268.32230615615845	1.1356063314944822	1.2
268.3372824192047	1.1356063314944822	1.2
268.36401438713074	1.1356063314944822	1.2
268.38832354545593	1.1332319183039097	1.2
268.4060549736023	1.1332319183039097	1.2
268.42011523246765	1.1312162780374404	1.2
268.4337899684906	1.1312162780374404	1.2
268.4607117176056	1.1312162780374404	1.2
268.4772119522095	1.1289282887020116	1.2
268.48965787887573	1.1289282887020116	1.2
268.51587748527527	1.1289282887020116	1.2
268.5304036140442	1.1268506226414448	1.2
268.5431098937988	1.1268506226414448	1.2
268.5592143535614	1.1268506226414448	1.2
268.5731954574585	1.1266011788774288	1.2
268.5876216888428	1.1266011788774288	1.2
268.6068625450134	1.1266011788774288	1.2
268.62764382362366	1.1259843053738372	1.2
268.6452667713165	1.1259843053738372	1.2
268.6652913093567	1.1259843053738372	1.2
268.6853663921356	1.1244426916407495	1.2
268.70756125450134	1.1244426916407495	1.2
268.7238509654999	1.1244426916407495	1.2
268.7429974079132	1.123308587207331	1.2
268.7612257003784	1.123308587207331	1.2
268.7788805961609	1.1221016571458668	1.2
268.79579520225525	1.1221016571458668	1.2
268.81160593032837	1.1221016571458668	1.2
268.836713552475	1.120802621620403	1.2
268.8576190471649	1.120802621620403	1.2
268.8764967918396	1.120802621620403	1.2
268.89064383506775	1.1198955781273943	1.2
268.9066298007965	1.1198955781273943	1.2
268.92463183403015	1.1198955781273943	1.2
268.9408459663391	1.1198974201249383	1.2
268.95578932762146	1.1198974201249383	1.2
268.9714822769165	1.1198974201249383	1.2
268.9890480041504	1.1209290519957193	1.2
269.0063920021057	1.1209290519957193	1.2
269.0278170108795	1.1209290519957193	1.2
269.0443878173828	1.1223149681447875	1.2
269.059529542923	1.1223149681447875	1.2
269.0782222747803	1.1223149681447875	1.2
269.0949363708496	1.123412134533238	1.2
269.1102011203766	1.123412134533238	1.2
269.12801599502563	1.123412134533238	1.2
269.14470171928406	1.1253721909242154	1.2
269.16493678092957	1.1253721909242154	1.2
269.1848533153534	1.1253721909242154	1.2
269.2044994831085	1.1284288767726876	1.2
269.22064757347107	1.1284288767726876	1.2
269.2378957271576	1.1284288767726876	1.2
269.2549874782562	1.1315349952906135	1.2
269.28356409072876	1.1315349952906135	1.2
269.30308747291565	1.134480775843691	1.2
269.3187482357025	1.134480775843691	1.2
269.336062669754	1.134480775843691	1.2
269.35138750076294	1.1382977504316032	1.2
269.3638846874237	1.1382977504316032	1.2
269.38061475753784	1.1382977504316032	1.2
269.3998715877533	1.1407842261135197	1.2
269.41554141044617	1.1407842261135197	1.2
269.4296004772186	1.1407842261135197	1.2
269.4492540359497	1.1407842261135197	1.2
269.46705174446106	1.1441372567781327	1.2
269.48582005500793	1.1441372567781327	1.2
269.502370595932	1.1470078555386283	1.2
269.5181839466095	1.1470078555386283	1.2
269.5356729030609	1.1470078555386283	1.2
269.5583276748657	1.1470078555386283	1.2
269.57459473609924	1.149219190942355	1.2
269.5903367996216	1.149219190942355	1.2
269.6140513420105	1.149219190942355	1.2
269.6302239894867	1.1518878513753352	1.2
269.6437957286835	1.1518878513753352	1.2
269.6594762802124	1.1518878513753352	1.2
269.6740221977234	1.1541007806115355	1.2
269.6869320869446	1.1541007806115355	1.2
269.70415568351746	1.1541007806115355	1.2
269.7211067676544	1.156087311792854	1.2
269.73264622688293	1.156087311792854	1.2
269.74622678756714	1.156087311792854	1.2
269.7658932209015	1.156087311792854	1.2
269.78090476989746	1.1579812527220112	1.2
269.7938015460968	1.1579812527220112	1.2
269.80848813056946	1.1579812527220112	1.2
269.8236870765686	1.1594590550970296	1.2
269.8376805782318	1.1594590550970296	1.2
269.8532598018646	1.1594590550970296	1.2
269.86832666397095	1.1616729600713658	1.2
269.8814513683319	1.1616729600713658	1.2
269.89604926109314	1.1616729600713658	1.2
269.91767954826355	1.1659649659767397	1.2
269.93179059028625	1.1659649659767397	1.2
269.94426798820496	1.1659649659767397	1.2
269.96470499038696	1.1659649659767397	1.2
269.98035621643066	1.1701521130948027	1.2
269.99802470207214	1.1701521130948027	1.2
270.0162649154663	1.1701521130948027	1.2
270.02849769592285	1.1738908029009316	1.2
270.0449695587158	1.1738908029009316	1.2
270.06274604797363	1.1738908029009316	1.2
270.07724809646606	1.1786832186312686	1.2
270.09013199806213	1.1786832186312686	1.2
270.10491394996643	1.1786832186312686	1.2
270.11952805519104	1.1838440719246819	1.2
270.1328799724579	1.1838440719246819	1.2
270.15650629997253	1.1838440719246819	1.2
270.17392659187317	1.1896149584779554	1.2
270.1860945224762	1.1896149584779554	1.2
270.20295572280884	1.1896149584779554	1.2
270.21960186958313	1.1896149584779554	1.2
270.2329831123352	1.1945103877003636	1.2
270.2453112602234	1.1945103877003636	1.2
270.2626304626465	1.1945103877003636	1.2
270.2769229412079	1.1991425061524246	1.2
270.2927658557892	1.1991425061524246	1.2
270.3087582588196	1.1991425061524246	1.2
270.32482409477234	1.2047879993794246	1.2
270.3379979133606	1.2047879993794246	1.2
270.35567355155945	1.2047879993794246	1.2
270.3745987415314	1.2090583118710039	1.2
270.39401412010193	1.2090583118710039	1.2
270.41532254219055	1.2115351706914157	1.2
270.4282715320587	1.2115351706914157	1.2
270.44313311576843	1.2115351706914157	1.2
270.4640109539032	1.2115351706914157	1.2
270.47873520851135	1.2138971687683386	1.2
270.49125957489014	1.2138971687683386	1.2
270.5062942504883	1.2138971687683386	1.2
270.5218987464905	1.2144077141833756	1.2
270.534636259079	1.2144077141833756	1.2
270.56320214271545	1.2144077141833756	1.2
270.5771098136902	1.2147362325189728	1.2
270.58943247795105	1.2147362325189728	1.2
270.6105284690857	1.2147362325189728	1.2
270.62528800964355	1.2122475177091558	1.2
270.63712096214294	1.2122475177091558	1.2
270.65753865242004	1.2122475177091558	1.2
270.6744771003723	1.2083442326957747	1.2
270.68776059150696	1.2083442326957747	1.2
270.70338773727417	1.2083442326957747	1.2
270.7190623283386	1.2045286315900776	1.2
270.733939409256	1.2045286315900776	1.2
270.7480959892273	1.2045286315900776	1.2
270.7697100639343	1.2045286315900776	1.2
270.78693771362305	1.2005198743157792	1.2
270.79940843582153	1.2005198743157792	1.2
270.8217360973358	1.2005198743157792	1.2
270.8369610309601	1.1957669149316634	1.2
270.84996461868286	1.1957669149316634	1.2
270.865186214447	1.1957669149316634	1.2
270.8808753490448	1.191422141383899	1.2
270.8943700790405	1.191422141383899	1.2
270.9096052646637	1.191422141383899	1.2
270.93438386917114	1.187277411214375	1.2
270.9474518299103	1.187277411214375	1.2
270.9613792896271	1.187277411214375	1.2
270.98323035240173	1.187277411214375	1.2
270.9983432292938	1.1815228246156289	1.2
271.0138249397278	1.1815228246156289	1.2
271.02911376953125	1.1815228246156289	1.2
271.0424301624298	1.1777588801104346	1.2
271.0551152229309	1.1777588801104346	1.2
271.0728645324707	1.1777588801104346	1.2
271.08715629577637	1.173603887602942	1.2
271.0993356704712	1.173603887602942	1.2
271.1150417327881	1.173603887602942	1.2
271.13098192214966	1.1716028996753765	1.2
271.14429450035095	1.1716028996753765	1.2
271.16144943237305	1.1716028996753765	1.2
271.17779874801636	1.1684934938269875	1.2
271.1900396347046	1.1684934938269875	1.2
271.204617023468	1.1684934938269875	1.2
271.2228534221649	1.1684934938269875	1.2
271.23767948150635	1.1664047095772205	1.2
271.25103306770325	1.1664047095772205	1.2
271.2669475078583	1.1664047095772205	1.2
271.28047037124634	1.165070340455308	1.2
271.2927391529083	1.165070340455308	1.2
271.3082928657532	1.165070340455308	1.2
271.32703614234924	1.1637536283394425	1.2
271.3395586013794	1.1637536283394425	1.2
271.35353803634644	1.1637536283394425	1.2
271.371600151062	1.1637536283394425	1.2
271.3893852233887	1.1611296781593972	1.2
271.406742811203	1.1611296781593972	1.2
271.43025636672974	1.1595118845626198	1.2
271.4440333843231	1.1595118845626198	1.2
271.45824122428894	1.1595118845626198	1.2
271.4750385284424	1.1595118845626198	1.2
271.48813796043396	1.1587006751087343	1.2
271.5012900829315	1.1587006751087343	1.2
271.51710534095764	1.1587006751087343	1.2
271.5347125530243	1.1580636812150258	1.2
271.54735136032104	1.1580636812150258	1.2
271.56263756752014	1.1580636812150258	1.2
271.5846014022827	1.1566083181689808	1.2
271.599897146225	1.1566083181689808	1.2
271.6145164966583	1.1566083181689808	1.2
271.63137340545654	1.1566083181689808	1.2
271.6441035270691	1.1546946349391674	1.2
271.66568422317505	1.1546946349391674	1.2
271.68171286582947	1.1546946349391674	1.2
271.6956298351288	1.154500670715189	1.2
271.70922589302063	1.154500670715189	1.2
271.7257740497589	1.154500670715189	1.2
271.74054169654846	1.154101582211192	1.2
271.7532696723938	1.154101582211192	1.2
271.76993918418884	1.154101582211192	1.2
271.78667974472046	1.1535559127591903	1.2
271.7984821796417	1.1535559127591903	1.2
271.8134446144104	1.1535559127591903	1.2
271.83182406425476	1.1535559127591903	1.2
271.8464324474335	1.153062396347127	1.2
271.85898780822754	1.153062396347127	1.2
271.8749749660492	1.153062396347127	1.2
271.8897111415863	1.1533775135235307	1.2
271.9024395942688	1.1533775135235307	1.2
271.917991399765	1.1533775135235307	1.2
271.9372491836548	1.1533775135235307	1.2
271.9520194530487	1.1538464984427588	1.2
271.9643130302429	1.1538464984427588	1.2
271.98221373558044	1.1538464984427588	1.2
271.99933981895447	1.1543123579980639	1.2
272.01244926452637	1.1543123579980639	1.2
272.02776408195496	1.1543123579980639	1.2
272.0419042110443	1.1556297492524763	1.2
272.05549454689026	1.1556297492524763	1.2
272.0702259540558	1.1556297492524763	1.2
272.08588457107544	1.1574727707400796	1.2
272.09803104400635	1.1574727707400796	1.2
272.1140353679657	1.1574727707400796	1.2
272.13073086738586	1.1574727707400796	1.2
272.14518117904663	1.1610464915638783	1.2
272.1582889556885	1.1610464915638783	1.2
272.1742594242096	1.1610464915638783	1.2
272.1886909008026	1.1639674887548894	1.2
272.2018811702728	1.1639674887548894	1.2
272.2203323841095	1.1639674887548894	1.2
272.23843026161194	1.1678060893792541	1.2
272.24992632865906	1.1678060893792541	1.2
272.2680847644806	1.1678060893792541	1.2
272.28575563430786	1.1678060893792541	1.2
272.29845118522644	1.1705653637903313	1.2
272.3123400211334	1.1705653637903313	1.2
272.327365398407	1.1705653637903313	1.2
272.3422887325287	1.174844042453031	1.2
272.3556389808655	1.174844042453031	1.2
272.37342715263367	1.174844042453031	1.2
272.3942172527313	1.1804838527839432	1.2
272.40588426589966	1.1804838527839432	1.2
272.4229760169983	1.1804838527839432	1.2
272.43927454948425	1.1804838527839432	1.2
272.45674300193787	1.186345143421668	1.2
272.4738974571228	1.186345143421668	1.2
272.4893207550049	1.186345143421668	1.2
272.5031416416168	1.1928392723347245	1.2
272.5165274143219	1.1928392723347245	1.2
272.5401351451874	1.1928392723347245	1.2
272.56095004081726	1.1986237353112643	1.2
272.5771472454071	1.1986237353112643	1.2
272.59467005729675	1.1986237353112643	1.2
272.6115484237671	1.205503814288537	1.2
272.62690711021423	1.205503814288537	1.2
272.6422598361969	1.205503814288537	1.2
272.65522837638855	1.2117647161132996	1.2
272.668452501297	1.2117647161132996	1.2
272.6843526363373	1.2117647161132996	1.2
272.70843601226807	1.2117647161132996	1.2
272.720645904541	1.218768828539335	1.2
272.73261547088623	1.218768828539335	1.2
272.76153111457825	1.2250489899609305	1.2
272.7758343219757	1.2250489899609305	1.2
272.79134154319763	1.2250489899609305	1.2
272.8060772418976	1.229020285283802	1.2
272.81831407546997	1.229020285283802	1.2
272.83489179611206	1.229020285283802	1.2
272.8502993583679	1.229020285283802	1.2
272.8627715110779	1.2305665726153383	1.2
272.8767395019531	1.2305665726153383	1.2
272.89363288879395	1.2305665726153383	1.2
272.9090540409088	1.2306430874962904	1.2
272.92298412323	1.2306430874962904	1.2
272.93801045417786	1.2306430874962904	1.2
272.9534966945648	1.228119668273539	1.2
272.9655919075012	1.228119668273539	1.2
272.9874038696289	1.228119668273539	1.2
273.00409841537476	1.2247387218255505	1.2
273.0175349712372	1.2247387218255505	1.2
273.0374085903168	1.2247387218255505	1.2
273.05535101890564	1.2195479640906384	1.2
273.06872057914734	1.2195479640906384	1.2
273.08198857307434	1.2195479640906384	1.2
273.09767746925354	1.2195479640906384	1.2
273.11309242248535	1.2125374902415706	1.2
273.12725138664246	1.2125374902415706	1.2
273.14743518829346	1.2125374902415706	1.2
273.1636254787445	1.2029037957207827	1.2
273.17689180374146	1.2029037957207827	1.2
273.1935305595398	1.2029037957207827	1.2
273.21321535110474	1.192418745794747	1.2
273.22702646255493	1.192418745794747	1.2
273.2406921386719	1.192418745794747	1.2
273.257431268692	1.192418745794747	1.2
273.27290201187134	1.1819447718893952	1.2
273.28630113601685	1.1819447718893952	1.2
273.3042254447937	1.1819447718893952	1.2
273.31842517852783	1.1743417494876325	1.2
273.33073687553406	1.1743417494876325	1.2
273.34689569473267	1.1743417494876325	1.2
273.3660955429077	1.1743417494876325	1.2
273.38173484802246	1.1677260294876324	1.2
273.406236410141	1.1677260294876324	1.2
273.42133617401123	1.1613339749451925	1.2
273.4372732639313	1.1613339749451925	1.2
273.45320177078247	1.1613339749451925	1.2
273.4718768596649	1.1613339749451925	1.2
273.4866728782654	1.1577969996027266	1.2
273.49854278564453	1.1577969996027266	1.2
273.5299038887024	1.1577969996027266	1.2
273.5434846878052	1.1540386489052548	1.2
273.5592188835144	1.1540386489052548	1.2
273.5761229991913	1.150653502592292	1.2
273.5904712677002	1.150653502592292	1.2
273.6065800189972	1.150653502592292	1.2
273.62147665023804	1.1484544616869607	1.2
273.63440132141113	1.1484544616869607	1.2
273.6508996486664	1.1484544616869607	1.2
273.66808009147644	1.1484544616869607	1.2
273.6815905570984	1.1483413913464324	1.2
273.6957755088806	1.1483413913464324	1.2
273.7120416164398	1.1483413913464324	1.2
273.72650265693665	1.1491871640899856	1.2
273.74137592315674	1.1491871640899856	1.2
273.7635588645935	1.1491871640899856	1.2
273.7777187824249	1.1499150373088383	1.2
273.7895748615265	1.1499150373088383	1.2
273.8102250099182	1.1499150373088383	1.2
273.8263623714447	1.1509369400181977	1.2
273.8394818305969	1.1509369400181977	1.2
273.85401606559753	1.1509369400181977	1.2
273.8694336414337	1.151674904845784	1.2
273.8859260082245	1.151674904845784	1.2
273.9031195640564	1.151674904845784	1.2
273.9241273403168	1.151674904845784	1.2
273.9384877681732	1.152678996888224	1.2
273.9508681297302	1.152678996888224	1.2
273.96802592277527	1.152678996888224	1.2
273.98484086990356	1.1530688428341702	1.2
273.9977934360504	1.1530688428341702	1.2
274.01335072517395	1.1530688428341702	1.2
274.02807879447937	1.1534532102043493	1.2
274.0420410633087	1.1534532102043493	1.2
274.0575397014618	1.1534532102043493	1.2
274.07664823532104	1.1534532102043493	1.2
274.0913338661194	1.1552471602274759	1.2
274.1028456687927	1.1552471602274759	1.2
274.1195602416992	1.1552471602274759	1.2
274.13586592674255	1.1552471602274759	1.2
274.1489169597626	1.1569795813704558	1.2
274.16148352622986	1.1569795813704558	1.2
274.177330493927	1.1569795813704558	1.2
274.19014716148376	1.1582865524791561	1.2
274.20346903800964	1.1582865524791561	1.2
274.2183647155762	1.1582865524791561	1.2
274.2346827983856	1.160513888121679	1.2
274.24841356277466	1.160513888121679	1.2
274.263423204422	1.160513888121679	1.2
274.278605222702	1.1619182816556815	1.2
274.2921450138092	1.1619182816556815	1.2
274.304970741272	1.1619182816556815	1.2
274.3269259929657	1.1619182816556815	1.2
274.3401472568512	1.1630258910912374	1.2
274.35263895988464	1.1630258910912374	1.2
274.3703305721283	1.1630258910912374	1.2
274.38534283638	1.164471944568736	1.2
274.40011978149414	1.164471944568736	1.2
274.4220938682556	1.164471944568736	1.2
274.4380407333374	1.1660884348266154	1.2
274.453351020813	1.1660884348266154	1.2
274.46776485443115	1.1660884348266154	1.2
274.4827024936676	1.168129413037973	1.2
274.4962079524994	1.168129413037973	1.2
274.51119446754456	1.168129413037973	1.2
274.5317509174347	1.168129413037973	1.2
274.54498052597046	1.1703563623540452	1.2
274.5570344924927	1.1703563623540452	1.2
274.5792148113251	1.1703563623540452	1.2
274.59484243392944	1.1724193445408493	1.2
274.6086127758026	1.1724193445408493	1.2
274.62331914901733	1.1724193445408493	1.2
274.63727855682373	1.174409617964621	1.2
274.6524450778961	1.174409617964621	1.2
274.66820526123047	1.174409617964621	1.2
274.69396018981934	1.1766256151556322	1.2
274.7057349681854	1.1766256151556322	1.2
274.7192168235779	1.1766256151556322	1.2
274.74040389060974	1.1766256151556322	1.2
274.7541105747223	1.1771874691962425	1.2
274.76920318603516	1.1771874691962425	1.2
274.7858929634094	1.1771874691962425	1.2
274.7988431453705	1.1780407765921221	1.2
274.81431460380554	1.1780407765921221	1.2
274.8305003643036	1.1780407765921221	1.2
274.844119310379	1.1785676037329211	1.2
274.85709953308105	1.1785676037329211	1.2
274.8727993965149	1.1785676037329211	1.2
274.88750743865967	1.1797685728018414	1.2
274.90281867980957	1.1797685728018414	1.2
274.9201374053955	1.1797685728018414	1.2
274.9402446746826	1.180742064287831	1.2
274.9518599510193	1.180742064287831	1.2
274.9651198387146	1.180742064287831	1.2
274.9887022972107	1.1815082651305278	1.2
275.0029528141022	1.1815082651305278	1.2
275.01688861846924	1.1815082651305278	1.2
275.0331537723541	1.1826537458132633	1.2
275.04699182510376	1.1826537458132633	1.2
275.0639851093292	1.1826537458132633	1.2
275.08210945129395	1.1824235923521649	1.2
275.09674286842346	1.1824235923521649	1.2
275.1107313632965	1.1824235923521649	1.2
275.12872338294983	1.18239541619727	1.2
275.14181447029114	1.18239541619727	1.2
275.15450072288513	1.18239541619727	1.2
275.17005038261414	1.18239541619727	1.2
275.1856789588928	1.1816440346183226	1.2
275.1978380680084	1.1816440346183226	1.2
275.22041606903076	1.1816440346183226	1.2
275.2363340854645	1.1820571664080544	1.2
275.2491056919098	1.1820571664080544	1.2
275.2673456668854	1.1820571664080544	1.2
275.2835900783539	1.1831146845466798	1.2
275.29634141921997	1.1831146845466798	1.2
275.31155943870544	1.1831146845466798	1.2
275.3268532752991	1.1840125425620358	1.2
275.33995842933655	1.1840125425620358	1.2
275.35384464263916	1.1840125425620358	1.2
275.373309135437	1.1840125425620358	1.2
275.3887643814087	1.184165710452514	1.2
275.40434193611145	1.184165710452514	1.2
275.4268305301666	1.184165710452514	1.2
275.44437050819397	1.183740003708645	1.2
275.4604675769806	1.183740003708645	1.2
275.4760673046112	1.183740003708645	1.2
275.4929528236389	1.1831085125669127	1.2
275.5077736377716	1.1831085125669127	1.2
275.52540731430054	1.1831085125669127	1.2
275.54463171958923	1.1822638984160276	1.2
275.56042218208313	1.1822638984160276	1.2
275.58973693847656	1.1822638984160276	1.2
275.60806584358215	1.1825502237679246	1.2
275.6221127510071	1.1825502237679246	1.2
275.6378138065338	1.1825502237679246	1.2
275.65413093566895	1.1808776701654522	1.2
275.66697669029236	1.1808776701654522	1.2
275.6831612586975	1.1808776701654522	1.2
275.70264315605164	1.1802131273746517	1.2
275.71479630470276	1.1802131273746517	1.2
275.72902846336365	1.1802131273746517	1.2
275.7482042312622	1.1802131273746517	1.2
275.7627136707306	1.18000501864585	1.2
275.7755470275879	1.18000501864585	1.2
275.79310178756714	1.18000501864585	1.2
275.8073127269745	1.1799106096600311	1.2
275.82150864601135	1.1799106096600311	1.2
275.83871388435364	1.1799106096600311	1.2
275.855642080307	1.1792272584061176	1.2
275.86872029304504	1.1792272584061176	1.2
275.884140253067	1.1792272584061176	1.2
275.90194177627563	1.1772638213559197	1.2
275.91516518592834	1.1772638213559197	1.2
275.93009209632874	1.1772638213559197	1.2
275.94704413414	1.1759977992970962	1.2
275.96020793914795	1.1759977992970962	1.2
275.9746069908142	1.1759977992970962	1.2
275.99279403686523	1.1759977992970962	1.2
276.0052170753479	1.1754808102109464	1.2
276.0174252986908	1.1754808102109464	1.2
276.0367443561554	1.1754808102109464	1.2
276.05290603637695	1.1757110955285444	1.2
276.06693482398987	1.1757110955285444	1.2
276.08089089393616	1.1757110955285444	1.2
276.09715270996094	1.1748867127740088	1.2
276.109441280365	1.1748867127740088	1.2
276.12341475486755	1.1748867127740088	1.2
276.1449947357178	1.1748867127740088	1.2
276.15952587127686	1.175869041825583	1.2
276.1725654602051	1.175869041825583	1.2
276.1988923549652	1.175869041825583	1.2
276.21295857429504	1.1760313947667593	1.2
276.2253978252411	1.1760313947667593	1.2
276.2423412799835	1.1760313947667593	1.2
276.2547609806061	1.1742841830623292	1.2
276.2691423892975	1.1742841830623292	1.2
276.28470253944397	1.1742841830623292	1.2
276.299311876297	1.1723324988243427	1.2
276.3135132789612	1.1723324988243427	1.2
276.32843470573425	1.1723324988243427	1.2
276.34338879585266	1.1719626254662616	1.2
276.35646986961365	1.1719626254662616	1.2
276.374746799469	1.1719626254662616	1.2
276.3929648399353	1.1728703129662617	1.2
276.4088773727417	1.1728703129662617	1.2
276.42859625816345	1.1728703129662617	1.2
276.44749212265015	1.1728703129662617	1.2
276.4601800441742	1.173585608280899	1.2
276.47338938713074	1.173585608280899	1.2
276.48897790908813	1.173585608280899	1.2
276.5030109882355	1.1733902776680731	1.2
276.5155973434448	1.1733902776680731	1.2
276.53283739089966	1.1733902776680731	1.2
276.5539975166321	1.1733176178094715	1.2
276.5681276321411	1.1733176178094715	1.2
276.59311175346375	1.1733176178094715	1.2
276.6112015247345	1.1749402844453223	1.2
276.62313890457153	1.1749402844453223	1.2
276.6382734775543	1.1749402844453223	1.2
276.65501856803894	1.1749402844453223	1.2
276.671044588089	1.1760535253906164	1.2
276.6837167739868	1.1760535253906164	1.2
276.6986608505249	1.1760535253906164	1.2
276.7144317626953	1.1777931527198091	1.2
276.72641682624817	1.1777931527198091	1.2
276.74987602233887	1.1777931527198091	1.2
276.76609683036804	1.1801449690340255	1.2
276.777587890625	1.1801449690340255	1.2
276.7952651977539	1.1801449690340255	1.2
276.8129508495331	1.1801449690340255	1.2
276.82615542411804	1.1834751176757066	1.2
276.8400092124939	1.1834751176757066	1.2
276.85522055625916	1.1834751176757066	1.2
276.8699243068695	1.1862936904411765	1.2
276.88496112823486	1.1862936904411765	1.2
276.9017996788025	1.1862936904411765	1.2
276.9183702468872	1.1887381971797208	1.2
276.93045353889465	1.1887381971797208	1.2
276.94679021835327	1.1887381971797208	1.2
276.97011971473694	1.1912051889239066	1.2
276.98212480545044	1.1912051889239066	1.2
276.9994652271271	1.1912051889239066	1.2
277.013840675354	1.1935225390705637	1.2
277.02593517303467	1.1935225390705637	1.2
277.0430715084076	1.1935225390705637	1.2
277.0601179599762	1.1951579769299179	1.2
277.07455492019653	1.1951579769299179	1.2
277.088565826416	1.1951579769299179	1.2
277.10412406921387	1.1973287017149787	1.2
277.11686182022095	1.1973287017149787	1.2
277.12943172454834	1.1973287017149787	1.2
277.15126943588257	1.1973287017149787	1.2
277.1682114601135	1.1984868675507174	1.2
277.1802065372467	1.1984868675507174	1.2
277.2040913105011	1.1984868675507174	1.2
277.21867203712463	1.1990120237713082	1.2
277.2337839603424	1.1990120237713082	1.2
277.2503397464752	1.1990120237713082	1.2
277.26388239860535	1.2007986251846008	1.2
277.27672815322876	1.2007986251846008	1.2
277.29435205459595	1.2007986251846008	1.2
277.31126165390015	1.1997176777470826	1.2
277.32348346710205	1.1997176777470826	1.2
277.33696842193604	1.1997176777470826	1.2
277.3555438518524	1.2001285886417437	1.2
277.36849427223206	1.2001285886417437	1.2
277.38308095932007	1.2001285886417437	1.2
277.4003722667694	1.2006092024389132	1.2
277.41945815086365	1.2006092024389132	1.2
277.44220662117004	1.2006092024389132	1.2
277.46038937568665	1.2016083691399442	1.2
277.4732744693756	1.2016083691399442	1.2
277.4914131164551	1.2016083691399442	1.2
277.50900530815125	1.2015278260039117	1.2
277.5214397907257	1.2015278260039117	1.2
277.53443241119385	1.2015278260039117	1.2
277.54931259155273	1.2015278260039117	1.2
277.56450176239014	1.2017892893108255	1.2
277.57805156707764	1.2017892893108255	1.2
277.5983226299286	1.2017892893108255	1.2
277.6141290664673	1.2007891292064423	1.2
277.62630128860474	1.2007891292064423	1.2
277.64556431770325	1.2007891292064423	1.2
277.6646239757538	1.2013107072945977	1.2
277.6779372692108	1.2013107072945977	1.2
277.69214606285095	1.2013107072945977	1.2
277.708482503891	1.2034432413969505	1.2
277.72310733795166	1.2034432413969505	1.2
277.73763966560364	1.2034432413969505	1.2
277.76213002204895	1.2034432413969505	1.2
277.77607011795044	1.2034644394820635	1.2
277.78990149497986	1.2034644394820635	1.2
277.80910658836365	1.2034644394820635	1.2
277.82508730888367	1.2050905522051159	1.2
277.8377342224121	1.2050905522051159	1.2
277.85362100601196	1.2050905522051159	1.2
277.8672831058502	1.2048721391814365	1.2
277.8820378780365	1.2048721391814365	1.2
277.8983314037323	1.2048721391814365	1.2
277.91493701934814	1.205588276238523	1.2
277.9285018444061	1.205588276238523	1.2
277.9431698322296	1.205588276238523	1.2
277.95880341529846	1.206711916403977	1.2
277.9716885089874	1.206711916403977	1.2
277.9846498966217	1.206711916403977	1.2
278.01072788238525	1.206711916403977	1.2
278.0236449241638	1.2084760714380267	1.2
278.0356388092041	1.2084760714380267	1.2
278.060448884964	1.2084760714380267	1.2
278.07642459869385	1.209970969340476	1.2
278.08919620513916	1.209970969340476	1.2
278.1051950454712	1.209970969340476	1.2
278.120637178421	1.2109385664843983	1.2
278.13378858566284	1.2109385664843983	1.2
278.1489899158478	1.2109385664843983	1.2
278.1626048088074	1.211251651833265	1.2
278.1780159473419	1.211251651833265	1.2
278.19517612457275	1.211251651833265	1.2
278.21472907066345	1.2094753625062518	1.2
278.22670888900757	1.2094753625062518	1.2
278.23974990844727	1.2094753625062518	1.2
278.2578465938568	1.2094753625062518	1.2
278.2723481655121	1.2083409443087485	1.2
278.28581714630127	1.2083409443087485	1.2
278.3014307022095	1.2083409443087485	1.2
278.31566309928894	1.2069991031990386	1.2
278.3296263217926	1.2069991031990386	1.2
278.3458802700043	1.2069991031990386	1.2
278.3636124134064	1.20657061344494	1.2
278.377400636673	1.20657061344494	1.2
278.392080783844	1.20657061344494	1.2
278.4093942642212	1.2063055225188057	1.2
278.42383909225464	1.2063055225188057	1.2
278.4446392059326	1.2063055225188057	1.2
278.46197867393494	1.205246325652321	1.2
278.4785053730011	1.205246325652321	1.2
278.5017600059509	1.205246325652321	1.2
278.52026319503784	1.204383549448355	1.2
278.537024974823	1.204383549448355	1.2
278.5530891418457	1.204383549448355	1.2
278.5690324306488	1.203520282852882	1.2
278.5876262187958	1.203520282852882	1.2
278.6084735393524	1.203520282852882	1.2
278.62632489204407	1.2034932286416105	1.2
278.6382944583893	1.2034932286416105	1.2
278.6619973182678	1.2034932286416105	1.2
278.676376581192	1.203847770762259	1.2
278.68961453437805	1.203847770762259	1.2
278.7056975364685	1.203847770762259	1.2
278.71860551834106	1.2052012970117747	1.2
278.73200583457947	1.2052012970117747	1.2
278.74756956100464	1.2052012970117747	1.2
278.76462984085083	1.2064615492097261	1.2
278.77737259864807	1.2064615492097261	1.2
278.79201459884644	1.2064615492097261	1.2
278.80995512008667	1.2082147222866493	1.2
278.82378935813904	1.2082147222866493	1.2
278.83975291252136	1.2082147222866493	1.2
278.8583674430847	1.2082147222866493	1.2
278.87235021591187	1.2094633707673121	1.2
278.8858730792999	1.2094633707673121	1.2
278.9043138027191	1.2094633707673121	1.2
278.91955757141113	1.21020679338636	1.2
278.93321681022644	1.21020679338636	1.2
278.94965648651123	1.21020679338636	1.2
278.9653351306915	1.210563297576304	1.2
278.97881531715393	1.210563297576304	1.2
278.9915769100189	1.210563297576304	1.2
279.0070426464081	1.210563297576304	1.2
279.022132396698	1.2114949047191612	1.2
279.0346541404724	1.2114949047191612	1.2
279.05245566368103	1.2114949047191612	1.2
279.069372177124	1.2120950205712755	1.2
279.08227467536926	1.2120950205712755	1.2
279.09542202949524	1.2120950205712755	1.2
279.1131639480591	1.2120950205712755	1.2
279.1280343532562	1.2126781536741278	1.2
279.1427471637726	1.2126781536741278	1.2
279.1583080291748	1.2126781536741278	1.2
279.17369079589844	1.2132476770015928	1.2
279.18682837486267	1.2132476770015928	1.2
279.20290207862854	1.2132476770015928	1.2
279.2204010486603	1.2132476770015928	1.2
279.23315620422363	1.2147937991186832	1.2
279.24479818344116	1.2147937991186832	1.2
279.2671797275543	1.2147937991186832	1.2
279.28287386894226	1.2165363473597757	1.2
279.29574966430664	1.2165363473597757	1.2
279.3102071285248	1.2165363473597757	1.2
279.32519817352295	1.2179906156524587	1.2
279.3408045768738	1.2179906156524587	1.2
279.35692739486694	1.2179906156524587	1.2
279.37555861473083	1.2179906156524587	1.2
279.39019107818604	1.2182964734715305	1.2
279.40261673927307	1.2182964734715305	1.2
279.4228196144104	1.2182964734715305	1.2
279.44039583206177	1.2184687946568165	1.2
279.45649433135986	1.2184687946568165	1.2
279.4726400375366	1.2184687946568165	1.2
279.4854278564453	1.2192787863232262	1.2
279.49871850013733	1.2192787863232262	1.2
279.51465678215027	1.2192787863232262	1.2
279.5369715690613	1.2187088748325428	1.2
279.54982018470764	1.2187088748325428	1.2
279.5628569126129	1.2187088748325428	1.2
279.59030628204346	1.2186674459023572	1.2
279.60452342033386	1.2186674459023572	1.2
279.6182789802551	1.2186674459023572	1.2
279.6341872215271	1.2186674459023572	1.2
279.64992022514343	1.218168824107485	1.2
279.66762042045593	1.218168824107485	1.2
279.68280267715454	1.2173905364799342	1.2
279.6951684951782	1.2173905364799342	1.2
279.70892238616943	1.2173905364799342	1.2
279.7263422012329	1.2173905364799342	1.2
279.7454376220703	1.215740187973533	1.2
279.7572090625763	1.215740187973533	1.2
279.7711236476898	1.215740187973533	1.2
279.7917585372925	1.215740187973533	1.2
279.8055593967438	1.2138828536361836	1.2
279.8194100856781	1.2138828536361836	1.2
279.83508372306824	1.2138828536361836	1.2
279.84860706329346	1.2122026172426106	1.2
279.8616359233856	1.2122026172426106	1.2
279.87864995002747	1.2122026172426106	1.2
279.89590215682983	1.211751163984419	1.2
279.9095392227173	1.211751163984419	1.2
279.9234867095947	1.211751163984419	1.2
279.938369512558	1.211165539227704	1.2
279.9510929584503	1.211165539227704	1.2
279.96648502349854	1.211165539227704	1.2
279.9957401752472	1.2100449751895324	1.2
280.0109224319458	1.2100449751895324	1.2
280.0309827327728	1.2100449751895324	1.2
280.04921412467957	1.210503381578175	1.2
280.06593775749207	1.210503381578175	1.2
280.08135747909546	1.210503381578175	1.2
280.09654545783997	1.2088633719680275	1.2
280.1086208820343	1.2088633719680275	1.2
280.12283182144165	1.2088633719680275	1.2
280.1423509120941	1.2088633719680275	1.2
280.15731287002563	1.2080500505607528	1.2
280.1694233417511	1.2080500505607528	1.2
280.18873381614685	1.2080500505607528	1.2
280.2056224346161	1.2077331718576585	1.2
280.21879982948303	1.2077331718576585	1.2
280.23353815078735	1.2077331718576585	1.2
280.248651266098	1.2077331718576585	1.2
280.261958360672	1.2074081401682872	1.2
280.27669310569763	1.2074081401682872	1.2
280.29927825927734	1.2074081401682872	1.2
280.31422543525696	1.2070239848549358	1.2
280.3269011974335	1.2070239848549358	1.2
280.3554034233093	1.2070239848549358	1.2
280.3684434890747	1.2064868860544176	1.2
280.382773399353	1.2064868860544176	1.2
280.39864683151245	1.2064868860544176	1.2
280.41627740859985	1.205974891111466	1.2
280.4344594478607	1.205974891111466	1.2
280.45044326782227	1.205974891111466	1.2
280.4621319770813	1.205589146980945	1.2
280.477285861969	1.205589146980945	1.2
280.49341678619385	1.205589146980945	1.2
280.50786113739014	1.2062790082662114	1.2
280.52204489707947	1.2062790082662114	1.2
280.53786420822144	1.2062790082662114	1.2
280.55151081085205	1.2064888192688732	1.2
280.5639555454254	1.2064888192688732	1.2
280.57958984375	1.2064888192688732	1.2
280.59876346588135	1.2064888192688732	1.2
280.61148405075073	1.2085259343265664	1.2
280.62337589263916	1.2085259343265664	1.2
280.6480267047882	1.2085259343265664	1.2
280.66342401504517	1.210266826725039	1.2
280.6787052154541	1.210266826725039	1.2
280.69398307800293	1.210266826725039	1.2
280.7091636657715	1.2116423217194772	1.2
280.722291469574	1.2116423217194772	1.2
280.7384150028229	1.2116423217194772	1.2
280.7554762363434	1.2127671351136304	1.2
280.7677071094513	1.2127671351136304	1.2
280.7827010154724	1.2127671351136304	1.2
280.7974238395691	1.2145738258377468	1.2
280.81023359298706	1.2145738258377468	1.2
280.8282058238983	1.2145738258377468	1.2
280.84450507164	1.2149127939019457	1.2
280.8563733100891	1.2149127939019457	1.2
280.8754930496216	1.2149127939019457	1.2
280.8943943977356	1.2149127939019457	1.2
280.90747809410095	1.214516445122881	1.2
280.921338558197	1.214516445122881	1.2
280.9363601207733	1.214516445122881	1.2
280.95075249671936	1.214106052983332	1.2
280.9627993106842	1.214106052983332	1.2
280.9784643650055	1.214106052983332	1.2
280.99853706359863	1.212882634879884	1.2
281.0101613998413	1.212882634879884	1.2
281.0214400291443	1.212882634879884	1.2
281.04551362991333	1.212882634879884	1.2
281.0617060661316	1.2113164397851237	1.2
281.07382130622864	1.2113164397851237	1.2
281.0891697406769	1.2113164397851237	1.2
281.1032853126526	1.2096490359950365	1.2
281.1161425113678	1.2096490359950365	1.2
281.13153982162476	1.2096490359950365	1.2
281.1594352722168	1.2078712540616798	1.2
281.1711983680725	1.2078712540616798	1.2
281.1837475299835	1.2078712540616798	1.2
281.2025246620178	1.2078712540616798	1.2
281.21822476387024	1.2061405760299093	1.2
281.2301516532898	1.2061405760299093	1.2
281.2487065792084	1.2061405760299093	1.2
281.2654016017914	1.2055289918366634	1.2
281.2781591415405	1.2055289918366634	1.2
281.29351782798767	1.2055289918366634	1.2
281.3089256286621	1.2043764564258985	1.2
281.32096099853516	1.2043764564258985	1.2
281.3340504169464	1.2043764564258985	1.2
281.3503670692444	1.2043764564258985	1.2
281.3676025867462	1.20476644999995	1.2
281.3793830871582	1.20476644999995	1.2
281.40935230255127	1.20476644999995	1.2
281.4272391796112	1.206564421069645	1.2
281.44729137420654	1.206564421069645	1.2
281.4635648727417	1.2068463040929616	1.2
281.47980093955994	1.2068463040929616	1.2
281.4990267753601	1.2068463040929616	1.2
281.5169508457184	1.2071706040929615	1.2
281.53218507766724	1.2071706040929615	1.2
281.54765224456787	1.2071706040929615	1.2
281.5643427371979	1.2076657611442436	1.2
281.5802652835846	1.2076657611442436	1.2
281.61305260658264	1.2076657611442436	1.2
281.6268904209137	1.207230530899012	1.2
281.6403033733368	1.207230530899012	1.2
281.65729331970215	1.207230530899012	1.2
281.67453813552856	1.207093213946395	1.2
281.6875219345093	1.207093213946395	1.2
281.70258378982544	1.207093213946395	1.2
281.7175168991089	1.2064487308936775	1.2
281.731055021286	1.2064487308936775	1.2
281.7462258338928	1.2064487308936775	1.2
281.7660927772522	1.2064487308936775	1.2
281.778710603714	1.2055836079137283	1.2
281.79057025909424	1.2055836079137283	1.2
281.81243991851807	1.2055836079137283	1.2
281.827929019928	1.2030915433069869	1.2
281.8423833847046	1.2030915433069869	1.2
281.85912585258484	1.2030915433069869	1.2
281.8718042373657	1.2004922880885585	1.2
281.88444423675537	1.2004922880885585	1.2
281.90296697616577	1.2004922880885585	1.2
281.9164836406708	1.1970834044870462	1.2
281.93022418022156	1.1970834044870462	1.2
281.9472715854645	1.1970834044870462	1.2
281.96082282066345	1.1954261594759599	1.2
281.97355341911316	1.1954261594759599	1.2
281.987016916275	1.1954261594759599	1.2
282.0030472278595	1.192961612854338	1.2
282.01702642440796	1.192961612854338	1.2
282.03173422813416	1.192961612854338	1.2
282.0522322654724	1.192961612854338	1.2
282.064569234848	1.1907295522587702	1.2
282.0765233039856	1.1907295522587702	1.2
282.1012234687805	1.1907295522587702	1.2
282.12650752067566	1.1907295522587702	1.2
282.14695405960083	1.1899241030168226	1.2
282.1669406890869	1.1899241030168226	1.2
282.18822050094604	1.1899241030168226	1.2
282.2118775844574	1.1885010573623407	1.2
282.2278051376343	1.1885010573623407	1.2
282.245934009552	1.1868085059455717	1.2
282.26570439338684	1.1868085059455717	1.2
282.28587460517883	1.1868085059455717	1.2
282.3027002811432	1.1836619179004715	1.2
282.3153417110443	1.1836619179004715	1.2
282.34014439582825	1.1836619179004715	1.2
282.35761046409607	1.1826131568191394	1.2
282.37374782562256	1.1826131568191394	1.2
282.39012479782104	1.1826131568191394	1.2
282.40856528282166	1.1823119828432478	1.2
282.42793560028076	1.1823119828432478	1.2
282.4562864303589	1.1823119828432478	1.2
282.47321105003357	1.182295749482838	1.2
282.49442958831787	1.182295749482838	1.2
282.51473355293274	1.182295749482838	1.2
282.5423698425293	1.182704181930084	1.2
282.55981254577637	1.182704181930084	1.2
282.58176589012146	1.182704181930084	1.2
282.6126835346222	1.183874252415342	1.2
282.62941884994507	1.183874252415342	1.2
282.6558427810669	1.183874252415342	1.2
282.67442631721497	1.1855371094394813	1.2
282.69187903404236	1.1855371094394813	1.2
282.714896440506	1.1859589043112764	1.2
282.7322907447815	1.1859589043112764	1.2
282.7499225139618	1.1859589043112764	1.2
282.7648289203644	1.1853085199233402	1.2
282.7797529697418	1.1853085199233402	1.2
282.7956392765045	1.1853085199233402	1.2
282.81611800193787	1.1853285600108037	1.2
282.82970356941223	1.1853285600108037	1.2
282.8458685874939	1.1853285600108037	1.2
282.86534810066223	1.1866127674717857	1.2
282.87790393829346	1.1866127674717857	1.2
282.89944100379944	1.1866127674717857	1.2
282.9152286052704	1.1880938093760753	1.2
282.92778182029724	1.1880938093760753	1.2
282.94757080078125	1.1880938093760753	1.2
282.9660964012146	1.1892169718823338	1.2
282.9816417694092	1.1892169718823338	1.2
283.00651597976685	1.1892169718823338	1.2
283.02210688591003	1.1893108904931573	1.2
283.0370349884033	1.1893108904931573	1.2
283.05378341674805	1.1893108904931573	1.2
283.0683171749115	1.1887151217172849	1.2
283.08000016212463	1.1887151217172849	1.2
283.09746766090393	1.1887151217172849	1.2
283.1125535964966	1.1879588563398873	1.2
283.12651920318604	1.1879588563398873	1.2
283.1433997154236	1.1879588563398873	1.2
283.15712118148804	1.1870986967456354	1.2
283.1707606315613	1.1870986967456354	1.2
283.1869571208954	1.1870986967456354	1.2
283.20202684402466	1.1867962761284618	1.2
283.21865701675415	1.1867962761284618	1.2
283.2349009513855	1.1867962761284618	1.2
283.2477812767029	1.1899938276990605	1.2
283.2636799812317	1.1899938276990605	1.2
283.28077387809753	1.1899938276990605	1.2
283.2968020439148	1.193277143567324	1.2
283.31261444091797	1.193277143567324	1.2
283.32984375953674	1.1962732454946774	1.2
283.34658098220825	1.1962732454946774	1.2
283.364821434021	1.1962732454946774	1.2
283.3812515735626	1.1983486637195488	1.2
283.3935718536377	1.1983486637195488	1.2
283.4069049358368	1.1983486637195488	1.2
283.42620635032654	1.1998780890763412	1.2
283.4428606033325	1.1998780890763412	1.2
283.45907735824585	1.1998780890763412	1.2
283.4750175476074	1.2033034258884854	1.2
283.4885849952698	1.2033034258884854	1.2
283.5042450428009	1.2033034258884854	1.2
283.5197093486786	1.2057824952261553	1.2
283.53157353401184	1.2057824952261553	1.2
283.5468592643738	1.2057824952261553	1.2
283.56263518333435	1.2084035272095304	1.2
283.576105594635	1.2084035272095304	1.2
283.5941722393036	1.2084035272095304	1.2
283.6087145805359	1.2111173790115741	1.2
283.6231801509857	1.2111173790115741	1.2
283.639324426651	1.2111173790115741	1.2
283.6540312767029	1.2141465690837823	1.2
283.66949367523193	1.2141465690837823	1.2
283.68385457992554	1.2141465690837823	1.2
283.6991608142853	1.2153704236173015	1.2
283.7146165370941	1.2153704236173015	1.2
283.72900342941284	1.2153704236173015	1.2
283.74514412879944	1.2167776319425865	1.2
283.7575454711914	1.2167776319425865	1.2
283.76982522010803	1.2167776319425865	1.2
283.7856891155243	1.2167776319425865	1.2
283.8003888130188	1.2180677862075595	1.2
283.81359481811523	1.2180677862075595	1.2
283.8317701816559	1.2180677862075595	1.2
283.8452386856079	1.2193177767664718	1.2
283.85770297050476	1.2193177767664718	1.2
283.8748424053192	1.2193177767664718	1.2
283.8929798603058	1.2212209092583348	1.2
283.910692691803	1.2212209092583348	1.2
283.9277288913727	1.2214638385198497	1.2
283.9427058696747	1.2214638385198497	1.2
283.95881605148315	1.2214638385198497	1.2
283.9752233028412	1.2227644917995342	1.2
283.99215722084045	1.2227644917995342	1.2
284.00908398628235	1.2227644917995342	1.2
284.02635169029236	1.224161151329921	1.2
284.0452446937561	1.224161151329921	1.2
284.0709936618805	1.224161151329921	1.2
284.08466148376465	1.2256929948758777	1.2
284.101934671402	1.2256929948758777	1.2
284.11846709251404	1.2256929948758777	1.2
284.1356592178345	1.2268056347615022	1.2
284.1525011062622	1.2268056347615022	1.2
284.1691343784332	1.2277891609535527	1.2
284.19896697998047	1.2277891609535527	1.2
284.21694898605347	1.2279895742600044	1.2
284.23617911338806	1.2279895742600044	1.2
284.25411343574524	1.2279895742600044	1.2
284.27088475227356	1.2265593843126052	1.2
284.2866291999817	1.2265593843126052	1.2
284.30305647850037	1.2265593843126052	1.2
284.32218503952026	1.2256168949058255	1.2
284.3381669521332	1.2256168949058255	1.2
284.35499835014343	1.2256168949058255	1.2
284.36923599243164	1.2257687551960728	1.2
284.3809566497803	1.2257687551960728	1.2
284.4007360935211	1.2257687551960728	1.2
284.4164569377899	1.226068623298348	1.2
284.43213176727295	1.226068623298348	1.2
284.4492516517639	1.226068623298348	1.2
284.46398854255676	1.2258485388388884	1.2
284.47991704940796	1.2258485388388884	1.2
284.4969036579132	1.2258485388388884	1.2
284.51464080810547	1.2249119591035122	1.2
284.5299286842346	1.2249119591035122	1.2
284.5465123653412	1.2249119591035122	1.2
284.56506514549255	1.2236265999874902	1.2
284.58040022850037	1.2236265999874902	1.2
284.5969920158386	1.2236265999874902	1.2
284.611941576004	1.2221432162878565	1.2
284.6290211677551	1.2221432162878565	1.2
284.6455821990967	1.220485491841549	1.2
284.66102957725525	1.220485491841549	1.2
284.6767678260803	1.220485491841549	1.2
284.6936066150665	1.219616681650256	1.2
284.70661973953247	1.219616681650256	1.2
284.72276163101196	1.219616681650256	1.2
284.7402617931366	1.2201823270047687	1.2
284.75687885284424	1.2201823270047687	1.2
284.7713932991028	1.2201823270047687	1.2
284.7871615886688	1.2203855587037733	1.2
284.80287861824036	1.2203855587037733	1.2
284.8181998729706	1.2203855587037733	1.2
284.8351306915283	1.2182174008446203	1.2
284.84841656684875	1.2182174008446203	1.2
284.86383032798767	1.2182174008446203	1.2
284.87976455688477	1.2164663353062386	1.2
284.89361786842346	1.2164663353062386	1.2
284.9092798233032	1.2164663353062386	1.2
284.9315185546875	1.2146297728062385	1.2
284.944620847702	1.2146297728062385	1.2
284.9621033668518	1.2146297728062385	1.2
284.9774377346039	1.2131718703987575	1.2
284.9920582771301	1.2131718703987575	1.2
285.00866961479187	1.2131718703987575	1.2
285.02453660964966	1.2118704275048728	1.2
285.04041290283203	1.2118704275048728	1.2
285.06085181236267	1.2118704275048728	1.2
285.0773341655731	1.2112491092458026	1.2
285.0953311920166	1.2112491092458026	1.2
285.1125922203064	1.2105153515343074	1.2
285.1280925273895	1.2105153515343074	1.2
285.1427619457245	1.2105153515343074	1.2
285.15887570381165	1.2097171954645383	1.2
285.17582511901855	1.2097171954645383	1.2
285.19164776802063	1.2097171954645383	1.2
285.20883679389954	1.2091221157296808	1.2
285.2244384288788	1.2091221157296808	1.2
285.24030804634094	1.2091221157296808	1.2
285.2561593055725	1.2088809527971285	1.2
285.2712469100952	1.2088809527971285	1.2
285.28699135780334	1.2088809527971285	1.2
285.30191683769226	1.2092261894685983	1.2
285.31465339660645	1.2092261894685983	1.2
285.33053398132324	1.2092261894685983	1.2
285.3475122451782	1.209961585221494	1.2
285.3635289669037	1.209961585221494	1.2
285.37749433517456	1.209961585221494	1.2
285.3932754993439	1.2106253808296021	1.2
285.4089150428772	1.2106253808296021	1.2
285.4240634441376	1.2106253808296021	1.2
285.44041085243225	1.210780293057205	1.2
285.45423126220703	1.210780293057205	1.2
285.47042417526245	1.210780293057205	1.2
285.48644852638245	1.2100815826522333	1.2
285.4999141693115	1.2100815826522333	1.2
285.5163607597351	1.2100815826522333	1.2
285.53211975097656	1.2094068027428055	1.2
285.5448670387268	1.2094068027428055	1.2
285.56215953826904	1.2094068027428055	1.2
285.57764077186584	1.208911933984857	1.2
285.5928728580475	1.208911933984857	1.2
285.60949063301086	1.208911933984857	1.2
285.6239709854126	1.2083134799872985	1.2
285.6373801231384	1.2083134799872985	1.2
285.6546382904053	1.2083134799872985	1.2
285.6698389053345	1.2083692321292347	1.2
285.68500804901123	1.2083692321292347	1.2
285.6996293067932	1.2083692321292347	1.2
285.71421480178833	1.208422048000776	1.2
285.72980642318726	1.208422048000776	1.2
285.74536204338074	1.208422048000776	1.2
285.7610728740692	1.209037970298073	1.2
285.77761220932007	1.209037970298073	1.2
285.79379200935364	1.209037970298073	1.2
285.80955934524536	1.2094006031377942	1.2
285.8233392238617	1.2094006031377942	1.2
285.83679723739624	1.2094006031377942	1.2
285.8532567024231	1.2098256257989168	1.2
285.8665795326233	1.2098256257989168	1.2
285.8826673030853	1.2098256257989168	1.2
285.8984830379486	1.2095080212636216	1.2
285.9106650352478	1.2095080212636216	1.2
285.92404413223267	1.2095080212636216	1.2
285.9421384334564	1.2095080212636216	1.2
285.95645904541016	1.209793829289476	1.2
285.97305703163147	1.209793829289476	1.2
285.9880714416504	1.209793829289476	1.2
286.0016176700592	1.2186550190801477	1.2
286.01755952835083	1.2186550190801477	1.2
286.03305292129517	1.2186550190801477	1.2
286.0487644672394	nan	1.2
286.0632092952728	nan	1.2
286.07874822616577	nan	1.2
286.09420347213745	nan	1.2
286.11094427108765	nan	1.2
286.12792921066284	nan	1.2
286.1411130428314	nan	1.2
286.1559159755707	nan	1.2
286.17327976226807	nan	1.2
286.18732213974	nan	1.2
286.20267510414124	nan	1.2
286.2181842327118	nan	1.2
286.22986340522766	nan	1.2
286.2436270713806	nan	1.2
286.26152324676514	nan	1.2
286.2763547897339	nan	1.2
286.2924904823303	nan	1.2
286.30729722976685	nan	1.2
286.3195471763611	nan	1.2
286.33529257774353	nan	1.2
286.35089445114136	nan	1.2
286.36659121513367	nan	1.2
286.38262963294983	nan	1.2
286.3965518474579	nan	1.2
286.41153621673584	nan	1.2
286.4275097846985	nan	1.2
286.4422609806061	nan	1.2
286.45848274230957	nan	1.2
286.4748122692108	nan	1.2
286.49050664901733	nan	1.2
286.5054211616516	nan	1.2
286.52118587493896	nan	1.2
286.53721380233765	nan	1.2
286.55387020111084	nan	1.2
286.5704822540283	nan	1.2
286.5860917568207	nan	1.2
286.5993928909302	nan	1.2
286.61524844169617	nan	1.2
286.6324665546417	nan	1.2
286.65165162086487	nan	1.2
286.66878151893616	nan	1.2
286.68288588523865	nan	1.2
286.7003843784332	nan	1.2
286.7168209552765	nan	1.2
286.7342417240143	nan	1.2
286.7518358230591	nan	1.2
286.7683963775635	nan	1.2
286.7856910228729	nan	1.2
286.8037347793579	nan	1.2
286.8248960971832	nan	1.2
286.84595108032227	nan	1.2
286.86467266082764	nan	1.2
286.8804466724396	nan	1.2
286.89679646492004	nan	1.2
286.91119050979614	nan	1.2
286.92485523223877	nan	1.2
286.94422245025635	nan	1.2
286.9582779407501	nan	1.2
286.97590947151184	nan	1.2
286.9925694465637	nan	1.2
287.0055601596832	nan	1.2
287.021418094635	nan	1.2
287.0376741886139	nan	1.2
287.0540602207184	nan	1.2
287.07158064842224	nan	1.2
287.0881185531616	nan	1.2
287.1049733161926	nan	1.2
287.12549591064453	nan	1.2
287.1452853679657	nan	1.2
287.15889501571655	nan	1.2
287.1760492324829	nan	1.2
287.19153356552124	nan	1.2
287.20516085624695	nan	1.2
287.2233233451843	nan	1.2
287.24013328552246	nan	1.2
287.25692653656006	nan	1.2
287.2732002735138	nan	1.2
287.28742027282715	nan	1.2
287.30462098121643	nan	1.2
287.32114148139954	nan	1.2
287.33547377586365	nan	1.2
287.35318183898926	nan	1.2
287.3670873641968	nan	1.2
287.38209080696106	nan	1.2
287.3993170261383	nan	1.2
287.4141411781311	nan	1.2
287.42997193336487	nan	1.2
287.4462630748749	nan	1.2
287.4602677822113	nan	1.2
287.47576880455017	nan	1.2
287.4930691719055	nan	1.2
287.5097281932831	nan	1.2
287.5256621837616	nan	1.2
287.54249453544617	nan	1.2
287.55869007110596	nan	1.2
287.57504630088806	nan	1.2
287.5901503562927	nan	1.2
287.60590863227844	nan	1.2
287.6245400905609	nan	1.2
287.6402473449707	nan	1.2
287.6541919708252	nan	1.2
287.6716070175171	nan	1.2
287.6854248046875	nan	1.2
287.69935512542725	nan	1.2
287.7157242298126	nan	1.2
287.7336287498474	nan	1.2
287.7511808872223	nan	1.2
287.7674562931061	nan	1.2
287.7849588394165	nan	1.2
287.8021318912506	nan	1.2
287.8203794956207	nan	1.2
287.83638763427734	nan	1.2
287.8510160446167	nan	1.2
287.86727476119995	nan	1.2
287.8819224834442	nan	1.2
287.89708852767944	nan	1.2
287.9154977798462	nan	1.2
287.92724561691284	nan	1.2
287.9429934024811	nan	1.2
287.9581410884857	nan	1.2
287.97021746635437	nan	1.2
287.98338079452515	nan	1.2
287.9996898174286	nan	1.2
288.01515674591064	nan	1.2
288.0305435657501	nan	1.2
288.04779052734375	nan	1.2
288.0608057975769	nan	1.2
288.0759677886963	nan	1.2
288.0921013355255	nan	1.2
288.1082067489624	nan	1.2
288.12253189086914	nan	1.2
288.1382598876953	nan	1.2
288.15397095680237	nan	1.2
288.16829109191895	nan	1.2
288.1868848800659	nan	1.2
288.20191645622253	nan	1.2
288.21377325057983	nan	1.2
288.22983503341675	nan	1.2
288.2457330226898	nan	1.2
288.25960183143616	nan	1.2
288.275306224823	nan	1.2
288.2894186973572	nan	1.2
288.3025960922241	nan	1.2
288.3194160461426	nan	1.2
288.33461809158325	nan	1.2
288.35172295570374	nan	1.2
288.3686635494232	nan	1.2
288.38351798057556	nan	1.2
288.3993709087372	nan	1.2
288.41595792770386	nan	1.2
288.43248224258423	nan	1.2
288.44768619537354	nan	1.2
288.46410512924194	nan	1.2
288.4831621646881	nan	1.2
288.49660062789917	nan	1.2
288.51253294944763	nan	1.2
288.52688479423523	1.1154465480124167	1.2
288.5404555797577	1.1154465480124167	1.2
288.5567829608917	1.1154465480124167	1.2
288.57158946990967	1.116497265213583	1.2
288.5859432220459	1.116497265213583	1.2
288.6041386127472	1.116497265213583	1.2
288.61673736572266	1.1169835646880557	1.2
288.62998819351196	1.1169835646880557	1.2
288.64549469947815	1.1169835646880557	1.2
288.66127610206604	1.11804337897377	1.2
288.67651295661926	1.11804337897377	1.2
288.6931297779083	1.11804337897377	1.2
288.70890402793884	1.119453407645127	1.2
288.7250249385834	1.119453407645127	1.2
288.740464925766	1.119453407645127	1.2
288.7544741630554	1.1212836341168362	1.2
288.7701184749603	1.1212836341168362	1.2
288.7865409851074	1.1212836341168362	1.2
288.8024411201477	1.123299552354255	1.2
288.81653332710266	1.123299552354255	1.2
288.8328630924225	1.123299552354255	1.2
288.8493449687958	1.1255962715935648	1.2
288.86435556411743	1.1255962715935648	1.2
288.8833999633789	1.1284196872912395	1.2
288.89540696144104	1.1284196872912395	1.2
288.90784454345703	1.1284196872912395	1.2
288.9240868091583	1.1284196872912395	1.2
288.93919563293457	1.1308894257443438	1.2
288.95447397232056	1.1308894257443438	1.2
288.97047305107117	1.1308894257443438	1.2
288.983115196228	1.1340371984658546	1.2
288.9964425563812	1.1340371984658546	1.2
289.0141851902008	1.1340371984658546	1.2
289.02786779403687	1.1367947178071034	1.2
289.0434641838074	1.1367947178071034	1.2
289.0592269897461	1.1367947178071034	1.2
289.07265734672546	1.1388947019460762	1.2
289.0878894329071	1.1388947019460762	1.2
289.1048984527588	1.1388947019460762	1.2
289.12092781066895	1.1414352002352122	1.2
289.1351478099823	1.1414352002352122	1.2
289.1508915424347	1.1414352002352122	1.2
289.1661672592163	1.1432396475930175	1.2
289.181036233902	1.1432396475930175	1.2
289.1965432167053	1.1432396475930175	1.2
289.2120397090912	1.1437513940091353	1.2
289.223913192749	1.1437513940091353	1.2
289.240359544754	1.1437513940091353	1.2
289.2563970088959	1.1441372217599746	1.2
289.27252197265625	1.1441372217599746	1.2
289.2884271144867	1.1441372217599746	1.2
289.30049872398376	1.1451196114552085	1.2
289.3123550415039	1.1451196114552085	1.2
289.3278913497925	1.1451196114552085	1.2
289.3437306880951	1.1461878870146645	1.2
289.3579819202423	1.1461878870146645	1.2
289.3740110397339	1.1461878870146645	1.2
289.3875312805176	1.1469400869108184	1.2
289.4018757343292	1.1469400869108184	1.2
289.41754508018494	1.1469400869108184	1.2
289.43475675582886	1.1473514942085319	1.2
289.4500608444214	1.1473514942085319	1.2
289.46522998809814	1.1473514942085319	1.2
289.4812824726105	1.147669117724426	1.2
289.49513268470764	1.147669117724426	1.2
289.51115822792053	1.147669117724426	1.2
289.5266432762146	1.1482080741587424	1.2
289.5426971912384	1.1482080741587424	1.2
289.5581433773041	1.1482080741587424	1.2
289.5737693309784	1.1486945475343053	1.2
289.5855519771576	1.1486945475343053	1.2
289.60132932662964	1.1486945475343053	1.2
289.6178050041199	1.148694865101873	1.2
289.6311945915222	1.148694865101873	1.2
289.6497242450714	1.148694865101873	1.2
289.6636061668396	1.1499298984488067	1.2
289.6755509376526	1.1499298984488067	1.2
289.69363260269165	1.1499298984488067	1.2
289.70860052108765	1.1512965770404697	1.2
289.7243721485138	1.1512965770404697	1.2
289.7400906085968	1.1512965770404697	1.2
289.7548451423645	1.1517063868595865	1.2
289.7696888446808	1.1517063868595865	1.2
289.78545570373535	1.1517063868595865	1.2
289.80137515068054	1.1522688179190927	1.2
289.816499710083	1.1522688179190927	1.2
289.8319206237793	1.1522688179190927	1.2
289.8481788635254	1.1525493089483656	1.2
289.86437916755676	1.1525493089483656	1.2
289.88029170036316	1.1525493089483656	1.2
289.89558601379395	1.1526921805326398	1.2
289.9088943004608	1.1526921805326398	1.2
289.92421650886536	1.1526921805326398	1.2
289.94104266166687	1.1529595808648656	1.2
289.9551086425781	1.1529595808648656	1.2
289.97313261032104	1.1529595808648656	1.2
289.98650574684143	1.1535314513536261	1.2
289.99902987480164	1.1535314513536261	1.2
290.0154423713684	1.1535314513536261	1.2
290.0307676792145	1.1541541053465558	1.2
290.04592084884644	1.1541541053465558	1.2
290.061723947525	1.1541541053465558	1.2
290.0757083892822	1.156211801500402	1.2
290.08950185775757	1.156211801500402	1.2
290.1052784919739	1.156211801500402	1.2
290.1210732460022	1.1579056866927941	1.2
290.13576579093933	1.1579056866927941	1.2
290.1517479419708	1.1579056866927941	1.2
290.1666519641876	1.159364808831858	1.2
290.1826174259186	1.159364808831858	1.2
290.1991684436798	1.159364808831858	1.2
290.215371131897	1.1605864357997893	1.2
290.2274720668793	1.1605864357997893	1.2
290.24315094947815	1.1605864357997893	1.2
290.2592809200287	1.1609881452014985	1.2
290.27132630348206	1.1609881452014985	1.2
290.28632259368896	1.1609881452014985	1.2
290.3024480342865	1.16187452269887	1.2
290.315878868103	1.16187452269887	1.2
290.33174872398376	1.16187452269887	1.2
290.3481469154358	1.1630332732959507	1.2
290.3600571155548	1.1630332732959507	1.2
290.37484550476074	1.1630332732959507	1.2
290.3908076286316	1.1645259904752456	1.2
290.40491771698	1.1645259904752456	1.2
290.42072772979736	1.1645259904752456	1.2
290.43541622161865	1.165972443938909	1.2
290.45255970954895	1.165972443938909	1.2
290.469824552536	1.165972443938909	1.2
290.485714673996	1.1675010236631562	1.2
290.5013210773468	1.1675010236631562	1.2
290.5186984539032	1.1675010236631562	1.2
290.53447937965393	1.16880951733739	1.2
290.55032682418823	1.16880951733739	1.2
290.56631660461426	1.16880951733739	1.2
290.58326172828674	1.1699893776337011	1.2
290.5978991985321	1.1699893776337011	1.2
290.6169123649597	1.1706176318863628	1.2
290.6333646774292	1.1706176318863628	1.2
290.6491491794586	1.1706176318863628	1.2
290.664751291275	1.1714147971537823	1.2
290.6764166355133	1.1714147971537823	1.2
290.69058179855347	1.1714147971537823	1.2
290.70631551742554	1.1714147971537823	1.2
290.7203121185303	1.173023241598227	1.2
290.73598074913025	1.173023241598227	1.2
290.7538342475891	1.1751439577647678	1.2
290.76571011543274	1.1751439577647678	1.2
290.7818489074707	1.1751439577647678	1.2
290.79727029800415	1.1760057875248295	1.2
290.81301164627075	1.1760057875248295	1.2
290.8287146091461	1.1760057875248295	1.2
290.8436670303345	1.1754524169077185	1.2
290.858202457428	1.1754524169077185	1.2
290.8746004104614	1.1754524169077185	1.2
290.8904550075531	1.1739095531876451	1.2
290.9046094417572	1.1739095531876451	1.2
290.91931653022766	1.1739095531876451	1.2
290.9354045391083	1.171600901377198	1.2
290.95115184783936	1.171600901377198	1.2
290.9663438796997	1.171600901377198	1.2
290.983186006546	1.168356474823454	1.2
290.9987373352051	1.168356474823454	1.2
291.015154838562	1.168356474823454	1.2
291.031592130661	1.1652990434272197	1.2
291.0433945655823	1.1652990434272197	1.2
291.05832600593567	1.1652990434272197	1.2
291.07507824897766	1.163235546207806	1.2
291.08824920654297	1.163235546207806	1.2
291.1042277812958	1.163235546207806	1.2
291.11924839019775	1.1618765504741282	1.2
291.14564967155457	1.1618765504741282	1.2
291.1617558002472	1.1618765504741282	1.2
291.17649245262146	1.1601706193364036	1.2
291.19203305244446	1.1601706193364036	1.2
291.20766520500183	1.1601706193364036	1.2
291.2219591140747	1.158708583143756	1.2
291.2379198074341	1.158708583143756	1.2
291.253543138504	1.158708583143756	1.2
291.26894450187683	1.1589988797900974	1.2
291.28197622299194	1.1589988797900974	1.2
291.29753160476685	1.1589988797900974	1.2
291.3136577606201	1.1604029409314018	1.2
291.3271918296814	1.1604029409314018	1.2
291.3431234359741	1.1604029409314018	1.2
291.35713171958923	1.1622928841718558	1.2
291.36927795410156	1.1622928841718558	1.2
291.3850288391113	1.1622928841718558	1.2
291.400723695755	1.1644932282550113	1.2
291.4152019023895	1.1644932282550113	1.2
291.4322350025177	1.1644932282550113	1.2
291.449599981308	1.1666062359890788	1.2
291.4650447368622	1.1666062359890788	1.2
291.4813048839569	1.167674424488846	1.2
291.49581813812256	1.167674424488846	1.2
291.51160860061646	1.167674424488846	1.2
291.52707695961	1.1687775740400757	1.2
291.54246854782104	1.1687775740400757	1.2
291.55835151672363	1.1687775740400757	1.2
291.5748076438904	1.1688870744673654	1.2
291.5903129577637	1.1688870744673654	1.2
291.60504961013794	1.1688870744673654	1.2
291.61990237236023	1.1684976531460736	1.2
291.6363294124603	1.1684976531460736	1.2
291.6523811817169	1.1684976531460736	1.2
291.6691269874573	1.167223964722428	1.2
291.68091464042664	1.167223964722428	1.2
291.6959810256958	1.167223964722428	1.2
291.7121686935425	1.1651280598578544	1.2
291.7252187728882	1.1651280598578544	1.2
291.7385907173157	1.1651280598578544	1.2
291.7540662288666	1.1651280598578544	1.2
291.7697355747223	1.16376257817682	1.2
291.7847831249237	1.16376257817682	1.2
291.80031299591064	1.16376257817682	1.2
291.8124876022339	1.1613332539839851	1.2
291.82509779930115	1.1613332539839851	1.2
291.8411250114441	1.1613332539839851	1.2
291.8570222854614	1.1589693301465804	1.2
291.873330116272	1.1589693301465804	1.2
291.888977766037	1.1589693301465804	1.2
291.9042601585388	1.156235283714448	1.2
291.92040634155273	1.156235283714448	1.2
291.93673849105835	1.156235283714448	1.2
291.9522714614868	1.1553677168764018	1.2
291.96511030197144	1.1553677168764018	1.2
291.9799687862396	1.1553677168764018	1.2
291.9982388019562	1.1550038420287296	1.2
292.0129613876343	1.1550038420287296	1.2
292.0293459892273	1.1550038420287296	1.2
292.04486870765686	1.1558674062255196	1.2
292.05765175819397	1.1558674062255196	1.2
292.0737466812134	1.1558674062255196	1.2
292.08833527565	1.1568829599624912	1.2
292.10278129577637	1.1568829599624912	1.2
292.1194930076599	1.1568829599624912	1.2
292.13424587249756	1.1563933608679238	1.2
292.14739441871643	1.1563933608679238	1.2
292.16549706459045	1.1563933608679238	1.2
292.180917263031	1.1553429980634289	1.2
292.1969304084778	1.1553429980634289	1.2
292.2136433124542	1.153828723073115	1.2
292.22704696655273	1.153828723073115	1.2
292.24277448654175	1.153828723073115	1.2
292.2594711780548	1.153828723073115	1.2
292.27582454681396	1.1538077194101113	1.2
292.2902331352234	1.1538077194101113	1.2
292.3056204319	1.153282302493658	1.2
292.3210370540619	1.153282302493658	1.2
292.33534574508667	1.153282302493658	1.2
292.35106587409973	1.1533015064888155	1.2
292.36571884155273	1.1533015064888155	1.2
292.37917470932007	1.1533015064888155	1.2
292.39492297172546	1.1533015064888155	1.2
292.40974855422974	1.1520371186383482	1.2
292.42481994628906	1.1520371186383482	1.2
292.4412968158722	1.150426369371486	1.2
292.45696926116943	1.150426369371486	1.2
292.47362542152405	1.150426369371486	1.2
292.4892373085022	1.148952004327238	1.2
292.50174355506897	1.148952004327238	1.2
292.51385474205017	1.148952004327238	1.2
292.53018951416016	1.148952004327238	1.2
292.5441563129425	1.1481797489952288	1.2
292.55942821502686	1.1481797489952288	1.2
292.5766568183899	1.1481797489952288	1.2
292.58962988853455	1.1496637170675927	1.2
292.6054890155792	1.1496637170675927	1.2
292.6212193965912	1.1496637170675927	1.2
292.6373224258423	1.1507001289836718	1.2
292.6513967514038	1.1507001289836718	1.2
292.66531467437744	1.1507001289836718	1.2
292.68227195739746	1.1528600646322928	1.2
292.69794178009033	1.1528600646322928	1.2
292.71423387527466	1.1528600646322928	1.2
292.7301309108734	1.1552988269597089	1.2
292.74273586273193	1.1552988269597089	1.2
292.75791215896606	1.1552988269597089	1.2
292.7735185623169	1.1580090511003713	1.2
292.78592586517334	1.1580090511003713	1.2
292.8030650615692	1.1580090511003713	1.2
292.81662249565125	1.1602254987425347	1.2
292.8281526565552	1.1602254987425347	1.2
292.84489154815674	1.1602254987425347	1.2
292.86044216156006	1.1620730771374146	1.2
292.87591218948364	1.1620730771374146	1.2
292.89217138290405	1.1620730771374146	1.2
292.9073398113251	1.1649287797629284	1.2
292.92165350914	1.1649287797629284	1.2
292.93866896629333	1.1649287797629284	1.2
292.9554147720337	1.1664121378710368	1.2
292.9693343639374	1.1664121378710368	1.2
292.9855000972748	1.1664121378710368	1.2
293.00128984451294	1.1688630587729167	1.2
293.0159122943878	1.1688630587729167	1.2
293.03346729278564	1.1688630587729167	1.2
293.0497851371765	1.1707482790808346	1.2
293.06226658821106	1.1707482790808346	1.2
293.0768873691559	1.1707482790808346	1.2
293.0931992530823	1.1737622829224397	1.2
293.10646414756775	1.1737622829224397	1.2
293.12221670150757	1.1737622829224397	1.2
293.137259721756	1.1757989451796873	1.2
293.148983001709	1.1757989451796873	1.2
293.1641774177551	1.1757989451796873	1.2
293.1795539855957	1.1775733367765988	1.2
293.19637537002563	1.1775733367765988	1.2
293.2119724750519	1.1775733367765988	1.2
293.2265133857727	1.1797769803383849	1.2
293.2407293319702	1.1797769803383849	1.2
293.2564585208893	1.1797769803383849	1.2
293.2713167667389	1.1824868260874095	1.2
293.2854082584381	1.1824868260874095	1.2
293.3017511367798	1.1824868260874095	1.2
293.3174214363098	1.1858900900884515	1.2
293.33221673965454	1.1858900900884515	1.2
293.34675908088684	1.1858900900884515	1.2
293.3666892051697	1.1877418476741952	1.2
293.3820743560791	1.1877418476741952	1.2
293.3984868526459	1.1877418476741952	1.2
293.4142303466797	1.191132329309677	1.2
293.4262113571167	1.191132329309677	1.2
293.4417498111725	1.191132329309677	1.2
293.45894622802734	1.1936882899551122	1.2
293.47542572021484	1.1936882899551122	1.2
293.4914586544037	1.1936882899551122	1.2
293.50593876838684	1.1958127295618537	1.2
293.52350783348083	1.1958127295618537	1.2
293.5401096343994	1.1975547347284714	1.2
293.554883480072	1.1975547347284714	1.2
293.57240629196167	1.1975547347284714	1.2
293.5881736278534	1.1978141886328402	1.2
293.6026260852814	1.1978141886328402	1.2
293.61821484565735	1.1978141886328402	1.2
293.63416600227356	1.1995411306099864	1.2
293.6523199081421	1.1995411306099864	1.2
293.66913747787476	1.1995411306099864	1.2
293.6836540699005	1.1998650905583068	1.2
293.70073771476746	1.1998650905583068	1.2
293.71712946891785	1.1998650905583068	1.2
293.73460960388184	1.2002353614528327	1.2
293.74654269218445	1.2002353614528327	1.2
293.7624158859253	1.2002353614528327	1.2
293.7798674106598	1.2007268724246196	1.2
293.7925934791565	1.2007268724246196	1.2
293.80964827537537	1.2007268724246196	1.2
293.8239834308624	1.2018059073652583	1.2
293.8359694480896	1.2018059073652583	1.2
293.85248136520386	1.2018059073652583	1.2
293.8675010204315	1.2024240972826856	1.2
293.8826220035553	1.2024240972826856	1.2
293.9000356197357	1.2024240972826856	1.2
293.91370248794556	1.2021580182366292	1.2
293.92762446403503	1.2021580182366292	1.2
293.9437162876129	1.2021580182366292	1.2
293.960618019104	1.2026978459375797	1.2
293.976361989975	1.2026978459375797	1.2
293.9926426410675	1.2026978459375797	1.2
294.00811648368835	1.2028318312632778	1.2
294.023286819458	1.2028318312632778	1.2
294.0385525226593	1.2028318312632778	1.2
294.0542485713959	1.2037526961057323	1.2
294.0701789855957	1.2037526961057323	1.2
294.0863642692566	1.2037526961057323	1.2
294.10205721855164	1.2028354660629441	1.2
294.1148087978363	1.2028354660629441	1.2
294.130145072937	1.2028354660629441	1.2
294.14671516418457	1.2026835446450896	1.2
294.15958881378174	1.2026835446450896	1.2
294.17668557167053	1.2026835446450896	1.2
294.19091153144836	1.2016610428593755	1.2
294.2045760154724	1.2016610428593755	1.2
294.2202203273773	1.2016610428593755	1.2
294.23497676849365	1.201006903626122	1.2
294.24873542785645	1.201006903626122	1.2
294.2645604610443	1.201006903626122	1.2
294.2781069278717	1.1993691577410877	1.2
294.2911250591278	1.1993691577410877	1.2
294.3070275783539	1.1993691577410877	1.2
294.3229899406433	1.1984846606887662	1.2
294.33870363235474	1.1984846606887662	1.2
294.3533790111542	1.1984846606887662	1.2
294.36743116378784	1.1972169743533627	1.2
294.3830041885376	1.1972169743533627	1.2
294.3989508152008	1.1972169743533627	1.2
294.4144096374512	1.197064536591125	1.2
294.4281003475189	1.197064536591125	1.2
294.4469323158264	1.197064536591125	1.2
294.46371030807495	1.1963346123487006	1.2
294.479008436203	1.1963346123487006	1.2
294.49579977989197	1.196330161896046	1.2
294.50872826576233	1.196330161896046	1.2
294.52006673812866	1.196330161896046	1.2
294.5358271598816	1.196330161896046	1.2
294.551570892334	1.1970073819106064	1.2
294.5637698173523	1.1970073819106064	1.2
294.5799512863159	1.1970073819106064	1.2
294.5943386554718	1.1977861121345637	1.2
294.60685539245605	1.1977861121345637	1.2
294.6281123161316	1.1977861121345637	1.2
294.6459765434265	1.1986587243754379	1.2
294.6619086265564	1.1986587243754379	1.2
294.6779112815857	1.1986587243754379	1.2
294.6910545825958	1.1994876756939736	1.2
294.70709323883057	1.1994876756939736	1.2
294.7241015434265	1.1994876756939736	1.2
294.74024534225464	1.2001988545181432	1.2
294.75310468673706	1.2001988545181432	1.2
294.7681682109833	1.2001988545181432	1.2
294.7846710681915	1.1997516611951622	1.2
294.79735493659973	1.1997516611951622	1.2
294.8134825229645	1.1997516611951622	1.2
294.82887387275696	1.2000465402598315	1.2
294.84329080581665	1.2000465402598315	1.2
294.8596353530884	1.2000465402598315	1.2
294.8747491836548	1.2001635277628946	1.2
294.88698840141296	1.2001635277628946	1.2
294.9014778137207	1.2001635277628946	1.2
294.9176380634308	1.2001635277628946	1.2
294.93158292770386	1.2011575954630171	1.2
294.947776556015	1.2011575954630171	1.2
294.9639558792114	1.2011575954630171	1.2
294.9772355556488	1.2016250699621065	1.2
294.99282145500183	1.2016250699621065	1.2
295.0091996192932	1.2016250699621065	1.2
295.02641463279724	1.2014794747648507	1.2
295.0405957698822	1.2014794747648507	1.2
295.05552434921265	1.2014794747648507	1.2
295.0717148780823	1.200442598020415	1.2
295.0864026546478	1.200442598020415	1.2
295.10246086120605	1.200442598020415	1.2
295.11613392829895	1.2005937909265996	1.2
295.12784123420715	1.2005937909265996	1.2
295.1442201137543	1.2005937909265996	1.2
295.15974521636963	1.200214848567629	1.2
295.1738431453705	1.200214848567629	1.2
295.19029426574707	1.200214848567629	1.2
295.20283794403076	1.2008001372759265	1.2
295.21538519859314	1.2008001372759265	1.2
295.23939847946167	1.2008001372759265	1.2
295.2532126903534	1.2009616485999683	1.2
295.26796555519104	1.2009616485999683	1.2
295.28505849838257	1.2009616485999683	1.2
295.3006045818329	1.2004509931377836	1.2
295.3163022994995	1.2004509931377836	1.2
295.332701921463	1.2004509931377836	1.2
295.3489046096802	1.1980640728283967	1.2
295.361839056015	1.1980640728283967	1.2
295.37890338897705	1.1980640728283967	1.2
295.3942608833313	1.1956607089690068	1.2
295.40875792503357	1.1956607089690068	1.2
295.42615270614624	1.1956607089690068	1.2
295.4390957355499	1.1931610722168702	1.2
295.4543778896332	1.1931610722168702	1.2
295.4702286720276	1.1931610722168702	1.2
295.4851875305176	1.1905021338091237	1.2
295.4981644153595	1.1905021338091237	1.2
295.51429629325867	1.1905021338091237	1.2
295.5288109779358	1.189267816377296	1.2
295.5433647632599	1.189267816377296	1.2
295.55995416641235	1.189267816377296	1.2
295.5746874809265	1.1872673138905872	1.2
295.588369846344	1.1872673138905872	1.2
295.6046965122223	1.1872673138905872	1.2
295.6211795806885	1.1856865786470343	1.2
295.6364438533783	1.1856865786470343	1.2
295.6522431373596	1.1856865786470343	1.2
295.6681261062622	1.1840715332642404	1.2
295.6846969127655	1.1840715332642404	1.2
295.7009902000427	1.1840715332642404	1.2
295.71667194366455	1.1824642019954585	1.2
295.7286367416382	1.1824642019954585	1.2
295.74453473091125	1.1824642019954585	1.2
295.76231122016907	1.1813985078304685	1.2
295.77570939064026	1.1813985078304685	1.2
295.79148149490356	1.1813985078304685	1.2
295.8052043914795	1.1808513136775451	1.2
295.8174045085907	1.1808513136775451	1.2
295.83323907852173	1.1808513136775451	1.2
295.84874415397644	1.1805624327400657	1.2
295.86322236061096	1.1805624327400657	1.2
295.8788278102875	1.1805624327400657	1.2
295.892945766449	1.180576982890895	1.2
295.9052059650421	1.180576982890895	1.2
295.92306542396545	1.180576982890895	1.2
295.9388461112976	1.1824175844688043	1.2
295.95340609550476	1.1824175844688043	1.2
295.9700598716736	1.1824175844688043	1.2
295.987202167511	1.1837326417753948	1.2
296.0053644180298	1.1837326417753948	1.2
296.0273497104645	1.1837326417753948	1.2
296.04700779914856	1.185165626764243	1.2
296.06421852111816	1.185165626764243	1.2
296.08207750320435	1.1865254440870774	1.2
296.0982389450073	1.1865254440870774	1.2
296.11767172813416	1.1865254440870774	1.2
296.1337938308716	1.1868756206456663	1.2
296.1476571559906	1.1868756206456663	1.2
296.17008543014526	1.1868756206456663	1.2
296.1894967556	1.187468567520908	1.2
296.21069622039795	1.187468567520908	1.2
296.23296570777893	1.1876828138094502	1.2
296.24804973602295	1.1876828138094502	1.2
296.26501297950745	1.1876828138094502	1.2
296.2805678844452	1.188147629080386	1.2
296.2954521179199	1.188147629080386	1.2
296.3122854232788	1.188147629080386	1.2
296.32751202583313	1.187620701282028	1.2
296.3415856361389	1.187620701282028	1.2
296.3583896160126	1.187620701282028	1.2
296.3751676082611	1.1876953483408514	1.2
296.38989090919495	1.1876953483408514	1.2
296.4058802127838	1.1863722179989709	1.2
296.4177677631378	1.1863722179989709	1.2
296.43063855171204	1.1863722179989709	1.2
296.4464328289032	1.1863722179989709	1.2
296.4634051322937	1.1851354316003317	1.2
296.47993206977844	1.1851354316003317	1.2
296.4975531101227	1.1851354316003317	1.2
296.5124990940094	1.1840255445909353	1.2
296.52783250808716	1.1840255445909353	1.2
296.54475259780884	1.1840255445909353	1.2
296.56215929985046	1.1825665410612043	1.2
296.5780851840973	1.1825665410612043	1.2
296.595703125	1.180917641412503	1.2
296.61231446266174	1.180917641412503	1.2
296.62879037857056	1.180917641412503	1.2
296.6449315547943	1.179450652469014	1.2
296.66063928604126	1.179450652469014	1.2
296.6768786907196	1.179450652469014	1.2
296.6930491924286	1.1793688207287372	1.2
296.7073595523834	1.1793688207287372	1.2
296.7236702442169	1.1793688207287372	1.2
296.7390432357788	1.1789430650667163	1.2
296.75201535224915	1.1789430650667163	1.2
296.7683775424957	1.1789430650667163	1.2
296.7840495109558	1.179406088856652	1.2
296.80033016204834	1.179406088856652	1.2
296.8157982826233	1.179406088856652	1.2
296.831027507782	1.178410439810547	1.2
296.84666681289673	1.178410439810547	1.2
296.86176109313965	1.178410439810547	1.2
296.8785755634308	1.1780331342549915	1.2
296.8927824497223	1.1780331342549915	1.2
296.9068775177002	1.1780331342549915	1.2
296.92373967170715	1.1775808641657055	1.2
296.9379279613495	1.1775808641657055	1.2
296.9546217918396	1.1775808641657055	1.2
296.9693446159363	1.1764817310751652	1.2
296.98082542419434	1.1764817310751652	1.2
296.99456214904785	1.1764817310751652	1.2
297.01162362098694	1.1764817310751652	1.2
297.0248153209686	1.175683443788086	1.2
297.03621530532837	1.175683443788086	1.2
297.0523862838745	1.175683443788086	1.2
297.0665032863617	1.1769354265467067	1.2
297.0821280479431	1.1769354265467067	1.2
297.09985613822937	1.1769354265467067	1.2
297.1130757331848	1.1789266647912207	1.2
297.1254892349243	1.1789266647912207	1.2
297.14117670059204	1.1789266647912207	1.2
297.15742778778076	1.180509230122231	1.2
297.1738312244415	1.180509230122231	1.2
297.1892304420471	1.180509230122231	1.2
297.203733921051	1.183781334547221	1.2
297.2197992801666	1.183781334547221	1.2
297.2359082698822	1.183781334547221	1.2
297.2537384033203	1.1872698708924703	1.2
297.2653703689575	1.1872698708924703	1.2
297.2812283039093	1.1872698708924703	1.2
297.2990953922272	1.192420045865131	1.2
297.31374645233154	1.192420045865131	1.2
297.3315370082855	1.192420045865131	1.2
297.3454418182373	1.1968564494795886	1.2
297.36075925827026	1.1968564494795886	1.2
297.37928080558777	1.1968564494795886	1.2
297.3977196216583	1.2009775375194558	1.2
297.4179346561432	1.2009775375194558	1.2
297.4367606639862	1.2057694379896753	1.2
297.4577898979187	1.2057694379896753	1.2
297.47669506073	1.2057694379896753	1.2
297.4952001571655	1.210183466563865	1.2
297.5117518901825	1.210183466563865	1.2
297.5306189060211	1.213050078134113	1.2
297.5471715927124	1.213050078134113	1.2
297.56490874290466	1.213050078134113	1.2
297.5839078426361	1.2153411055746182	1.2
297.5984559059143	1.2153411055746182	1.2
297.61624670028687	1.2153411055746182	1.2
297.63463401794434	1.2171163990109115	1.2
297.6509222984314	1.2171163990109115	1.2
297.66762614250183	1.2171163990109115	1.2
297.6842176914215	1.2169453659543357	1.2
297.7006850242615	1.2169453659543357	1.2
297.7195026874542	1.2169453659543357	1.2
297.73509788513184	1.2157053442806895	1.2
297.7482669353485	1.2157053442806895	1.2
297.7651801109314	1.2157053442806895	1.2
297.7812020778656	1.2131005428010555	1.2
297.79355907440186	1.2131005428010555	1.2
297.8089425563812	1.2131005428010555	1.2
297.82626080513	1.210549510615169	1.2
297.84025287628174	1.210549510615169	1.2
297.85855436325073	1.210549510615169	1.2
297.8729045391083	1.2086830040642353	1.2
297.8849377632141	1.2086830040642353	1.2
297.90335988998413	1.2086830040642353	1.2
297.9182541370392	1.2067640363141083	1.2
297.9348590373993	1.2067640363141083	1.2
297.9513611793518	1.2067640363141083	1.2
297.9635021686554	1.2052790213956197	1.2
297.97974824905396	1.2052790213956197	1.2
297.9956958293915	1.2052790213956197	1.2
298.01013135910034	1.2036291033737587	1.2
298.02610993385315	1.2036291033737587	1.2
298.0419087409973	1.202550820942328	1.2
298.0563461780548	1.202550820942328	1.2
298.0723514556885	1.202550820942328	1.2
298.09073543548584	1.2012552990169445	1.2
298.10506415367126	1.2012552990169445	1.2
298.11931848526	1.2012552990169445	1.2
298.1357283592224	1.2010061998284087	1.2
298.15162086486816	1.2010061998284087	1.2
298.16586542129517	1.2010061998284087	1.2
298.18254256248474	1.2012331927097413	1.2
298.1941514015198	1.2012331927097413	1.2
298.2065100669861	1.2012331927097413	1.2
298.2224905490875	1.2012331927097413	1.2
298.2375223636627	1.2021704521849599	1.2
298.2532289028168	1.2021704521849599	1.2
298.2689437866211	1.2021704521849599	1.2
298.2818455696106	1.2020807687786725	1.2
298.29464292526245	1.2020807687786725	1.2
298.3102753162384	1.2020807687786725	1.2
298.3258423805237	1.2018600020898973	1.2
298.3408536911011	1.2018600020898973	1.2
298.35552072525024	1.2018600020898973	1.2
298.3692789077759	1.2015800496993914	1.2
298.39405035972595	1.2015800496993914	1.2
298.40978145599365	1.2011080006978871	1.2
298.42563796043396	1.2011080006978871	1.2
298.44003200531006	1.2011080006978871	1.2
298.45686078071594	1.2010130751053012	1.2
298.47300720214844	1.2010130751053012	1.2
298.48935103416443	1.2010130751053012	1.2
298.50433683395386	1.2002114207587604	1.2
298.51662850379944	1.2002114207587604	1.2
298.5325756072998	1.2002114207587604	1.2
298.5487892627716	1.1999075485713686	1.2
298.5611786842346	1.1999075485713686	1.2
298.5744276046753	1.1999075485713686	1.2
298.5903503894806	1.1999075485713686	1.2
298.60420966148376	1.1988530528327321	1.2
298.6189458370209	1.1988530528327321	1.2
298.6392352581024	1.197934954370706	1.2
298.6532464027405	1.197934954370706	1.2
298.6733796596527	1.197934954370706	1.2
298.68900203704834	1.1959203528836624	1.2
298.70463371276855	1.1959203528836624	1.2
298.7220160961151	1.1959203528836624	1.2
298.736923456192	1.194553922257828	1.2
298.7528169155121	1.194553922257828	1.2
298.7688705921173	1.194553922257828	1.2
298.78603506088257	1.1928385823611447	1.2
298.7986319065094	1.1928385823611447	1.2
298.8143765926361	1.1928385823611447	1.2
298.83061718940735	1.1907711909340886	1.2
298.84401869773865	1.1907711909340886	1.2
298.8595187664032	1.1907711909340886	1.2
298.87585163116455	1.1886825698337475	1.2
298.8880958557129	1.1886825698337475	1.2
298.90466046333313	1.1886825698337475	1.2
298.9204068183899	1.1874251459012704	1.2
298.93409419059753	1.1874251459012704	1.2
298.95279145240784	1.1874251459012704	1.2
298.9677255153656	1.1863576759283911	1.2
298.9828429222107	1.1863576759283911	1.2
299.00451922416687	1.1863576759283911	1.2
299.02032136917114	1.1854345507853676	1.2
299.03444480895996	1.1854345507853676	1.2
299.0496778488159	1.1854345507853676	1.2
299.0644853115082	1.1851880091304279	1.2
299.0785713195801	1.1851880091304279	1.2
299.0946304798126	1.1851880091304279	1.2
299.1115777492523	1.185192491044933	1.2
299.12432050704956	1.185192491044933	1.2
299.1404490470886	1.185192491044933	1.2
299.15603518486023	1.1862911527274829	1.2
299.1701455116272	1.1862911527274829	1.2
299.1868965625763	1.1862911527274829	1.2
299.2069914340973	1.1867698634838995	1.2
299.2241356372833	1.1867698634838995	1.2
299.23988795280457	1.1877864186767328	1.2
299.2566509246826	1.1877864186767328	1.2
299.2743995189667	1.1877864186767328	1.2
299.28877353668213	1.1893566978658414	1.2
299.30603432655334	1.1893566978658414	1.2
299.3236517906189	1.1893566978658414	1.2
299.33772134780884	1.1901921012236827	1.2
299.3523151874542	1.1901921012236827	1.2
299.36790919303894	1.1901921012236827	1.2
299.3837549686432	1.190020120836723	1.2
299.398157119751	1.190020120836723	1.2
299.4144606590271	1.190020120836723	1.2
299.4286165237427	1.1893817921230143	1.2
299.44399213790894	1.1893817921230143	1.2
299.46172642707825	1.1893817921230143	1.2
299.47754883766174	1.1880612277639493	1.2
299.49401903152466	1.1880612277639493	1.2
299.5106248855591	1.1880612277639493	1.2
299.52829241752625	1.1865278888333726	1.2
299.5441493988037	1.1865278888333726	1.2
299.5604438781738	1.184669145941237	1.2
299.57596158981323	1.184669145941237	1.2
299.59145951271057	1.184669145941237	1.2
299.6111001968384	1.182688983927279	1.2
299.6267673969269	1.182688983927279	1.2
299.6446590423584	1.182688983927279	1.2
299.66039061546326	1.1815647361133959	1.2
299.6778562068939	1.1815647361133959	1.2
299.69451093673706	1.1815647361133959	1.2
299.7112445831299	1.1800205301929119	1.2
299.7250473499298	1.1800205301929119	1.2
299.7414906024933	1.1800205301929119	1.2
299.7568926811218	1.1793715438915418	1.2
299.7711672782898	1.1793715438915418	1.2
299.7885401248932	1.1793715438915418	1.2
299.80316972732544	1.1799324204738204	1.2
299.81489610671997	1.1799324204738204	1.2
299.83119440078735	1.1799324204738204	1.2
299.8474180698395	1.181563408792764	1.2
299.8596661090851	1.181563408792764	1.2
299.874947309494	1.181563408792764	1.2
299.88783621788025	1.183220668894884	1.2
299.900137424469	1.183220668894884	1.2
299.9164159297943	1.183220668894884	1.2
299.93356490135193	1.185375969961957	1.2
299.94974541664124	1.185375969961957	1.2
299.9656584262848	1.185375969961957	1.2
299.9795997142792	1.1874554297682525	1.2
299.99520921707153	1.1874554297682525	1.2
300.01170110702515	1.1874554297682525	1.2
300.0290105342865	1.1903744716616584	1.2
300.04382157325745	1.1903744716616584	1.2
300.0588159561157	1.1903744716616584	1.2
300.0753598213196	1.193031509943365	1.2
300.0901780128479	1.193031509943365	1.2
300.1053535938263	1.193031509943365	1.2
300.12172174453735	1.1953758049889973	1.2
300.13728308677673	1.1953758049889973	1.2
300.1534905433655	1.1953758049889973	1.2
300.168274641037	1.197287439604382	1.2
300.1812343597412	1.197287439604382	1.2
300.198105096817	1.197287439604382	1.2
300.2135844230652	1.1984351434426244	1.2
300.22745633125305	1.1984351434426244	1.2
300.24331736564636	1.1984351434426244	1.2
300.2570984363556	1.1990343934426244	1.2
300.26971983909607	1.1990343934426244	1.2
300.28554463386536	1.1990343934426244	1.2
300.299663066864	1.1987076990215635	1.2
300.3155949115753	1.1987076990215635	1.2
300.3327226638794	1.1987076990215635	1.2
300.34601950645447	1.1988539852936593	1.2
300.3606686592102	1.1988539852936593	1.2
300.37731099128723	1.1988539852936593	1.2
300.3927664756775	1.1986446156837682	1.2
300.407101392746	1.1986446156837682	1.2
300.4228472709656	1.1986446156837682	1.2
300.43911957740784	1.1977222714181746	1.2
300.45423007011414	1.1977222714181746	1.2
300.471538066864	1.1977222714181746	1.2
300.48775911331177	1.1964870908175254	1.2
300.5028100013733	1.1964870908175254	1.2
300.5184967517853	1.1964870908175254	1.2
300.533700466156	1.1955961270686308	1.2
300.54715490341187	1.1955961270686308	1.2
300.56326818466187	1.1955961270686308	1.2
300.5767662525177	1.1953830441164475	1.2
300.59099984169006	1.1953830441164475	1.2
300.60670280456543	1.1953830441164475	1.2
300.6214249134064	1.1959241393322075	1.2
300.63584303855896	1.1959241393322075	1.2
300.6512334346771	1.1959241393322075	1.2
300.6649901866913	1.1965967258410237	1.2
300.6795711517334	1.1965967258410237	1.2
300.69662046432495	1.1965967258410237	1.2
300.71370697021484	1.197886789865414	1.2
300.7282600402832	1.197886789865414	1.2
300.744416475296	1.197886789865414	1.2
300.7600700855255	1.199760003713804	1.2
300.7755925655365	1.199760003713804	1.2
300.7916076183319	1.199760003713804	1.2
300.80482721328735	1.2004606050188145	1.2
300.82086753845215	1.2004606050188145	1.2
300.8368949890137	1.2004606050188145	1.2
300.854044675827	1.202436597229665	1.2
300.86749815940857	1.202436597229665	1.2
300.8829231262207	1.202436597229665	1.2
300.89874720573425	1.2048665526921698	1.2
300.91148805618286	1.2048665526921698	1.2
300.9284372329712	1.2048665526921698	1.2
300.94173192977905	1.2066393759064553	1.2
300.9537601470947	1.2066393759064553	1.2
300.97180104255676	1.2066393759064553	1.2
300.9868311882019	1.2087664271885066	1.2
301.00227308273315	1.2087664271885066	1.2
301.017648935318	1.2087664271885066	1.2
301.0303404331207	1.2108388918148978	1.2
301.043123960495	1.2108388918148978	1.2
301.05873227119446	1.2108388918148978	1.2
301.07394528388977	1.2128153869952687	1.2
301.0909683704376	1.2128153869952687	1.2
301.1060736179352	1.2128153869952687	1.2
301.12277817726135	1.212926163341809	1.2
301.1387801170349	1.212926163341809	1.2
301.1546187400818	1.212926163341809	1.2
301.17081356048584	1.2132417368174189	1.2
301.1843304634094	1.2132417368174189	1.2
301.200053691864	1.2132417368174189	1.2
301.2176148891449	1.2124757338558347	1.2
301.23188042640686	1.2124757338558347	1.2
301.2491056919098	1.2124757338558347	1.2
301.26286935806274	1.212194565525526	1.2
301.27475023269653	1.212194565525526	1.2
301.2913074493408	1.212194565525526	1.2
301.30654096603394	1.2101439093180948	1.2
301.3218321800232	1.2101439093180948	1.2
301.3373513221741	1.2101439093180948	1.2
301.3506097793579	1.2079036059722563	1.2
301.36398363113403	1.2079036059722563	1.2
301.38103008270264	1.2079036059722563	1.2
301.3976113796234	1.205509654620905	1.2
301.4131543636322	1.205509654620905	1.2
301.42837381362915	1.205509654620905	1.2
301.4419026374817	1.203539915609916	1.2
301.4569163322449	1.203539915609916	1.2
301.4723310470581	1.203539915609916	1.2
301.48833084106445	1.2011023134228873	1.2
301.5027322769165	1.2011023134228873	1.2
301.51818466186523	1.2011023134228873	1.2
301.5351369380951	1.198591846560003	1.2
301.5482256412506	1.198591846560003	1.2
301.56355333328247	1.198591846560003	1.2
301.5787122249603	1.1980556037411596	1.2
301.5933277606964	1.1980556037411596	1.2
301.6090633869171	1.1980556037411596	1.2
301.6250023841858	1.1972165296214412	1.2
301.63734197616577	1.1972165296214412	1.2
301.6522467136383	1.1972165296214412	1.2
301.66879534721375	1.197809126457186	1.2
301.68172335624695	1.197809126457186	1.2
301.69834780693054	1.197809126457186	1.2
301.713018655777	1.1991479610436522	1.2
301.72463178634644	1.1991479610436522	1.2
301.74027132987976	1.1991479610436522	1.2
301.75543117523193	1.201071559020748	1.2
301.7705385684967	1.201071559020748	1.2
301.78555250167847	1.201071559020748	1.2
301.80143189430237	1.2035423738077402	1.2
301.81663823127747	1.2035423738077402	1.2
301.83191537857056	1.2035423738077402	1.2
301.847519159317	1.2063776841033729	1.2
301.8630316257477	1.2063776841033729	1.2
301.87841963768005	1.2063776841033729	1.2
301.89393520355225	1.2072607276454472	1.2
301.90933632850647	1.2072607276454472	1.2
301.92600440979004	1.2072607276454472	1.2
301.9425709247589	1.2083596352529915	1.2
301.9563388824463	1.2083596352529915	1.2
301.97701692581177	1.2083596352529915	1.2
301.9945249557495	1.2104321261428217	1.2
302.0128364562988	1.2104321261428217	1.2
302.0307583808899	1.2127087374385028	1.2
302.04343605041504	1.2127087374385028	1.2
302.05863547325134	1.2127087374385028	1.2
302.0747661590576	1.2127087374385028	1.2
302.09162521362305	1.2143264876828999	1.2
302.1061611175537	1.2143264876828999	1.2
302.12214493751526	1.2143264876828999	1.2
302.1378273963928	1.2149431474261023	1.2
302.15433287620544	1.2149431474261023	1.2
302.17091178894043	1.2147953274426178	1.2
302.18523120880127	1.2147953274426178	1.2
302.1991753578186	1.2147953274426178	1.2
302.2155907154083	1.2147953274426178	1.2
302.2311050891876	1.2147089685887482	1.2
302.245774269104	1.2147089685887482	1.2
302.2624292373657	1.2147089685887482	1.2
302.27426862716675	1.2138196418995106	1.2
302.28635144233704	1.2138196418995106	1.2
302.30214858055115	1.2138196418995106	1.2
302.3169639110565	1.2138025090421856	1.2
302.3290786743164	1.2138025090421856	1.2
302.3451840877533	1.2138025090421856	1.2
302.3606684207916	1.215542949820669	1.2
302.37495398521423	1.215542949820669	1.2
302.39032793045044	1.215542949820669	1.2
302.40600085258484	1.215542949820669	1.2
302.41977620124817	1.2174888577707779	1.2
302.4356210231781	1.2174888577707779	1.2
302.45294213294983	1.218694423745098	1.2
302.4688229560852	1.218694423745098	1.2
302.4839425086975	1.218694423745098	1.2
302.4997544288635	1.2194270047057585	1.2
302.515545129776	1.2194270047057585	1.2
302.5328607559204	1.2194270047057585	1.2
302.54920172691345	1.2206386132367686	1.2
302.5661692619324	1.2206386132367686	1.2
302.5836937427521	1.2206386132367686	1.2
302.5993514060974	1.2219423784806713	1.2
302.6157603263855	1.2219423784806713	1.2
302.63303208351135	1.2219423784806713	1.2
302.6485469341278	1.2232799020355847	1.2
302.66482400894165	1.2232799020355847	1.2
302.68118929862976	1.2232799020355847	1.2
302.6976056098938	1.224820841474484	1.2
302.7155797481537	1.224820841474484	1.2
302.73096919059753	1.2259765253046169	1.2
302.7472085952759	1.2259765253046169	1.2
302.76316928863525	1.2259765253046169	1.2
302.77987146377563	1.2261944230548696	1.2
302.7937047481537	1.2261944230548696	1.2
302.8092746734619	1.2261944230548696	1.2
302.8264880180359	1.2260344631704023	1.2
302.8415274620056	1.2260344631704023	1.2
302.85782957077026	1.2260344631704023	1.2
302.87300276756287	1.2253220801462026	1.2
302.8850793838501	1.2253220801462026	1.2
302.90098094940186	1.2253220801462026	1.2
302.91670393943787	1.2239485343641898	1.2
302.9297525882721	1.2239485343641898	1.2
302.95068311691284	1.2239485343641898	1.2
302.9638819694519	1.222197355094861	1.2
302.9760138988495	1.222197355094861	1.2
302.9929943084717	1.222197355094861	1.2
303.00728821754456	1.220190113973655	1.2
303.02327275276184	1.220190113973655	1.2
303.0392589569092	1.220190113973655	1.2
303.0540587902069	1.2194645472591645	1.2
303.0701541900635	1.2194645472591645	1.2
303.0853419303894	1.2194645472591645	1.2
303.0981092453003	1.2182137722591646	1.2
303.11356115341187	1.2182137722591646	1.2
303.12994742393494	1.2182137722591646	1.2
303.1454086303711	1.2167731125540049	1.2
303.1610462665558	1.2167731125540049	1.2
303.1765048503876	1.2167731125540049	1.2
303.1929440498352	1.2167254085767938	1.2
303.2091145515442	1.2167254085767938	1.2
303.22622513771057	1.2167500016000496	1.2
303.24063897132874	1.2167500016000496	1.2
303.25253796577454	1.2167500016000496	1.2
303.2693531513214	1.2167500016000496	1.2
303.28616189956665	1.216441442043263	1.2
303.3023498058319	1.216441442043263	1.2
303.31802558898926	1.216732052475853	1.2
303.33140087127686	1.216732052475853	1.2
303.3460421562195	1.216732052475853	1.2
303.3619167804718	1.216732052475853	1.2
303.3752543926239	1.2177030637490627	1.2
303.3906729221344	1.2177030637490627	1.2
303.40645003318787	1.2177030637490627	1.2
303.4201400279999	1.2201937114763353	1.2
303.43547654151917	1.2201937114763353	1.2
303.4517924785614	1.2201937114763353	1.2
303.4690725803375	1.222544828225786	1.2
303.4852569103241	1.222544828225786	1.2
303.5004994869232	1.222544828225786	1.2
303.5158348083496	1.2244846911370524	1.2
303.53074193000793	1.2244846911370524	1.2
303.5464506149292	1.2244846911370524	1.2
303.56129789352417	1.2277419701425771	1.2
303.5733880996704	1.2277419701425771	1.2
303.59001326560974	1.2277419701425771	1.2
303.60529232025146	1.2315760247341003	1.2
303.61916160583496	1.2315760247341003	1.2
303.63537526130676	1.2315760247341003	1.2
303.64891290664673	1.2346970114323512	1.2
303.66278290748596	1.2346970114323512	1.2
303.6794078350067	1.2346970114323512	1.2
303.6946337223053	1.2371545750383581	1.2
303.7097842693329	1.2371545750383581	1.2
303.72619557380676	1.2371545750383581	1.2
303.7392499446869	1.2405298077499254	1.2
303.7546248435974	1.2405298077499254	1.2
303.77059030532837	1.2405298077499254	1.2
303.7860014438629	1.2432603814974532	1.2
303.800621509552	1.2432603814974532	1.2
303.81637692451477	1.2432603814974532	1.2
303.83343267440796	1.2459448148978667	1.2
303.8482983112335	1.2459448148978667	1.2
303.8637936115265	1.2459448148978667	1.2
303.8796167373657	1.245738575033002	1.2
303.8950433731079	1.245738575033002	1.2
303.91179847717285	1.245738575033002	1.2
303.927720785141	1.2457467772490685	1.2
303.939435005188	1.2457467772490685	1.2
303.9557387828827	1.2457467772490685	1.2
303.9717402458191	1.2453862332664911	1.2
303.98506784439087	1.2453862332664911	1.2
304.0020339488983	1.2453862332664911	1.2
304.0155131816864	1.2444419925045922	1.2
304.0273733139038	1.2444419925045922	1.2
304.0436177253723	1.2444419925045922	1.2
304.05933809280396	1.2429014375723921	1.2
304.0743918418884	1.2429014375723921	1.2
304.0910339355469	1.2429014375723921	1.2
304.104975938797	1.2401971287669735	1.2
304.1191053390503	1.2401971287669735	1.2
304.13537406921387	1.2401971287669735	1.2
304.1512382030487	1.238680248300501	1.2
304.1667139530182	1.238680248300501	1.2
304.18100905418396	1.238680248300501	1.2
304.19781255722046	1.2362388489721787	1.2
304.21471309661865	1.2362388489721787	1.2
304.2293438911438	1.2362388489721787	1.2
304.2451910972595	1.2343220534582415	1.2
304.25792932510376	1.2343220534582415	1.2
304.2710659503937	1.2343220534582415	1.2
304.286723613739	1.2343220534582415	1.2
304.30037665367126	1.2320324448048858	1.2
304.31589937210083	1.2320324448048858	1.2
304.33198165893555	1.2320324448048858	1.2
304.3447139263153	1.231657946033387	1.2
304.3590090274811	1.231657946033387	1.2
304.3748342990875	1.231657946033387	1.2
304.3910503387451	1.23131490335046	1.2
304.40683245658875	1.23131490335046	1.2
304.4228398799896	1.23131490335046	1.2
304.4372751712799	1.2306443417548931	1.2
304.4541883468628	1.2306443417548931	1.2
304.47053050994873	1.2306443417548931	1.2
304.4861989021301	1.2302507771954778	1.2
304.5027868747711	1.2302507771954778	1.2
304.51915645599365	1.2307406326046901	1.2
304.53415966033936	1.2307406326046901	1.2
304.5485644340515	1.2307406326046901	1.2
304.56463289260864	1.2320239942051399	1.2
304.5770432949066	1.2320239942051399	1.2
304.5890700817108	1.2320239942051399	1.2
304.60475420951843	1.2320239942051399	1.2
304.61904311180115	1.231831721477867	1.2
304.630578994751	1.231831721477867	1.2
304.64633560180664	1.231831721477867	1.2
304.6619336605072	1.2312885194622922	1.2
304.6754779815674	1.2312885194622922	1.2
304.6911828517914	1.2312885194622922	1.2
304.70604968070984	1.2311120176765777	1.2
304.718092918396	1.2311120176765777	1.2
304.734249830246	1.2311120176765777	1.2
304.75002789497375	1.229405791439731	1.2
304.7652156352997	1.229405791439731	1.2
304.7802972793579	1.229405791439731	1.2
304.79591369628906	1.2286798837346313	1.2
304.81379890441895	1.2286798837346313	1.2
304.8315260410309	1.2286798837346313	1.2
304.8489212989807	1.2268181618826746	1.2
304.8664915561676	1.2268181618826746	1.2
304.88530802726746	1.2268181618826746	1.2
304.90375685691833	1.225028845726023	1.2
304.9205675125122	1.225028845726023	1.2
304.93729400634766	1.225028845726023	1.2
304.95169401168823	1.2222535018760667	1.2
304.9651095867157	1.2222535018760667	1.2
304.98164081573486	1.2222535018760667	1.2
304.99695324897766	1.2184276438467052	1.2
305.0135943889618	1.2184276438467052	1.2
305.02975034713745	1.2184276438467052	1.2
305.0431897640228	1.214909968814736	1.2
305.05923652648926	1.214909968814736	1.2
305.0763566493988	1.214909968814736	1.2
305.09334230422974	1.2124681553801286	1.2
305.10570073127747	1.2124681553801286	1.2
305.1215453147888	1.2124681553801286	1.2
305.1377704143524	1.209727676990298	1.2
305.151526927948	1.209727676990298	1.2
305.16766023635864	1.209727676990298	1.2
305.18288683891296	1.2061234932958436	1.2
305.194527387619	1.2061234932958436	1.2
305.2103970050812	1.2061234932958436	1.2
305.2247531414032	1.203057158930035	1.2
305.2394299507141	1.203057158930035	1.2
305.2556881904602	1.203057158930035	1.2
305.27316904067993	1.1968620206329441	1.2
305.28794145584106	1.1968620206329441	1.2
305.30703592300415	1.1968620206329441	1.2
305.3228225708008	1.1921909141076559	1.2
305.3380937576294	1.1921909141076559	1.2
305.35472559928894	1.1869554375862115	1.2
305.37003350257874	1.1869554375862115	1.2
305.38600158691406	1.1869554375862115	1.2
305.4002194404602	1.1827996185627683	1.2
305.4122760295868	1.1827996185627683	1.2
305.4284133911133	1.1827996185627683	1.2
305.4440679550171	1.1790831205282646	1.2
305.4601013660431	1.1790831205282646	1.2
305.4746673107147	1.1790831205282646	1.2
305.4913856983185	1.1750588707413931	1.2
305.5084900856018	1.1750588707413931	1.2
305.52798676490784	1.1750588707413931	1.2
305.54545998573303	1.1724276866330032	1.2
305.56336069107056	1.1724276866330032	1.2
305.5799367427826	1.1724276866330032	1.2
305.59579491615295	1.170214108184727	1.2
305.6114978790283	1.170214108184727	1.2
305.63139152526855	1.168319600888922	1.2
305.6459541320801	1.168319600888922	1.2
305.66203236579895	1.168319600888922	1.2
305.67901849746704	1.1682665177790024	1.2
305.6955921649933	1.1682665177790024	1.2
305.71466732025146	1.1682665177790024	1.2
305.72924423217773	1.1710124988461281	1.2
305.74429631233215	1.1710124988461281	1.2
305.7598693370819	1.1710124988461281	1.2
305.77635765075684	1.1736402810905107	1.2
305.78883385658264	1.1736402810905107	1.2
305.80458188056946	1.1736402810905107	1.2
305.82012391090393	1.1757911357632154	1.2
305.83310747146606	1.1757911357632154	1.2
305.84918546676636	1.1757911357632154	1.2
305.8644280433655	1.1779751549807334	1.2
305.87616324424744	1.1779751549807334	1.2
305.88972878456116	1.1779751549807334	1.2
305.9056804180145	1.17860894808152	1.2
305.91889691352844	1.17860894808152	1.2
305.93529057502747	1.17860894808152	1.2
305.9508044719696	1.179683330265428	1.2
305.96305537223816	1.179683330265428	1.2
305.97681307792664	1.179683330265428	1.2
305.99301075935364	1.179683330265428	1.2
306.00923919677734	1.1796819526483744	1.2
306.02410769462585	1.1796819526483744	1.2
306.0390553474426	1.1796819526483744	1.2
306.05181980133057	1.1805885012186015	1.2
306.0668466091156	1.1805885012186015	1.2
306.0822739601135	1.1805885012186015	1.2
306.09802293777466	1.18178582116639	1.2
306.1128752231598	1.18178582116639	1.2
306.1307518482208	1.18178582116639	1.2
306.147412776947	1.18261370116639	1.2
306.1636633872986	1.18261370116639	1.2
306.1807460784912	1.181930892449683	1.2
306.19708371162415	1.181930892449683	1.2
306.21312379837036	1.181930892449683	1.2
306.2295560836792	1.1802217312654724	1.2
306.2420241832733	1.1802217312654724	1.2
306.2550096511841	1.1802217312654724	1.2
306.27197647094727	1.178861066669199	1.2
306.28738951683044	1.178861066669199	1.2
306.30823016166687	1.178861066669199	1.2
306.3230495452881	1.177069900433974	1.2
306.3369240760803	1.177069900433974	1.2
306.3527624607086	1.177069900433974	1.2
306.3706340789795	1.1770108061240778	1.2
306.3873302936554	1.1770108061240778	1.2
306.4035484790802	1.1770108061240778	1.2
306.42148065567017	1.1778368406068365	1.2
306.4376699924469	1.1778368406068365	1.2
306.4551980495453	1.1778368406068365	1.2
306.47165608406067	1.178835526955699	1.2
306.4861900806427	1.178835526955699	1.2
306.50317096710205	1.178835526955699	1.2
306.5189869403839	1.178281478385472	1.2
306.53362226486206	1.178281478385472	1.2
306.55014634132385	1.178281478385472	1.2
306.56406807899475	1.1779657049307481	1.2
306.5780885219574	1.1779657049307481	1.2
306.5940749645233	1.1779657049307481	1.2
306.6112494468689	1.1784577039630064	1.2
306.6269052028656	1.1784577039630064	1.2
306.6421196460724	1.1784577039630064	1.2
306.6549859046936	1.179232544699418	1.2
306.67069029808044	1.179232544699418	1.2
306.68648862838745	1.179232544699418	1.2
306.703494310379	1.180701294699418	1.2
306.7167272567749	1.180701294699418	1.2
306.7318046092987	1.180701294699418	1.2
306.7489366531372	1.1827852108047456	1.2
306.7637538909912	1.1827852108047456	1.2
306.77969765663147	1.1827852108047456	1.2
306.79444003105164	1.184633323131045	1.2
306.8068199157715	1.184633323131045	1.2
306.82374930381775	1.184633323131045	1.2
306.839182138443	1.186781875702699	1.2
306.8635993003845	1.186781875702699	1.2
306.87938261032104	1.1884564229999963	1.2
306.89353251457214	1.1884564229999963	1.2
306.90896248817444	1.1884564229999963	1.2
306.9248511791229	1.1900393036759245	1.2
306.93706727027893	1.1900393036759245	1.2
306.95012950897217	1.1900393036759245	1.2
306.9658885002136	1.1900393036759245	1.2
306.98202538490295	1.1929738190960308	1.2
306.99807596206665	1.1929738190960308	1.2
307.01368618011475	1.1952702286178563	1.2
307.0278308391571	1.1952702286178563	1.2
307.0432438850403	1.1952702286178563	1.2
307.0599226951599	1.1958808495855984	1.2
307.07638788223267	1.1958808495855984	1.2
307.0934827327728	1.1958808495855984	1.2
307.1094093322754	1.1967622014445847	1.2
307.1250321865082	1.1967622014445847	1.2
307.14074897766113	1.1967622014445847	1.2
307.1567373275757	1.1974973211628945	1.2
307.16958570480347	1.1974973211628945	1.2
307.1856634616852	1.1974973211628945	1.2
307.2016541957855	1.1979395396999233	1.2
307.2167024612427	1.1979395396999233	1.2
307.2369430065155	1.1979395396999233	1.2
307.2537078857422	1.19863029352064	1.2
307.2669241428375	1.19863029352064	1.2
307.2831573486328	1.19863029352064	1.2
307.29832458496094	1.199496899314671	1.2
307.3144676685333	1.199496899314671	1.2
307.3296568393707	1.199496899314671	1.2
307.3460657596588	1.1992608635558353	1.2
307.36172747612	1.1992608635558353	1.2
307.3871247768402	1.1996828351746713	1.2
307.4036786556244	1.1996828351746713	1.2
307.4189872741699	1.1996828351746713	1.2
307.43575501441956	1.198472936781115	1.2
307.45060420036316	1.198472936781115	1.2
307.466655254364	1.198472936781115	1.2
307.48316621780396	1.197051128899342	1.2
307.4955999851227	1.197051128899342	1.2
307.51173090934753	1.197051128899342	1.2
307.5276720523834	1.1963629354008898	1.2
307.54200315475464	1.1963629354008898	1.2
307.5579993724823	1.1963629354008898	1.2
307.5727777481079	1.1955171229507702	1.2
307.5850703716278	1.1955171229507702	1.2
307.6009032726288	1.1955171229507702	1.2
307.6160066127777	1.1953732452706771	1.2
307.62746477127075	1.1953732452706771	1.2
307.6439793109894	1.1953732452706771	1.2
307.6595048904419	1.1953732452706771	1.2
307.6753783226013	1.1958874657007843	1.2
307.6916012763977	1.1958874657007843	1.2
307.7071907520294	1.196805244584194	1.2
307.72309613227844	1.196805244584194	1.2
307.7386198043823	1.196805244584194	1.2
307.7557225227356	1.1970365018898632	1.2
307.7703688144684	1.1970365018898632	1.2
307.78437995910645	1.1970365018898632	1.2
307.80053639411926	1.197375334534227	1.2
307.8153991699219	1.197375334534227	1.2
307.8315999507904	1.197375334534227	1.2
307.8478446006775	1.196579356821403	1.2
307.8608236312866	1.196579356821403	1.2
307.874614238739	1.196579356821403	1.2
307.8910987377167	1.196579356821403	1.2
307.90492939949036	1.196794578317755	1.2
307.92298698425293	1.196794578317755	1.2
307.9392993450165	1.1976165684937683	1.2
307.9554567337036	1.1976165684937683	1.2
307.9721486568451	1.1976165684937683	1.2
307.98967933654785	1.199284691791647	1.2
308.0056405067444	1.199284691791647	1.2
308.02241015434265	1.199284691791647	1.2
308.03861117362976	1.2014967674973787	1.2
308.05458974838257	1.2014967674973787	1.2
308.0743999481201	1.2014967674973787	1.2
308.090074300766	1.2028548029158093	1.2
308.10228991508484	1.2028548029158093	1.2
308.1177189350128	1.2028548029158093	1.2
308.1338415145874	1.2044526559095536	1.2
308.148286819458	1.2044526559095536	1.2
308.1644492149353	1.2044526559095536	1.2
308.18056774139404	1.2050789629396828	1.2
308.195867061615	1.2050789629396828	1.2
308.2125413417816	1.2050789629396828	1.2
308.22917890548706	1.205959855434612	1.2
308.2451515197754	1.205959855434612	1.2
308.2607614994049	1.205959855434612	1.2
308.2753596305847	1.2082938459975492	1.2
308.29018902778625	1.2082938459975492	1.2
308.3061761856079	1.2082938459975492	1.2
308.32356882095337	1.211999357286415	1.2
308.3377540111542	1.211999357286415	1.2
308.3544430732727	1.211999357286415	1.2
308.37081599235535	1.2159383234313004	1.2
308.38654589653015	1.2159383234313004	1.2
308.40469098091125	1.2159383234313004	1.2
308.4219696521759	1.218739337968848	1.2
308.43940234184265	1.218739337968848	1.2
308.45869755744934	1.2207080303068254	1.2
308.47067165374756	1.2207080303068254	1.2
308.4851071834564	1.2207080303068254	1.2
308.5015046596527	1.2221233157870777	1.2
308.51807975769043	1.2221233157870777	1.2
308.5348153114319	1.2221233157870777	1.2
308.5505609512329	1.2247138110577032	1.2
308.56869292259216	1.2247138110577032	1.2
308.58509731292725	1.2247138110577032	1.2
308.60753083229065	1.2264213195358202	1.2
308.62473583221436	1.2264213195358202	1.2
308.64145517349243	1.2264213195358202	1.2
308.65855741500854	1.228381491391659	1.2
308.6765441894531	1.228381491391659	1.2
308.6938455104828	1.2298536685547679	1.2
308.7089147567749	1.2298536685547679	1.2
308.73550486564636	1.2298536685547679	1.2
308.7536869049072	1.2303676178999141	1.2
308.7700979709625	1.2303676178999141	1.2
308.7870976924896	1.2303676178999141	1.2
308.80458641052246	1.2309827725149387	1.2
308.82171392440796	1.2309827725149387	1.2
308.83842945098877	1.2308312830368513	1.2
308.85464215278625	1.2308312830368513	1.2
308.872665643692	1.2308312830368513	1.2
308.89019203186035	1.2316798800790767	1.2
308.9051904678345	1.2316798800790767	1.2
308.9218943119049	1.2316798800790767	1.2
308.93642950057983	1.2328991258941944	1.2
308.94832611083984	1.2328991258941944	1.2
308.9633221626282	1.2328991258941944	1.2
308.9793121814728	1.2336952200653535	1.2
308.99289870262146	1.2336952200653535	1.2
309.00875067710876	1.2336952200653535	1.2
309.0233495235443	1.233555092308495	1.2
309.03650856018066	1.233555092308495	1.2
309.05812072753906	1.233555092308495	1.2
309.07634592056274	1.2339344627206916	1.2
309.0925385951996	1.2339344627206916	1.2
309.10810589790344	1.2339344627206916	1.2
309.1218230724335	1.2333964766640868	1.2
309.13887214660645	1.2333964766640868	1.2
309.154541015625	1.2333964766640868	1.2
309.1677803993225	1.2323876074744562	1.2
309.1839108467102	1.2323876074744562	1.2
309.20054626464844	1.2323876074744562	1.2
309.21741127967834	1.230951517989961	1.2
309.230340719223	1.230951517989961	1.2
309.2465879917145	1.230951517989961	1.2
309.26383781433105	1.228914645787461	1.2
309.27638578414917	1.228914645787461	1.2
309.2921738624573	1.228914645787461	1.2
309.30654978752136	1.2268681029649549	1.2
309.31838369369507	1.2268681029649549	1.2
309.3335130214691	1.2268681029649549	1.2
309.34950709342957	1.2248743706089997	1.2
309.3631513118744	1.2248743706089997	1.2
309.37955713272095	1.2248743706089997	1.2
309.393860578537	1.2222731455136202	1.2
309.40677285194397	1.2222731455136202	1.2
309.42392110824585	1.2222731455136202	1.2
309.44003343582153	1.2199272315098608	1.2
309.455689907074	1.2199272315098608	1.2
309.46995663642883	1.2199272315098608	1.2
309.48576307296753	1.2176240675177072	1.2
309.502482175827	1.2176240675177072	1.2
309.51917815208435	1.2176240675177072	1.2
309.53524255752563	1.2150038374958467	1.2
309.5494487285614	1.2150038374958467	1.2
309.5642194747925	1.2150038374958467	1.2
309.58056926727295	1.2131160861388124	1.2
309.59544920921326	1.2131160861388124	1.2
309.6111171245575	1.2131160861388124	1.2
309.6265778541565	1.2123592918293826	1.2
309.6382808685303	1.2123592918293826	1.2
309.6529531478882	1.2123592918293826	1.2
309.6692726612091	1.2123592918293826	1.2
309.68500661849976	1.2113447891493143	1.2
309.70114970207214	1.2113447891493143	1.2
309.7161281108856	1.2113447891493143	1.2
309.7310366630554	1.2099141798256496	1.2
309.7468590736389	1.2099141798256496	1.2
309.7641079425812	1.2087351768731174	1.2
309.7801115512848	1.2087351768731174	1.2
309.7948441505432	1.2087351768731174	1.2
309.81105303764343	1.207992816044715	1.2
309.827152967453	1.207992816044715	1.2
309.84323263168335	1.207992816044715	1.2
309.8592960834503	1.2153267476861394	1.2
309.8710289001465	1.2153267476861394	1.2
309.88544726371765	1.2153267476861394	1.2
309.901739358902	1.2186558567717025	1.2
309.91490268707275	1.2186558567717025	1.2
309.92858052253723	1.2186558567717025	1.2
309.94646883010864	nan	1.2
309.95973086357117	nan	1.2
309.97486901283264	nan	1.2
309.9906213283539	nan	1.2
310.00310587882996	nan	1.2
310.01680302619934	nan	1.2
310.0332410335541	nan	1.2
310.047767162323	nan	1.2
310.0643126964569	nan	1.2
310.0796728134155	nan	1.2
310.0922667980194	nan	1.2
310.1113851070404	nan	1.2
310.127952337265	nan	1.2
310.1433005332947	nan	1.2
310.16301345825195	nan	1.2
310.176153421402	nan	1.2
310.19253969192505	nan	1.2
310.20872378349304	nan	1.2
310.225270986557	nan	1.2
310.24026131629944	nan	1.2
310.2563359737396	nan	1.2
310.27202320098877	nan	1.2
310.28702306747437	nan	1.2
310.30501675605774	nan	1.2
310.31759762763977	nan	1.2
310.332364320755	nan	1.2
310.3484742641449	nan	1.2
310.36386704444885	nan	1.2
310.3812222480774	nan	1.2
310.39713072776794	nan	1.2
310.4114339351654	nan	1.2
310.42848801612854	nan	1.2
310.4456696510315	nan	1.2
310.4621489048004	nan	1.2
310.4792904853821	nan	1.2
310.4969298839569	nan	1.2
310.51380228996277	nan	1.2
310.53119587898254	nan	1.2
310.5472707748413	nan	1.2
310.5613615512848	nan	1.2
310.5770089626312	nan	1.2
310.5929958820343	nan	1.2
310.6076259613037	nan	1.2
310.6254596710205	nan	1.2
310.6416480541229	nan	1.2
310.657431602478	nan	1.2
310.67440533638	nan	1.2
310.6882121562958	nan	1.2
310.705118894577	nan	1.2
310.72271609306335	nan	1.2
310.7395694255829	nan	1.2
310.75645446777344	nan	1.2
310.7711319923401	nan	1.2
310.78327679634094	nan	1.2
310.8050653934479	nan	1.2
310.823233127594	nan	1.2
310.84147810935974	nan	1.2
310.856440782547	nan	1.2
310.87088990211487	nan	1.2
310.88669180870056	nan	1.2
310.90329670906067	nan	1.2
310.9185128211975	nan	1.2
310.9349436759949	nan	1.2
310.9515526294708	nan	1.2
310.96853709220886	nan	1.2
310.98726868629456	nan	1.2
311.0047619342804	nan	1.2
311.0193176269531	nan	1.2
311.03607273101807	nan	1.2
311.05122232437134	nan	1.2
311.07737493515015	nan	1.2
311.09275698661804	nan	1.2
311.10749411582947	nan	1.2
311.12486934661865	nan	1.2
311.1397898197174	nan	1.2
311.155921459198	nan	1.2
311.17163825035095	nan	1.2
311.1855401992798	nan	1.2
311.20294642448425	nan	1.2
311.2192630767822	nan	1.2
311.2358772754669	nan	1.2
311.2516300678253	nan	1.2
311.26639223098755	nan	1.2
311.28253054618835	nan	1.2
311.29859375953674	nan	1.2
311.31481170654297	nan	1.2
311.3279423713684	nan	1.2
311.3436453342438	nan	1.2
311.3616268634796	nan	1.2
311.37424874305725	nan	1.2
311.38878536224365	nan	1.2
311.4046585559845	nan	1.2
311.4191255569458	nan	1.2
311.43595838546753	nan	1.2
311.4512040615082	nan	1.2
311.46310448646545	nan	1.2
311.47916626930237	nan	1.2
311.49437713623047	nan	1.2
311.51070070266724	nan	1.2
311.5327534675598	nan	1.2
311.5491247177124	nan	1.2
311.5672414302826	nan	1.2
311.5848197937012	nan	1.2
311.60121965408325	nan	1.2
311.61804032325745	nan	1.2
311.63142561912537	nan	1.2
311.6474587917328	nan	1.2
311.66366028785706	nan	1.2
311.67981791496277	nan	1.2
311.69881534576416	nan	1.2
311.7156479358673	nan	1.2
311.73096561431885	nan	1.2
311.74757862091064	nan	1.2
311.76447677612305	nan	1.2
311.77711367607117	nan	1.2
311.7930316925049	nan	1.2
311.8098177909851	nan	1.2
311.82351303100586	nan	1.2
311.84666180610657	nan	1.2
311.8600420951843	nan	1.2
311.8739619255066	nan	1.2
311.88995695114136	nan	1.2
311.9071879386902	nan	1.2
311.92432713508606	nan	1.2
311.9400053024292	nan	1.2
311.954758644104	nan	1.2
311.97083592414856	nan	1.2
311.98753666877747	nan	1.2
312.00379157066345	nan	1.2
312.01649355888367	nan	1.2
312.03420209884644	nan	1.2
312.0515558719635	nan	1.2
312.06623673439026	nan	1.2
312.0822534561157	nan	1.2
312.0964615345001	nan	1.2
312.1085093021393	nan	1.2
312.12494373321533	nan	1.2
312.1392397880554	nan	1.2
312.1505630016327	nan	1.2
312.16609740257263	nan	1.2
312.1834635734558	nan	1.2
312.1969139575958	nan	1.2
312.2124969959259	nan	1.2
312.2264144420624	nan	1.2
312.238400220871	nan	1.2
312.25457286834717	nan	1.2
312.26942443847656	nan	1.2
312.28430461883545	nan	1.2
312.29982686042786	nan	1.2
312.3134009838104	nan	1.2
312.3267560005188	nan	1.2
312.34304761886597	nan	1.2
312.358491897583	nan	1.2
312.3743472099304	nan	1.2
312.3884119987488	nan	1.2
312.4032747745514	1.1589001468324542	1.2
312.4191327095032	1.1589001468324542	1.2
312.43580985069275	1.1589001468324542	1.2
312.4521236419678	1.1614356974715887	1.2
312.4652729034424	1.1614356974715887	1.2
312.4794843196869	1.1614356974715887	1.2
312.4952359199524	1.163649847717517	1.2
312.5111413002014	1.163649847717517	1.2
312.52710127830505	1.163649847717517	1.2
312.5428276062012	1.1660625732814265	1.2
312.55427050590515	1.1660625732814265	1.2
312.56853103637695	1.1660625732814265	1.2
312.5839786529541	1.167494969425874	1.2
312.5982344150543	1.167494969425874	1.2
312.6150646209717	1.167494969425874	1.2
312.63015699386597	1.1685418936378125	1.2
312.64291405677795	1.1685418936378125	1.2
312.658979177475	1.1685418936378125	1.2
312.67502188682556	1.1714385716609277	1.2
312.69102025032043	1.1714385716609277	1.2
312.7054467201233	1.1714385716609277	1.2
312.722380399704	1.1750573084190878	1.2
312.7368586063385	1.1750573084190878	1.2
312.7514617443085	1.1750573084190878	1.2
312.7696442604065	1.1770376038663724	1.2
312.782692193985	1.1770376038663724	1.2
312.79457807540894	1.1770376038663724	1.2
312.81052350997925	1.1770376038663724	1.2
312.8248071670532	1.1803147148449844	1.2
312.8388342857361	1.1803147148449844	1.2
312.8555660247803	1.1803147148449844	1.2
312.86864614486694	1.1830895047712744	1.2
312.88046622276306	1.1830895047712744	1.2
312.89698934555054	1.1830895047712744	1.2
312.91110014915466	1.1845714888982584	1.2
312.9226326942444	1.1845714888982584	1.2
312.93794536590576	1.1845714888982584	1.2
312.9543867111206	1.1873437885265354	1.2
312.9683835506439	1.1873437885265354	1.2
312.9848771095276	1.1873437885265354	1.2
312.9996917247772	1.1904988313836784	1.2
313.0120327472687	1.1904988313836784	1.2
313.0277361869812	1.1904988313836784	1.2
313.0442454814911	1.1932868390504832	1.2
313.05985975265503	1.1932868390504832	1.2
313.07425451278687	1.1932868390504832	1.2
313.08971905708313	1.195229598009737	1.2
313.10540771484375	1.195229598009737	1.2
313.1214187145233	1.195229598009737	1.2
313.1380558013916	1.1960793283274307	1.2
313.15073132514954	1.1960793283274307	1.2
313.16661381721497	1.1960793283274307	1.2
313.182168006897	1.1961270226456127	1.2
313.19523096084595	1.1961270226456127	1.2
313.21116399765015	1.1961270226456127	1.2
313.22572803497314	1.195582131856139	1.2
313.2372899055481	1.195582131856139	1.2
313.25174164772034	1.195582131856139	1.2
313.27479696273804	1.1949469433048638	1.2
313.2905604839325	1.1949469433048638	1.2
313.30689334869385	1.1949469433048638	1.2
313.3202702999115	1.1935147936494779	1.2
313.3349440097809	1.1935147936494779	1.2
313.350811958313	1.1935147936494779	1.2
313.36546516418457	1.19391017706715	1.2
313.3809313774109	1.19391017706715	1.2
313.39733958244324	1.19391017706715	1.2
313.4110429286957	1.191778725722468	1.2
313.42654943466187	1.191778725722468	1.2
313.4426498413086	1.191778725722468	1.2
313.45921516418457	1.1890244417938964	1.2
313.47142815589905	1.1890244417938964	1.2
313.4866306781769	1.1890244417938964	1.2
313.50439047813416	1.1869501922955172	1.2
313.5216317176819	1.1869501922955172	1.2
313.5380651950836	1.1869501922955172	1.2
313.5517702102661	1.1860209301078533	1.2
313.56357860565186	1.1860209301078533	1.2
313.579217672348	1.1860209301078533	1.2
313.5940043926239	1.1847584111572238	1.2
313.6072916984558	1.1847584111572238	1.2
313.62302112579346	1.1847584111572238	1.2
313.6373453140259	1.1835951731592667	1.2
313.65178775787354	1.1835951731592667	1.2
313.66760516166687	1.1835951731592667	1.2
313.68234872817993	1.1832709808842243	1.2
313.6942641735077	1.1832709808842243	1.2
313.71002101898193	1.1832709808842243	1.2
313.7273681163788	1.1843088588650343	1.2
313.7435631752014	1.1843088588650343	1.2
313.75838255882263	1.1843088588650343	1.2
313.77386021614075	1.1868213733852853	1.2
313.7885527610779	1.1868213733852853	1.2
313.80466651916504	1.1868213733852853	1.2
313.82206320762634	1.1891696300775032	1.2
313.83490800857544	1.1891696300775032	1.2
313.8468987941742	1.1891696300775032	1.2
313.8629400730133	1.1891696300775032	1.2
313.8777735233307	1.1936735421186295	1.2
313.8905282020569	1.1936735421186295	1.2
313.9062659740448	1.1936735421186295	1.2
313.92249298095703	1.1989518508259618	1.2
313.93434834480286	1.1989518508259618	1.2
313.95069003105164	1.1989518508259618	1.2
313.9664375782013	1.2052622136556639	1.2
313.9820759296417	1.2052622136556639	1.2
313.99741077423096	1.2052622136556639	1.2
314.01198625564575	1.2110608290192506	1.2
314.0267834663391	1.2110608290192506	1.2
314.04198575019836	1.2110608290192506	1.2
314.0582015514374	1.2170708679386644	1.2
314.07312059402466	1.2170708679386644	1.2
314.0885896682739	1.2170708679386644	1.2
314.1040298938751	1.2239353628939498	1.2
314.11829710006714	1.2239353628939498	1.2
314.1354682445526	1.2239353628939498	1.2
314.1523461341858	1.2284251174373393	1.2
314.1638057231903	1.2284251174373393	1.2
314.1799249649048	1.2284251174373393	1.2
314.19707012176514	1.2306418931754073	1.2
314.2178018093109	1.2306418931754073	1.2
314.24414896965027	1.2329675525553756	1.2
314.26082015037537	1.2329675525553756	1.2
314.2779619693756	1.2329675525553756	1.2
314.2950761318207	1.2343764312424779	1.2
314.31257224082947	1.2343764312424779	1.2
314.3293573856354	1.2343764312424779	1.2
314.3458433151245	1.2334501420525694	1.2
314.36178970336914	1.2334501420525694	1.2
314.38000440597534	1.2334501420525694	1.2
314.39746260643005	1.2334501420525694	1.2
314.40981912612915	1.2316048183974035	1.2
314.42562341690063	1.2316048183974035	1.2
314.442489862442	1.2316048183974035	1.2
314.45742893218994	1.2281562322893116	1.2
314.4716341495514	1.2281562322893116	1.2
314.496732711792	1.2235668284874683	1.2
314.516339302063	1.2235668284874683	1.2
314.5349988937378	1.2235668284874683	1.2
314.5538983345032	1.218411872997063	1.2
314.57128047943115	1.218411872997063	1.2
314.5892217159271	1.2124646032356372	1.2
314.60537362098694	1.2124646032356372	1.2
314.6215748786926	1.2124646032356372	1.2
314.6382553577423	1.207775856756764	1.2
314.6530523300171	1.207775856756764	1.2
314.6704611778259	1.207775856756764	1.2
314.6866989135742	1.203620136603066	1.2
314.7020092010498	1.203620136603066	1.2
314.7191824913025	1.203620136603066	1.2
314.73570919036865	1.1994511196347404	1.2
314.7550616264343	1.1994511196347404	1.2
314.77390575408936	1.1994511196347404	1.2
314.7869498729706	1.1946697423597772	1.2
314.80317783355713	1.1946697423597772	1.2
314.8204388618469	1.1946697423597772	1.2
314.83616948127747	1.1906124410110608	1.2
314.84956979751587	1.1906124410110608	1.2
314.8656041622162	1.1906124410110608	1.2
314.8810338973999	1.1877828270669524	1.2
314.89322781562805	1.1877828270669524	1.2
314.91064858436584	1.1877828270669524	1.2
314.92524003982544	1.1871323389137898	1.2
314.94014716148376	1.1871323389137898	1.2
314.95655608177185	1.1871323389137898	1.2
314.9714255332947	1.1874785442709326	1.2
314.9861834049225	1.1874785442709326	1.2
315.0020022392273	1.1874785442709326	1.2
315.0158951282501	1.1889111513739217	1.2
315.0313265323639	1.1889111513739217	1.2
315.0469663143158	1.1889111513739217	1.2
315.06287837028503	1.1892467346534152	1.2
315.07772636413574	1.1892467346534152	1.2
315.0946235656738	1.1892467346534152	1.2
315.11007499694824	1.1912292020163395	1.2
315.1260781288147	1.1912292020163395	1.2
315.1421363353729	1.1912292020163395	1.2
315.1556532382965	1.1931924334192157	1.2
315.1709680557251	1.1931924334192157	1.2
315.1873767375946	1.1931924334192157	1.2
315.20315313339233	1.194218022116233	1.2
315.2161169052124	1.194218022116233	1.2
315.2323729991913	1.194218022116233	1.2
315.2490379810333	1.1967089246452534	1.2
315.2627594470978	1.1967089246452534	1.2
315.27891087532043	1.1967089246452534	1.2
315.2932333946228	1.1995392922923123	1.2
315.30570363998413	1.1995392922923123	1.2
315.3211534023285	1.1995392922923123	1.2
315.3359398841858	1.2018113757180124	1.2
315.3496425151825	1.2018113757180124	1.2
315.3655598163605	1.2018113757180124	1.2
315.3796033859253	1.2033059311232635	1.2
315.39281272888184	1.2033059311232635	1.2
315.412987947464	1.2033059311232635	1.2
315.4296441078186	1.2057525823928752	1.2
315.4447867870331	1.2057525823928752	1.2
315.4594247341156	1.2057525823928752	1.2
315.4743928909302	1.2063834465365935	1.2
315.4899413585663	1.2063834465365935	1.2
315.505957365036	1.2063834465365935	1.2
315.52155113220215	1.2061540808709226	1.2
315.53598165512085	1.2061540808709226	1.2
315.55110025405884	1.2061540808709226	1.2
315.56737208366394	1.2051778955592805	1.2
315.58028769493103	1.2051778955592805	1.2
315.59622597694397	1.2051778955592805	1.2
315.61093378067017	1.2038776384859613	1.2
315.62334966659546	1.2038776384859613	1.2
315.63783049583435	1.2038776384859613	1.2
315.6541075706482	1.201101947678665	1.2
315.6678011417389	1.201101947678665	1.2
315.68394780158997	1.201101947678665	1.2
315.6987113952637	1.1979967334831527	1.2
315.7114956378937	1.1979967334831527	1.2
315.7272913455963	1.1979967334831527	1.2
315.743634223938	1.195124295466624	1.2
315.75964283943176	1.195124295466624	1.2
315.7757270336151	1.195124295466624	1.2
315.7899568080902	1.1914745998614364	1.2
315.80596113204956	1.1914745998614364	1.2
315.8215141296387	1.1914745998614364	1.2
315.8388364315033	1.1871437846216708	1.2
315.85501766204834	1.1871437846216708	1.2
315.87064599990845	1.1871437846216708	1.2
315.886061668396	1.1813546026099715	1.2
315.8993146419525	1.1813546026099715	1.2
315.91491293907166	1.1813546026099715	1.2
315.93118834495544	1.177374958748079	1.2
315.9454278945923	1.177374958748079	1.2
315.96227502822876	1.177374958748079	1.2
315.97653818130493	1.1752546936671333	1.2
315.9887409210205	1.1752546936671333	1.2
316.0042202472687	1.1752546936671333	1.2
316.02006459236145	1.1723620602645	1.2
316.0327432155609	1.1723620602645	1.2
316.0491898059845	1.1723620602645	1.2
316.065313577652	1.170011072254534	1.2
316.0775055885315	1.170011072254534	1.2
316.09377121925354	1.170011072254534	1.2
316.1092984676361	1.1697842501566684	1.2
316.1258382797241	1.1697842501566684	1.2
316.14131021499634	1.1697842501566684	1.2
316.15587735176086	1.1693753492716017	1.2
316.17167830467224	1.1693753492716017	1.2
316.1878843307495	1.1693753492716017	1.2
316.2039649486542	1.1695896603999132	1.2
316.21788024902344	1.1695896603999132	1.2
316.23337984085083	1.1695896603999132	1.2
316.2501003742218	1.1710263028417736	1.2
316.2648289203644	1.1710263028417736	1.2
316.2803997993469	1.1710263028417736	1.2
316.2951912879944	1.1728069002414503	1.2
316.3069887161255	1.1728069002414503	1.2
316.3207149505615	1.1728069002414503	1.2
316.33651661872864	1.17575428384702	1.2
316.3495316505432	1.17575428384702	1.2
316.36666226387024	1.17575428384702	1.2
316.3823163509369	1.1781105294073386	1.2
316.394394159317	1.1781105294073386	1.2
316.4100058078766	1.1781105294073386	1.2
316.42557287216187	1.1795307626161615	1.2
316.44078612327576	1.1795307626161615	1.2
316.45651388168335	1.1795307626161615	1.2
316.4717347621918	1.181067679184904	1.2
316.48600721359253	1.181067679184904	1.2
316.50544929504395	1.181067679184904	1.2
316.52173113822937	1.183297083282258	1.2
316.536847114563	1.183297083282258	1.2
316.5527410507202	1.183297083282258	1.2
316.56812500953674	1.18451128286209	1.2
316.58325028419495	1.18451128286209	1.2
316.59979128837585	1.18451128286209	1.2
316.6149094104767	1.1854532653778274	1.2
316.62713742256165	1.1854532653778274	1.2
316.64264488220215	1.1854532653778274	1.2
316.65840458869934	1.1856540801273165	1.2
316.6700849533081	1.1856540801273165	1.2
316.6843309402466	1.1856540801273165	1.2
316.70010352134705	1.1858636719291538	1.2
316.71402525901794	1.1858636719291538	1.2
316.729220867157	1.1858636719291538	1.2
316.7446813583374	1.185658169821403	1.2
316.7569954395294	1.185658169821403	1.2
316.77122735977173	1.185658169821403	1.2
316.79182958602905	1.1857765087377312	1.2
316.80578780174255	1.1857765087377312	1.2
316.82212924957275	1.1857765087377312	1.2
316.8385155200958	1.1852687027909394	1.2
316.85375809669495	1.1852687027909394	1.2
316.86873412132263	1.1852687027909394	1.2
316.88372802734375	1.1860006723594798	1.2
316.8993933200836	1.1860006723594798	1.2
316.914244890213	1.1860006723594798	1.2
316.929541349411	1.1872816445382102	1.2
316.94545245170593	1.1872816445382102	1.2
316.96086525917053	1.1872816445382102	1.2
316.977108001709	1.1873138399665564	1.2
316.9897689819336	1.1873138399665564	1.2
317.0031979084015	1.1873138399665564	1.2
317.0190372467041	1.1881500292102538	1.2
317.0338785648346	1.1881500292102538	1.2
317.0482597351074	1.1881500292102538	1.2
317.0641152858734	1.1881500292102538	1.2
317.07626366615295	1.1891951597408523	1.2
317.088828086853	1.1891951597408523	1.2
317.10673928260803	1.1891951597408523	1.2
317.1215298175812	1.1905295595084469	1.2
317.1374526023865	1.1905295595084469	1.2
317.1564300060272	1.1905295595084469	1.2
317.1706585884094	1.1905777526599588	1.2
317.1866042613983	1.1905777526599588	1.2
317.20315408706665	1.1907185886587954	1.2
317.21896958351135	1.1907185886587954	1.2
317.23233127593994	1.1907185886587954	1.2
317.2473967075348	1.1907185886587954	1.2
317.26374912261963	1.1901252407523075	1.2
317.2796039581299	1.1901252407523075	1.2
317.29602694511414	1.1912255035600254	1.2
317.3091514110565	1.1912255035600254	1.2
317.32203698158264	1.1912255035600254	1.2
317.3375027179718	1.1912255035600254	1.2
317.3530378341675	1.1913056776279838	1.2
317.3692452907562	1.1913056776279838	1.2
317.385511636734	1.190576444579688	1.2
317.39726185798645	1.190576444579688	1.2
317.4116394519806	1.190576444579688	1.2
317.4283411502838	1.190576444579688	1.2
317.4407386779785	1.190341082726572	1.2
317.45353150367737	1.190341082726572	1.2
317.47030687332153	1.190341082726572	1.2
317.4844527244568	1.1899060796496488	1.2
317.4985680580139	1.1899060796496488	1.2
317.51410818099976	1.1899060796496488	1.2
317.5288453102112	1.1895457747917506	1.2
317.5455811023712	1.1895457747917506	1.2
317.5620367527008	1.1895457747917506	1.2
317.5787570476532	1.1891081601358573	1.2
317.59382796287537	1.1891081601358573	1.2
317.61002230644226	1.1891081601358573	1.2
317.62846326828003	1.1897056766382856	1.2
317.64228796958923	1.1897056766382856	1.2
317.65938782691956	1.1897056766382856	1.2
317.6752393245697	1.190879634733251	1.2
317.6912181377411	1.190879634733251	1.2
317.70726704597473	1.190879634733251	1.2
317.72211146354675	1.191476950650569	1.2
317.7369124889374	1.191476950650569	1.2
317.7533793449402	1.1910456260790816	1.2
317.7682719230652	1.1910456260790816	1.2
317.7851047515869	1.1910456260790816	1.2
317.801207780838	1.1901150818152388	1.2
317.8160080909729	1.1901150818152388	1.2
317.83129930496216	1.1901150818152388	1.2
317.846608877182	1.190931110800746	1.2
317.86151671409607	1.190931110800746	1.2
317.87680196762085	1.190931110800746	1.2
317.893084526062	1.1915989850770077	1.2
317.9082534313202	1.1915989850770077	1.2
317.9224193096161	1.1915989850770077	1.2
317.9377086162567	1.192406473371322	1.2
317.953649520874	1.192406473371322	1.2
317.96876335144043	1.192406473371322	1.2
317.9848098754883	1.1930778076409847	1.2
317.9974904060364	1.1930778076409847	1.2
318.0134370326996	1.1930778076409847	1.2
318.0296664237976	1.1942643781462725	1.2
318.04396057128906	1.1942643781462725	1.2
318.05934858322144	1.1942643781462725	1.2
318.0755696296692	1.1956788680721644	1.2
318.08710861206055	1.1956788680721644	1.2
318.10389375686646	1.1956788680721644	1.2
318.1201548576355	1.1972553641125372	1.2
318.1350791454315	1.1972553641125372	1.2
318.15105152130127	1.1972553641125372	1.2
318.1667830944061	1.1997934746141046	1.2
318.18109011650085	1.1997934746141046	1.2
318.1965866088867	1.1997934746141046	1.2
318.2117667198181	1.2027422859866377	1.2
318.2239599227905	1.2027422859866377	1.2
318.24435782432556	1.2027422859866377	1.2
318.26101660728455	1.2071292088298062	1.2
318.27691864967346	1.2071292088298062	1.2
318.2933096885681	1.2071292088298062	1.2
318.3096458911896	1.211761122589496	1.2
318.32561564445496	1.211761122589496	1.2
318.34348797798157	1.211761122589496	1.2
318.3588967323303	1.216497383012304	1.2
318.37119340896606	1.216497383012304	1.2
318.3864200115204	1.216497383012304	1.2
318.4022808074951	1.221110202196027	1.2
318.4152479171753	1.221110202196027	1.2
318.4315505027771	1.221110202196027	1.2
318.44614577293396	1.2259881501729055	1.2
318.4604477882385	1.2259881501729055	1.2
318.4762246608734	1.2259881501729055	1.2
318.4907202720642	1.231347035873115	1.2
318.5062780380249	1.231347035873115	1.2
318.52183413505554	1.231347035873115	1.2
318.53726053237915	1.2361686986404945	1.2
318.5537827014923	1.2361686986404945	1.2
318.56937861442566	1.2361686986404945	1.2
318.58561420440674	1.2400529421187554	1.2
318.59952998161316	1.2400529421187554	1.2
318.61549186706543	1.2400529421187554	1.2
318.6308579444885	1.2429056505827052	1.2
318.6465902328491	1.2429056505827052	1.2
318.66400384902954	1.2456667543331146	1.2
318.67923855781555	1.2456667543331146	1.2
318.6929280757904	1.2456667543331146	1.2
318.7078833580017	1.2456667543331146	1.2
318.7235918045044	1.2473973773615057	1.2
318.7379162311554	1.2473973773615057	1.2
318.7552111148834	1.2473973773615057	1.2
318.7686667442322	1.2467441082904607	1.2
318.78049206733704	1.2467441082904607	1.2
318.796306848526	1.2467441082904607	1.2
318.8108971118927	1.2455820248734426	1.2
318.82602167129517	1.2455820248734426	1.2
318.84323835372925	1.2455820248734426	1.2
318.85737895965576	1.245314313824764	1.2
318.8723940849304	1.245314313824764	1.2
318.8885519504547	1.245314313824764	1.2
318.9044442176819	1.244679421403441	1.2
318.91891145706177	1.244679421403441	1.2
318.93502593040466	1.244679421403441	1.2
318.9515790939331	1.2407579668012416	1.2
318.96693754196167	1.2407579668012416	1.2
318.98235177993774	1.23675889264623	1.2
318.99523758888245	1.23675889264623	1.2
319.0110456943512	1.23675889264623	1.2
319.0267550945282	1.23675889264623	1.2
319.04319858551025	1.2318943091184233	1.2
319.0567924976349	1.2318943091184233	1.2
319.0724618434906	1.2318943091184233	1.2
319.08875823020935	1.2274195575111762	1.2
319.1030149459839	1.2274195575111762	1.2
319.1205503940582	1.2229117374242862	1.2
319.1339030265808	1.2229117374242862	1.2
319.14712262153625	1.2229117374242862	1.2
319.1638367176056	1.2229117374242862	1.2
319.1774847507477	1.218217018323163	1.2
319.19380378723145	1.218217018323163	1.2
319.20945262908936	1.218217018323163	1.2
319.22167110443115	1.2154234107747224	1.2
319.2340831756592	1.2154234107747224	1.2
319.24955129623413	1.2154234107747224	1.2
319.2649154663086	1.213215446119672	1.2
319.28114008903503	1.213215446119672	1.2
319.29713249206543	1.213215446119672	1.2
319.31000113487244	1.2082842919980057	1.2
319.3251893520355	1.2082842919980057	1.2
319.34141182899475	1.2082842919980057	1.2
319.3575985431671	1.202911222156736	1.2
319.371746301651	1.202911222156736	1.2
319.3872721195221	1.202911222156736	1.2
319.40338468551636	1.1999383725804649	1.2
319.4192855358124	1.1999383725804649	1.2
319.43578720092773	1.197137992855739	1.2
319.449289560318	1.197137992855739	1.2
319.4619655609131	1.197137992855739	1.2
319.4770665168762	1.197137992855739	1.2
319.4927146434784	1.195156932273872	1.2
319.5057044029236	1.195156932273872	1.2
319.5227711200714	1.195156932273872	1.2
319.5382454395294	1.1935456825548592	1.2
319.55454659461975	1.1935456825548592	1.2
319.57073736190796	1.1935456825548592	1.2
319.5858144760132	1.1913241578295846	1.2
319.60122871398926	1.1913241578295846	1.2
319.6166138648987	1.1913241578295846	1.2
319.62953758239746	1.189639050060902	1.2
319.6453847885132	1.189639050060902	1.2
319.6614730358124	1.189639050060902	1.2
319.6748294830322	1.1869901195873642	1.2
319.6897029876709	1.1869901195873642	1.2
319.7056360244751	1.1869901195873642	1.2
319.7211835384369	1.1836755601398505	1.2
319.73516154289246	1.1836755601398505	1.2
319.75146555900574	1.1836755601398505	1.2
319.767685174942	1.1812710263318218	1.2
319.7825257778168	1.1812710263318218	1.2
319.79819893836975	1.1812710263318218	1.2
319.8136942386627	1.1795158383053974	1.2
319.82534861564636	1.1795158383053974	1.2
319.84087586402893	1.1795158383053974	1.2
319.8569920063019	1.1776401556685099	1.2
319.87024188041687	1.1776401556685099	1.2
319.888001203537	1.1776401556685099	1.2
319.90290665626526	1.175486348483654	1.2
319.91477131843567	1.175486348483654	1.2
319.9302990436554	1.175486348483654	1.2
319.94596791267395	1.1735491576204344	1.2
319.9608986377716	1.1735491576204344	1.2
319.97643542289734	1.1735491576204344	1.2
319.9913613796234	1.1716210079393328	1.2
320.0049378871918	1.1716210079393328	1.2
320.0211281776428	1.1716210079393328	1.2
320.03864550590515	1.1699869094820798	1.2
320.0535533428192	1.1699869094820798	1.2
320.06768465042114	1.1699869094820798	1.2
320.08291697502136	1.1681748773775267	1.2
320.09920597076416	1.1681748773775267	1.2
320.1153087615967	1.1681748773775267	1.2
320.131472826004	1.1678565120043924	1.2
320.1437613964081	1.1678565120043924	1.2
320.15760016441345	1.1678565120043924	1.2
320.179970741272	1.1683534362901067	1.2
320.19372510910034	1.1683534362901067	1.2
320.2117941379547	1.1683534362901067	1.2
320.2259871959686	1.1697409868904207	1.2
320.2385835647583	1.1697409868904207	1.2
320.2547047138214	1.1697409868904207	1.2
320.26935267448425	1.1707741035672004	1.2
320.28503799438477	1.1707741035672004	1.2
320.30166244506836	1.1707741035672004	1.2
320.3143734931946	1.171428961204088	1.2
320.32864332199097	1.171428961204088	1.2
320.3445701599121	1.171428961204088	1.2
320.362024307251	1.1726266256777724	1.2
320.37735533714294	1.1726266256777724	1.2
320.39360189437866	1.1726266256777724	1.2
320.4089982509613	1.1738073330710226	1.2
320.4229679107666	1.1738073330710226	1.2
320.4391202926636	1.1738073330710226	1.2
320.45484924316406	1.174370710679369	1.2
320.47015714645386	1.174370710679369	1.2
320.4868185520172	1.174370710679369	1.2
320.50194811820984	1.1748180783673914	1.2
320.51753783226013	1.1748180783673914	1.2
320.5342917442322	1.1748180783673914	1.2
320.5505828857422	1.1751545282508413	1.2
320.5668029785156	1.1751545282508413	1.2
320.5833628177643	1.174645654222778	1.2
320.59993171691895	1.174645654222778	1.2
320.61536026000977	1.174645654222778	1.2
320.6313319206238	1.174645654222778	1.2
320.64585852622986	1.17406394800158	1.2
320.6612479686737	1.17406394800158	1.2
320.6765341758728	1.17406394800158	1.2
320.69201493263245	1.1744208856627356	1.2
320.7088179588318	1.1744208856627356	1.2
320.7266945838928	1.1744208856627356	1.2
320.74313592910767	1.1755176141552377	1.2
320.7557463645935	1.1755176141552377	1.2
320.77244329452515	1.1755176141552377	1.2
320.78779649734497	1.1766431619813245	1.2
320.80182671546936	1.1766431619813245	1.2
320.8182773590088	1.1766431619813245	1.2
320.8317790031433	1.1770400626411486	1.2
320.8467161655426	1.1770400626411486	1.2
320.8639590740204	1.1770400626411486	1.2
320.8783006668091	1.1776454770740905	1.2
320.8940796852112	1.1776454770740905	1.2
320.9096884727478	1.1776454770740905	1.2
320.92334818840027	1.1789109637850541	1.2
320.9365921020508	1.1789109637850541	1.2
320.9535925388336	1.1789109637850541	1.2
320.97031688690186	1.1806316716163794	1.2
320.9850597381592	1.1806316716163794	1.2
321.0016620159149	1.1806316716163794	1.2
321.01713347435	1.1813019748440963	1.2
321.0318877696991	1.1813019748440963	1.2
321.0481810569763	1.1813019748440963	1.2
321.0627770423889	1.1821096957112627	1.2
321.0742700099945	1.1821096957112627	1.2
321.0896894931793	1.1821096957112627	1.2
321.10577273368835	1.1833934939847748	1.2
321.118488073349	1.1833934939847748	1.2
321.1351671218872	1.1833934939847748	1.2
321.14947509765625	1.1832406203005639	1.2
321.16100215911865	1.1832406203005639	1.2
321.1789700984955	1.1832406203005639	1.2
321.19444847106934	1.182701551213913	1.2
321.20593905448914	1.182701551213913	1.2
321.21954441070557	1.182701551213913	1.2
321.235102891922	1.182701551213913	1.2
321.25074887275696	1.1820305340964874	1.2
321.2661998271942	1.1820305340964874	1.2
321.2823476791382	1.1820305340964874	1.2
321.295184135437	1.1814717652486524	1.2
321.3110041618347	1.1814717652486524	1.2
321.3280885219574	1.1814717652486524	1.2
321.34389185905457	1.1810886938456642	1.2
321.3568139076233	1.1810886938456642	1.2
321.37272930145264	1.1810886938456642	1.2
321.3889560699463	1.1801091086791025	1.2
321.4025089740753	1.1801091086791025	1.2
321.42024302482605	1.1801091086791025	1.2
321.4340395927429	1.178317319766696	1.2
321.4462959766388	1.178317319766696	1.2
321.4639365673065	1.178317319766696	1.2
321.48131012916565	1.179498511344174	1.2
321.49711871147156	1.179498511344174	1.2
321.5139858722687	1.1790590615763186	1.2
321.5262784957886	1.1790590615763186	1.2
321.54320645332336	1.1790590615763186	1.2
321.55932807922363	1.1790590615763186	1.2
321.5753581523895	1.1780821744690597	1.2
321.59113454818726	1.1780821744690597	1.2
321.60632514953613	1.17782386600511	1.2
321.62230920791626	1.17782386600511	1.2
321.63763999938965	1.17782386600511	1.2
321.65373063087463	1.17782386600511	1.2
321.66904067993164	1.1761230610207452	1.2
321.6829946041107	1.1761230610207452	1.2
321.70012617111206	1.1745305074205175	1.2
321.7159938812256	1.1745305074205175	1.2
321.73019528388977	1.1745305074205175	1.2
321.74617528915405	1.1735641903675647	1.2
321.7583372592926	1.1735641903675647	1.2
321.7707130908966	1.1735641903675647	1.2
321.78671765327454	1.1735641903675647	1.2
321.8017897605896	1.172651908882602	1.2
321.8172085285187	1.172651908882602	1.2
321.8335213661194	1.172273617990554	1.2
321.84562516212463	1.172273617990554	1.2
321.85966777801514	1.172273617990554	1.2
321.8767931461334	1.172273617990554	1.2
321.8914225101471	1.1730564732651836	1.2
321.9075825214386	1.1730564732651836	1.2
321.9230065345764	1.1730564732651836	1.2
321.9359381198883	1.1726369474964016	1.2
321.9543080329895	1.1726369474964016	1.2
321.9700632095337	1.1731452942420928	1.2
321.982390165329	1.1731452942420928	1.2
321.9984543323517	1.1731452942420928	1.2
322.0149402618408	1.1736887337069755	1.2
322.02989983558655	1.1736887337069755	1.2
322.0443160533905	1.1736887337069755	1.2
322.0590851306915	1.1742671568683316	1.2
322.0729122161865	1.1742671568683316	1.2
322.0880947113037	1.1742671568683316	1.2
322.1045506000519	1.1742671568683316	1.2
322.11928606033325	1.1763270309393474	1.2
322.1320106983185	1.1763270309393474	1.2
322.14844822883606	1.1763270309393474	1.2
322.1636686325073	1.1786069005375006	1.2
322.1778094768524	1.1786069005375006	1.2
322.19352197647095	1.1786069005375006	1.2
322.2075264453888	1.1807479330006865	1.2
322.2202842235565	1.1807479330006865	1.2
322.23586678504944	1.1807479330006865	1.2
322.25101613998413	1.1824769902311414	1.2
322.26635003089905	1.1824769902311414	1.2
322.28539872169495	1.1824769902311414	1.2
322.29908990859985	1.1842609656844632	1.2
322.3134431838989	1.1842609656844632	1.2
322.33327436447144	1.1842609656844632	1.2
322.3497197628021	1.1848083711784148	1.2
322.36378741264343	1.1848083711784148	1.2
322.3792886734009	1.1848083711784148	1.2
322.3939468860626	1.1849371683757677	1.2
322.4091899394989	1.1849371683757677	1.2
322.42513942718506	1.1849371683757677	1.2
322.4404182434082	1.18495942728003	1.2
322.45275235176086	1.18495942728003	1.2
322.46928691864014	1.18495942728003	1.2
322.4868621826172	1.1841510458571052	1.2
322.50066900253296	1.1841510458571052	1.2
322.5166015625	1.1841510458571052	1.2
322.5332918167114	1.183096233814566	1.2
322.54938673973083	1.183096233814566	1.2
322.565682888031	1.183096233814566	1.2
322.5805251598358	1.182295351702409	1.2
322.5964593887329	1.182295351702409	1.2
322.6131136417389	1.182295351702409	1.2
322.62726354599	1.1816444742265912	1.2
322.643652677536	1.1816444742265912	1.2
322.6602246761322	1.1816444742265912	1.2
322.67585492134094	1.1809626164358558	1.2
322.68804955482483	1.1809626164358558	1.2
322.7043857574463	1.1809626164358558	1.2
322.7203233242035	1.18077022375835	1.2
322.7334430217743	1.18077022375835	1.2
322.7495696544647	1.18077022375835	1.2
322.76509642601013	1.1800009592876868	1.2
322.7781734466553	1.1800009592876868	1.2
322.7942156791687	1.1800009592876868	1.2
322.80970668792725	1.179963170904535	1.2
322.82145166397095	1.179963170904535	1.2
322.8361916542053	1.179963170904535	1.2
322.8519892692566	1.18053470400558	1.2
322.865154504776	1.18053470400558	1.2
322.8820450305939	1.18053470400558	1.2
322.8959107398987	1.180772746769246	1.2
322.9074320793152	1.180772746769246	1.2
322.9223747253418	1.180772746769246	1.2
322.93753361701965	1.1818207633989577	1.2
322.9525601863861	1.1818207633989577	1.2
322.9685571193695	1.1818207633989577	1.2
322.9835410118103	1.1837737444650205	1.2
322.99607968330383	1.1837737444650205	1.2
323.01181292533875	1.1837737444650205	1.2
323.0276107788086	1.1852590037200348	1.2
323.0430488586426	1.1852590037200348	1.2
323.05637383461	1.1852590037200348	1.2
323.0719027519226	1.1852590037200348	1.2
323.0877447128296	1.1858759976471605	1.2
323.10293412208557	1.1858759976471605	1.2
323.1191065311432	1.1860001099598594	1.2
323.1350269317627	1.1860001099598594	1.2
323.14760851860046	1.1860001099598594	1.2
323.1633336544037	1.1860001099598594	1.2
323.177903175354	1.185633807249016	1.2
323.19470858573914	1.185633807249016	1.2
323.21047854423523	1.1859778352380639	1.2
323.2227900028229	1.1859778352380639	1.2
323.23717045783997	1.1859778352380639	1.2
323.25314450263977	1.1859778352380639	1.2
323.26846623420715	1.1869726296480017	1.2
323.28389048576355	1.1869726296480017	1.2
323.2990758419037	1.1869726296480017	1.2
323.313658952713	1.186855053563391	1.2
323.3298180103302	1.186855053563391	1.2
323.3457827568054	1.186855053563391	1.2
323.3621156215668	1.1877213388570649	1.2
323.3758862018585	1.1877213388570649	1.2
323.391273021698	1.1877213388570649	1.2
323.4066061973572	1.1881217767728076	1.2
323.4217276573181	1.1881217767728076	1.2
323.44018387794495	1.187957446944093	1.2
323.45410561561584	1.187957446944093	1.2
323.4669668674469	1.187957446944093	1.2
323.4858498573303	1.188191551944093	1.2
323.4990379810333	1.188191551944093	1.2
323.5121693611145	1.188191551944093	1.2
323.52827644348145	1.188191551944093	1.2
323.5430221557617	1.189087619955029	1.2
323.56008648872375	1.189087619955029	1.2
323.57597970962524	1.1916793409824311	1.2
323.5926549434662	1.1916793409824311	1.2
323.60761642456055	1.1916793409824311	1.2
323.62379717826843	1.1916793409824311	1.2
323.6394519805908	1.1935971552089506	1.2
323.6558573246002	1.1935971552089506	1.2
323.67132806777954	1.1955065719941567	1.2
323.6870458126068	1.1955065719941567	1.2
323.7035162448883	1.1955065719941567	1.2
323.72201442718506	1.1969081593891147	1.2
323.73826336860657	1.1969081593891147	1.2
323.7535545825958	1.1969081593891147	1.2
323.76993894577026	1.199453088745673	1.2
323.7849133014679	1.199453088745673	1.2
323.8021273612976	1.199453088745673	1.2
323.8164253234863	1.201711969054553	1.2
323.8279604911804	1.201711969054553	1.2
323.84401297569275	1.201711969054553	1.2
323.8596684932709	1.2046622872363713	1.2
323.8738479614258	1.2046622872363713	1.2
323.89193415641785	1.2046622872363713	1.2
323.9059319496155	1.2078073530624656	1.2
323.9184353351593	1.2078073530624656	1.2
323.9339666366577	1.2078073530624656	1.2
323.94980120658875	1.2105114164477349	1.2
323.9654176235199	1.2105114164477349	1.2
323.98101806640625	1.2105114164477349	1.2
323.9952812194824	1.2110018970766565	1.2
324.01084065437317	1.2110018970766565	1.2
324.0265498161316	1.2110018970766565	1.2
324.04385137557983	1.2107577377666072	1.2
324.0574896335602	1.2107577377666072	1.2
324.0725164413452	1.2107577377666072	1.2
324.08865904808044	1.2102527662820235	1.2
324.1027171611786	1.2102527662820235	1.2
324.1175467967987	1.2102527662820235	1.2
324.1332194805145	1.2089248333354898	1.2
324.14543104171753	1.2089248333354898	1.2
324.1590449810028	1.2089248333354898	1.2
324.1751968860626	1.2069431316548176	1.2
324.1879012584686	1.2069431316548176	1.2
324.2039520740509	1.2069431316548176	1.2
324.2228813171387	1.2034494926165793	1.2
324.2345540523529	1.2034494926165793	1.2
324.2504074573517	1.2034494926165793	1.2
324.26653575897217	1.2008915950042767	1.2
324.2788074016571	1.2008915950042767	1.2
324.29258036613464	1.2008915950042767	1.2
324.3085517883301	1.2008915950042767	1.2
324.3251450061798	1.1971050821837637	1.2
324.34087443351746	1.1971050821837637	1.2
324.35573720932007	1.1971050821837637	1.2
324.37036323547363	1.1927610338940255	1.2
324.38585782051086	1.1927610338940255	1.2
324.40270233154297	1.188910595508756	1.2
324.4183888435364	1.188910595508756	1.2
324.4316375255585	1.188910595508756	1.2
324.4470489025116	1.188910595508756	1.2
324.46310210227966	1.1870707723473672	1.2
324.4774158000946	1.1870707723473672	1.2
324.4931945800781	1.1870707723473672	1.2
324.5078043937683	1.1849324295380026	1.2
324.51958656311035	1.1849324295380026	1.2
324.5382478237152	1.1849324295380026	1.2
324.55367279052734	1.1834827345233396	1.2
324.5683834552765	1.1834827345233396	1.2
324.58401823043823	1.1834827345233396	1.2
324.5970358848572	1.182860983041126	1.2
324.6103901863098	1.182860983041126	1.2
324.6264510154724	1.182860983041126	1.2
324.6423668861389	1.182425807134943	1.2
324.657732963562	1.182425807134943	1.2
324.6732828617096	1.182425807134943	1.2
324.6881546974182	1.1838875629057781	1.2
324.70394349098206	1.1838875629057781	1.2
324.7198781967163	1.1838875629057781	1.2
324.7356448173523	1.1845304605180809	1.2
324.74865794181824	1.1845304605180809	1.2
324.76492619514465	1.1845304605180809	1.2
324.7822434902191	1.187555390814322	1.2
324.7976498603821	1.187555390814322	1.2
324.81393814086914	1.1914263056494867	1.2
324.82763266563416	1.1914263056494867	1.2
324.8402829170227	1.1914263056494867	1.2
324.8558051586151	1.1914263056494867	1.2
324.87003326416016	1.1952766458134212	1.2
324.88274693489075	1.1952766458134212	1.2
324.9004669189453	1.1952766458134212	1.2
324.91441583633423	1.200298917532087	1.2
324.9272530078888	1.200298917532087	1.2
324.9426181316376	1.200298917532087	1.2
324.9582257270813	1.2053940358960857	1.2
324.9708309173584	1.2053940358960857	1.2
324.98674988746643	1.2053940358960857	1.2
325.00237941741943	1.210690263168813	1.2
325.01619267463684	1.210690263168813	1.2
325.0317614078522	1.210690263168813	1.2
325.0469913482666	1.215592282670385	1.2
325.06200981140137	1.215592282670385	1.2
325.0780076980591	1.215592282670385	1.2
325.09448194503784	1.221916632104769	1.2
325.10953187942505	1.221916632104769	1.2
325.1255304813385	1.221916632104769	1.2
325.1398513317108	1.2273173123968626	1.2
325.15517687797546	1.2273173123968626	1.2
325.1702229976654	1.2273173123968626	1.2
325.1867551803589	1.2324423829700017	1.2
325.19861245155334	1.2324423829700017	1.2
325.213410615921	1.2324423829700017	1.2
325.2289662361145	1.2338385284969546	1.2
325.2430055141449	1.2338385284969546	1.2
325.2592611312866	1.2338385284969546	1.2
325.27443408966064	1.2342602568929042	1.2
325.28657627105713	1.2342602568929042	1.2
325.30267691612244	1.2342602568929042	1.2
325.3179121017456	1.2342602568929042	1.2
325.331680059433	1.233918311357069	1.2
325.34677052497864	1.233918311357069	1.2
325.36180233955383	1.233918311357069	1.2
325.3753774166107	1.2328165096797252	1.2
325.39103293418884	1.2328165096797252	1.2
325.4061961174011	1.2328165096797252	1.2
325.4231517314911	1.2311354513453712	1.2
325.43558621406555	1.2311354513453712	1.2
325.4500575065613	1.2311354513453712	1.2
325.46597242355347	1.2294190043539672	1.2
325.48039174079895	1.2294190043539672	1.2
325.4963276386261	1.2294190043539672	1.2
325.51151490211487	1.2276084468279196	1.2
325.5241119861603	1.2276084468279196	1.2
325.5406506061554	1.2276084468279196	1.2
325.55638122558594	1.2238279786568615	1.2
325.572185754776	1.2238279786568615	1.2
325.5878953933716	1.2238279786568615	1.2
325.60229229927063	1.2201204042180158	1.2
325.61483097076416	1.2201204042180158	1.2
325.630606174469	1.2201204042180158	1.2
325.645720243454	1.2163381907877338	1.2
325.66182136535645	1.2163381907877338	1.2
325.6767077445984	1.2163381907877338	1.2
325.69242548942566	1.214478791578156	1.2
325.70766496658325	1.214478791578156	1.2
325.72317004203796	1.214478791578156	1.2
325.73654103279114	1.2133177209627917	1.2
325.7513778209686	1.2133177209627917	1.2
325.76764726638794	1.2133177209627917	1.2
325.78413438796997	1.2127471276167436	1.2
325.7982976436615	1.2127471276167436	1.2
325.8138744831085	1.2127471276167436	1.2
325.8283815383911	1.2130408805954995	1.2
325.8436007499695	1.2130408805954995	1.2
325.86005330085754	1.2130408805954995	1.2
325.87569761276245	1.2128799694258763	1.2
325.8873338699341	1.2128799694258763	1.2
325.9022285938263	1.2128799694258763	1.2
325.9190933704376	1.2133471120694543	1.2
325.93232703208923	1.2133471120694543	1.2
325.9485869407654	1.2133471120694543	1.2
325.9625713825226	1.2133011127562674	1.2
325.9739944934845	1.2133011127562674	1.2
325.98776483535767	1.2133011127562674	1.2
326.0036869049072	1.2138613359705532	1.2
326.01852583885193	1.2138613359705532	1.2
326.03443121910095	1.2138613359705532	1.2
326.0497856140137	1.2136819581041525	1.2
326.0623002052307	1.2136819581041525	1.2
326.0776731967926	1.2136819581041525	1.2
326.0941352844238	1.2134049191045766	1.2
326.1095144748688	1.2134049191045766	1.2
326.12419295310974	1.2134049191045766	1.2
326.1387858390808	1.2135030775621123	1.2
326.1541712284088	1.2135030775621123	1.2
326.17012119293213	1.2135030775621123	1.2
326.18836426734924	1.2124267367964794	1.2
326.2028260231018	1.2124267367964794	1.2
326.2180383205414	1.2124267367964794	1.2
326.23419713974	1.2108499294168673	1.2
326.249475479126	1.2108499294168673	1.2
326.26549339294434	1.2108499294168673	1.2
326.2815134525299	1.2083310948096055	1.2
326.2930347919464	1.2083310948096055	1.2
326.3089921474457	1.2083310948096055	1.2
326.3246157169342	1.205948467688715	1.2
326.3390817642212	1.205948467688715	1.2
326.3549118041992	1.205948467688715	1.2
326.3695635795593	1.2033315641713727	1.2
326.38188219070435	1.2033315641713727	1.2
326.4017918109894	1.2033315641713727	1.2
326.41821932792664	1.2010467158053264	1.2
326.43473505973816	1.2010467158053264	1.2
326.45050716400146	1.2010467158053264	1.2
326.46355748176575	1.1987705729481837	1.2
326.47819447517395	1.1987705729481837	1.2
326.4932613372803	1.1987705729481837	1.2
326.5064618587494	1.1974299905779922	1.2
326.5216522216797	1.1974299905779922	1.2
326.5377607345581	1.1974299905779922	1.2
326.5537950992584	1.1967313198414444	1.2
326.5693781375885	1.1967313198414444	1.2
326.5859966278076	1.1967313198414444	1.2
326.60264801979065	1.195815170965418	1.2
326.61821818351746	1.195815170965418	1.2
326.63659143447876	1.195815170965418	1.2
326.650527715683	1.1955469525923899	1.2
326.6659424304962	1.1955469525923899	1.2
326.6823501586914	1.1955469525923899	1.2
326.69918394088745	1.1961255606536971	1.2
326.71577429771423	1.1961255606536971	1.2
326.73264622688293	1.196623683604517	1.2
326.745050907135	1.196623683604517	1.2
326.7596616744995	1.196623683604517	1.2
326.77562975883484	1.197950938294431	1.2
326.79111099243164	1.197950938294431	1.2
326.80661034584045	1.197950938294431	1.2
326.8217327594757	1.198859913013532	1.2
326.83524918556213	1.198859913013532	1.2
326.85237526893616	1.198859913013532	1.2
326.868935585022	1.1994157892250636	1.2
326.88426899909973	1.1994157892250636	1.2
326.89742279052734	1.1994157892250636	1.2
326.91308307647705	1.2018072618975097	1.2
326.92890548706055	1.2018072618975097	1.2
326.94519782066345	1.2018072618975097	1.2
326.9616537094116	1.2025042107151864	1.2
326.97353053092957	1.2025042107151864	1.2
326.98592162132263	1.2025042107151864	1.2
327.00213599205017	1.2025042107151864	1.2
327.0164473056793	1.2031334512468619	1.2
327.0311758518219	1.2031334512468619	1.2
327.0470402240753	1.2031334512468619	1.2
327.0596480369568	1.2039003094179903	1.2
327.07187962532043	1.2039003094179903	1.2
327.0880446434021	1.2039003094179903	1.2
327.10265493392944	1.2059612367074517	1.2
327.1181778907776	1.2059612367074517	1.2
327.1337842941284	1.2059612367074517	1.2
327.1470549106598	1.2076943753393168	1.2
327.1626648902893	1.2076943753393168	1.2
327.1785786151886	1.2076943753393168	1.2
327.19440603256226	1.2090957174445802	1.2
327.2084698677063	1.2090957174445802	1.2
327.2236032485962	1.2090957174445802	1.2
327.2389588356018	1.210421855982831	1.2
327.25421118736267	1.210421855982831	1.2
327.2698128223419	1.210421855982831	1.2
327.286217212677	1.2122687830064494	1.2
327.3006377220154	1.2122687830064494	1.2
327.31704211235046	1.2122687830064494	1.2
327.3332042694092	1.2146940521330136	1.2
327.345849275589	1.2146940521330136	1.2
327.362069606781	1.2146940521330136	1.2
327.3781394958496	1.2160924552877375	1.2
327.3915319442749	1.2160924552877375	1.2
327.4087038040161	1.2160924552877375	1.2
327.4231595993042	1.218730605868116	1.2
327.4348406791687	1.218730605868116	1.2
327.45046496391296	1.218730605868116	1.2
327.46538400650024	1.2210905860615753	1.2
327.48013615608215	1.2210905860615753	1.2
327.49626994132996	1.2210905860615753	1.2
327.51157879829407	1.2240040772431064	1.2
327.52619647979736	1.2240040772431064	1.2
327.542355298996	1.2240040772431064	1.2
327.5597312450409	1.2252431234895431	1.2
327.57485842704773	1.2252431234895431	1.2
327.5902318954468	1.2252431234895431	1.2
327.6047639846802	1.2264444965302954	1.2
327.61990571022034	1.2264444965302954	1.2
327.63598227500916	1.2264444965302954	1.2
327.651700258255	1.227667573779871	1.2
327.66348934173584	1.227667573779871	1.2
327.6772437095642	1.227667573779871	1.2
327.69373297691345	1.2284990540694927	1.2
327.7072560787201	1.2284990540694927	1.2
327.72257137298584	1.2284990540694927	1.2
327.7387475967407	1.2291651747986834	1.2
327.7503628730774	1.2291651747986834	1.2
327.76380586624146	1.2291651747986834	1.2
327.7800645828247	1.2291651747986834	1.2
327.79404163360596	1.2302134623046554	1.2
327.8093192577362	1.2302134623046554	1.2
327.82458567619324	1.2302134623046554	1.2
327.8383650779724	1.2308841447192438	1.2
327.8538992404938	1.2308841447192438	1.2
327.8703119754791	1.2308841447192438	1.2
327.88574409484863	1.2313103251703716	1.2
327.9004445075989	1.2313103251703716	1.2
327.9163932800293	1.2313103251703716	1.2
327.93272519111633	1.2320503921831134	1.2
327.94760251045227	1.2320503921831134	1.2
327.9640417098999	1.2314069126835063	1.2
327.97735047340393	1.2314069126835063	1.2
327.9892942905426	1.2314069126835063	1.2
328.00527811050415	1.2314069126835063	1.2
328.02034091949463	1.2317530855852314	1.2
328.0328884124756	1.2317530855852314	1.2
328.0486855506897	1.2317530855852314	1.2
328.06449127197266	1.2316563153554614	1.2
328.0772590637207	1.2316563153554614	1.2
328.0924861431122	1.2316563153554614	1.2
328.10779213905334	1.2321846560006229	1.2
328.12013363838196	1.2321846560006229	1.2
328.13568472862244	1.2321846560006229	1.2
328.15281915664673	1.2315279002563666	1.2
328.1687729358673	1.2315279002563666	1.2
328.1856641769409	1.2315279002563666	1.2
328.1987533569336	1.2308090378968162	1.2
328.21461486816406	1.2308090378968162	1.2
328.22982692718506	1.2308090378968162	1.2
328.2463183403015	1.2296461005052606	1.2
328.2623698711395	1.2296461005052606	1.2
328.2781150341034	1.2296461005052606	1.2
328.2941060066223	1.2284370072065347	1.2
328.30937242507935	1.2284370072065347	1.2
328.3256516456604	1.2284370072065347	1.2
328.34149622917175	1.2262923853577952	1.2
328.3536558151245	1.2262923853577952	1.2
328.36896204948425	1.2262923853577952	1.2
328.38462114334106	1.2235911013120861	1.2
328.39811635017395	1.2235911013120861	1.2
328.41897797584534	1.2235911013120861	1.2
328.4338252544403	1.2211287312146146	1.2
328.4468231201172	1.2211287312146146	1.2
328.46309304237366	1.2211287312146146	1.2
328.47807455062866	1.2179659112286716	1.2
328.4939754009247	1.2179659112286716	1.2
328.5099277496338	1.2179659112286716	1.2
328.52432322502136	1.2154495488003392	1.2
328.5413691997528	1.2154495488003392	1.2
328.55814027786255	1.2154495488003392	1.2
328.5757396221161	1.2137994459431962	1.2
328.58848810195923	1.2137994459431962	1.2
328.60406470298767	1.2137994459431962	1.2
328.6198024749756	1.213270772195684	1.2
328.6340615749359	1.213270772195684	1.2
328.6498703956604	1.213270772195684	1.2
328.66415333747864	1.2100412744939475	1.2
328.67573380470276	1.2100412744939475	1.2
328.6907682418823	1.2100412744939475	1.2
328.70643877983093	1.2067097840633254	1.2
328.72070121765137	1.2067097840633254	1.2
328.7383244037628	1.2067097840633254	1.2
328.75181126594543	1.2037031060452326	1.2
328.7636687755585	1.2037031060452326	1.2
328.7791826725006	1.2037031060452326	1.2
328.7946858406067	1.2021218379016114	1.2
328.80672574043274	1.2021218379016114	1.2
328.82228112220764	1.2021218379016114	1.2
328.83800292015076	1.2021218379016114	1.2
328.85097575187683	1.2013063656660812	1.2
328.8666341304779	1.2013063656660812	1.2
328.88236117362976	1.2013063656660812	1.2
328.89580726623535	1.2008950798985247	1.2
328.9129204750061	1.2008950798985247	1.2
328.93016934394836	1.2008950798985247	1.2
328.9471881389618	1.2008302177215118	1.2
328.96319127082825	1.2008302177215118	1.2
328.9811351299286	1.1995895813378457	1.2
328.99623942375183	1.1995895813378457	1.2
329.0128858089447	1.1995895813378457	1.2
329.03193187713623	1.197714425627653	1.2
329.04360699653625	1.197714425627653	1.2
329.05934500694275	1.197714425627653	1.2
329.0753479003906	1.1964548784960447	1.2
329.0882074832916	1.1964548784960447	1.2
329.1040105819702	1.1964548784960447	1.2
329.11810994148254	1.197636158890349	1.2
329.12985944747925	1.197636158890349	1.2
329.1463255882263	1.197636158890349	1.2
329.1623203754425	1.1982833583852988	1.2
329.17796206474304	1.1982833583852988	1.2
329.19398498535156	1.1982833583852988	1.2
329.2086441516876	1.199757272457037	1.2
329.2228858470917	1.199757272457037	1.2
329.24342012405396	1.199757272457037	1.2
329.2636036872864	1.2009101974898289	1.2
329.2787981033325	1.2009101974898289	1.2
329.29231667518616	1.2009101974898289	1.2
329.30962467193604	1.2009101974898289	1.2
329.3241777420044	1.2023214503034765	1.2
329.3427143096924	1.2023214503034765	1.2
329.35929226875305	1.202533590637632	1.2
329.3729476928711	1.202533590637632	1.2
329.3890733718872	1.202533590637632	1.2
329.4053680896759	1.2032825841708719	1.2
329.4220805168152	1.2032825841708719	1.2
329.437109708786	1.2032825841708719	1.2
329.4535782337189	1.204513730855347	1.2
329.4694290161133	1.204513730855347	1.2
329.48541164398193	1.204513730855347	1.2
329.4994475841522	1.2054553069850094	1.2
329.51455903053284	1.2054553069850094	1.2
329.5295944213867	1.2054553069850094	1.2
329.5456178188324	1.2058116739827178	1.2
329.5615384578705	1.2058116739827178	1.2
329.57805919647217	1.2058116739827178	1.2
329.5937840938568	1.2061429390429586	1.2
329.6086723804474	1.2061429390429586	1.2
329.62997221946716	1.2061429390429586	1.2
329.6469147205353	1.207195534388304	1.2
329.66232204437256	1.207195534388304	1.2
329.6785235404968	1.207195534388304	1.2
329.6946578025818	1.2072196284226822	1.2
329.71019196510315	1.2072196284226822	1.2
329.7258505821228	1.2071349694755453	1.2
329.73788928985596	1.2071349694755453	1.2
329.7567071914673	1.2071349694755453	1.2
329.77333307266235	1.205882609227098	1.2
329.78875494003296	1.205882609227098	1.2
329.8040132522583	1.205882609227098	1.2
329.81872820854187	1.2063089997864356	1.2
329.8333010673523	1.2063089997864356	1.2
329.84927582740784	1.2063089997864356	1.2
329.86526703834534	1.205711411111865	1.2
329.8790428638458	1.205711411111865	1.2
329.8943455219269	1.205711411111865	1.2
329.9099988937378	1.206973518497484	1.2
329.9263017177582	1.206973518497484	1.2
329.94227504730225	1.206973518497484	1.2
329.95887899398804	1.2079356514614727	1.2
329.97036814689636	1.2079356514614727	1.2
329.98511815071106	1.2079356514614727	1.2
330.00173258781433	1.2079356514614727	1.2
330.0154564380646	1.2075613853679237	1.2
330.03123331069946	1.2075613853679237	1.2
330.046879529953	1.2075613853679237	1.2
330.0591812133789	1.2073941277148623	1.2
330.0741138458252	1.2073941277148623	1.2
330.0904095172882	1.2073941277148623	1.2
330.1070568561554	1.2071003024153362	1.2
330.1226165294647	1.2071003024153362	1.2
330.13884568214417	1.20570356827421	1.2
330.1536319255829	1.20570356827421	1.2
330.1688530445099	1.20570356827421	1.2
330.18568992614746	1.204575569419276	1.2
330.2010009288788	1.204575569419276	1.2
330.2157425880432	1.204575569419276	1.2
330.2331681251526	1.2041707965155493	1.2
330.24775981903076	1.2041707965155493	1.2
330.26237988471985	1.2041707965155493	1.2
330.2779097557068	1.2027298159364723	1.2
330.2932336330414	1.2027298159364723	1.2
330.30690002441406	1.2027298159364723	1.2
330.32308554649353	1.2013156190403322	1.2
330.3363707065582	1.2013156190403322	1.2
330.348934173584	1.2013156190403322	1.2
330.36433720588684	1.2013156190403322	1.2
330.3783268928528	1.199175414606413	1.2
330.39415526390076	1.199175414606413	1.2
330.4100835323334	1.199175414606413	1.2
330.42361783981323	1.1974767665800972	1.2
330.43782138824463	1.1974767665800972	1.2
330.4539830684662	1.1974767665800972	1.2
330.46863532066345	1.1966934667980786	1.2
330.4847514629364	1.1966934667980786	1.2
330.49973249435425	1.1966934667980786	1.2
330.5134494304657	1.1954429771983928	1.2
330.52943754196167	1.1954429771983928	1.2
330.54522252082825	1.1954429771983928	1.2
330.56189727783203	1.1945058168975646	1.2
330.5764493942261	1.1945058168975646	1.2
330.5931453704834	1.1945058168975646	1.2
330.60917687416077	1.1944289072213237	1.2
330.622492313385	1.1944289072213237	1.2
330.6383852958679	1.1944289072213237	1.2
330.65285897254944	1.1943954442686775	1.2
330.66480684280396	1.1943954442686775	1.2
330.67981362342834	1.1943954442686775	1.2
330.69530987739563	1.1931509846713808	1.2
330.71074414253235	1.1931509846713808	1.2
330.7265338897705	1.1931509846713808	1.2
330.7418782711029	1.1929174671623943	1.2
330.75429105758667	1.1929174671623943	1.2
330.77032923698425	1.1929174671623943	1.2
330.78578519821167	1.1927013134678133	1.2
330.80159854888916	1.1927013134678133	1.2
330.8176429271698	1.1927013134678133	1.2
330.83413314819336	1.1925276347542852	1.2
330.8510389328003	1.1925276347542852	1.2
330.8663098812103	1.1925276347542852	1.2
330.8827531337738	1.1920236436828566	1.2
330.8955144882202	1.1920236436828566	1.2
330.91041707992554	1.1920236436828566	1.2
330.92638659477234	1.1920560051980786	1.2
330.93962049484253	1.1920560051980786	1.2
330.9551486968994	1.1920560051980786	1.2
330.97064447402954	1.1917000780992408	1.2
330.9827709197998	1.1917000780992408	1.2
330.9968273639679	1.1917000780992408	1.2
331.0171775817871	1.1918343552869572	1.2
331.0292112827301	1.1918343552869572	1.2
331.042950630188	1.1918343552869572	1.2
331.0587320327759	1.1918343552869572	1.2
331.073130607605	1.1915919627661882	1.2
331.0885248184204	1.1915919627661882	1.2
331.1044328212738	1.1915919627661882	1.2
331.11820125579834	1.1912427102880543	1.2
331.1337594985962	1.1912427102880543	1.2
331.1496956348419	1.1912427102880543	1.2
331.1656188964844	1.1924145570747917	1.2
331.1787688732147	1.1924145570747917	1.2
331.1938328742981	1.1924145570747917	1.2
331.20966267585754	1.193767386906725	1.2
331.22381806373596	1.193767386906725	1.2
331.2398006916046	1.193767386906725	1.2
331.25588488578796	1.1957473076519973	1.2
331.2676999568939	1.1957473076519973	1.2
331.2837417125702	1.1957473076519973	1.2
331.2996337413788	1.196780603004321	1.2
331.3135223388672	1.196780603004321	1.2
331.3326005935669	1.196780603004321	1.2
331.3490571975708	1.197218337131305	1.2
331.3624391555786	1.197218337131305	1.2
331.3781704902649	1.197218337131305	1.2
331.3946216106415	1.1989484814038804	1.2
331.41006898880005	1.1989484814038804	1.2
331.42515873908997	1.1989484814038804	1.2
331.43830037117004	1.2005112947282752	1.2
331.45471572875977	1.2005112947282752	1.2
331.47151494026184	1.2005112947282752	1.2
331.4867014884949	1.2024806682603262	1.2
331.4997208118439	1.2024806682603262	1.2
331.5150318145752	1.2024806682603262	1.2
331.530556678772	1.2053376134001588	1.2
331.5462260246277	1.2053376134001588	1.2
331.5624530315399	1.2053376134001588	1.2
331.5783476829529	1.2082568488051222	1.2
331.5909743309021	1.2082568488051222	1.2
331.60672664642334	1.2082568488051222	1.2
331.6220815181732	1.2107071610756102	1.2
331.6354217529297	1.2107071610756102	1.2
331.6524028778076	1.2107071610756102	1.2
331.6673905849457	1.2128760120528088	1.2
331.68073534965515	1.2128760120528088	1.2
331.6996998786926	1.2128760120528088	1.2
331.7149693965912	1.2161150906629987	1.2
331.7308187484741	1.2161150906629987	1.2
331.7459363937378	1.2161150906629987	1.2
331.7606256008148	1.218942467676442	1.2
331.7759165763855	1.218942467676442	1.2
331.7928218841553	1.218942467676442	1.2
331.8061475753784	1.2225990004442397	1.2
331.8208577632904	1.2225990004442397	1.2
331.83651971817017	1.2225990004442397	1.2
331.85293221473694	1.2256654151860875	1.2
331.86581015586853	1.2256654151860875	1.2
331.8824534416199	1.2256654151860875	1.2
331.899037361145	1.2310899971435103	1.2
331.91418838500977	1.2310899971435103	1.2
331.9306766986847	1.2310899971435103	1.2
331.9449653625488	1.2356292576072148	1.2
331.9568567276001	1.2356292576072148	1.2
331.9728765487671	1.2356292576072148	1.2
331.98902916908264	1.2396358928168911	1.2
332.00316286087036	1.2396358928168911	1.2
332.0190670490265	1.2396358928168911	1.2
332.0332360267639	1.2444130060857141	1.2
332.0459702014923	1.2444130060857141	1.2
332.06288480758667	1.2444130060857141	1.2
332.0775854587555	1.2496115538629775	1.2
332.09371280670166	1.2496115538629775	1.2
332.1087791919708	1.2496115538629775	1.2
332.1229360103607	1.2554214410163427	1.2
332.13800072669983	1.2554214410163427	1.2
332.15368604660034	1.2554214410163427	1.2
332.1703083515167	1.258838793519867	1.2
332.1849467754364	1.258838793519867	1.2
332.20025849342346	1.258838793519867	1.2
332.21698784828186	1.262557432947783	1.2
332.2318494319916	1.262557432947783	1.2
332.24719405174255	1.262557432947783	1.2
332.26283621788025	1.2656619962864795	1.2
332.27430725097656	1.2656619962864795	1.2
332.2884466648102	1.2656619962864795	1.2
332.3039011955261	1.2659260316626524	1.2
332.31703639030457	1.2659260316626524	1.2
332.3327589035034	1.2659260316626524	1.2
332.34855818748474	1.2644379204885174	1.2
332.36000990867615	1.2644379204885174	1.2
332.3755421638489	1.2644379204885174	1.2
332.3917601108551	1.2621358727159837	1.2
332.40729665756226	1.2621358727159837	1.2
332.4228003025055	1.2621358727159837	1.2
332.4387366771698	1.2595896765306978	1.2
332.4530038833618	1.2595896765306978	1.2
332.4688150882721	1.2595896765306978	1.2
332.48475217819214	1.255097769384037	1.2
332.500572681427	1.255097769384037	1.2
332.51522946357727	1.255097769384037	1.2
332.5301978588104	1.249928971048924	1.2
332.54623007774353	1.249928971048924	1.2
332.5621175765991	1.249928971048924	1.2
332.57892322540283	1.2428598933661215	1.2
332.5947976112366	1.2428598933661215	1.2
332.6110110282898	1.2428598933661215	1.2
332.62767791748047	1.2364551741292404	1.2
332.6420524120331	1.2364551741292404	1.2
332.65778613090515	1.2364551741292404	1.2
332.674524307251	1.2304834094233579	1.2
332.68860268592834	1.2304834094233579	1.2
332.7072768211365	1.2304834094233579	1.2
332.72424697875977	1.2245309440493968	1.2
332.74151587486267	1.2245309440493968	1.2
332.7583358287811	1.2245309440493968	1.2
332.77293062210083	1.220275309504526	1.2
332.78830909729004	1.220275309504526	1.2
332.8044309616089	1.220275309504526	1.2
332.81880950927734	1.2159927914644049	1.2
332.8349714279175	1.2159927914644049	1.2
332.8510847091675	1.2159927914644049	1.2
332.8667690753937	1.212727372402043	1.2
332.8787693977356	1.212727372402043	1.2
332.8939890861511	1.212727372402043	1.2
332.9103503227234	1.2101258588885295	1.2
332.9239385128021	1.2101258588885295	1.2
332.9407958984375	1.2101258588885295	1.2
332.95669507980347	1.2087117954879532	1.2
332.968510389328	1.2087117954879532	1.2
332.9854018688202	1.2087117954879532	1.2
333.0026869773865	1.2061039754149248	1.2
333.01822209358215	1.2061039754149248	1.2
333.0340633392334	1.2061039754149248	1.2
333.0469934940338	1.2050104661647683	1.2
333.0629029273987	1.2050104661647683	1.2
333.0791850090027	1.2050104661647683	1.2
333.09490871429443	1.2046825825040255	1.2
333.109454870224	1.2046825825040255	1.2
333.1256175041199	1.2046825825040255	1.2
333.1407961845398	1.2034992342825448	1.2
333.15535140037537	1.2034992342825448	1.2
333.17146492004395	1.2034992342825448	1.2
333.18762493133545	1.2022413643074539	1.2
333.1991126537323	1.2022413643074539	1.2
333.2158703804016	1.2022413643074539	1.2
333.2321181297302	1.2014164475386517	1.2
333.24585342407227	1.2014164475386517	1.2
333.2635769844055	1.2014164475386517	1.2
333.27748584747314	1.2009045456622476	1.2
333.28963923454285	1.2009045456622476	1.2
333.3084638118744	1.2009045456622476	1.2
333.32400918006897	1.1989754596449653	1.2
333.33633375167847	1.1989754596449653	1.2
333.35619735717773	1.1989754596449653	1.2
333.3720932006836	1.1980227066677138	1.2
333.38775658607483	1.1980227066677138	1.2
333.40381503105164	1.1980227066677138	1.2
333.418240070343	1.1966123236422495	1.2
333.43409180641174	1.1966123236422495	1.2
333.4505949020386	1.1966123236422495	1.2
333.4674024581909	1.1961331891693856	1.2
333.48137879371643	1.1961331891693856	1.2
333.49546670913696	1.1961331891693856	1.2
333.5107352733612	1.1951304821866569	1.2
333.52614164352417	1.1951304821866569	1.2
333.5420935153961	1.1951304821866569	1.2
333.5573823451996	1.1930896917239207	1.2
333.5732307434082	1.1930896917239207	1.2
333.5898265838623	1.1930896917239207	1.2
333.6058597564697	1.191287422862747	1.2
333.61998414993286	1.191287422862747	1.2
333.6364731788635	1.191287422862747	1.2
333.650267124176	1.1904700531789636	1.2
333.66288447380066	1.1904700531789636	1.2
333.678503036499	1.1904700531789636	1.2
333.69429898262024	1.1910674358816662	1.2
333.70971727371216	1.1910674358816662	1.2
333.72504568099976	1.1910674358816662	1.2
333.73989963531494	1.1858884217177696	1.2
333.7549662590027	1.1858884217177696	1.2
333.77053594589233	1.1858884217177696	1.2
333.785861492157	1.1791242000893387	1.2
333.7999303340912	1.1791242000893387	1.2
333.8137459754944	1.1791242000893387	1.2
333.82950949668884	1.1670343656626727	1.2
333.8455636501312	1.1670343656626727	1.2
333.8599739074707	1.1670343656626727	1.2
333.8758370876312	1.153677878922075	1.2
333.88796734809875	1.153677878922075	1.2
333.90083956718445	1.153677878922075	1.2
333.9167733192444	1.153677878922075	1.2
333.93064403533936	1.1378986487686835	1.2
333.9454617500305	1.1378986487686835	1.2
333.9619596004486	1.1378986487686835	1.2
333.97449922561646	nan	1.2
333.9877812862396	nan	1.2
334.0063126087189	nan	1.2
334.023090839386	nan	1.2
334.03835248947144	nan	1.2
334.053795337677	nan	1.2
334.0693919658661	nan	1.2
334.08456897735596	nan	1.2
334.10024404525757	nan	1.2
334.11373591423035	nan	1.2
334.13019132614136	nan	1.2
334.1467134952545	nan	1.2
334.1632182598114	nan	1.2
334.17698669433594	nan	1.2
334.19365096092224	nan	1.2
334.2092034816742	nan	1.2
334.2235176563263	nan	1.2
334.2398648262024	nan	1.2
334.2529327869415	nan	1.2
334.26543712615967	nan	1.2
334.2810673713684	nan	1.2
334.2952296733856	nan	1.2
334.3096535205841	nan	1.2
334.32519936561584	nan	1.2
334.3387734889984	nan	1.2
334.3507823944092	nan	1.2
334.36632919311523	nan	1.2
334.3817846775055	nan	1.2
334.3965873718262	nan	1.2
334.4129753112793	nan	1.2
334.4262852668762	nan	1.2
334.43990325927734	nan	1.2
334.4564383029938	nan	1.2
334.4732744693756	nan	1.2
334.4872884750366	nan	1.2
334.50254464149475	nan	1.2
334.5184233188629	nan	1.2
334.532972574234	nan	1.2
334.54873847961426	nan	1.2
334.5646731853485	nan	1.2
334.5811686515808	nan	1.2
334.5960817337036	nan	1.2
334.6121106147766	nan	1.2
334.6241765022278	nan	1.2
334.64293026924133	nan	1.2
334.6564214229584	nan	1.2
334.6683785915375	nan	1.2
334.68472361564636	nan	1.2
334.69911432266235	nan	1.2
334.7128336429596	nan	1.2
334.727961063385	nan	1.2
334.74242544174194	nan	1.2
334.75630497932434	nan	1.2
334.77282428741455	nan	1.2
334.7876913547516	nan	1.2
334.8000409603119	nan	1.2
334.81559801101685	nan	1.2
334.8307797908783	nan	1.2
334.84219765663147	nan	1.2
334.85800099372864	nan	1.2
334.8738012313843	nan	1.2
334.8887484073639	nan	1.2
334.90543580055237	nan	1.2
334.92026925086975	nan	1.2
334.9366087913513	nan	1.2
334.9534978866577	nan	1.2
334.9689476490021	nan	1.2
334.9830334186554	nan	1.2
334.99810314178467	nan	1.2
335.0157163143158	nan	1.2
335.02996349334717	nan	1.2
335.04565596580505	nan	1.2
335.06174492836	nan	1.2
335.0735237598419	nan	1.2
335.0894901752472	nan	1.2
335.1054308414459	nan	1.2
335.11892580986023	nan	1.2
335.13464093208313	nan	1.2
335.14940547943115	nan	1.2
335.161012172699	nan	1.2
335.17508602142334	nan	1.2
335.1934630870819	nan	1.2
335.2087314128876	nan	1.2
335.2237422466278	nan	1.2
335.23875188827515	nan	1.2
335.251092672348	nan	1.2
335.2672486305237	nan	1.2
335.28386211395264	nan	1.2
335.2990038394928	nan	1.2
335.3142681121826	nan	1.2
335.3278269767761	nan	1.2
335.33966159820557	nan	1.2
335.3545196056366	nan	1.2
335.36982583999634	nan	1.2
335.38332414627075	nan	1.2
335.40168285369873	nan	1.2
335.415771484375	nan	1.2
335.42973923683167	nan	1.2
335.44515895843506	nan	1.2
335.46187114715576	nan	1.2
335.4766595363617	nan	1.2
335.4908058643341	nan	1.2
335.50700068473816	nan	1.2
335.5232152938843	nan	1.2
335.5400676727295	nan	1.2
335.55639266967773	nan	1.2
335.5723192691803	nan	1.2
335.590220451355	nan	1.2
335.60601830482483	nan	1.2
335.62239170074463	nan	1.2
335.6390976905823	nan	1.2
335.6548490524292	nan	1.2
335.6708388328552	nan	1.2
335.68666768074036	nan	1.2
335.70290184020996	nan	1.2
335.71931290626526	nan	1.2
335.7335138320923	nan	1.2
335.75065088272095	nan	1.2
335.7669644355774	nan	1.2
335.7796902656555	nan	1.2
335.7928283214569	nan	1.2
335.8100621700287	nan	1.2
335.82423281669617	nan	1.2
335.84090423583984	nan	1.2
335.85713744163513	nan	1.2
335.8699653148651	nan	1.2
335.8851418495178	nan	1.2
335.9005105495453	nan	1.2
335.9160706996918	nan	1.2
335.92976784706116	nan	1.2
335.9454073905945	nan	1.2
335.96177220344543	nan	1.2
335.97635865211487	nan	1.2
335.9918797016144	nan	1.2
336.00616455078125	nan	1.2
336.02145171165466	nan	1.2
336.0388214588165	nan	1.2
336.0534391403198	nan	1.2
336.06804752349854	nan	1.2
336.0832314491272	nan	1.2
336.09876132011414	nan	1.2
336.1133635044098	nan	1.2
336.1292726993561	nan	1.2
336.14170932769775	nan	1.2
336.1544494628906	nan	1.2
336.17058801651	nan	1.2
336.1848132610321	nan	1.2
336.19975209236145	nan	1.2
336.21551609039307	nan	1.2
336.2285439968109	nan	1.2
336.24068307876587	nan	1.2
336.25640964508057	nan	1.2
336.2704803943634	nan	1.2
336.2855694293976	nan	1.2
336.3013446331024	nan	1.2
336.3155357837677	nan	1.2
336.3312792778015	nan	1.2
336.34690713882446	nan	1.2
336.36266016960144	nan	1.2
336.377165555954	nan	1.2
336.39209842681885	nan	1.2
336.4072484970093	nan	1.2
336.4226224422455	nan	1.2
336.43791699409485	nan	1.2
336.4536099433899	nan	1.2
336.46585726737976	nan	1.2
336.4803695678711	nan	1.2
336.49650049209595	nan	1.2
336.5100772380829	nan	1.2
336.5263910293579	nan	1.2
336.54158544540405	nan	1.2
336.55686807632446	nan	1.2
336.5739459991455	nan	1.2
336.59001541137695	nan	1.2
336.60585021972656	nan	1.2
336.62157225608826	nan	1.2
336.6347186565399	nan	1.2
336.6492772102356	nan	1.2
336.66640162467957	nan	1.2
336.68263244628906	nan	1.2
336.69642066955566	nan	1.2
336.71141600608826	nan	1.2
336.7278139591217	nan	1.2
336.743492603302	nan	1.2
336.7585575580597	nan	1.2
336.7730722427368	nan	1.2
336.78931045532227	nan	1.2
336.80515694618225	nan	1.2
336.82090520858765	nan	1.2
336.83594727516174	nan	1.2
336.8525273799896	nan	1.2
336.8679633140564	nan	1.2
336.8847815990448	nan	1.2
336.9000964164734	nan	1.2
336.912593126297	nan	1.2
336.93089962005615	nan	1.2
336.9483530521393	nan	1.2
336.9633243083954	nan	1.2
336.9794509410858	nan	1.2
336.99231123924255	nan	1.2
337.00395345687866	nan	1.2
337.02133345603943	nan	1.2
337.03526735305786	nan	1.2
337.0502190589905	nan	1.2
337.06716871261597	nan	1.2
337.0806679725647	nan	1.2
337.095986366272	nan	1.2
337.1112844944	nan	1.2
337.1273193359375	nan	1.2
337.1412146091461	nan	1.2
337.1560757160187	nan	1.2
337.1717483997345	nan	1.2
337.1873002052307	nan	1.2
337.2038688659668	nan	1.2
337.21881580352783	nan	1.2
337.2317371368408	nan	1.2
337.24914145469666	nan	1.2
337.2662591934204	nan	1.2
337.2795226573944	nan	1.2
337.2954752445221	nan	1.2
337.3088595867157	nan	1.2
337.32063150405884	nan	1.2
337.33611011505127	nan	1.2
337.35104274749756	nan	1.2
337.3646433353424	nan	1.2
337.38083696365356	nan	1.2
337.39399099349976	nan	1.2
337.4055173397064	nan	1.2
337.42116832733154	nan	1.2
337.4364712238312	nan	1.2
337.45193004608154	nan	1.2
337.4669289588928	nan	1.2
337.4817485809326	nan	1.2
337.49783992767334	nan	1.2
337.5139169692993	nan	1.2
337.52809166908264	nan	1.2
337.54315161705017	nan	1.2
337.5592565536499	nan	1.2
337.57575249671936	nan	1.2
337.59161829948425	nan	1.2
337.60723209381104	nan	1.2
337.62241649627686	nan	1.2
337.63828897476196	nan	1.2
337.65458631515503	nan	1.2
337.6694800853729	nan	1.2
337.68209195137024	nan	1.2
337.6982011795044	nan	1.2
337.71504282951355	nan	1.2
337.72986698150635	nan	1.2
337.74612283706665	nan	1.2
337.7590420246124	nan	1.2
337.7707567214966	nan	1.2
337.78779792785645	nan	1.2
337.80127811431885	nan	1.2
337.8160560131073	nan	1.2
337.83155393600464	nan	1.2
337.8432996273041	nan	1.2
337.8568675518036	nan	1.2
337.8729794025421	nan	1.2
337.8888201713562	nan	1.2
337.9044485092163	nan	1.2
337.9195613861084	nan	1.2
337.93185091018677	nan	1.2
337.94744777679443	nan	1.2
337.9634864330292	nan	1.2
337.9797348976135	nan	1.2
337.99444222450256	nan	1.2
338.01083064079285	nan	1.2
338.0266194343567	nan	1.2
338.0403928756714	nan	1.2
338.0579037666321	nan	1.2
338.0718460083008	nan	1.2
338.08314085006714	nan	1.2
338.0982472896576	nan	1.2
338.11471366882324	nan	1.2
338.12811732292175	nan	1.2
338.1438674926758	nan	1.2
338.1580708026886	nan	1.2
338.1695852279663	nan	1.2
338.18677711486816	nan	1.2
338.2018311023712	nan	1.2
338.21547079086304	nan	1.2
338.23159074783325	nan	1.2
338.2464337348938	nan	1.2
338.2611062526703	nan	1.2
338.2776885032654	nan	1.2
338.29160046577454	nan	1.2
338.3039426803589	nan	1.2
338.3198881149292	nan	1.2
338.3359372615814	nan	1.2
338.3518316745758	nan	1.2
338.36825132369995	nan	1.2
338.3819878101349	nan	1.2
338.3976652622223	nan	1.2
338.41452980041504	nan	1.2
338.4302017688751	nan	1.2
338.4449849128723	nan	1.2
338.46175384521484	nan	1.2
338.4778678417206	nan	1.2
338.4931478500366	nan	1.2
338.50931668281555	nan	1.2
338.52280497550964	nan	1.2
338.53611421585083	nan	1.2
338.5519549846649	nan	1.2
338.5673487186432	nan	1.2
338.5853862762451	nan	1.2
338.6013629436493	nan	1.2
338.6170861721039	nan	1.2
338.63351249694824	nan	1.2
338.6473128795624	nan	1.2
338.66333055496216	nan	1.2
338.68282556533813	nan	1.2
338.6945185661316	nan	1.2
338.7103590965271	nan	1.2
338.72677087783813	nan	1.2
338.743451833725	nan	1.2
338.755646944046	nan	1.2
338.7672097682953	nan	1.2
338.77860713005066	nan	1.2
338.79534697532654	nan	1.2
338.81039547920227	nan	1.2
338.8225977420807	nan	1.2
338.8355383872986	nan	1.2
338.8480076789856	nan	1.2
338.85964822769165	nan	1.2
338.8747718334198	nan	1.2
338.8898403644562	nan	1.2
338.9020736217499	nan	1.2
338.91353368759155	nan	1.2
338.9249098300934	nan	1.2
338.9449543952942	nan	1.2
338.9594588279724	nan	1.2
338.97147512435913	nan	1.2
338.9828703403473	nan	1.2
338.99654817581177	nan	1.2
339.01254892349243	nan	1.2
339.0250904560089	nan	1.2
339.03698468208313	nan	1.2
339.04841136932373	nan	1.2
339.06010723114014	nan	1.2
339.0727889537811	nan	1.2
339.088716506958	nan	1.2
339.10331535339355	nan	1.2
339.114661693573	nan	1.2
339.1263506412506	nan	1.2
339.14000272750854	nan	1.2
339.15591502189636	nan	1.2
339.16861033439636	nan	1.2
339.18013858795166	nan	1.2
339.1917040348053	nan	1.2
339.20294308662415	nan	1.2
339.21513414382935	nan	1.2
339.2306399345398	nan	1.2
339.2451317310333	nan	1.2
339.2568094730377	nan	1.2
339.2681305408478	nan	1.2
339.28121066093445	nan	1.2
339.297021150589	nan	1.2
339.3116261959076	nan	1.2
339.3237771987915	nan	1.2
339.3353326320648	nan	1.2
339.3491892814636	nan	1.2
339.365031003952	nan	1.2
339.37734603881836	nan	1.2
339.38948035240173	nan	1.2
339.4016966819763	nan	1.2
339.4130690097809	nan	1.2
339.4254937171936	nan	1.2
339.44132471084595	nan	1.2
339.4554090499878	nan	1.2
339.46757674217224	nan	1.2
339.4791657924652	nan	1.2
339.4941291809082	nan	1.2
339.50965189933777	nan	1.2
339.52180576324463	nan	1.2
339.5337598323822	nan	1.2
339.544716835022	nan	1.2
339.5584874153137	nan	1.2
339.5737729072571	nan	1.2
339.58950781822205	nan	1.2
339.60346698760986	nan	1.2
339.6151912212372	nan	1.2
339.62732696533203	nan	1.2
339.6428575515747	nan	1.2
339.65776085853577	nan	1.2
339.66952419281006	nan	1.2
339.68077397346497	nan	1.2
339.6925573348999	nan	1.2
339.7084608078003	nan	1.2
339.7235281467438	nan	1.2
339.7346866130829	nan	1.2
339.7467203140259	nan	1.2
339.7587411403656	nan	1.2
339.7748246192932	nan	1.2
339.78815484046936	nan	1.2
339.7995548248291	nan	1.2
339.8117485046387	nan	1.2
339.8229899406433	nan	1.2
339.83426690101624	nan	1.2
339.8496301174164	nan	1.2
339.8652083873749	nan	1.2
339.87792015075684	nan	1.2
339.8899812698364	nan	1.2
339.9024832248688	nan	1.2
339.9214208126068	nan	1.2
339.9348702430725	nan	1.2
339.9467146396637	nan	1.2
339.9580326080322	nan	1.2
339.96930980682373	nan	1.2
339.9818172454834	nan	1.2
339.9969046115875	nan	1.2
340.0113799571991	nan	1.2
340.02297735214233	nan	1.2
340.0340118408203	nan	1.2
340.04579973220825	nan	1.2
340.0670292377472	nan	1.2
340.08015060424805	nan	1.2
340.09252429008484	nan	1.2
340.10442185401917	nan	1.2
340.11610317230225	nan	1.2
340.127388715744	nan	1.2
340.1387701034546	nan	1.2
340.14990735054016	nan	1.2
340.1640136241913	nan	1.2
340.180068731308	nan	1.2
340.19283151626587	nan	1.2
340.20444226264954	nan	1.2
340.21616792678833	nan	1.2
340.2275969982147	nan	1.2
340.23877239227295	nan	1.2
340.24997544288635	nan	1.2
340.2612223625183	nan	1.2
340.27249455451965	nan	1.2
340.28409147262573	nan	1.2
340.3002943992615	nan	1.2
340.3152804374695	nan	1.2
340.3267707824707	nan	1.2
340.33853936195374	nan	1.2
340.3498885631561	nan	1.2
340.36158418655396	nan	1.2
340.3732771873474	nan	1.2
340.38435435295105	nan	1.2
340.3953037261963	nan	1.2
340.4102385044098	nan	1.2
340.42519879341125	nan	1.2
340.4367139339447	nan	1.2
340.4479124546051	nan	1.2
340.46007442474365	nan	1.2
340.47148871421814	nan	1.2
340.4828748703003	nan	1.2
340.49473690986633	nan	1.2
340.50581216812134	nan	1.2
340.517361164093	nan	1.2
340.5315206050873	nan	1.2
340.5476334095001	nan	1.2
340.56078577041626	nan	1.2
340.5788378715515	nan	1.2
340.5916633605957	nan	1.2
340.60391759872437	nan	1.2
340.6149241924286	nan	1.2
340.6261627674103	nan	1.2
340.6423556804657	nan	1.2
340.65828371047974	nan	1.2
340.6709358692169	nan	1.2
340.6827583312988	nan	1.2
340.6939136981964	nan	1.2
340.705846786499	nan	1.2
340.7172360420227	nan	1.2
340.728972196579	nan	1.2
340.7403619289398	nan	1.2
340.75235962867737	nan	1.2
340.764564037323	nan	1.2
340.7828528881073	nan	1.2
340.79979372024536	nan	1.2
340.81577610969543	nan	1.2
340.8300940990448	nan	1.2
340.8422384262085	nan	1.2
340.85510778427124	nan	1.2
340.86711978912354	nan	1.2
340.8802788257599	nan	1.2
340.89665603637695	nan	1.2
340.910692691803	nan	1.2
340.92261004447937	nan	1.2
340.9343695640564	nan	1.2
340.9457423686981	nan	1.2
340.957008600235	nan	1.2
340.96875286102295	nan	1.2
340.9799153804779	nan	1.2
340.9930338859558	nan	1.2
341.0052065849304	nan	1.2
341.02319717407227	nan	1.2
341.0371193885803	nan	1.2
341.04908561706543	nan	1.2
341.06144762039185	nan	1.2
341.07328748703003	nan	1.2
341.0860502719879	nan	1.2
341.09812784194946	nan	1.2
341.1101598739624	nan	1.2
341.1243681907654	nan	1.2
341.14041018486023	nan	1.2
341.1530134677887	nan	1.2
341.16433811187744	nan	1.2
341.17598700523376	nan	1.2
341.1871905326843	nan	1.2
341.1987245082855	nan	1.2
341.2101695537567	nan	1.2
341.2222385406494	nan	1.2
341.23363733291626	nan	1.2
341.2452943325043	nan	1.2
341.26173400878906	nan	1.2
341.2756917476654	nan	1.2
341.28701424598694	nan	1.2
341.29917216300964	nan	1.2
341.3104567527771	nan	1.2
341.3227913379669	nan	1.2
341.33413791656494	nan	1.2
341.34521675109863	nan	1.2
341.35693287849426	nan	1.2
341.3718354701996	nan	1.2
341.3866937160492	nan	1.2
341.3985929489136	nan	1.2
341.40982007980347	nan	1.2
341.4217927455902	nan	1.2
341.4330961704254	nan	1.2
341.44418811798096	nan	1.2
341.4551680088043	nan	1.2
341.46706557273865	nan	1.2
341.47871589660645	nan	1.2
341.49407482147217	nan	1.2
341.5096683502197	nan	1.2
341.5217866897583	nan	1.2
341.5334177017212	nan	1.2
341.5444393157959	nan	1.2
341.5555794239044	nan	1.2
341.56689381599426	nan	1.2
341.5825901031494	nan	1.2
341.5976343154907	nan	1.2
341.61341857910156	nan	1.2
341.63029861450195	nan	1.2
341.64414715766907	nan	1.2
341.6603615283966	nan	1.2
341.67640137672424	nan	1.2
341.69240617752075	nan	1.2
341.7080111503601	nan	1.2
341.72382640838623	nan	1.2
341.7410912513733	nan	1.2
341.7574293613434	nan	1.2
341.7715094089508	nan	1.2
341.7834322452545	nan	1.2
341.7949209213257	nan	1.2
341.8064193725586	nan	1.2
341.8177092075348	nan	1.2
341.8297300338745	nan	1.2
341.8439061641693	nan	1.2
341.8601584434509	nan	1.2
341.8733124732971	nan	1.2
341.88488388061523	nan	1.2
341.89648699760437	nan	1.2
341.90782856941223	nan	1.2
341.91905999183655	nan	1.2
341.9302248954773	nan	1.2
341.94241762161255	nan	1.2
341.954199552536	nan	1.2
341.96583342552185	nan	1.2
341.9836127758026	nan	1.2
341.99741649627686	nan	1.2
342.0093107223511	nan	1.2
342.02023363113403	nan	1.2
342.0322334766388	nan	1.2
342.0439221858978	nan	1.2
342.0552999973297	nan	1.2
342.0668275356293	nan	1.2
342.0796730518341	nan	1.2
342.09549164772034	nan	1.2
342.11024594306946	nan	1.2
342.1225986480713	nan	1.2
342.13409781455994	nan	1.2
342.1453847885132	nan	1.2
342.156626701355	nan	1.2
342.16816902160645	nan	1.2
342.1800580024719	nan	1.2
342.1918158531189	nan	1.2
342.203494310379	nan	1.2
342.2195637226105	nan	1.2
342.2342185974121	nan	1.2
342.24572706222534	nan	1.2
342.25761556625366	nan	1.2
342.26901412010193	nan	1.2
342.2801787853241	nan	1.2
342.2919178009033	nan	1.2
342.3033998012543	nan	1.2
342.3147039413452	nan	1.2
342.33011770248413	nan	1.2
342.345059633255	nan	1.2
342.3567590713501	nan	1.2
342.368501663208	nan	1.2
342.37984585762024	nan	1.2
342.3911383152008	nan	1.2
342.4024500846863	nan	1.2
342.4136779308319	nan	1.2
342.4247488975525	nan	1.2
342.43610191345215	nan	1.2
342.4500207901001	nan	1.2
342.466406583786	nan	1.2
342.4796316623688	nan	1.2
342.4916639328003	nan	1.2
342.50291204452515	nan	1.2
342.5140435695648	nan	1.2
342.5253689289093	nan	1.2
342.53657364845276	nan	1.2
342.54806327819824	nan	1.2
342.56007528305054	nan	1.2
342.57585287094116	nan	1.2
342.5916836261749	nan	1.2
342.60621881484985	nan	1.2
342.619092464447	nan	1.2
342.63066482543945	nan	1.2
342.6422426700592	nan	1.2
342.65387988090515	nan	1.2
342.66543769836426	nan	1.2
342.67744731903076	nan	1.2
342.69226717948914	nan	1.2
342.7078969478607	nan	1.2
342.72102665901184	nan	1.2
342.73341822624207	nan	1.2
342.7444806098938	nan	1.2
342.75588274002075	nan	1.2
342.76718640327454	nan	1.2
342.77842903137207	nan	1.2
342.7901701927185	nan	1.2
342.80439138412476	nan	1.2
342.82022738456726	nan	1.2
342.83273243904114	nan	1.2
342.8442289829254	nan	1.2
342.85539841651917	nan	1.2
342.8669762611389	nan	1.2
342.8782470226288	nan	1.2
342.8895752429962	nan	1.2
342.90050315856934	nan	1.2
342.91154623031616	nan	1.2
342.92279410362244	nan	1.2
342.9402561187744	nan	1.2
342.9545202255249	nan	1.2
342.9658215045929	nan	1.2
342.9774913787842	nan	1.2
342.98882961273193	nan	1.2
343.00019907951355	nan	1.2
343.01177883148193	nan	1.2
343.02339339256287	nan	1.2
343.0348312854767	nan	1.2
343.0509889125824	nan	1.2
343.0658481121063	nan	1.2
343.07747626304626	nan	1.2
343.0887267589569	nan	1.2
343.1004796028137	nan	1.2
343.1127099990845	nan	1.2
343.125780582428	nan	1.2
343.1376118659973	nan	1.2
343.1488652229309	nan	1.2
343.1605110168457	nan	1.2
343.175439119339	nan	1.2
343.19171476364136	nan	1.2
343.2036533355713	nan	1.2
343.2149839401245	nan	1.2
343.22638154029846	nan	1.2
343.237713098526	nan	1.2
343.24902629852295	nan	1.2
343.25990533828735	nan	1.2
343.2721037864685	nan	1.2
343.28584718704224	nan	1.2
343.3031780719757	nan	1.2
343.31479716300964	nan	1.2
343.3266065120697	nan	1.2
343.33850383758545	nan	1.2
343.34987449645996	nan	1.2
343.36151242256165	nan	1.2
343.37349581718445	nan	1.2
343.38469314575195	nan	1.2
343.3963963985443	nan	1.2
343.41020584106445	nan	1.2
343.43004870414734	nan	1.2
343.4426703453064	nan	1.2
343.45417833328247	nan	1.2
343.46559858322144	nan	1.2
343.47731757164	nan	1.2
343.488742351532	nan	1.2
343.5000867843628	nan	1.2
343.51200819015503	nan	1.2
343.52662420272827	nan	1.2
343.54346680641174	nan	1.2
343.55515217781067	nan	1.2
343.5675504207611	nan	1.2
343.57969427108765	nan	1.2
343.5964057445526	nan	1.2
343.6090495586395	nan	1.2
343.62082028388977	nan	1.2
343.63232922554016	nan	1.2
343.6443271636963	nan	1.2
343.6705005168915	nan	1.2
343.68212819099426	nan	1.2
343.6933400630951	nan	1.2
343.7055563926697	nan	1.2
343.716912984848	nan	1.2
343.7287278175354	nan	1.2
343.74005603790283	nan	1.2
343.75218629837036	nan	1.2
343.76687574386597	nan	1.2
343.7830092906952	nan	1.2
343.79517817497253	nan	1.2
343.8072657585144	nan	1.2
343.81857991218567	nan	1.2
343.83046531677246	nan	1.2
343.8422677516937	nan	1.2
343.85355138778687	nan	1.2
343.8647401332855	nan	1.2
343.8760459423065	nan	1.2
343.8887016773224	nan	1.2
343.9042139053345	nan	1.2
343.91779947280884	nan	1.2
343.9294204711914	nan	1.2
343.94602155685425	nan	1.2
343.9587845802307	nan	1.2
343.97073006629944	nan	1.2
343.98243165016174	nan	1.2
343.9936509132385	nan	1.2
344.00911021232605	nan	1.2
344.0246169567108	nan	1.2
344.03596663475037	nan	1.2
344.04734086990356	nan	1.2
344.05863428115845	nan	1.2
344.06986141204834	nan	1.2
344.08098912239075	nan	1.2
344.09277296066284	nan	1.2
344.1050570011139	nan	1.2
344.1167140007019	nan	1.2
344.13221168518066	nan	1.2
344.1483235359192	nan	1.2
344.16052174568176	nan	1.2
344.1726257801056	nan	1.2
344.1840739250183	nan	1.2
344.19566345214844	nan	1.2
344.2072877883911	nan	1.2
344.218914270401	nan	1.2
344.2302622795105	nan	1.2
344.24492502212524	nan	1.2
344.2721757888794	nan	1.2
344.2884020805359	nan	1.2
344.30459237098694	nan	1.2
344.3207457065582	nan	1.2
344.33674025535583	nan	1.2
344.35095620155334	nan	1.2
344.36515045166016	nan	1.2
344.38115668296814	nan	1.2
344.39577651023865	nan	1.2
344.40749287605286	nan	1.2
344.4187579154968	nan	1.2
344.4299077987671	nan	1.2
344.4417943954468	nan	1.2
344.4536802768707	nan	1.2
344.46626329421997	nan	1.2
344.47880268096924	nan	1.2
344.4951083660126	nan	1.2
344.50974893569946	nan	1.2
344.5215244293213	nan	1.2
344.53265261650085	nan	1.2
344.54402780532837	nan	1.2
344.55531573295593	nan	1.2
344.56754517555237	nan	1.2
344.58278489112854	nan	1.2
344.59939789772034	nan	1.2
344.6176612377167	nan	1.2
344.63424158096313	nan	1.2
344.6493344306946	nan	1.2
344.66573762893677	nan	1.2
344.68137216567993	nan	1.2
344.6969623565674	nan	1.2
344.71267795562744	nan	1.2
344.72903990745544	nan	1.2
344.7439193725586	nan	1.2
344.75903820991516	nan	1.2
344.77060747146606	nan	1.2
344.7823963165283	nan	1.2
344.794335603714	nan	1.2
344.8068952560425	nan	1.2
344.8185033798218	nan	1.2
344.82979464530945	nan	1.2
344.8415296077728	nan	1.2
344.8562903404236	nan	1.2
344.8723258972168	nan	1.2
344.88393783569336	nan	1.2
344.89575934410095	nan	1.2
344.90710186958313	nan	1.2
344.9188177585602	nan	1.2
344.93057799339294	nan	1.2
344.9431128501892	nan	1.2
344.9547345638275	nan	1.2
344.96886444091797	nan	1.2
344.98403453826904	nan	1.2
344.99526953697205	nan	1.2
345.00687432289124	nan	1.2
345.0186598300934	nan	1.2
345.0301957130432	nan	1.2
345.0419170856476	nan	1.2
345.0532464981079	nan	1.2
345.06447410583496	nan	1.2
345.07559037208557	nan	1.2
345.09074568748474	nan	1.2
345.1067245006561	nan	1.2
345.1205961704254	nan	1.2
345.1344540119171	nan	1.2
345.1462733745575	nan	1.2
345.158171415329	nan	1.2
345.1700077056885	nan	1.2
345.18303418159485	nan	1.2
345.1946339607239	nan	1.2
345.21161794662476	nan	1.2
345.22667837142944	nan	1.2
345.239155292511	nan	1.2
345.2511043548584	nan	1.2
345.2630047798157	nan	1.2
345.2755744457245	nan	1.2
345.28745770454407	nan	1.2
345.29917550086975	nan	1.2
345.3195638656616	nan	1.2
345.33852219581604	nan	1.2
345.3531460762024	nan	1.2
345.36601161956787	nan	1.2
345.37884283065796	nan	1.2
345.3899199962616	nan	1.2
345.40167355537415	nan	1.2
345.4135444164276	nan	1.2
345.42485761642456	nan	1.2
345.4367446899414	nan	1.2
345.45183205604553	nan	1.2
345.46647548675537	nan	1.2
345.4786512851715	nan	1.2
345.4904456138611	nan	1.2
345.501695394516	nan	1.2
345.5132119655609	nan	1.2
345.52460980415344	nan	1.2
345.5362596511841	nan	1.2
345.5477063655853	nan	1.2
345.5592932701111	nan	1.2
345.57472229003906	nan	1.2
345.59062480926514	nan	1.2
345.607298374176	nan	1.2
345.62039971351624	nan	1.2
345.6331629753113	nan	1.2
345.64586639404297	nan	1.2
345.6585748195648	nan	1.2
345.67028403282166	nan	1.2
345.6848576068878	nan	1.2
345.70130681991577	nan	1.2
345.71481919288635	nan	1.2
345.72722864151	nan	1.2
345.73991680145264	nan	1.2
345.75371766090393	nan	1.2
345.7658452987671	nan	1.2
345.7775626182556	nan	1.2
345.790887594223	nan	1.2
345.80523586273193	nan	1.2
345.8349711894989	nan	1.2
345.8488280773163	nan	1.2
345.8620846271515	nan	1.2
345.8751425743103	nan	1.2
345.8885352611542	nan	1.2
345.9025478363037	nan	1.2
345.91514682769775	nan	1.2
345.93132400512695	nan	1.2
345.9479193687439	nan	1.2
345.9640898704529	nan	1.2
345.98021960258484	nan	1.2
345.995956659317	nan	1.2
346.0088939666748	nan	1.2
346.02340030670166	nan	1.2
346.03674054145813	nan	1.2
346.05056262016296	nan	1.2
346.0664556026459	nan	1.2
346.08335185050964	nan	1.2
346.09834361076355	nan	1.2
346.1135594844818	nan	1.2
346.1279470920563	nan	1.2
346.1425938606262	nan	1.2
346.1554625034332	nan	1.2
346.1759819984436	nan	1.2
346.19483757019043	nan	1.2
346.208509683609	nan	1.2
346.2217719554901	nan	1.2
346.2351040840149	nan	1.2
346.2489242553711	nan	1.2
346.2617745399475	nan	1.2
346.27453565597534	nan	1.2
346.2883071899414	nan	1.2
346.3046860694885	nan	1.2
346.32119512557983	nan	1.2
346.3342180252075	nan	1.2
346.34698271751404	nan	1.2
346.3616030216217	nan	1.2
346.3752455711365	nan	1.2
346.3888578414917	nan	1.2
346.40489172935486	nan	1.2
346.421667098999	nan	1.2
346.43621706962585	nan	1.2
346.45025539398193	nan	1.2
346.46762323379517	nan	1.2
346.48338866233826	nan	1.2
346.49998021125793	nan	1.2
346.51634311676025	nan	1.2
346.53347969055176	nan	1.2
346.54826951026917	nan	1.2
346.56289434432983	nan	1.2
346.57513189315796	nan	1.2
346.58942341804504	nan	1.2
346.60498332977295	nan	1.2
346.6172914505005	nan	1.2
346.6296818256378	nan	1.2
346.6444215774536	nan	1.2
346.6600136756897	nan	1.2
346.67329239845276	nan	1.2
346.68523025512695	nan	1.2
346.69731163978577	nan	1.2
346.7096257209778	nan	1.2
346.72227001190186	nan	1.2
346.73456382751465	nan	1.2
346.7469792366028	nan	1.2
346.765349149704	nan	1.2
346.7797660827637	nan	1.2
346.792601108551	nan	1.2
346.80467915534973	nan	1.2
346.8167676925659	nan	1.2
346.82924246788025	nan	1.2
346.84067368507385	nan	1.2
346.8527386188507	nan	1.2
346.8641412258148	nan	1.2
346.8758399486542	nan	1.2
346.8911294937134	nan	1.2
346.90659260749817	nan	1.2
346.9186198711395	nan	1.2
346.9297878742218	nan	1.2
346.94184255599976	nan	1.2
346.95367217063904	nan	1.2
346.96532940864563	nan	1.2
346.9770939350128	nan	1.2
346.9893481731415	nan	1.2
347.00530195236206	nan	1.2
347.01969504356384	nan	1.2
347.0319685935974	nan	1.2
347.0438287258148	nan	1.2
347.0556375980377	nan	1.2
347.0677795410156	nan	1.2
347.07958579063416	nan	1.2
347.0921311378479	nan	1.2
347.1056032180786	nan	1.2
347.1172456741333	nan	1.2
347.13306760787964	nan	1.2
347.14779233932495	nan	1.2
347.1595711708069	nan	1.2
347.171728849411	nan	1.2
347.18311858177185	nan	1.2
347.19473147392273	nan	1.2
347.20645356178284	nan	1.2
347.21780037879944	nan	1.2
347.23391222953796	nan	1.2
347.2549901008606	nan	1.2
347.2671365737915	nan	1.2
347.27864956855774	nan	1.2
347.2913520336151	nan	1.2
347.30272579193115	nan	1.2
347.3143858909607	nan	1.2
347.3260667324066	nan	1.2
347.3385488986969	nan	1.2
347.3503749370575	nan	1.2
347.3648669719696	nan	1.2
347.3807303905487	nan	1.2
347.39373326301575	nan	1.2
347.4054343700409	nan	1.2
347.4177691936493	nan	1.2
347.42926120758057	nan	1.2
347.4414722919464	nan	1.2
347.4533293247223	nan	1.2
347.4644408226013	nan	1.2
347.48108172416687	nan	1.2
347.49736189842224	nan	1.2
347.5097086429596	nan	1.2
347.52248907089233	nan	1.2
347.5342936515808	nan	1.2
347.54598569869995	nan	1.2
347.5573968887329	nan	1.2
347.5688259601593	nan	1.2
347.58157539367676	nan	1.2
347.59416937828064	nan	1.2
347.6099305152893	nan	1.2
347.62524151802063	nan	1.2
347.6375365257263	nan	1.2
347.6491711139679	nan	1.2
347.6609663963318	nan	1.2
347.6731152534485	nan	1.2
347.6845452785492	nan	1.2
347.6961817741394	nan	1.2
347.70912075042725	nan	1.2
347.7260754108429	nan	1.2
347.740558385849	nan	1.2
347.75244331359863	nan	1.2
347.7647109031677	nan	1.2
347.7769672870636	nan	1.2
347.7896077632904	nan	1.2
347.8022494316101	nan	1.2
347.8147249221802	nan	1.2
347.8271758556366	nan	1.2
347.84243726730347	nan	1.2
347.8594014644623	nan	1.2
347.8721261024475	nan	1.2
347.8835279941559	nan	1.2
347.8959095478058	nan	1.2
347.90830421447754	nan	1.2
347.9205231666565	nan	1.2
347.933082818985	nan	1.2
347.9466896057129	nan	1.2
347.9625792503357	nan	1.2
347.97751688957214	nan	1.2
347.98879766464233	nan	1.2
348.00096249580383	nan	1.2
348.01374197006226	nan	1.2
348.0248200893402	nan	1.2
348.03782868385315	nan	1.2
348.04896545410156	nan	1.2
348.0606002807617	nan	1.2
348.07223987579346	nan	1.2
348.086035490036	nan	1.2
348.102233171463	nan	1.2
348.11543798446655	nan	1.2
348.128319978714	nan	1.2
348.1396999359131	nan	1.2
348.15135955810547	nan	1.2
348.16309332847595	nan	1.2
348.1750864982605	nan	1.2
348.1871621608734	nan	1.2
348.2057807445526	nan	1.2
348.2204155921936	nan	1.2
348.2325704097748	nan	1.2
348.24417757987976	nan	1.2
348.25592494010925	nan	1.2
348.2676365375519	nan	1.2
348.2792761325836	nan	1.2
348.291255235672	nan	1.2
348.30549907684326	nan	1.2
348.3167223930359	nan	1.2
348.3308572769165	nan	1.2
348.34502816200256	nan	1.2
348.3564748764038	nan	1.2
348.3679304122925	nan	1.2
348.37917256355286	nan	1.2
348.39083766937256	nan	1.2
348.40389347076416	nan	1.2
348.4153661727905	nan	1.2
348.4268639087677	nan	1.2
348.44363737106323	nan	1.2
348.45881366729736	nan	1.2
348.4703106880188	nan	1.2
348.48179745674133	nan	1.2
348.49359107017517	nan	1.2
348.5053741931915	nan	1.2
348.51696825027466	nan	1.2
348.5292778015137	nan	1.2
348.5416660308838	nan	1.2
348.55614972114563	nan	1.2
348.5732753276825	nan	1.2
348.592223405838	nan	1.2
348.611848115921	nan	1.2
348.6267898082733	nan	1.2
348.6415708065033	nan	1.2
348.65616631507874	nan	1.2
348.673623085022	nan	1.2
348.6911437511444	nan	1.2
348.7047417163849	nan	1.2
348.7176673412323	nan	1.2
348.73037576675415	nan	1.2
348.74262952804565	nan	1.2
348.7568426132202	nan	1.2
348.76931166648865	nan	1.2
348.7823121547699	nan	1.2
348.7944452762604	nan	1.2
348.8099057674408	nan	1.2
348.82632327079773	nan	1.2
348.839396238327	nan	1.2
348.8514573574066	nan	1.2
348.86295676231384	nan	1.2
348.8744411468506	nan	1.2
348.88685393333435	nan	1.2
348.8998107910156	nan	1.2
348.912939786911	nan	1.2
348.92877411842346	nan	1.2
348.9409327507019	nan	1.2
348.95208287239075	nan	1.2
348.9643828868866	nan	1.2
348.9765958786011	nan	1.2
348.9902114868164	nan	1.2
349.0017042160034	nan	1.2
349.0131368637085	nan	1.2
349.02551102638245	nan	1.2
349.03765201568604	nan	1.2
349.05276322364807	nan	1.2
349.0653383731842	nan	1.2
349.07699942588806	nan	1.2
349.0888469219208	nan	1.2
349.10158228874207	nan	1.2
349.1149685382843	nan	1.2
349.1278626918793	nan	1.2
349.13990902900696	nan	1.2
349.1592788696289	nan	1.2
349.1776599884033	nan	1.2
349.18943905830383	nan	1.2
349.2012052536011	nan	1.2
349.2124843597412	nan	1.2
349.2235379219055	nan	1.2
349.2351140975952	nan	1.2
349.2470006942749	nan	1.2
349.2583680152893	nan	1.2
349.271443605423	nan	1.2
349.29759407043457	nan	1.2
349.3126382827759	nan	1.2
349.32428884506226	nan	1.2
349.336811542511	nan	1.2
349.34997272491455	nan	1.2
349.36218190193176	nan	1.2
349.3737359046936	nan	1.2
349.38551926612854	nan	1.2
349.4052073955536	nan	1.2
