t_s	measured_width_mm	target_width_mm
0.0013353824615478516	nan	1.2
0.04970407485961914	nan	1.2
0.06284165382385254	nan	1.2
0.0767972469329834	nan	1.2
0.09132814407348633	nan	1.2
0.10249447822570801	nan	1.2
0.11538863182067871	nan	1.2
0.12918329238891602	nan	1.2
0.1433258056640625	nan	1.2
0.15481209754943848	nan	1.2
0.16893339157104492	nan	1.2
0.18228816986083984	nan	1.2
0.19498181343078613	nan	1.2
0.2091515064239502	nan	1.2
0.22470617294311523	nan	1.2
0.24229645729064941	nan	1.2
0.25626087188720703	nan	1.2
0.2727837562561035	nan	1.2
0.28652119636535645	nan	1.2
0.29775261878967285	nan	1.2
0.30954837799072266	nan	1.2
0.324171781539917	nan	1.2
0.338348388671875	nan	1.2
0.3537321090698242	nan	1.2
0.36791205406188965	nan	1.2
0.3816397190093994	nan	1.2
0.3974308967590332	nan	1.2
0.41368794441223145	nan	1.2
0.4311339855194092	nan	1.2
0.44524669647216797	nan	1.2
0.4652533531188965	nan	1.2
0.4793272018432617	nan	1.2
0.4923267364501953	nan	1.2
0.5097541809082031	nan	1.2
0.5238542556762695	nan	1.2
0.5346245765686035	nan	1.2
0.5488638877868652	nan	1.2
0.5616617202758789	nan	1.2
0.5740203857421875	nan	1.2
0.5915021896362305	nan	1.2
0.605076789855957	nan	1.2
0.6201121807098389	nan	1.2
0.6369662284851074	nan	1.2
0.6506216526031494	nan	1.2
0.6666326522827148	nan	1.2
0.68471360206604	nan	1.2
0.6995434761047363	nan	1.2
0.7208530902862549	nan	1.2
0.7365212440490723	nan	1.2
0.7516481876373291	nan	1.2
0.7712271213531494	nan	1.2
0.7857966423034668	nan	1.2
0.8121693134307861	nan	1.2
0.8256950378417969	nan	1.2
0.8402135372161865	nan	1.2
0.859454870223999	nan	1.2
0.8757047653198242	nan	1.2
0.8971171379089355	nan	1.2
0.9134221076965332	nan	1.2
0.9276270866394043	nan	1.2
0.9489564895629883	nan	1.2
0.9633510112762451	nan	1.2
0.9758040904998779	nan	1.2
0.9883248805999756	nan	1.2
1.006319284439087	nan	1.2
1.0263638496398926	nan	1.2
1.0432851314544678	nan	1.2
1.0557382106781006	nan	1.2
1.0672335624694824	nan	1.2
1.0837852954864502	nan	1.2
1.098618507385254	nan	1.2
1.1151621341705322	nan	1.2
1.1306381225585938	nan	1.2
1.1427812576293945	nan	1.2
1.1560604572296143	nan	1.2
1.1733834743499756	nan	1.2
1.1860020160675049	nan	1.2
1.2058589458465576	nan	1.2
1.219594955444336	nan	1.2
1.2305822372436523	nan	1.2
1.2455756664276123	nan	1.2
1.2605059146881104	nan	1.2
1.2739644050598145	nan	1.2
1.2962596416473389	nan	1.2
1.308713436126709	nan	1.2
1.3222990036010742	nan	1.2
1.3416297435760498	nan	1.2
1.3560936450958252	nan	1.2
1.3751835823059082	nan	1.2
1.390385627746582	nan	1.2
1.404555320739746	nan	1.2
1.4220497608184814	nan	1.2
1.4350404739379883	nan	1.2
1.4473395347595215	nan	1.2
1.4681332111358643	nan	1.2
1.4843108654022217	nan	1.2
1.4972457885742188	nan	1.2
1.5108695030212402	nan	1.2
1.523967981338501	nan	1.2
1.538064956665039	nan	1.2
1.5592668056488037	nan	1.2
1.5731253623962402	nan	1.2
1.5846805572509766	nan	1.2
1.5975472927093506	nan	1.2
1.6107451915740967	nan	1.2
1.6249339580535889	nan	1.2
1.6442537307739258	nan	1.2
1.6608171463012695	nan	1.2
1.6744890213012695	nan	1.2
1.6937901973724365	nan	1.2
1.7082459926605225	nan	1.2
1.727095603942871	nan	1.2
1.7428579330444336	nan	1.2
1.7557613849639893	nan	1.2
1.7745683193206787	nan	1.2
1.7890138626098633	nan	1.2
1.8071932792663574	nan	1.2
1.8244907855987549	nan	1.2
1.8372220993041992	nan	1.2
1.8683993816375732	nan	1.2
1.8835558891296387	nan	1.2
1.9009888172149658	nan	1.2
1.9155566692352295	nan	1.2
1.9287149906158447	nan	1.2
1.9568240642547607	nan	1.2
1.9729983806610107	nan	1.2
1.990950584411621	nan	1.2
2.0065109729766846	nan	1.2
2.0222280025482178	nan	1.2
2.0446765422821045	nan	1.2
2.0607798099517822	nan	1.2
2.074298858642578	nan	1.2
2.0907599925994873	nan	1.2
2.106721878051758	nan	1.2
2.1313352584838867	nan	1.2
2.1457369327545166	nan	1.2
2.1573495864868164	nan	1.2
2.172914981842041	nan	1.2
2.1880381107330322	nan	1.2
2.209462881088257	nan	1.2
2.224083423614502	nan	1.2
2.237217426300049	nan	1.2
2.253603219985962	nan	1.2
2.2677724361419678	nan	1.2
2.2777740955352783	nan	1.2
2.288973569869995	nan	1.2
2.3018712997436523	nan	1.2
2.3144261837005615	nan	1.2
2.325740098953247	nan	1.2
2.3392984867095947	nan	1.2
2.3516685962677	nan	1.2
2.3615386486053467	nan	1.2
2.3733441829681396	nan	1.2
2.3870058059692383	nan	1.2
2.402459144592285	nan	1.2
2.4164657592773438	nan	1.2
2.4298911094665527	nan	1.2
2.442593574523926	nan	1.2
2.4535024166107178	nan	1.2
2.466250419616699	nan	1.2
2.480483055114746	nan	1.2
2.4946401119232178	nan	1.2
2.5075979232788086	nan	1.2
2.5219907760620117	nan	1.2
2.536884307861328	nan	1.2
2.550644636154175	nan	1.2
2.5649142265319824	nan	1.2
2.579087257385254	nan	1.2
2.592477321624756	nan	1.2
2.604707956314087	nan	1.2
2.6188995838165283	nan	1.2
2.6334829330444336	nan	1.2
2.6495566368103027	nan	1.2
2.666930675506592	nan	1.2
2.6868224143981934	nan	1.2
2.7065951824188232	nan	1.2
2.7213006019592285	nan	1.2
2.738647222518921	nan	1.2
2.758758544921875	nan	1.2
2.773465394973755	nan	1.2
2.7974464893341064	nan	1.2
2.8151633739471436	nan	1.2
2.84110164642334	nan	1.2
2.857215642929077	nan	1.2
2.8783493041992188	nan	1.2
2.9000306129455566	nan	1.2
2.9163589477539062	nan	1.2
2.931431770324707	nan	1.2
2.9453887939453125	nan	1.2
2.9632296562194824	nan	1.2
2.9764060974121094	nan	1.2
2.9904069900512695	nan	1.2
3.008026361465454	nan	1.2
3.0250608921051025	nan	1.2
3.039930820465088	nan	1.2
3.0529279708862305	nan	1.2
3.0689167976379395	nan	1.2
3.0829572677612305	nan	1.2
3.101440906524658	nan	1.2
3.116802453994751	nan	1.2
3.1291627883911133	nan	1.2
3.1467630863189697	nan	1.2
3.1601922512054443	nan	1.2
3.174546480178833	nan	1.2
3.190040349960327	nan	1.2
3.2023394107818604	nan	1.2
3.2138102054595947	nan	1.2
3.228924036026001	nan	1.2
3.24249267578125	nan	1.2
3.2563023567199707	nan	1.2
3.270970106124878	nan	1.2
3.2820425033569336	nan	1.2
3.2921884059906006	nan	1.2
3.306330919265747	nan	1.2
3.321138381958008	nan	1.2
3.334425926208496	nan	1.2
3.3479626178741455	nan	1.2
3.3620963096618652	nan	1.2
3.3747456073760986	nan	1.2
3.389138698577881	nan	1.2
3.4038407802581787	nan	1.2
3.4179980754852295	nan	1.2
3.431129217147827	nan	1.2
3.4453606605529785	nan	1.2
3.456785202026367	nan	1.2
3.4709584712982178	nan	1.2
3.4855573177337646	nan	1.2
3.4985978603363037	nan	1.2
3.51204252243042	nan	1.2
3.525794267654419	nan	1.2
3.5384178161621094	nan	1.2
3.551156759262085	nan	1.2
3.5656778812408447	nan	1.2
3.581507682800293	nan	1.2
3.596120595932007	nan	1.2
3.609462022781372	nan	1.2
3.6245672702789307	nan	1.2
3.6398470401763916	nan	1.2
3.655325412750244	nan	1.2
3.67082142829895	nan	1.2
3.6858105659484863	nan	1.2
3.700047254562378	nan	1.2
3.7153539657592773	nan	1.2
3.7288482189178467	nan	1.2
3.7418723106384277	nan	1.2
3.7556655406951904	nan	1.2
3.7712130546569824	nan	1.2
3.786776304244995	nan	1.2
3.8018124103546143	nan	1.2
3.8151144981384277	nan	1.2
3.8290300369262695	nan	1.2
3.8443071842193604	nan	1.2
3.8580431938171387	nan	1.2
3.8743162155151367	nan	1.2
3.888735055923462	nan	1.2
3.9003100395202637	nan	1.2
3.928389310836792	nan	1.2
3.942152261734009	nan	1.2
3.965843439102173	nan	1.2
3.9790194034576416	nan	1.2
4.011665344238281	nan	1.2
4.028638601303101	nan	1.2
4.04535436630249	nan	1.2
4.061940670013428	nan	1.2
4.0771801471710205	nan	1.2
4.0937323570251465	nan	1.2
4.110656261444092	nan	1.2
4.126007795333862	nan	1.2
4.14562726020813	nan	1.2
4.1604344844818115	nan	1.2
4.176525115966797	nan	1.2
4.194236516952515	nan	1.2
4.207706451416016	nan	1.2
4.220147132873535	nan	1.2
4.234833240509033	nan	1.2
4.248941898345947	nan	1.2
4.265550374984741	nan	1.2
4.280242919921875	nan	1.2
4.292919635772705	nan	1.2
4.308580636978149	nan	1.2
4.322192907333374	nan	1.2
4.337442874908447	nan	1.2
4.356195449829102	nan	1.2
4.36973762512207	nan	1.2
4.383514642715454	nan	1.2
4.400588750839233	nan	1.2
4.415472984313965	nan	1.2
4.426982879638672	nan	1.2
4.440943479537964	nan	1.2
4.454848527908325	nan	1.2
4.465952396392822	nan	1.2
4.48004674911499	nan	1.2
4.4948954582214355	nan	1.2
4.5062150955200195	nan	1.2
4.5201239585876465	nan	1.2
4.532602310180664	nan	1.2
4.543068170547485	nan	1.2
4.554533004760742	nan	1.2
4.567506313323975	nan	1.2
4.580336093902588	nan	1.2
4.590504169464111	nan	1.2
4.603632211685181	nan	1.2
4.617119073867798	nan	1.2
4.6316423416137695	nan	1.2
4.646090984344482	nan	1.2
4.659857988357544	nan	1.2
4.673159122467041	nan	1.2
4.686403512954712	nan	1.2
4.699573040008545	nan	1.2
4.712998151779175	nan	1.2
4.7264556884765625	nan	1.2
4.73952317237854	nan	1.2
4.751439571380615	nan	1.2
4.763582468032837	nan	1.2
4.781852722167969	nan	1.2
4.796027898788452	nan	1.2
4.809450387954712	nan	1.2
4.820858955383301	nan	1.2
4.834061861038208	nan	1.2
4.846853971481323	nan	1.2
4.860406398773193	nan	1.2
4.873881101608276	nan	1.2
4.886984348297119	nan	1.2
4.900796175003052	nan	1.2
4.913600444793701	nan	1.2
4.927632093429565	nan	1.2
4.939778566360474	nan	1.2
4.951277494430542	nan	1.2
4.964726448059082	nan	1.2
4.978116273880005	nan	1.2
5.005586385726929	nan	1.2
5.030968189239502	nan	1.2
5.051369905471802	nan	1.2
5.0867414474487305	nan	1.2
5.1167826652526855	nan	1.2
5.133368015289307	nan	1.2
5.148249864578247	nan	1.2
5.164513826370239	nan	1.2
5.179903745651245	nan	1.2
5.1908063888549805	nan	1.2
5.204091548919678	nan	1.2
5.218609809875488	nan	1.2
5.229949951171875	nan	1.2
5.246344804763794	nan	1.2
5.262704610824585	nan	1.2
5.27310848236084	nan	1.2
5.284444570541382	nan	1.2
5.30020809173584	nan	1.2
5.314183712005615	nan	1.2
5.328675985336304	nan	1.2
5.34394097328186	nan	1.2
5.356218338012695	nan	1.2
5.367220401763916	nan	1.2
5.380460977554321	nan	1.2
5.394280195236206	nan	1.2
5.406760215759277	nan	1.2
5.4190027713775635	nan	1.2
5.43044900894165	nan	1.2
5.4408228397369385	nan	1.2
5.452327728271484	nan	1.2
5.46712327003479	nan	1.2
5.481230974197388	nan	1.2
5.495240688323975	nan	1.2
5.5066564083099365	nan	1.2
5.518052339553833	nan	1.2
5.531351804733276	nan	1.2
5.544114351272583	nan	1.2
5.558552026748657	nan	1.2
5.571686029434204	nan	1.2
5.582948923110962	nan	1.2
5.595073938369751	nan	1.2
5.608821868896484	nan	1.2
5.621886253356934	nan	1.2
5.6342387199401855	nan	1.2
5.648348569869995	nan	1.2
5.661900281906128	nan	1.2
5.674145460128784	nan	1.2
5.687890529632568	nan	1.2
5.703447103500366	nan	1.2
5.716326475143433	nan	1.2
5.730215311050415	nan	1.2
5.74446439743042	nan	1.2
5.756549119949341	nan	1.2
5.770409107208252	nan	1.2
5.784651041030884	nan	1.2
5.799893856048584	nan	1.2
5.814171075820923	nan	1.2
5.82869815826416	nan	1.2
5.8408801555633545	nan	1.2
5.855565309524536	nan	1.2
5.8703436851501465	nan	1.2
5.883736848831177	nan	1.2
5.897066354751587	nan	1.2
5.909238338470459	nan	1.2
5.922478437423706	nan	1.2
5.935631990432739	nan	1.2
5.952012300491333	nan	1.2
5.964926481246948	nan	1.2
5.97823691368103	nan	1.2
5.992871046066284	nan	1.2
6.006627559661865	nan	1.2
6.022375822067261	nan	1.2
6.035765886306763	nan	1.2
6.048898935317993	nan	1.2
6.06328558921814	nan	1.2
6.078718900680542	nan	1.2
6.094100713729858	nan	1.2
6.108890056610107	nan	1.2
6.122546672821045	nan	1.2
6.1356260776519775	nan	1.2
6.15064001083374	nan	1.2
6.164551734924316	nan	1.2
6.178752183914185	nan	1.2
6.19201922416687	nan	1.2
6.204010009765625	nan	1.2
6.2173967361450195	nan	1.2
6.231070041656494	nan	1.2
6.242738485336304	nan	1.2
6.256631851196289	nan	1.2
6.270029306411743	nan	1.2
6.280710697174072	nan	1.2
6.292790412902832	nan	1.2
6.306684255599976	nan	1.2
6.319403648376465	nan	1.2
6.333425283432007	nan	1.2
6.348920583724976	nan	1.2
6.362552165985107	nan	1.2
6.3739800453186035	nan	1.2
6.390168190002441	nan	1.2
6.4055702686309814	nan	1.2
6.418520212173462	nan	1.2
6.434122562408447	nan	1.2
6.445620536804199	nan	1.2
6.4589738845825195	nan	1.2
6.47698712348938	nan	1.2
6.491352558135986	nan	1.2
6.505387306213379	nan	1.2
6.519767999649048	nan	1.2
6.531148433685303	nan	1.2
6.545112133026123	nan	1.2
6.567732572555542	nan	1.2
6.580274820327759	nan	1.2
6.5927417278289795	nan	1.2
6.606314182281494	nan	1.2
6.620128631591797	nan	1.2
6.6370460987091064	nan	1.2
6.656322479248047	nan	1.2
6.67095947265625	nan	1.2
6.683804750442505	nan	1.2
6.699790000915527	nan	1.2
6.7137062549591064	nan	1.2
6.726634502410889	nan	1.2
6.741471767425537	nan	1.2
6.755310297012329	nan	1.2
6.772630929946899	nan	1.2
6.78941535949707	nan	1.2
6.803071975708008	nan	1.2
6.820358514785767	nan	1.2
6.834325551986694	nan	1.2
6.850222826004028	nan	1.2
6.867663860321045	nan	1.2
6.889652252197266	nan	1.2
6.9057886600494385	nan	1.2
6.921109437942505	nan	1.2
6.934056758880615	nan	1.2
6.954405307769775	nan	1.2
6.966397285461426	nan	1.2
6.981191158294678	nan	1.2
7.002697467803955	nan	1.2
7.017184734344482	nan	1.2
7.03485631942749	nan	1.2
7.050736665725708	nan	1.2
7.064178943634033	nan	1.2
7.084860801696777	nan	1.2
7.100224018096924	nan	1.2
7.114473819732666	nan	1.2
7.130426406860352	nan	1.2
7.143545627593994	nan	1.2
7.161618232727051	nan	1.2
7.178725719451904	nan	1.2
7.192458629608154	nan	1.2
7.206412076950073	nan	1.2
7.220719575881958	nan	1.2
7.234622955322266	nan	1.2
7.255975723266602	nan	1.2
7.270440578460693	nan	1.2
7.2846856117248535	nan	1.2
7.299659013748169	nan	1.2
7.3140058517456055	nan	1.2
7.32841420173645	nan	1.2
7.345654249191284	nan	1.2
7.35858154296875	nan	1.2
7.3702521324157715	nan	1.2
7.384597539901733	nan	1.2
7.39916467666626	nan	1.2
7.4126832485198975	nan	1.2
7.4300453662872314	nan	1.2
7.4428606033325195	nan	1.2
7.454046249389648	nan	1.2
7.469166278839111	nan	1.2
7.484308958053589	nan	1.2
7.495803117752075	nan	1.2
7.51162576675415	nan	1.2
7.526045799255371	nan	1.2
7.539331912994385	nan	1.2
7.55513858795166	nan	1.2
7.568546533584595	nan	1.2
7.580298185348511	nan	1.2
7.594103574752808	nan	1.2
7.608070135116577	nan	1.2
7.625016689300537	nan	1.2
7.641653060913086	nan	1.2
7.6558897495269775	nan	1.2
7.680226564407349	nan	1.2
7.697064161300659	nan	1.2
7.715092658996582	nan	1.2
7.735410690307617	nan	1.2
7.74976110458374	nan	1.2
7.771089553833008	nan	1.2
7.786308288574219	nan	1.2
7.806493043899536	nan	1.2
7.822849750518799	nan	1.2
7.8374714851379395	nan	1.2
7.85502290725708	nan	1.2
7.870983123779297	nan	1.2
7.885035514831543	nan	1.2
7.896652936935425	nan	1.2
7.912105321884155	nan	1.2
7.9262354373931885	nan	1.2
7.949528694152832	nan	1.2
7.964488983154297	nan	1.2
7.97914719581604	nan	1.2
7.9990553855896	nan	1.2
8.013599872589111	nan	1.2
8.038015365600586	nan	1.2
8.052656412124634	nan	1.2
8.06805968284607	nan	1.2
8.085471868515015	nan	1.2
8.099413871765137	nan	1.2
8.117137670516968	nan	1.2
8.132874727249146	nan	1.2
8.146493434906006	nan	1.2
8.165160417556763	nan	1.2
8.178022623062134	nan	1.2
8.196290016174316	nan	1.2
8.214428663253784	nan	1.2
8.225495338439941	nan	1.2
8.240732669830322	nan	1.2
8.256986856460571	nan	1.2
8.268433094024658	nan	1.2
8.285238265991211	nan	1.2
8.305375576019287	nan	1.2
8.319843053817749	nan	1.2
8.33644986152649	nan	1.2
8.350075721740723	nan	1.2
8.363130807876587	nan	1.2
8.382692337036133	nan	1.2
8.398952007293701	nan	1.2
8.412279844284058	nan	1.2
8.42792558670044	nan	1.2
8.4413480758667	nan	1.2
8.455575227737427	nan	1.2
8.48075246810913	nan	1.2
8.495391368865967	nan	1.2
8.507277011871338	nan	1.2
8.522040128707886	nan	1.2
8.53665828704834	nan	1.2
8.552580118179321	nan	1.2
8.566859245300293	nan	1.2
8.581135511398315	nan	1.2
8.595064640045166	nan	1.2
8.609632015228271	nan	1.2
8.623232364654541	nan	1.2
8.641082525253296	nan	1.2
8.655670166015625	nan	1.2
8.675274133682251	nan	1.2
8.690304040908813	nan	1.2
8.709109544754028	nan	1.2
8.725086212158203	nan	1.2
8.738569498062134	nan	1.2
8.753160953521729	nan	1.2
8.769178867340088	nan	1.2
8.783990383148193	nan	1.2
8.800832033157349	nan	1.2
8.814943075180054	nan	1.2
8.827662467956543	nan	1.2
8.845513105392456	nan	1.2
8.860544919967651	nan	1.2
8.874979734420776	nan	1.2
8.893225193023682	nan	1.2
8.906743049621582	nan	1.2
8.926715612411499	nan	1.2
8.942382335662842	nan	1.2
8.954489946365356	nan	1.2
8.968114137649536	nan	1.2
8.984190940856934	nan	1.2
9.000255107879639	nan	1.2
9.014142274856567	nan	1.2
9.031015634536743	nan	1.2
9.04273509979248	nan	1.2
9.055687189102173	nan	1.2
9.073615312576294	nan	1.2
9.08871078491211	nan	1.2
9.102819681167603	nan	1.2
9.119030714035034	nan	1.2
9.13221788406372	nan	1.2
9.144954919815063	nan	1.2
9.16118335723877	nan	1.2
9.17423415184021	nan	1.2
9.18683123588562	nan	1.2
9.19774580001831	nan	1.2
9.209866523742676	nan	1.2
9.22212529182434	nan	1.2
9.236137628555298	nan	1.2
9.251049757003784	nan	1.2
9.261957883834839	nan	1.2
9.272825479507446	nan	1.2
9.284962892532349	nan	1.2
9.29793930053711	nan	1.2
9.312294960021973	nan	1.2
9.329105377197266	nan	1.2
9.340859413146973	nan	1.2
9.351310729980469	nan	1.2
9.363297939300537	nan	1.2
9.375657320022583	nan	1.2
9.388801097869873	nan	1.2
9.401796340942383	nan	1.2
9.41960096359253	nan	1.2
9.43042278289795	nan	1.2
9.4411141872406	nan	1.2
9.453076601028442	nan	1.2
9.46675705909729	nan	1.2
9.47836422920227	nan	1.2
9.491519927978516	nan	1.2
9.504998683929443	nan	1.2
9.516072750091553	nan	1.2
9.52752423286438	nan	1.2
9.540638446807861	nan	1.2
9.553955316543579	nan	1.2
9.565092086791992	nan	1.2
9.577835083007812	nan	1.2
9.590537071228027	nan	1.2
9.600891351699829	nan	1.2
9.613836526870728	nan	1.2
9.628777027130127	nan	1.2
9.643535137176514	nan	1.2
9.657014608383179	nan	1.2
9.671353101730347	nan	1.2
9.684302806854248	nan	1.2
9.698029041290283	nan	1.2
9.712997913360596	nan	1.2
9.725316762924194	nan	1.2
9.737932920455933	nan	1.2
9.751703262329102	nan	1.2
9.76626992225647	nan	1.2
9.779322385787964	nan	1.2
9.793029308319092	nan	1.2
9.80482006072998	nan	1.2
9.81791353225708	nan	1.2
9.830944061279297	nan	1.2
9.84481143951416	nan	1.2
9.858614206314087	nan	1.2
9.871485233306885	nan	1.2
9.882984161376953	nan	1.2
9.895370244979858	nan	1.2
9.909238815307617	nan	1.2
9.92150354385376	nan	1.2
9.9342360496521	nan	1.2
9.94773530960083	nan	1.2
9.958056688308716	nan	1.2
9.96971583366394	nan	1.2
9.98305368423462	nan	1.2
9.996723175048828	nan	1.2
10.011107444763184	nan	1.2
10.025503158569336	nan	1.2
10.039055585861206	nan	1.2
10.050819158554077	nan	1.2
10.064552783966064	nan	1.2
10.078445672988892	nan	1.2
10.093231678009033	nan	1.2
10.106492042541504	nan	1.2
10.121160745620728	nan	1.2
10.132754564285278	nan	1.2
10.148224592208862	nan	1.2
10.163034439086914	nan	1.2
10.176745414733887	nan	1.2
10.18952226638794	nan	1.2
10.201161623001099	nan	1.2
10.214884281158447	nan	1.2
10.227917432785034	nan	1.2
10.240259408950806	nan	1.2
10.25351357460022	nan	1.2
10.26625919342041	nan	1.2
10.277512788772583	nan	1.2
10.290395259857178	nan	1.2
10.303539752960205	nan	1.2
10.315344333648682	nan	1.2
10.329785346984863	nan	1.2
10.343122720718384	nan	1.2
10.354068994522095	nan	1.2
10.366068124771118	nan	1.2
10.37897276878357	nan	1.2
10.392192125320435	nan	1.2
10.407593488693237	nan	1.2
10.422011137008667	nan	1.2
10.433046817779541	nan	1.2
10.443631887435913	nan	1.2
10.457672834396362	nan	1.2
10.471992015838623	nan	1.2
10.482608318328857	nan	1.2
10.49443793296814	nan	1.2
10.506550788879395	nan	1.2
10.51994252204895	nan	1.2
10.532847166061401	nan	1.2
10.549661874771118	nan	1.2
10.562802791595459	nan	1.2
10.573444604873657	nan	1.2
10.585173845291138	nan	1.2
10.598363637924194	nan	1.2
10.60961103439331	nan	1.2
10.623366355895996	nan	1.2
10.637465476989746	nan	1.2
10.650957584381104	nan	1.2
10.664721488952637	nan	1.2
10.679335117340088	nan	1.2
10.694218873977661	nan	1.2
10.708539009094238	nan	1.2
10.723934173583984	nan	1.2
10.735745668411255	nan	1.2
10.750276565551758	nan	1.2
10.765109300613403	nan	1.2
10.779215097427368	nan	1.2
10.793546438217163	nan	1.2
10.80717658996582	nan	1.2
10.821899890899658	nan	1.2
10.835300207138062	nan	1.2
10.849749088287354	nan	1.2
10.864130735397339	1.4108279646025839	1.2
10.87747049331665	1.4108279646025839	1.2
10.888630151748657	1.4108279646025839	1.2
10.901170015335083	1.4108279646025839	1.2
10.91540265083313	1.411681941875311	1.2
10.929323196411133	1.411681941875311	1.2
10.943331003189087	1.411681941875311	1.2
10.957916975021362	1.412694950614092	1.2
10.969628095626831	1.412694950614092	1.2
10.98117733001709	1.412694950614092	1.2
10.994533061981201	1.412694950614092	1.2
11.009518146514893	1.4128823799521075	1.2
11.023600816726685	1.4128823799521075	1.2
11.038644075393677	1.4128823799521075	1.2
11.053124189376831	1.4130897284932216	1.2
11.066612243652344	1.4130897284932216	1.2
11.086494207382202	1.4130897284932216	1.2
11.101990461349487	1.4128781066380267	1.2
11.114832162857056	1.4128781066380267	1.2
11.130329847335815	1.4128781066380267	1.2
11.14319920539856	1.412955565079585	1.2
11.158719778060913	1.412955565079585	1.2
11.176758289337158	1.412955565079585	1.2
11.19113302230835	1.4132134830362415	1.2
11.202575445175171	1.4132134830362415	1.2
11.215142488479614	1.4132134830362415	1.2
11.230697393417358	1.4138688239879085	1.2
11.243942499160767	1.4138688239879085	1.2
11.258639574050903	1.4138688239879085	1.2
11.273779153823853	1.4144362525593372	1.2
11.287505626678467	1.4144362525593372	1.2
11.298072099685669	1.4144362525593372	1.2
11.311395406723022	1.4150808119893226	1.2
11.324804782867432	1.4150808119893226	1.2
11.335540771484375	1.4150808119893226	1.2
11.346248626708984	1.4150808119893226	1.2
11.359548807144165	1.4157325735344868	1.2
11.37144684791565	1.4157325735344868	1.2
11.383861541748047	1.4157325735344868	1.2
11.398272275924683	1.4166288162675307	1.2
11.410595655441284	1.4166288162675307	1.2
11.421364068984985	1.4166288162675307	1.2
11.434364557266235	1.4166288162675307	1.2
11.447776556015015	1.4174664550815468	1.2
11.458752393722534	1.4174664550815468	1.2
11.471083641052246	1.4174664550815468	1.2
11.48561978340149	1.4174664550815468	1.2
11.49672245979309	1.418126574444942	1.2
11.507558107376099	1.418126574444942	1.2
11.52038836479187	1.418126574444942	1.2
11.534475803375244	1.4192158211174644	1.2
11.54753828048706	1.4192158211174644	1.2
11.560962438583374	1.4192158211174644	1.2
11.574017763137817	1.4192158211174644	1.2
11.585819959640503	1.420546801679525	1.2
11.598417520523071	1.420546801679525	1.2
11.611953735351562	1.420546801679525	1.2
11.624943971633911	1.4215519432323869	1.2
11.638656854629517	1.4215519432323869	1.2
11.652880430221558	1.4215519432323869	1.2
11.66504716873169	1.424046481959864	1.2
11.679763317108154	1.424046481959864	1.2
11.693603277206421	1.424046481959864	1.2
11.708247900009155	1.425948101616422	1.2
11.722846269607544	1.425948101616422	1.2
11.735492706298828	1.425948101616422	1.2
11.749246597290039	1.425948101616422	1.2
11.763028144836426	1.427293434760852	1.2
11.776243209838867	1.427293434760852	1.2
11.790993928909302	1.427293434760852	1.2
11.804879903793335	1.4282138177378325	1.2
11.816202640533447	1.4282138177378325	1.2
11.829551219940186	1.4282138177378325	1.2
11.845645904541016	1.4285472857482546	1.2
11.859000444412231	1.4285472857482546	1.2
11.873853921890259	1.4285472857482546	1.2
11.888392686843872	1.4288481350274158	1.2
11.90094542503357	1.4288481350274158	1.2
11.913991689682007	1.4288481350274158	1.2
11.928210258483887	1.4288481350274158	1.2
11.940670490264893	1.4293032275176139	1.2
11.95556092262268	1.4293032275176139	1.2
11.969717264175415	1.4293032275176139	1.2
11.982731819152832	1.4299292671204118	1.2
11.996846199035645	1.4299292671204118	1.2
12.010493040084839	1.4299292671204118	1.2
12.024579524993896	1.4305219294154938	1.2
12.039252519607544	1.4305219294154938	1.2
12.05396580696106	1.4305219294154938	1.2
12.068519830703735	1.4313651719548854	1.2
12.08277177810669	1.4313651719548854	1.2
12.096137762069702	1.4313651719548854	1.2
12.109942197799683	1.4312387190073805	1.2
12.123329401016235	1.4312387190073805	1.2
12.138421297073364	1.4312387190073805	1.2
12.153236627578735	1.4318485393002534	1.2
12.166694164276123	1.4318485393002534	1.2
12.180298805236816	1.4318485393002534	1.2
12.191892623901367	1.4318485393002534	1.2
12.20460057258606	1.4331167829221276	1.2
12.217449188232422	1.4331167829221276	1.2
12.233570098876953	1.4331167829221276	1.2
12.247595071792603	1.4350334753730656	1.2
12.258953094482422	1.4350334753730656	1.2
12.272682905197144	1.4350334753730656	1.2
12.286234378814697	1.4375535232783117	1.2
12.299734830856323	1.4375535232783117	1.2
12.313678979873657	1.4375535232783117	1.2
12.327734231948853	1.4405051673094653	1.2
12.33928394317627	1.4405051673094653	1.2
12.350475311279297	1.4405051673094653	1.2
12.363317012786865	1.4437103926422834	1.2
12.377897024154663	1.4437103926422834	1.2
12.389366388320923	1.4437103926422834	1.2
12.403581142425537	1.4437103926422834	1.2
12.416579723358154	1.4461867722877506	1.2
12.427223920822144	1.4461867722877506	1.2
12.439874649047852	1.4461867722877506	1.2
12.453766584396362	1.4494137734338826	1.2
12.467550039291382	1.4494137734338826	1.2
12.480995178222656	1.4494137734338826	1.2
12.495084047317505	1.4494137734338826	1.2
12.507144927978516	1.4515953705446372	1.2
12.519373178482056	1.4515953705446372	1.2
12.53319764137268	1.4515953705446372	1.2
12.548590660095215	1.454134927006275	1.2
12.562752723693848	1.454134927006275	1.2
12.575275421142578	1.454134927006275	1.2
12.588187456130981	1.4570695744768865	1.2
12.601573467254639	1.4570695744768865	1.2
12.61544919013977	1.4570695744768865	1.2
12.630337238311768	1.4596252503377944	1.2
12.644152879714966	1.4596252503377944	1.2
12.657875537872314	1.4596252503377944	1.2
12.670316934585571	1.4596252503377944	1.2
12.688271760940552	1.4622123605886288	1.2
12.713226556777954	1.4622123605886288	1.2
12.731948852539062	1.464701369063205	1.2
12.745394229888916	1.464701369063205	1.2
12.762033224105835	1.464701369063205	1.2
12.777848720550537	1.4666848337360832	1.2
12.790541648864746	1.4666848337360832	1.2
12.808679819107056	1.4666848337360832	1.2
12.824079513549805	1.4683946710854807	1.2
12.840577840805054	1.4683946710854807	1.2
12.85661792755127	1.4696709130015584	1.2
12.86945652961731	1.4696709130015584	1.2
12.8828866481781	1.4696709130015584	1.2
12.90009331703186	1.4691722618554268	1.2
12.914434432983398	1.4691722618554268	1.2
12.942837953567505	1.4691722618554268	1.2
12.95559310913086	1.468357926307254	1.2
12.968276977539062	1.468357926307254	1.2
12.986193180084229	1.468357926307254	1.2
13.001752614974976	1.466639086336483	1.2
13.016122817993164	1.466639086336483	1.2
13.033786296844482	1.4642683583634448	1.2
13.04698395729065	1.4642683583634448	1.2
13.070653676986694	1.4642683583634448	1.2
13.088462114334106	1.460961005552409	1.2
13.10251259803772	1.460961005552409	1.2
13.114708423614502	1.460961005552409	1.2
13.130995273590088	1.458000501787472	1.2
13.145070552825928	1.458000501787472	1.2
13.164786100387573	1.458000501787472	1.2
13.179964303970337	1.454457110483124	1.2
13.190907001495361	1.454457110483124	1.2
13.204678297042847	1.454457110483124	1.2
13.219439506530762	1.4513855115732897	1.2
13.23160433769226	1.4513855115732897	1.2
13.246837139129639	1.4513855115732897	1.2
13.261844158172607	1.4481791213655746	1.2
13.27300763130188	1.4481791213655746	1.2
13.283923387527466	1.4481791213655746	1.2
13.297666072845459	1.4481791213655746	1.2
13.311909914016724	1.44564237848378	1.2
13.324774503707886	1.44564237848378	1.2
13.339803457260132	1.44564237848378	1.2
13.352385997772217	1.444350283656194	1.2
13.36327862739563	1.444350283656194	1.2
13.376351118087769	1.444350283656194	1.2
13.391019821166992	1.444350283656194	1.2
13.405637264251709	1.4433497781700302	1.2
13.418192625045776	1.4433497781700302	1.2
13.429813146591187	1.4433497781700302	1.2
13.441817045211792	1.4423391397788508	1.2
13.454655408859253	1.4423391397788508	1.2
13.466752529144287	1.4423391397788508	1.2
13.481281518936157	1.4423391397788508	1.2
13.495986938476562	1.441411008903275	1.2
13.50729513168335	1.441411008903275	1.2
13.517791271209717	1.441411008903275	1.2
13.531010389328003	1.4417922121418738	1.2
13.544100761413574	1.4417922121418738	1.2
13.556588888168335	1.4417922121418738	1.2
13.568176507949829	1.4423900695791807	1.2
13.580511808395386	1.4423900695791807	1.2
13.59404468536377	1.4423900695791807	1.2
13.60823392868042	1.4423900695791807	1.2
13.622229814529419	1.4434951332973216	1.2
13.633475542068481	1.4434951332973216	1.2
13.646096467971802	1.4434951332973216	1.2
13.66089391708374	1.44420584368661	1.2
13.674586772918701	1.44420584368661	1.2
13.690593004226685	1.44420584368661	1.2
13.70475149154663	1.4451077921765336	1.2
13.717231750488281	1.4451077921765336	1.2
13.729522943496704	1.4451077921765336	1.2
13.744209289550781	1.4467601269378556	1.2
13.759095191955566	1.4467601269378556	1.2
13.773273229598999	1.4467601269378556	1.2
13.787660598754883	1.4467601269378556	1.2
13.800471782684326	1.4476682151282738	1.2
13.813480854034424	1.4476682151282738	1.2
13.828603267669678	1.4476682151282738	1.2
13.842395544052124	1.4492342242762644	1.2
13.856350660324097	1.4492342242762644	1.2
13.87189531326294	1.4492342242762644	1.2
13.88525676727295	1.4511983759914266	1.2
13.901615858078003	1.4511983759914266	1.2
13.921177864074707	1.4511983759914266	1.2
13.937688827514648	1.4532975134914268	1.2
13.953109502792358	1.4532975134914268	1.2
13.970299243927002	1.4542540823116514	1.2
13.984776258468628	1.4542540823116514	1.2
13.999731540679932	1.4542540823116514	1.2
14.018705606460571	1.4550725500554438	1.2
14.032525300979614	1.4550725500554438	1.2
14.04508352279663	1.4550725500554438	1.2
14.063328504562378	1.4565346665598564	1.2
14.077069759368896	1.4565346665598564	1.2
14.094056844711304	1.4565346665598564	1.2
14.110004425048828	1.4584466245697365	1.2
14.122901916503906	1.4584466245697365	1.2
14.13732123374939	1.4584466245697365	1.2
14.158467054367065	1.4601979994426082	1.2
14.173881530761719	1.4601979994426082	1.2
14.191031217575073	1.4601979994426082	1.2
14.203001499176025	1.4614115705517317	1.2
14.21632194519043	1.4614115705517317	1.2
14.237583875656128	1.4614115705517317	1.2
14.248960494995117	1.4620598339003092	1.2
14.260629892349243	1.4620598339003092	1.2
14.278524160385132	1.4620598339003092	1.2
14.294229507446289	1.4646164445322996	1.2
14.312259912490845	1.4646164445322996	1.2
14.32674527168274	1.4663521943004123	1.2
14.33882451057434	1.4663521943004123	1.2
14.35415267944336	1.4663521943004123	1.2
14.371707677841187	1.4679519502816885	1.2
14.385186910629272	1.4679519502816885	1.2
14.400886297225952	1.4679519502816885	1.2
14.415498495101929	1.4687935014030604	1.2
14.428991079330444	1.4687935014030604	1.2
14.441874027252197	1.4687935014030604	1.2
14.458520412445068	1.4687935014030604	1.2
14.472615718841553	1.468027210618459	1.2
14.484138250350952	1.468027210618459	1.2
14.495152235031128	1.468027210618459	1.2
14.510765075683594	1.4672081540946196	1.2
14.52433466911316	1.4672081540946196	1.2
14.537207841873169	1.4672081540946196	1.2
14.557619333267212	1.4669426762149862	1.2
14.568573713302612	1.4669426762149862	1.2
14.583029508590698	1.4669426762149862	1.2
14.59835171699524	1.4660325318882437	1.2
14.610922574996948	1.4660325318882437	1.2
14.640381574630737	1.4648758702544231	1.2
14.655280828475952	1.4648758702544231	1.2
14.672215223312378	1.4648758702544231	1.2
14.689963102340698	1.4635036659382235	1.2
14.705060482025146	1.4635036659382235	1.2
14.71996021270752	1.4635036659382235	1.2
14.73409104347229	1.4616051553424618	1.2
14.74898076057434	1.4616051553424618	1.2
14.771253824234009	1.4616051553424618	1.2
14.786601305007935	1.4598069253289272	1.2
14.80132532119751	1.4598069253289272	1.2
14.81802773475647	1.4576279158177505	1.2
14.832788944244385	1.4576279158177505	1.2
14.851238012313843	1.4576279158177505	1.2
14.869664907455444	1.4570664624757483	1.2
14.883712530136108	1.4570664624757483	1.2
14.897621393203735	1.4570664624757483	1.2
14.914068460464478	1.4581859135975432	1.2
14.930327892303467	1.4581859135975432	1.2
14.949463844299316	1.458930435694195	1.2
14.963748216629028	1.458930435694195	1.2
14.980422019958496	1.458930435694195	1.2
14.999270915985107	1.4587962181476328	1.2
15.01534652709961	1.4587962181476328	1.2
15.041970491409302	1.459952605375633	1.2
15.059113502502441	1.459952605375633	1.2
15.077830076217651	1.459952605375633	1.2
15.096678972244263	1.4613369183472462	1.2
15.119952917098999	1.4613369183472462	1.2
15.14803171157837	1.463827706115971	1.2
15.164485692977905	1.463827706115971	1.2
15.183208227157593	1.4656892497507428	1.2
15.200155973434448	1.4656892497507428	1.2
15.225180864334106	1.4656892497507428	1.2
15.245590925216675	1.4688820950431223	1.2
15.266535520553589	1.4688820950431223	1.2
15.283316612243652	1.4717963180407145	1.2
15.332963466644287	1.4717963180407145	1.2
15.351192474365234	1.4742061858607998	1.2
15.372298955917358	1.4742061858607998	1.2
15.391552209854126	1.476102568072338	1.2
15.408480882644653	1.476102568072338	1.2
15.435981273651123	1.4789646212736278	1.2
15.45163631439209	1.4789646212736278	1.2
15.477421998977661	1.4817660002662572	1.2
15.492622137069702	1.4817660002662572	1.2
15.518592834472656	1.4817660002662572	1.2
15.536773920059204	1.4839010665412071	1.2
15.561837911605835	1.4839010665412071	1.2
15.58777904510498	1.485882119253789	1.2
15.61324143409729	1.487905140365819	1.2
15.630725383758545	1.487905140365819	1.2
15.647965669631958	1.487905140365819	1.2
15.666723012924194	1.489767402772167	1.2
15.681895971298218	1.489767402772167	1.2
15.704692602157593	1.489767402772167	1.2
15.720140218734741	1.4911335872310825	1.2
15.735685586929321	1.4911335872310825	1.2
15.751900672912598	1.4932833409776765	1.2
15.768495321273804	1.4932833409776765	1.2
15.789402484893799	1.4932833409776765	1.2
15.808631658554077	1.4960772222802388	1.2
15.823583364486694	1.4960772222802388	1.2
15.843664646148682	1.4960772222802388	1.2
15.861748456954956	1.4993207501903818	1.2
15.882198572158813	1.4993207501903818	1.2
15.902019023895264	1.5017714486330433	1.2
15.921226978302002	1.5017714486330433	1.2
15.93764877319336	1.5017714486330433	1.2
15.9543936252594	1.5047752260888092	1.2
15.96941351890564	1.5047752260888092	1.2
15.986046314239502	1.5047752260888092	1.2
16.002333641052246	1.5080560755942554	1.2
16.01613974571228	1.5080560755942554	1.2
16.035170555114746	1.5080560755942554	1.2
16.05362892150879	1.5114026587147638	1.2
16.071782112121582	1.5114026587147638	1.2
16.09004020690918	1.5114026587147638	1.2
16.104637622833252	1.5143324453979834	1.2
16.12024974822998	1.5143324453979834	1.2
16.13660478591919	1.5143324453979834	1.2
16.153976678848267	1.5173680842786115	1.2
16.169602870941162	1.5173680842786115	1.2
16.185598850250244	1.5173680842786115	1.2
16.201842069625854	1.5195197605791897	1.2
16.215492248535156	1.5195197605791897	1.2
16.233271837234497	1.5195197605791897	1.2
16.246989965438843	1.521725047300258	1.2
16.25995397567749	1.521725047300258	1.2
16.27682876586914	1.521725047300258	1.2
16.289602518081665	1.5245232852912889	1.2
16.301599979400635	1.5245232852912889	1.2
16.31849455833435	1.5245232852912889	1.2
16.332778215408325	1.5260694189196073	1.2
16.344264030456543	1.5260694189196073	1.2
16.35815405845642	1.5260694189196073	1.2
16.373435258865356	1.5271936127846382	1.2
16.387526750564575	1.5271936127846382	1.2
16.40237522125244	1.5271936127846382	1.2
16.4187114238739	1.5271936127846382	1.2
16.435829639434814	1.5271943119231737	1.2
16.454766035079956	1.5271943119231737	1.2
16.47023916244507	1.526127220086439	1.2
16.482431888580322	1.526127220086439	1.2
16.496727228164673	1.526127220086439	1.2
16.51193857192993	1.5246441213770945	1.2
16.524829626083374	1.5246441213770945	1.2
16.536981105804443	1.5246441213770945	1.2
16.55258083343506	1.5246441213770945	1.2
16.567453622817993	1.5227908384621585	1.2
16.580008506774902	1.5227908384621585	1.2
16.59506630897522	1.5227908384621585	1.2
16.609158039093018	1.5210113625414787	1.2
16.621139526367188	1.5210113625414787	1.2
16.634949922561646	1.5210113625414787	1.2
16.65019416809082	1.519729735675807	1.2
16.666436433792114	1.519729735675807	1.2
16.681737184524536	1.519729735675807	1.2
16.696518659591675	1.5181449000416953	1.2
16.71131730079651	1.5181449000416953	1.2
16.725407600402832	1.5181449000416953	1.2
16.742265939712524	1.5153028182999078	1.2
16.75650429725647	1.5153028182999078	1.2
16.77263593673706	1.5153028182999078	1.2
16.788657665252686	1.5130663763644239	1.2
16.80245614051819	1.5130663763644239	1.2
16.816988945007324	1.5130663763644239	1.2
16.83203148841858	1.511413361317402	1.2
16.846317052841187	1.511413361317402	1.2
16.861629486083984	1.511413361317402	1.2
16.8778657913208	1.5097089744360193	1.2
16.891355276107788	1.5097089744360193	1.2
16.905024766921997	1.5097089744360193	1.2
16.92239785194397	1.5095173419439056	1.2
16.936813831329346	1.5095173419439056	1.2
16.953595876693726	1.5095173419439056	1.2
16.96953058242798	1.5097670445080085	1.2
16.98477029800415	1.5097670445080085	1.2
17.002469778060913	1.5097670445080085	1.2
17.018195867538452	1.5093497598209034	1.2
17.0327250957489	1.5093497598209034	1.2
17.04779839515686	1.5093497598209034	1.2
17.063501119613647	1.5083176675855556	1.2
17.07696032524109	1.5083176675855556	1.2
17.091415405273438	1.5083176675855556	1.2
17.11099934577942	1.5083176675855556	1.2
17.126887559890747	1.5076676759541172	1.2
17.142836093902588	1.5076676759541172	1.2
17.159687995910645	1.5076676759541172	1.2
17.177684545516968	1.5076676759541172	1.2
17.19448447227478	1.5070174327073977	1.2
17.208669424057007	1.5070174327073977	1.2
17.226422548294067	1.5070174327073977	1.2
17.24067258834839	1.5065343272834097	1.2
17.255767345428467	1.5065343272834097	1.2
17.272337675094604	1.5065343272834097	1.2
17.28581142425537	1.5070572647496199	1.2
17.300001621246338	1.5070572647496199	1.2
17.315098524093628	1.5070572647496199	1.2
17.328112840652466	1.5069341730911023	1.2
17.342166662216187	1.5069341730911023	1.2
17.35848832130432	1.5069341730911023	1.2
17.375962257385254	1.507458412255189	1.2
17.388527154922485	1.507458412255189	1.2
17.401176691055298	1.507458412255189	1.2
17.419376850128174	1.507458412255189	1.2
17.43316960334778	1.5072096751820854	1.2
17.444764614105225	1.5072096751820854	1.2
17.467963695526123	1.5072096751820854	1.2
17.4801287651062	1.5067648322333675	1.2
17.491853952407837	1.5067648322333675	1.2
17.5138099193573	1.5067648322333675	1.2
17.530583381652832	1.5081562990898467	1.2
17.544055223464966	1.5081562990898467	1.2
17.55767011642456	1.5081562990898467	1.2
17.572410583496094	1.5098310862585527	1.2
17.58708095550537	1.5098310862585527	1.2
17.601508140563965	1.5098310862585527	1.2
17.621101140975952	1.5098310862585527	1.2
17.634074687957764	1.511259133327091	1.2
17.644665241241455	1.511259133327091	1.2
17.659240007400513	1.511259133327091	1.2
17.679227352142334	1.5124963004868544	1.2
17.705127716064453	1.5124963004868544	1.2
17.72346806526184	1.5124963004868544	1.2
17.74077796936035	1.5137437902925632	1.2
17.753621578216553	1.5137437902925632	1.2
17.775413990020752	1.5137437902925632	1.2
17.791467905044556	1.5137612385974535	1.2
17.804247617721558	1.5137612385974535	1.2
17.820652723312378	1.5137612385974535	1.2
17.837000131607056	1.5137612385974535	1.2
17.85345959663391	1.51252800244585	1.2
17.86699652671814	1.51252800244585	1.2
17.882649898529053	1.51252800244585	1.2
17.89748787879944	1.5111238825131263	1.2
17.911702632904053	1.5111238825131263	1.2
17.927808046340942	1.5111238825131263	1.2
17.946279764175415	1.5111238825131263	1.2
17.960040807724	1.5088915708094612	1.2
17.972883462905884	1.5088915708094612	1.2
18.003916263580322	1.507065030063605	1.2
18.0217604637146	1.507065030063605	1.2
18.034605026245117	1.507065030063605	1.2
18.04922366142273	1.507065030063605	1.2
18.067180395126343	1.507065030063605	1.2
18.08446955680847	1.507065030063605	1.2
18.10083818435669	1.507065030063605	1.2
18.117369413375854	1.507065030063605	1.2
18.135803937911987	1.507065030063605	1.2
18.154241800308228	1.507065030063605	1.2
18.173675537109375	1.507065030063605	1.2
18.193368673324585	1.507065030063605	1.2
18.21228265762329	1.507065030063605	1.2
18.230802536010742	1.507065030063605	1.2
18.24580192565918	1.507065030063605	1.2
18.260104417800903	1.507065030063605	1.2
18.27721333503723	1.507065030063605	1.2
18.292378902435303	1.507065030063605	1.2
18.309983253479004	1.507065030063605	1.2
18.323022603988647	1.507065030063605	1.2
18.340941429138184	1.507065030063605	1.2
18.358795642852783	1.5046618132789369	1.2
18.3743577003479	1.5046618132789369	1.2
18.40886116027832	1.5019009120826587	1.2
18.427154064178467	1.5019009120826587	1.2
18.451008796691895	1.4973070958707808	1.2
18.469990015029907	1.4973070958707808	1.2
18.49128818511963	1.4973070958707808	1.2
18.50549030303955	1.4925723869666714	1.2
18.526130199432373	1.4925723869666714	1.2
18.5478458404541	1.487965840649906	1.2
18.56191349029541	1.487965840649906	1.2
18.57809352874756	1.487965840649906	1.2
18.59731411933899	1.4837742797019902	1.2
18.61378264427185	1.4837742797019902	1.2
18.635924577713013	1.480773545846804	1.2
18.64912176132202	1.480773545846804	1.2
18.6688973903656	1.480773545846804	1.2
18.68653440475464	1.4782951681845116	1.2
18.706772327423096	1.4782951681845116	1.2
18.72824239730835	1.4761604497399268	1.2
18.742865800857544	1.4761604497399268	1.2
18.76116371154785	1.4761604497399268	1.2
18.77777361869812	1.473998692950572	1.2
18.794264554977417	1.473998692950572	1.2
18.821630477905273	1.471973570268096	1.2
18.839134454727173	1.471973570268096	1.2
18.860934257507324	1.471973570268096	1.2
18.879175186157227	1.4699005000131824	1.2
18.899563550949097	1.4699005000131824	1.2
18.917531728744507	1.4701682077755827	1.2
18.932921886444092	1.4701682077755827	1.2
18.953937530517578	1.4701682077755827	1.2
18.971435546875	1.4701682077755827	1.2
18.99205780029297	1.4701682077755827	1.2
19.010233163833618	1.4701682077755827	1.2
19.0293869972229	1.4701682077755827	1.2
19.046977758407593	1.4701682077755827	1.2
19.06340765953064	1.4701682077755827	1.2
19.079638481140137	1.4701682077755827	1.2
19.09491729736328	1.4701682077755827	1.2
19.11453080177307	1.4701682077755827	1.2
19.1325204372406	1.4701682077755827	1.2
19.157793283462524	1.4701682077755827	1.2
19.17445683479309	1.470890823571188	1.2
19.189268350601196	1.470890823571188	1.2
19.20754098892212	1.470890823571188	1.2
19.22372794151306	1.471870299662664	1.2
19.240681409835815	1.471870299662664	1.2
19.263607263565063	1.473049601390348	1.2
19.279407501220703	1.473049601390348	1.2
19.304155826568604	1.473049601390348	1.2
19.32067060470581	1.4748648086111513	1.2
19.3351731300354	1.4748648086111513	1.2
19.35440468788147	1.4761469417252482	1.2
19.370943069458008	1.4761469417252482	1.2
19.39329481124878	1.4761469417252482	1.2
19.411738872528076	1.4779996463167637	1.2
19.426522254943848	1.4779996463167637	1.2
19.44761896133423	1.4805355283895476	1.2
19.461540460586548	1.4805355283895476	1.2
19.485711336135864	1.4827335624463474	1.2
19.499547958374023	1.4827335624463474	1.2
19.513795375823975	1.4827335624463474	1.2
19.533597469329834	1.4849664716288988	1.2
19.548004627227783	1.4849664716288988	1.2
19.56826424598694	1.4849664716288988	1.2
19.584899187088013	1.486725614316865	1.2
19.599844932556152	1.486725614316865	1.2
19.62492537498474	1.4884440400699972	1.2
19.637351274490356	1.4884440400699972	1.2
19.652812719345093	1.4884440400699972	1.2
19.667839288711548	1.4884440400699972	1.2
19.6818745136261	1.490078105255493	1.2
19.694156169891357	1.490078105255493	1.2
19.70679998397827	1.490078105255493	1.2
19.721858501434326	1.4911333456401084	1.2
19.735198736190796	1.4911333456401084	1.2
19.750275373458862	1.4911333456401084	1.2
19.765856742858887	1.4924169361842652	1.2
19.77814269065857	1.4924169361842652	1.2
19.79025888442993	1.4924169361842652	1.2
19.807225942611694	1.4924169361842652	1.2
19.820724964141846	1.4937780564726038	1.2
19.83337140083313	1.4937780564726038	1.2
19.848071813583374	1.4937780564726038	1.2
19.862406969070435	1.4948255797195549	1.2
19.87449073791504	1.4948255797195549	1.2
19.88623857498169	1.4948255797195549	1.2
19.9011173248291	1.4948255797195549	1.2
19.91477632522583	1.4940852773248399	1.2
19.926790952682495	1.4940852773248399	1.2
19.940200805664062	1.4940852773248399	1.2
19.95433211326599	1.4935415878471425	1.2
19.967207670211792	1.4935415878471425	1.2
19.98113203048706	1.4935415878471425	1.2
19.99514603614807	1.4935415878471425	1.2
20.01053547859192	1.4934260533857753	1.2
20.021462202072144	1.4934260533857753	1.2
20.036540746688843	1.4934260533857753	1.2
20.052608013153076	1.4936246432074367	1.2
20.06505537033081	1.4936246432074367	1.2
20.081865549087524	1.4936246432074367	1.2
20.096500635147095	1.4933861230628085	1.2
20.107799291610718	1.4933861230628085	1.2
20.120066165924072	1.4933861230628085	1.2
20.136002779006958	1.4933861230628085	1.2
20.15132188796997	1.4927056155696208	1.2
20.164348602294922	1.4927056155696208	1.2
20.177439212799072	1.4927056155696208	1.2
20.190460920333862	1.4908933579165595	1.2
20.202585458755493	1.4908933579165595	1.2
20.216336488723755	1.4908933579165595	1.2
20.232271432876587	1.488751488588066	1.2
20.244901180267334	1.488751488588066	1.2
20.256407022476196	1.488751488588066	1.2
20.269400596618652	1.488751488588066	1.2
20.282475471496582	1.4868697212639925	1.2
20.294753313064575	1.4868697212639925	1.2
20.306514978408813	1.4868697212639925	1.2
20.31837487220764	1.4868697212639925	1.2
20.331209421157837	1.4846582089284663	1.2
20.343251943588257	1.4846582089284663	1.2
20.35578203201294	1.4846582089284663	1.2
20.37059712409973	1.4834598149435039	1.2
20.39186191558838	1.4834598149435039	1.2
20.41319227218628	1.4834598149435039	1.2
20.42916226387024	1.4817124243826285	1.2
20.44370460510254	1.4817124243826285	1.2
20.460187435150146	1.4817124243826285	1.2
20.475218772888184	1.4798143696557118	1.2
20.491051197052002	1.4798143696557118	1.2
20.507675886154175	1.4798143696557118	1.2
20.525740146636963	1.477517637248852	1.2
20.541400909423828	1.477517637248852	1.2
20.558146953582764	1.477517637248852	1.2
20.57279372215271	1.4756912713780654	1.2
20.588022470474243	1.4756912713780654	1.2
20.603862047195435	1.4756912713780654	1.2
20.6181743144989	1.4741248805329952	1.2
20.62991738319397	1.4741248805329952	1.2
20.64694571495056	1.4741248805329952	1.2
20.66376304626465	1.474514691152158	1.2
20.678500413894653	1.474514691152158	1.2
20.696439504623413	1.474514691152158	1.2
20.71170401573181	1.4745413496552928	1.2
20.726723194122314	1.4745413496552928	1.2
20.744055032730103	1.4745413496552928	1.2
20.76262855529785	1.4746402402759147	1.2
20.780741453170776	1.4746402402759147	1.2
20.797022342681885	1.475357502072648	1.2
20.813312768936157	1.475357502072648	1.2
20.832947492599487	1.475357502072648	1.2
20.84971261024475	1.476242029333915	1.2
20.86455273628235	1.476242029333915	1.2
20.88117527961731	1.476242029333915	1.2
20.898761510849	1.4776724121867728	1.2
20.914623498916626	1.4776724121867728	1.2
20.933411359786987	1.4776724121867728	1.2
20.950716018676758	1.4794051315593884	1.2
20.971208810806274	1.4794051315593884	1.2
20.98865294456482	1.4794051315593884	1.2
21.006720066070557	1.4811377302535882	1.2
21.02481746673584	1.4811377302535882	1.2
21.04343342781067	1.482983909463301	1.2
21.06047821044922	1.482983909463301	1.2
21.078174829483032	1.482983909463301	1.2
21.094847440719604	1.4852479565583712	1.2
21.1119167804718	1.4852479565583712	1.2
21.132800102233887	1.4852479565583712	1.2
21.15061330795288	1.4865903820405455	1.2
21.164782524108887	1.4865903820405455	1.2
21.194427490234375	1.4865903820405455	1.2
21.209973335266113	1.4879302826087273	1.2
21.22520613670349	1.4879302826087273	1.2
21.240466356277466	1.4894562039249282	1.2
21.25443744659424	1.4894562039249282	1.2
21.270337343215942	1.4894562039249282	1.2
21.286839246749878	1.4894562039249282	1.2
21.30290389060974	1.4910082355824188	1.2
21.317373275756836	1.4910082355824188	1.2
21.331653356552124	1.4910082355824188	1.2
21.34681224822998	1.4910175457298291	1.2
21.360966444015503	1.4910175457298291	1.2
21.3773934841156	1.4910175457298291	1.2
21.391397953033447	1.4908627832459416	1.2
21.404094219207764	1.4908627832459416	1.2
21.422898054122925	1.4908627832459416	1.2
21.438051223754883	1.4903586733273628	1.2
21.453208446502686	1.4903586733273628	1.2
21.470169067382812	1.4898102953055414	1.2
21.482429265975952	1.4898102953055414	1.2
21.49552011489868	1.4898102953055414	1.2
21.51202154159546	1.4898102953055414	1.2
21.527683973312378	1.4879639323532134	1.2
21.544756412506104	1.4879639323532134	1.2
21.55888819694519	1.4879639323532134	1.2
21.572267055511475	1.4831124077600177	1.2
21.58423948287964	1.4831124077600177	1.2
21.59849452972412	1.4831124077600177	1.2
21.61298108100891	1.4783593778411537	1.2
21.627971172332764	1.4783593778411537	1.2
21.642677307128906	1.4783593778411537	1.2
21.6556339263916	1.4739205647985085	1.2
21.668397665023804	1.4739205647985085	1.2
21.68237066268921	1.4739205647985085	1.2
21.700077533721924	1.4739205647985085	1.2
21.713188886642456	1.4690969923195167	1.2
21.724432468414307	1.4690969923195167	1.2
21.73909902572632	1.4690969923195167	1.2
21.754835844039917	1.4639958061527423	1.2
21.767455577850342	1.4639958061527423	1.2
21.780598402023315	1.4639958061527423	1.2
21.797001600265503	1.4639958061527423	1.2
21.809105396270752	1.4606410287905902	1.2
21.820869207382202	1.4606410287905902	1.2
21.83429503440857	1.4606410287905902	1.2
21.849116563796997	1.4573108319004668	1.2
21.86182999610901	1.4573108319004668	1.2
21.875759840011597	1.4573108319004668	1.2
21.89115071296692	1.4573108319004668	1.2
21.904664754867554	1.453473513247617	1.2
21.91824460029602	1.453473513247617	1.2
21.93123483657837	1.453473513247617	1.2
21.94550919532776	1.449788850537488	1.2
21.95933485031128	1.449788850537488	1.2
21.97382164001465	1.449788850537488	1.2
21.993653297424316	1.4465348762265584	1.2
22.00500512123108	1.4465348762265584	1.2
22.016993522644043	1.4465348762265584	1.2
22.031710147857666	1.4465348762265584	1.2
22.046194314956665	1.445969391628577	1.2
22.05954074859619	1.445969391628577	1.2
22.07435894012451	1.445969391628577	1.2
22.08736228942871	1.4458013281856208	1.2
22.09949254989624	1.4458013281856208	1.2
22.11421537399292	1.4458013281856208	1.2
22.129712343215942	1.4458013281856208	1.2
22.14356303215027	1.4456646849271935	1.2
22.157331943511963	1.4456646849271935	1.2
22.171118021011353	1.4456646849271935	1.2
22.184520721435547	1.4462304491400215	1.2
22.196289539337158	1.4462304491400215	1.2
22.20869016647339	1.4462304491400215	1.2
22.223281383514404	1.4469725801171527	1.2
22.235028505325317	1.4469725801171527	1.2
22.246376514434814	1.4469725801171527	1.2
22.25831413269043	1.4469725801171527	1.2
22.271787643432617	1.4472625207164136	1.2
22.283337354660034	1.4472625207164136	1.2
22.298121452331543	1.4472625207164136	1.2
22.313207626342773	1.447261598516339	1.2
22.32473373413086	1.447261598516339	1.2
22.3362078666687	1.447261598516339	1.2
22.35016703605652	1.447261598516339	1.2
22.36441469192505	1.4489200655650492	1.2
22.37651228904724	1.4489200655650492	1.2
22.391680479049683	1.4489200655650492	1.2
22.40496301651001	1.4505936221606892	1.2
22.41602325439453	1.4505936221606892	1.2
22.431038856506348	1.4505936221606892	1.2
22.446555852890015	1.4530219970747573	1.2
22.459897994995117	1.4530219970747573	1.2
22.473594665527344	1.4530219970747573	1.2
22.492328643798828	1.4547271762871206	1.2
22.504783391952515	1.4547271762871206	1.2
22.5158851146698	1.4547271762871206	1.2
22.527790546417236	1.4547271762871206	1.2
22.53969097137451	1.4566754761180205	1.2
22.55097460746765	1.4566754761180205	1.2
22.561511993408203	1.4566754761180205	1.2
22.572653770446777	1.4566754761180205	1.2
22.58634066581726	1.4592451501950672	1.2
22.596652507781982	1.4592451501950672	1.2
22.607207775115967	1.4592451501950672	1.2
22.617976427078247	1.4592451501950672	1.2
22.630129098892212	1.4613803752679533	1.2
22.641602516174316	1.4613803752679533	1.2
22.653259754180908	1.4613803752679533	1.2
22.66642951965332	1.4613803752679533	1.2
22.68359112739563	1.4636716120726252	1.2
22.694363117218018	1.4636716120726252	1.2
22.711032152175903	1.4636716120726252	1.2
22.726122617721558	1.4636716120726252	1.2
22.73939871788025	1.4670165555860173	1.2
22.751472234725952	1.4670165555860173	1.2
22.764910221099854	1.4670165555860173	1.2
22.776514291763306	1.4710103485864952	1.2
22.78805661201477	1.4710103485864952	1.2
22.80015254020691	1.4710103485864952	1.2
22.81382942199707	1.4710103485864952	1.2
22.826481819152832	1.4745199393890243	1.2
22.8381826877594	1.4745199393890243	1.2
22.8502779006958	1.4745199393890243	1.2
22.861987829208374	1.4745199393890243	1.2
22.873317003250122	1.4788198580546916	1.2
22.885024785995483	1.4788198580546916	1.2
22.89599585533142	1.4788198580546916	1.2
22.910669565200806	1.4831583991104098	1.2
22.922382593154907	1.4831583991104098	1.2
22.933125495910645	1.4831583991104098	1.2
22.944600343704224	1.4831583991104098	1.2
22.958260536193848	1.4880401556467944	1.2
22.96977710723877	1.4880401556467944	1.2
22.980918884277344	1.4880401556467944	1.2
22.99594283103943	1.4880401556467944	1.2
23.009305238723755	1.4918337162113668	1.2
23.020038843154907	1.4918337162113668	1.2
23.033370971679688	1.4918337162113668	1.2
23.047776699066162	1.4918337162113668	1.2
23.058964014053345	1.494302434151566	1.2
23.06973958015442	1.494302434151566	1.2
23.083441972732544	1.494302434151566	1.2
23.096501350402832	1.4966457467999494	1.2
23.107558250427246	1.4966457467999494	1.2
23.118042945861816	1.4966457467999494	1.2
23.134843826293945	1.4966457467999494	1.2
23.146870613098145	1.4980376796981294	1.2
23.159573793411255	1.4980376796981294	1.2
23.172364473342896	1.4980376796981294	1.2
23.18531560897827	1.4980376796981294	1.2
23.196154356002808	1.498070073504652	1.2
23.20712685585022	1.498070073504652	1.2
23.21979069709778	1.498070073504652	1.2
23.236185550689697	1.4975482960321245	1.2
23.24750280380249	1.4975482960321245	1.2
23.260768175125122	1.4975482960321245	1.2
23.273290634155273	1.4975482960321245	1.2
23.287781715393066	1.4967284057945212	1.2
23.29945397377014	1.4967284057945212	1.2
23.311662435531616	1.4967284057945212	1.2
23.32588219642639	1.4967284057945212	1.2
23.33625602722168	1.4945230523462454	1.2
23.34632635116577	1.4945230523462454	1.2
23.35826349258423	1.4945230523462454	1.2
23.371171712875366	1.4945230523462454	1.2
23.381810665130615	1.491549885936384	1.2
23.392312049865723	1.491549885936384	1.2
23.404464960098267	1.491549885936384	1.2
23.417800188064575	1.491549885936384	1.2
23.428507328033447	1.4872701374311386	1.2
23.438621997833252	1.4872701374311386	1.2
23.450124740600586	1.4872701374311386	1.2
23.46137499809265	1.4872701374311386	1.2
23.473069190979004	1.483144758202855	1.2
23.483278512954712	1.483144758202855	1.2
23.495005130767822	1.483144758202855	1.2
23.507211446762085	1.483144758202855	1.2
23.51789140701294	1.4796522710132611	1.2
23.528420209884644	1.4796522710132611	1.2
23.53999423980713	1.4796522710132611	1.2
23.5534405708313	1.4796522710132611	1.2
23.564472436904907	1.4758182190791636	1.2
23.575897932052612	1.4758182190791636	1.2
23.58966875076294	1.4758182190791636	1.2
23.603635787963867	1.4730745648045462	1.2
23.615235567092896	1.4730745648045462	1.2
23.625628232955933	1.4730745648045462	1.2
23.63774609565735	1.4730745648045462	1.2
23.652148962020874	1.4704813540919097	1.2
23.6630117893219	1.4704813540919097	1.2
23.673466682434082	1.4704813540919097	1.2
23.68732500076294	1.4704813540919097	1.2
23.699048042297363	1.4680042779794975	1.2
23.710293769836426	1.4680042779794975	1.2
23.724499464035034	1.4680042779794975	1.2
23.738489866256714	1.4680042779794975	1.2
23.753488779067993	1.4652730125397744	1.2
23.76576566696167	1.4652730125397744	1.2
23.77695894241333	1.4652730125397744	1.2
23.790483474731445	1.46317949825406	1.2
23.802798748016357	1.46317949825406	1.2
23.814082145690918	1.46317949825406	1.2
23.825534343719482	1.46317949825406	1.2
23.838983058929443	1.4620536574868879	1.2
23.84998655319214	1.4620536574868879	1.2
23.861481189727783	1.4620536574868879	1.2
23.87453293800354	1.4620536574868879	1.2
23.88860011100769	1.4622954303274196	1.2
23.900132417678833	1.4622954303274196	1.2
23.912991285324097	1.4622954303274196	1.2
23.927090883255005	1.4622954303274196	1.2
23.938844203948975	1.4629099730543575	1.2
23.949214935302734	1.4629099730543575	1.2
23.961374759674072	1.4629099730543575	1.2
23.975219249725342	1.4629099730543575	1.2
23.986682653427124	1.463356808469166	1.2
23.997758388519287	1.463356808469166	1.2
24.011324882507324	1.463356808469166	1.2
24.02277159690857	1.4639744119058236	1.2
24.034050941467285	1.4639744119058236	1.2
24.046783924102783	1.4639744119058236	1.2
24.06104826927185	1.4639744119058236	1.2
24.073272943496704	1.4642277432499808	1.2
24.083720445632935	1.4642277432499808	1.2
24.09482741355896	1.4642277432499808	1.2
24.110021352767944	1.4642277432499808	1.2
24.123186111450195	1.4649078205809576	1.2
24.135085344314575	1.4649078205809576	1.2
24.14576292037964	1.4649078205809576	1.2
24.156755447387695	1.4649078205809576	1.2
24.17047643661499	1.4660043754253118	1.2
24.18161916732788	1.4660043754253118	1.2
24.192864179611206	1.4660043754253118	1.2
24.20608687400818	1.4660043754253118	1.2
24.21949028968811	1.4674424732513986	1.2
24.23037028312683	1.4674424732513986	1.2
24.24161386489868	1.4674424732513986	1.2
24.2541561126709	1.4674424732513986	1.2
24.265678644180298	1.469840911242835	1.2
24.27652621269226	1.469840911242835	1.2
24.288774967193604	1.469840911242835	1.2
24.302173852920532	1.4714398696335764	1.2
24.312385082244873	1.4714398696335764	1.2
24.322463274002075	1.4714398696335764	1.2
24.334779500961304	1.4714398696335764	1.2
24.347498178482056	1.4722564511828176	1.2
24.36014485359192	1.4722564511828176	1.2
24.37139916419983	1.4722564511828176	1.2
24.383409023284912	1.4722564511828176	1.2
24.394546270370483	1.4733683234522348	1.2
24.405690908432007	1.4733683234522348	1.2
24.416600465774536	1.4733683234522348	1.2
24.4297935962677	1.4733683234522348	1.2
24.442958116531372	1.47457272379736	1.2
24.453768253326416	1.47457272379736	1.2
24.46492314338684	1.47457272379736	1.2
24.476157665252686	1.47457272379736	1.2
24.488112449645996	1.4754729086260086	1.2
24.50058150291443	1.4754729086260086	1.2
24.512042760849	1.4754729086260086	1.2
24.52449941635132	1.4754729086260086	1.2
24.53649640083313	1.4762577641286758	1.2
24.547098875045776	1.4762577641286758	1.2
24.557868719100952	1.4762577641286758	1.2
24.56889271736145	1.4762577641286758	1.2
24.58173894882202	1.475902924958169	1.2
24.592346668243408	1.475902924958169	1.2
24.60381531715393	1.475902924958169	1.2
24.616384506225586	1.475902924958169	1.2
24.627152681350708	1.4765555089842783	1.2
24.637725591659546	1.4765555089842783	1.2
24.649044036865234	1.4765555089842783	1.2
24.662292957305908	1.4765555089842783	1.2
24.67329740524292	1.4768200518414212	1.2
24.684884786605835	1.4768200518414212	1.2
24.696810483932495	1.4768200518414212	1.2
24.709784507751465	1.4757618984845362	1.2
24.72046422958374	1.4757618984845362	1.2
24.73251724243164	1.4757618984845362	1.2
24.745413064956665	1.4757618984845362	1.2
24.759288549423218	1.474133672957932	1.2
24.77064323425293	1.474133672957932	1.2
24.781563758850098	1.474133672957932	1.2
24.792907238006592	1.474133672957932	1.2
24.8044593334198	1.474442280777462	1.2
24.814714908599854	1.474442280777462	1.2
24.827013969421387	1.474442280777462	1.2
24.838303565979004	1.474442280777462	1.2
24.84949779510498	1.4738646286258226	1.2
24.86076307296753	1.4738646286258226	1.2
24.872877836227417	1.4738646286258226	1.2
24.885642528533936	1.4738646286258226	1.2
24.897732496261597	1.4725498693604742	1.2
24.90868067741394	1.4725498693604742	1.2
24.91972041130066	1.4725498693604742	1.2
24.933218002319336	1.4725498693604742	1.2
24.944631814956665	1.471078731590919	1.2
24.95611310005188	1.471078731590919	1.2
24.968535900115967	1.471078731590919	1.2
24.984203100204468	1.470018674700007	1.2
24.995273113250732	1.470018674700007	1.2
25.00557041168213	1.470018674700007	1.2
25.017423629760742	1.470018674700007	1.2
25.032317876815796	1.470018674700007	1.2
25.04544496536255	1.4697778525352638	1.2
25.05703115463257	1.4697778525352638	1.2
25.071569681167603	1.4697778525352638	1.2
25.083605766296387	1.4679490654311362	1.2
25.094558715820312	1.4679490654311362	1.2
25.105490922927856	1.4679490654311362	1.2
25.119080781936646	1.4679490654311362	1.2
25.132474184036255	1.466804268336705	1.2
25.14426279067993	1.466804268336705	1.2
25.155395030975342	1.466804268336705	1.2
25.166327238082886	1.466804268336705	1.2
25.17962098121643	1.4663557419637716	1.2
25.190389394760132	1.4663557419637716	1.2
25.201512336730957	1.4663557419637716	1.2
25.215981245040894	1.4663557419637716	1.2
25.228150606155396	1.4664420351825407	1.2
25.239176988601685	1.4664420351825407	1.2
25.251834392547607	1.4664420351825407	1.2
25.266571521759033	1.465455837613511	1.2
25.27767276763916	1.465455837613511	1.2
25.289838552474976	1.465455837613511	1.2
25.30752944946289	1.465455837613511	1.2
25.31871247291565	1.4654806540672976	1.2
25.329543113708496	1.4654806540672976	1.2
25.341421842575073	1.4654806540672976	1.2
25.35501718521118	1.4654806540672976	1.2
25.366747856140137	1.4674283861078217	1.2
25.377851724624634	1.4674283861078217	1.2
25.389399766921997	1.4674283861078217	1.2
25.40016508102417	1.4674283861078217	1.2
25.412063598632812	1.4694221286371494	1.2
25.424028635025024	1.4694221286371494	1.2
25.435961723327637	1.4694221286371494	1.2
25.449706077575684	1.471834179198947	1.2
25.461506128311157	1.471834179198947	1.2
25.47365117073059	1.471834179198947	1.2
25.484970808029175	1.471834179198947	1.2
25.497520446777344	1.4743459836102037	1.2
25.507838487625122	1.4743459836102037	1.2
25.518542051315308	1.4743459836102037	1.2
25.531511068344116	1.4743459836102037	1.2
25.545652627944946	1.4766589394415088	1.2
25.556366682052612	1.4766589394415088	1.2
25.566650867462158	1.4766589394415088	1.2
25.57994771003723	1.4766589394415088	1.2
25.59316658973694	1.479692805576814	1.2
25.603938102722168	1.479692805576814	1.2
25.615105867385864	1.479692805576814	1.2
25.627203702926636	1.479692805576814	1.2
25.64008355140686	1.4822222195643568	1.2
25.65130877494812	1.4822222195643568	1.2
25.664143323898315	1.4822222195643568	1.2
25.678146600723267	1.4852461671656612	1.2
25.688661813735962	1.4852461671656612	1.2
25.699325561523438	1.4852461671656612	1.2
25.713110208511353	1.4852461671656612	1.2
25.726622581481934	1.487619523351268	1.2
25.738961696624756	1.487619523351268	1.2
25.75165581703186	1.487619523351268	1.2
25.76501965522766	1.487619523351268	1.2
25.77655339241028	1.4901793117734798	1.2
25.78814435005188	1.4901793117734798	1.2
25.80240750312805	1.4901793117734798	1.2
25.815929651260376	1.4913243300609154	1.2
25.826699018478394	1.4913243300609154	1.2
25.838956356048584	1.4913243300609154	1.2
25.852010250091553	1.4913243300609154	1.2
25.864360809326172	1.493355277578359	1.2
25.875664949417114	1.493355277578359	1.2
25.888169765472412	1.493355277578359	1.2
25.90149474143982	1.493355277578359	1.2
25.914716720581055	1.4947688745171344	1.2
25.925880432128906	1.4947688745171344	1.2
25.938098907470703	1.4947688745171344	1.2
25.952576637268066	1.4947688745171344	1.2
25.965803861618042	1.4961981463807568	1.2
25.977191925048828	1.4961981463807568	1.2
25.992456436157227	1.4961981463807568	1.2
26.005668878555298	1.4970680950197515	1.2
26.016608715057373	1.4970680950197515	1.2
26.028247117996216	1.4970680950197515	1.2
26.043029069900513	1.4970680950197515	1.2
26.056715488433838	1.4969343178324783	1.2
26.07008981704712	1.4969343178324783	1.2
26.08168888092041	1.4969343178324783	1.2
26.093374967575073	1.4969343178324783	1.2
26.105764627456665	1.4972729428878997	1.2
26.11793088912964	1.4972729428878997	1.2
26.131608724594116	1.4972729428878997	1.2
26.1461980342865	1.4975189722484914	1.2
26.157585620880127	1.4975189722484914	1.2
26.167876958847046	1.4975189722484914	1.2
26.1797616481781	1.4975189722484914	1.2
26.19384479522705	1.4985183094931676	1.2
26.20608901977539	1.4985183094931676	1.2
26.21874189376831	1.4985183094931676	1.2
26.233200073242188	1.4985183094931676	1.2
26.24478316307068	1.499049394644883	1.2
26.256489992141724	1.499049394644883	1.2
26.268765449523926	1.499049394644883	1.2
26.283931016921997	1.499049394644883	1.2
26.29563069343567	1.4995974468236581	1.2
26.305948495864868	1.4995974468236581	1.2
26.317721128463745	1.4995974468236581	1.2
26.329243659973145	1.4995974468236581	1.2
26.340430974960327	1.499188469376374	1.2
26.351289749145508	1.499188469376374	1.2
26.36363410949707	1.499188469376374	1.2
26.375637769699097	1.4990065489081867	1.2
26.386345624923706	1.4990065489081867	1.2
26.397418975830078	1.4990065489081867	1.2
26.41025686264038	1.4990065489081867	1.2
26.423486948013306	1.4987510094218888	1.2
26.434016942977905	1.4987510094218888	1.2
26.44515299797058	1.4987510094218888	1.2
26.456010818481445	1.4987510094218888	1.2
26.467830657958984	1.4987510094218888	1.2
26.478938102722168	1.498460725050561	1.2
26.489535808563232	1.498460725050561	1.2
26.501499891281128	1.498460725050561	1.2
26.518717765808105	1.4972046403398174	1.2
26.529732942581177	1.4972046403398174	1.2
26.539820909500122	1.4972046403398174	1.2
26.554030895233154	1.4972046403398174	1.2
26.56700301170349	1.4950846120126386	1.2
26.57759952545166	1.4950846120126386	1.2
26.58954930305481	1.4950846120126386	1.2
26.602980613708496	1.4950846120126386	1.2
26.61418056488037	1.4930013406445082	1.2
26.62427020072937	1.4930013406445082	1.2
26.636028051376343	1.4930013406445082	1.2
26.649739027023315	1.4930013406445082	1.2
26.66078782081604	1.4903087982716268	1.2
26.67199182510376	1.4903087982716268	1.2
26.684327363967896	1.4903087982716268	1.2
26.696606397628784	1.4903087982716268	1.2
26.708505392074585	1.4866500070381143	1.2
26.720183849334717	1.4866500070381143	1.2
26.73486328125	1.4866500070381143	1.2
26.749192237854004	1.4832114810472006	1.2
26.763476610183716	1.4832114810472006	1.2
26.777177810668945	1.4832114810472006	1.2
26.791908025741577	1.479807114380534	1.2
26.806414127349854	1.479807114380534	1.2
26.819889307022095	1.479807114380534	1.2
26.834789276123047	1.479807114380534	1.2
26.851566553115845	1.476261604344486	1.2
26.863375902175903	1.476261604344486	1.2
26.87673282623291	1.476261604344486	1.2
26.893867254257202	1.476261604344486	1.2
26.911477088928223	1.4723879865827458	1.2
26.924124240875244	1.4723879865827458	1.2
26.938523769378662	1.4723879865827458	1.2
26.952903270721436	1.4685907941602618	1.2
26.96622586250305	1.4685907941602618	1.2
26.9802725315094	1.4685907941602618	1.2
26.997491121292114	1.4685907941602618	1.2
27.01327419281006	1.4656193377382436	1.2
27.02652931213379	1.4656193377382436	1.2
27.044021368026733	1.4656193377382436	1.2
27.061390161514282	1.462919935987731	1.2
27.075205326080322	1.462919935987731	1.2
27.088589429855347	1.462919935987731	1.2
27.10355043411255	1.462919935987731	1.2
27.11530828475952	1.4595218633566325	1.2
27.128966093063354	1.4595218633566325	1.2
27.1425883769989	1.4595218633566325	1.2
27.15647315979004	1.4575379959533177	1.2
27.176541805267334	1.4575379959533177	1.2
27.192338705062866	1.4575379959533177	1.2
27.207552194595337	1.4575379959533177	1.2
27.22317099571228	1.4565158430607554	1.2
27.23962712287903	1.4565158430607554	1.2
27.254727602005005	1.4565158430607554	1.2
27.272029876708984	1.4565158430607554	1.2
27.289541006088257	1.4554261142937754	1.2
27.30474328994751	1.4554261142937754	1.2
27.31985640525818	1.4554261142937754	1.2
27.335588216781616	1.4547520610470221	1.2
27.351325511932373	1.4547520610470221	1.2
27.37485122680664	1.4547520610470221	1.2
27.38968300819397	1.453849332112482	1.2
27.40480661392212	1.453849332112482	1.2
27.422399282455444	1.453849332112482	1.2
27.43871831893921	1.4534409083318482	1.2
27.45140790939331	1.4534409083318482	1.2
27.4646577835083	1.4534409083318482	1.2
27.47915530204773	1.4534409083318482	1.2
27.494694709777832	1.4536662975567685	1.2
27.507410764694214	1.4536662975567685	1.2
27.528789281845093	1.4536662975567685	1.2
27.54158663749695	1.4538611778918302	1.2
27.552600622177124	1.4538611778918302	1.2
27.566704273223877	1.4538611778918302	1.2
27.58068013191223	1.4538611778918302	1.2
27.594539880752563	1.454142289236368	1.2
27.60752582550049	1.454142289236368	1.2
27.620352268218994	1.454142289236368	1.2
27.634684801101685	1.4562494879341952	1.2
27.648024082183838	1.4562494879341952	1.2
27.660975217819214	1.4562494879341952	1.2
27.67656660079956	1.4562494879341952	1.2
27.690723657608032	1.4568189628141455	1.2
27.70528483390808	1.4568189628141455	1.2
27.720654487609863	1.4568189628141455	1.2
27.735124826431274	1.4568189628141455	1.2
27.75097680091858	1.4574962639668831	1.2
27.76458215713501	1.4574962639668831	1.2
27.779152393341064	1.4574962639668831	1.2
27.792802333831787	1.4577004236446667	1.2
27.806960105895996	1.4577004236446667	1.2
27.820051193237305	1.4577004236446667	1.2
27.836235284805298	1.4577004236446667	1.2
27.851638078689575	1.4588922358976313	1.2
27.863712072372437	1.4588922358976313	1.2
27.878682374954224	1.4588922358976313	1.2
27.893078804016113	1.4588922358976313	1.2
27.907408952713013	1.4587514769690597	1.2
27.92009925842285	1.4587514769690597	1.2
27.933361530303955	1.4587514769690597	1.2
27.946934461593628	1.4587514769690597	1.2
27.96103549003601	1.4591476753161674	1.2
27.973853826522827	1.4591476753161674	1.2
27.987401247024536	1.4591476753161674	1.2
28.00130033493042	1.459920810166083	1.2
28.01472783088684	1.459920810166083	1.2
28.02670407295227	1.459920810166083	1.2
28.04363751411438	1.459920810166083	1.2
28.05990219116211	1.4595994030262025	1.2
28.071998834609985	1.4595994030262025	1.2
28.08508801460266	1.4595994030262025	1.2
28.102192163467407	1.4595994030262025	1.2
28.118611574172974	1.4595994030262025	1.2
28.135294437408447	1.4595128096603696	1.2
29.07769250869751	1.4548064982155922	1.2
29.09530806541443	1.4573182062987975	1.2
29.11108660697937	1.4573182062987975	1.2
29.128248691558838	1.4573182062987975	1.2
29.143961906433105	1.4602248079557612	1.2
29.156387329101562	1.4602248079557612	1.2
29.168208360671997	1.4602248079557612	1.2
29.18465280532837	1.4602248079557612	1.2
29.198320627212524	1.4635288039316163	1.2
29.212122917175293	1.4635288039316163	1.2
29.22593593597412	1.4635288039316163	1.2
29.240307092666626	1.4671404928205054	1.2
29.25209379196167	1.4671404928205054	1.2
29.266366958618164	1.4671404928205054	1.2
29.283307790756226	1.4717194497435824	1.2
29.29601812362671	1.4717194497435824	1.2
29.309661149978638	1.4717194497435824	1.2
29.3269624710083	1.4757969698302165	1.2
29.338485717773438	1.4757969698302165	1.2
29.35373616218567	1.4757969698302165	1.2
29.369981288909912	1.4757969698302165	1.2
29.38200283050537	1.4803740678792168	1.2
29.39583706855774	1.4803740678792168	1.2
29.412920475006104	1.4803740678792168	1.2
29.42982029914856	1.4844735683003178	1.2
29.441702842712402	1.4844735683003178	1.2
29.457228660583496	1.4844735683003178	1.2
29.472918272018433	1.4888206540817517	1.2
29.485437631607056	1.4888206540817517	1.2
29.49950408935547	1.4888206540817517	1.2
29.51463294029236	1.4924164955921229	1.2
29.52593421936035	1.4924164955921229	1.2
29.53620171546936	1.4924164955921229	1.2
29.549753189086914	1.4924164955921229	1.2
29.56398606300354	1.494293721719444	1.2
29.575464725494385	1.494293721719444	1.2
29.59045386314392	1.494293721719444	1.2
29.604926347732544	1.494293721719444	1.2
29.61615800857544	1.4958256387365243	1.2
29.62797784805298	1.4958256387365243	1.2
29.643321990966797	1.4958256387365243	1.2
29.65839457511902	1.4973639499667375	1.2
29.671761512756348	1.4973639499667375	1.2
29.685776233673096	1.4973639499667375	1.2
29.70209002494812	1.4983300610778485	1.2
29.716855764389038	1.4983300610778485	1.2
29.731017112731934	1.4983300610778485	1.2
29.745945930480957	1.4983300610778485	1.2
29.762534379959106	1.4986907712167663	1.2
29.77361273765564	1.4986907712167663	1.2
29.788126945495605	1.4986907712167663	1.2
29.806986093521118	1.499725955626435	1.2
29.822044849395752	1.499725955626435	1.2
29.837430715560913	1.499725955626435	1.2
29.850597381591797	1.499725955626435	1.2
29.862379550933838	1.499975478098345	1.2
29.87626600265503	1.499975478098345	1.2
29.891769409179688	1.499975478098345	1.2
29.906893491744995	1.499724429594484	1.2
29.921033143997192	1.499724429594484	1.2
29.934056043624878	1.499724429594484	1.2
29.95094585418701	1.4997961505585145	1.2
29.965020895004272	1.4997961505585145	1.2
29.98061180114746	1.4997961505585145	1.2
29.996055364608765	1.5007065361075433	1.2
30.007701873779297	1.5007065361075433	1.2
30.020647525787354	1.5007065361075433	1.2
30.03697919845581	1.5007065361075433	1.2
30.050854682922363	1.5023955632159771	1.2
30.06425142288208	1.5023955632159771	1.2
30.078004121780396	1.5023955632159771	1.2
30.09157156944275	1.5034645286421022	1.2
30.10257124900818	1.5034645286421022	1.2
30.114518404006958	1.5034645286421022	1.2
30.12852668762207	1.5034645286421022	1.2
30.14090919494629	1.504281348184656	1.2
30.15260910987854	1.504281348184656	1.2
30.165905952453613	1.504281348184656	1.2
30.17943024635315	1.504281348184656	1.2
30.192212104797363	1.5037371376583402	1.2
30.203843116760254	1.5037371376583402	1.2
30.21550726890564	1.5037371376583402	1.2
30.22938632965088	1.5028246217827865	1.2
30.241195917129517	1.5028246217827865	1.2
30.252416610717773	1.5028246217827865	1.2
30.26472806930542	1.5028246217827865	1.2
30.278422832489014	1.5012992267244651	1.2
30.289619207382202	1.5012992267244651	1.2
30.300485134124756	1.5012992267244651	1.2
30.313049793243408	1.5012992267244651	1.2
30.325541496276855	1.4999627452737638	1.2
30.33622145652771	1.4999627452737638	1.2
30.347919464111328	1.4999627452737638	1.2
30.363500833511353	1.4999627452737638	1.2
30.374045848846436	1.4991377091712794	1.2
30.385542392730713	1.4991377091712794	1.2
30.398857355117798	1.4991377091712794	1.2
30.412780284881592	1.4973759096868076	1.2
30.423837184906006	1.4973759096868076	1.2
30.43484592437744	1.4973759096868076	1.2
30.448505878448486	1.4973759096868076	1.2
30.460260152816772	1.4953981462090062	1.2
30.470938444137573	1.4953981462090062	1.2
30.48296356201172	1.4953981462090062	1.2
30.49640417098999	1.4953981462090062	1.2
30.50753092765808	1.4941979398970326	1.2
30.51918053627014	1.4941979398970326	1.2
30.531012058258057	1.4941979398970326	1.2
30.543083667755127	1.494130711844213	1.2
30.554694175720215	1.494130711844213	1.2
30.565889358520508	1.494130711844213	1.2
30.577537298202515	1.494130711844213	1.2
30.590096950531006	1.4951265645109884	1.2
30.601157665252686	1.4951265645109884	1.2
30.61353826522827	1.4951265645109884	1.2
30.62651038169861	1.4951265645109884	1.2
30.64035725593567	1.4977800433299868	1.2
30.651745319366455	1.4977800433299868	1.2
30.663996934890747	1.4977800433299868	1.2
30.67820692062378	1.4977800433299868	1.2
30.6906418800354	1.5006676246025625	1.2
30.70160436630249	1.5006676246025625	1.2
30.715959072113037	1.5006676246025625	1.2
30.729959726333618	1.5044884318834388	1.2
30.74146270751953	1.5044884318834388	1.2
30.753539323806763	1.5044884318834388	1.2
30.768654823303223	1.5044884318834388	1.2
30.780347108840942	1.508671027927545	1.2
30.793087482452393	1.508671027927545	1.2
30.806079387664795	1.508671027927545	1.2
30.81976008415222	1.5129358890566822	1.2
30.831599712371826	1.5129358890566822	1.2
30.843400478363037	1.5129358890566822	1.2
30.855276823043823	1.5129358890566822	1.2
30.869476079940796	1.5195420407829905	1.2
30.881378889083862	1.5195420407829905	1.2
30.893560886383057	1.5195420407829905	1.2
30.906137228012085	1.5195420407829905	1.2
30.919204711914062	1.5259806996829142	1.2
30.930768728256226	1.5259806996829142	1.2
30.94393229484558	1.5259806996829142	1.2
30.956690788269043	1.5317103935923362	1.2
30.969860315322876	1.5317103935923362	1.2
30.981600522994995	1.5317103935923362	1.2
30.994574546813965	1.5317103935923362	1.2
31.007567882537842	1.536606061412872	1.2
31.01846742630005	1.536606061412872	1.2
31.031923055648804	1.536606061412872	1.2
31.046622276306152	1.5416330235559166	1.2
31.058348894119263	1.5416330235559166	1.2
31.06925344467163	1.5416330235559166	1.2
31.081607818603516	1.5416330235559166	1.2
31.0959210395813	1.5462389322543841	1.2
31.10816240310669	1.5462389322543841	1.2
31.120296955108643	1.5462389322543841	1.2
31.133256912231445	1.5462389322543841	1.2
31.145554304122925	1.5485567285889332	1.2
31.156967163085938	1.5485567285889332	1.2
31.169924020767212	1.5485567285889332	1.2
31.18472719192505	1.5485567285889332	1.2
31.196163654327393	1.5492723086339137	1.2
31.207598209381104	1.5492723086339137	1.2
31.218498945236206	1.5492723086339137	1.2
31.229520320892334	1.5492723086339137	1.2
31.242119312286377	1.5496179237203307	1.2
31.253106832504272	1.5496179237203307	1.2
31.26607084274292	1.5496179237203307	1.2
31.280142068862915	1.5492484150532913	1.2
31.29099702835083	1.5492484150532913	1.2
31.301274299621582	1.5492484150532913	1.2
31.31326937675476	1.5492484150532913	1.2
31.32565140724182	1.546955685765353	1.2
31.338359117507935	1.546955685765353	1.2
31.349754333496094	1.546955685765353	1.2
31.363747119903564	1.546955685765353	1.2
31.375799655914307	1.5439837828462906	1.2
31.386204481124878	1.5439837828462906	1.2
31.398579835891724	1.5439837828462906	1.2
31.412994384765625	1.5439837828462906	1.2
31.424794673919678	1.5410756019727436	1.2
31.435944318771362	1.5410756019727436	1.2
31.449766635894775	1.5410756019727436	1.2
31.462554931640625	1.536454754169767	1.2
31.47266435623169	1.536454754169767	1.2
31.483413696289062	1.536454754169767	1.2
31.497546672821045	1.536454754169767	1.2
31.50974154472351	1.5310469838703336	1.2
31.521113395690918	1.5310469838703336	1.2
31.53182816505432	1.5310469838703336	1.2
31.543357372283936	1.5310469838703336	1.2
31.55463981628418	1.5251997907501509	1.2
31.566253662109375	1.5251997907501509	1.2
31.577839612960815	1.5251997907501509	1.2
31.589970588684082	1.5251997907501509	1.2
31.602248191833496	1.5215001019565852	1.2
31.613184690475464	1.5215001019565852	1.2
31.623509645462036	1.5215001019565852	1.2
31.63577961921692	1.5215001019565852	1.2
31.6469988822937	1.5178150481794697	1.2
31.65808343887329	1.5178150481794697	1.2
31.6689772605896	1.5178150481794697	1.2
31.680333375930786	1.5178150481794697	1.2
31.69340205192566	1.5143091476043955	1.2
31.704667329788208	1.5143091476043955	1.2
31.716843605041504	1.5143091476043955	1.2
31.731456756591797	1.5143091476043955	1.2
31.74454951286316	1.511346244107655	1.2
31.755735874176025	1.511346244107655	1.2
31.770920753479004	1.511346244107655	1.2
31.78515338897705	1.5075030475736613	1.2
31.79731249809265	1.5075030475736613	1.2
31.80987048149109	1.5075030475736613	1.2
31.82242226600647	1.5075030475736613	1.2
31.83393359184265	1.5043094015634746	1.2
31.84575128555298	1.5043094015634746	1.2
31.859981775283813	1.5043094015634746	1.2
31.87457013130188	1.5043094015634746	1.2
31.886799335479736	1.500735345508917	1.2
31.89967370033264	1.500735345508917	1.2
31.911093950271606	1.500735345508917	1.2
31.92370843887329	1.4971386814222296	1.2
31.936147928237915	1.4971386814222296	1.2
31.948140382766724	1.4971386814222296	1.2
31.96226930618286	1.4971386814222296	1.2
31.976210832595825	1.493775294871471	1.2
31.98691701889038	1.493775294871471	1.2
31.997254610061646	1.493775294871471	1.2
32.010541677474976	1.493775294871471	1.2
32.024311542510986	1.4912324381191477	1.2
32.03603911399841	1.4912324381191477	1.2
32.05161809921265	1.4912324381191477	1.2
32.06418561935425	1.4998695044349373	1.2
32.0745484828949	1.4998695044349373	1.2
32.08581471443176	1.4998695044349373	1.2
32.104551792144775	1.4998695044349373	1.2
32.11630058288574	nan	1.2
32.127806663513184	nan	1.2
32.14206862449646	nan	1.2
32.15393781661987	nan	1.2
32.1654326915741	nan	1.2
32.18049645423889	nan	1.2
32.196152448654175	nan	1.2
32.207144260406494	nan	1.2
32.2184693813324	nan	1.2
32.22981071472168	nan	1.2
32.24173188209534	nan	1.2
32.25383996963501	nan	1.2
32.264994621276855	nan	1.2
32.2767448425293	nan	1.2
32.290149450302124	nan	1.2
32.301626682281494	nan	1.2
32.31279444694519	nan	1.2
32.32487869262695	nan	1.2
32.338873624801636	nan	1.2
32.34973692893982	nan	1.2
32.3624210357666	nan	1.2
32.37653183937073	nan	1.2
32.38727140426636	nan	1.2
32.39791440963745	nan	1.2
32.412315368652344	nan	1.2
32.42550539970398	nan	1.2
32.43657398223877	nan	1.2
32.44736289978027	nan	1.2
32.4617874622345	nan	1.2
32.47318768501282	nan	1.2
32.48417901992798	nan	1.2
32.498685121536255	nan	1.2
32.511098861694336	nan	1.2
32.52146553993225	nan	1.2
32.53289580345154	nan	1.2
32.546637296676636	nan	1.2
32.56014394760132	nan	1.2
32.5713529586792	nan	1.2
32.58419466018677	nan	1.2
32.59591484069824	nan	1.2
32.607110023498535	nan	1.2
32.61856698989868	nan	1.2
32.632009983062744	nan	1.2
32.64560151100159	nan	1.2
32.65653705596924	nan	1.2
32.667288064956665	nan	1.2
32.678826093673706	nan	1.2
32.69079804420471	nan	1.2
32.702394008636475	nan	1.2
32.715699195861816	nan	1.2
32.73172473907471	nan	1.2
32.74902701377869	nan	1.2
32.76156497001648	nan	1.2
32.774131536483765	nan	1.2
32.792569398880005	nan	1.2
32.80479955673218	nan	1.2
32.81943368911743	nan	1.2
32.83462738990784	nan	1.2
32.84543561935425	nan	1.2
32.85700988769531	nan	1.2
32.87226319313049	nan	1.2
32.8861141204834	nan	1.2
32.89825367927551	nan	1.2
32.91164946556091	nan	1.2
32.923747062683105	nan	1.2
32.93571853637695	nan	1.2
32.948570728302	nan	1.2
32.96207523345947	nan	1.2
32.976218938827515	nan	1.2
32.989981174468994	nan	1.2
33.00189471244812	nan	1.2
33.01521062850952	nan	1.2
33.02796697616577	nan	1.2
33.04020023345947	nan	1.2
33.054283618927	nan	1.2
33.06734490394592	nan	1.2
33.07792353630066	nan	1.2
33.08837962150574	nan	1.2
33.10531949996948	nan	1.2
33.118255853652954	nan	1.2
33.12917923927307	nan	1.2
33.141732692718506	nan	1.2
33.15632772445679	nan	1.2
33.168522119522095	nan	1.2
33.18063926696777	nan	1.2
33.195457220077515	nan	1.2
33.2064573764801	nan	1.2
33.21817493438721	nan	1.2
33.2299964427948	nan	1.2
33.2446653842926	nan	1.2
33.25719213485718	nan	1.2
33.26823616027832	nan	1.2
33.28079891204834	nan	1.2
33.291948318481445	nan	1.2
33.302884101867676	nan	1.2
33.31458044052124	nan	1.2
33.32771968841553	nan	1.2
33.34005379676819	nan	1.2
33.35169959068298	nan	1.2
33.36226177215576	nan	1.2
33.37634873390198	nan	1.2
33.38799214363098	nan	1.2
33.39884066581726	nan	1.2
33.40988111495972	nan	1.2
33.42224955558777	nan	1.2
33.434619188308716	nan	1.2
33.445671796798706	nan	1.2
33.458481550216675	nan	1.2
33.47305965423584	nan	1.2
33.484232902526855	nan	1.2
33.495020627975464	nan	1.2
33.510342836380005	nan	1.2
33.522059202194214	nan	1.2
33.53269696235657	nan	1.2
33.54381537437439	nan	1.2
33.558884620666504	nan	1.2
33.570048093795776	nan	1.2
33.58080458641052	nan	1.2
33.59451961517334	nan	1.2
33.606460094451904	nan	1.2
33.617993116378784	nan	1.2
33.63099026679993	nan	1.2
33.645373582839966	nan	1.2
33.65727162361145	nan	1.2
33.66860270500183	nan	1.2
33.680580615997314	nan	1.2
33.6919105052948	nan	1.2
33.70321488380432	nan	1.2
33.71467304229736	nan	1.2
33.73090648651123	nan	1.2
33.744014263153076	nan	1.2
33.756179094314575	nan	1.2
33.76673698425293	nan	1.2
33.78031945228577	nan	1.2
33.79317498207092	nan	1.2
33.804253578186035	nan	1.2
33.81653714179993	nan	1.2
33.83161735534668	nan	1.2
33.843244791030884	nan	1.2
33.854512453079224	nan	1.2
33.86930990219116	nan	1.2
33.8833065032959	nan	1.2
33.89486360549927	nan	1.2
33.906641244888306	nan	1.2
33.92178702354431	nan	1.2
33.93436121940613	nan	1.2
33.94599986076355	nan	1.2
33.961872816085815	nan	1.2
33.973652362823486	nan	1.2
33.98490762710571	nan	1.2
33.99788498878479	nan	1.2
34.01240277290344	nan	1.2
34.0247642993927	nan	1.2
34.0368447303772	nan	1.2
34.04872226715088	nan	1.2
34.06173133850098	nan	1.2
34.07338094711304	nan	1.2
34.08603596687317	nan	1.2
34.1007604598999	nan	1.2
34.11461663246155	nan	1.2
34.125747203826904	nan	1.2
34.13591504096985	nan	1.2
34.149292945861816	nan	1.2
34.163069009780884	nan	1.2
34.17576861381531	nan	1.2
34.188589572906494	nan	1.2
34.20273470878601	nan	1.2
34.21333575248718	nan	1.2
34.224950313568115	nan	1.2
34.23702073097229	nan	1.2
34.25123310089111	nan	1.2
34.262131690979004	nan	1.2
34.273436307907104	nan	1.2
34.28560256958008	nan	1.2
34.297123193740845	nan	1.2
34.30840063095093	nan	1.2
34.31980538368225	nan	1.2
34.33197498321533	nan	1.2
34.34525489807129	nan	1.2
34.35611391067505	nan	1.2
34.36849641799927	nan	1.2
34.379693031311035	nan	1.2
34.391993045806885	nan	1.2
34.403270959854126	nan	1.2
34.41436171531677	nan	1.2
34.426650047302246	nan	1.2
34.44073486328125	nan	1.2
34.45172190666199	nan	1.2
34.462337255477905	nan	1.2
34.476346492767334	nan	1.2
34.48933005332947	nan	1.2
34.501028299331665	nan	1.2
34.513696908950806	nan	1.2
34.52879762649536	nan	1.2
34.53938436508179	nan	1.2
34.55080604553223	nan	1.2
34.56547570228577	nan	1.2
34.57705521583557	1.3900392801196824	1.2
34.58823251724243	1.3900392801196824	1.2
34.60137224197388	1.3900392801196824	1.2
34.614721059799194	1.3905819532348236	1.2
34.62579846382141	1.3905819532348236	1.2
34.63666749000549	1.3905819532348236	1.2
34.65077447891235	1.3905819532348236	1.2
34.6633517742157	1.390072453165979	1.2
34.67403697967529	1.390072453165979	1.2
34.68446087837219	1.390072453165979	1.2
34.69900870323181	1.390072453165979	1.2
34.71204996109009	1.3906847016034791	1.2
34.72376322746277	1.3906847016034791	1.2
34.73555064201355	1.3906847016034791	1.2
34.74841070175171	1.3906847016034791	1.2
34.76038455963135	1.3917349397155152	1.2
34.77218055725098	1.3917349397155152	1.2
34.78442692756653	1.3917349397155152	1.2
34.80013847351074	1.394523214533917	1.2
34.81236910820007	1.394523214533917	1.2
34.82319355010986	1.394523214533917	1.2
34.837305307388306	1.394523214533917	1.2
34.85035061836243	1.3974362812983094	1.2
34.861958742141724	1.3974362812983094	1.2
34.87440347671509	1.3974362812983094	1.2
34.889442682266235	1.3974362812983094	1.2
34.90065860748291	1.4011149172110078	1.2
34.91145157814026	1.4011149172110078	1.2
34.92529058456421	1.4011149172110078	1.2
34.93977999687195	1.4053110513586415	1.2
34.95152139663696	1.4053110513586415	1.2
34.964014530181885	1.4053110513586415	1.2
34.97777843475342	1.4053110513586415	1.2
34.99061965942383	1.4092995924049192	1.2
35.00257611274719	1.4092995924049192	1.2
35.01608395576477	1.4092995924049192	1.2
35.030381202697754	1.4146707890247274	1.2
35.04203486442566	1.4146707890247274	1.2
35.05347561836243	1.4146707890247274	1.2
35.06664228439331	1.4146707890247274	1.2
35.08023500442505	1.4189157829638988	1.2
35.09215521812439	1.4189157829638988	1.2
35.104063510894775	1.4189157829638988	1.2
35.11926865577698	1.4189157829638988	1.2
35.132283449172974	1.4242851522441362	1.2
35.143513441085815	1.4242851522441362	1.2
35.158894538879395	1.4242851522441362	1.2
35.17431449890137	1.4282391888066361	1.2
35.18918061256409	1.4282391888066361	1.2
35.20199680328369	1.4282391888066361	1.2
35.216620683670044	1.4326689981072853	1.2
35.227747201919556	1.4326689981072853	1.2
35.23994255065918	1.4326689981072853	1.2
35.254923582077026	1.4326689981072853	1.2
35.267582654953	1.4374130043948743	1.2
35.27966618537903	1.4374130043948743	1.2
35.291974782943726	1.4374130043948743	1.2
35.304078102111816	1.4374130043948743	1.2
35.31657695770264	1.4422551360289673	1.2
35.33035612106323	1.4422551360289673	1.2
35.343501567840576	1.4422551360289673	1.2
35.356101751327515	1.4473215422297856	1.2
35.366700649261475	1.4473215422297856	1.2
35.378618478775024	1.4473215422297856	1.2
35.39066195487976	1.4473215422297856	1.2
35.402761459350586	1.4518223742929321	1.2
35.414844036102295	1.4518223742929321	1.2
35.426416873931885	1.4518223742929321	1.2
35.44045424461365	1.4555303659534213	1.2
35.452587842941284	1.4555303659534213	1.2
35.463940382003784	1.4555303659534213	1.2
35.47616934776306	1.4555303659534213	1.2
35.4904670715332	1.4564230103642402	1.2
35.50181770324707	1.4564230103642402	1.2
35.518091917037964	1.4564230103642402	1.2
35.53352952003479	1.4564230103642402	1.2
35.5485680103302	1.4583881186761787	1.2
35.56374430656433	1.4583881186761787	1.2
35.579782485961914	1.4596825642850657	1.2
35.591392517089844	1.4596825642850657	1.2
35.611506938934326	1.4596825642850657	1.2
35.628435134887695	1.4612155526721624	1.2
35.641587018966675	1.4612155526721624	1.2
35.65443205833435	1.4612155526721624	1.2
35.66643238067627	1.4612155526721624	1.2
35.67834496498108	1.4630552459574582	1.2
35.68981099128723	1.4630552459574582	1.2
35.70276713371277	1.4630552459574582	1.2
35.71656084060669	1.4630552459574582	1.2
35.73066473007202	1.4634687884046849	1.2
35.742069244384766	1.4634687884046849	1.2
35.75389504432678	1.4634687884046849	1.2
35.76717710494995	1.4637950069259733	1.2
35.779269218444824	1.4637950069259733	1.2
35.79202198982239	1.4637950069259733	1.2
35.80869650840759	1.4637950069259733	1.2
35.82195544242859	1.4633841120485802	1.2
35.83363699913025	1.4633841120485802	1.2
35.84694719314575	1.4633841120485802	1.2
35.8633029460907	1.463856335357248	1.2
35.876503229141235	1.463856335357248	1.2
35.892807960510254	1.463856335357248	1.2
35.90582895278931	1.4650995026504812	1.2
35.917864084243774	1.4650995026504812	1.2
35.929767370224	1.4650995026504812	1.2
35.94486689567566	1.4650995026504812	1.2
35.95823287963867	1.4676060109225397	1.2
35.970492362976074	1.4676060109225397	1.2
35.98361086845398	1.4676060109225397	1.2
35.99609088897705	1.4698883769584756	1.2
36.00765347480774	1.4698883769584756	1.2
36.020326375961304	1.4698883769584756	1.2
36.03499174118042	1.4698883769584756	1.2
36.04909563064575	1.4705620632177205	1.2
36.06167531013489	1.4705620632177205	1.2
36.07340884208679	1.4705620632177205	1.2
36.087430000305176	1.4706419532260395	1.2
36.09972667694092	1.4706419532260395	1.2
36.1116681098938	1.4706419532260395	1.2
36.126569986343384	1.4706419532260395	1.2
36.141234397888184	1.4697886528957338	1.2
36.15281414985657	1.4697886528957338	1.2
36.16693305969238	1.4697886528957338	1.2
36.18197584152222	1.4696979269338786	1.2
36.19397950172424	1.4696979269338786	1.2
36.20618414878845	1.4696979269338786	1.2
36.22116303443909	1.4696979269338786	1.2
36.23464632034302	1.4705484764034094	1.2
36.2470018863678	1.4705484764034094	1.2
36.260315895080566	1.4705484764034094	1.2
36.27376699447632	1.4711916863839325	1.2
36.28481888771057	1.4711916863839325	1.2
36.296149015426636	1.4711916863839325	1.2
36.310715675354004	1.4711916863839325	1.2
36.32401418685913	1.4701210977657273	1.2
36.335391998291016	1.4701210977657273	1.2
36.348281383514404	1.4701210977657273	1.2
36.360588788986206	1.4701210977657273	1.2
36.37228465080261	1.4685344885220297	1.2
36.38389611244202	1.4685344885220297	1.2
36.39638018608093	1.4685344885220297	1.2
36.40989375114441	1.4669093543072862	1.2
36.421586751937866	1.4669093543072862	1.2
36.43274736404419	1.4669093543072862	1.2
36.44459247589111	1.4669093543072862	1.2
36.45788049697876	1.4650625764179348	1.2
36.469651222229004	1.4650625764179348	1.2
36.481751680374146	1.4650625764179348	1.2
36.495723724365234	1.4650625764179348	1.2
36.50841689109802	1.4643936114033576	1.2
36.51971173286438	1.4643936114033576	1.2
36.53107833862305	1.4643936114033576	1.2
36.544663190841675	1.464253030150799	1.2
36.558329343795776	1.464253030150799	1.2
36.570061922073364	1.464253030150799	1.2
36.58535051345825	1.464253030150799	1.2
36.59785294532776	1.4644913691469381	1.2
36.60873889923096	1.4644913691469381	1.2
36.62270140647888	1.4644913691469381	1.2
36.63745594024658	1.4646724462899328	1.2
36.64841866493225	1.4646724462899328	1.2
36.65988302230835	1.4646724462899328	1.2
36.672619342803955	1.4646724462899328	1.2
36.684351444244385	1.464499400301348	1.2
36.69615721702576	1.464499400301348	1.2
36.70972561836243	1.464499400301348	1.2
36.72415781021118	1.464499400301348	1.2
36.737200021743774	1.4637622444330975	1.2
36.75027394294739	1.4637622444330975	1.2
36.76256012916565	1.4637622444330975	1.2
36.77617597579956	1.4638991551971803	1.2
36.78859210014343	1.4638991551971803	1.2
36.80195665359497	1.4638991551971803	1.2
36.81601357460022	1.4638991551971803	1.2
36.829936027526855	1.4655458519044344	1.2
36.84126615524292	1.4655458519044344	1.2
36.86446833610535	1.4655458519044344	1.2
36.880765199661255	1.4676263097798923	1.2
36.89649820327759	1.4676263097798923	1.2
36.91265797615051	1.4676263097798923	1.2
36.92697262763977	1.4702639104877975	1.2
36.94011211395264	1.4702639104877975	1.2
36.956799030303955	1.4702639104877975	1.2
36.9714150428772	1.4702639104877975	1.2
36.9849054813385	1.473744754560816	1.2
37.00044369697571	1.473744754560816	1.2
37.015689849853516	1.473744754560816	1.2
37.03042769432068	1.4773727579520837	1.2
37.04253816604614	1.4773727579520837	1.2
37.05611991882324	1.4773727579520837	1.2
37.07131361961365	1.48117760002307	1.2
37.084465980529785	1.48117760002307	1.2
37.09795141220093	1.48117760002307	1.2
37.1141140460968	1.48117760002307	1.2
37.126569509506226	1.4858536449730988	1.2
37.13926815986633	1.4858536449730988	1.2
37.15564942359924	1.4858536449730988	1.2
37.1706748008728	1.4906332183735622	1.2
37.19066762924194	1.4906332183735622	1.2
37.20511078834534	1.4906332183735622	1.2
37.218730449676514	1.495366426723626	1.2
37.23199105262756	1.495366426723626	1.2
37.246219873428345	1.495366426723626	1.2
37.260586977005005	1.500958181603715	1.2
37.27269172668457	1.500958181603715	1.2
37.28412628173828	1.500958181603715	1.2
37.29692077636719	1.500958181603715	1.2
37.3087112903595	1.504545306942193	1.2
37.319886207580566	1.504545306942193	1.2
37.332454681396484	1.504545306942193	1.2
37.34609580039978	1.5084101482120342	1.2
37.35820460319519	1.5084101482120342	1.2
37.36930847167969	1.5084101482120342	1.2
37.38095712661743	1.5084101482120342	1.2
37.39471411705017	1.5109398540943872	1.2
37.40555000305176	1.5109398540943872	1.2
37.41795015335083	1.5109398540943872	1.2
37.43335032463074	1.5109398540943872	1.2
37.44497609138489	1.5113177918857623	1.2
37.456857204437256	1.5113177918857623	1.2
37.47090125083923	1.5113177918857623	1.2
37.48544907569885	1.5109618001563025	1.2
37.49797201156616	1.5109618001563025	1.2
37.5091347694397	1.5109618001563025	1.2
37.521414279937744	1.5109618001563025	1.2
37.53290319442749	1.5092451866071335	1.2
37.54467296600342	1.5092451866071335	1.2
37.5572452545166	1.5092451866071335	1.2
37.57202100753784	1.5092451866071335	1.2
37.58275747299194	1.5060907097798912	1.2
37.594613790512085	1.5060907097798912	1.2
37.60638499259949	1.5060907097798912	1.2
37.619638204574585	1.5017758325662391	1.2
37.63093590736389	1.5017758325662391	1.2
37.64262509346008	1.5017758325662391	1.2
37.65570306777954	1.5017758325662391	1.2
37.66976070404053	1.497605103224922	1.2
37.68189811706543	1.497605103224922	1.2
37.69282126426697	1.497605103224922	1.2
37.706265926361084	1.4929062303136924	1.2
37.71784043312073	1.4929062303136924	1.2
37.729798793792725	1.4929062303136924	1.2
37.743956565856934	1.4929062303136924	1.2
37.76019024848938	1.488767231797372	1.2
37.77421689033508	1.488767231797372	1.2
37.78828263282776	1.488767231797372	1.2
37.803261280059814	1.488767231797372	1.2
37.81516242027283	1.4825893869159739	1.2
37.82788801193237	1.4825893869159739	1.2
37.84252643585205	1.4825893869159739	1.2
37.855857849121094	1.476743189144386	1.2
37.8671395778656	1.476743189144386	1.2
37.88149356842041	1.476743189144386	1.2
37.89502930641174	1.476743189144386	1.2
37.90873456001282	1.471951182897564	1.2
37.922232151031494	1.471951182897564	1.2
37.93554878234863	1.471951182897564	1.2
37.94955778121948	1.4675021615505262	1.2
37.96235513687134	1.4675021615505262	1.2
37.974475145339966	1.4675021615505262	1.2
37.98906970024109	1.4675021615505262	1.2
38.00209379196167	1.4641723427982514	1.2
38.014323472976685	1.4641723427982514	1.2
38.029327630996704	1.4641723427982514	1.2
38.044206619262695	1.4614687753022642	1.2
38.0565083026886	1.4614687753022642	1.2
38.071430683135986	1.4614687753022642	1.2
38.086793184280396	1.458603390310943	1.2
38.09830069541931	1.458603390310943	1.2
38.110692739486694	1.458603390310943	1.2
38.12542152404785	1.458603390310943	1.2
38.13892841339111	1.4571368655321821	1.2
38.15228581428528	1.4571368655321821	1.2
38.16579055786133	1.4571368655321821	1.2
38.18796992301941	1.4553629800668186	1.2
38.20129609107971	1.4553629800668186	1.2
38.21470546722412	1.4553629800668186	1.2
38.22831392288208	1.4545938891577277	1.2
38.239789962768555	1.4545938891577277	1.2
38.251258850097656	1.4545938891577277	1.2
38.265002965927124	1.4545938891577277	1.2
38.27808928489685	1.4549172499121419	1.2
38.29122805595398	1.4549172499121419	1.2
38.30265426635742	1.4549172499121419	1.2
38.31604599952698	1.4552525610558227	1.2
38.32792830467224	1.4552525610558227	1.2
38.33950757980347	1.4552525610558227	1.2
38.35504484176636	1.4552525610558227	1.2
38.368374824523926	1.4565969271340853	1.2
38.37942409515381	1.4565969271340853	1.2
38.3939094543457	1.4565969271340853	1.2
38.40872049331665	1.4576522970677626	1.2
38.42024040222168	1.4576522970677626	1.2
38.43146753311157	1.4576522970677626	1.2
38.445127964019775	1.4576522970677626	1.2
38.46061062812805	1.4591010180065143	1.2
38.47248601913452	1.4591010180065143	1.2
38.48365044593811	1.4591010180065143	1.2
38.49665331840515	1.4591010180065143	1.2
38.50950622558594	1.4610487716320695	1.2
38.52121090888977	1.4610487716320695	1.2
38.53378748893738	1.4610487716320695	1.2
38.550596714019775	1.4610487716320695	1.2
38.56189966201782	1.4638728824192415	1.2
38.57344603538513	1.4638728824192415	1.2
38.58501935005188	1.4638728824192415	1.2
38.59977340698242	1.4663943818248684	1.2
38.61099123954773	1.4663943818248684	1.2
38.62238645553589	1.4663943818248684	1.2
38.636539936065674	1.4663943818248684	1.2
38.64944815635681	1.4693841378041832	1.2
38.66038107872009	1.4693841378041832	1.2
38.671926736831665	1.4693841378041832	1.2
38.68558883666992	1.4693841378041832	1.2
38.69817042350769	1.472132176081695	1.2
38.71023416519165	1.472132176081695	1.2
38.72544884681702	1.472132176081695	1.2
38.7391574382782	1.4749817609031237	1.2
38.750685691833496	1.4749817609031237	1.2
38.764445304870605	1.4749817609031237	1.2
38.78099298477173	1.4787282421256251	1.2
38.7928032875061	1.4787282421256251	1.2
38.804882526397705	1.4787282421256251	1.2
38.81736969947815	1.4787282421256251	1.2
38.83015751838684	1.4829379615482638	1.2
38.842618465423584	1.4829379615482638	1.2
38.856037855148315	1.4829379615482638	1.2
38.87119770050049	1.4829379615482638	1.2
38.88437843322754	1.4873970168842323	1.2
38.89578604698181	1.4873970168842323	1.2
38.90900373458862	1.4873970168842323	1.2
38.92297339439392	1.4917804614655128	1.2
38.935991287231445	1.4917804614655128	1.2
38.95073437690735	1.4917804614655128	1.2
38.96652030944824	1.4917804614655128	1.2
38.97889423370361	1.4965132881178997	1.2
38.98970699310303	1.4965132881178997	1.2
39.00314903259277	1.4965132881178997	1.2
39.019452810287476	1.5010075827305738	1.2
39.03157186508179	1.5010075827305738	1.2
39.045856952667236	1.5010075827305738	1.2
39.05989122390747	1.5010075827305738	1.2
39.07195520401001	1.5052726655381108	1.2
39.08433818817139	1.5052726655381108	1.2
39.10119819641113	1.5052726655381108	1.2
39.11428928375244	1.5092119457172481	1.2
39.126863956451416	1.5092119457172481	1.2
39.137744426727295	1.5092119457172481	1.2
39.14969992637634	1.5092119457172481	1.2
39.1631441116333	1.5132809477870293	1.2
39.17548871040344	1.5132809477870293	1.2
39.18666100502014	1.5132809477870293	1.2
39.201446294784546	1.517010344307478	1.2
39.21356797218323	1.517010344307478	1.2
39.22600531578064	1.517010344307478	1.2
39.23884677886963	1.517010344307478	1.2
39.252636432647705	1.519972130665264	1.2
39.26358127593994	1.519972130665264	1.2
39.274537086486816	1.519972130665264	1.2
39.2880277633667	1.519972130665264	1.2
39.30187678337097	1.5220319191974867	1.2
39.31427979469299	1.5220319191974867	1.2
39.32896614074707	1.5220319191974867	1.2
39.343355655670166	1.5236938588595945	1.2
39.35538339614868	1.5236938588595945	1.2
39.3689923286438	1.5236938588595945	1.2
39.384300231933594	1.5236938588595945	1.2
39.39601016044617	1.5249931173182412	1.2
39.40899872779846	1.5249931173182412	1.2
39.42174816131592	1.5249931173182412	1.2
39.434067487716675	1.5255019471922218	1.2
39.44666790962219	1.5255019471922218	1.2
39.4592182636261	1.5255019471922218	1.2
39.47252321243286	1.5255019471922218	1.2
39.4837064743042	1.5262475752722782	1.2
39.49561047554016	1.5262475752722782	1.2
39.50821328163147	1.5262475752722782	1.2
39.52107834815979	1.5261894960501663	1.2
39.532466173172	1.5261894960501663	1.2
39.5435094833374	1.5261894960501663	1.2
39.55641007423401	1.5261894960501663	1.2
39.57020354270935	1.5274890441092208	1.2
39.58187294006348	1.5274890441092208	1.2
39.59286713600159	1.5274890441092208	1.2
39.60668325424194	1.5274890441092208	1.2
39.61956238746643	1.5269699460223696	1.2
39.6309449672699	1.5269699460223696	1.2
39.64392828941345	1.5269699460223696	1.2
39.65880751609802	1.5275610470980747	1.2
39.66963505744934	1.5275610470980747	1.2
39.680498123168945	1.5275610470980747	1.2
39.69369173049927	1.5275610470980747	1.2
39.70788311958313	1.5271645120671444	1.2
39.72012162208557	1.5271645120671444	1.2
39.733031034469604	1.5271645120671444	1.2
39.74777913093567	1.5278186080297371	1.2
39.758827924728394	1.5278186080297371	1.2
39.771783113479614	1.5278186080297371	1.2
39.78786301612854	1.5278186080297371	1.2
39.80130314826965	1.5284340558074878	1.2
39.8133442401886	1.5284340558074878	1.2
39.82561707496643	1.5284340558074878	1.2
39.83857607841492	1.5284340558074878	1.2
39.85116672515869	1.529816058636776	1.2
39.864309787750244	1.529816058636776	1.2
39.87757754325867	1.529816058636776	1.2
39.89409017562866	1.5303808113161173	1.2
39.90567898750305	1.5303808113161173	1.2
39.91667127609253	1.5303808113161173	1.2
39.93172001838684	1.5303808113161173	1.2
39.945640087127686	1.5311963206180144	1.2
39.95672249794006	1.5311963206180144	1.2
39.96845245361328	1.5311963206180144	1.2
39.9842791557312	1.5323242936877755	1.2
39.99622988700867	1.5323242936877755	1.2
40.010080337524414	1.5323242936877755	1.2
40.02542471885681	1.5320719139237098	1.2
40.03719639778137	1.5320719139237098	1.2
40.049538373947144	1.5320719139237098	1.2
40.06344246864319	1.5320719139237098	1.2
40.07900905609131	1.5338442808822177	1.2
40.092209815979004	1.5338442808822177	1.2
40.10630249977112	1.5338442808822177	1.2
40.12010860443115	1.5338442808822177	1.2
40.132052183151245	1.5352366965183526	1.2
40.1449191570282	1.5352366965183526	1.2
40.16074061393738	1.5352366965183526	1.2
40.173842430114746	1.5382150477800012	1.2
40.186625480651855	1.5382150477800012	1.2
40.19909429550171	1.5382150477800012	1.2
40.212647676467896	1.5396458945104823	1.2
40.2250189781189	1.5396458945104823	1.2
40.24065351486206	1.5396458945104823	1.2
40.2554829120636	1.5396458945104823	1.2
40.26935625076294	1.5417971888888058	1.2
40.28082060813904	1.5417971888888058	1.2
40.29437232017517	1.5417971888888058	1.2
40.30895137786865	1.5448114274030078	1.2
40.32126307487488	1.5448114274030078	1.2
40.33507513999939	1.5448114274030078	1.2
40.34938311576843	1.5478386355607896	1.2
40.36041307449341	1.5478386355607896	1.2
40.37235426902771	1.5478386355607896	1.2
40.38747549057007	1.5478386355607896	1.2
40.40102767944336	1.5501149322370997	1.2
40.41272258758545	1.5501149322370997	1.2
40.42530965805054	1.5501149322370997	1.2
40.438257932662964	1.5539644487516588	1.2
40.44955563545227	1.5539644487516588	1.2
40.46117544174194	1.5539644487516588	1.2
40.47607350349426	1.5539644487516588	1.2
40.489166259765625	1.558066419826655	1.2
40.50075936317444	1.558066419826655	1.2
40.51340866088867	1.558066419826655	1.2
40.525601625442505	1.5614145123276066	1.2
40.53729057312012	1.5614145123276066	1.2
40.54866623878479	1.5614145123276066	1.2
40.56196093559265	1.5614145123276066	1.2
40.57560896873474	1.564892235458954	1.2
40.58772683143616	1.564892235458954	1.2
40.59929275512695	1.564892235458954	1.2
40.61172556877136	1.564892235458954	1.2
40.625483751297	1.5675780382758557	1.2
40.637927293777466	1.5675780382758557	1.2
40.650731325149536	1.5675780382758557	1.2
40.66572093963623	1.5705678841609487	1.2
40.67662286758423	1.5705678841609487	1.2
40.68749284744263	1.5705678841609487	1.2
40.701945543289185	1.5705678841609487	1.2
40.717103242874146	1.574096729615494	1.2
40.728901863098145	1.574096729615494	1.2
40.74216842651367	1.574096729615494	1.2
40.75688147544861	1.576246135736702	1.2
40.7708899974823	1.576246135736702	1.2
40.78421688079834	1.576246135736702	1.2
40.79922866821289	1.576246135736702	1.2
40.81122875213623	1.578983535815072	1.2
40.82349395751953	1.578983535815072	1.2
40.83820462226868	1.578983535815072	1.2
40.85402464866638	1.581674157512853	1.2
40.866344928741455	1.581674157512853	1.2
40.88045692443848	1.581674157512853	1.2
40.89358305931091	1.581674157512853	1.2
40.90534424781799	1.5831116215464816	1.2
40.918556451797485	1.5831116215464816	1.2
40.93458342552185	1.5831116215464816	1.2
40.94996929168701	1.5834550496686306	1.2
40.96197152137756	1.5834550496686306	1.2
40.97470545768738	1.5834550496686306	1.2
40.9905469417572	1.5831156191395102	1.2
41.00307536125183	1.5831156191395102	1.2
41.01522183418274	1.5831156191395102	1.2
41.030818939208984	1.5831156191395102	1.2
41.045050382614136	1.5834431704565093	1.2
41.056915283203125	1.5834431704565093	1.2
41.07090401649475	1.5834431704565093	1.2
41.08965277671814	1.5832553819949708	1.2
41.102410078048706	1.5832553819949708	1.2
41.114866971969604	1.5832553819949708	1.2
41.12801265716553	1.5832553819949708	1.2
41.14102125167847	1.582736774401711	1.2
41.15335273742676	1.582736774401711	1.2
41.16960549354553	1.582736774401711	1.2
41.18551778793335	1.5815508770565783	1.2
41.19795870780945	1.5815508770565783	1.2
41.21059846878052	1.5815508770565783	1.2
41.22442960739136	1.5815508770565783	1.2
41.23758125305176	1.5803519949427574	1.2
41.250136613845825	1.5803519949427574	1.2
41.265498638153076	1.5803519949427574	1.2
41.27934718132019	1.579565240424685	1.2
41.29056167602539	1.579565240424685	1.2
41.30289125442505	1.579565240424685	1.2
41.318721532821655	1.579565240424685	1.2
41.33281397819519	1.5787512444283807	1.2
41.3442018032074	1.5787512444283807	1.2
41.357202768325806	1.5787512444283807	1.2
41.36989617347717	1.5769152696633593	1.2
41.38121700286865	1.5769152696633593	1.2
41.393133878707886	1.5769152696633593	1.2
41.407007932662964	1.5769152696633593	1.2
41.420592069625854	1.5756836092172366	1.2
41.43294167518616	1.5756836092172366	1.2
41.444084882736206	1.5756836092172366	1.2
41.45567321777344	1.5756836092172366	1.2
41.469791412353516	1.5754095528792085	1.2
41.4825553894043	1.5754095528792085	1.2
41.49444341659546	1.5754095528792085	1.2
41.5087034702301	1.5733025684527049	1.2
41.52099394798279	1.5733025684527049	1.2
41.5326361656189	1.5733025684527049	1.2
41.546164989471436	1.5733025684527049	1.2
41.560829639434814	1.5716521711999574	1.2
41.57209396362305	1.5716521711999574	1.2
41.583996295928955	1.5716521711999574	1.2
41.59890031814575	1.5696954426051708	1.2
41.61125087738037	1.5696954426051708	1.2
41.623212814331055	1.5696954426051708	1.2
41.64491319656372	1.566438386746961	1.2
41.65622925758362	1.566438386746961	1.2
41.66782879829407	1.566438386746961	1.2
41.68183493614197	1.566438386746961	1.2
41.69610548019409	1.5627038450802941	1.2
41.70844554901123	1.5627038450802941	1.2
41.72181153297424	1.5627038450802941	1.2
41.73529076576233	1.5627038450802941	1.2
41.748374223709106	1.5572530257511041	1.2
41.761348724365234	1.5572530257511041	1.2
41.77635169029236	1.5572530257511041	1.2
41.7906277179718	1.5521156408899808	1.2
41.80331826210022	1.5521156408899808	1.2
41.81625413894653	1.5521156408899808	1.2
41.831448554992676	1.5479507509406665	1.2
41.84381365776062	1.5479507509406665	1.2
41.85610842704773	1.5479507509406665	1.2
41.871741771698	1.5479507509406665	1.2
41.88615155220032	1.5440591115391409	1.2
41.897727727890015	1.5440591115391409	1.2
41.911705017089844	1.5440591115391409	1.2
41.92909121513367	1.5392040962008202	1.2
41.94174671173096	1.5392040962008202	1.2
41.95443820953369	1.5392040962008202	1.2
41.97053527832031	1.5392040962008202	1.2
41.98219537734985	1.535358868433215	1.2
41.99443173408508	1.535358868433215	1.2
42.00975513458252	1.535358868433215	1.2
42.02328968048096	1.5306775237607604	1.2
42.0365731716156	1.5306775237607604	1.2
42.050596952438354	1.5306775237607604	1.2
42.064857959747314	1.5274632104876913	1.2
42.07815217971802	1.5274632104876913	1.2
42.09048867225647	1.5274632104876913	1.2
42.10406994819641	1.5274632104876913	1.2
42.11876630783081	1.5250065113233457	1.2
42.13154101371765	1.5250065113233457	1.2
42.14487147331238	1.5250065113233457	1.2
42.15997290611267	1.5222917988597888	1.2
42.172335624694824	1.5222917988597888	1.2
42.18464159965515	1.5222917988597888	1.2
42.20006847381592	1.5222917988597888	1.2
42.21274137496948	1.5205518374696625	1.2
42.22446918487549	1.5205518374696625	1.2
42.24180006980896	1.5205518374696625	1.2
42.25649547576904	1.5195420345035608	1.2
42.267842531204224	1.5195420345035608	1.2
42.28053259849548	1.5195420345035608	1.2
42.2971875667572	1.5195420345035608	1.2
42.311078786849976	1.5189844923876579	1.2
42.32298994064331	1.5189844923876579	1.2
42.33586096763611	1.5189844923876579	1.2
42.34826898574829	1.5180207138744979	1.2
42.35947775840759	1.5180207138744979	1.2
42.37062978744507	1.5180207138744979	1.2
42.38511252403259	1.5180207138744979	1.2
42.400259017944336	1.5167216650878879	1.2
42.4115149974823	1.5167216650878879	1.2
42.42300772666931	1.5167216650878879	1.2
42.43462061882019	1.5167216650878879	1.2
42.446534633636475	1.5155936047799323	1.2
42.45810914039612	1.5155936047799323	1.2
42.47093200683594	1.5155936047799323	1.2
42.48716402053833	1.515965498510724	1.2
42.49834895133972	1.515965498510724	1.2
42.50954222679138	1.515965498510724	1.2
42.52355742454529	1.515965498510724	1.2
42.53703999519348	1.5159269618588025	1.2
42.5489239692688	1.5159269618588025	1.2
42.56358575820923	1.5159269618588025	1.2
42.57697653770447	1.5161898016873054	1.2
42.587676763534546	1.5161898016873054	1.2
42.59876465797424	1.5161898016873054	1.2
42.61669206619263	1.5161898016873054	1.2
42.62934422492981	1.5155479143609463	1.2
42.64105749130249	1.5155479143609463	1.2
42.65382719039917	1.5155479143609463	1.2
42.66619253158569	1.515605949598335	1.2
42.67714214324951	1.515605949598335	1.2
42.68814420700073	1.515605949598335	1.2
42.70202279090881	1.515605949598335	1.2
42.714954137802124	1.515067318916517	1.2
42.72739839553833	1.515067318916517	1.2
42.741511821746826	1.515067318916517	1.2
42.75952768325806	1.5138931815198227	1.2
42.77400851249695	1.5138931815198227	1.2
42.788644790649414	1.5138931815198227	1.2
42.804301500320435	1.5138931815198227	1.2
42.81623029708862	1.51323325172076	1.2
42.82748246192932	1.51323325172076	1.2
42.8410120010376	1.51323325172076	1.2
42.86065101623535	1.5143814659952934	1.2
42.8736298084259	1.5143814659952934	1.2
42.888290882110596	1.5143814659952934	1.2
42.90280318260193	1.5146671880449827	1.2
42.91417121887207	1.5146671880449827	1.2
42.92779469490051	1.5146671880449827	1.2
42.944231033325195	1.5131773380699154	1.2
42.95537352561951	1.5131773380699154	1.2
42.96670150756836	1.5131773380699154	1.2
42.9833779335022	1.5131773380699154	1.2
42.99906826019287	1.5100138442017497	1.2
43.01146197319031	1.5100138442017497	1.2
43.02463483810425	1.5100138442017497	1.2
43.03867244720459	1.5069118156852164	1.2
43.05164909362793	1.5069118156852164	1.2
43.06554675102234	1.5069118156852164	1.2
43.08069586753845	1.5069118156852164	1.2
43.094783782958984	1.5050276600403496	1.2
43.10576581954956	1.5050276600403496	1.2
43.11694622039795	1.5050276600403496	1.2
43.13205337524414	1.5050276600403496	1.2
43.14457702636719	1.5025307850403498	1.2
43.1564359664917	1.5025307850403498	1.2
43.1722514629364	1.5025307850403498	1.2
43.18513059616089	1.5004733473520022	1.2
43.19743800163269	1.5004733473520022	1.2
43.21100187301636	1.5004733473520022	1.2
43.226717710494995	1.5004733473520022	1.2
43.23952507972717	1.4982406203120766	1.2
43.251081466674805	1.4982406203120766	1.2
43.26399517059326	1.4982406203120766	1.2
43.277559757232666	1.4957038900443727	1.2
43.28929615020752	1.4957038900443727	1.2
43.30201029777527	1.4957038900443727	1.2
43.314191818237305	1.4957038900443727	1.2
43.32765436172485	1.4924403877820942	1.2
43.33943581581116	1.4924403877820942	1.2
43.35049819946289	1.4924403877820942	1.2
43.363826513290405	1.4924403877820942	1.2
43.377294063568115	1.4895380914709722	1.2
43.3891396522522	1.4895380914709722	1.2
43.40206956863403	1.4895380914709722	1.2
43.41737699508667	1.4878390893379432	1.2
43.42845678329468	1.4878390893379432	1.2
43.441659927368164	1.4878390893379432	1.2
43.45672917366028	1.4878390893379432	1.2
43.4691162109375	1.4868476900312932	1.2
43.48119401931763	1.4868476900312932	1.2
43.49552917480469	1.4868476900312932	1.2
43.50789427757263	1.4866838003390894	1.2
43.5195209980011	1.4866838003390894	1.2
43.5324022769928	1.4866838003390894	1.2
43.54726243019104	1.4866838003390894	1.2
43.55901122093201	1.486275588668609	1.2
43.57043123245239	1.486275588668609	1.2
43.5829598903656	1.486275588668609	1.2
43.595956563949585	1.487004508311466	1.2
43.60763478279114	1.487004508311466	1.2
43.6187310218811	1.487004508311466	1.2
43.632856369018555	1.487004508311466	1.2
43.6462664604187	1.4874498829505138	1.2
43.65735960006714	1.4874498829505138	1.2
43.668232679367065	1.4874498829505138	1.2
43.68087959289551	1.4874498829505138	1.2
43.69308280944824	1.4886128450762093	1.2
43.70548915863037	1.4886128450762093	1.2
43.71685576438904	1.4886128450762093	1.2
43.72892212867737	1.4886128450762093	1.2
43.74143934249878	1.4898465824172997	1.2
43.75455594062805	1.4898465824172997	1.2
43.77015995979309	1.4898465824172997	1.2
43.78549671173096	1.492154178950925	1.2
43.79666590690613	1.492154178950925	1.2
43.809067487716675	1.492154178950925	1.2
43.824976444244385	1.4934939559773346	1.2
43.838369607925415	1.4934939559773346	1.2
43.85138940811157	1.4934939559773346	1.2
43.8665885925293	1.4934939559773346	1.2
43.87990117073059	1.49590628047625	1.2
43.891398429870605	1.49590628047625	1.2
43.904794216156006	1.49590628047625	1.2
43.92050743103027	1.499439743692674	1.2
43.93355751037598	1.499439743692674	1.2
43.94805431365967	1.499439743692674	1.2
43.962790966033936	1.5010160238724146	1.2
43.97465229034424	1.5010160238724146	1.2
43.98725342750549	1.5010160238724146	1.2
44.002628326416016	1.5010160238724146	1.2
44.01692295074463	1.5036476688167946	1.2
44.03056192398071	1.5036476688167946	1.2
44.04301595687866	1.5036476688167946	1.2
44.058937311172485	1.505573676003206	1.2
44.07074475288391	1.505573676003206	1.2
44.08293604850769	1.505573676003206	1.2
44.0977668762207	1.505573676003206	1.2
44.111491203308105	1.5071147349432008	1.2
44.12263035774231	1.5071147349432008	1.2
44.134618043899536	1.5071147349432008	1.2
44.15066623687744	1.5071147349432008	1.2
44.163604736328125	1.507701934906059	1.2
44.176003217697144	1.507701934906059	1.2
44.190659046173096	1.507701934906059	1.2
44.20273470878601	1.5084463832245016	1.2
44.214449644088745	1.5084463832245016	1.2
44.22984957695007	1.5084463832245016	1.2
44.24410557746887	1.5083885033844804	1.2
44.25548434257507	1.5083885033844804	1.2
44.266963958740234	1.5083885033844804	1.2
44.279242515563965	1.5083885033844804	1.2
44.292001247406006	1.5088939079618817	1.2
44.30396890640259	1.5088939079618817	1.2
44.31804299354553	1.5088939079618817	1.2
44.33135628700256	1.5088939079618817	1.2
44.344454288482666	1.5078916436555827	1.2
44.35735011100769	1.5078916436555827	1.2
44.36918783187866	1.5078916436555827	1.2
44.38398027420044	1.5066513467198903	1.2
44.39564752578735	1.5066513467198903	1.2
44.406978607177734	1.5066513467198903	1.2
44.42236685752869	1.5066513467198903	1.2
44.43397665023804	1.5056474757981007	1.2
44.44473886489868	1.5056474757981007	1.2
44.456525564193726	1.5056474757981007	1.2
44.47196078300476	1.5043972083572141	1.2
44.4833288192749	1.5043972083572141	1.2
44.49411869049072	1.5043972083572141	1.2
44.5072979927063	1.5043972083572141	1.2
44.52259850502014	1.502503681527946	1.2
44.536348819732666	1.502503681527946	1.2
44.55000114440918	1.502503681527946	1.2
44.56310963630676	1.5008007307927524	1.2
44.573994636535645	1.5008007307927524	1.2
44.58528661727905	1.5008007307927524	1.2
44.60124921798706	1.5008007307927524	1.2
44.61346507072449	1.4995831845453134	1.2
44.62484526634216	1.4995831845453134	1.2
44.63690185546875	1.4995831845453134	1.2
44.649513721466064	1.496818489431999	1.2
44.66079068183899	1.496818489431999	1.2
44.672186851501465	1.496818489431999	1.2
44.68466782569885	1.496818489431999	1.2
44.697609424591064	1.4937531622519464	1.2
44.70899152755737	1.4937531622519464	1.2
44.72157597541809	1.4937531622519464	1.2
44.734620809555054	1.4937531622519464	1.2
44.74881029129028	1.491224035252114	1.2
44.76165580749512	1.491224035252114	1.2
44.775197982788086	1.491224035252114	1.2
44.79059982299805	1.4891547630149173	1.2
44.802743673324585	1.4891547630149173	1.2
44.81372833251953	1.4891547630149173	1.2
44.82774901390076	1.4891547630149173	1.2
44.843400955200195	1.486908667093467	1.2
44.85508704185486	1.486908667093467	1.2
44.87098431587219	1.486908667093467	1.2
44.88473176956177	1.4854392526502909	1.2
44.89721632003784	1.4854392526502909	1.2
44.90910816192627	1.4854392526502909	1.2
44.92601656913757	1.4854392526502909	1.2
44.94079303741455	1.4835533408475663	1.2
44.95404839515686	1.4835533408475663	1.2
44.969496965408325	1.4835533408475663	1.2
44.982455015182495	1.481390449468256	1.2
44.99652028083801	1.481390449468256	1.2
45.010857582092285	1.481390449468256	1.2
45.0239999294281	1.479968304572885	1.2
45.03548526763916	1.479968304572885	1.2
45.04652452468872	1.479968304572885	1.2
45.05955100059509	1.479968304572885	1.2
45.07357883453369	1.4784102564816437	1.2
45.08647704124451	1.4784102564816437	1.2
45.098008155822754	1.4784102564816437	1.2
45.111703634262085	1.4784102564816437	1.2
45.12247705459595	1.4782767521712987	1.2
45.13281226158142	1.4782767521712987	1.2
45.14349031448364	1.4782767521712987	1.2
45.157556772232056	1.4782767521712987	1.2
45.16995286941528	1.478037961027334	1.2
45.18188834190369	1.478037961027334	1.2
45.19316387176514	1.478037961027334	1.2
45.205310106277466	1.478037961027334	1.2
45.21776080131531	1.4786894227697303	1.2
45.22906732559204	1.4786894227697303	1.2
45.24214839935303	1.4786894227697303	1.2
45.25434970855713	1.4799924689391806	1.2
45.26517415046692	1.4799924689391806	1.2
45.27558708190918	1.4799924689391806	1.2
45.28771090507507	1.4799924689391806	1.2
45.29985332489014	1.4799924689391806	1.2
45.31170868873596	1.4807711385577091	1.2
45.32306122779846	1.4807711385577091	1.2
45.33481955528259	1.4807711385577091	1.2
45.34723925590515	1.4814922492481384	1.2
45.35847187042236	1.4814922492481384	1.2
45.36920142173767	1.4814922492481384	1.2
45.381598234176636	1.4814922492481384	1.2
45.39533257484436	1.4828030167701112	1.2
45.406259059906006	1.4828030167701112	1.2
45.4163453578949	1.4828030167701112	1.2
45.43039798736572	1.4828030167701112	1.2
45.44407057762146	1.4853677581494216	1.2
45.4539098739624	1.4853677581494216	1.2
45.46420693397522	1.4853677581494216	1.2
45.48053002357483	1.4853677581494216	1.2
45.492170572280884	1.4872047148369312	1.2
45.503076791763306	1.4872047148369312	1.2
45.5166962146759	1.4872047148369312	1.2
45.530372858047485	1.4892480310419507	1.2
45.54167032241821	1.4892480310419507	1.2
45.5531952381134	1.4892480310419507	1.2
45.56647992134094	1.4892480310419507	1.2
45.57740616798401	1.4920139536959485	1.2
45.58851718902588	1.4920139536959485	1.2
45.599257707595825	1.4920139536959485	1.2
45.61166572570801	1.4920139536959485	1.2
45.62355136871338	1.495228857179586	1.2
45.63436698913574	1.495228857179586	1.2
45.64492869377136	1.495228857179586	1.2
45.65527582168579	1.495228857179586	1.2
45.66647791862488	1.4963569744353031	1.2
45.67789673805237	1.4963569744353031	1.2
45.689249753952026	1.4963569744353031	1.2
45.69974684715271	1.4963569744353031	1.2
45.714133739471436	1.4980137323353482	1.2
45.72508192062378	1.4980137323353482	1.2
45.73562526702881	1.4980137323353482	1.2
45.748807191848755	1.4980137323353482	1.2
45.763063192367554	1.5000788493021853	1.2
45.77469444274902	1.5000788493021853	1.2
45.78515315055847	1.5000788493021853	1.2
45.80065965652466	1.5000788493021853	1.2
45.81245470046997	1.5022546090998776	1.2
45.823715925216675	1.5022546090998776	1.2
45.83582663536072	1.5022546090998776	1.2
45.84974479675293	1.5022546090998776	1.2
45.86211681365967	1.5040936344244478	1.2
45.87375020980835	1.5040936344244478	1.2
45.88697409629822	1.5040936344244478	1.2
45.900272607803345	1.506160061589802	1.2
45.911322355270386	1.506160061589802	1.2
45.92446732521057	1.506160061589802	1.2
45.93729591369629	1.506160061589802	1.2
45.951268434524536	1.508386356094372	1.2
45.96197867393494	1.508386356094372	1.2
45.97282099723816	1.508386356094372	1.2
45.985320806503296	1.508386356094372	1.2
45.997639179229736	1.5101525289135607	1.2
46.00879788398743	1.5101525289135607	1.2
46.019580125808716	1.5101525289135607	1.2
46.032397508621216	1.5101525289135607	1.2
46.045287132263184	1.5111728263342388	1.2
46.05583667755127	1.5111728263342388	1.2
46.06944012641907	1.5111728263342388	1.2
46.083672761917114	1.5113960413292733	1.2
46.09510540962219	1.5113960413292733	1.2
46.105093479156494	1.5113960413292733	1.2
46.12044072151184	1.5113960413292733	1.2
46.13405418395996	1.5108420970007206	1.2
46.146056175231934	1.5108420970007206	1.2
46.15752649307251	1.5108420970007206	1.2
46.170448303222656	1.5108420970007206	1.2
46.18191623687744	1.509871923317316	1.2
46.1922070980072	1.509871923317316	1.2
46.20486044883728	1.509871923317316	1.2
46.21938443183899	1.50806196444456	1.2
46.23042011260986	1.50806196444456	1.2
46.241522550582886	1.50806196444456	1.2
46.25340414047241	1.50806196444456	1.2
46.26525807380676	1.5064318458405066	1.2
46.27627372741699	1.5064318458405066	1.2
46.28640818595886	1.5064318458405066	1.2
46.299498558044434	1.5064318458405066	1.2
46.31247353553772	1.5050209557142473	1.2
46.32330369949341	1.5050209557142473	1.2
46.33433699607849	1.5050209557142473	1.2
46.345160245895386	1.5050209557142473	1.2
46.357152462005615	1.502445413827408	1.2
46.36731457710266	1.502445413827408	1.2
46.37753915786743	1.502445413827408	1.2
46.389432430267334	1.502445413827408	1.2
46.40370273590088	1.4996578473253075	1.2
46.41409730911255	1.4996578473253075	1.2
46.424152135849	1.4996578473253075	1.2
46.435320138931274	1.4996578473253075	1.2
46.449119091033936	1.4972224028692023	1.2
46.45976257324219	1.4972224028692023	1.2
46.470757246017456	1.4972224028692023	1.2
46.48477745056152	1.4972224028692023	1.2
46.496366024017334	1.495101856976666	1.2
46.506385803222656	1.495101856976666	1.2
46.51690363883972	1.495101856976666	1.2
46.53085112571716	1.495101856976666	1.2
46.54257392883301	1.4928402826669223	1.2
46.5528519153595	1.4928402826669223	1.2
46.56569314002991	1.4928402826669223	1.2
46.57715559005737	1.4928402826669223	1.2
46.58745503425598	1.4911514475775953	1.2
46.59813952445984	1.4911514475775953	1.2
46.610443115234375	1.4911514475775953	1.2
46.622623682022095	1.4911514475775953	1.2
46.63335680961609	1.4892188252777587	1.2
46.64385771751404	1.4892188252777587	1.2
46.65424370765686	1.4892188252777587	1.2
46.66448092460632	1.4892188252777587	1.2
46.67647886276245	1.4877529104546672	1.2
46.687926292419434	1.4877529104546672	1.2
46.69894504547119	1.4877529104546672	1.2
46.711079120635986	1.4877529104546672	1.2
46.72274470329285	1.4865416108242218	1.2
46.7339882850647	1.4865416108242218	1.2
46.74501132965088	1.4865416108242218	1.2
46.75843381881714	1.4865416108242218	1.2
46.77053260803223	1.4847815845084322	1.2
46.7812237739563	1.4847815845084322	1.2
46.79239463806152	1.4847815845084322	1.2
46.80452513694763	1.4847815845084322	1.2
46.81521725654602	1.4833862633892096	1.2
46.827051639556885	1.4833862633892096	1.2
46.83951544761658	1.4833862633892096	1.2
46.8540153503418	1.4833862633892096	1.2
46.86469650268555	1.482465075146558	1.2
46.8752007484436	1.482465075146558	1.2
46.88632011413574	1.482465075146558	1.2
46.903749227523804	1.4813589854510427	1.2
46.91582465171814	1.4813589854510427	1.2
46.92649555206299	1.4813589854510427	1.2
46.939961671829224	1.4813589854510427	1.2
46.951085329055786	1.4800541815972121	1.2
46.9621524810791	1.4800541815972121	1.2
46.97481560707092	1.4800541815972121	1.2
46.98902893066406	1.4800541815972121	1.2
47.000730991363525	1.4793682761829343	1.2
47.01231932640076	1.4793682761829343	1.2
47.02449941635132	1.4793682761829343	1.2
47.037214040756226	1.480733737331583	1.2
47.04861783981323	1.480733737331583	1.2
47.060301065444946	1.480733737331583	1.2
47.07325863838196	1.480733737331583	1.2
47.086045265197754	1.4815031763226119	1.2
47.09739422798157	1.4815031763226119	1.2
47.10816812515259	1.4815031763226119	1.2
47.121408224105835	1.4815031763226119	1.2
47.13432168960571	1.4828803852279653	1.2
47.14607310295105	1.4828803852279653	1.2
47.15689301490784	1.4828803852279653	1.2
47.17097783088684	1.4828803852279653	1.2
47.18294072151184	1.4844291189074903	1.2
47.19370627403259	1.4844291189074903	1.2
47.20445799827576	1.4844291189074903	1.2
47.2179594039917	1.4844291189074903	1.2
47.23237586021423	1.4869702333653216	1.2
47.244351625442505	1.4869702333653216	1.2
47.25676655769348	1.4869702333653216	1.2
47.26763105392456	1.4869702333653216	1.2
47.27866244316101	1.4901758539886383	1.2
47.29008603096008	1.4901758539886383	1.2
47.30124807357788	1.4901758539886383	1.2
47.313923835754395	1.4901758539886383	1.2
47.32579159736633	1.4934105863396205	1.2
47.33684682846069	1.4934105863396205	1.2
47.346893548965454	1.4934105863396205	1.2
47.35832619667053	1.4934105863396205	1.2
47.37081551551819	1.4973607149184858	1.2
47.38162684440613	1.4973607149184858	1.2
47.39341115951538	1.4973607149184858	1.2
47.40641665458679	1.4973607149184858	1.2
47.419424295425415	1.5010033764684976	1.2
47.4296932220459	1.5010033764684976	1.2
47.44074010848999	1.5010033764684976	1.2
47.453970193862915	1.5010033764684976	1.2
47.465322971343994	1.5044458822372002	1.2
47.47578954696655	1.5044458822372002	1.2
47.48582935333252	1.5044458822372002	1.2
47.49840998649597	1.5044458822372002	1.2
47.51031160354614	1.5073118545669213	1.2
47.52119255065918	1.5073118545669213	1.2
47.53304886817932	1.5073118545669213	1.2
47.546894550323486	1.5073118545669213	1.2
47.557504653930664	1.5104714207982648	1.2
47.567529916763306	1.5104714207982648	1.2
47.579588651657104	1.5104714207982648	1.2
47.59363007545471	1.5104714207982648	1.2
47.604597330093384	1.5143202990033928	1.2
47.61564588546753	1.5143202990033928	1.2
47.62854194641113	1.5143202990033928	1.2
47.640039682388306	1.5181704840683279	1.2
47.6508104801178	1.5181704840683279	1.2
47.66139554977417	1.5181704840683279	1.2
47.67407202720642	1.5181704840683279	1.2
47.68663191795349	1.51998487369769	1.2
47.698179721832275	1.51998487369769	1.2
47.70936441421509	1.51998487369769	1.2
47.71990180015564	1.51998487369769	1.2
47.7315468788147	1.5213160372978307	1.2
47.74276947975159	1.5213160372978307	1.2
47.75394248962402	1.5213160372978307	1.2
47.771815061569214	1.5213160372978307	1.2
47.78824162483215	1.521996619599878	1.2
47.80011463165283	1.521996619599878	1.2
47.812719106674194	1.521996619599878	1.2
47.82566523551941	1.521996619599878	1.2
47.838598012924194	1.5217866154598056	1.2
47.850165605545044	1.5217866154598056	1.2
47.862709522247314	1.5217866154598056	1.2
47.876622438430786	1.5215532128918297	1.2
47.88701272010803	1.5215532128918297	1.2
47.89887499809265	1.5215532128918297	1.2
47.91325044631958	1.5215532128918297	1.2
47.92690587043762	1.5216414087110341	1.2
47.93896436691284	1.5216414087110341	1.2
47.95100212097168	1.5216414087110341	1.2
47.9620406627655	1.5216414087110341	1.2
47.97365617752075	1.5216367527764971	1.2
47.986438035964966	1.5216367527764971	1.2
48.001646280288696	1.5216367527764971	1.2
48.014426946640015	1.5212830252909062	1.2
48.02564191818237	1.5212830252909062	1.2
48.036715269088745	1.5212830252909062	1.2
48.04901123046875	1.5212830252909062	1.2
48.063413858413696	1.5206456671827981	1.2
48.07501673698425	1.5206456671827981	1.2
48.086798667907715	1.5206456671827981	1.2
48.10058856010437	1.5206456671827981	1.2
48.11311864852905	1.5181745048451358	1.2
48.124003648757935	1.5181745048451358	1.2
48.1347177028656	1.5181745048451358	1.2
48.15254831314087	1.5181745048451358	1.2
48.16503715515137	1.5163124963331636	1.2
48.17664885520935	1.5163124963331636	1.2
48.190075635910034	1.5163124963331636	1.2
48.20304322242737	1.5144039411780799	1.2
48.21446657180786	1.5144039411780799	1.2
48.226279497146606	1.5144039411780799	1.2
48.239715814590454	1.5144039411780799	1.2
48.2512571811676	1.5133279581021495	1.2
48.2620644569397	1.5133279581021495	1.2
48.273441553115845	1.5133279581021495	1.2
48.286152601242065	1.5133279581021495	1.2
48.29784917831421	1.5127972832361365	1.2
48.30926322937012	1.5127972832361365	1.2
48.320207595825195	1.5127972832361365	1.2
48.33161735534668	1.5127972832361365	1.2
48.3428692817688	1.5117490595519256	1.2
48.35390305519104	1.5117490595519256	1.2
48.36518692970276	1.5117490595519256	1.2
48.37751913070679	1.5117490595519256	1.2
48.39004635810852	1.5099154412724052	1.2
48.401395082473755	1.5099154412724052	1.2
48.41201901435852	1.5099154412724052	1.2
48.42492914199829	1.5076349487408574	1.2
48.43588662147522	1.5076349487408574	1.2
48.446860790252686	1.5076349487408574	1.2
48.45840501785278	1.5076349487408574	1.2
48.47237539291382	1.5060522712894735	1.2
48.48323464393616	1.5060522712894735	1.2
48.49397659301758	1.5060522712894735	1.2
48.505258083343506	1.5060522712894735	1.2
48.51923942565918	1.5038491352115353	1.2
48.53035926818848	1.5038491352115353	1.2
48.54181122779846	1.5038491352115353	1.2
48.554858446121216	1.5038491352115353	1.2
48.56630849838257	1.503302614550378	1.2
48.57723522186279	1.503302614550378	1.2
48.58827328681946	1.503302614550378	1.2
48.60240888595581	1.503302614550378	1.2
48.61461305618286	1.5031361921458886	1.2
48.625858306884766	1.5031361921458886	1.2
48.63739514350891	1.5031361921458886	1.2
48.64929747581482	1.5031361921458886	1.2
48.66121530532837	1.5020573592928628	1.2
48.67265844345093	1.5020573592928628	1.2
48.68448877334595	1.5020573592928628	1.2
48.697420597076416	1.5003885041686331	1.2
48.7178692817688	1.5003885041686331	1.2
48.728276014328	1.5003885041686331	1.2
48.739471435546875	1.5003885041686331	1.2
48.75250267982483	1.4991178133094534	1.2
48.764431953430176	1.4991178133094534	1.2
48.77961611747742	1.4991178133094534	1.2
48.79355764389038	1.499060717226222	1.2
48.803839445114136	1.499060717226222	1.2
48.813748598098755	1.499060717226222	1.2
48.82830810546875	1.499060717226222	1.2
48.84255361557007	1.5000223106768977	1.2
48.85378122329712	1.5000223106768977	1.2
48.865209102630615	1.5000223106768977	1.2
48.88227033615112	1.5000223106768977	1.2
48.89406061172485	1.5010834785301288	1.2
48.9048113822937	1.5010834785301288	1.2
48.91851615905762	1.5010834785301288	1.2
48.931405544281006	1.5010834785301288	1.2
48.94374346733093	1.502105655872764	1.2
48.95576357841492	1.502105655872764	1.2
48.968810081481934	1.502105655872764	1.2
48.98165535926819	1.5039058071384566	1.2
48.993619203567505	1.5039058071384566	1.2
49.00548601150513	1.5039058071384566	1.2
49.02004671096802	1.5039058071384566	1.2
49.031198263168335	1.5059027458237861	1.2
49.043079137802124	1.5059027458237861	1.2
49.05496025085449	1.5059027458237861	1.2
49.070905923843384	1.5085199022603049	1.2
49.08274221420288	1.5085199022603049	1.2
49.09362983703613	1.5085199022603049	1.2
49.10640072822571	1.5085199022603049	1.2
49.1204469203949	1.512839137831611	1.2
49.13156008720398	1.512839137831611	1.2
49.142723083496094	1.512839137831611	1.2
49.15685200691223	1.512839137831611	1.2
49.16905879974365	1.5168274374515465	1.2
49.179898500442505	1.5168274374515465	1.2
49.19165325164795	1.5168274374515465	1.2
49.20828580856323	1.5168274374515465	1.2
49.219724893569946	1.519613547384566	1.2
49.231130838394165	1.519613547384566	1.2
49.24333691596985	1.519613547384566	1.2
49.25626754760742	1.5223209461675515	1.2
49.26745653152466	1.5223209461675515	1.2
49.27817630767822	1.5223209461675515	1.2
49.291170597076416	1.5223209461675515	1.2
49.30276894569397	1.524848622953266	1.2
49.31406497955322	1.524848622953266	1.2
49.32547211647034	1.524848622953266	1.2
49.33664131164551	1.524848622953266	1.2
49.348670959472656	1.5283899720315277	1.2
49.3596305847168	1.5283899720315277	1.2
49.37046408653259	1.5283899720315277	1.2
49.382201194763184	1.5283899720315277	1.2
49.39526009559631	1.5310533762899539	1.2
49.40615510940552	1.5310533762899539	1.2
49.416605710983276	1.5310533762899539	1.2
49.42762541770935	1.5310533762899539	1.2
49.44094157218933	1.5323441797366237	1.2
49.45190358161926	1.5323441797366237	1.2
49.462608337402344	1.5323441797366237	1.2
49.476982831954956	1.5323441797366237	1.2
49.48964858055115	1.533223601661235	1.2
49.49987840652466	1.533223601661235	1.2
49.51173758506775	1.533223601661235	1.2
49.52703142166138	1.533223601661235	1.2
49.5390408039093	1.5337598123948935	1.2
49.54985857009888	1.5337598123948935	1.2
49.56315350532532	1.5337598123948935	1.2
49.57435059547424	1.5330228147248093	1.2
49.586387395858765	1.5330228147248093	1.2
49.596861362457275	1.5330228147248093	1.2
49.610602617263794	1.5330228147248093	1.2
49.62220287322998	1.5321726659190467	1.2
49.632869482040405	1.5321726659190467	1.2
49.64467453956604	1.5321726659190467	1.2
49.65556359291077	1.5321726659190467	1.2
49.66770648956299	1.5322280916266928	1.2
49.67859935760498	1.5322280916266928	1.2
49.68974947929382	1.5322280916266928	1.2
49.70286989212036	1.5322280916266928	1.2
49.714993953704834	1.530876119754006	1.2
49.72596311569214	1.530876119754006	1.2
49.73760724067688	1.530876119754006	1.2
49.750701665878296	1.530876119754006	1.2
49.7621328830719	1.5293155325287313	1.2
49.773417472839355	1.5293155325287313	1.2
49.784255266189575	1.5293155325287313	1.2
49.799134731292725	1.5265136649478883	1.2
49.810868978500366	1.5265136649478883	1.2
49.82224369049072	1.5265136649478883	1.2
49.83936429023743	1.5265136649478883	1.2
49.85228180885315	1.5242217483431681	1.2
49.86247110366821	1.5242217483431681	1.2
49.873069763183594	1.5242217483431681	1.2
49.88571238517761	1.5242217483431681	1.2
49.899473667144775	1.5225726587845945	1.2
49.911606311798096	1.5225726587845945	1.2
49.92419075965881	1.5225726587845945	1.2
49.93685555458069	1.5225726587845945	1.2
49.948676109313965	1.520107571039286	1.2
49.95992469787598	1.520107571039286	1.2
49.97209429740906	1.520107571039286	1.2
49.986783027648926	1.520107571039286	1.2
49.99970006942749	1.5170260324324807	1.2
50.010759115219116	1.5170260324324807	1.2
50.02308964729309	1.5170260324324807	1.2
50.03741383552551	1.5140947401199216	1.2
50.049180030822754	1.5140947401199216	1.2
50.06259489059448	1.5140947401199216	1.2
50.077248334884644	1.5140947401199216	1.2
50.089927434921265	1.511452948891459	1.2
50.10152316093445	1.511452948891459	1.2
50.11247134208679	1.511452948891459	1.2
50.12771701812744	1.511452948891459	1.2
50.140496015548706	1.5086657788658027	1.2
50.152745723724365	1.5086657788658027	1.2
50.166112184524536	1.5086657788658027	1.2
50.179598569869995	1.5072480771851304	1.2
50.19075560569763	1.5072480771851304	1.2
50.20372939109802	1.5072480771851304	1.2
50.21781539916992	1.5072480771851304	1.2
50.229551792144775	1.5070586635149898	1.2
50.24148893356323	1.5070586635149898	1.2
50.253984212875366	1.5070586635149898	1.2
50.26597261428833	1.5080931935901778	1.2
50.27816963195801	1.5080931935901778	1.2
50.28992199897766	1.5080931935901778	1.2
50.3025689125061	1.5080931935901778	1.2
50.31442952156067	1.5095577347334348	1.2
50.32523465156555	1.5095577347334348	1.2
50.336209535598755	1.5095577347334348	1.2
50.34720826148987	1.5095577347334348	1.2
50.35882329940796	1.512156341310603	1.2
50.37055444717407	1.512156341310603	1.2
50.38312602043152	1.512156341310603	1.2
50.398090839385986	1.5149105818665807	1.2
50.4100501537323	1.5149105818665807	1.2
50.42076230049133	1.5149105818665807	1.2
50.4337694644928	1.5149105818665807	1.2
50.44670534133911	1.5193888860148297	1.2
50.458343505859375	1.5193888860148297	1.2
50.46975088119507	1.5193888860148297	1.2
50.48439168930054	1.5193888860148297	1.2
50.49670600891113	1.5245845871943842	1.2
50.507774353027344	1.5245845871943842	1.2
50.51967692375183	1.5245845871943842	1.2
50.53373956680298	1.5245845871943842	1.2
50.54451847076416	1.5297479076761762	1.2
50.55528903007507	1.5297479076761762	1.2
50.56765675544739	1.5297479076761762	1.2
50.58246207237244	1.5344873955105627	1.2
50.59433031082153	1.5344873955105627	1.2
50.60933756828308	1.5344873955105627	1.2
50.623398542404175	1.5344873955105627	1.2
50.63530683517456	1.5389913716273251	1.2
50.64641785621643	1.5389913716273251	1.2
50.65840816497803	1.5389913716273251	1.2
50.67194843292236	1.5389913716273251	1.2
50.68309926986694	1.5427304977018235	1.2
50.69545936584473	1.5427304977018235	1.2
50.707138538360596	1.5427304977018235	1.2
50.71995186805725	1.5450477429588614	1.2
50.73077607154846	1.5450477429588614	1.2
50.742128133773804	1.5450477429588614	1.2
50.75641679763794	1.5450477429588614	1.2
50.771708250045776	1.5477861420767505	1.2
50.78313946723938	1.5477861420767505	1.2
50.7952835559845	1.5477861420767505	1.2
50.80998682975769	1.5510134593079596	1.2
50.821924924850464	1.5510134593079596	1.2
50.833977937698364	1.5510134593079596	1.2
50.84854030609131	1.5510134593079596	1.2
50.86218476295471	1.5541130622422867	1.2
50.873185873031616	1.5541130622422867	1.2
50.88557577133179	1.5541130622422867	1.2
50.90083336830139	1.5541130622422867	1.2
50.91329646110535	1.5570364245417518	1.2
50.92581224441528	1.5570364245417518	1.2
50.93986368179321	1.5570364245417518	1.2
50.951897621154785	1.5595757102560377	1.2
50.96366262435913	1.5595757102560377	1.2
50.9763343334198	1.5595757102560377	1.2
50.991663455963135	1.5595757102560377	1.2
51.00441026687622	1.5621529658073705	1.2
51.016178607940674	1.5621529658073705	1.2
51.02741003036499	1.5621529658073705	1.2
51.04157280921936	1.5621529658073705	1.2
51.05555272102356	1.5652232989451802	1.2
51.067832469940186	1.5652232989451802	1.2
51.08135771751404	1.5652232989451802	1.2
51.09518361091614	1.567041456839917	1.2
51.10668420791626	1.567041456839917	1.2
51.117960929870605	1.567041456839917	1.2
51.1310658454895	1.567041456839917	1.2
51.14427304267883	1.568246862910834	1.2
51.15670657157898	1.568246862910834	1.2
51.173327684402466	1.568246862910834	1.2
51.185975313186646	1.5696923795342252	1.2
51.19758319854736	1.5696923795342252	1.2
51.20975136756897	1.5696923795342252	1.2
51.225191831588745	1.5696923795342252	1.2
51.237215995788574	1.5679187417137124	1.2
51.2488694190979	1.5679187417137124	1.2
51.26150965690613	1.5679187417137124	1.2
51.27417349815369	1.5635096796962136	1.2
51.28527092933655	1.5635096796962136	1.2
51.29698324203491	1.5635096796962136	1.2
51.31033492088318	1.5635096796962136	1.2
51.3224995136261	1.5592679362751611	1.2
51.33418011665344	1.5592679362751611	1.2
51.346747398376465	1.5592679362751611	1.2
51.36025881767273	1.5592679362751611	1.2
51.37121915817261	1.5537650799577498	1.2
51.382232904434204	1.5537650799577498	1.2
51.394142150878906	1.5537650799577498	1.2
51.405961990356445	1.5471602098278796	1.2
51.41691708564758	1.5471602098278796	1.2
51.429184913635254	1.5471602098278796	1.2
51.44277048110962	1.5471602098278796	1.2
51.45496892929077	1.539509803789358	1.2
51.46597218513489	1.539509803789358	1.2
51.47608041763306	1.539509803789358	1.2
51.487271785736084	1.539509803789358	1.2
51.49987316131592	1.5304652140310346	1.2
51.510953187942505	1.5304652140310346	1.2
51.522114992141724	1.5304652140310346	1.2
51.53538155555725	1.5304652140310346	1.2
51.548524379730225	1.522047316999211	1.2
51.558990716934204	1.522047316999211	1.2
51.56933641433716	1.522047316999211	1.2
51.58228659629822	1.522047316999211	1.2
51.59581780433655	1.5129678802259552	1.2
51.60716009140015	1.5129678802259552	1.2
51.61951804161072	1.5129678802259552	1.2
51.632657527923584	1.5129678802259552	1.2
51.644071102142334	1.5032471646250178	1.2
51.65557312965393	1.5032471646250178	1.2
51.66983485221863	1.5032471646250178	1.2
51.68339705467224	1.4957925585325809	1.2
51.69459795951843	1.4957925585325809	1.2
51.70608472824097	1.4957925585325809	1.2
51.71741032600403	1.4957925585325809	1.2
51.72888731956482	1.488756779739966	1.2
51.740081787109375	1.488756779739966	1.2
51.752636671066284	1.488756779739966	1.2
51.76545214653015	1.488756779739966	1.2
51.77872180938721	1.4821305142440981	1.2
51.78992533683777	1.4821305142440981	1.2
51.80130124092102	1.4821305142440981	1.2
51.81640315055847	1.4821305142440981	1.2
51.82926821708679	1.4750490635072877	1.2
51.84081745147705	1.4750490635072877	1.2
51.85592436790466	1.4750490635072877	1.2
51.87854981422424	1.4750490635072877	1.2
51.89488935470581	1.4691858697273834	1.2
51.91039681434631	1.4691858697273834	1.2
51.926175594329834	1.4691858697273834	1.2
51.942909955978394	1.464730609032196	1.2
51.95483422279358	1.464730609032196	1.2
51.96795105934143	1.464730609032196	1.2
51.98230028152466	1.461812404730102	1.2
51.9960777759552	1.461812404730102	1.2
52.009162187576294	1.461812404730102	1.2
52.02283787727356	1.4585481609368902	1.2
52.03463816642761	1.4585481609368902	1.2
52.04799008369446	1.4585481609368902	1.2
52.062963247299194	1.4585481609368902	1.2
52.07665491104126	1.456265481232873	1.2
52.087767362594604	1.456265481232873	1.2
52.10205793380737	1.456265481232873	1.2
52.12007284164429	1.4553841804452445	1.2
52.13323640823364	1.4553841804452445	1.2
52.14915347099304	1.4553841804452445	1.2
52.16395616531372	1.4549326553393347	1.2
52.17612648010254	1.4549326553393347	1.2
52.19318866729736	1.4549326553393347	1.2
52.208966970443726	1.4559548120290666	1.2
52.22261595726013	1.4559548120290666	1.2
52.236268758773804	1.4559548120290666	1.2
52.25002694129944	1.4559548120290666	1.2
52.262943267822266	1.4573473326902235	1.2
52.275733947753906	1.4573473326902235	1.2
52.28766083717346	1.4573473326902235	1.2
52.301127195358276	1.4595964297288164	1.2
52.313010454177856	1.4595964297288164	1.2
52.32447385787964	1.4595964297288164	1.2
52.33662271499634	1.4595964297288164	1.2
52.351682901382446	1.462313342516985	1.2
52.363837242126465	1.462313342516985	1.2
52.37548470497131	1.462313342516985	1.2
52.39001512527466	1.462313342516985	1.2
52.40339159965515	1.4650491003251278	1.2
52.414286851882935	1.4650491003251278	1.2
52.42799711227417	1.4650491003251278	1.2
52.44235444068909	1.4670866658988984	1.2
52.45434784889221	1.4670866658988984	1.2
52.467164516448975	1.4670866658988984	1.2
52.48377871513367	1.4670866658988984	1.2
52.49484968185425	1.4702789770025717	1.2
52.50605010986328	1.4702789770025717	1.2
52.52113318443298	1.4702789770025717	1.2
52.53426790237427	1.4742407255362964	1.2
52.54632210731506	1.4742407255362964	1.2
52.55915427207947	1.4742407255362964	1.2
52.57126307487488	1.4742407255362964	1.2
52.58380961418152	1.4783294334857282	1.2
52.59517502784729	1.4783294334857282	1.2
52.60810303688049	1.4783294334857282	1.2
52.62199354171753	1.4825171548739486	1.2
52.63317847251892	1.4825171548739486	1.2
52.64484238624573	1.4825171548739486	1.2
52.65793037414551	1.4825171548739486	1.2
52.67284607887268	1.4856883334673578	1.2
52.68567085266113	1.4856883334673578	1.2
52.70267987251282	1.4856883334673578	1.2
52.71651220321655	1.4889247472209877	1.2
52.72830080986023	1.4889247472209877	1.2
52.74044156074524	1.4889247472209877	1.2
52.75370264053345	1.4889247472209877	1.2
52.76767110824585	1.4915347137301231	1.2
52.783687353134155	1.4915347137301231	1.2
52.80001139640808	1.4915347137301231	1.2
52.817776918411255	1.4944065062511458	1.2
52.830535650253296	1.4944065062511458	1.2
52.8449342250824	1.4944065062511458	1.2
52.859304428100586	1.4970169394274326	1.2
52.87246894836426	1.4970169394274326	1.2
52.88584876060486	1.4970169394274326	1.2
52.901865005493164	1.4997455651257567	1.2
52.91426467895508	1.4997455651257567	1.2
52.92610287666321	1.4997455651257567	1.2
52.93852519989014	1.4997455651257567	1.2
52.95107388496399	1.5018990564120105	1.2
52.963563442230225	1.5018990564120105	1.2
52.97513270378113	1.5018990564120105	1.2
52.9882378578186	1.5018990564120105	1.2
53.002050161361694	1.5045162023256755	1.2
53.013591289520264	1.5045162023256755	1.2
53.02613806724548	1.5045162023256755	1.2
53.04199290275574	1.5045162023256755	1.2
53.0546236038208	1.5057634522642354	1.2
53.06622529029846	1.5057634522642354	1.2
53.08175086975098	1.5057634522642354	1.2
53.093990325927734	1.5067601967517812	1.2
53.106091022491455	1.5067601967517812	1.2
53.120426416397095	1.5067601967517812	1.2
53.13484239578247	1.5077036283249157	1.2
53.14744210243225	1.5077036283249157	1.2
53.160537242889404	1.5077036283249157	1.2
53.17396116256714	1.5077036283249157	1.2
53.19032168388367	1.5077093803669996	1.2
53.20302081108093	1.5077093803669996	1.2
53.217713356018066	1.5077093803669996	1.2
53.23380899429321	1.5077093803669996	1.2
53.24987316131592	1.5081389571001256	1.2
53.26201009750366	1.5081389571001256	1.2
53.277124643325806	1.5081389571001256	1.2
53.29196500778198	1.5076271640972103	1.2
53.30457067489624	1.5076271640972103	1.2
53.320250034332275	1.5076271640972103	1.2
53.3321738243103	1.5076271640972103	1.2
53.34327268600464	1.507313711749144	1.2
53.35477828979492	1.507313711749144	1.2
53.36804127693176	1.507313711749144	1.2
53.38175892829895	1.5072689065636404	1.2
53.393584966659546	1.5072689065636404	1.2
53.4057674407959	1.5072689065636404	1.2
53.416709899902344	1.5072689065636404	1.2
53.429537534713745	1.5069124585738451	1.2
53.442445278167725	1.5069124585738451	1.2
53.45532035827637	1.5069124585738451	1.2
53.47136950492859	1.5061644268537286	1.2
53.483532428741455	1.5061644268537286	1.2
53.49478530883789	1.5061644268537286	1.2
53.50983762741089	1.5061644268537286	1.2
53.52436685562134	1.506110861465912	1.2
53.53776955604553	1.506110861465912	1.2
53.55114197731018	1.506110861465912	1.2
53.56803798675537	1.5060599257610954	1.2
53.58099389076233	1.5060599257610954	1.2
53.595298290252686	1.5060599257610954	1.2
53.6093544960022	1.5060599257610954	1.2
53.6204936504364	1.5062726593587037	1.2
53.632444858551025	1.5062726593587037	1.2
53.64626145362854	1.5062726593587037	1.2
53.66173791885376	1.506317785084448	1.2
53.673890590667725	1.506317785084448	1.2
53.686251163482666	1.506317785084448	1.2
53.69909882545471	1.506317785084448	1.2
53.711023807525635	1.5072666300316824	1.2
53.722989559173584	1.5072666300316824	1.2
53.73620057106018	1.5072666300316824	1.2
53.75113558769226	1.5086566065199736	1.2
53.763832092285156	1.5086566065199736	1.2
53.77500534057617	1.5086566065199736	1.2
53.787285804748535	1.5086566065199736	1.2
53.80183458328247	1.5102806243771165	1.2
53.81382751464844	1.5102806243771165	1.2
53.82691240310669	1.5102806243771165	1.2
53.84211492538452	1.5102806243771165	1.2
53.85465145111084	1.5125403729250693	1.2
53.865562438964844	1.5125403729250693	1.2
53.877135038375854	1.5125403729250693	1.2
53.892242670059204	1.5125403729250693	1.2
53.90466642379761	1.5153411310703189	1.2
53.91625428199768	1.5153411310703189	1.2
53.93260717391968	1.5153411310703189	1.2
53.944780111312866	1.5172424837308693	1.2
53.95603322982788	1.5172424837308693	1.2
53.970391273498535	1.5172424837308693	1.2
53.98554062843323	1.5206132938015995	1.2
54.006510734558105	1.5206132938015995	1.2
54.01898908615112	1.5206132938015995	1.2
54.03216624259949	1.5239137845348791	1.2
54.04440426826477	1.5239137845348791	1.2
54.056352376937866	1.5239137845348791	1.2
54.0696656703949	1.5239137845348791	1.2
54.08437919616699	1.527984052337212	1.2
54.09552812576294	1.527984052337212	1.2
54.106743574142456	1.527984052337212	1.2
54.1226065158844	1.527984052337212	1.2
54.137351989746094	1.5331031536767807	1.2
54.14921164512634	1.5331031536767807	1.2
54.16385054588318	1.5331031536767807	1.2
54.17690372467041	1.5376416383337534	1.2
54.18781518936157	1.5376416383337534	1.2
54.200459718704224	1.5376416383337534	1.2
54.21521878242493	1.5376416383337534	1.2
54.22805953025818	1.541569773155921	1.2
54.24001502990723	1.541569773155921	1.2
54.256009340286255	1.541569773155921	1.2
54.27025008201599	1.5454674160130637	1.2
54.285131216049194	1.5454674160130637	1.2
54.29986095428467	1.5454674160130637	1.2
54.31417775154114	1.549102165987143	1.2
54.32662224769592	1.549102165987143	1.2
54.34306478500366	1.549102165987143	1.2
54.36101150512695	1.5530897684294764	1.2
54.375770807266235	1.5530897684294764	1.2
54.388327836990356	1.5530897684294764	1.2
54.40286421775818	1.5530897684294764	1.2
54.417470932006836	1.5579447774263846	1.2
54.431031703948975	1.5579447774263846	1.2
54.44570875167847	1.5579447774263846	1.2
54.460805892944336	1.561490795625424	1.2
54.472604751586914	1.561490795625424	1.2
54.486233711242676	1.561490795625424	1.2
54.502429246902466	1.5638732809195415	1.2
54.517372131347656	1.5638732809195415	1.2
54.53268241882324	1.5638732809195415	1.2
54.54801964759827	1.5650879897604422	1.2
54.56063723564148	1.5650879897604422	1.2
54.5762894153595	1.5650879897604422	1.2
54.59206295013428	1.5650879897604422	1.2
54.606773376464844	1.5674485511392713	1.2
54.62147259712219	1.5674485511392713	1.2
54.63583588600159	1.5674485511392713	1.2
54.64924430847168	1.5674441575499258	1.2
54.66356611251831	1.5674441575499258	1.2
54.67875003814697	1.5674441575499258	1.2
54.69417643547058	1.567452768054005	1.2
54.705331802368164	1.567452768054005	1.2
54.71931576728821	1.567452768054005	1.2
54.73441457748413	1.5674557302388787	1.2
54.7478141784668	1.5674557302388787	1.2
54.762056827545166	1.5674557302388787	1.2
54.77767586708069	1.5663694652580804	1.2
54.78963255882263	1.5663694652580804	1.2
54.80253458023071	1.5663694652580804	1.2
54.81898784637451	1.5663694652580804	1.2
54.833637952804565	1.5660275894923368	1.2
54.847761392593384	1.5660275894923368	1.2
54.86353158950806	1.5660275894923368	1.2
54.87799429893494	1.5637634878348783	1.2
54.89293169975281	1.5637634878348783	1.2
54.90776968002319	1.5637634878348783	1.2
54.92234969139099	1.5612845821572225	1.2
54.93674373626709	1.5612845821572225	1.2
54.95003008842468	1.5612845821572225	1.2
54.965558767318726	1.558377181472291	1.2
54.98071765899658	1.558377181472291	1.2
54.99550127983093	1.558377181472291	1.2
55.01054501533508	1.558377181472291	1.2
55.02423024177551	1.555664060409168	1.2
55.035786628723145	1.555664060409168	1.2
55.05098915100098	1.555664060409168	1.2
55.06675338745117	1.549988554575452	1.2
55.07831335067749	1.549988554575452	1.2
55.090325355529785	1.549988554575452	1.2
55.10627031326294	1.549988554575452	1.2
55.12067127227783	1.5462475509630274	1.2
55.13536548614502	1.5462475509630274	1.2
55.15034604072571	1.5462475509630274	1.2
55.16407084465027	1.542757549759252	1.2
55.17723083496094	1.542757549759252	1.2
55.19278645515442	1.542757549759252	1.2
55.20853090286255	1.5381343577513311	1.2
55.223620891571045	1.5381343577513311	1.2
55.23687267303467	1.5381343577513311	1.2
55.254433155059814	1.5346888105465921	1.2
55.27023911476135	1.5346888105465921	1.2
55.28345704078674	1.5346888105465921	1.2
55.29874324798584	1.5346888105465921	1.2
55.312480211257935	1.5292887318978745	1.2
55.323946475982666	1.5292887318978745	1.2
55.342432498931885	1.5292887318978745	1.2
55.35690188407898	1.5253941530246349	1.2
55.37100577354431	1.5253941530246349	1.2
55.3866240978241	1.5253941530246349	1.2
55.399181842803955	1.5215897136137593	1.2
55.41052722930908	1.5215897136137593	1.2
55.42541813850403	1.5215897136137593	1.2
55.441208600997925	1.5195094977297756	1.2
55.45588302612305	1.5195094977297756	1.2
55.47000288963318	1.5195094977297756	1.2
55.485334634780884	1.5186492318474227	1.2
55.497894525527954	1.5186492318474227	1.2
55.51283597946167	1.5186492318474227	1.2
55.52793574333191	1.5186492318474227	1.2
55.543020248413086	1.5194916655710764	1.2
55.555060625076294	1.5194916655710764	1.2
55.569287061691284	1.5194916655710764	1.2
55.584351778030396	1.5212836405837176	1.2
55.597655296325684	1.5212836405837176	1.2
55.61291193962097	1.5212836405837176	1.2
55.62712216377258	1.5233568880216362	1.2
55.6388726234436	1.5233568880216362	1.2
55.65447402000427	1.5233568880216362	1.2
55.672009229660034	1.5256940945066355	1.2
55.684330701828	1.5256940945066355	1.2
55.69895577430725	1.5256940945066355	1.2
55.71364665031433	1.5273217694755021	1.2
55.72547149658203	1.5273217694755021	1.2
55.74356245994568	1.5273217694755021	1.2
55.75825333595276	1.5273217694755021	1.2
55.773924589157104	1.529998731221342	1.2
55.79063630104065	1.529998731221342	1.2
55.80736947059631	1.532213395808867	1.2
55.82246661186218	1.532213395808867	1.2
55.840107917785645	1.532213395808867	1.2
55.85578227043152	1.5350508402020486	1.2
55.87027597427368	1.5350508402020486	1.2
55.8848831653595	1.5350508402020486	1.2
55.90247464179993	1.5350508402020486	1.2
55.91958260536194	1.5378639907044813	1.2
55.935099840164185	1.5378639907044813	1.2
55.95003032684326	1.5378639907044813	1.2
55.96308493614197	1.5462464334289396	1.2
55.97686457633972	1.5462464334289396	1.2
55.9916410446167	1.5462464334289396	1.2
56.00559592247009	1.5503386493947275	1.2
56.01904034614563	1.5503386493947275	1.2
56.03677749633789	1.5503386493947275	1.2
56.053415060043335	nan	1.2
56.070114850997925	nan	1.2
56.08653450012207	nan	1.2
56.10206961631775	nan	1.2
56.1163125038147	nan	1.2
56.1331205368042	nan	1.2
56.1485378742218	nan	1.2
56.16136574745178	nan	1.2
56.1765673160553	nan	1.2
56.19214987754822	nan	1.2
56.20548629760742	nan	1.2
56.22060513496399	nan	1.2
56.23532772064209	nan	1.2
56.247557640075684	nan	1.2
56.26077914237976	nan	1.2
56.277003049850464	nan	1.2
56.2925820350647	nan	1.2
56.30849862098694	nan	1.2
56.32419562339783	nan	1.2
56.335718870162964	nan	1.2
56.3505699634552	nan	1.2
56.36567044258118	nan	1.2
56.38011717796326	nan	1.2
56.3946967124939	nan	1.2
56.40936040878296	nan	1.2
56.423415422439575	nan	1.2
56.43833827972412	nan	1.2
56.45291781425476	nan	1.2
56.46738815307617	nan	1.2
56.4899423122406	nan	1.2
56.5052547454834	nan	1.2
56.52007341384888	nan	1.2
56.53555250167847	nan	1.2
56.55101466178894	nan	1.2
56.563504457473755	nan	1.2
56.57648420333862	nan	1.2
56.591811656951904	nan	1.2
56.60552763938904	nan	1.2
56.616520404815674	nan	1.2
56.63136053085327	nan	1.2
56.64651799201965	nan	1.2
56.66027808189392	nan	1.2
56.67807984352112	nan	1.2
56.69245100021362	nan	1.2
56.70484805107117	nan	1.2
56.71959376335144	nan	1.2
56.734177350997925	nan	1.2
56.748329162597656	nan	1.2
56.7643358707428	nan	1.2
56.778603315353394	nan	1.2
56.79172682762146	nan	1.2
56.80806279182434	nan	1.2
56.82422232627869	nan	1.2
56.839325189590454	nan	1.2
56.854082345962524	nan	1.2
56.870391845703125	nan	1.2
56.885438442230225	nan	1.2
56.9013831615448	nan	1.2
56.917144536972046	nan	1.2
56.92896294593811	nan	1.2
56.94237780570984	nan	1.2
56.95825242996216	nan	1.2
56.97256851196289	nan	1.2
56.98753595352173	nan	1.2
57.003045082092285	nan	1.2
57.014702558517456	nan	1.2
57.027334451675415	nan	1.2
57.05108833312988	nan	1.2
57.06493949890137	nan	1.2
57.07977628707886	nan	1.2
57.096105098724365	nan	1.2
57.11056423187256	nan	1.2
57.127705574035645	nan	1.2
57.14370393753052	nan	1.2
57.15883135795593	nan	1.2
57.173683166503906	nan	1.2
57.188923835754395	nan	1.2
57.203367710113525	nan	1.2
57.21910858154297	nan	1.2
57.23429846763611	nan	1.2
57.24626040458679	nan	1.2
57.25975751876831	nan	1.2
57.274900913238525	nan	1.2
57.28926396369934	nan	1.2
57.30021071434021	nan	1.2
57.315603256225586	nan	1.2
57.33161377906799	nan	1.2
57.34325122833252	nan	1.2
57.362377882003784	nan	1.2
57.375805616378784	nan	1.2
57.386472940444946	nan	1.2
57.40247869491577	nan	1.2
57.41717982292175	nan	1.2
57.42992973327637	nan	1.2
57.44488525390625	nan	1.2
57.459635972976685	nan	1.2
57.47099018096924	nan	1.2
57.4915189743042	nan	1.2
57.50679326057434	nan	1.2
57.52101707458496	nan	1.2
57.53581213951111	nan	1.2
57.54876184463501	nan	1.2
57.56240487098694	nan	1.2
57.5773503780365	nan	1.2
57.592124223709106	nan	1.2
57.60646080970764	nan	1.2
57.61819005012512	nan	1.2
57.63263010978699	nan	1.2
57.649887800216675	nan	1.2
57.66387057304382	nan	1.2
57.679338455200195	nan	1.2
57.69400429725647	nan	1.2
57.70575737953186	nan	1.2
57.7205650806427	nan	1.2
57.736021757125854	nan	1.2
57.75017833709717	nan	1.2
57.76547598838806	nan	1.2
57.78307056427002	nan	1.2
57.80057072639465	nan	1.2
57.815842151641846	nan	1.2
57.83272171020508	nan	1.2
57.84841012954712	nan	1.2
57.86198282241821	nan	1.2
57.876553535461426	nan	1.2
57.89151048660278	nan	1.2
57.90568161010742	nan	1.2
57.920775175094604	nan	1.2
57.93432092666626	nan	1.2
57.945793867111206	nan	1.2
57.96073603630066	nan	1.2
57.97638201713562	nan	1.2
57.99156212806702	nan	1.2
58.00719118118286	nan	1.2
58.02218413352966	nan	1.2
58.035240650177	nan	1.2
58.04962491989136	nan	1.2
58.06556725502014	nan	1.2
58.07794117927551	nan	1.2
58.09361505508423	nan	1.2
58.109665632247925	nan	1.2
58.12616229057312	nan	1.2
58.140153884887695	nan	1.2
58.15482425689697	nan	1.2
58.169721841812134	nan	1.2
58.18441033363342	nan	1.2
58.200639963150024	nan	1.2
58.215842485427856	nan	1.2
58.227118730545044	nan	1.2
58.239460706710815	nan	1.2
58.25613284111023	nan	1.2
58.27458381652832	nan	1.2
58.28875708580017	nan	1.2
58.30240488052368	nan	1.2
58.31425738334656	nan	1.2
58.3265655040741	nan	1.2
58.34152674674988	nan	1.2
58.355801582336426	nan	1.2
58.36696147918701	nan	1.2
58.382309436798096	nan	1.2
58.3973593711853	nan	1.2
58.41087770462036	nan	1.2
58.42443323135376	nan	1.2
58.43898606300354	nan	1.2
58.450584411621094	nan	1.2
58.46190571784973	nan	1.2
58.477160692214966	nan	1.2
58.49038791656494	1.4653443334614804	1.2
58.5021288394928	1.4653443334614804	1.2
58.51644206047058	1.4653443334614804	1.2
58.530747175216675	1.468981954980468	1.2
58.542497396469116	1.468981954980468	1.2
58.55623412132263	1.468981954980468	1.2
58.571091175079346	1.468981954980468	1.2
58.58294486999512	1.4721728867454242	1.2
58.59615135192871	1.4721728867454242	1.2
58.61636805534363	1.4721728867454242	1.2
58.63011312484741	1.4746772223575344	1.2
58.643327474594116	1.4746772223575344	1.2
58.66651701927185	1.4746772223575344	1.2
58.68334722518921	1.477049485515429	1.2
58.69605994224548	1.477049485515429	1.2
58.70972967147827	1.477049485515429	1.2
58.725234270095825	1.4796218032189121	1.2
58.741140365600586	1.4796218032189121	1.2
58.757198333740234	1.4796218032189121	1.2
58.776244163513184	1.4796218032189121	1.2
58.79234552383423	1.482416951513037	1.2
58.81169009208679	1.482416951513037	1.2
58.832971811294556	1.482416951513037	1.2
58.85059118270874	1.48502996290531	1.2
58.87613224983215	1.48502996290531	1.2
58.89525532722473	1.486721770177043	1.2
58.9128692150116	1.486721770177043	1.2
58.92896294593811	1.486721770177043	1.2
58.94517707824707	1.4895156467091524	1.2
58.96224403381348	1.4895156467091524	1.2
58.983593225479126	1.4895156467091524	1.2
58.99661207199097	1.4911193204100828	1.2
59.00984477996826	1.4911193204100828	1.2
59.03241038322449	1.4911193204100828	1.2
59.04803800582886	1.49336750187617	1.2
59.061322927474976	1.49336750187617	1.2
59.07664227485657	1.49336750187617	1.2
59.091755390167236	1.4944163845336333	1.2
59.10672998428345	1.4944163845336333	1.2
59.12372970581055	1.4944163845336333	1.2
59.14642095565796	1.4940395178761405	1.2
59.15977144241333	1.4940395178761405	1.2
59.1761474609375	1.4940395178761405	1.2
59.19884443283081	1.4933413742834634	1.2
59.213436126708984	1.4933413742834634	1.2
59.23197793960571	1.4933413742834634	1.2
59.24502944946289	1.4908655098766836	1.2
59.26029014587402	1.4908655098766836	1.2
59.28325390815735	1.4908655098766836	1.2
59.29864048957825	1.4893950266077811	1.2
59.311567068099976	1.4893950266077811	1.2
59.32450819015503	1.4893950266077811	1.2
59.33793115615845	1.4871489241401976	1.2
59.35228753089905	1.4871489241401976	1.2
59.37013053894043	1.4871489241401976	1.2
59.384785175323486	1.4841987155350687	1.2
59.396392822265625	1.4841987155350687	1.2
59.40865111351013	1.4841987155350687	1.2
59.425004720687866	1.480401871234232	1.2
59.440921783447266	1.480401871234232	1.2
59.45888423919678	1.4772573467919237	1.2
59.47228264808655	1.4772573467919237	1.2
59.48504948616028	1.4772573467919237	1.2
59.50081419944763	1.4742395258964012	1.2
59.51576113700867	1.4742395258964012	1.2
59.54158592224121	1.4714924372188247	1.2
59.55337691307068	1.4714924372188247	1.2
59.56433343887329	1.4714924372188247	1.2
59.58616304397583	1.4700799402260425	1.2
59.59987664222717	1.4700799402260425	1.2
59.61155724525452	1.4700799402260425	1.2
59.62842011451721	1.4687985287533105	1.2
59.64278602600098	1.4687985287533105	1.2
59.66952395439148	1.4687985287533105	1.2
59.68213868141174	1.4699976113979385	1.2
59.69377422332764	1.4699976113979385	1.2
59.70984482765198	1.4699976113979385	1.2
59.72555708885193	1.470388353487341	1.2
59.73955154418945	1.470388353487341	1.2
59.75626277923584	1.470388353487341	1.2
59.77209973335266	1.4717797286248966	1.2
59.78857445716858	1.4717797286248966	1.2
59.80450463294983	1.4717797286248966	1.2
59.81934094429016	1.4747639010058056	1.2
59.83445429801941	1.4747639010058056	1.2
59.853007316589355	1.4777003750675575	1.2
59.86707806587219	1.4777003750675575	1.2
59.88238167762756	1.4777003750675575	1.2
59.89988374710083	1.481874577903995	1.2
59.9154155254364	1.481874577903995	1.2
59.92984366416931	1.481874577903995	1.2
59.94624376296997	1.4862077663062458	1.2
59.962141275405884	1.4862077663062458	1.2
59.98263931274414	1.490135623449103	1.2
59.99768781661987	1.490135623449103	1.2
60.011781454086304	1.490135623449103	1.2
60.0298957824707	1.4941991585321883	1.2
60.04546570777893	1.4941991585321883	1.2
60.06149935722351	1.4941991585321883	1.2
60.077380418777466	1.4987778588904068	1.2
60.09013342857361	1.4987778588904068	1.2
60.11514377593994	1.4987778588904068	1.2
60.13030815124512	1.5027041865021888	1.2
60.14549779891968	1.5027041865021888	1.2
60.16347527503967	1.5027041865021888	1.2
60.1776659488678	1.5063570082590836	1.2
60.19947600364685	1.5063570082590836	1.2
60.21722412109375	1.5096566621762766	1.2
60.23269987106323	1.5096566621762766	1.2
60.24815773963928	1.5096566621762766	1.2
60.26480054855347	1.5116808824368901	1.2
60.28070616722107	1.5116808824368901	1.2
60.30082941055298	1.5142656505900076	1.2
60.315532207489014	1.5142656505900076	1.2
60.327913761138916	1.5142656505900076	1.2
60.3432252407074	1.515846326302821	1.2
60.358033418655396	1.515846326302821	1.2
60.37008619308472	1.515846326302821	1.2
60.38371014595032	1.517385964261722	1.2
60.39926362037659	1.517385964261722	1.2
60.41241502761841	1.517385964261722	1.2
60.43067455291748	1.5183980241750246	1.2
60.443679332733154	1.5183980241750246	1.2
60.826366901397705	1.5063144190543079	1.2
60.846853256225586	1.5063144190543079	1.2
60.86532759666443	1.5032042657355684	1.2
60.8828661441803	1.5032042657355684	1.2
60.89938426017761	1.5032042657355684	1.2
60.91748929023743	1.5004161554020978	1.2
60.930596113204956	1.5004161554020978	1.2
60.943949699401855	1.5004161554020978	1.2
60.95954370498657	1.4960627282781567	1.2
60.97262477874756	1.4960627282781567	1.2
60.988452434539795	1.4960627282781567	1.2
61.003321170806885	1.4925725836543606	1.2
61.014976501464844	1.4925725836543606	1.2
61.027348279953	1.4925725836543606	1.2
61.04365348815918	1.4925725836543606	1.2
61.05745840072632	1.4889681470346425	1.2
61.06862688064575	1.4889681470346425	1.2
61.083009004592896	1.4889681470346425	1.2
61.097888231277466	1.4851578346012309	1.2
61.11192274093628	1.4851578346012309	1.2
61.12524890899658	1.4851578346012309	1.2
61.138731718063354	1.481732119836989	1.2
61.15100979804993	1.481732119836989	1.2
61.163997173309326	1.481732119836989	1.2
61.178688764572144	1.481732119836989	1.2
61.19233727455139	1.4777630181774442	1.2
61.204079389572144	1.4777630181774442	1.2
61.215813398361206	1.4777630181774442	1.2
61.23043966293335	1.4739335524909394	1.2
61.24371910095215	1.4739335524909394	1.2
61.256941080093384	1.4739335524909394	1.2
61.27230763435364	1.4739335524909394	1.2
61.28624725341797	1.470811625065424	1.2
61.298391819000244	1.470811625065424	1.2
61.31028699874878	1.470811625065424	1.2
61.324772119522095	1.467257057084297	1.2
61.33617067337036	1.467257057084297	1.2
61.34815573692322	1.467257057084297	1.2
61.36335468292236	1.467257057084297	1.2
61.37626099586487	1.464187996200891	1.2
61.38719391822815	1.464187996200891	1.2
61.400742292404175	1.464187996200891	1.2
61.41616249084473	1.4627279058829719	1.2
61.428176403045654	1.4627279058829719	1.2
61.43941783905029	1.4627279058829719	1.2
61.45401167869568	1.4627279058829719	1.2
61.46573257446289	1.4608765145786238	1.2
61.476722717285156	1.4608765145786238	1.2
61.495625019073486	1.4608765145786238	1.2
61.51025080680847	1.4599902026527207	1.2
61.52180862426758	1.4599902026527207	1.2
61.533835887908936	1.4599902026527207	1.2
61.54665970802307	1.4591805840660652	1.2
61.55879259109497	1.4591805840660652	1.2
61.570985317230225	1.4591805840660652	1.2
61.584829807281494	1.4591805840660652	1.2
61.59721636772156	1.457814690861114	1.2
61.60993671417236	1.457814690861114	1.2
61.62138104438782	1.457814690861114	1.2
61.63399291038513	1.4579311193742293	1.2
61.645535469055176	1.4579311193742293	1.2
61.65754723548889	1.4579311193742293	1.2
61.669477462768555	1.4579311193742293	1.2
61.68338227272034	1.4579487196084213	1.2
61.6942458152771	1.4579487196084213	1.2
61.705336570739746	1.4579487196084213	1.2
61.7168288230896	1.4579487196084213	1.2
61.731041431427	1.4580725881644399	1.2
61.742316484451294	1.4580725881644399	1.2
61.75548505783081	1.4580725881644399	1.2
61.7704541683197	1.4580725881644399	1.2
61.782514572143555	1.4586404415541425	1.2
61.79480051994324	1.4586404415541425	1.2
61.811057806015015	1.4586404415541425	1.2
61.82461619377136	1.4595523842109477	1.2
61.83532691001892	1.4595523842109477	1.2
61.84693717956543	1.4595523842109477	1.2
61.86298704147339	1.4595523842109477	1.2
61.87682104110718	1.4613321207811956	1.2
61.88867235183716	1.4613321207811956	1.2
61.90180253982544	1.4613321207811956	1.2
61.91405916213989	1.4628669551761002	1.2
61.928706884384155	1.4628669551761002	1.2
61.94153809547424	1.4628669551761002	1.2
61.95549702644348	1.4628669551761002	1.2
61.96730160713196	1.4640107410456653	1.2
61.97996640205383	1.4640107410456653	1.2
61.991732597351074	1.4640107410456653	1.2
62.00524878501892	1.4651986136143151	1.2
62.01847553253174	1.4651986136143151	1.2
62.03097629547119	1.4651986136143151	1.2
62.04650115966797	1.4651986136143151	1.2
62.059544801712036	1.4686185295525642	1.2
62.07012104988098	1.4686185295525642	1.2
62.08245229721069	1.4686185295525642	1.2
62.09631323814392	1.4686185295525642	1.2
62.11152935028076	1.4706934905371107	1.2
62.1243200302124	1.4706934905371107	1.2
62.14137673377991	1.4706934905371107	1.2
62.15410566329956	1.4727290950788117	1.2
62.16583275794983	1.4727290950788117	1.2
62.17898082733154	1.4727290950788117	1.2
62.19369125366211	1.4727290950788117	1.2
62.205711364746094	1.4751281786236337	1.2
62.218388080596924	1.4751281786236337	1.2
62.230528354644775	1.4751281786236337	1.2
62.24418044090271	1.477379711853585	1.2
62.25586271286011	1.477379711853585	1.2
62.269609689712524	1.477379711853585	1.2
62.28511953353882	1.477379711853585	1.2
62.297523736953735	1.4797496674367352	1.2
62.30950140953064	1.4797496674367352	1.2
62.32084274291992	1.4797496674367352	1.2
62.3343231678009	1.4811171666536593	1.2
62.34580159187317	1.4811171666536593	1.2
62.356863021850586	1.4811171666536593	1.2
62.372328996658325	1.4811171666536593	1.2
62.385353088378906	1.4823036322587548	1.2
62.39728379249573	1.4823036322587548	1.2
62.40928864479065	1.4823036322587548	1.2
62.4240825176239	1.4823036322587548	1.2
62.43662476539612	1.4844113836672057	1.2
62.44874715805054	1.4844113836672057	1.2
62.46303844451904	1.4844113836672057	1.2
62.4747576713562	1.4861102144088323	1.2
62.48622274398804	1.4861102144088323	1.2
62.49832010269165	1.4861102144088323	1.2
62.51396918296814	1.4861102144088323	1.2
62.52663254737854	1.4860807423662374	1.2
62.53774857521057	1.4860807423662374	1.2
62.549416303634644	1.4860807423662374	1.2
62.56190824508667	1.4860807423662374	1.2
62.573646783828735	1.486192679398688	1.2
62.5854697227478	1.486192679398688	1.2
62.59608721733093	1.486192679398688	1.2
62.608405113220215	1.486192679398688	1.2
62.62025260925293	1.486885835625222	1.2
62.631606578826904	1.486885835625222	1.2
62.64396524429321	1.486885835625222	1.2
62.659218072891235	1.4876129927680788	1.2
62.670551776885986	1.4876129927680788	1.2
62.681663513183594	1.4876129927680788	1.2
62.695640563964844	1.4876129927680788	1.2
62.70945930480957	1.4880842456451515	1.2
62.722283363342285	1.4880842456451515	1.2
62.735934257507324	1.4880842456451515	1.2
62.750184059143066	1.4872045000660108	1.2
62.762022256851196	1.4872045000660108	1.2
62.77385067939758	1.4872045000660108	1.2
62.792210817337036	1.4872045000660108	1.2
62.81089472770691	1.4865698174313313	1.2
62.8262403011322	1.4865698174313313	1.2
62.83959770202637	1.4865698174313313	1.2
62.85323786735535	1.4876137261942182	1.2
62.86519241333008	1.4876137261942182	1.2
62.878615379333496	1.4876137261942182	1.2
62.89308762550354	1.4876137261942182	1.2
62.90738773345947	1.4866152558202501	1.2
62.919355630874634	1.4866152558202501	1.2
62.932528495788574	1.4866152558202501	1.2
62.947211027145386	1.4863068904946972	1.2
62.960861921310425	1.4863068904946972	1.2
62.980536699295044	1.4863068904946972	1.2
62.995110750198364	1.4865849102091329	1.2
63.00578427314758	1.4865849102091329	1.2
63.018099308013916	1.4865849102091329	1.2
63.034101486206055	1.4865849102091329	1.2
63.04913544654846	1.4879570454397646	1.2
63.06311225891113	1.4879570454397646	1.2
63.07609295845032	1.4879570454397646	1.2
63.08934259414673	1.4895735942734034	1.2
63.101354360580444	1.4895735942734034	1.2
63.11435413360596	1.4895735942734034	1.2
63.12997794151306	1.4895735942734034	1.2
63.14181160926819	1.4897462204416274	1.2
63.15350341796875	1.4897462204416274	1.2
63.16613817214966	1.4897462204416274	1.2
63.18092060089111	1.4905413185728242	1.2
63.193249225616455	1.4905413185728242	1.2
63.2047553062439	1.4905413185728242	1.2
63.22135019302368	1.4905413185728242	1.2
63.23480248451233	1.4923440750097012	1.2
63.246010065078735	1.4923440750097012	1.2
63.25924253463745	1.4923440750097012	1.2
63.275485038757324	1.4949384351580441	1.2
63.287848472595215	1.4949384351580441	1.2
63.30043697357178	1.4949384351580441	1.2
63.313172817230225	1.4949384351580441	1.2
63.3249876499176	1.4966929272261824	1.2
63.33595848083496	1.4966929272261824	1.2
63.34872364997864	1.4966929272261824	1.2
63.36153793334961	1.4966929272261824	1.2
63.372915506362915	1.5000262495073495	1.2
63.38395571708679	1.5000262495073495	1.2
63.398592710494995	1.5000262495073495	1.2
63.41209101676941	1.503288869781583	1.2
63.42403602600098	1.503288869781583	1.2
63.43627071380615	1.503288869781583	1.2
63.447757959365845	1.503288869781583	1.2
63.45924472808838	1.506020383909347	1.2
63.470261573791504	1.506020383909347	1.2
63.48160266876221	1.506020383909347	1.2
63.495190143585205	1.506020383909347	1.2
63.50742053985596	1.5090074348053517	1.2
63.51890754699707	1.5090074348053517	1.2
63.52991604804993	1.5090074348053517	1.2
63.54298138618469	1.5090074348053517	1.2
63.55406165122986	1.5115026394891924	1.2
63.56559872627258	1.5115026394891924	1.2
63.578585624694824	1.5115026394891924	1.2
63.59352397918701	1.515182630968027	1.2
63.60422992706299	1.515182630968027	1.2
63.61659240722656	1.515182630968027	1.2
63.63104724884033	1.515182630968027	1.2
63.643247842788696	1.519264456189266	1.2
63.654396295547485	1.519264456189266	1.2
63.668879985809326	1.519264456189266	1.2
63.68174982070923	1.5234774246351592	1.2
63.69235181808472	1.5234774246351592	1.2
63.705164432525635	1.5234774246351592	1.2
63.72046661376953	1.5234774246351592	1.2
63.73328948020935	1.5267668221750315	1.2
63.745054960250854	1.5267668221750315	1.2
63.757954120635986	1.5267668221750315	1.2
63.76974558830261	1.5304541665247293	1.2
63.78155708312988	1.5304541665247293	1.2
63.79406452178955	1.5304541665247293	1.2
63.810003995895386	1.5304541665247293	1.2
63.82299494743347	1.5334213759419988	1.2
63.83599805831909	1.5334213759419988	1.2
63.84774351119995	1.5334213759419988	1.2
63.863173484802246	1.5374961630889987	1.2
63.875550270080566	1.5374961630889987	1.2
63.887301206588745	1.5374961630889987	1.2
63.90285038948059	1.5374961630889987	1.2
63.91657829284668	1.5417164559490233	1.2
63.92750406265259	1.5417164559490233	1.2
63.93990349769592	1.5417164559490233	1.2
63.95479965209961	1.5451005551888881	1.2
63.966959714889526	1.5451005551888881	1.2
63.97885775566101	1.5451005551888881	1.2
63.99433493614197	1.5451005551888881	1.2
64.00722575187683	1.5482838949532476	1.2
64.01846671104431	1.5482838949532476	1.2
64.03147506713867	1.5482838949532476	1.2
64.04659080505371	1.5518781661950778	1.2
64.05899429321289	1.5518781661950778	1.2
64.0710928440094	1.5518781661950778	1.2
64.08387303352356	1.5518781661950778	1.2
64.09680771827698	1.5555731956068422	1.2
64.10830950737	1.5555731956068422	1.2
64.1200921535492	1.5555731956068422	1.2
64.13330340385437	1.5555731956068422	1.2
64.14734959602356	1.5589174194017834	1.2
64.16118383407593	1.5589174194017834	1.2
64.17348837852478	1.5589174194017834	1.2
64.1901957988739	1.5612269608338027	1.2
64.20297145843506	1.5612269608338027	1.2
64.21403217315674	1.5612269608338027	1.2
64.2269434928894	1.5612269608338027	1.2
64.24166178703308	1.5635040377461031	1.2
64.25360536575317	1.5635040377461031	1.2
64.26812958717346	1.5635040377461031	1.2
64.28307771682739	1.565697583941755	1.2
64.29393434524536	1.565697583941755	1.2
64.30581426620483	1.565697583941755	1.2
64.32120108604431	1.565697583941755	1.2
64.33349800109863	1.5663886351902305	1.2
64.34535789489746	1.5663886351902305	1.2
64.35966801643372	1.5663886351902305	1.2
64.37237882614136	1.566558794689345	1.2
64.38369345664978	1.566558794689345	1.2
64.39487338066101	1.566558794689345	1.2
64.40817189216614	1.566558794689345	1.2
64.42160153388977	1.567554560314345	1.2
64.4330804347992	1.567554560314345	1.2
64.44426703453064	1.567554560314345	1.2
64.45660138130188	1.567554560314345	1.2
64.46929621696472	1.5686433652066145	1.2
64.48055505752563	1.5686433652066145	1.2
64.49284720420837	1.5686433652066145	1.2
64.50750923156738	1.5686433652066145	1.2
64.52045440673828	1.5690360763177256	1.2
64.53128957748413	1.5690360763177256	1.2
64.54234886169434	1.5690360763177256	1.2
64.5567455291748	1.5679183254773892	1.2
64.56823468208313	1.5679183254773892	1.2
64.57965087890625	1.5679183254773892	1.2
64.59499835968018	1.5679183254773892	1.2
64.60746765136719	1.5664272192826991	1.2
64.61801481246948	1.5664272192826991	1.2
64.62988233566284	1.5664272192826991	1.2
64.64479756355286	1.5664272192826991	1.2
64.65663266181946	1.5664705483480001	1.2
64.66805076599121	1.5664705483480001	1.2
64.6816942691803	1.5664705483480001	1.2
64.69448685646057	1.5651656914483472	1.2
64.70568299293518	1.5651656914483472	1.2
64.71632933616638	1.5651656914483472	1.2
64.73070859909058	1.5651656914483472	1.2
64.74315524101257	1.563856617913034	1.2
64.75452876091003	1.563856617913034	1.2
64.76735639572144	1.563856617913034	1.2
64.78142166137695	1.563856617913034	1.2
64.79414653778076	1.5630702920944866	1.2
64.80732464790344	1.5630702920944866	1.2
64.8202633857727	1.5630702920944866	1.2
64.83459711074829	1.562849694894374	1.2
64.84894251823425	1.562849694894374	1.2
64.86070418357849	1.562849694894374	1.2
64.8754494190216	1.562849694894374	1.2
64.88968181610107	1.5619925399647967	1.2
64.90178799629211	1.5619925399647967	1.2
64.91432738304138	1.5619925399647967	1.2
64.93042469024658	1.5614880048319772	1.2
64.94335198402405	1.5614880048319772	1.2
64.95807409286499	1.5614880048319772	1.2
64.97374367713928	1.5598575633685627	1.2
64.98573970794678	1.5598575633685627	1.2
64.99841833114624	1.5598575633685627	1.2
65.01429629325867	1.5598575633685627	1.2
65.0272798538208	1.5586329765149256	1.2
65.03974485397339	1.5586329765149256	1.2
65.05306148529053	1.5586329765149256	1.2
65.06707501411438	1.5583638211758624	1.2
65.07921981811523	1.5583638211758624	1.2
65.09223222732544	1.5583638211758624	1.2
65.10656213760376	1.5583638211758624	1.2
65.1216356754303	1.5578782648378342	1.2
65.13464164733887	1.5578782648378342	1.2
65.14650559425354	1.5578782648378342	1.2
65.16266918182373	1.5583631791316437	1.2
65.17638731002808	1.5583631791316437	1.2
65.18963527679443	1.5583631791316437	1.2
65.20570707321167	1.5593044344898304	1.2
65.21757221221924	1.5593044344898304	1.2
65.22839903831482	1.5593044344898304	1.2
65.2421395778656	1.5593044344898304	1.2
65.25728130340576	1.5602306158278585	1.2
65.26966691017151	1.5602306158278585	1.2
65.28227019309998	1.5602306158278585	1.2
65.2955162525177	1.5602306158278585	1.2
65.30816340446472	1.561211085672607	1.2
65.31996297836304	1.561211085672607	1.2
65.33370733261108	1.561211085672607	1.2
65.34907555580139	1.5632245449500104	1.2
65.36039686203003	1.5632245449500104	1.2
65.37204575538635	1.5632245449500104	1.2
65.38363265991211	1.5632245449500104	1.2
65.39657592773438	1.5642527614609139	1.2
65.40757083892822	1.5642527614609139	1.2
65.42056250572205	1.5642527614609139	1.2
65.43446969985962	1.5642527614609139	1.2
65.44684028625488	1.5679169108422168	1.2
65.45765233039856	1.5679169108422168	1.2
65.46898794174194	1.5679169108422168	1.2
65.48384499549866	1.5713934691244256	1.2
65.49563264846802	1.5713934691244256	1.2
65.50677466392517	1.5713934691244256	1.2
65.52316069602966	1.5713934691244256	1.2
65.53602290153503	1.57371436163163	1.2
65.54674863815308	1.57371436163163	1.2
65.55778694152832	1.57371436163163	1.2
65.57292819023132	1.57371436163163	1.2
65.58529686927795	1.575785817513983	1.2
65.59601616859436	1.575785817513983	1.2
65.60704755783081	1.575785817513983	1.2
65.62232637405396	1.575785817513983	1.2
65.63481092453003	1.5784798037571406	1.2
65.64572644233704	1.5784798037571406	1.2
65.65972638130188	1.5784798037571406	1.2
65.67202401161194	1.579572513005696	1.2
65.68301463127136	1.579572513005696	1.2
65.69431924819946	1.579572513005696	1.2
65.70853424072266	1.579572513005696	1.2
65.72048163414001	1.5800538110826186	1.2
65.7322051525116	1.5800538110826186	1.2
65.74370527267456	1.5800538110826186	1.2
65.75555157661438	1.5800538110826186	1.2
65.76763415336609	1.5802477972023066	1.2
65.77875876426697	1.5802477972023066	1.2
65.79228496551514	1.5802477972023066	1.2
65.808030128479	1.5802477972023066	1.2
65.82084345817566	1.5784940922862987	1.2
65.83208465576172	1.5784940922862987	1.2
65.84552955627441	1.5784940922862987	1.2
65.86115002632141	1.5772267234353763	1.2
65.87324976921082	1.5772267234353763	1.2
65.88600587844849	1.5772267234353763	1.2
65.90254092216492	1.5772267234353763	1.2
65.91447854042053	1.5751175250680496	1.2
65.92643284797668	1.5751175250680496	1.2
65.94228768348694	1.5751175250680496	1.2
65.95701193809509	1.5712550833204768	1.2
65.96988677978516	1.5712550833204768	1.2
65.98338055610657	1.5712550833204768	1.2
65.99548292160034	1.5712550833204768	1.2
66.0074074268341	1.5673815762408307	1.2
66.01977896690369	1.5673815762408307	1.2
66.03267860412598	1.5673815762408307	1.2
66.04687857627869	1.5626159991885613	1.2
66.06020498275757	1.5626159991885613	1.2
66.07158827781677	1.5626159991885613	1.2
66.08558416366577	1.5626159991885613	1.2
66.09959530830383	1.556869502879712	1.2
66.11263012886047	1.556869502879712	1.2
66.12667346000671	1.556869502879712	1.2
66.14146256446838	1.5514119396144057	1.2
66.15428400039673	1.5514119396144057	1.2
66.16669607162476	1.5514119396144057	1.2
66.18461894989014	1.5514119396144057	1.2
66.19974541664124	1.5463008537132752	1.2
66.21319723129272	1.5463008537132752	1.2
66.22640585899353	1.5463008537132752	1.2
66.23961138725281	1.540939188193162	1.2
66.25289869308472	1.540939188193162	1.2
66.26696944236755	1.540939188193162	1.2
66.28341054916382	1.536717532423316	1.2
66.29567313194275	1.536717532423316	1.2
66.30735945701599	1.536717532423316	1.2
66.31873226165771	1.536717532423316	1.2
66.33117127418518	1.5322704758431471	1.2
66.34287691116333	1.5322704758431471	1.2
66.35413980484009	1.5322704758431471	1.2
66.36559629440308	1.5322704758431471	1.2
66.37756633758545	1.527012137721157	1.2
66.38914442062378	1.527012137721157	1.2
66.40196919441223	1.527012137721157	1.2
66.41573309898376	1.523080274158995	1.2
66.42775177955627	1.523080274158995	1.2
66.4382483959198	1.523080274158995	1.2
66.44924640655518	1.523080274158995	1.2
66.46344184875488	1.519924414376471	1.2
66.4757468700409	1.519924414376471	1.2
66.48803329467773	1.519924414376471	1.2
66.50338745117188	1.519924414376471	1.2
66.51496171951294	1.517549522032874	1.2
66.52609181404114	1.517549522032874	1.2
66.53980302810669	1.517549522032874	1.2
66.55490708351135	1.514769561913712	1.2
66.56745266914368	1.514769561913712	1.2
66.58038210868835	1.514769561913712	1.2
66.59525752067566	1.514769561913712	1.2
66.60643577575684	1.5135024893299616	1.2
66.61880254745483	1.5135024893299616	1.2
66.63330340385437	1.5135024893299616	1.2
66.64707279205322	1.5127517047857477	1.2
66.65852499008179	1.5127517047857477	1.2
66.67139911651611	1.5127517047857477	1.2
66.6850094795227	1.5127517047857477	1.2
66.6976387500763	1.5125412644969563	1.2
66.70947194099426	1.5125412644969563	1.2
66.72161173820496	1.5125412644969563	1.2
66.73542594909668	1.512208649782353	1.2
66.74755573272705	1.512208649782353	1.2
66.75871253013611	1.512208649782353	1.2
66.7720193862915	1.512208649782353	1.2
66.78632116317749	1.5112752984498683	1.2
66.79922008514404	1.5112752984498683	1.2
66.81347346305847	1.5112752984498683	1.2
66.82795429229736	1.5113380842968385	1.2
66.83959627151489	1.5113380842968385	1.2
66.85112023353577	1.5113380842968385	1.2
66.86603379249573	1.5113380842968385	1.2
66.88665246963501	1.5113380842968385	1.2
66.90234708786011	1.51161445334595	1.2
66.91627192497253	1.51161445334595	1.2
66.93318104743958	1.51161445334595	1.2
66.95092034339905	1.5122972282726361	1.2
66.9642026424408	1.5122972282726361	1.2
66.98003721237183	1.5122972282726361	1.2
66.9948058128357	1.5129783786737576	1.2
67.00639367103577	1.5129783786737576	1.2
67.02182841300964	1.5129783786737576	1.2
67.03749084472656	1.5139882746345898	1.2
67.05150580406189	1.5139882746345898	1.2
67.06541919708252	1.5139882746345898	1.2
67.08044028282166	1.5139882746345898	1.2
67.0929229259491	1.5148470631152255	1.2
67.10548901557922	1.5148470631152255	1.2
67.11992526054382	1.5148470631152255	1.2
67.13322305679321	1.5150071104836464	1.2
67.1458694934845	1.5150071104836464	1.2
67.15928363800049	1.5150071104836464	1.2
67.1740083694458	1.5150071104836464	1.2
67.18661046028137	1.5151696002487833	1.2
67.20268249511719	1.5151696002487833	1.2
67.21721291542053	1.5151696002487833	1.2
67.23143982887268	1.5152914575478333	1.2
67.24386978149414	1.5152914575478333	1.2
67.26250290870667	1.5152914575478333	1.2
67.27700090408325	1.5169078092176715	1.2
67.28932929039001	1.5169078092176715	1.2
67.3024492263794	1.5169078092176715	1.2
67.3176760673523	1.5181739483707009	1.2
67.32971453666687	1.5181739483707009	1.2
67.34324955940247	1.5181739483707009	1.2
67.36051821708679	1.5181739483707009	1.2
67.37137627601624	1.5201429892158516	1.2
67.38335609436035	1.5201429892158516	1.2
67.39756631851196	1.5201429892158516	1.2
67.411137342453	1.5207725919467898	1.2
67.42216444015503	1.5207725919467898	1.2
67.43350172042847	1.5207725919467898	1.2
67.44542860984802	1.5207725919467898	1.2
67.4576268196106	1.5230099137368678	1.2
67.46899557113647	1.5230099137368678	1.2
67.48129844665527	1.5230099137368678	1.2
67.49329805374146	1.5230099137368678	1.2
67.50592088699341	1.5250012826857442	1.2
67.5192346572876	1.5250012826857442	1.2
67.53095555305481	1.5250012826857442	1.2
67.54441857337952	1.5250012826857442	1.2
67.55606508255005	1.524865909244917	1.2
67.56851053237915	1.524865909244917	1.2
67.58369946479797	1.524865909244917	1.2
67.59671115875244	1.5252296169372246	1.2
67.60776019096375	1.5252296169372246	1.2
67.62054991722107	1.5252296169372246	1.2
67.63513660430908	1.5252296169372246	1.2
67.64729762077332	1.5250530127387791	1.2
67.65917038917542	1.5250530127387791	1.2
67.67357802391052	1.5250530127387791	1.2
67.68649911880493	1.5246203335346142	1.2
67.69745182991028	1.5246203335346142	1.2
67.71061539649963	1.5246203335346142	1.2
67.72508001327515	1.5246203335346142	1.2
67.73676872253418	1.5235927236650675	1.2
67.7486298084259	1.5235927236650675	1.2
67.76143288612366	1.5235927236650675	1.2
67.77429938316345	1.5217702645246316	1.2
67.78802609443665	1.5217702645246316	1.2
67.80088090896606	1.5217702645246316	1.2
67.81721878051758	1.5217702645246316	1.2
67.83256483078003	1.5191254057501604	1.2
67.84632325172424	1.5191254057501604	1.2
67.86056804656982	1.5191254057501604	1.2
67.87526869773865	1.5167299906068796	1.2
67.88702321052551	1.5167299906068796	1.2
67.89869809150696	1.5167299906068796	1.2
67.91327953338623	1.5127927950870885	1.2
67.9255952835083	1.5127927950870885	1.2
67.93866014480591	1.5127927950870885	1.2
67.9547860622406	1.5127927950870885	1.2
67.96800422668457	1.5090348897373296	1.2
67.97937607765198	1.5090348897373296	1.2
67.99584650993347	1.5090348897373296	1.2
68.01092219352722	1.5061980155319152	1.2
68.02332878112793	1.5061980155319152	1.2
68.04042196273804	1.5061980155319152	1.2
68.05316281318665	1.5032642772037694	1.2
68.06505274772644	1.5032642772037694	1.2
68.07986903190613	1.5032642772037694	1.2
68.0965747833252	1.5002380050824562	1.2
68.11043000221252	1.5002380050824562	1.2
68.12278604507446	1.5002380050824562	1.2
68.13546228408813	1.5002380050824562	1.2
68.15232634544373	1.4977306400856574	1.2
68.16512131690979	1.4977306400856574	1.2
68.17959213256836	1.4977306400856574	1.2
68.19487571716309	1.4954487552860056	1.2
68.20714592933655	1.4954487552860056	1.2
68.21915984153748	1.4954487552860056	1.2
68.23362159729004	1.493092675892607	1.2
68.24739027023315	1.493092675892607	1.2
68.25977778434753	1.493092675892607	1.2
68.2762496471405	1.493092675892607	1.2
68.28987526893616	1.4914583490014701	1.2
68.30102705955505	1.4914583490014701	1.2
68.31581258773804	1.4914583490014701	1.2
68.3299651145935	1.4902467583216719	1.2
68.34346318244934	1.4902467583216719	1.2
68.35585260391235	1.4902467583216719	1.2
68.37014818191528	1.4902467583216719	1.2
68.38086152076721	1.489477169550698	1.2
68.3927526473999	1.489477169550698	1.2
68.40771889686584	1.489477169550698	1.2
68.4209852218628	1.4889855641030567	1.2
68.43208861351013	1.4889855641030567	1.2
68.44450569152832	1.4889855641030567	1.2
68.45588707923889	1.4889855641030567	1.2
68.46919322013855	1.4893059413607104	1.2
68.48123788833618	1.4893059413607104	1.2
68.49353265762329	1.4893059413607104	1.2
68.50958251953125	1.4893059413607104	1.2
68.52212429046631	1.4898059085819144	1.2
68.53330159187317	1.4898059085819144	1.2
68.54740953445435	1.4898059085819144	1.2
68.56235647201538	1.491016755774049	1.2
68.57576203346252	1.491016755774049	1.2
68.59467887878418	1.491016755774049	1.2
68.60875654220581	1.492094914290392	1.2
68.61978936195374	1.492094914290392	1.2
68.63364720344543	1.492094914290392	1.2
68.64877557754517	1.4929142525061927	1.2
68.65963578224182	1.4929142525061927	1.2
68.67033123970032	1.4929142525061927	1.2
68.68487572669983	1.4929142525061927	1.2
68.70004796981812	1.493885840120438	1.2
68.71211814880371	1.493885840120438	1.2
68.72409987449646	1.493885840120438	1.2
68.73652362823486	1.493885840120438	1.2
68.74889516830444	1.495777204623979	1.2
68.76088356971741	1.495777204623979	1.2
68.77499747276306	1.495777204623979	1.2
68.78906655311584	1.497641463533005	1.2
68.80271315574646	1.497641463533005	1.2
68.81486868858337	1.497641463533005	1.2
68.82665610313416	1.497641463533005	1.2
68.84018898010254	1.5000289316041848	1.2
68.85239577293396	1.5000289316041848	1.2
68.86547803878784	1.5000289316041848	1.2
68.8815906047821	1.501945578425771	1.2
68.89492535591125	1.501945578425771	1.2
68.90596199035645	1.501945578425771	1.2
68.9223473072052	1.501945578425771	1.2
68.93615388870239	1.5048584148163207	1.2
68.9487292766571	1.5048584148163207	1.2
68.96468710899353	1.5048584148163207	1.2
68.97649121284485	1.5073124539885305	1.2
68.9876012802124	1.5073124539885305	1.2
69.0033004283905	1.5073124539885305	1.2
69.01874375343323	1.5073124539885305	1.2
69.03239345550537	1.5087521560440018	1.2
69.04557299613953	1.5087521560440018	1.2
69.05970978736877	1.5087521560440018	1.2
69.07228589057922	1.510955359906983	1.2
69.08523988723755	1.510955359906983	1.2
69.10031723976135	1.510955359906983	1.2
69.11597347259521	1.5130834219129115	1.2
69.12905502319336	1.5130834219129115	1.2
69.14122986793518	1.5130834219129115	1.2
69.15582060813904	1.5130834219129115	1.2
69.16878056526184	1.5154707123320734	1.2
69.1813600063324	1.5154707123320734	1.2
69.19636845588684	1.5154707123320734	1.2
69.21147108078003	1.5166583128381848	1.2
69.22288417816162	1.5166583128381848	1.2
69.23636555671692	1.5166583128381848	1.2
69.25266361236572	1.517758568902875	1.2
69.2655737400055	1.517758568902875	1.2
69.28029751777649	1.517758568902875	1.2
69.29564762115479	1.517758568902875	1.2
69.30671381950378	1.5184601517968868	1.2
69.31845211982727	1.5184601517968868	1.2
69.33260941505432	1.5184601517968868	1.2
69.34608483314514	1.5180038836659295	1.2
69.35754609107971	1.5180038836659295	1.2
69.37120962142944	1.5180038836659295	1.2
69.38379716873169	1.5180038836659295	1.2
69.39608263969421	1.5166096388076054	1.2
69.40705609321594	1.5166096388076054	1.2
69.42111420631409	1.5166096388076054	1.2
69.43371033668518	1.5149960908278075	1.2
69.4455885887146	1.5149960908278075	1.2
69.45775294303894	1.5149960908278075	1.2
69.47025799751282	1.5149960908278075	1.2
69.48364019393921	1.514170220963776	1.2
69.4956705570221	1.514170220963776	1.2
69.50826454162598	1.514170220963776	1.2
69.52075719833374	1.514170220963776	1.2
69.53247332572937	1.5129822858161055	1.2
69.5437798500061	1.5129822858161055	1.2
69.55665826797485	1.5129822858161055	1.2
69.57232713699341	1.512156333765108	1.2
69.58355784416199	1.512156333765108	1.2
69.59436750411987	1.512156333765108	1.2
69.60600399971008	1.512156333765108	1.2
69.62085485458374	1.5109677090519174	1.2
69.63212871551514	1.5109677090519174	1.2
69.64544367790222	1.5109677090519174	1.2
69.65975761413574	1.5109677090519174	1.2
69.67070364952087	1.5091052189286558	1.2
69.68203592300415	1.5091052189286558	1.2
69.69672298431396	1.5091052189286558	1.2
69.71212720870972	1.5070610989825641	1.2
69.72396922111511	1.5070610989825641	1.2
69.7352888584137	1.5070610989825641	1.2
69.7464005947113	1.5070610989825641	1.2
69.75897145271301	1.5047635536304516	1.2
69.77080702781677	1.5047635536304516	1.2
69.78451871871948	1.5047635536304516	1.2
69.79907512664795	1.5047635536304516	1.2
69.81336855888367	1.5040294574268276	1.2
69.8259482383728	1.5040294574268276	1.2
69.83833622932434	1.5040294574268276	1.2
69.85212898254395	1.5026691691167275	1.2
69.86437487602234	1.5026691691167275	1.2
69.88085627555847	1.5026691691167275	1.2
69.89631175994873	1.5010983775352689	1.2
69.90785765647888	1.5010983775352689	1.2
69.92006230354309	1.5010983775352689	1.2
69.93476390838623	1.5010983775352689	1.2
69.94929480552673	1.499777565798753	1.2
69.9622552394867	1.499777565798753	1.2
69.97600078582764	1.499777565798753	1.2
69.9902651309967	1.499777565798753	1.2
70.0022599697113	1.497573474133585	1.2
70.01453399658203	1.497573474133585	1.2
70.0297577381134	1.497573474133585	1.2
70.04314017295837	1.4951020032261855	1.2
70.05558323860168	1.4951020032261855	1.2
70.06745076179504	1.4951020032261855	1.2
70.08155512809753	1.4951020032261855	1.2
70.09411025047302	1.493309415710654	1.2
70.105792760849	1.493309415710654	1.2
70.11835718154907	1.493309415710654	1.2
70.1328456401825	1.4921178858021924	1.2
70.14578127861023	1.4921178858021924	1.2
70.15904760360718	1.4921178858021924	1.2
70.17385935783386	1.4921178858021924	1.2
70.18799901008606	1.491667402751345	1.2
70.19951820373535	1.491667402751345	1.2
70.2128517627716	1.491667402751345	1.2
70.2273850440979	1.4914630430856068	1.2
70.2395236492157	1.4914630430856068	1.2
70.2553243637085	1.4914630430856068	1.2
70.2702910900116	1.4917335229904192	1.2
70.28168749809265	1.4917335229904192	1.2
70.29405283927917	1.4917335229904192	1.2
70.3115553855896	1.4917335229904192	1.2
70.32499432563782	1.4930950558499103	1.2
70.33696722984314	1.4930950558499103	1.2
70.35068130493164	1.4930950558499103	1.2
70.36399173736572	1.4954235498988226	1.2
70.37622737884521	1.4954235498988226	1.2
70.38863730430603	1.4954235498988226	1.2
70.4019124507904	1.4954235498988226	1.2
70.41476249694824	1.4974102417217057	1.2
70.42665410041809	1.4974102417217057	1.2
70.4381799697876	1.4974102417217057	1.2
70.45194005966187	1.4974102417217057	1.2
70.46442484855652	1.4999566905803534	1.2
70.47713732719421	1.4999566905803534	1.2
70.49230909347534	1.4999566905803534	1.2
70.50567936897278	1.5024759641881018	1.2
70.51672458648682	1.5024759641881018	1.2
70.53118348121643	1.5024759641881018	1.2
70.54515790939331	1.505133683433465	1.2
70.55794072151184	1.505133683433465	1.2
70.57048559188843	1.505133683433465	1.2
70.58595108985901	1.505133683433465	1.2
70.59728026390076	1.5082172882866172	1.2
70.60937428474426	1.5082172882866172	1.2
70.62447547912598	1.5082172882866172	1.2
70.63852524757385	1.511262927488884	1.2
70.65096783638	1.511262927488884	1.2
70.66353726387024	1.511262927488884	1.2
70.676598072052	1.511262927488884	1.2
70.68791842460632	1.5145393395489883	1.2
70.69945955276489	1.5145393395489883	1.2
70.71424651145935	1.5145393395489883	1.2
70.72781991958618	1.5170252940704054	1.2
70.73944091796875	1.5170252940704054	1.2
70.75298047065735	1.5170252940704054	1.2
70.76614117622375	1.519017753646351	1.2
70.77980136871338	1.519017753646351	1.2
70.79313659667969	1.519017753646351	1.2
70.8079628944397	1.519017753646351	1.2
70.82297253608704	1.5206857734011192	1.2
70.83474588394165	1.5206857734011192	1.2
70.84850001335144	1.5206857734011192	1.2
70.86348915100098	1.522903912639929	1.2
70.87608790397644	1.522903912639929	1.2
70.88988709449768	1.522903912639929	1.2
70.90495467185974	1.522903912639929	1.2
70.91914224624634	1.525161986169341	1.2
70.93300557136536	1.525161986169341	1.2
70.9489996433258	1.525161986169341	1.2
70.96186351776123	1.527184215962574	1.2
70.9735701084137	1.527184215962574	1.2
70.98720002174377	1.527184215962574	1.2
71.00364398956299	1.527184215962574	1.2
71.01719093322754	1.529141952701166	1.2
71.03125095367432	1.529141952701166	1.2
71.04465818405151	1.529141952701166	1.2
71.05861830711365	1.5300374670020136	1.2
71.07169151306152	1.5300374670020136	1.2
71.08495616912842	1.5300374670020136	1.2
71.1022436618805	1.5306172211070044	1.2
71.1156759262085	1.5306172211070044	1.2
71.1272304058075	1.5306172211070044	1.2
71.14175033569336	1.5306172211070044	1.2
71.15534853935242	1.5297666651832262	1.2
71.16905665397644	1.5297666651832262	1.2
71.18973660469055	1.5297666651832262	1.2
71.20274209976196	1.5293895083157678	1.2
71.21473813056946	1.5293895083157678	1.2
71.22996187210083	1.5293895083157678	1.2
71.24503636360168	1.528881752942688	1.2
71.25733685493469	1.528881752942688	1.2
71.2730073928833	1.528881752942688	1.2
71.28659915924072	1.5280741103807045	1.2
71.30066776275635	1.5280741103807045	1.2
71.31502366065979	1.5280741103807045	1.2
71.32926678657532	1.5280741103807045	1.2
71.34271717071533	1.5269094639421978	1.2
71.35461759567261	1.5269094639421978	1.2
71.36716961860657	1.5269094639421978	1.2
71.38076829910278	1.525734725780638	1.2
71.39259552955627	1.525734725780638	1.2
71.40390300750732	1.525734725780638	1.2
71.41617226600647	1.525734725780638	1.2
71.42995476722717	1.524623142733209	1.2
71.44268465042114	1.524623142733209	1.2
71.45428395271301	1.524623142733209	1.2
71.46883606910706	1.524623142733209	1.2
71.48171424865723	1.522611769466944	1.2
71.49377822875977	1.522611769466944	1.2
71.5118396282196	1.522611769466944	1.2
71.52408337593079	1.5209043610017319	1.2
71.53778910636902	1.5209043610017319	1.2
71.55294489860535	1.5209043610017319	1.2
71.56649827957153	1.5182422952575167	1.2
71.57882189750671	1.5182422952575167	1.2
71.59270286560059	1.5182422952575167	1.2
71.60632133483887	1.516938488729125	1.2
71.61807560920715	1.516938488729125	1.2
71.62999534606934	1.516938488729125	1.2
71.64538908004761	1.516938488729125	1.2
71.6577730178833	1.5153559179314366	1.2
71.67054963111877	1.5153559179314366	1.2
71.6846067905426	1.5153559179314366	1.2
71.69818925857544	1.5144657899985583	1.2
71.71008133888245	1.5144657899985583	1.2
71.72269463539124	1.5144657899985583	1.2
71.73409390449524	1.5144657899985583	1.2
71.74720883369446	1.5140998425605419	1.2
71.7592236995697	1.5140998425605419	1.2
71.77206373214722	1.5140998425605419	1.2
71.78621101379395	1.5134255323964036	1.2
71.79835486412048	1.5134255323964036	1.2
71.8105640411377	1.5134255323964036	1.2
71.82308840751648	1.5134255323964036	1.2
71.83838105201721	1.5133820305579637	1.2
71.85082483291626	1.5133820305579637	1.2
71.86689949035645	1.5133820305579637	1.2
71.88232040405273	1.51310184915111	1.2
71.89425444602966	1.51310184915111	1.2
71.90649223327637	1.51310184915111	1.2
71.92213988304138	1.51310184915111	1.2
71.93585729598999	1.51390893711602	1.2
71.9476523399353	1.51390893711602	1.2
71.96200037002563	1.51390893711602	1.2
71.97554874420166	1.515030578746601	1.2
71.98816347122192	1.515030578746601	1.2
72.00082063674927	1.515030578746601	1.2
72.01753973960876	1.5166867537149256	1.2
72.03058195114136	1.5166867537149256	1.2
72.04284954071045	1.5166867537149256	1.2
72.05802917480469	1.5166867537149256	1.2
72.07071828842163	1.5173677843490978	1.2
72.08424258232117	1.5173677843490978	1.2
72.10108804702759	1.5173677843490978	1.2
72.11661744117737	1.5186192636390385	1.2
72.12873888015747	1.5186192636390385	1.2
72.14016056060791	1.5186192636390385	1.2
72.15603947639465	1.519749561802104	1.2
72.17035007476807	1.519749561802104	1.2
72.18520331382751	1.519749561802104	1.2
72.20104813575745	1.519749561802104	1.2
72.21328902244568	1.5208085099102124	1.2
72.22545266151428	1.5208085099102124	1.2
72.24215173721313	1.5208085099102124	1.2
72.25618696212769	1.5223377577156376	1.2
72.26833415031433	1.5223377577156376	1.2
72.28275156021118	1.5223377577156376	1.2
72.29623413085938	1.5227900247426644	1.2
72.30859327316284	1.5227900247426644	1.2
72.32101011276245	1.5227900247426644	1.2
72.33482789993286	1.5227900247426644	1.2
72.34900784492493	1.5240201145480512	1.2
72.36111497879028	1.5240201145480512	1.2
72.37371349334717	1.5240201145480512	1.2
72.38816475868225	1.5246849234447173	1.2
72.40009760856628	1.5246849234447173	1.2
72.41273546218872	1.5246849234447173	1.2
72.4249050617218	1.5246849234447173	1.2
72.43758130073547	1.525102207228501	1.2
72.44954133033752	1.525102207228501	1.2
72.46320414543152	1.525102207228501	1.2
72.47747278213501	1.5255416877479817	1.2
72.49052262306213	1.5255416877479817	1.2
72.50241303443909	1.5255416877479817	1.2
72.51553559303284	1.5255416877479817	1.2
72.52876949310303	1.527894414768052	1.2
72.54205846786499	1.527894414768052	1.2
72.56160163879395	1.527894414768052	1.2
72.57513689994812	1.5291056790770714	1.2
72.58650183677673	1.5291056790770714	1.2
72.60162401199341	1.5291056790770714	1.2
72.61801552772522	1.530201240864866	1.2
72.63106608390808	1.530201240864866	1.2
72.64301633834839	1.530201240864866	1.2
72.65712261199951	1.530201240864866	1.2
72.6702196598053	1.5318880177407832	1.2
72.68202328681946	1.5318880177407832	1.2
72.69499468803406	1.5318880177407832	1.2
72.70886421203613	1.5335584241403182	1.2
72.72068333625793	1.5335584241403182	1.2
72.73238563537598	1.5335584241403182	1.2
72.74474501609802	1.5335584241403182	1.2
72.76028656959534	1.5351011560418626	1.2
72.77563762664795	1.5351011560418626	1.2
72.79337954521179	1.5351011560418626	1.2
72.81016254425049	1.5359692143429031	1.2
72.82835960388184	1.5359692143429031	1.2
72.85529589653015	1.5359692143429031	1.2
72.87080264091492	1.5365180063023096	1.2
72.88531637191772	1.5365180063023096	1.2
72.9018223285675	1.5365180063023096	1.2
72.91532063484192	1.5372362379738642	1.2
72.93029880523682	1.5372362379738642	1.2
72.94762682914734	1.5372362379738642	1.2
72.96488785743713	1.5384330493511098	1.2
72.97840547561646	1.5384330493511098	1.2
72.99191331863403	1.5384330493511098	1.2
73.00679302215576	1.537309386543403	1.2
73.02110433578491	1.537309386543403	1.2
73.03617978096008	1.537309386543403	1.2
73.05459499359131	1.537309386543403	1.2
73.06760478019714	1.5365073776016054	1.2
73.08205103874207	1.5365073776016054	1.2
73.09849691390991	1.5365073776016054	1.2
73.11273670196533	1.5349284769483664	1.2
73.12651371955872	1.5349284769483664	1.2
73.1410984992981	1.5349284769483664	1.2
73.15531516075134	1.5341248470963058	1.2
73.16796517372131	1.5341248470963058	1.2
73.18248867988586	1.5341248470963058	1.2
73.19621729850769	1.5341248470963058	1.2
73.2097897529602	1.533099559318793	1.2
73.22373843193054	1.533099559318793	1.2
73.23941779136658	1.533099559318793	1.2
73.25387787818909	1.5321342895206564	1.2
73.26634335517883	1.5321342895206564	1.2
73.28032088279724	1.5321342895206564	1.2
73.29637336730957	1.5310490526986549	1.2
73.3096170425415	1.5310490526986549	1.2
73.32396268844604	1.5310490526986549	1.2
73.33969902992249	1.5310111180110186	1.2
73.35177445411682	1.5310111180110186	1.2
73.36348557472229	1.5310111180110186	1.2
73.38122987747192	1.5310111180110186	1.2
73.39315414428711	1.531158409416387	1.2
73.40500545501709	1.531158409416387	1.2
73.41943335533142	1.531158409416387	1.2
73.43330931663513	1.5324194139732077	1.2
73.44503164291382	1.5324194139732077	1.2
73.45799446105957	1.5324194139732077	1.2
73.47276139259338	1.5345208516234996	1.2
73.48427700996399	1.5345208516234996	1.2
73.50132322311401	1.5345208516234996	1.2
73.51703238487244	1.5345208516234996	1.2
73.53340888023376	1.5363380998337008	1.2
73.54983496665955	1.5363380998337008	1.2
73.56692481040955	1.5387190929028112	1.2
73.5809257030487	1.5387190929028112	1.2
