t_s	measured_width_mm	target_width_mm
0.0012273788452148438	nan	2.0
0.04697751998901367	nan	2.0
0.06324887275695801	nan	2.0
0.0769197940826416	nan	2.0
0.09362649917602539	nan	2.0
0.10513496398925781	nan	2.0
0.11647868156433105	nan	2.0
0.12869620323181152	nan	2.0
0.14080142974853516	nan	2.0
0.15350055694580078	nan	2.0
0.1662135124206543	nan	2.0
0.1792154312133789	nan	2.0
0.19203948974609375	nan	2.0
0.20787477493286133	nan	2.0
0.22268986701965332	nan	2.0
0.23522329330444336	nan	2.0
0.24655675888061523	nan	2.0
0.25775933265686035	nan	2.0
0.2693004608154297	nan	2.0
0.28139710426330566	nan	2.0
0.29305458068847656	nan	2.0
0.3041517734527588	nan	2.0
0.3175523281097412	nan	2.0
0.329754114151001	nan	2.0
0.3423333168029785	nan	2.0
0.35572385787963867	nan	2.0
0.36824941635131836	nan	2.0
0.38037967681884766	nan	2.0
0.39314842224121094	nan	2.0
0.4065682888031006	nan	2.0
0.42080187797546387	nan	2.0
0.4343721866607666	nan	2.0
0.44710826873779297	nan	2.0
0.45978426933288574	nan	2.0
0.47157764434814453	nan	2.0
0.4845132827758789	nan	2.0
0.49728989601135254	nan	2.0
0.5091390609741211	nan	2.0
0.5204064846038818	nan	2.0
0.5316030979156494	nan	2.0
0.5441088676452637	nan	2.0
0.5557162761688232	nan	2.0
0.5678009986877441	nan	2.0
0.579554557800293	nan	2.0
0.5907361507415771	nan	2.0
0.6021251678466797	nan	2.0
0.6152336597442627	nan	2.0
0.6279263496398926	nan	2.0
0.6407039165496826	nan	2.0
0.6549625396728516	nan	2.0
0.668856143951416	nan	2.0
0.6821637153625488	nan	2.0
0.6945571899414062	nan	2.0
0.7095510959625244	nan	2.0
0.7239232063293457	nan	2.0
0.7360291481018066	nan	2.0
0.7491745948791504	nan	2.0
0.7615115642547607	nan	2.0
0.7738935947418213	nan	2.0
0.7866339683532715	nan	2.0
0.7992086410522461	nan	2.0
0.8112823963165283	nan	2.0
0.8240447044372559	nan	2.0
0.8359701633453369	nan	2.0
0.8480973243713379	nan	2.0
0.8602747917175293	nan	2.0
0.8720881938934326	nan	2.0
0.8843574523925781	nan	2.0
0.8966684341430664	nan	2.0
0.908531904220581	nan	2.0
0.9195592403411865	nan	2.0
0.9308445453643799	nan	2.0
0.9422552585601807	nan	2.0
0.9537632465362549	nan	2.0
0.9654438495635986	nan	2.0
0.9764814376831055	nan	2.0
0.9878687858581543	nan	2.0
0.9990115165710449	nan	2.0
1.0107953548431396	nan	2.0
1.023078441619873	nan	2.0
1.0435206890106201	nan	2.0
1.0647351741790771	nan	2.0
1.0868735313415527	nan	2.0
1.1071510314941406	nan	2.0
1.123894453048706	nan	2.0
1.1405010223388672	nan	2.0
1.1558020114898682	nan	2.0
1.1709835529327393	nan	2.0
1.184760332107544	nan	2.0
1.1999762058258057	nan	2.0
1.2152776718139648	nan	2.0
1.2315177917480469	nan	2.0
1.2467119693756104	nan	2.0
1.26334547996521	nan	2.0
1.279245138168335	nan	2.0
1.2932419776916504	nan	2.0
1.3070335388183594	nan	2.0
1.3216564655303955	nan	2.0
1.3376400470733643	nan	2.0
1.3529760837554932	nan	2.0
1.3663535118103027	nan	2.0
1.3791656494140625	nan	2.0
1.392505168914795	nan	2.0
1.410036325454712	nan	2.0
1.42673921585083	nan	2.0
1.4410197734832764	nan	2.0
1.456369400024414	nan	2.0
1.4733872413635254	nan	2.0
1.4948434829711914	nan	2.0
1.5139200687408447	nan	2.0
1.5312929153442383	nan	2.0
1.5482182502746582	nan	2.0
1.5698704719543457	nan	2.0
1.587646484375	nan	2.0
1.6076741218566895	nan	2.0
1.6309926509857178	nan	2.0
1.6544029712677002	nan	2.0
1.6759896278381348	nan	2.0
1.6963367462158203	nan	2.0
1.7193398475646973	nan	2.0
1.742091417312622	nan	2.0
1.755314588546753	nan	2.0
1.771897554397583	nan	2.0
1.7848424911499023	nan	2.0
1.799849510192871	nan	2.0
1.812973976135254	nan	2.0
1.825814962387085	nan	2.0
1.837909460067749	nan	2.0
1.8537395000457764	nan	2.0
1.8663127422332764	nan	2.0
1.880751609802246	nan	2.0
1.8933923244476318	nan	2.0
1.9053771495819092	nan	2.0
1.918881893157959	nan	2.0
1.9336154460906982	nan	2.0
1.9468238353729248	nan	2.0
1.961967945098877	nan	2.0
1.9754905700683594	nan	2.0
1.9879522323608398	nan	2.0
2.001666307449341	nan	2.0
2.017011880874634	nan	2.0
2.031266689300537	nan	2.0
2.0487570762634277	nan	2.0
2.0698351860046387	nan	2.0
2.0920493602752686	nan	2.0
2.1155714988708496	nan	2.0
2.1368560791015625	nan	2.0
2.1528618335723877	nan	2.0
2.168393135070801	nan	2.0
2.1820497512817383	nan	2.0
2.1991589069366455	nan	2.0
2.220209836959839	nan	2.0
2.238913059234619	nan	2.0
2.256263256072998	nan	2.0
2.2734010219573975	nan	2.0
2.2892515659332275	nan	2.0
2.3036866188049316	nan	2.0
2.318437099456787	nan	2.0
2.3338725566864014	nan	2.0
2.347580909729004	nan	2.0
2.359710693359375	nan	2.0
2.3757669925689697	nan	2.0
2.391019105911255	nan	2.0
2.407881498336792	nan	2.0
2.423114538192749	nan	2.0
2.4362051486968994	nan	2.0
2.4508697986602783	nan	2.0
2.467191457748413	nan	2.0
2.4849185943603516	nan	2.0
2.4985642433166504	nan	2.0
2.5110859870910645	nan	2.0
2.526602268218994	nan	2.0
2.54097318649292	nan	2.0
2.5551304817199707	nan	2.0
2.5708694458007812	nan	2.0
2.5847420692443848	nan	2.0
2.5967066287994385	nan	2.0
2.609661817550659	nan	2.0
2.6237666606903076	nan	2.0
2.6352953910827637	nan	2.0
2.650961399078369	nan	2.0
2.663214683532715	nan	2.0
2.674996852874756	nan	2.0
2.6873080730438232	nan	2.0
2.7004194259643555	nan	2.0
2.712125539779663	nan	2.0
2.7280023097991943	nan	2.0
2.739938259124756	nan	2.0
2.7519710063934326	nan	2.0
2.7637526988983154	nan	2.0
2.7789461612701416	nan	2.0
2.7911975383758545	nan	2.0
2.8043503761291504	nan	2.0
2.8188741207122803	nan	2.0
2.8345465660095215	nan	2.0
2.8546810150146484	nan	2.0
2.8735709190368652	nan	2.0
2.8953280448913574	nan	2.0
2.9143526554107666	nan	2.0
2.9353063106536865	nan	2.0
2.953876256942749	nan	2.0
2.974649429321289	nan	2.0
2.995828151702881	nan	2.0
3.0189919471740723	nan	2.0
3.039062976837158	nan	2.0
3.059950590133667	nan	2.0
3.0795812606811523	nan	2.0
3.1004786491394043	nan	2.0
3.1228747367858887	nan	2.0
3.144651412963867	nan	2.0
3.1625635623931885	nan	2.0
3.1811907291412354	nan	2.0
3.196162223815918	nan	2.0
3.210277795791626	nan	2.0
3.2256529331207275	nan	2.0
3.240340232849121	nan	2.0
3.2597274780273438	nan	2.0
3.278434991836548	nan	2.0
3.297006368637085	nan	2.0
3.3205244541168213	nan	2.0
3.3445119857788086	nan	2.0
3.3656392097473145	nan	2.0
3.387770652770996	nan	2.0
3.4087953567504883	nan	2.0
3.4281184673309326	nan	2.0
3.4432144165039062	nan	2.0
3.4569153785705566	nan	2.0
3.47316837310791	nan	2.0
3.4907784461975098	nan	2.0
3.504948616027832	nan	2.0
3.5184779167175293	nan	2.0
3.530888795852661	nan	2.0
3.5461013317108154	nan	2.0
3.5581700801849365	nan	2.0
3.572920322418213	nan	2.0
3.5861153602600098	nan	2.0
3.599698305130005	nan	2.0
3.6178786754608154	nan	2.0
3.636714458465576	nan	2.0
3.657074451446533	nan	2.0
3.6746866703033447	nan	2.0
3.6920249462127686	nan	2.0
3.709949016571045	nan	2.0
3.723659038543701	nan	2.0
3.737872838973999	nan	2.0
3.7515082359313965	nan	2.0
3.7670633792877197	nan	2.0
3.786633253097534	nan	2.0
3.8031883239746094	nan	2.0
3.8205649852752686	nan	2.0
3.8347971439361572	nan	2.0
3.849184513092041	nan	2.0
3.86812424659729	nan	2.0
3.884824275970459	nan	2.0
3.900085926055908	nan	2.0
3.921541452407837	nan	2.0
3.9395225048065186	nan	2.0
3.953847646713257	nan	2.0
3.966966390609741	nan	2.0
3.9823391437530518	nan	2.0
3.9971752166748047	nan	2.0
4.009465217590332	nan	2.0
4.025315999984741	nan	2.0
4.0378196239471436	nan	2.0
4.050460338592529	nan	2.0
4.0632922649383545	nan	2.0
4.07802152633667	nan	2.0
4.090751886367798	nan	2.0
4.105754137039185	nan	2.0
4.124277353286743	nan	2.0
4.1490819454193115	nan	2.0
4.171961784362793	nan	2.0
4.196453809738159	nan	2.0
4.218470335006714	nan	2.0
4.242223024368286	nan	2.0
4.262136936187744	nan	2.0
4.276526212692261	nan	2.0
4.28954815864563	nan	2.0
4.303491592407227	nan	2.0
4.320769309997559	nan	2.0
4.335337162017822	nan	2.0
4.3526997566223145	nan	2.0
4.37026047706604	nan	2.0
4.3899030685424805	nan	2.0
4.40776252746582	nan	2.0
4.428382158279419	nan	2.0
4.444904088973999	nan	2.0
4.460906505584717	nan	2.0
4.481592655181885	nan	2.0
4.499597787857056	nan	2.0
4.517813205718994	nan	2.0
4.53558349609375	nan	2.0
4.556445121765137	nan	2.0
4.575307369232178	nan	2.0
4.592927932739258	nan	2.0
4.610222101211548	nan	2.0
4.626996040344238	nan	2.0
4.642883539199829	nan	2.0
4.658093452453613	nan	2.0
4.6765456199646	nan	2.0
4.690141677856445	nan	2.0
4.704361915588379	nan	2.0
4.717588424682617	nan	2.0
4.731966495513916	nan	2.0
4.744813680648804	nan	2.0
4.760854005813599	nan	2.0
4.779435634613037	nan	2.0
4.799734115600586	nan	2.0
4.817580699920654	nan	2.0
4.834189414978027	nan	2.0
4.850712537765503	nan	2.0
4.866029977798462	nan	2.0
4.88017725944519	nan	2.0
4.891919136047363	nan	2.0
4.903887033462524	nan	2.0
4.917303800582886	nan	2.0
4.934248685836792	nan	2.0
4.950253963470459	nan	2.0
4.968137741088867	nan	2.0
4.98703145980835	nan	2.0
5.013715028762817	nan	2.0
5.030267000198364	nan	2.0
5.047433137893677	nan	2.0
5.0638673305511475	nan	2.0
5.082854509353638	nan	2.0
5.101265907287598	nan	2.0
5.116204738616943	nan	2.0
5.133918762207031	nan	2.0
5.148263692855835	nan	2.0
5.1662585735321045	nan	2.0
5.187058210372925	nan	2.0
5.205930948257446	nan	2.0
5.224621295928955	nan	2.0
5.24325704574585	nan	2.0
5.259908676147461	nan	2.0
5.276642084121704	nan	2.0
5.288260221481323	nan	2.0
5.299823999404907	nan	2.0
5.311747312545776	nan	2.0
5.325470685958862	nan	2.0
5.337953090667725	nan	2.0
5.352427959442139	nan	2.0
5.363776922225952	nan	2.0
5.3758015632629395	nan	2.0
5.387507438659668	nan	2.0
5.400806427001953	nan	2.0
5.412355422973633	nan	2.0
5.424869537353516	nan	2.0
5.439090013504028	nan	2.0
5.456756114959717	nan	2.0
5.472960948944092	nan	2.0
5.487977504730225	nan	2.0
5.502952814102173	nan	2.0
5.5195488929748535	nan	2.0
5.533029794692993	nan	2.0
5.546610593795776	nan	2.0
5.561115026473999	nan	2.0
5.5751051902771	nan	2.0
5.588205575942993	nan	2.0
5.608319520950317	nan	2.0
5.626130819320679	nan	2.0
5.645008325576782	nan	2.0
5.6615190505981445	nan	2.0
5.679225444793701	nan	2.0
5.698805332183838	nan	2.0
5.718244314193726	nan	2.0
5.734294414520264	nan	2.0
5.746631383895874	nan	2.0
5.758105278015137	nan	2.0
5.771685838699341	nan	2.0
5.78412389755249	nan	2.0
5.796833038330078	nan	2.0
5.808877468109131	nan	2.0
5.820957183837891	nan	2.0
5.8322343826293945	nan	2.0
5.847621917724609	nan	2.0
5.861761808395386	nan	2.0
5.880065679550171	nan	2.0
5.89578104019165	nan	2.0
5.910934925079346	nan	2.0
5.933009624481201	nan	2.0
5.953253269195557	nan	2.0
5.9711127281188965	nan	2.0
5.986854076385498	nan	2.0
6.000625371932983	nan	2.0
6.013967752456665	nan	2.0
6.027529239654541	nan	2.0
6.04195237159729	nan	2.0
6.0545876026153564	nan	2.0
6.066992282867432	nan	2.0
6.082695245742798	nan	2.0
6.101938724517822	nan	2.0
6.122248649597168	nan	2.0
6.146678686141968	nan	2.0
6.168147087097168	nan	2.0
6.187267541885376	nan	2.0
6.207488536834717	nan	2.0
6.228429794311523	nan	2.0
6.2498979568481445	nan	2.0
6.266197443008423	nan	2.0
6.27918553352356	nan	2.0
6.29302191734314	nan	2.0
6.305198431015015	nan	2.0
6.31696081161499	nan	2.0
6.33209490776062	nan	2.0
6.345848083496094	nan	2.0
6.36044979095459	nan	2.0
6.3783347606658936	nan	2.0
6.394521236419678	nan	2.0
6.411913633346558	nan	2.0
6.42757773399353	nan	2.0
6.441630601882935	nan	2.0
6.460542917251587	nan	2.0
6.480154275894165	nan	2.0
6.496981859207153	nan	2.0
6.510394811630249	nan	2.0
6.523931980133057	nan	2.0
6.538336515426636	nan	2.0
6.5547401905059814	nan	2.0
6.5760698318481445	nan	2.0
6.593978643417358	nan	2.0
6.609976291656494	nan	2.0
6.624295711517334	nan	2.0
6.636865139007568	nan	2.0
6.650818824768066	nan	2.0
6.663444757461548	nan	2.0
6.6753387451171875	nan	2.0
6.687395334243774	nan	2.0
6.701157093048096	nan	2.0
6.712737321853638	nan	2.0
6.726519584655762	nan	2.0
6.738707065582275	nan	2.0
6.750769138336182	nan	2.0
6.763413429260254	nan	2.0
6.777541875839233	nan	2.0
6.789818286895752	nan	2.0
6.803852558135986	nan	2.0
6.816354274749756	nan	2.0
6.828410863876343	nan	2.0
6.840509653091431	nan	2.0
6.855702638626099	nan	2.0
6.86836051940918	nan	2.0
6.880089998245239	nan	2.0
6.89150071144104	nan	2.0
6.905620813369751	nan	2.0
6.91857385635376	nan	2.0
6.931402921676636	nan	2.0
6.943734645843506	nan	2.0
6.955283880233765	nan	2.0
6.9681596755981445	nan	2.0
6.983630180358887	nan	2.0
6.995764970779419	nan	2.0
7.00787878036499	nan	2.0
7.022940397262573	nan	2.0
7.035226583480835	nan	2.0
7.047357082366943	nan	2.0
7.063333988189697	nan	2.0
7.075676441192627	nan	2.0
7.088197708129883	nan	2.0
7.102274417877197	nan	2.0
7.114912986755371	nan	2.0
7.129287242889404	nan	2.0
7.1460347175598145	nan	2.0
7.163758993148804	nan	2.0
7.180345058441162	nan	2.0
7.197418451309204	nan	2.0
7.214567184448242	nan	2.0
7.231006145477295	nan	2.0
7.246979236602783	nan	2.0
7.264728307723999	nan	2.0
7.277223587036133	nan	2.0
7.289709568023682	nan	2.0
7.305287599563599	nan	2.0
7.317486524581909	nan	2.0
7.330434799194336	nan	2.0
7.3435845375061035	nan	2.0
7.355623006820679	nan	2.0
7.367277383804321	nan	2.0
7.381388425827026	nan	2.0
7.3940348625183105	nan	2.0
7.40685248374939	nan	2.0
7.421456813812256	nan	2.0
7.434311628341675	nan	2.0
7.446502447128296	nan	2.0
7.46097993850708	nan	2.0
7.475815057754517	nan	2.0
7.491267919540405	nan	2.0
7.504523992538452	nan	2.0
7.516651391983032	nan	2.0
7.529063701629639	nan	2.0
7.544354200363159	nan	2.0
7.556724548339844	nan	2.0
7.569728136062622	nan	2.0
7.583252668380737	nan	2.0
7.59555983543396	nan	2.0
7.60732102394104	nan	2.0
7.6223907470703125	nan	2.0
7.634589195251465	nan	2.0
7.647798776626587	nan	2.0
7.6602582931518555	nan	2.0
7.676734685897827	nan	2.0
7.68885350227356	nan	2.0
7.705062389373779	nan	2.0
7.717365741729736	nan	2.0
7.7299909591674805	nan	2.0
7.74479866027832	nan	2.0
7.759373903274536	nan	2.0
7.771491289138794	nan	2.0
7.786803722381592	nan	2.0
7.798974275588989	nan	2.0
7.811405181884766	nan	2.0
7.82430624961853	nan	2.0
7.838114023208618	nan	2.0
7.850561857223511	nan	2.0
7.865595817565918	nan	2.0
7.878210783004761	nan	2.0
7.890336275100708	nan	2.0
7.903778791427612	nan	2.0
7.918131113052368	nan	2.0
7.930296182632446	nan	2.0
7.94614052772522	nan	2.0
7.958950757980347	nan	2.0
7.970876932144165	nan	2.0
7.982983589172363	nan	2.0
7.997644662857056	nan	2.0
8.0103178024292	nan	2.0
8.02635931968689	nan	2.0
8.039092302322388	nan	2.0
8.051581859588623	nan	2.0
8.065601110458374	nan	2.0
8.082478046417236	nan	2.0
8.096197605133057	nan	2.0
8.110338926315308	nan	2.0
8.123422145843506	nan	2.0
8.14290714263916	nan	2.0
8.159048318862915	nan	2.0
8.172273874282837	nan	2.0
8.18709921836853	nan	2.0
8.199638366699219	nan	2.0
8.21651005744934	nan	2.0
8.232930183410645	nan	2.0
8.24590277671814	nan	2.0
8.261536359786987	nan	2.0
8.274552822113037	nan	2.0
8.289403915405273	nan	2.0
8.303237199783325	nan	2.0
8.318403720855713	nan	2.0
8.331040382385254	nan	2.0
8.346206665039062	nan	2.0
8.359719276428223	nan	2.0
8.372475385665894	nan	2.0
8.386257410049438	nan	2.0
8.400709867477417	nan	2.0
8.415356159210205	nan	2.0
8.427889108657837	nan	2.0
8.442702054977417	nan	2.0
8.455055952072144	nan	2.0
8.470246315002441	nan	2.0
8.490116834640503	nan	2.0
8.50760793685913	nan	2.0
8.523391008377075	nan	2.0
8.541396856307983	nan	2.0
8.558055400848389	nan	2.0
8.575493335723877	nan	2.0
8.591830253601074	nan	2.0
8.607077360153198	nan	2.0
8.619899988174438	nan	2.0
8.637542724609375	nan	2.0
8.650652408599854	nan	2.0
8.664011240005493	nan	2.0
8.679750442504883	nan	2.0
8.69370722770691	nan	2.0
8.707075834274292	nan	2.0
8.720901012420654	nan	2.0
8.733784437179565	nan	2.0
8.746534585952759	nan	2.0
8.76208758354187	nan	2.0
8.775022983551025	nan	2.0
8.790976285934448	nan	2.0
8.80503249168396	nan	2.0
8.817124366760254	nan	2.0
8.830706596374512	nan	2.0
8.845260381698608	nan	2.0
8.858051061630249	nan	2.0
8.87336540222168	nan	2.0
8.886155366897583	nan	2.0
8.898911952972412	nan	2.0
8.911858558654785	nan	2.0
8.926209688186646	nan	2.0
8.938808679580688	nan	2.0
8.95627212524414	nan	2.0
8.969815969467163	nan	2.0
8.98279857635498	nan	2.0
8.99688196182251	nan	2.0
9.010266065597534	nan	2.0
9.022674083709717	nan	2.0
9.036410808563232	nan	2.0
9.048124551773071	nan	2.0
9.059653997421265	nan	2.0
9.07137417793274	nan	2.0
9.085625410079956	nan	2.0
9.097145795822144	nan	2.0
9.111409187316895	nan	2.0
9.123221158981323	nan	2.0
9.135332822799683	nan	2.0
9.150366306304932	nan	2.0
9.164891719818115	nan	2.0
9.176034450531006	nan	2.0
9.187455415725708	nan	2.0
9.20001769065857	nan	2.0
9.21421194076538	nan	2.0
9.227330923080444	nan	2.0
9.2417893409729	nan	2.0
9.253025531768799	nan	2.0
9.264414072036743	nan	2.0
9.275971412658691	nan	2.0
9.290542125701904	nan	2.0
9.301767826080322	nan	2.0
9.318041801452637	nan	2.0
9.32960319519043	nan	2.0
9.341487646102905	nan	2.0
9.352766752243042	nan	2.0
9.365734338760376	nan	2.0
9.37697458267212	nan	2.0
9.388861656188965	nan	2.0
9.40423846244812	nan	2.0
9.415974378585815	nan	2.0
9.427690505981445	nan	2.0
9.439486026763916	nan	2.0
9.45339035987854	nan	2.0
9.464894533157349	nan	2.0
9.48146653175354	nan	2.0
9.494534015655518	nan	2.0
9.506306171417236	nan	2.0
9.51929497718811	nan	2.0
9.533802509307861	nan	2.0
9.545485019683838	nan	2.0
9.559860944747925	nan	2.0
9.571282148361206	nan	2.0
9.583096265792847	nan	2.0
9.59432077407837	nan	2.0
9.609080791473389	nan	2.0
9.620519638061523	nan	2.0
9.634346008300781	nan	2.0
9.648030757904053	nan	2.0
9.659353494644165	nan	2.0
9.670690298080444	nan	2.0
9.685924530029297	nan	2.0
9.697327613830566	nan	2.0
9.70905351638794	nan	2.0
9.722979307174683	nan	2.0
9.734294176101685	nan	2.0
9.745458364486694	nan	2.0
9.756569862365723	nan	2.0
9.770202398300171	nan	2.0
9.781577348709106	nan	2.0
9.793891668319702	nan	2.0
9.808078050613403	nan	2.0
9.819716691970825	nan	2.0
9.830961227416992	nan	2.0
9.843453645706177	nan	2.0
9.856462478637695	nan	2.0
9.868632793426514	nan	2.0
9.88267970085144	nan	2.0
9.894180536270142	nan	2.0
9.905269145965576	nan	2.0
9.91663122177124	nan	2.0
9.93174409866333	nan	2.0
9.94338846206665	nan	2.0
9.956008434295654	nan	2.0
9.967856884002686	nan	2.0
9.981751203536987	nan	2.0
9.993167877197266	nan	2.0
10.008279085159302	nan	2.0
10.020591735839844	nan	2.0
10.032102823257446	nan	2.0
10.044418334960938	nan	2.0
10.059387683868408	nan	2.0
10.071534633636475	nan	2.0
10.085936546325684	nan	2.0
10.098035097122192	nan	2.0
10.110292911529541	nan	2.0
10.122052907943726	nan	2.0
10.1377534866333	nan	2.0
10.152313709259033	nan	2.0
10.169230699539185	nan	2.0
10.184693098068237	nan	2.0
10.20159387588501	nan	2.0
10.21841835975647	nan	2.0
10.233542919158936	nan	2.0
10.249163389205933	nan	2.0
10.26421332359314	nan	2.0
10.276345491409302	nan	2.0
10.289324045181274	nan	2.0
10.302063226699829	nan	2.0
10.31373929977417	nan	2.0
10.328598499298096	nan	2.0
10.340819835662842	nan	2.0
10.352356433868408	nan	2.0
10.363968849182129	nan	2.0
10.377437591552734	nan	2.0
10.390061855316162	nan	2.0
10.402237892150879	nan	2.0
10.415889024734497	nan	2.0
10.427741765975952	nan	2.0
10.439629077911377	nan	2.0
10.453054189682007	nan	2.0
10.465672492980957	nan	2.0
10.48183798789978	nan	2.0
10.49683427810669	nan	2.0
10.508683681488037	nan	2.0
10.52089548110962	nan	2.0
10.535690307617188	nan	2.0
10.547848224639893	nan	2.0
10.560287475585938	nan	2.0
10.573122024536133	nan	2.0
10.584892272949219	nan	2.0
10.596486806869507	nan	2.0
10.610399961471558	nan	2.0
10.624948263168335	nan	2.0
10.636448383331299	nan	2.0
10.647749900817871	nan	2.0
10.66374921798706	nan	2.0
10.675936698913574	nan	2.0
10.688531160354614	nan	2.0
10.702358961105347	nan	2.0
10.71404767036438	nan	2.0
10.72578763961792	nan	2.0
10.737725257873535	nan	2.0
10.751783609390259	nan	2.0
10.763866662979126	nan	2.0
10.777775049209595	nan	2.0
10.79021668434143	nan	2.0
10.801458597183228	nan	2.0
10.813410758972168	nan	2.0
10.82650375366211	nan	2.0
10.838341474533081	nan	2.0
10.853151559829712	nan	2.0
10.86583662033081	nan	2.0
10.877752542495728	nan	2.0
10.890147924423218	nan	2.0
10.904755115509033	nan	2.0
10.91649317741394	nan	2.0
10.930433988571167	nan	2.0
10.944827795028687	nan	2.0
10.958525657653809	nan	2.0
10.970781087875366	nan	2.0
10.986382722854614	nan	2.0
10.99886703491211	nan	2.0
11.013176202774048	nan	2.0
11.025140523910522	nan	2.0
11.037213325500488	nan	2.0
11.04888105392456	nan	2.0
11.064204692840576	nan	2.0
11.075902938842773	nan	2.0
11.088574886322021	nan	2.0
11.101780891418457	nan	2.0
11.113821983337402	nan	2.0
11.125705003738403	nan	2.0
11.14111328125	nan	2.0
11.156785011291504	nan	2.0
11.171066284179688	nan	2.0
11.1851065158844	nan	2.0
11.196972131729126	nan	2.0
11.209663391113281	nan	2.0
11.224790573120117	nan	2.0
11.238174438476562	nan	2.0
11.252993822097778	nan	2.0
11.265575885772705	nan	2.0
11.277799606323242	nan	2.0
11.289605379104614	nan	2.0
11.304433107376099	nan	2.0
11.316336393356323	nan	2.0
11.330577373504639	nan	2.0
11.3447105884552	nan	2.0
11.356982469558716	nan	2.0
11.368624925613403	nan	2.0
11.383942604064941	nan	2.0
11.396204710006714	nan	2.0
11.409485340118408	nan	2.0
11.42294192314148	nan	2.0
11.436980485916138	nan	2.0
11.44861626625061	nan	2.0
11.464265823364258	nan	2.0
11.480550050735474	nan	2.0
11.497671604156494	nan	2.0
11.513723850250244	nan	2.0
11.526475191116333	nan	2.0
11.543148040771484	nan	2.0
11.555173635482788	nan	2.0
11.572036504745483	nan	2.0
11.587087392807007	nan	2.0
11.60037112236023	nan	2.0
11.612059831619263	nan	2.0
11.626577377319336	nan	2.0
11.63873028755188	nan	2.0
11.650315523147583	nan	2.0
11.662327289581299	nan	2.0
11.675994873046875	nan	2.0
11.688057899475098	nan	2.0
11.70176911354065	nan	2.0
11.714123725891113	nan	2.0
11.725909948348999	nan	2.0
11.737244844436646	nan	2.0
11.750530242919922	nan	2.0
11.762156009674072	nan	2.0
11.773533344268799	nan	2.0
11.787588596343994	nan	2.0
11.79934287071228	nan	2.0
11.811183452606201	nan	2.0
11.823284387588501	nan	2.0
11.83687686920166	nan	2.0
11.848865985870361	nan	2.0
11.864336013793945	nan	2.0
11.876065969467163	nan	2.0
11.887837171554565	nan	2.0
11.899491548538208	nan	2.0
11.91476035118103	nan	2.0
11.927359342575073	nan	2.0
11.942165851593018	nan	2.0
11.954956531524658	nan	2.0
11.966400623321533	nan	2.0
11.978118181228638	nan	2.0
11.99207854270935	nan	2.0
12.004400253295898	nan	2.0
12.017580032348633	nan	2.0
12.031919717788696	nan	2.0
12.04370665550232	nan	2.0
12.055953025817871	nan	2.0
12.069371461868286	nan	2.0
12.082763195037842	nan	2.0
12.095341682434082	nan	2.0
12.108660459518433	nan	2.0
12.120657920837402	nan	2.0
12.133252620697021	nan	2.0
12.14629602432251	nan	2.0
12.16172456741333	nan	2.0
12.174235820770264	nan	2.0
12.186846733093262	nan	2.0
12.202355861663818	nan	2.0
12.215541124343872	nan	2.0
12.230672836303711	nan	2.0
12.242851972579956	nan	2.0
12.254153966903687	nan	2.0
12.265732765197754	nan	2.0
12.281051874160767	nan	2.0
12.293141603469849	nan	2.0
12.305806875228882	nan	2.0
12.319440841674805	nan	2.0
12.33154845237732	nan	2.0
12.34427547454834	nan	2.0
12.359214305877686	nan	2.0
12.371366262435913	nan	2.0
12.383588075637817	nan	2.0
12.397330284118652	nan	2.0
12.410098552703857	nan	2.0
12.421828985214233	nan	2.0
12.434362411499023	nan	2.0
12.447910785675049	nan	2.0
12.460439205169678	nan	2.0
12.47710371017456	nan	2.0
12.491981029510498	nan	2.0
12.503905773162842	nan	2.0
12.518619298934937	nan	2.0
12.530929803848267	nan	2.0
12.54347538948059	nan	2.0
12.556983232498169	nan	2.0
12.569111585617065	nan	2.0
12.5809326171875	nan	2.0
12.593560695648193	nan	2.0
12.608292818069458	nan	2.0
12.620672941207886	nan	2.0
12.63456392288208	nan	2.0
12.646782398223877	nan	2.0
12.658847570419312	nan	2.0
12.671880722045898	nan	2.0
12.686785459518433	nan	2.0
12.698847532272339	nan	2.0
12.71317172050476	nan	2.0
12.725600004196167	nan	2.0
12.737958431243896	nan	2.0
12.75099802017212	nan	2.0
12.766534090042114	nan	2.0
12.779308795928955	nan	2.0
12.793843984603882	nan	2.0
12.80628514289856	nan	2.0
12.819931030273438	nan	2.0
12.835147142410278	nan	2.0
12.848713874816895	nan	2.0
12.860530138015747	nan	2.0
12.875019550323486	nan	2.0
12.886997699737549	nan	2.0
12.900128602981567	nan	2.0
12.912341117858887	nan	2.0
12.927058219909668	nan	2.0
12.93924593925476	nan	2.0
12.95098876953125	nan	2.0
12.96698260307312	nan	2.0
12.979249238967896	nan	2.0
12.99149465560913	nan	2.0
13.00648832321167	nan	2.0
13.018725156784058	nan	2.0
13.031226634979248	nan	2.0
13.048126459121704	nan	2.0
13.06081247329712	nan	2.0
13.074289321899414	nan	2.0
13.094133377075195	nan	2.0
13.10875916481018	nan	2.0
13.123029947280884	nan	2.0
13.139124155044556	nan	2.0
13.154748439788818	nan	2.0
13.170590162277222	nan	2.0
13.187341213226318	nan	2.0
13.202971935272217	nan	2.0
13.221680402755737	nan	2.0
13.240571975708008	nan	2.0
13.260390996932983	nan	2.0
13.279434204101562	nan	2.0
13.29644513130188	nan	2.0
13.313018560409546	nan	2.0
13.32885479927063	nan	2.0
13.341686725616455	nan	2.0
13.353927373886108	nan	2.0
13.371463060379028	nan	2.0
13.384262800216675	nan	2.0
13.398589134216309	nan	2.0
13.410989046096802	nan	2.0
13.423444986343384	nan	2.0
13.435945749282837	nan	2.0
13.44942593574524	nan	2.0
13.46165943145752	nan	2.0
13.478009462356567	nan	2.0
13.491652250289917	nan	2.0
13.50442123413086	nan	2.0
13.515754222869873	nan	2.0
13.531476974487305	nan	2.0
13.543694972991943	nan	2.0
13.557584047317505	nan	2.0
13.570848941802979	nan	2.0
13.582712650299072	nan	2.0
13.59486436843872	nan	2.0
13.608934164047241	nan	2.0
13.620607614517212	nan	2.0
13.634364604949951	nan	2.0
13.648349046707153	nan	2.0
13.664778470993042	nan	2.0
13.68060851097107	nan	2.0
13.698476314544678	nan	2.0
13.715341806411743	nan	2.0
13.735866785049438	nan	2.0
13.754603862762451	nan	2.0
13.772098064422607	nan	2.0
13.791158437728882	nan	2.0
13.809200286865234	nan	2.0
13.8254075050354	nan	2.0
13.841179370880127	nan	2.0
13.858068943023682	nan	2.0
13.875413179397583	nan	2.0
13.895028114318848	nan	2.0
13.916444063186646	nan	2.0
13.937192916870117	nan	2.0
13.956384420394897	nan	2.0
13.972647190093994	nan	2.0
13.987502336502075	nan	2.0
14.001479387283325	nan	2.0
14.01591157913208	nan	2.0
14.02916693687439	nan	2.0
14.047140121459961	nan	2.0
14.065523386001587	nan	2.0
14.082115650177002	nan	2.0
14.100679874420166	nan	2.0
14.11793303489685	nan	2.0
14.135801553726196	nan	2.0
14.150523662567139	nan	2.0
14.169499158859253	nan	2.0
14.182324886322021	nan	2.0
14.194932222366333	nan	2.0
14.209069967269897	nan	2.0
14.226068258285522	nan	2.0
14.24048638343811	nan	2.0
14.254212617874146	nan	2.0
14.266439199447632	nan	2.0
14.278805017471313	nan	2.0
14.294286727905273	nan	2.0
14.307052373886108	nan	2.0
14.320155143737793	nan	2.0
14.335030794143677	nan	2.0
14.3484525680542	nan	2.0
14.361522197723389	nan	2.0
14.37639570236206	nan	2.0
14.389906883239746	nan	2.0
14.405203342437744	nan	2.0
14.425474882125854	nan	2.0
14.439390897750854	nan	2.0
14.454962253570557	nan	2.0
14.469495058059692	nan	2.0
14.483482837677002	nan	2.0
14.501449346542358	nan	2.0
14.51647400856018	nan	2.0
14.534674167633057	nan	2.0
14.551886320114136	nan	2.0
14.569873094558716	nan	2.0
14.587616920471191	nan	2.0
14.600478172302246	nan	2.0
14.615632772445679	nan	2.0
14.628165006637573	nan	2.0
14.640456676483154	nan	2.0
14.655632019042969	nan	2.0
14.674955606460571	nan	2.0
14.696470260620117	nan	2.0
14.712854862213135	nan	2.0
14.726438045501709	nan	2.0
14.739744663238525	nan	2.0
14.754422426223755	nan	2.0
14.76850414276123	nan	2.0
14.784038066864014	nan	2.0
14.80271601676941	nan	2.0
14.821272134780884	nan	2.0
14.838926553726196	nan	2.0
14.858922243118286	nan	2.0
14.873647451400757	nan	2.0
14.888192415237427	nan	2.0
14.906184196472168	nan	2.0
14.922382116317749	nan	2.0
14.940001726150513	nan	2.0
14.9539635181427	nan	2.0
14.967698812484741	nan	2.0
14.98624038696289	nan	2.0
15.000929117202759	nan	2.0
15.020332098007202	nan	2.0
15.039889574050903	nan	2.0
15.05871295928955	nan	2.0
15.075135469436646	nan	2.0
15.090002059936523	nan	2.0
15.10479187965393	nan	2.0
15.118948936462402	nan	2.0
15.13794493675232	nan	2.0
15.154362201690674	nan	2.0
15.171329259872437	nan	2.0
15.186015844345093	nan	2.0
15.200811862945557	nan	2.0
15.21437382698059	nan	2.0
15.229460954666138	nan	2.0
15.244304895401001	nan	2.0
15.263362169265747	nan	2.0
15.278332233428955	nan	2.0
15.293172121047974	nan	2.0
15.310104846954346	nan	2.0
15.328460454940796	nan	2.0
15.351977825164795	nan	2.0
15.37969446182251	nan	2.0
15.401997804641724	nan	2.0
15.42779278755188	nan	2.0
15.451467514038086	nan	2.0
15.472858190536499	nan	2.0
15.492085456848145	nan	2.0
15.51462984085083	nan	2.0
15.535082340240479	nan	2.0
15.54990291595459	nan	2.0
15.56821322441101	nan	2.0
15.588444709777832	nan	2.0
15.602704763412476	nan	2.0
15.619529962539673	nan	2.0
15.639374494552612	nan	2.0
15.657601833343506	nan	2.0
15.674793481826782	nan	2.0
15.695568799972534	nan	2.0
15.711120367050171	nan	2.0
15.728775978088379	nan	2.0
15.74894666671753	nan	2.0
15.772445678710938	nan	2.0
15.79053020477295	nan	2.0
15.804200410842896	nan	2.0
15.81645131111145	nan	2.0
15.831567287445068	nan	2.0
15.844502210617065	nan	2.0
15.858052015304565	nan	2.0
15.873378276824951	nan	2.0
15.886706352233887	nan	2.0
15.899925470352173	nan	2.0
15.914937734603882	nan	2.0
15.930860996246338	nan	2.0
15.947716236114502	nan	2.0
15.964852809906006	nan	2.0
15.985848665237427	nan	2.0
16.008307218551636	nan	2.0
16.029526472091675	nan	2.0
16.050538539886475	nan	2.0
16.081586599349976	nan	2.0
16.104898929595947	nan	2.0
16.126466035842896	nan	2.0
16.149861574172974	nan	2.0
16.173198461532593	nan	2.0
16.193283796310425	nan	2.0
16.22117018699646	nan	2.0
16.238251209259033	nan	2.0
16.258576154708862	nan	2.0
16.27746868133545	nan	2.0
16.292362213134766	nan	2.0
16.312355518341064	nan	2.0
16.3310067653656	nan	2.0
16.352349281311035	nan	2.0
16.37167978286743	nan	2.0
16.39053511619568	nan	2.0
16.407350063323975	nan	2.0
16.430878162384033	nan	2.0
16.454102516174316	nan	2.0
16.47473382949829	nan	2.0
16.496535778045654	nan	2.0
16.512955904006958	nan	2.0
16.529950618743896	nan	2.0
16.54872179031372	nan	2.0
16.566170692443848	nan	2.0
16.587065935134888	nan	2.0
16.60591745376587	nan	2.0
16.62075161933899	nan	2.0
16.636301040649414	nan	2.0
16.652029514312744	nan	2.0
16.666561126708984	nan	2.0
16.685781240463257	nan	2.0
16.70600199699402	nan	2.0
16.72820281982422	nan	2.0
16.752161741256714	nan	2.0
16.775635719299316	nan	2.0
16.797870635986328	nan	2.0
16.822105646133423	nan	2.0
16.844428300857544	nan	2.0
16.8680419921875	nan	2.0
16.892701387405396	nan	2.0
16.913806200027466	nan	2.0
16.9315767288208	nan	2.0
16.946799993515015	nan	2.0
16.966750144958496	nan	2.0
16.986775159835815	nan	2.0
17.006922960281372	nan	2.0
17.031222820281982	nan	2.0
17.05151677131653	nan	2.0
17.067870140075684	nan	2.0
17.084112644195557	nan	2.0
17.09816575050354	nan	2.0
17.110668897628784	nan	2.0
17.12731170654297	nan	2.0
17.14301562309265	nan	2.0
17.161246299743652	nan	2.0
17.18202257156372	nan	2.0
17.198713064193726	nan	2.0
17.217214107513428	nan	2.0
17.233800172805786	nan	2.0
17.25347089767456	nan	2.0
17.27989387512207	nan	2.0
17.301950931549072	nan	2.0
17.322288036346436	nan	2.0
17.341475248336792	nan	2.0
17.35715126991272	nan	2.0
17.37585973739624	nan	2.0
17.391255855560303	nan	2.0
17.408496618270874	nan	2.0
17.423084259033203	nan	2.0
17.44091773033142	nan	2.0
17.46207857131958	nan	2.0
17.4802885055542	nan	2.0
17.49790382385254	nan	2.0
17.514044523239136	nan	2.0
17.5338397026062	nan	2.0
17.550490856170654	nan	2.0
17.569130420684814	nan	2.0
17.587424755096436	nan	2.0
17.605623483657837	nan	2.0
17.621253490447998	nan	2.0
17.638962268829346	nan	2.0
17.656673192977905	nan	2.0
17.67249894142151	nan	2.0
17.689475297927856	nan	2.0
17.708505868911743	nan	2.0
17.730809926986694	nan	2.0
17.75225329399109	nan	2.0
17.771234273910522	nan	2.0
17.78932523727417	nan	2.0
17.809746980667114	nan	2.0
17.833899974822998	nan	2.0
17.850921869277954	nan	2.0
17.869667768478394	nan	2.0
17.888064861297607	nan	2.0
17.90760827064514	nan	2.0
17.93013310432434	nan	2.0
17.948456048965454	nan	2.0
17.967766284942627	nan	2.0
17.98804211616516	nan	2.0
18.007898092269897	nan	2.0
18.0275137424469	nan	2.0
18.04176354408264	nan	2.0
18.05921459197998	nan	2.0
18.077712535858154	nan	2.0
18.098607540130615	nan	2.0
18.12247323989868	nan	2.0
18.138866186141968	nan	2.0
18.152206420898438	nan	2.0
18.17036509513855	nan	2.0
18.186889171600342	nan	2.0
18.200317859649658	nan	2.0
18.21550440788269	nan	2.0
18.23274874687195	nan	2.0
18.247310638427734	nan	2.0
18.264482259750366	nan	2.0
18.287044763565063	nan	2.0
18.30246639251709	nan	2.0
18.315711736679077	nan	2.0
18.3365375995636	nan	2.0
18.35517954826355	nan	2.0
18.37506103515625	nan	2.0
18.390875101089478	nan	2.0
18.408385753631592	nan	2.0
18.424779891967773	nan	2.0
18.44124937057495	nan	2.0
18.455986976623535	nan	2.0
18.47599720954895	nan	2.0
18.491666316986084	nan	2.0
18.50948452949524	nan	2.0
18.535104513168335	nan	2.0
18.549320697784424	nan	2.0
18.567203521728516	nan	2.0
18.58443856239319	nan	2.0
18.59811544418335	nan	2.0
18.61665630340576	nan	2.0
18.63109588623047	nan	2.0
18.645724058151245	nan	2.0
18.66189193725586	nan	2.0
18.676329851150513	nan	2.0
18.690683841705322	nan	2.0
18.71113133430481	nan	2.0
18.72423791885376	nan	2.0
18.74007272720337	nan	2.0
18.753764629364014	nan	2.0
18.768786907196045	nan	2.0
18.785381078720093	nan	2.0
18.80486273765564	nan	2.0
18.821948289871216	nan	2.0
18.84076237678528	nan	2.0
18.85623812675476	nan	2.0
18.86986231803894	nan	2.0
18.883168697357178	nan	2.0
18.89904284477234	nan	2.0
18.915337324142456	nan	2.0
18.930739164352417	nan	2.0
18.94674825668335	nan	2.0
18.96078658103943	nan	2.0
18.978097915649414	nan	2.0
18.99496340751648	nan	2.0
19.008390426635742	nan	2.0
19.021862745285034	nan	2.0
19.039684772491455	nan	2.0
19.061521530151367	nan	2.0
19.08414077758789	nan	2.0
19.104891538619995	nan	2.0
19.124603748321533	nan	2.0
19.147381067276	nan	2.0
19.170759439468384	nan	2.0
19.194298028945923	nan	2.0
19.219805479049683	nan	2.0
19.24333691596985	nan	2.0
19.26684331893921	nan	2.0
19.289790153503418	nan	2.0
19.31771731376648	nan	2.0
19.338624238967896	nan	2.0
19.36047053337097	nan	2.0
19.383630752563477	nan	2.0
19.404736280441284	nan	2.0
19.42662525177002	nan	2.0
19.4474458694458	nan	2.0
19.468567848205566	nan	2.0
19.491423845291138	nan	2.0
19.516749143600464	nan	2.0
19.537184476852417	nan	2.0
19.560101747512817	nan	2.0
19.583409309387207	nan	2.0
19.60465908050537	nan	2.0
19.625309228897095	nan	2.0
19.644948482513428	nan	2.0
19.66733431816101	nan	2.0
19.688711166381836	nan	2.0
19.709773778915405	nan	2.0
19.72947907447815	nan	2.0
19.74825429916382	nan	2.0
19.768953323364258	nan	2.0
19.7898952960968	nan	2.0
19.809168100357056	nan	2.0
19.826491355895996	nan	2.0
19.843520641326904	nan	2.0
19.863051176071167	nan	2.0
19.881242752075195	nan	2.0
19.90183424949646	nan	2.0
19.923139572143555	nan	2.0
19.944411993026733	nan	2.0
19.965925931930542	nan	2.0
19.990090370178223	nan	2.0
20.011244297027588	nan	2.0
20.03191113471985	nan	2.0
20.05377197265625	nan	2.0
20.077443599700928	nan	2.0
20.093584060668945	nan	2.0
20.11347007751465	nan	2.0
20.136932373046875	nan	2.0
20.1591739654541	nan	2.0
20.1799418926239	nan	2.0
20.196856021881104	nan	2.0
20.213122844696045	nan	2.0
20.231640338897705	nan	2.0
20.24781084060669	nan	2.0
20.261998891830444	nan	2.0
20.279486894607544	nan	2.0
20.297072887420654	nan	2.0
20.316017389297485	nan	2.0
20.333940982818604	nan	2.0
20.35918402671814	nan	2.0
20.382716178894043	nan	2.0
20.40847659111023	nan	2.0
20.430823802947998	nan	2.0
20.45870804786682	nan	2.0
20.479737043380737	nan	2.0
20.50662326812744	nan	2.0
20.531601190567017	nan	2.0
20.555168390274048	nan	2.0
20.576979160308838	nan	2.0
20.600948333740234	nan	2.0
20.624698877334595	nan	2.0
20.648186922073364	nan	2.0
20.67073392868042	nan	2.0
20.691425323486328	nan	2.0
20.710718393325806	nan	2.0
20.72876000404358	nan	2.0
20.744129180908203	nan	2.0
20.76158046722412	nan	2.0
20.777928829193115	nan	2.0
20.794744968414307	nan	2.0
20.81393313407898	nan	2.0
20.827319383621216	nan	2.0
20.844329833984375	nan	2.0
20.85991668701172	nan	2.0
20.874870777130127	nan	2.0
20.89109516143799	nan	2.0
20.905003547668457	nan	2.0
20.92176914215088	nan	2.0
20.935709714889526	nan	2.0
20.94910764694214	nan	2.0
20.964654684066772	nan	2.0
20.978588581085205	nan	2.0
20.992679357528687	nan	2.0
21.00696897506714	nan	2.0
21.020788431167603	nan	2.0
21.03412413597107	nan	2.0
21.050060510635376	nan	2.0
21.067033052444458	nan	2.0
21.08863353729248	nan	2.0
21.1049325466156	nan	2.0
21.12055778503418	nan	2.0
21.135488510131836	nan	2.0
21.149102210998535	nan	2.0
21.168165922164917	nan	2.0
21.18825626373291	nan	2.0
21.209699153900146	nan	2.0
21.223344564437866	nan	2.0
21.236494779586792	nan	2.0
21.25324511528015	nan	2.0
21.267507076263428	nan	2.0
21.28223156929016	nan	2.0
21.29898691177368	nan	2.0
21.31268000602722	nan	2.0
21.32657742500305	nan	2.0
21.34172749519348	nan	2.0
21.35502862930298	nan	2.0
21.37271022796631	nan	2.0
21.391419410705566	nan	2.0
21.407341718673706	nan	2.0
21.424182653427124	nan	2.0
21.439565181732178	nan	2.0
21.45571541786194	nan	2.0
21.474714756011963	nan	2.0
21.501128911972046	nan	2.0
21.52158212661743	nan	2.0
21.539509534835815	nan	2.0
21.554284811019897	nan	2.0
21.570087909698486	nan	2.0
21.585989236831665	nan	2.0
21.60033416748047	nan	2.0
21.615906476974487	nan	2.0
21.62909984588623	nan	2.0
21.64251184463501	nan	2.0
21.658766984939575	nan	2.0
21.676398038864136	nan	2.0
21.699504137039185	nan	2.0
21.72027325630188	nan	2.0
21.741682529449463	nan	2.0
21.76760745048523	nan	2.0
21.789449453353882	nan	2.0
21.816094160079956	nan	2.0
21.838424921035767	nan	2.0
21.857869863510132	nan	2.0
21.874908685684204	nan	2.0
21.889209032058716	nan	2.0
21.9065523147583	nan	2.0
21.92143177986145	nan	2.0
21.93784737586975	nan	2.0
21.95174741744995	nan	2.0
21.96473979949951	nan	2.0
21.98065447807312	nan	2.0
21.99414324760437	nan	2.0
22.007323026657104	nan	2.0
22.02315640449524	nan	2.0
22.038662910461426	nan	2.0
22.05808115005493	nan	2.0
22.071829795837402	nan	2.0
22.08493208885193	nan	2.0
22.101189136505127	nan	2.0
22.11548161506653	nan	2.0
22.131404399871826	nan	2.0
22.14577341079712	nan	2.0
22.159335613250732	nan	2.0
22.177692413330078	nan	2.0
22.196849822998047	nan	2.0
22.216094493865967	nan	2.0
22.23445749282837	nan	2.0
22.252321004867554	nan	2.0
22.271844625473022	nan	2.0
22.29098916053772	nan	2.0
22.31087875366211	nan	2.0
22.32648468017578	nan	2.0
22.344064950942993	nan	2.0
22.36043405532837	nan	2.0
22.378300189971924	nan	2.0
22.39508867263794	nan	2.0
22.41070556640625	nan	2.0
22.42914581298828	nan	2.0
22.443333387374878	nan	2.0
22.459254026412964	nan	2.0
22.480275630950928	nan	2.0
22.502808570861816	nan	2.0
22.522188186645508	nan	2.0
22.542015075683594	nan	2.0
22.556648015975952	nan	2.0
22.57026243209839	nan	2.0
22.585713386535645	nan	2.0
22.599418878555298	nan	2.0
22.61638641357422	nan	2.0
22.628717184066772	nan	2.0
22.640852451324463	nan	2.0
22.65287733078003	nan	2.0
22.668158531188965	nan	2.0
22.68033742904663	nan	2.0
22.694932222366333	nan	2.0
22.70715594291687	nan	2.0
22.719330549240112	nan	2.0
22.731478214263916	nan	2.0
22.745896100997925	nan	2.0
22.758039951324463	nan	2.0
22.77041745185852	nan	2.0
22.783499479293823	nan	2.0
22.799785375595093	nan	2.0
22.811612844467163	nan	2.0
22.826008558273315	nan	2.0
22.838095903396606	nan	2.0
22.850468635559082	nan	2.0
22.86443519592285	nan	2.0
22.881646633148193	nan	2.0
22.894222497940063	nan	2.0
22.908418655395508	nan	2.0
22.923290014266968	nan	2.0
22.939050436019897	nan	2.0
22.95587706565857	nan	2.0
22.972224712371826	nan	2.0
22.987425327301025	nan	2.0
23.00234055519104	nan	2.0
23.01418113708496	nan	2.0
23.032280921936035	nan	2.0
23.04992961883545	nan	2.0
23.065182209014893	nan	2.0
23.077537298202515	nan	2.0
23.089495182037354	nan	2.0
23.10208511352539	nan	2.0
23.116035223007202	nan	2.0
23.128007411956787	nan	2.0
23.14279580116272	nan	2.0
23.157191038131714	nan	2.0
23.173587799072266	nan	2.0
23.19265842437744	nan	2.0
23.210716247558594	nan	2.0
23.229594469070435	nan	2.0
23.248239278793335	nan	2.0
23.26803731918335	nan	2.0
23.29073405265808	nan	2.0
23.311096906661987	nan	2.0
23.33089327812195	nan	2.0
23.35281467437744	nan	2.0
23.373544216156006	nan	2.0
23.395663022994995	nan	2.0
23.414241790771484	nan	2.0
23.43494939804077	nan	2.0
23.45119547843933	nan	2.0
23.46799874305725	nan	2.0
23.482818841934204	nan	2.0
23.500547170639038	nan	2.0
23.51932692527771	nan	2.0
23.535528659820557	nan	2.0
23.549678325653076	nan	2.0
23.56626033782959	nan	2.0
23.583289861679077	nan	2.0
23.599555015563965	nan	2.0
23.611923933029175	nan	2.0
23.625402212142944	nan	2.0
23.6427059173584	nan	2.0
23.656293630599976	nan	2.0
23.671632051467896	nan	2.0
23.68373680114746	nan	2.0
23.696825981140137	nan	2.0
23.7089900970459	nan	2.0
23.723767518997192	nan	2.0
23.735162019729614	nan	2.0
23.749736785888672	nan	2.0
23.76161766052246	nan	2.0
23.773764610290527	nan	2.0
23.785418272018433	nan	2.0
23.7994167804718	nan	2.0
23.811459064483643	nan	2.0
23.82493782043457	nan	2.0
23.839659452438354	nan	2.0
23.85162353515625	nan	2.0
23.863828659057617	nan	2.0
23.877572536468506	nan	2.0
23.889780044555664	nan	2.0
23.902034759521484	nan	2.0
23.916297912597656	nan	2.0
23.927929639816284	nan	2.0
23.942615032196045	nan	2.0
23.95595908164978	nan	2.0
23.968749046325684	nan	2.0
23.98040771484375	nan	2.0
23.99556803703308	nan	2.0
24.007823705673218	nan	2.0
24.019433975219727	nan	2.0
24.032001733779907	nan	2.0
24.046828746795654	nan	2.0
24.05920720100403	nan	2.0
24.073737859725952	nan	2.0
24.08578848838806	nan	2.0
24.098101377487183	nan	2.0
24.110252141952515	nan	2.0
24.124833345413208	nan	2.0
24.13797664642334	nan	2.0
24.152044773101807	nan	2.0
24.16396975517273	nan	2.0
24.181763410568237	nan	2.0
24.19808030128479	nan	2.0
24.21443271636963	nan	2.0
24.227843284606934	nan	2.0
24.241609573364258	nan	2.0
24.25627040863037	nan	2.0
24.271026134490967	nan	2.0
24.286891222000122	nan	2.0
24.303467273712158	nan	2.0
24.32116174697876	nan	2.0
24.342623233795166	nan	2.0
24.364219903945923	nan	2.0
24.382156133651733	nan	2.0
24.40614938735962	nan	2.0
24.42655324935913	nan	2.0
24.449368476867676	nan	2.0
24.469977855682373	nan	2.0
24.49015784263611	nan	2.0
24.509730339050293	nan	2.0
24.5329372882843	nan	2.0
24.552243947982788	nan	2.0
24.57210111618042	nan	2.0
24.593475103378296	nan	2.0
24.61496591567993	nan	2.0
24.632776737213135	nan	2.0
24.649831771850586	nan	2.0
24.666090965270996	nan	2.0
24.683602333068848	nan	2.0
24.701732873916626	nan	2.0
24.71464228630066	nan	2.0
24.732821226119995	nan	2.0
24.75107455253601	nan	2.0
24.767186403274536	nan	2.0
24.78081774711609	nan	2.0
24.794686794281006	nan	2.0
24.811111450195312	nan	2.0
24.82533860206604	nan	2.0
24.84233283996582	nan	2.0
24.859403371810913	nan	2.0
24.873000621795654	nan	2.0
24.889846801757812	nan	2.0
24.907240629196167	nan	2.0
24.924403190612793	nan	2.0
24.944361448287964	nan	2.0
24.962928295135498	nan	2.0
24.98150396347046	nan	2.0
24.995416402816772	nan	2.0
25.009318351745605	nan	2.0
25.024183988571167	nan	2.0
25.037861824035645	nan	2.0
25.054627180099487	nan	2.0
25.068318605422974	nan	2.0
25.083214044570923	nan	2.0
25.0985426902771	nan	2.0
25.113858938217163	nan	2.0
25.128746509552002	nan	2.0
25.142786979675293	nan	2.0
25.155229091644287	nan	2.0
25.169695138931274	nan	2.0
25.188300609588623	nan	2.0
25.204758882522583	nan	2.0
25.218859434127808	nan	2.0
25.235454320907593	nan	2.0
25.251712799072266	nan	2.0
25.26857352256775	nan	2.0
25.286720514297485	nan	2.0
25.30399513244629	nan	2.0
25.318382501602173	nan	2.0
25.3326678276062	nan	2.0
25.348944902420044	nan	2.0
25.36574363708496	nan	2.0
25.38202166557312	nan	2.0
25.398409128189087	nan	2.0
25.418471336364746	nan	2.0
25.438135147094727	nan	2.0
25.456021547317505	nan	2.0
25.470707893371582	nan	2.0
25.486572980880737	nan	2.0
25.50236988067627	nan	2.0
25.51574945449829	nan	2.0
25.531680583953857	nan	2.0
25.544995069503784	nan	2.0
25.557230949401855	nan	2.0
25.571074724197388	nan	2.0
25.587273836135864	nan	2.0
25.60147190093994	nan	2.0
25.617411851882935	nan	2.0
25.630598783493042	nan	2.0
25.644078016281128	nan	2.0
25.65830397605896	nan	2.0
25.6715145111084	nan	2.0
25.686633586883545	nan	2.0
25.699172973632812	nan	2.0
25.71215057373047	nan	2.0
25.725314378738403	nan	2.0
25.73997449874878	nan	2.0
25.752732753753662	nan	2.0
25.764909982681274	nan	2.0
25.77726411819458	nan	2.0
25.791897773742676	nan	2.0
25.80469799041748	nan	2.0
25.819028854370117	nan	2.0
25.831523180007935	nan	2.0
25.843685388565063	nan	2.0
25.857665061950684	nan	2.0
25.872318744659424	nan	2.0
25.8844997882843	nan	2.0
25.8995680809021	nan	2.0
25.913864612579346	nan	2.0
25.92722201347351	nan	2.0
25.942081689834595	nan	2.0
25.956907033920288	nan	2.0
25.974120378494263	nan	2.0
25.988372802734375	nan	2.0
26.002195119857788	nan	2.0
26.017440795898438	nan	2.0
26.030673503875732	nan	2.0
26.043755054473877	nan	2.0
26.057360887527466	nan	2.0
26.07224416732788	nan	2.0
26.085129499435425	nan	2.0
26.09869933128357	nan	2.0
26.11249852180481	nan	2.0
26.125213861465454	nan	2.0
26.13977074623108	nan	2.0
26.153401613235474	nan	2.0
26.16673707962036	nan	2.0
26.18357801437378	nan	2.0
26.20027446746826	nan	2.0
26.218575716018677	nan	2.0
26.236204147338867	nan	2.0
26.25708031654358	nan	2.0
26.27625346183777	nan	2.0
26.29725193977356	nan	2.0
26.3152277469635	nan	2.0
26.33000373840332	nan	2.0
26.34823441505432	nan	2.0
26.361681938171387	nan	2.0
26.376766681671143	nan	2.0
26.389434814453125	nan	2.0
26.401426076889038	nan	2.0
26.41703176498413	nan	2.0
26.430246353149414	nan	2.0
26.443190813064575	nan	2.0
26.457709312438965	nan	2.0
26.470415353775024	nan	2.0
26.487127542495728	nan	2.0
26.505207777023315	nan	2.0
26.523143768310547	nan	2.0
26.540486097335815	nan	2.0
26.557195901870728	nan	2.0
26.57392191886902	nan	2.0
26.59027361869812	nan	2.0
26.605107069015503	nan	2.0
26.617244005203247	nan	2.0
26.63245725631714	nan	2.0
26.644779205322266	nan	2.0
26.657875537872314	nan	2.0
26.671435356140137	nan	2.0
26.68358039855957	nan	2.0
26.695765733718872	nan	2.0
26.71048092842102	nan	2.0
26.72278356552124	nan	2.0
26.737330436706543	nan	2.0
26.752310037612915	nan	2.0
26.765013933181763	nan	2.0
26.777579307556152	nan	2.0
26.79235315322876	nan	2.0
26.80466103553772	nan	2.0
26.818199396133423	nan	2.0
26.831437587738037	nan	2.0
26.844032287597656	nan	2.0
26.85604238510132	nan	2.0
26.87066960334778	nan	2.0
26.882587909698486	nan	2.0
26.895771741867065	nan	2.0
26.908974409103394	nan	2.0
26.921520709991455	nan	2.0
26.933678150177002	nan	2.0
26.94741654396057	nan	2.0
26.961825609207153	nan	2.0
26.974297523498535	nan	2.0
26.98874807357788	nan	2.0
27.00178337097168	nan	2.0
27.014554500579834	nan	2.0
27.02865743637085	nan	2.0
27.041093826293945	nan	2.0
27.054551124572754	nan	2.0
27.06947159767151	nan	2.0
27.0821590423584	nan	2.0
27.09466242790222	nan	2.0
27.1095130443573	nan	2.0
27.12246346473694	nan	2.0
27.135197401046753	nan	2.0
27.14949059486389	nan	2.0
27.16223454475403	nan	2.0
27.175631999969482	nan	2.0
27.192081451416016	nan	2.0
27.20725989341736	nan	2.0
27.22292399406433	nan	2.0
27.23508381843567	nan	2.0
27.247263431549072	nan	2.0
27.259267330169678	nan	2.0
27.27520751953125	nan	2.0
27.28788423538208	nan	2.0
27.300154447555542	nan	2.0
27.313913822174072	nan	2.0
27.328120470046997	nan	2.0
27.340457916259766	nan	2.0
27.354400396347046	nan	2.0
27.36649489402771	nan	2.0
27.378320455551147	nan	2.0
27.391322374343872	nan	2.0
27.408000230789185	nan	2.0
27.424285173416138	nan	2.0
27.43811297416687	nan	2.0
27.450957775115967	nan	2.0
27.463168382644653	nan	2.0
27.47845768928528	nan	2.0
27.49446940422058	nan	2.0
27.510040998458862	nan	2.0
27.522719860076904	nan	2.0
27.53458333015442	nan	2.0
27.54697895050049	nan	2.0
27.56158208847046	nan	2.0
27.581223964691162	nan	2.0
27.605151653289795	nan	2.0
27.626192092895508	nan	2.0
27.64940094947815	nan	2.0
27.671138763427734	nan	2.0
27.686837434768677	nan	2.0
27.701647520065308	nan	2.0
27.718205213546753	nan	2.0
27.731805562973022	nan	2.0
27.744152069091797	nan	2.0
27.75819754600525	nan	2.0
27.770138025283813	nan	2.0
27.782882690429688	nan	2.0
27.79684019088745	nan	2.0
27.810407400131226	nan	2.0
27.82356309890747	nan	2.0
27.838118076324463	nan	2.0
27.850295305252075	nan	2.0
27.862467765808105	nan	2.0
27.87764000892639	nan	2.0
27.891175508499146	nan	2.0
27.90515375137329	nan	2.0
27.920239448547363	nan	2.0
27.93284010887146	nan	2.0
27.94616413116455	nan	2.0
27.96085524559021	nan	2.0
27.974101781845093	nan	2.0
27.98939085006714	nan	2.0
28.00417923927307	nan	2.0
28.01824975013733	nan	2.0
28.032611846923828	nan	2.0
28.04753088951111	nan	2.0
28.060624599456787	nan	2.0
28.07363796234131	nan	2.0
28.088815689086914	nan	2.0
28.10408306121826	nan	2.0
28.118770360946655	nan	2.0
28.131900310516357	nan	2.0
28.14505124092102	nan	2.0
28.15791964530945	nan	2.0
28.172672748565674	nan	2.0
28.186740159988403	nan	2.0
28.203133583068848	nan	2.0
28.219321489334106	nan	2.0
28.236342191696167	nan	2.0
28.253422260284424	nan	2.0
28.270225763320923	nan	2.0
28.287603855133057	nan	2.0
28.304706811904907	nan	2.0
28.321006536483765	nan	2.0
28.335445880889893	nan	2.0
28.348374605178833	nan	2.0
28.36302924156189	nan	2.0
28.3762047290802	nan	2.0
28.388701915740967	nan	2.0
28.402517795562744	nan	2.0
28.416873693466187	nan	2.0
28.430402517318726	nan	2.0
28.445417881011963	nan	2.0
28.457412004470825	nan	2.0
28.470056533813477	nan	2.0
28.484972715377808	nan	2.0
28.501444816589355	nan	2.0
28.51470398902893	nan	2.0
28.528839111328125	nan	2.0
28.54131007194519	nan	2.0
28.55363965034485	nan	2.0
28.570324182510376	nan	2.0
28.583105325698853	nan	2.0
28.596944570541382	nan	2.0
28.610352754592896	nan	2.0
28.622904539108276	nan	2.0
28.635642051696777	nan	2.0
28.650740385055542	nan	2.0
28.662964344024658	nan	2.0
28.678118467330933	nan	2.0
28.691030740737915	nan	2.0
28.702706575393677	nan	2.0
28.714829683303833	nan	2.0
28.730207443237305	nan	2.0
28.742653608322144	nan	2.0
28.75473141670227	nan	2.0
28.767237663269043	nan	2.0
28.7804274559021	nan	2.0
28.792351245880127	nan	2.0
28.80751919746399	nan	2.0
28.820512533187866	nan	2.0
28.832653760910034	nan	2.0
28.844743251800537	nan	2.0
28.859979391098022	nan	2.0
28.872008085250854	nan	2.0
28.886170864105225	nan	2.0
28.898852825164795	nan	2.0
28.91103172302246	nan	2.0
28.923243045806885	nan	2.0
28.93781018257141	nan	2.0
28.95118761062622	nan	2.0
28.9653058052063	nan	2.0
28.977635622024536	nan	2.0
28.989956855773926	nan	2.0
29.001914739608765	nan	2.0
29.017196655273438	nan	2.0
29.029468297958374	nan	2.0
29.043415546417236	nan	2.0
29.056040048599243	nan	2.0
29.068094730377197	nan	2.0
29.08051037788391	nan	2.0
29.096012353897095	nan	2.0
29.108967542648315	nan	2.0
29.12325406074524	nan	2.0
29.136203289031982	nan	2.0
29.14925980567932	nan	2.0
29.161332368850708	nan	2.0
29.177520990371704	nan	2.0
29.19393491744995	nan	2.0
29.211451768875122	nan	2.0
29.22461247444153	nan	2.0
29.23633050918579	nan	2.0
29.250224351882935	nan	2.0
29.263450860977173	nan	2.0
29.276715993881226	nan	2.0
29.29154372215271	nan	2.0
29.304887294769287	nan	2.0
29.316482305526733	nan	2.0
29.332016706466675	nan	2.0
29.34471845626831	nan	2.0
29.35842490196228	nan	2.0
29.372491121292114	nan	2.0
29.384898900985718	nan	2.0
29.397165060043335	nan	2.0
29.41828441619873	nan	2.0
29.4409122467041	nan	2.0
29.464117527008057	nan	2.0
29.485039710998535	nan	2.0
29.50662064552307	nan	2.0
29.524079084396362	nan	2.0
29.542386531829834	nan	2.0
29.561665296554565	nan	2.0
29.58090901374817	nan	2.0
29.59709334373474	nan	2.0
29.611969232559204	nan	2.0
29.627047061920166	nan	2.0
29.640525102615356	nan	2.0
29.654509782791138	nan	2.0
29.667407751083374	nan	2.0
29.679941654205322	nan	2.0
29.692352533340454	nan	2.0
29.707636833190918	nan	2.0
29.72123622894287	nan	2.0
29.736486673355103	nan	2.0
29.750268936157227	nan	2.0
29.76288151741028	nan	2.0
29.77530550956726	nan	2.0
29.78853678703308	nan	2.0
29.801422595977783	nan	2.0
29.814634323120117	nan	2.0
29.826696634292603	nan	2.0
29.839903354644775	nan	2.0
29.856677532196045	nan	2.0
29.87127947807312	nan	2.0
29.883321523666382	nan	2.0
29.898104667663574	nan	2.0
29.910248517990112	nan	2.0
29.921926498413086	nan	2.0
29.936969757080078	nan	2.0
29.950548887252808	nan	2.0
29.962998628616333	nan	2.0
29.977439403533936	nan	2.0
29.989293098449707	nan	2.0
30.00063991546631	nan	2.0
30.014890432357788	nan	2.0
30.03016972541809	nan	2.0
30.0461106300354	nan	2.0
30.06000280380249	nan	2.0
30.07289958000183	nan	2.0
30.085349798202515	nan	2.0
30.102701425552368	nan	2.0
30.11810064315796	nan	2.0
30.134584665298462	nan	2.0
30.148585081100464	nan	2.0
30.16261386871338	nan	2.0
30.175102710723877	nan	2.0
30.191593885421753	nan	2.0
30.207420587539673	nan	2.0
30.224361658096313	nan	2.0
30.238315105438232	nan	2.0
30.252308130264282	nan	2.0
30.268455266952515	nan	2.0
30.282325983047485	nan	2.0
30.29890203475952	nan	2.0
30.31501603126526	nan	2.0
30.331382513046265	nan	2.0
30.353426694869995	nan	2.0
30.378487586975098	nan	2.0
30.40366530418396	nan	2.0
30.427695989608765	nan	2.0
30.443623781204224	nan	2.0
30.462640047073364	nan	2.0
30.48300290107727	nan	2.0
30.505561590194702	nan	2.0
30.526787281036377	nan	2.0
30.549297094345093	nan	2.0
30.570924997329712	nan	2.0
30.594396352767944	nan	2.0
30.61629605293274	nan	2.0
30.63798761367798	nan	2.0
30.660276412963867	nan	2.0
30.68165683746338	nan	2.0
30.700454235076904	nan	2.0
30.717534065246582	nan	2.0
30.732155084609985	nan	2.0
30.747945547103882	nan	2.0
30.76063323020935	nan	2.0
30.77385401725769	nan	2.0
30.788135766983032	nan	2.0
30.80194926261902	nan	2.0
30.815014123916626	nan	2.0
30.82958984375	nan	2.0
30.84276556968689	nan	2.0
30.85597014427185	nan	2.0
30.870917558670044	nan	2.0
30.883423328399658	nan	2.0
30.896070957183838	nan	2.0
30.909823894500732	nan	2.0
30.922584772109985	nan	2.0
30.938785314559937	nan	2.0
30.95789122581482	nan	2.0
30.972183227539062	nan	2.0
30.988052368164062	nan	2.0
31.001586198806763	nan	2.0
31.01430869102478	nan	2.0
31.02975845336914	nan	2.0
31.045225143432617	nan	2.0
31.059657335281372	nan	2.0
31.076852083206177	nan	2.0
31.09244966506958	nan	2.0
31.109128952026367	nan	2.0
31.124309062957764	nan	2.0
31.13815975189209	nan	2.0
31.15168857574463	nan	2.0
31.167600631713867	nan	2.0
31.183177709579468	nan	2.0
31.201390027999878	nan	2.0
31.217918157577515	nan	2.0
31.235904455184937	nan	2.0
31.254456520080566	nan	2.0
31.270864963531494	nan	2.0
31.28828001022339	nan	2.0
31.304128885269165	nan	2.0
31.321370840072632	nan	2.0
31.335902214050293	nan	2.0
31.352432250976562	nan	2.0
31.367480993270874	nan	2.0
31.380309343338013	nan	2.0
31.395836353302002	nan	2.0
31.411874294281006	nan	2.0
31.429205656051636	nan	2.0
31.444106101989746	nan	2.0
31.456963300704956	nan	2.0
31.471922874450684	nan	2.0
31.490343809127808	nan	2.0
31.507846355438232	nan	2.0
31.52150321006775	nan	2.0
31.53480887413025	nan	2.0
31.547831058502197	nan	2.0
31.563167095184326	nan	2.0
31.5767080783844	nan	2.0
31.592917919158936	nan	2.0
31.606815338134766	nan	2.0
31.620214700698853	nan	2.0
31.63437056541443	nan	2.0
31.65179181098938	nan	2.0
31.66691756248474	nan	2.0
31.681063890457153	nan	2.0
31.69437551498413	nan	2.0
31.710307359695435	nan	2.0
31.72427797317505	nan	2.0
31.736709117889404	nan	2.0
31.751213788986206	nan	2.0
31.763316869735718	nan	2.0
31.777376890182495	nan	2.0
31.790995597839355	nan	2.0
31.804609060287476	nan	2.0
31.81659770011902	nan	2.0
31.828614473342896	nan	2.0
31.844767332077026	nan	2.0
31.858150959014893	nan	2.0
31.873347282409668	nan	2.0
31.88766312599182	nan	2.0
31.900317668914795	nan	2.0
31.913373947143555	nan	2.0
31.928306579589844	nan	2.0
31.940887689590454	nan	2.0
31.95586848258972	nan	2.0
31.969266176223755	nan	2.0
31.981598138809204	nan	2.0
31.995132446289062	nan	2.0
32.01056265830994	nan	2.0
32.02494192123413	nan	2.0
32.04070425033569	nan	2.0
32.05407214164734	nan	2.0
32.06633472442627	nan	2.0
32.07917928695679	nan	2.0
32.09392857551575	nan	2.0
32.10699391365051	nan	2.0
32.12202215194702	nan	2.0
32.13545060157776	nan	2.0
32.14828944206238	nan	2.0
32.16181659698486	nan	2.0
32.1756374835968	nan	2.0
32.191237926483154	nan	2.0
32.208526611328125	nan	2.0
32.22349762916565	nan	2.0
32.240827798843384	nan	2.0
32.26194143295288	nan	2.0
32.281452894210815	nan	2.0
32.30015444755554	nan	2.0
32.31720852851868	nan	2.0
32.33452033996582	nan	2.0
32.347875356674194	nan	2.0
32.36431908607483	nan	2.0
32.37769889831543	nan	2.0
32.390721559524536	nan	2.0
32.408267974853516	nan	2.0
32.422757148742676	nan	2.0
32.43882346153259	nan	2.0
32.45257902145386	nan	2.0
32.4658203125	nan	2.0
32.4800705909729	nan	2.0
32.500901222229004	nan	2.0
32.519601345062256	nan	2.0
32.5370614528656	nan	2.0
32.55077385902405	nan	2.0
32.56853246688843	nan	2.0
32.58567023277283	nan	2.0
32.59908843040466	nan	2.0
32.61734747886658	nan	2.0
32.63094186782837	nan	2.0
32.64747881889343	nan	2.0
32.663710832595825	nan	2.0
32.678749799728394	nan	2.0
32.69693565368652	nan	2.0
32.71244287490845	nan	2.0
32.72954273223877	nan	2.0
32.74529576301575	nan	2.0
32.7599835395813	nan	2.0
32.77783679962158	nan	2.0
32.792171478271484	nan	2.0
32.80955767631531	nan	2.0
32.824835538864136	nan	2.0
32.83890652656555	nan	2.0
32.85659646987915	nan	2.0
32.87031054496765	nan	2.0
32.88644981384277	nan	2.0
32.9005172252655	nan	2.0
32.915239572525024	nan	2.0
32.92894148826599	nan	2.0
32.9442834854126	nan	2.0
32.957467794418335	nan	2.0
32.97228288650513	nan	2.0
32.9858763217926	nan	2.0
32.99938201904297	nan	2.0
33.01396298408508	nan	2.0
33.02775287628174	nan	2.0
33.044342041015625	nan	2.0
33.05772638320923	nan	2.0
33.07111930847168	nan	2.0
33.08513426780701	nan	2.0
33.100257396698	nan	2.0
33.11574721336365	nan	2.0
33.12980365753174	nan	2.0
33.1438467502594	nan	2.0
33.156986474990845	nan	2.0
33.173826932907104	nan	2.0
33.18856358528137	nan	2.0
33.20485782623291	nan	2.0
33.22320342063904	nan	2.0
33.23862385749817	nan	2.0
33.25553798675537	nan	2.0
33.269248485565186	nan	2.0
33.281758546829224	nan	2.0
33.29674959182739	nan	2.0
33.31086039543152	nan	2.0
33.324787616729736	nan	2.0
33.33985948562622	nan	2.0
33.35319209098816	nan	2.0
33.36635637283325	nan	2.0
33.38134217262268	nan	2.0
33.394758224487305	nan	2.0
33.40904951095581	nan	2.0
33.42422437667847	nan	2.0
33.43799614906311	nan	2.0
33.451165199279785	nan	2.0
33.4672532081604	nan	2.0
33.48035669326782	nan	2.0
33.499229431152344	nan	2.0
33.515056848526	nan	2.0
33.52828598022461	nan	2.0
33.54374980926514	nan	2.0
33.55970740318298	nan	2.0
33.57984900474548	nan	2.0
33.59940838813782	nan	2.0
33.62363648414612	nan	2.0
33.64714026451111	nan	2.0
33.665560245513916	nan	2.0
33.6804940700531	nan	2.0
33.69561171531677	nan	2.0
33.71238350868225	nan	2.0
33.72729516029358	nan	2.0
33.744301557540894	nan	2.0
33.75767254829407	nan	2.0
33.771708965301514	nan	2.0
33.788384199142456	nan	2.0
33.80224871635437	nan	2.0
33.81832575798035	nan	2.0
33.83243799209595	nan	2.0
33.84669637680054	nan	2.0
33.860801219940186	nan	2.0
33.874072551727295	nan	2.0
33.88895773887634	nan	2.0
33.904162883758545	nan	2.0
33.91720366477966	nan	2.0
33.93028163909912	nan	2.0
33.94664144515991	nan	2.0
33.95941877365112	nan	2.0
33.97489047050476	nan	2.0
33.98836660385132	nan	2.0
34.001370906829834	nan	2.0
34.0151903629303	nan	2.0
34.02938103675842	nan	2.0
34.04309701919556	nan	2.0
34.05570602416992	nan	2.0
34.07101511955261	nan	2.0
34.084739208221436	nan	2.0
34.09956979751587	nan	2.0
34.11341118812561	nan	2.0
34.125945806503296	nan	2.0
34.13889217376709	nan	2.0
34.15433192253113	nan	2.0
34.16735124588013	nan	2.0
34.18186688423157	nan	2.0
34.19912767410278	nan	2.0
34.21686339378357	nan	2.0
34.23476839065552	nan	2.0
34.25132393836975	nan	2.0
34.26791334152222	nan	2.0
34.285176038742065	nan	2.0
34.30236506462097	nan	2.0
34.31833100318909	nan	2.0
34.3343231678009	nan	2.0
34.35015892982483	nan	2.0
34.36394262313843	nan	2.0
34.37721848487854	nan	2.0
34.395916223526	nan	2.0
34.411683320999146	nan	2.0
34.427212715148926	nan	2.0
34.44062304496765	nan	2.0
34.45404410362244	nan	2.0
34.47018122673035	nan	2.0
34.48671197891235	nan	2.0
34.50353765487671	nan	2.0
34.51860761642456	nan	2.0
34.533071994781494	nan	2.0
34.548651456832886	nan	2.0
34.56481099128723	nan	2.0
34.579756021499634	nan	2.0
34.595317125320435	nan	2.0
34.609339237213135	nan	2.0
34.62500739097595	nan	2.0
34.64184832572937	nan	2.0
34.65816617012024	nan	2.0
34.675408124923706	nan	2.0
34.69044876098633	nan	2.0
34.70489692687988	nan	2.0
34.72081923484802	nan	2.0
34.734952449798584	nan	2.0
34.75067067146301	nan	2.0
34.76425743103027	nan	2.0
34.77754759788513	nan	2.0
34.792482137680054	nan	2.0
34.80531287193298	nan	2.0
34.818317890167236	nan	2.0
34.83171010017395	nan	2.0
34.845919609069824	nan	2.0
34.85828709602356	nan	2.0
34.87401533126831	nan	2.0
34.886502504348755	nan	2.0
34.89954400062561	nan	2.0
34.91345739364624	nan	2.0
34.92747902870178	nan	2.0
34.94000506401062	nan	2.0
34.95442199707031	nan	2.0
34.96698188781738	nan	2.0
34.97974681854248	nan	2.0
34.99282217025757	nan	2.0
35.00712180137634	nan	2.0
35.019784450531006	nan	2.0
35.034213066101074	nan	2.0
35.04737067222595	nan	2.0
35.05983853340149	nan	2.0
35.0742609500885	nan	2.0
35.08874464035034	nan	2.0
35.10211753845215	nan	2.0
35.11761021614075	nan	2.0
35.13035988807678	nan	2.0
35.14708399772644	nan	2.0
35.166014432907104	nan	2.0
35.18039846420288	nan	2.0
35.19706153869629	nan	2.0
35.21443271636963	nan	2.0
35.22705101966858	nan	2.0
35.241798877716064	nan	2.0
35.2545006275177	nan	2.0
35.268978118896484	nan	2.0
35.282816886901855	nan	2.0
35.295756101608276	nan	2.0
35.308462619781494	nan	2.0
35.32757306098938	nan	2.0
35.34364676475525	nan	2.0
35.35991978645325	nan	2.0
35.373714447021484	nan	2.0
35.38870692253113	nan	2.0
35.40545964241028	nan	2.0
35.419575929641724	nan	2.0
35.43604230880737	nan	2.0
35.4506516456604	nan	2.0
35.46440076828003	nan	2.0
35.480494260787964	nan	2.0
35.49714732170105	nan	2.0
35.515151262283325	nan	2.0
35.53031039237976	nan	2.0
35.548829793930054	nan	2.0
35.566086769104004	nan	2.0
35.5839319229126	nan	2.0
35.60208702087402	nan	2.0
35.61982226371765	nan	2.0
35.63566303253174	nan	2.0
35.65057063102722	nan	2.0
35.663978576660156	nan	2.0
35.677669048309326	nan	2.0
35.69250440597534	nan	2.0
35.70677208900452	nan	2.0
35.72081804275513	nan	2.0
35.733439207077026	nan	2.0
35.74742817878723	nan	2.0
35.76441812515259	nan	2.0
35.778501749038696	nan	2.0
35.79453945159912	nan	2.0
35.81061887741089	nan	2.0
35.824832916259766	nan	2.0
35.83893394470215	nan	2.0
35.85367202758789	nan	2.0
35.8678617477417	nan	2.0
35.883633852005005	nan	2.0
35.896666526794434	nan	2.0
35.91041135787964	nan	2.0
35.92666172981262	nan	2.0
35.94010949134827	nan	2.0
35.95565056800842	nan	2.0
35.97035622596741	nan	2.0
35.983948707580566	nan	2.0
35.99821901321411	nan	2.0
36.014092206954956	nan	2.0
36.02720880508423	nan	2.0
36.04204082489014	nan	2.0
36.05588150024414	nan	2.0
36.06942272186279	nan	2.0
36.08455801010132	nan	2.0
36.098172664642334	nan	2.0
36.113449573516846	nan	2.0
36.12823247909546	nan	2.0
36.14172649383545	nan	2.0
36.15456199645996	nan	2.0
36.16944932937622	nan	2.0
36.18258237838745	nan	2.0
36.198400020599365	nan	2.0
36.21357798576355	nan	2.0
36.228580713272095	nan	2.0
36.244473695755005	nan	2.0
36.2581307888031	nan	2.0
36.27175307273865	nan	2.0
36.28741383552551	nan	2.0
36.30048060417175	nan	2.0
36.31446647644043	nan	2.0
36.32976460456848	nan	2.0
36.34379744529724	nan	2.0
36.35674238204956	nan	2.0
36.371888160705566	nan	2.0
36.38619780540466	nan	2.0
36.40142560005188	nan	2.0
36.41648983955383	nan	2.0
36.43007779121399	nan	2.0
36.44438576698303	nan	2.0
36.46120285987854	nan	2.0
36.47603988647461	nan	2.0
36.492979526519775	nan	2.0
36.50955605506897	nan	2.0
36.523930311203	nan	2.0
36.53937864303589	nan	2.0
36.55290722846985	nan	2.0
36.56848335266113	nan	2.0
36.58245038986206	nan	2.0
36.59583830833435	nan	2.0
36.60911536216736	nan	2.0
36.624298334121704	nan	2.0
36.6379816532135	nan	2.0
36.65299153327942	nan	2.0
36.66654372215271	nan	2.0
36.67974400520325	nan	2.0
36.69637393951416	nan	2.0
36.7095148563385	nan	2.0
36.72487497329712	nan	2.0
36.73801827430725	nan	2.0
36.751100063323975	nan	2.0
36.76394057273865	nan	2.0
36.77831220626831	nan	2.0
36.79115390777588	nan	2.0
36.80724334716797	nan	2.0
36.8201379776001	nan	2.0
36.83292055130005	nan	2.0
36.84625244140625	nan	2.0
36.860812187194824	nan	2.0
36.87385058403015	nan	2.0
36.88930940628052	nan	2.0
36.90270972251892	nan	2.0
36.91671133041382	nan	2.0
36.93461751937866	nan	2.0
36.95132660865784	nan	2.0
36.96747422218323	nan	2.0
36.9808509349823	nan	2.0
36.99404716491699	nan	2.0
37.00699710845947	nan	2.0
37.021597385406494	nan	2.0
37.03450918197632	nan	2.0
37.04980659484863	nan	2.0
37.06338405609131	nan	2.0
37.076732873916626	nan	2.0
37.09187126159668	nan	2.0
37.10604381561279	nan	2.0
37.119670391082764	nan	2.0
37.132529497146606	nan	2.0
37.14827561378479	nan	2.0
37.16147208213806	nan	2.0
37.1774320602417	nan	2.0
37.190953731536865	nan	2.0
37.209118366241455	nan	2.0
37.225667238235474	nan	2.0
37.24200177192688	nan	2.0
37.25928211212158	nan	2.0
37.27721071243286	nan	2.0
37.29494619369507	nan	2.0
37.31073880195618	nan	2.0
37.324912786483765	nan	2.0
37.34168601036072	nan	2.0
37.35555958747864	nan	2.0
37.36858677864075	nan	2.0
37.383917570114136	nan	2.0
37.39695167541504	nan	2.0
37.41234040260315	nan	2.0
37.42643857002258	nan	2.0
37.439356565475464	nan	2.0
37.45283579826355	nan	2.0
37.46904540061951	nan	2.0
37.48217415809631	nan	2.0
37.499473094940186	nan	2.0
37.51463961601257	nan	2.0
37.527793884277344	nan	2.0
37.54343056678772	nan	2.0
37.55729389190674	nan	2.0
37.57389211654663	nan	2.0
37.58831715583801	nan	2.0
37.601452112197876	nan	2.0
37.615323305130005	nan	2.0
37.630184173583984	nan	2.0
37.64374756813049	nan	2.0
37.658581256866455	nan	2.0
37.672281980514526	nan	2.0
37.68584847450256	nan	2.0
37.700151443481445	nan	2.0
37.71482801437378	nan	2.0
37.72958064079285	nan	2.0
37.74457931518555	nan	2.0
37.75782513618469	nan	2.0
37.77120590209961	nan	2.0
37.78704643249512	nan	2.0
37.80024075508118	nan	2.0
37.81482124328613	nan	2.0
37.8299503326416	nan	2.0
37.844807863235474	nan	2.0
37.86019015312195	nan	2.0
37.87447381019592	nan	2.0
37.88780379295349	nan	2.0
37.90072751045227	nan	2.0
37.91695976257324	nan	2.0
37.93023943901062	nan	2.0
37.946261167526245	nan	2.0
37.95988440513611	nan	2.0
37.974090576171875	nan	2.0
37.98939323425293	nan	2.0
38.00604295730591	nan	2.0
38.022589683532715	nan	2.0
38.03650665283203	nan	2.0
38.04964518547058	nan	2.0
38.06340503692627	nan	2.0
38.078166246414185	nan	2.0
38.09448432922363	nan	2.0
38.110536336898804	nan	2.0
38.1243953704834	nan	2.0
38.137770891189575	nan	2.0
38.15247821807861	nan	2.0
38.16641139984131	nan	2.0
38.181544065475464	nan	2.0
38.195332050323486	nan	2.0
38.213831186294556	nan	2.0
38.230732440948486	nan	2.0
38.245527029037476	nan	2.0
38.2619092464447	nan	2.0
38.27644634246826	nan	2.0
38.29119944572449	nan	2.0
38.305965185165405	nan	2.0
38.32120203971863	nan	2.0
38.334800481796265	nan	2.0
38.349934577941895	nan	2.0
38.36388921737671	nan	2.0
38.37731218338013	nan	2.0
38.39356732368469	nan	2.0
38.40732192993164	nan	2.0
38.42217302322388	nan	2.0
38.43485617637634	nan	2.0
38.44783639907837	nan	2.0
38.46303367614746	nan	2.0
38.47977900505066	nan	2.0
38.49557662010193	nan	2.0
38.514891624450684	nan	2.0
38.53115797042847	nan	2.0
38.545737743377686	nan	2.0
38.56272029876709	nan	2.0
38.57651329040527	nan	2.0
38.59356665611267	nan	2.0
38.61100101470947	nan	2.0
38.62689685821533	nan	2.0
38.64125108718872	nan	2.0
38.65491771697998	nan	2.0
38.668755531311035	nan	2.0
38.68428182601929	nan	2.0
38.698047399520874	nan	2.0
38.71429896354675	nan	2.0
38.728814363479614	nan	2.0
38.743218183517456	nan	2.0
38.76084566116333	nan	2.0
38.7746045589447	nan	2.0
38.79020667076111	nan	2.0
38.8036835193634	nan	2.0
38.81744933128357	nan	2.0
38.83153486251831	nan	2.0
38.84758806228638	nan	2.0
38.86293649673462	nan	2.0
38.87715196609497	nan	2.0
38.89098930358887	nan	2.0
38.90430521965027	nan	2.0
38.920478105545044	nan	2.0
38.933419704437256	nan	2.0
38.9480926990509	nan	2.0
38.96355319023132	nan	2.0
38.976900577545166	nan	2.0
38.99120330810547	nan	2.0
39.006436347961426	nan	2.0
39.01984715461731	nan	2.0
39.0352463722229	nan	2.0
39.048421144485474	nan	2.0
39.06176948547363	nan	2.0
39.078585624694824	nan	2.0
39.09310722351074	nan	2.0
39.109503507614136	nan	2.0
39.12392592430115	nan	2.0
39.13705492019653	nan	2.0
39.15145945549011	nan	2.0
39.167874813079834	nan	2.0
39.18120265007019	nan	2.0
39.19867420196533	nan	2.0
39.21730971336365	nan	2.0
39.23690700531006	nan	2.0
39.25306415557861	nan	2.0
39.26898908615112	nan	2.0
39.2836594581604	nan	2.0
39.2966513633728	nan	2.0
39.31093978881836	nan	2.0
39.326831102371216	nan	2.0
39.340389013290405	nan	2.0
39.35418391227722	nan	2.0
39.36966323852539	nan	2.0
39.38450765609741	nan	2.0
39.40196704864502	nan	2.0
39.41663312911987	nan	2.0
39.42979121208191	nan	2.0
39.44540762901306	nan	2.0
39.45976781845093	nan	2.0
39.4754421710968	nan	2.0
39.489805936813354	nan	2.0
39.50353503227234	nan	2.0
39.517237424850464	nan	2.0
39.531904458999634	nan	2.0
39.54502248764038	nan	2.0
39.55922222137451	nan	2.0
39.57249450683594	nan	2.0
39.58613395690918	nan	2.0
39.59977173805237	nan	2.0
39.61466956138611	nan	2.0
39.62792682647705	nan	2.0
39.643293619155884	nan	2.0
39.65646529197693	nan	2.0
39.669880867004395	nan	2.0
39.68583393096924	nan	2.0
39.69970202445984	nan	2.0
39.71515130996704	nan	2.0
39.72930669784546	nan	2.0
39.743006467819214	nan	2.0
39.75610113143921	nan	2.0
39.77102208137512	nan	2.0
39.784791707992554	nan	2.0
39.799548625946045	nan	2.0
39.813321352005005	nan	2.0
39.82651972770691	nan	2.0
39.840983390808105	nan	2.0
39.856624126434326	nan	2.0
39.87087917327881	nan	2.0
39.886685609817505	nan	2.0
39.90012192726135	nan	2.0
39.91344404220581	nan	2.0
39.927831172943115	nan	2.0
39.942264795303345	nan	2.0
39.95750284194946	nan	2.0
39.97143340110779	nan	2.0
39.984140396118164	nan	2.0
39.997864723205566	nan	2.0
40.01401877403259	nan	2.0
40.02830481529236	nan	2.0
40.04335165023804	nan	2.0
40.05675482749939	nan	2.0
40.070011615753174	nan	2.0
40.08539867401123	nan	2.0
40.09892988204956	nan	2.0
40.11201238632202	nan	2.0
40.12632155418396	nan	2.0
40.14117956161499	nan	2.0
40.15444374084473	nan	2.0
40.1702721118927	nan	2.0
40.1840922832489	nan	2.0
40.19712591171265	nan	2.0
40.21530055999756	nan	2.0
40.23429536819458	nan	2.0
40.25307607650757	nan	2.0
40.27176642417908	nan	2.0
40.29050970077515	nan	2.0
40.3088002204895	nan	2.0
40.3263418674469	nan	2.0
40.34424161911011	nan	2.0
40.35836744308472	nan	2.0
40.3743097782135	nan	2.0
40.38848161697388	nan	2.0
40.40486693382263	nan	2.0
40.41965365409851	nan	2.0
40.432913064956665	nan	2.0
40.447028398513794	nan	2.0
40.462138414382935	nan	2.0
40.47597146034241	nan	2.0
40.4947624206543	nan	2.0
40.51368021965027	nan	2.0
40.528383016586304	nan	2.0
40.54387950897217	nan	2.0
40.55989360809326	nan	2.0
40.575907707214355	nan	2.0
40.5915265083313	nan	2.0
40.60670351982117	nan	2.0
40.62237572669983	nan	2.0
40.635910987854004	nan	2.0
40.65197944641113	nan	2.0
40.665889263153076	nan	2.0
40.67911911010742	nan	2.0
40.69593095779419	nan	2.0
40.71007823944092	nan	2.0
40.726536989212036	nan	2.0
40.740737199783325	nan	2.0
40.75427770614624	nan	2.0
40.76797533035278	nan	2.0
40.78316688537598	nan	2.0
40.79714751243591	nan	2.0
40.81228542327881	nan	2.0
40.8261616230011	nan	2.0
40.83930230140686	nan	2.0
40.85548210144043	nan	2.0
40.86927342414856	nan	2.0
40.883153438568115	nan	2.0
40.89822793006897	nan	2.0
40.91366362571716	nan	2.0
40.92760682106018	nan	2.0
40.94460463523865	nan	2.0
40.958030223846436	nan	2.0
40.97203874588013	nan	2.0
40.98756241798401	nan	2.0
41.00138545036316	nan	2.0
41.01877570152283	nan	2.0
41.03275156021118	nan	2.0
41.0470232963562	nan	2.0
41.062171459198	nan	2.0
41.07699251174927	nan	2.0
41.09239077568054	nan	2.0
41.1065309047699	nan	2.0
41.12017035484314	nan	2.0
41.13557052612305	nan	2.0
41.15046453475952	nan	2.0
41.164735317230225	nan	2.0
41.17936086654663	nan	2.0
41.19340634346008	nan	2.0
41.20748782157898	nan	2.0
41.22608470916748	nan	2.0
41.24150490760803	nan	2.0
41.258445501327515	nan	2.0
41.27277612686157	nan	2.0
41.28632211685181	nan	2.0
41.30236840248108	nan	2.0
41.316423416137695	nan	2.0
41.33022618293762	nan	2.0
41.34650444984436	nan	2.0
41.35988926887512	nan	2.0
41.37413930892944	nan	2.0
41.3900146484375	nan	2.0
41.40442728996277	nan	2.0
41.421690702438354	nan	2.0
41.435410261154175	nan	2.0
41.44893026351929	nan	2.0
41.465943813323975	nan	2.0
41.479283571243286	nan	2.0
41.49948287010193	nan	2.0
41.520877838134766	nan	2.0
41.54063630104065	nan	2.0
41.560317516326904	nan	2.0
41.57982015609741	nan	2.0
41.59673237800598	nan	2.0
41.61661458015442	nan	2.0
41.63651156425476	nan	2.0
41.65471577644348	nan	2.0
41.67096948623657	nan	2.0
41.687477111816406	nan	2.0
41.7061722278595	nan	2.0
41.723583459854126	nan	2.0
41.737548828125	nan	2.0
41.75407409667969	nan	2.0
41.76765966415405	nan	2.0
41.78382706642151	nan	2.0
41.7975435256958	nan	2.0
41.81056451797485	nan	2.0
41.82442665100098	nan	2.0
41.83939266204834	nan	2.0
41.852691650390625	nan	2.0
41.86799120903015	nan	2.0
41.88101530075073	nan	2.0
41.894774436950684	nan	2.0
41.91021800041199	nan	2.0
41.923972606658936	nan	2.0
41.939427852630615	nan	2.0
41.95413112640381	nan	2.0
41.96860074996948	nan	2.0
41.98289394378662	nan	2.0
41.99882674217224	nan	2.0
42.01371383666992	nan	2.0
42.0290093421936	nan	2.0
42.043421030044556	nan	2.0
42.057482957839966	nan	2.0
42.07220816612244	nan	2.0
42.08609986305237	nan	2.0
42.10193347930908	nan	2.0
42.11635780334473	nan	2.0
42.129698276519775	nan	2.0
42.1459538936615	nan	2.0
42.161322593688965	nan	2.0
42.17540168762207	nan	2.0
42.19098210334778	nan	2.0
42.207621574401855	nan	2.0
42.22589325904846	nan	2.0
42.24223613739014	nan	2.0
42.25697088241577	nan	2.0
42.27291226387024	nan	2.0
42.287243604660034	nan	2.0
42.30116653442383	nan	2.0
42.316603660583496	nan	2.0
42.32989025115967	nan	2.0
42.344098806381226	nan	2.0
42.358640909194946	nan	2.0
42.37251424789429	nan	2.0
42.3874671459198	nan	2.0
42.40180516242981	nan	2.0
42.41640758514404	nan	2.0
42.43026685714722	nan	2.0
42.44540500640869	nan	2.0
42.45918107032776	nan	2.0
42.47468304634094	nan	2.0
42.48885226249695	nan	2.0
42.50307011604309	nan	2.0
42.52030658721924	nan	2.0
42.53437113761902	nan	2.0
42.55061984062195	nan	2.0
42.56443452835083	nan	2.0
42.577274322509766	nan	2.0
42.591264486312866	nan	2.0
42.607521057128906	nan	2.0
42.62246918678284	nan	2.0
42.6386034488678	nan	2.0
42.653331995010376	nan	2.0
42.66743588447571	nan	2.0
42.68503522872925	nan	2.0
42.699206590652466	nan	2.0
42.71555757522583	nan	2.0
42.73039770126343	nan	2.0
42.74453806877136	nan	2.0
42.759578466415405	nan	2.0
42.77379298210144	nan	2.0
42.78978681564331	nan	2.0
42.8029727935791	nan	2.0
42.81697225570679	nan	2.0
42.83339333534241	nan	2.0
42.849016427993774	nan	2.0
42.86483287811279	nan	2.0
42.8800003528595	nan	2.0
42.897196531295776	nan	2.0
42.91659235954285	nan	2.0
42.93625831604004	nan	2.0
42.957067012786865	nan	2.0
42.97997212409973	nan	2.0
43.001540184020996	nan	2.0
43.02615451812744	nan	2.0
43.05021262168884	nan	2.0
43.0728235244751	nan	2.0
43.09751844406128	nan	2.0
43.12022352218628	nan	2.0
43.14166235923767	nan	2.0
43.16141200065613	nan	2.0
43.17813158035278	nan	2.0
43.19319534301758	nan	2.0
43.21052813529968	nan	2.0
43.231059074401855	nan	2.0
43.25098705291748	nan	2.0
43.26908326148987	nan	2.0
43.28774690628052	nan	2.0
43.30445122718811	nan	2.0
43.32118272781372	nan	2.0
43.33609223365784	nan	2.0
43.35064220428467	nan	2.0
43.36897587776184	nan	2.0
43.38235783576965	nan	2.0
43.39940023422241	nan	2.0
43.4146409034729	nan	2.0
43.429213762283325	nan	2.0
43.44617319107056	nan	2.0
43.46122193336487	nan	2.0
43.477583169937134	nan	2.0
43.494746923446655	nan	2.0
43.50814652442932	nan	2.0
43.52355647087097	nan	2.0
43.53714370727539	nan	2.0
43.55099582672119	nan	2.0
43.565348386764526	nan	2.0
43.57861924171448	nan	2.0
43.592044830322266	nan	2.0
43.607627868652344	nan	2.0
43.62114453315735	nan	2.0
43.636414766311646	nan	2.0
43.65057635307312	nan	2.0
43.663917541503906	nan	2.0
43.677637577056885	nan	2.0
43.692169427871704	nan	2.0
43.705573081970215	nan	2.0
43.72272801399231	nan	2.0
43.73617649078369	nan	2.0
43.749884605407715	nan	2.0
43.766477823257446	nan	2.0
43.77997088432312	nan	2.0
43.79799032211304	nan	2.0
43.81176209449768	nan	2.0
43.82649111747742	nan	2.0
43.840667486190796	nan	2.0
43.85655617713928	nan	2.0
43.870476722717285	nan	2.0
43.88476586341858	nan	2.0
43.900158166885376	nan	2.0
43.91419863700867	nan	2.0
43.92945742607117	nan	2.0
43.94473695755005	nan	2.0
43.95843434333801	nan	2.0
43.975082874298096	nan	2.0
43.99081468582153	nan	2.0
44.007956981658936	nan	2.0
44.021997690200806	nan	2.0
44.03568243980408	nan	2.0
44.0493426322937	nan	2.0
44.064905881881714	nan	2.0
44.078617095947266	nan	2.0
44.09405970573425	nan	2.0
44.10801887512207	nan	2.0
44.12201166152954	nan	2.0
44.137197971343994	nan	2.0
44.150951623916626	nan	2.0
44.16795897483826	nan	2.0
44.1812264919281	nan	2.0
44.19479751586914	nan	2.0
44.209770917892456	nan	2.0
44.22779154777527	nan	2.0
44.2461998462677	nan	2.0
44.26209211349487	nan	2.0
44.27634382247925	nan	2.0
44.29195976257324	nan	2.0
44.30648493766785	nan	2.0
44.321834564208984	nan	2.0
44.33828616142273	nan	2.0
44.35390257835388	nan	2.0
44.37301445007324	nan	2.0
44.38819098472595	nan	2.0
44.40458059310913	nan	2.0
44.42014026641846	nan	2.0
44.43594026565552	nan	2.0
44.45201277732849	nan	2.0
44.46734023094177	nan	2.0
44.481837034225464	nan	2.0
44.497411489486694	nan	2.0
44.51247048377991	nan	2.0
44.52793765068054	nan	2.0
44.54415774345398	nan	2.0
44.55839014053345	nan	2.0
44.5747971534729	nan	2.0
44.58983564376831	nan	2.0
44.603766441345215	nan	2.0
44.61878156661987	nan	2.0
44.632447481155396	nan	2.0
44.64619255065918	nan	2.0
44.662757873535156	nan	2.0
44.67641997337341	nan	2.0
44.69312000274658	nan	2.0
44.707223653793335	nan	2.0
44.72191071510315	nan	2.0
44.735939502716064	nan	2.0
44.750500440597534	nan	2.0
44.76428961753845	nan	2.0
44.78009104728699	nan	2.0
44.794121980667114	nan	2.0
44.80759596824646	nan	2.0
44.82391548156738	nan	2.0
44.83707046508789	nan	2.0
44.853386878967285	nan	2.0
44.86928582191467	nan	2.0
44.885151863098145	nan	2.0
44.902939796447754	nan	2.0
44.9173948764801	nan	2.0
44.934218645095825	nan	2.0
44.9490909576416	nan	2.0
44.963688135147095	nan	2.0
44.979915618896484	nan	2.0
44.99580526351929	nan	2.0
45.01231813430786	nan	2.0
45.02712082862854	nan	2.0
45.04201078414917	nan	2.0
45.06102514266968	nan	2.0
45.0766863822937	nan	2.0
45.09199571609497	nan	2.0
45.107321977615356	nan	2.0
45.12132811546326	nan	2.0
45.13982653617859	nan	2.0
45.16220283508301	nan	2.0
45.187174797058105	nan	2.0
45.21043014526367	nan	2.0
45.233591079711914	nan	2.0
45.2564594745636	nan	2.0
45.277801752090454	nan	2.0
45.29869246482849	nan	2.0
45.31786251068115	nan	2.0
45.335360527038574	nan	2.0
45.35518503189087	nan	2.0
45.37559533119202	nan	2.0
45.39500546455383	nan	2.0
45.41302013397217	nan	2.0
45.4307701587677	nan	2.0
45.45220351219177	nan	2.0
45.47253131866455	nan	2.0
45.49188303947449	nan	2.0
45.511449575424194	nan	2.0
45.527756690979004	nan	2.0
45.5423367023468	nan	2.0
45.554402589797974	nan	2.0
45.566518783569336	nan	2.0
45.57922124862671	nan	2.0
45.594887495040894	nan	2.0
45.61181974411011	nan	2.0
45.63054823875427	nan	2.0
45.64880704879761	nan	2.0
45.66345572471619	nan	2.0
45.67773365974426	nan	2.0
45.69274973869324	nan	2.0
45.71071791648865	nan	2.0
45.72974991798401	nan	2.0
45.74901294708252	nan	2.0
45.76784944534302	nan	2.0
45.78483724594116	nan	2.0
45.798672676086426	nan	2.0
45.81433916091919	nan	2.0
45.83178114891052	nan	2.0
45.84701204299927	nan	2.0
45.86322331428528	nan	2.0
45.87623167037964	nan	2.0
45.88840341567993	nan	2.0
45.900935649871826	nan	2.0
45.916075229644775	nan	2.0
45.930264472961426	nan	2.0
45.94410419464111	nan	2.0
45.958170652389526	nan	2.0
45.97115135192871	nan	2.0
45.98480939865112	nan	2.0
45.99931502342224	nan	2.0
46.012025356292725	nan	2.0
46.02626085281372	nan	2.0
46.03863048553467	nan	2.0
46.050620555877686	nan	2.0
46.06412863731384	nan	2.0
46.07860279083252	nan	2.0
46.09117603302002	nan	2.0
46.10720229148865	nan	2.0
46.120424032211304	nan	2.0
46.133559465408325	nan	2.0
46.148526191711426	nan	2.0
46.163111448287964	nan	2.0
46.17604422569275	nan	2.0
46.18801140785217	nan	2.0
46.20309352874756	nan	2.0
46.215858697891235	nan	2.0
46.231186389923096	nan	2.0
46.249093532562256	nan	2.0
46.26365566253662	nan	2.0
46.27867579460144	nan	2.0
46.291274070739746	nan	2.0
46.307599782943726	nan	2.0
46.32081604003906	nan	2.0
46.333117723464966	nan	2.0
46.34496307373047	nan	2.0
46.35916233062744	nan	2.0
46.371458292007446	nan	2.0
46.383829832077026	nan	2.0
46.40409755706787	nan	2.0
46.4165358543396	nan	2.0
46.428672552108765	nan	2.0
46.44325542449951	nan	2.0
46.45535159111023	nan	2.0
46.47008180618286	nan	2.0
46.481857776641846	nan	2.0
46.49456834793091	nan	2.0
46.50659894943237	nan	2.0
46.521220684051514	nan	2.0
46.532891273498535	nan	2.0
46.54747414588928	nan	2.0
46.56078004837036	nan	2.0
46.573184967041016	nan	2.0
46.586082458496094	nan	2.0
46.60062575340271	nan	2.0
46.6127405166626	nan	2.0
46.6276490688324	nan	2.0
46.63998246192932	nan	2.0
46.65330767631531	nan	2.0
46.66556239128113	nan	2.0
46.679535150527954	nan	2.0
46.69619274139404	nan	2.0
46.71309018135071	nan	2.0
46.73001527786255	nan	2.0
46.74632954597473	nan	2.0
46.763036251068115	nan	2.0
46.77574944496155	nan	2.0
46.790592193603516	nan	2.0
46.802265882492065	nan	2.0
46.81441140174866	nan	2.0
46.826188802719116	nan	2.0
46.83923411369324	nan	2.0
46.85090112686157	nan	2.0
46.863471031188965	nan	2.0
46.87544775009155	nan	2.0
46.88949012756348	nan	2.0
46.902159214019775	nan	2.0
46.916483879089355	nan	2.0
46.9290406703949	nan	2.0
46.94080400466919	nan	2.0
46.9540753364563	nan	2.0
46.968552112579346	nan	2.0
46.9801971912384	nan	2.0
46.994205713272095	nan	2.0
47.00644373893738	nan	2.0
47.018253803253174	nan	2.0
47.0301079750061	nan	2.0
47.04376482963562	nan	2.0
47.0555694103241	nan	2.0
47.067594051361084	nan	2.0
47.081866979599	nan	2.0
47.09379434585571	nan	2.0
47.10546135902405	nan	2.0
47.11761689186096	nan	2.0
47.13157248497009	nan	2.0
47.14385628700256	nan	2.0
47.15887808799744	nan	2.0
47.17099976539612	nan	2.0
47.182562828063965	nan	2.0
47.19595694541931	nan	2.0
47.209808588027954	nan	2.0
47.225213050842285	nan	2.0
47.23899698257446	nan	2.0
47.25596785545349	nan	2.0
47.273293256759644	nan	2.0
47.28824162483215	nan	2.0
47.3018753528595	nan	2.0
47.318068742752075	nan	2.0
47.3348822593689	nan	2.0
47.351041316986084	nan	2.0
47.37168049812317	nan	2.0
47.38881492614746	nan	2.0
47.404558181762695	nan	2.0
47.417402267456055	nan	2.0
47.430338859558105	nan	2.0
47.44449019432068	nan	2.0
47.45744204521179	nan	2.0
47.4703426361084	nan	2.0
47.48381209373474	nan	2.0
47.49582123756409	nan	2.0
47.50770378112793	nan	2.0
47.521270751953125	nan	2.0
47.53356981277466	nan	2.0
47.54529809951782	nan	2.0
47.559128761291504	nan	2.0
47.57225751876831	nan	2.0
47.58436107635498	nan	2.0
47.59597444534302	nan	2.0
47.61028528213501	nan	2.0
47.62240409851074	nan	2.0
47.634517669677734	nan	2.0
47.647764444351196	nan	2.0
47.660706520080566	nan	2.0
47.672882318496704	nan	2.0
47.687185287475586	nan	2.0
47.700037479400635	nan	2.0
47.71187210083008	nan	2.0
47.72450399398804	nan	2.0
47.73906445503235	nan	2.0
47.751023054122925	nan	2.0
47.765798807144165	nan	2.0
47.777979612350464	nan	2.0
47.79024147987366	nan	2.0
47.803004026412964	nan	2.0
47.818217515945435	nan	2.0
47.83082985877991	nan	2.0
47.84566926956177	nan	2.0
47.85747814178467	nan	2.0
47.87021851539612	nan	2.0
47.88235306739807	nan	2.0
47.896326780319214	nan	2.0
47.90823459625244	nan	2.0
47.92238688468933	nan	2.0
47.93555951118469	nan	2.0
47.94869589805603	nan	2.0
47.96126866340637	nan	2.0
47.97577476501465	nan	2.0
47.98797011375427	nan	2.0
48.00334548950195	nan	2.0
48.01602101325989	nan	2.0
48.02873420715332	nan	2.0
48.041669845581055	nan	2.0
48.05655527114868	nan	2.0
48.0686936378479	nan	2.0
48.08201885223389	nan	2.0
48.09545922279358	nan	2.0
48.10723924636841	nan	2.0
48.11919951438904	nan	2.0
48.1344735622406	nan	2.0
48.146950244903564	nan	2.0
48.161020040512085	nan	2.0
48.174407958984375	nan	2.0
48.186630725860596	nan	2.0
48.19969367980957	nan	2.0
48.21600127220154	nan	2.0
48.232569217681885	nan	2.0
48.251874685287476	nan	2.0
48.27072238922119	nan	2.0
48.29018831253052	nan	2.0
48.31180262565613	nan	2.0
48.332040309906006	nan	2.0
48.35223913192749	nan	2.0
48.3717885017395	nan	2.0
48.38731503486633	nan	2.0
48.40030765533447	nan	2.0
48.41332817077637	nan	2.0
48.429312229156494	nan	2.0
48.44384217262268	nan	2.0
48.460387229919434	nan	2.0
48.47504496574402	nan	2.0
48.488006830215454	nan	2.0
48.50310683250427	nan	2.0
48.51626372337341	nan	2.0
48.53127908706665	nan	2.0
48.54423785209656	nan	2.0
48.557472229003906	nan	2.0
48.57136034965515	nan	2.0
48.58679962158203	nan	2.0
48.60162544250488	nan	2.0
48.61941409111023	nan	2.0
48.63353180885315	nan	2.0
48.64672040939331	nan	2.0
48.66261005401611	nan	2.0
48.67649841308594	nan	2.0
48.6919162273407	nan	2.0
48.70607590675354	nan	2.0
48.7188777923584	nan	2.0
48.73229384422302	nan	2.0
48.74821472167969	nan	2.0
48.76102805137634	nan	2.0
48.77690649032593	nan	2.0
48.790178298950195	nan	2.0
48.80319380760193	nan	2.0
48.816540002822876	nan	2.0
48.83213567733765	nan	2.0
48.845073223114014	nan	2.0
48.859872341156006	nan	2.0
48.873209953308105	nan	2.0
48.88615274429321	nan	2.0
48.9011664390564	nan	2.0
48.915804386138916	nan	2.0
48.930511474609375	nan	2.0
48.94476509094238	nan	2.0
48.957133293151855	nan	2.0
48.97268795967102	nan	2.0
48.987874269485474	nan	2.0
49.00128173828125	nan	2.0
49.01664638519287	nan	2.0
49.02977919578552	nan	2.0
49.04210090637207	nan	2.0
49.05503869056702	nan	2.0
49.069318771362305	nan	2.0
49.08205962181091	nan	2.0
49.09663510322571	nan	2.0
49.10928750038147	nan	2.0
49.12169933319092	nan	2.0
49.135345220565796	nan	2.0
49.150187969207764	nan	2.0
49.16342544555664	nan	2.0
49.17638826370239	nan	2.0
49.191163063049316	nan	2.0
49.2069787979126	nan	2.0
49.225560903549194	nan	2.0
49.246665239334106	nan	2.0
49.26660943031311	nan	2.0
49.286153078079224	nan	2.0
49.30422115325928	nan	2.0
49.317692041397095	nan	2.0
49.33436870574951	nan	2.0
49.35097622871399	nan	2.0
49.36617875099182	nan	2.0
49.38227295875549	nan	2.0
49.39757204055786	nan	2.0
49.41082692146301	nan	2.0
49.425363540649414	nan	2.0
49.44107365608215	nan	2.0
49.45792293548584	nan	2.0
49.47182846069336	nan	2.0
49.484636306762695	nan	2.0
49.497353076934814	nan	2.0
49.51435041427612	nan	2.0
49.52754092216492	nan	2.0
49.54256343841553	nan	2.0
49.556846618652344	nan	2.0
49.57081341743469	nan	2.0
49.58466291427612	nan	2.0
49.59917092323303	nan	2.0
49.61216187477112	nan	2.0
49.62724304199219	nan	2.0
49.639402627944946	nan	2.0
49.652743101119995	nan	2.0
49.66771483421326	nan	2.0
49.68155264854431	nan	2.0
49.694905042648315	nan	2.0
49.70881986618042	nan	2.0
49.72169756889343	nan	2.0
49.73685002326965	nan	2.0
49.75543689727783	nan	2.0
49.76878118515015	nan	2.0
49.78181171417236	nan	2.0
49.793697118759155	nan	2.0
49.80561971664429	nan	2.0
49.817617654800415	nan	2.0
49.83159112930298	nan	2.0
49.842984437942505	nan	2.0
49.85556745529175	nan	2.0
49.86941123008728	nan	2.0
49.88196134567261	nan	2.0
49.89388465881348	nan	2.0
49.907469749450684	nan	2.0
49.922070026397705	nan	2.0
49.93531823158264	nan	2.0
49.94724488258362	nan	2.0
49.96351194381714	nan	2.0
49.97655773162842	nan	2.0
49.99235415458679	nan	2.0
50.00600457191467	nan	2.0
50.01982522010803	nan	2.0
50.03555202484131	nan	2.0
50.04974317550659	nan	2.0
50.06256580352783	nan	2.0
50.076618909835815	nan	2.0
50.089625120162964	nan	2.0
50.10199499130249	nan	2.0
50.1173312664032	nan	2.0
50.1309335231781	nan	2.0
50.142863512039185	nan	2.0
50.1580810546875	nan	2.0
50.170552253723145	nan	2.0
50.18273162841797	nan	2.0
50.1972599029541	nan	2.0
50.21137547492981	nan	2.0
50.225844621658325	nan	2.0
50.240336656570435	nan	2.0
50.25324988365173	nan	2.0
50.2671914100647	nan	2.0
50.283783197402954	nan	2.0
50.29774355888367	nan	2.0
50.31527781486511	nan	2.0
50.328824281692505	nan	2.0
50.341575622558594	nan	2.0
50.359665632247925	nan	2.0
50.37335133552551	nan	2.0
50.3889856338501	nan	2.0
50.401615858078	nan	2.0
50.413904666900635	nan	2.0
50.42536425590515	nan	2.0
50.43815064430237	nan	2.0
50.45008301734924	nan	2.0
50.461941957473755	nan	2.0
50.47455716133118	nan	2.0
50.48634481430054	nan	2.0
50.49772787094116	nan	2.0
50.50984311103821	nan	2.0
50.523274421691895	nan	2.0
50.536091327667236	nan	2.0
50.55099821090698	nan	2.0
50.563246726989746	nan	2.0
50.575026988983154	nan	2.0
50.58669686317444	nan	2.0
50.60049343109131	nan	2.0
50.61242079734802	nan	2.0
50.6245391368866	nan	2.0
50.63872170448303	nan	2.0
50.650429010391235	nan	2.0
50.66206383705139	nan	2.0
50.674423933029175	nan	2.0
50.686623334884644	nan	2.0
50.6980299949646	nan	2.0
50.709537982940674	nan	2.0
50.722718477249146	nan	2.0
50.736631631851196	nan	2.0
50.749112606048584	nan	2.0
50.761850118637085	nan	2.0
50.77362251281738	nan	2.0
50.7849235534668	nan	2.0
50.796279430389404	nan	2.0
50.81064033508301	nan	2.0
50.82238411903381	nan	2.0
50.83643054962158	nan	2.0
50.84787631034851	nan	2.0
50.859463691711426	nan	2.0
50.871187686920166	nan	2.0
50.88357710838318	nan	2.0
50.89590048789978	nan	2.0
50.90834641456604	nan	2.0
50.92169380187988	nan	2.0
50.93359637260437	nan	2.0
50.945292472839355	nan	2.0
50.95703172683716	nan	2.0
50.969752073287964	nan	2.0
50.981451749801636	nan	2.0
50.993852615356445	nan	2.0
51.00727725028992	nan	2.0
51.01891088485718	nan	2.0
51.03055667877197	nan	2.0
51.042940855026245	nan	2.0
51.055033445358276	nan	2.0
51.06653714179993	nan	2.0
51.0812087059021	nan	2.0
51.092926025390625	nan	2.0
51.104562759399414	nan	2.0
51.11670446395874	nan	2.0
51.13139724731445	nan	2.0
51.14359140396118	nan	2.0
51.15661978721619	nan	2.0
51.16842341423035	nan	2.0
51.17993521690369	nan	2.0
51.1919150352478	nan	2.0
51.20494222640991	nan	2.0
51.216984033584595	nan	2.0
51.22856020927429	nan	2.0
51.24167990684509	nan	2.0
51.253952741622925	nan	2.0
51.26552867889404	nan	2.0
51.27728343009949	nan	2.0
51.28999137878418	nan	2.0
51.30189800262451	nan	2.0
51.31440258026123	nan	2.0
51.328521966934204	nan	2.0
51.34062051773071	nan	2.0
51.35244941711426	nan	2.0
51.36664652824402	nan	2.0
51.3782377243042	nan	2.0
51.389830589294434	nan	2.0
51.40155005455017	nan	2.0
51.415419816970825	2.1969378311716565	2.0
51.42719602584839	2.1969378311716565	2.0
51.43874645233154	2.1969378311716565	2.0
51.451687812805176	2.196312705428424	2.0
51.46343374252319	2.196312705428424	2.0
51.47502684593201	2.196312705428424	2.0
51.4867844581604	2.196312705428424	2.0
51.500619649887085	2.196692961628341	2.0
51.51218366622925	2.196692961628341	2.0
51.52523374557495	2.1974440513075804	2.0
51.53679060935974	2.1974440513075804	2.0
51.54854440689087	2.1974440513075804	2.0
51.56091046333313	2.1974440513075804	2.0
51.57512855529785	2.1975385884450156	2.0
51.58708119392395	2.1975385884450156	2.0
51.5987663269043	2.1975385884450156	2.0
51.61185383796692	2.1982003171047473	2.0
51.62357473373413	2.1982003171047473	2.0
51.635390758514404	2.1982003171047473	2.0
51.647209882736206	2.1982003171047473	2.0
51.6624915599823	2.1993022713588912	2.0
51.67444109916687	2.1993022713588912	2.0
51.688093185424805	2.2010566407564305	2.0
51.70006823539734	2.2010566407564305	2.0
51.71185755729675	2.2010566407564305	2.0
51.7239830493927	2.2010566407564305	2.0
51.738303661346436	2.2031315203703263	2.0
51.75082468986511	2.2031315203703263	2.0
51.764484167099	2.2031315203703263	2.0
51.77632188796997	2.205370227527387	2.0
51.7879421710968	2.205370227527387	2.0
51.799885749816895	2.205370227527387	2.0
51.814178705215454	2.2074553622903226	2.0
51.825844526290894	2.2074553622903226	2.0
51.837618589401245	2.2074553622903226	2.0
51.85221982002258	2.2101265661016827	2.0
51.86445426940918	2.2101265661016827	2.0
51.87617492675781	2.2101265661016827	2.0
51.888251066207886	2.2101265661016827	2.0
51.90221405029297	2.21213218001276	2.0
51.91404414176941	2.21213218001276	2.0
51.92841291427612	2.214451658148397	2.0
51.94059991836548	2.214451658148397	2.0
51.9523344039917	2.214451658148397	2.0
51.96518683433533	2.214451658148397	2.0
51.978264808654785	2.2176229224507282	2.0
51.989731788635254	2.2176229224507282	2.0
52.002413272857666	2.2176229224507282	2.0
52.01530742645264	2.219901770869175	2.0
52.02709174156189	2.219901770869175	2.0
52.03897309303284	2.219901770869175	2.0
52.054039478302	2.219901770869175	2.0
52.066559076309204	2.222114650869175	2.0
52.07882308959961	2.222114650869175	2.0
52.092381715774536	2.224045883532972	2.0
52.104334592819214	2.224045883532972	2.0
52.11645770072937	2.224045883532972	2.0
52.128788471221924	2.224045883532972	2.0
52.14226984977722	2.2257349910015125	2.0
52.15399742126465	2.2257349910015125	2.0
52.16574478149414	2.2257349910015125	2.0
52.17760705947876	2.2257349910015125	2.0
52.19037175178528	2.22754798128688	2.0
52.20240116119385	2.22754798128688	2.0
52.21570801734924	2.229433889895467	2.0
52.22747611999512	2.229433889895467	2.0
52.23965930938721	2.229433889895467	2.0
52.251710653305054	2.229433889895467	2.0
52.26471281051636	2.2313833105589813	2.0
52.27609825134277	2.2313833105589813	2.0
52.288278102874756	2.2313833105589813	2.0
52.301406145095825	2.2329811692922825	2.0
52.31381106376648	2.2329811692922825	2.0
52.325244665145874	2.2329811692922825	2.0
52.33710980415344	2.2329811692922825	2.0
52.350993394851685	2.2339204769368846	2.0
52.36279606819153	2.2339204769368846	2.0
52.37681031227112	2.2349445058338007	2.0
52.38856554031372	2.2349445058338007	2.0
52.400041580200195	2.2349445058338007	2.0
52.41188621520996	2.2349445058338007	2.0
52.42522716522217	2.2358657004602547	2.0
52.43671655654907	2.2358657004602547	2.0
52.44880652427673	2.2358657004602547	2.0
52.46209931373596	2.23669231584487	2.0
52.4743435382843	2.23669231584487	2.0
52.48656892776489	2.23669231584487	2.0
52.49956011772156	2.23669231584487	2.0
52.516820669174194	2.2372008457036214	2.0
52.52896809577942	2.2372008457036214	2.0
52.542301416397095	2.2374685045821634	2.0
52.5539915561676	2.2374685045821634	2.0
52.56626653671265	2.2374685045821634	2.0
52.57923340797424	2.2374685045821634	2.0
52.5917329788208	2.2374000654287243	2.0
52.60373544692993	2.2374000654287243	2.0
52.61706590652466	2.2384206780954647	2.0
52.628647327423096	2.2384206780954647	2.0
52.64019322395325	2.2384206780954647	2.0
52.652103900909424	2.2384206780954647	2.0
52.66615676879883	2.2390662144068947	2.0
52.67793583869934	2.2390662144068947	2.0
52.690163373947144	2.2390662144068947	2.0
52.70351982116699	2.2400367140483004	2.0
52.715062618255615	2.2400367140483004	2.0
52.72653770446777	2.2400367140483004	2.0
52.7403769493103	2.2400367140483004	2.0
52.752411127090454	2.2411213998396597	2.0
52.76464247703552	2.2411213998396597	2.0
52.7779974937439	2.241961642774867	2.0
52.789902687072754	2.241961642774867	2.0
52.8014714717865	2.241961642774867	2.0
52.81355595588684	2.241961642774867	2.0
52.82671523094177	2.243158101557589	2.0
52.83846402168274	2.243158101557589	2.0
52.85198211669922	2.243158101557589	2.0
52.86353588104248	2.2445146332317973	2.0
52.874900341033936	2.2445146332317973	2.0
52.886252880096436	2.2445146332317973	2.0
52.89881372451782	2.2445146332317973	2.0
52.91115427017212	2.245890750431869	2.0
52.92263221740723	2.245890750431869	2.0
52.934025049209595	2.245890750431869	2.0
52.94673204421997	2.245890750431869	2.0
52.95965361595154	2.2483360426552554	2.0
52.97161507606506	2.2483360426552554	2.0
52.984878063201904	2.250646238143977	2.0
52.99638652801514	2.250646238143977	2.0
53.0081422328949	2.250646238143977	2.0
53.019734144210815	2.250646238143977	2.0
53.032827854156494	2.2520899156094205	2.0
53.044482946395874	2.2520899156094205	2.0
53.056743144989014	2.2520899156094205	2.0
53.069061279296875	2.2538162007030036	2.0
53.080825328826904	2.2538162007030036	2.0
53.09232258796692	2.2538162007030036	2.0
53.10423564910889	2.2538162007030036	2.0
53.11661338806152	2.255058767567276	2.0
53.128753423690796	2.255058767567276	2.0
53.14200019836426	2.2564360692523477	2.0
53.15384650230408	2.2564360692523477	2.0
53.1653356552124	2.2564360692523477	2.0
53.176777601242065	2.2564360692523477	2.0
53.18949222564697	2.2579589824598947	2.0
53.201748847961426	2.2579589824598947	2.0
53.21373128890991	2.2579589824598947	2.0
53.226935148239136	2.2592682177128305	2.0
53.23872423171997	2.2592682177128305	2.0
53.25038385391235	2.2592682177128305	2.0
53.26210594177246	2.2592682177128305	2.0
53.276405334472656	2.2610650706540065	2.0
53.28805494308472	2.2610650706540065	2.0
53.301061391830444	2.2610650706540065	2.0
53.31347608566284	2.262604394183418	2.0
53.325382232666016	2.262604394183418	2.0
53.33799695968628	2.262604394183418	2.0
53.3517165184021	2.263290341153115	2.0
53.36386728286743	2.263290341153115	2.0
53.375972032547	2.263290341153115	2.0
53.38841438293457	2.2641072885215356	2.0
53.39986562728882	2.2641072885215356	2.0
53.411874771118164	2.2641072885215356	2.0
53.423619985580444	2.2641072885215356	2.0
53.436182737350464	2.265684996869596	2.0
53.44759464263916	2.265684996869596	2.0
53.460914611816406	2.267141204480006	2.0
53.47285723686218	2.267141204480006	2.0
53.48441243171692	2.267141204480006	2.0
53.495810747146606	2.267141204480006	2.0
53.50892496109009	2.267141204480006	2.0
53.52089881896973	2.269003532236094	2.0
53.532713651657104	2.269003532236094	2.0
53.54528832435608	2.270459892646925	2.0
53.556979179382324	2.270459892646925	2.0
53.56889772415161	2.270459892646925	2.0
53.5808470249176	2.270459892646925	2.0
53.59516787528992	2.271844774386553	2.0
53.60663080215454	2.271844774386553	2.0
53.62106466293335	2.271844774386553	2.0
53.63268995285034	2.273407648481093	2.0
53.64426302909851	2.273407648481093	2.0
53.65613603591919	2.273407648481093	2.0
53.6688666343689	2.273741968481093	2.0
53.68094849586487	2.273741968481093	2.0
53.692347049713135	2.273741968481093	2.0
53.70401906967163	2.273741968481093	2.0
53.716848611831665	2.273741968481093	2.0
53.72854137420654	2.27459482562395	2.0
53.73994851112366	2.27459482562395	2.0
53.75462818145752	2.27549654437395	2.0
53.766326904296875	2.27549654437395	2.0
53.777724504470825	2.27549654437395	2.0
53.78931927680969	2.27549654437395	2.0
53.801846981048584	2.276367566738167	2.0
53.81388783454895	2.276367566738167	2.0
53.82718205451965	2.276367566738167	2.0
53.839396953582764	2.2766823664478255	2.0
53.85080289840698	2.2766823664478255	2.0
53.86239504814148	2.2766823664478255	2.0
53.87516379356384	2.2766823664478255	2.0
53.887367725372314	2.2765225290297235	2.0
53.8992919921875	2.2765225290297235	2.0
53.91356587409973	2.276391349730024	2.0
53.925158977508545	2.276391349730024	2.0
53.936564922332764	2.276391349730024	2.0
53.94799542427063	2.276391349730024	2.0
53.962793588638306	2.2762506987269666	2.0
53.97488451004028	2.2762506987269666	2.0
53.98817992210388	2.2762506987269666	2.0
53.9998197555542	2.276159128621269	2.0
54.011876821517944	2.276159128621269	2.0
54.023741722106934	2.276159128621269	2.0
54.03659439086914	2.276159128621269	2.0
54.04809069633484	2.275248344922209	2.0
54.0597026348114	2.275248344922209	2.0
54.07346439361572	2.2754651018452856	2.0
54.08563494682312	2.2754651018452856	2.0
54.09713530540466	2.2754651018452856	2.0
54.10901069641113	2.2754651018452856	2.0
54.12184476852417	2.274033900952429	2.0
54.13337445259094	2.274033900952429	2.0
54.146087408065796	2.274033900952429	2.0
54.15851068496704	2.2730396240628936	2.0
54.1700918674469	2.2730396240628936	2.0
54.18150544166565	2.2730396240628936	2.0
54.1943085193634	2.2730396240628936	2.0
54.206671476364136	2.2719798068268817	2.0
54.2187237739563	2.2719798068268817	2.0
54.23191952705383	2.2706234657923288	2.0
54.244176387786865	2.2706234657923288	2.0
54.25609040260315	2.2706234657923288	2.0
54.267863512039185	2.2706234657923288	2.0
54.28148007392883	2.2694035670636064	2.0
54.293718338012695	2.2694035670636064	2.0
54.306668281555176	2.2694035670636064	2.0
54.31859588623047	2.2679661418656067	2.0
54.33010482788086	2.2679661418656067	2.0
54.341697454452515	2.2679661418656067	2.0
54.354695558547974	2.2679661418656067	2.0
54.367565393447876	2.266542504427725	2.0
54.37910032272339	2.266542504427725	2.0
54.39223313331604	2.2650731004921716	2.0
54.40453600883484	2.2650731004921716	2.0
54.41610407829285	2.2650731004921716	2.0
54.42746162414551	2.2650731004921716	2.0
54.44117856025696	2.2641101972663646	2.0
54.45321202278137	2.2641101972663646	2.0
54.46466016769409	2.2641101972663646	2.0
54.47624087333679	2.2641101972663646	2.0
54.490200996398926	2.262210156757854	2.0
54.501848459243774	2.262210156757854	2.0
54.51408791542053	2.262210156757854	2.0
54.52748203277588	2.261641720846837	2.0
54.5393226146698	2.261641720846837	2.0
54.55076885223389	2.261641720846837	2.0
54.564106941223145	2.261641720846837	2.0
54.57617378234863	2.2607148784414126	2.0
54.587904930114746	2.2607148784414126	2.0
54.60114145278931	2.260354109359719	2.0
54.61296033859253	2.260354109359719	2.0
54.62506699562073	2.260354109359719	2.0
54.637038707733154	2.260354109359719	2.0
54.65005159378052	2.2598932376484777	2.0
54.6620237827301	2.2598932376484777	2.0
54.67585229873657	2.2598932376484777	2.0
54.68811917304993	2.260220984934892	2.0
54.69966650009155	2.260220984934892	2.0
54.71164894104004	2.260220984934892	2.0
54.724700927734375	2.2604256937693723	2.0
54.73697304725647	2.2604256937693723	2.0
54.74912071228027	2.2604256937693723	2.0
54.76189041137695	2.261086585384914	2.0
54.773674964904785	2.261086585384914	2.0
54.78536319732666	2.261086585384914	2.0
54.798344373703	2.261086585384914	2.0
54.81556439399719	2.2619702367478984	2.0
54.832743644714355	2.2619702367478984	2.0
54.8490195274353	2.2627362683159506	2.0
54.86138153076172	2.2627362683159506	2.0
54.87367367744446	2.2627362683159506	2.0
54.88868999481201	2.2639715176156705	2.0
54.900566816329956	2.2639715176156705	2.0
54.91312575340271	2.2639715176156705	2.0
54.9262170791626	2.2651182972766875	2.0
54.937676191329956	2.2651182972766875	2.0
54.94902539253235	2.2651182972766875	2.0
54.96106767654419	2.2651182972766875	2.0
54.97374439239502	2.2660676978216467	2.0
54.98522353172302	2.2660676978216467	2.0
54.99925231933594	2.267216813057187	2.0
55.01101779937744	2.267216813057187	2.0
55.02314782142639	2.267216813057187	2.0
55.03493142127991	2.267216813057187	2.0
55.04836964607239	2.2687172098825834	2.0
55.060063123703	2.2687172098825834	2.0
55.07295560836792	2.2687172098825834	2.0
55.08516263961792	2.269715664743694	2.0
55.09703063964844	2.269715664743694	2.0
55.108431577682495	2.269715664743694	2.0
55.12014961242676	2.269715664743694	2.0
55.13366103172302	2.270745218643414	2.0
55.14516091346741	2.270745218643414	2.0
55.158108949661255	2.2714789259192174	2.0
55.17017650604248	2.2714789259192174	2.0
55.181660175323486	2.2714789259192174	2.0
55.19374489784241	2.2714789259192174	2.0
55.20692038536072	2.2723821445794323	2.0
55.219069719314575	2.2723821445794323	2.0
55.23101472854614	2.2723821445794323	2.0
55.24322247505188	2.2723821445794323	2.0
55.25685238838196	2.2733218017525068	2.0
55.26843976974487	2.2733218017525068	2.0
55.28047490119934	2.2733218017525068	2.0
55.293800592422485	2.27448110925856	2.0
55.305856466293335	2.27448110925856	2.0
55.317763566970825	2.27448110925856	2.0
55.331584215164185	2.27448110925856	2.0
55.343634605407715	2.275479329323285	2.0
55.35624122619629	2.275479329323285	2.0
55.3698935508728	2.2763338485540543	2.0
55.38132381439209	2.2763338485540543	2.0
55.39268660545349	2.2763338485540543	2.0
55.40430426597595	2.2763338485540543	2.0
55.417561054229736	2.277295512741616	2.0
55.42971205711365	2.277295512741616	2.0
55.44364309310913	2.277295512741616	2.0
55.45522713661194	2.27848129445253	2.0
55.46661376953125	2.27848129445253	2.0
55.47825527191162	2.27848129445253	2.0
55.48997950553894	2.27848129445253	2.0
55.50373101234436	2.2795801399888185	2.0
55.51523184776306	2.2795801399888185	2.0
55.52865147590637	2.2807889894710143	2.0
55.54037570953369	2.2807889894710143	2.0
55.55207324028015	2.2807889894710143	2.0
55.56416630744934	2.2807889894710143	2.0
55.57774567604065	2.281898204452932	2.0
55.58927249908447	2.281898204452932	2.0
55.60120368003845	2.281898204452932	2.0
55.61462140083313	2.2827810078759687	2.0
55.62598466873169	2.2827810078759687	2.0
55.63735103607178	2.2827810078759687	2.0
55.65002489089966	2.2827810078759687	2.0
55.66202640533447	2.284234502848453	2.0
55.67404913902283	2.284234502848453	2.0
55.68730068206787	2.285972792606838	2.0
55.699607849121094	2.285972792606838	2.0
55.711782693862915	2.285972792606838	2.0
55.72366428375244	2.285972792606838	2.0
55.73766350746155	2.287836182040794	2.0
55.74936819076538	2.287836182040794	2.0
55.762723207473755	2.287836182040794	2.0
55.77501392364502	2.290016762810024	2.0
55.786736488342285	2.290016762810024	2.0
55.798436641693115	2.290016762810024	2.0
55.81166481971741	2.290016762810024	2.0
55.82375931739807	2.290639103571414	2.0
55.83563208580017	2.290639103571414	2.0
55.84999322891235	2.2924551862672793	2.0
55.8617799282074	2.2924551862672793	2.0
55.873581409454346	2.2924551862672793	2.0
55.88547372817993	2.2924551862672793	2.0
55.90000128746033	2.2943754239203984	2.0
55.91220498085022	2.2943754239203984	2.0
55.923996925354004	2.2943754239203984	2.0
55.935951471328735	2.2943754239203984	2.0
55.94902777671814	2.295620070070487	2.0
55.96107459068298	2.295620070070487	2.0
55.97506546974182	2.297763865112344	2.0
55.98685073852539	2.297763865112344	2.0
55.99919009208679	2.297763865112344	2.0
56.011420488357544	2.297763865112344	2.0
56.0252206325531	2.3004617049216756	2.0
56.037304401397705	2.3004617049216756	2.0
56.0507378578186	2.3004617049216756	2.0
56.06419086456299	2.302711653005299	2.0
56.075937271118164	2.302711653005299	2.0
56.087782859802246	2.302711653005299	2.0
56.100852251052856	2.302711653005299	2.0
56.11313009262085	2.3039077700265755	2.0
56.12566089630127	2.3039077700265755	2.0
56.13868546485901	2.3050261605278948	2.0
56.15074968338013	2.3050261605278948	2.0
56.16215944290161	2.3050261605278948	2.0
56.17402410507202	2.3050261605278948	2.0
56.1866888999939	2.3066162949028945	2.0
56.19914650917053	2.3066162949028945	2.0
56.21277379989624	2.3091981253385585	2.0
56.22487258911133	2.3091981253385585	2.0
56.2364342212677	2.3091981253385585	2.0
56.24863624572754	2.3091981253385585	2.0
56.26260733604431	2.310191930223117	2.0
56.27508807182312	2.310191930223117	2.0
56.287456035614014	2.310191930223117	2.0
56.30071830749512	2.311272996253178	2.0
56.31224703788757	2.311272996253178	2.0
56.32391119003296	2.311272996253178	2.0
56.33621001243591	2.311272996253178	2.0
56.34935784339905	2.312859859170328	2.0
56.3612744808197	2.312859859170328	2.0
56.37524771690369	2.313772703962253	2.0
56.38684034347534	2.313772703962253	2.0
56.398383378982544	2.313772703962253	2.0
56.41002130508423	2.313772703962253	2.0
56.42394495010376	2.3143932571023496	2.0
56.43552780151367	2.3143932571023496	2.0
56.447484254837036	2.3143932571023496	2.0
56.46142363548279	2.315468878396873	2.0
56.473814249038696	2.315468878396873	2.0
56.48540019989014	2.315468878396873	2.0
56.49777936935425	2.315468878396873	2.0
56.51002359390259	2.3169850688730635	2.0
56.52202868461609	2.3169850688730635	2.0
56.53580570220947	2.318821554587349	2.0
56.5476438999176	2.318821554587349	2.0
56.55962300300598	2.318821554587349	2.0
56.57162308692932	2.318821554587349	2.0
56.584980487823486	2.320114370351625	2.0
56.596551179885864	2.320114370351625	2.0
56.60875701904297	2.320114370351625	2.0
56.62120985984802	2.3212285291395043	2.0
56.63330268859863	2.3212285291395043	2.0
56.64586663246155	2.3212285291395043	2.0
56.65997791290283	2.3212285291395043	2.0
56.67266082763672	2.3226679136116064	2.0
56.68484926223755	2.3226679136116064	2.0
56.69680166244507	2.3226679136116064	2.0
56.70961833000183	2.3237280082428593	2.0
56.721792459487915	2.3237280082428593	2.0
56.73378396034241	2.3237280082428593	2.0
56.74652123451233	2.3243245286555365	2.0
56.758501291275024	2.3243245286555365	2.0
56.77017951011658	2.3243245286555365	2.0
56.78179907798767	2.3243245286555365	2.0
56.79485583305359	2.325527633230699	2.0
56.80711627006531	2.325527633230699	2.0
56.82024359703064	2.325527633230699	2.0
56.83210825920105	2.326334688786255	2.0
56.844780683517456	2.326334688786255	2.0
56.85622811317444	2.326334688786255	2.0
56.869006633758545	2.326742636900101	2.0
56.880606174468994	2.326742636900101	2.0
56.89232015609741	2.326742636900101	2.0
56.90511107444763	2.3272220050831285	2.0
56.91652727127075	2.3272220050831285	2.0
56.92794442176819	2.3272220050831285	2.0
56.939998149871826	2.3272220050831285	2.0
56.95522379875183	2.327628217781541	2.0
56.967572927474976	2.327628217781541	2.0
56.98080825805664	2.326975394308932	2.0
56.99305582046509	2.326975394308932	2.0
57.00496983528137	2.326975394308932	2.0
57.01680779457092	2.326975394308932	2.0
57.02969241142273	2.326377718013265	2.0
57.041884899139404	2.326377718013265	2.0
57.05369973182678	2.326377718013265	2.0
57.066407918930054	2.3243116993375432	2.0
57.077871799468994	2.3243116993375432	2.0
57.08932113647461	2.3243116993375432	2.0
57.10106444358826	2.3243116993375432	2.0
57.11363434791565	2.3223719189258403	2.0
57.125077962875366	2.3223719189258403	2.0
57.13830089569092	2.3223719189258403	2.0
57.15069913864136	2.3205894470340365	2.0
57.16279220581055	2.3205894470340365	2.0
57.17466163635254	2.3205894470340365	2.0
57.18709850311279	2.3205894470340365	2.0
57.19973564147949	2.3173848421294045	2.0
57.21182918548584	2.3173848421294045	2.0
57.22531008720398	2.313679930364698	2.0
57.2368905544281	2.313679930364698	2.0
57.248558044433594	2.313679930364698	2.0
57.26006889343262	2.313679930364698	2.0
57.273704290390015	2.3097794826673863	2.0
57.28587794303894	2.3097794826673863	2.0
57.29959297180176	2.3097794826673863	2.0
57.31220293045044	2.3051364608813247	2.0
57.324520111083984	2.3051364608813247	2.0
57.33606171607971	2.3051364608813247	2.0
57.349738359451294	2.3051364608813247	2.0
57.36261987686157	2.3006850811499446	2.0
57.37500739097595	2.3006850811499446	2.0
57.38876247406006	2.295880529329904	2.0
57.40050721168518	2.295880529329904	2.0
57.41219758987427	2.295880529329904	2.0
57.42471766471863	2.295880529329904	2.0
57.43869996070862	2.291503205625571	2.0
57.45023584365845	2.291503205625571	2.0
57.461899280548096	2.291503205625571	2.0
57.47439908981323	2.291503205625571	2.0
57.48653960227966	2.2880498485039533	2.0
57.49827694892883	2.2880498485039533	2.0
57.51182746887207	2.2843975174696753	2.0
57.52351999282837	2.2843975174696753	2.0
57.535969495773315	2.2843975174696753	2.0
57.54809308052063	2.2843975174696753	2.0
57.561174631118774	2.2810070903195827	2.0
57.57275414466858	2.2810070903195827	2.0
57.58533573150635	2.2810070903195827	2.0
57.59828019142151	2.277873396716752	2.0
57.60992884635925	2.277873396716752	2.0
57.621553897857666	2.277873396716752	2.0
57.63506603240967	2.277873396716752	2.0
57.64814066886902	2.2753791230881992	2.0
57.661020278930664	2.2753791230881992	2.0
57.67435431480408	2.272728238559138	2.0
57.68596816062927	2.272728238559138	2.0
57.69813776016235	2.272728238559138	2.0
57.71006488800049	2.272728238559138	2.0
57.72332692146301	2.270734205841106	2.0
57.735023498535156	2.270734205841106	2.0
57.74787521362305	2.270734205841106	2.0
57.75969409942627	2.2684640744948803	2.0
57.771586656570435	2.2684640744948803	2.0
57.7833616733551	2.2684640744948803	2.0
57.79768776893616	2.2675055724231234	2.0
57.811198234558105	2.2675055724231234	2.0
57.82380247116089	2.2675055724231234	2.0
57.837018966674805	2.265707213409256	2.0
57.84908866882324	2.265707213409256	2.0
57.86110711097717	2.265707213409256	2.0
57.873225688934326	2.265707213409256	2.0
57.88570547103882	2.2644462358176862	2.0
57.897451877593994	2.2644462358176862	2.0
57.91065454483032	2.2632645481677574	2.0
57.922497034072876	2.2632645481677574	2.0
57.93433904647827	2.2632645481677574	2.0
57.94581174850464	2.2632645481677574	2.0
57.95943808555603	2.262165951919489	2.0
57.971433877944946	2.262165951919489	2.0
57.98371601104736	2.262165951919489	2.0
57.997910499572754	2.2620193957757886	2.0
58.00957131385803	2.2620193957757886	2.0
58.02133369445801	2.2620193957757886	2.0
58.0345983505249	2.2620193957757886	2.0
58.046857595443726	2.261000497545354	2.0
58.05842423439026	2.261000497545354	2.0
58.071871757507324	2.2596081994565997	2.0
58.08375692367554	2.2596081994565997	2.0
58.0954532623291	2.2596081994565997	2.0
58.10693907737732	2.2596081994565997	2.0
58.12023687362671	2.25829157589849	2.0
58.13179659843445	2.25829157589849	2.0
58.14440131187439	2.25829157589849	2.0
58.15684175491333	2.2567646400604033	2.0
58.168601512908936	2.2567646400604033	2.0
58.18027353286743	2.2567646400604033	2.0
58.19292330741882	2.2567646400604033	2.0
58.20632314682007	2.25532333267015	2.0
58.217854022979736	2.25532333267015	2.0
58.22958970069885	2.25532333267015	2.0
58.24261236190796	2.25532333267015	2.0
58.25544595718384	2.2541051784875363	2.0
58.266993284225464	2.2541051784875363	2.0
58.281670331954956	2.25257603366856	2.0
58.29378032684326	2.25257603366856	2.0
58.30535435676575	2.25257603366856	2.0
58.31713843345642	2.25257603366856	2.0
58.33154773712158	2.251280152114565	2.0
58.343629121780396	2.251280152114565	2.0
58.356489419937134	2.249866890150675	2.0
58.36854529380798	2.249866890150675	2.0
58.38010239601135	2.249866890150675	2.0
58.39163160324097	2.249866890150675	2.0
58.40757393836975	2.2475587215460235	2.0
58.41935586929321	2.2475587215460235	2.0
58.4314980506897	2.2475587215460235	2.0
58.444852352142334	2.2462682105751224	2.0
58.456491470336914	2.2462682105751224	2.0
58.46802735328674	2.2462682105751224	2.0
58.47988247871399	2.2462682105751224	2.0
58.49254035949707	2.2456557057011493	2.0
58.50425457954407	2.2456557057011493	2.0
58.51880979537964	2.244980491770801	2.0
58.530372858047485	2.244980491770801	2.0
58.54186129570007	2.244980491770801	2.0
58.55404186248779	2.244980491770801	2.0
58.56735301017761	2.244284355775315	2.0
58.57902407646179	2.244284355775315	2.0
58.590930461883545	2.244284355775315	2.0
58.603981494903564	2.2429272287084565	2.0
58.61551070213318	2.2429272287084565	2.0
58.627816915512085	2.2429272287084565	2.0
58.639869689941406	2.2429272287084565	2.0
58.65473175048828	2.2415857810657767	2.0
58.66642951965332	2.2415857810657767	2.0
58.679967164993286	2.240395801267797	2.0
58.69190955162048	2.240395801267797	2.0
58.7041540145874	2.240395801267797	2.0
58.71650958061218	2.240395801267797	2.0
58.73066020011902	2.2392878882171314	2.0
58.742597818374634	2.2392878882171314	2.0
58.75575613975525	2.2392878882171314	2.0
58.768447399139404	2.238385994426937	2.0
58.780256032943726	2.238385994426937	2.0
58.79183554649353	2.238385994426937	2.0
58.80452609062195	2.238385994426937	2.0
58.8181414604187	2.2380162704300037	2.0
58.82986354827881	2.2380162704300037	2.0
58.84323859214783	2.2374451583579313	2.0
58.855090379714966	2.2374451583579313	2.0
58.86661720275879	2.2374451583579313	2.0
58.87882709503174	2.2374451583579313	2.0
58.89195394515991	2.2368740216089003	2.0
58.903483867645264	2.2368740216089003	2.0
58.91693568229675	2.236287697950149	2.0
58.92868089675903	2.236287697950149	2.0
58.9407262802124	2.236287697950149	2.0
58.95270109176636	2.236287697950149	2.0
58.96626091003418	2.236287697950149	2.0
58.978599309921265	2.2357751761161753	2.0
58.99053335189819	2.2357751761161753	2.0
59.00212836265564	2.2357751761161753	2.0
59.01533794403076	2.2358300356820164	2.0
59.028860092163086	2.2358300356820164	2.0
59.04155993461609	2.2358300356820164	2.0
59.054086685180664	2.2361278046286373	2.0
59.06569290161133	2.2361278046286373	2.0
59.077247619628906	2.2361278046286373	2.0
59.08989119529724	2.2361278046286373	2.0
59.10359835624695	2.2363029411217736	2.0
59.11536502838135	2.2363029411217736	2.0
59.128530502319336	2.2362966506207465	2.0
59.140695333480835	2.2362966506207465	2.0
59.152554512023926	2.2362966506207465	2.0
59.164766788482666	2.2362966506207465	2.0
59.17755651473999	2.2359758089575394	2.0
59.18914580345154	2.2359758089575394	2.0
59.202301025390625	2.2359758089575394	2.0
59.21489191055298	2.235364813353144	2.0
59.22685217857361	2.235364813353144	2.0
59.23841571807861	2.235364813353144	2.0
59.253618001937866	2.235364813353144	2.0
59.265454053878784	2.2345697235081827	2.0
59.27784013748169	2.2345697235081827	2.0
59.292490005493164	2.2337458621549433	2.0
59.30451202392578	2.2337458621549433	2.0
59.316346883773804	2.2337458621549433	2.0
59.32862830162048	2.2337458621549433	2.0
59.34166932106018	2.23289795157946	2.0
59.35383367538452	2.23289795157946	2.0
59.36755299568176	2.2311654473428084	2.0
59.379292249679565	2.2311654473428084	2.0
59.39117431640625	2.2311654473428084	2.0
59.403207302093506	2.2311654473428084	2.0
59.41643834114075	2.2293901114912957	2.0
59.4281747341156	2.2293901114912957	2.0
59.44052839279175	2.2293901114912957	2.0
59.45351791381836	2.227146752247472	2.0
59.46508288383484	2.227146752247472	2.0
59.477116107940674	2.227146752247472	2.0
59.490118741989136	2.227146752247472	2.0
59.50260806083679	2.2251040533682978	2.0
59.51448583602905	2.2251040533682978	2.0
59.52772831916809	2.2222660391298033	2.0
59.5397891998291	2.2222660391298033	2.0
59.55155825614929	2.2222660391298033	2.0
59.56320285797119	2.2222660391298033	2.0
59.57655715942383	2.220181670447012	2.0
59.58838367462158	2.220181670447012	2.0
59.60103893280029	2.220181670447012	2.0
59.61392951011658	2.216577861065349	2.0
59.62550187110901	2.216577861065349	2.0
59.63697409629822	2.216577861065349	2.0
59.64892578125	2.216577861065349	2.0
59.66121530532837	2.212877796038515	2.0
59.67345190048218	2.212877796038515	2.0
59.68752193450928	2.209099999613561	2.0
59.69952845573425	2.209099999613561	2.0
59.71147680282593	2.209099999613561	2.0
59.724088191986084	2.209099999613561	2.0
59.73879384994507	2.2052570050509512	2.0
59.75141978263855	2.2052570050509512	2.0
59.763641595840454	2.2052570050509512	2.0
59.77685809135437	2.2052570050509512	2.0
59.79217982292175	2.202372253728939	2.0
59.80487275123596	2.202372253728939	2.0
59.81988334655762	2.19947023447142	2.0
59.833032846450806	2.19947023447142	2.0
59.84615421295166	2.19947023447142	2.0
59.860759019851685	2.19947023447142	2.0
59.87475633621216	2.197088177482938	2.0
59.88958740234375	2.197088177482938	2.0
59.9028594493866	2.194089833532888	2.0
59.915513038635254	2.194089833532888	2.0
59.927330493927	2.194089833532888	2.0
59.941314697265625	2.194089833532888	2.0
59.95366954803467	2.192278314169619	2.0
59.965842723846436	2.192278314169619	2.0
59.98036193847656	2.18977931202093	2.0
59.99230456352234	2.18977931202093	2.0
60.00407552719116	2.18977931202093	2.0
60.017637491226196	2.18977931202093	2.0
60.03033256530762	2.189076106683978	2.0
60.04293656349182	2.189076106683978	2.0
60.058640241622925	2.1886712182224395	2.0
60.07159090042114	2.1886712182224395	2.0
60.08366107940674	2.1886712182224395	2.0
60.09646511077881	2.1886712182224395	2.0
60.110066652297974	2.187731927246033	2.0
60.12202858924866	2.187731927246033	2.0
60.1358118057251	2.187018602052267	2.0
60.14803647994995	2.187018602052267	2.0
60.16048979759216	2.187018602052267	2.0
60.173125982284546	2.187018602052267	2.0
60.1869900226593	2.1862059381006875	2.0
60.1991446018219	2.1862059381006875	2.0
60.2128963470459	2.1862059381006875	2.0
60.22508525848389	2.1855912222722287	2.0
60.237324237823486	2.1855912222722287	2.0
60.24937057495117	2.1855912222722287	2.0
60.26311111450195	2.184657255530764	2.0
60.27546739578247	2.184657255530764	2.0
60.288119077682495	2.184657255530764	2.0
60.301618576049805	2.1842106433084876	2.0
60.31403946876526	2.1842106433084876	2.0
60.325860023498535	2.1842106433084876	2.0
60.33915829658508	2.1842106433084876	2.0
60.35273551940918	2.183927414271845	2.0
60.367738485336304	2.183927414271845	2.0
60.38405752182007	2.183737757928189	2.0
60.396846532821655	2.183737757928189	2.0
60.409987449645996	2.183737757928189	2.0
60.42527484893799	2.1834416747728755	2.0
60.438536643981934	2.1834416747728755	2.0
60.45114803314209	2.1834416747728755	2.0
60.46579146385193	2.1834416747728755	2.0
60.47884511947632	2.1830841449801297	2.0
60.49090814590454	2.1830841449801297	2.0
60.505714654922485	2.1833636818991913	2.0
60.51800036430359	2.1833636818991913	2.0
60.530192852020264	2.1833636818991913	2.0
60.54224109649658	2.1833636818991913	2.0
60.55534863471985	2.183839821970388	2.0
60.56783699989319	2.183839821970388	2.0
60.58176040649414	2.1840995156604963	2.0
60.59411549568176	2.1840995156604963	2.0
60.60648036003113	2.1840995156604963	2.0
60.61833643913269	2.1840995156604963	2.0
60.63188457489014	2.1844799427373767	2.0
60.644333839416504	2.1844799427373767	2.0
60.65701675415039	2.1844799427373767	2.0
60.66973257064819	2.1847050571349773	2.0
60.6816520690918	2.1847050571349773	2.0
60.694058656692505	2.1847050571349773	2.0
60.70773267745972	2.1847050571349773	2.0
60.72054481506348	2.1850370564329413	2.0
60.733105421066284	2.1850370564329413	2.0
60.74749493598938	2.185127309044098	2.0
60.75967860221863	2.185127309044098	2.0
60.771918535232544	2.185127309044098	2.0
60.784388065338135	2.185127309044098	2.0
60.799137115478516	2.1852732525123946	2.0
60.8116888999939	2.1852732525123946	2.0
60.82546544075012	2.185508171165543	2.0
60.83768057823181	2.185508171165543	2.0
60.85000443458557	2.185508171165543	2.0
60.862855672836304	2.185508171165543	2.0
60.877806425094604	2.1858287073685454	2.0
60.889716148376465	2.1858287073685454	2.0
60.90327978134155	2.186206374888305	2.0
60.915555238723755	2.186206374888305	2.0
60.92745566368103	2.186206374888305	2.0
60.93922472000122	2.186206374888305	2.0
60.954819202423096	2.185736413162725	2.0
60.96666955947876	2.185736413162725	2.0
60.98032855987549	2.1856383180425865	2.0
60.99268651008606	2.1856383180425865	2.0
61.00541853904724	2.1856383180425865	2.0
61.01760125160217	2.1856383180425865	2.0
61.03117370605469	2.185901364019598	2.0
61.04300665855408	2.185901364019598	2.0
61.055771827697754	2.185901364019598	2.0
61.06994557380676	2.1864312790337617	2.0
61.08201050758362	2.1864312790337617	2.0
61.09392285346985	2.1864312790337617	2.0
61.10719013214111	2.1864312790337617	2.0
61.11947202682495	2.1868528892032533	2.0
61.13154482841492	2.1868528892032533	2.0
61.145134925842285	2.187040428470269	2.0
61.15704131126404	2.187040428470269	2.0
61.16876935958862	2.187040428470269	2.0
61.18120503425598	2.187040428470269	2.0
61.19575786590576	2.1878683060052504	2.0
61.20790672302246	2.1878683060052504	2.0
61.22002911567688	2.1878683060052504	2.0
61.23373198509216	2.1878683060052504	2.0
61.24681520462036	2.187544692914977	2.0
61.259085178375244	2.187544692914977	2.0
61.27508091926575	2.1876623691472075	2.0
61.28737282752991	2.1876623691472075	2.0
61.299760580062866	2.1876623691472075	2.0
61.31246995925903	2.1876623691472075	2.0
61.326005935668945	2.1877021551962548	2.0
61.337953090667725	2.1877021551962548	2.0
61.352092266082764	2.187598978098634	2.0
61.36470627784729	2.187598978098634	2.0
61.3765823841095	2.187598978098634	2.0
61.38895034790039	2.187598978098634	2.0
61.40216851234436	2.187782325317453	2.0
61.41477847099304	2.187782325317453	2.0
61.430633306503296	2.186685526637585	2.0
61.44316363334656	2.186685526637585	2.0
61.455108880996704	2.186685526637585	2.0
61.46720504760742	2.186685526637585	2.0
61.484135150909424	2.1855058590475567	2.0
61.49647784233093	2.1855058590475567	2.0
61.510377407073975	2.1842322590475574	2.0
61.523181438446045	2.1842322590475574	2.0
61.53584694862366	2.1842322590475574	2.0
61.547699213027954	2.1842322590475574	2.0
61.5634069442749	2.182157937013659	2.0
61.57607460021973	2.182157937013659	2.0
61.59145474433899	2.1793691024822426	2.0
61.60440444946289	2.1793691024822426	2.0
61.616941690444946	2.1793691024822426	2.0
61.62906241416931	2.1793691024822426	2.0
61.64241623878479	2.177527693205994	2.0
61.6549608707428	2.177527693205994	2.0
61.668025493621826	2.177527693205994	2.0
61.67997479438782	2.1752723222073422	2.0
61.69254684448242	2.1752723222073422	2.0
61.70495891571045	2.1752723222073422	2.0
61.718894958496094	2.1713737544324063	2.0
61.73069930076599	2.1713737544324063	2.0
61.74289155006409	2.1713737544324063	2.0
61.75608253479004	2.168104910050135	2.0
61.7683470249176	2.168104910050135	2.0
61.78093123435974	2.168104910050135	2.0
61.79374051094055	2.168104910050135	2.0
61.8061797618866	2.1641258761255484	2.0
61.81823444366455	2.1641258761255484	2.0
61.83134460449219	2.1599160081387496	2.0
61.84317135810852	2.1599160081387496	2.0
61.85554838180542	2.1599160081387496	2.0
61.86816072463989	2.1599160081387496	2.0
61.88181018829346	2.1555052711045	2.0
61.89432692527771	2.1555052711045	2.0
61.90782809257507	2.1555052711045	2.0
61.92049431800842	2.15091821176384	2.0
61.932292461395264	2.15091821176384	2.0
61.944223403930664	2.15091821176384	2.0
61.95731544494629	2.1467493965428366	2.0
61.96926212310791	2.1467493965428366	2.0
61.981036901474	2.1467493965428366	2.0
61.99290084838867	2.1467493965428366	2.0
62.006425619125366	2.1420997225232288	2.0
62.01864838600159	2.1420997225232288	2.0
62.03079700469971	2.1420997225232288	2.0
62.0452561378479	2.1365532927345448	2.0
62.057169675827026	2.1365532927345448	2.0
62.069109201431274	2.1365532927345448	2.0
62.08185005187988	2.1365532927345448	2.0
62.09487509727478	2.131078050858151	2.0
62.10724663734436	2.131078050858151	2.0
62.120832443237305	2.1267606658006795	2.0
62.1327428817749	2.1267606658006795	2.0
62.14483165740967	2.1267606658006795	2.0
62.15706992149353	2.1267606658006795	2.0
62.17070174217224	2.122426015855442	2.0
62.18345332145691	2.122426015855442	2.0
62.197145223617554	2.1182428681901015	2.0
62.20968747138977	2.1182428681901015	2.0
62.22212195396423	2.1182428681901015	2.0
62.234201192855835	2.1182428681901015	2.0
62.249497175216675	2.115009561594736	2.0
62.26190662384033	2.115009561594736	2.0
62.2778582572937	2.111433737168734	2.0
62.28993010520935	2.111433737168734	2.0
62.30231690406799	2.111433737168734	2.0
62.314634561538696	2.111433737168734	2.0
62.32912254333496	2.1084203848814864	2.0
62.341132402420044	2.1084203848814864	2.0
62.35377264022827	2.1084203848814864	2.0
62.3661949634552	2.1051757884253406	2.0
62.378302812576294	2.1051757884253406	2.0
62.39038634300232	2.1051757884253406	2.0
62.40430498123169	2.1051757884253406	2.0
62.41749453544617	2.1025068472488693	2.0
62.43052911758423	2.1025068472488693	2.0
62.444180727005005	2.1008526516495962	2.0
62.45652890205383	2.1008526516495962	2.0
62.46896195411682	2.1008526516495962	2.0
62.48149085044861	2.1008526516495962	2.0
62.49536061286926	2.099127691882155	2.0
62.507964849472046	2.099127691882155	2.0
62.5228271484375	2.097328753410214	2.0
62.5349018573761	2.097328753410214	2.0
62.54677677154541	2.097328753410214	2.0
62.55901217460632	2.097328753410214	2.0
62.57237410545349	2.095728625143152	2.0
62.585126638412476	2.095728625143152	2.0
62.598947286605835	2.094164257825239	2.0
62.61107063293457	2.094164257825239	2.0
62.62359976768494	2.094164257825239	2.0
62.635515213012695	2.094164257825239	2.0
62.64933729171753	2.0924659072236347	2.0
62.66172766685486	2.0924659072236347	2.0
62.67525768280029	2.0924659072236347	2.0
62.68721032142639	2.0914714956053904	2.0
62.69901514053345	2.0914714956053904	2.0
62.71091318130493	2.0914714956053904	2.0
62.72412705421448	2.0914714956053904	2.0
62.73626232147217	2.0900729522882426	2.0
62.748698234558105	2.0900729522882426	2.0
62.76101803779602	2.0900729522882426	2.0
62.77546668052673	2.089376231976302	2.0
62.78801393508911	2.089376231976302	2.0
62.80071449279785	2.089376231976302	2.0
62.814751386642456	2.0888131334277924	2.0
62.82718896865845	2.0888131334277924	2.0
62.83921432495117	2.0888131334277924	2.0
62.85385322570801	2.0883467799563595	2.0
62.866230487823486	2.0883467799563595	2.0
62.879414558410645	2.0883467799563595	2.0
62.89368462562561	2.0877520633879945	2.0
62.90646767616272	2.0877520633879945	2.0
62.918747425079346	2.0877520633879945	2.0
62.93322229385376	2.0880048040297057	2.0
62.946154832839966	2.0880048040297057	2.0
62.95854091644287	2.0880048040297057	2.0
62.97180390357971	2.0880065105024235	2.0
62.98576545715332	2.0880065105024235	2.0
63.00082468986511	2.0880065105024235	2.0
63.01978611946106	2.088137243641718	2.0
63.034682273864746	2.088137243641718	2.0
63.051498889923096	2.0886994719997363	2.0
63.06696963310242	2.0886994719997363	2.0
63.08234882354736	2.0886994719997363	2.0
63.09966254234314	2.089269133286817	2.0
63.114317417144775	2.089269133286817	2.0
63.130776166915894	2.0906719739461574	2.0
63.14547395706177	2.0906719739461574	2.0
63.15977430343628	2.0906719739461574	2.0
63.176822662353516	2.091829892021434	2.0
63.19036507606506	2.091829892021434	2.0
63.20451498031616	2.091829892021434	2.0
63.21836066246033	2.0928487348310627	2.0
63.23121905326843	2.0928487348310627	2.0
63.244699239730835	2.0928487348310627	2.0
63.26016807556152	2.093758044954382	2.0
63.27342987060547	2.093758044954382	2.0
63.290735721588135	2.094671643946989	2.0
63.305851221084595	2.094671643946989	2.0
63.323506593704224	2.094671643946989	2.0
63.34251379966736	2.09562476737523	2.0
63.36104989051819	2.09562476737523	2.0
63.378127098083496	2.0966049365943085	2.0
63.39762735366821	2.0966049365943085	2.0
63.41640639305115	2.097637578068937	2.0
63.430341958999634	2.097637578068937	2.0
63.44680595397949	2.0984968680189997	2.0
63.46015381813049	2.0984968680189997	2.0
63.47408127784729	2.0984968680189997	2.0
63.48818349838257	2.0984968680189997	2.0
63.50294327735901	2.0994000759718716	2.0
63.51653337478638	2.0994000759718716	2.0
63.529008865356445	2.0994000759718716	2.0
63.544456005096436	2.0995313329573104	2.0
63.55719709396362	2.0995313329573104	2.0
63.570950746536255	2.0995313329573104	2.0
63.58609390258789	2.099877957140317	2.0
63.600682973861694	2.099877957140317	2.0
63.61378788948059	2.099877957140317	2.0
63.62786340713501	2.1006967467911233	2.0
63.642930030822754	2.1006967467911233	2.0
63.65899109840393	2.1018152317665106	2.0
63.67382502555847	2.1018152317665106	2.0
63.69287943840027	2.1018152317665106	2.0
63.712021589279175	2.10290875837114	2.0
63.72781300544739	2.10290875837114	2.0
63.74879217147827	2.1035592945569417	2.0
63.767170906066895	2.1035592945569417	2.0
63.784865617752075	2.104146631905845	2.0
63.801722049713135	2.104146631905845	2.0
63.821075677871704	2.1040063689162096	2.0
63.83725094795227	2.1040063689162096	2.0
63.85420560836792	2.1040063689162096	2.0
63.875940561294556	2.104123688066932	2.0
63.898585081100464	2.10383910484434	2.0
63.919461250305176	2.10383910484434	2.0
63.952104806900024	2.1042174280963586	2.0
63.97588515281677	2.1042174280963586	2.0
63.99432587623596	2.104032210828806	2.0
64.01436829566956	2.104032210828806	2.0
64.03805208206177	2.1040992138609265	2.0
64.06195068359375	2.103021797762257	2.0
64.08624219894409	2.103021797762257	2.0
64.1095290184021	2.1019022520836397	2.0
64.13353204727173	2.101042823025691	2.0
64.15602493286133	2.101042823025691	2.0
64.17905974388123	2.101042823025691	2.0
64.2013897895813	2.100197567474409	2.0
64.22155404090881	2.0992039676995704	2.0
64.23748397827148	2.0992039676995704	2.0
64.2517340183258	2.0992039676995704	2.0
64.27044749259949	2.0984156125743496	2.0
64.28962802886963	2.0984156125743496	2.0
64.30919289588928	2.0984156125743496	2.0
64.32729697227478	2.0973761019405384	2.0
64.34731984138489	2.0951527993690773	2.0
64.36507391929626	2.0951527993690773	2.0
64.38290929794312	2.0951527993690773	2.0
64.40133047103882	2.092839679143175	2.0
64.41918015480042	2.092839679143175	2.0
64.43516635894775	2.089620309012123	2.0
64.44911456108093	2.089620309012123	2.0
64.46484756469727	2.089620309012123	2.0
64.48127865791321	2.0869910509560388	2.0
64.49792575836182	2.0869910509560388	2.0
64.51450395584106	2.08415948449728	2.0
64.52941942214966	2.08415948449728	2.0
64.54693865776062	2.08415948449728	2.0
64.56200361251831	2.081217935420436	2.0
64.57875323295593	2.081217935420436	2.0
64.60417246818542	2.0786350364667676	2.0
64.62975120544434	2.0786350364667676	2.0
64.65767216682434	2.076530342467956	2.0
64.68211722373962	2.073313697194491	2.0
64.71010971069336	2.073313697194491	2.0
64.7332284450531	2.070921229146132	2.0
64.75400996208191	2.06897226692192	2.0
64.77354836463928	2.06897226692192	2.0
64.79508876800537	2.06757885887671	2.0
64.81331372261047	2.06757885887671	2.0
64.82885885238647	2.06664197451664	2.0
64.84561467170715	2.06664197451664	2.0
64.86276984214783	2.06664197451664	2.0
64.8798975944519	2.066119492785613	2.0
64.89668846130371	2.066119492785613	2.0
64.91692328453064	2.065752161047491	2.0
64.93359184265137	2.065752161047491	2.0
64.95032501220703	2.065705655048535	2.0
64.96485614776611	2.065705655048535	2.0
64.9840874671936	2.065705655048535	2.0
64.99868845939636	2.065115857320058	2.0
65.0148024559021	2.065115857320058	2.0
65.03472661972046	2.0649819954581963	2.0
65.05587363243103	2.0649819954581963	2.0
65.07004714012146	2.0649819954581963	2.0
65.08868527412415	2.065081403314347	2.0
65.10892224311829	2.0649342841337135	2.0
65.12488722801208	2.0649342841337135	2.0
65.14205718040466	2.0649342841337135	2.0
65.16226768493652	2.0641318793522663	2.0
65.17741012573242	2.0641318793522663	2.0
65.19406986236572	2.063295503868752	2.0
65.20827150344849	2.063295503868752	2.0
65.2212278842926	2.063295503868752	2.0
65.23799920082092	2.0625411726048135	2.0
65.25146126747131	2.0625411726048135	2.0
65.27004480361938	2.0625411726048135	2.0
65.28798604011536	2.0613728491007857	2.0
65.30605053901672	2.0613728491007857	2.0
65.32673239707947	2.060336610764132	2.0
65.3519537448883	2.05918159292237	2.0
65.37492084503174	2.05918159292237	2.0
65.39977931976318	2.0577149923007694	2.0
65.42335176467896	2.0577149923007694	2.0
65.44707536697388	2.0559615800046203	2.0
65.46916365623474	2.0559615800046203	2.0
65.4939398765564	2.054417470546192	2.0
65.52377557754517	2.0526047412419763	2.0
65.54903721809387	2.0526047412419763	2.0
65.57420802116394	2.051787060395305	2.0
65.59516143798828	2.0511806689397654	2.0
65.61774015426636	2.0511806689397654	2.0
65.63921546936035	2.0503489202889376	2.0
65.65875172615051	2.0503489202889376	2.0
65.678218126297	2.049881596377025	2.0
65.69689178466797	2.049881596377025	2.0
65.71569728851318	2.049881596377025	2.0
65.73277831077576	2.049420270923941	2.0
65.7490587234497	2.049420270923941	2.0
65.76690244674683	2.049086712345617	2.0
65.7818672657013	2.049086712345617	2.0
65.79910945892334	2.0491606887374427	2.0
65.81352472305298	2.0491606887374427	2.0
65.8271975517273	2.0491606887374427	2.0
65.84304428100586	2.0491606887374427	2.0
65.86007165908813	2.0494144882077476	2.0
65.87951350212097	2.049376018211341	2.0
65.89553809165955	2.049376018211341	2.0
65.9117784500122	2.049376018211341	2.0
65.92981219291687	2.0497393233171937	2.0
65.94500279426575	2.0497393233171937	2.0
65.96126103401184	2.049577185940504	2.0
65.97462773323059	2.049577185940504	2.0
65.98818778991699	2.049577185940504	2.0
66.00387144088745	2.049577185940504	2.0
66.01828670501709	2.049301836171629	2.0
66.03466033935547	2.049301836171629	2.0
66.04900789260864	2.0491159107147956	2.0
66.0646436214447	2.0491159107147956	2.0
66.08035826683044	2.0491159107147956	2.0
66.09792685508728	2.048788023540326	2.0
66.11349844932556	2.048788023540326	2.0
66.1282548904419	2.0481409796908134	2.0
66.1423966884613	2.0481409796908134	2.0
66.15607166290283	2.0481409796908134	2.0
66.17098951339722	2.0477602879150902	2.0
66.18483138084412	2.0477602879150902	2.0
66.20099401473999	2.0477073168204525	2.0
66.2146213054657	2.0477073168204525	2.0
66.22796034812927	2.0477073168204525	2.0
66.24930763244629	2.047400176730944	2.0
66.26355242729187	2.047400176730944	2.0
66.27911567687988	2.047740968292417	2.0
66.29153323173523	2.047740968292417	2.0
66.30399489402771	2.047740968292417	2.0
66.3164575099945	2.047740968292417	2.0
66.33016443252563	2.0477748954026236	2.0
66.34244799613953	2.0477748954026236	2.0
66.3558702468872	2.0477748954026236	2.0
66.37036514282227	2.048452661727284	2.0
66.38291907310486	2.048452661727284	2.0
66.39529466629028	2.048452661727284	2.0
66.40915608406067	2.0488183407830936	2.0
66.42201089859009	2.0488183407830936	2.0
66.43679881095886	2.0488183407830936	2.0
66.44963645935059	2.049062350999297	2.0
66.46234631538391	2.049062350999297	2.0
66.47610855102539	2.049062350999297	2.0
66.49065709114075	2.049492096646908	2.0
66.50334811210632	2.049492096646908	2.0
66.51584053039551	2.049492096646908	2.0
66.52944540977478	2.049492096646908	2.0
66.54335308074951	2.0504311786050793	2.0
66.55593824386597	2.0504311786050793	2.0
66.57143235206604	2.0515386848792225	2.0
66.58454203605652	2.0515386848792225	2.0
66.59752035140991	2.0515386848792225	2.0
66.61294221878052	2.0515386848792225	2.0
66.62622880935669	2.0525659796797866	2.0
66.64048457145691	2.0525659796797866	2.0
66.65665698051453	2.0537568267802326	2.0
66.67137002944946	2.0537568267802326	2.0
66.68618607521057	2.0537568267802326	2.0
66.70189571380615	2.0545077860302046	2.0
66.71702861785889	2.0545077860302046	2.0
66.73331475257874	2.0553407356323268	2.0
66.74730157852173	2.0553407356323268	2.0
66.76075625419617	2.0553407356323268	2.0
66.77705192565918	2.0556947456279504	2.0
66.79000401496887	2.0556947456279504	2.0
66.80459785461426	2.0556947456279504	2.0
66.81793856620789	2.0564119673440038	2.0
66.83037900924683	2.0564119673440038	2.0
66.84445142745972	2.0564119673440038	2.0
66.8587634563446	2.0567749981411048	2.0
66.87129735946655	2.0567749981411048	2.0
66.88622903823853	2.056911397378021	2.0
66.89975547790527	2.056911397378021	2.0
66.91375613212585	2.056911397378021	2.0
66.92812824249268	2.056911397378021	2.0
66.94180250167847	2.0566378726310006	2.0
66.9566581249237	2.0566378726310006	2.0
66.97164177894592	2.055369947942981	2.0
66.98488187789917	2.055369947942981	2.0
66.99796080589294	2.055369947942981	2.0
67.01232481002808	2.055369947942981	2.0
67.02600383758545	2.053696415944225	2.0
67.03934454917908	2.053696415944225	2.0
67.05339789390564	2.051571739176548	2.0
67.06652784347534	2.051571739176548	2.0
67.07900309562683	2.051571739176548	2.0
67.0928225517273	2.049338151218346	2.0
67.10613012313843	2.049338151218346	2.0
67.11890482902527	2.049338151218346	2.0
67.13269472122192	2.0474131540836753	2.0
67.14479184150696	2.0474131540836753	2.0
67.15669107437134	2.0474131540836753	2.0
67.17122793197632	2.0474131540836753	2.0
67.18459701538086	2.044737835228569	2.0
67.19735860824585	2.044737835228569	2.0
67.21243000030518	2.0419663351346724	2.0
67.22467279434204	2.0419663351346724	2.0
67.23653054237366	2.0419663351346724	2.0
67.24995374679565	2.0419663351346724	2.0
67.26333165168762	2.0391151402969756	2.0
67.27633261680603	2.0391151402969756	2.0
67.2882866859436	2.0391151402969756	2.0
67.30203890800476	2.0358543169839405	2.0
67.31466960906982	2.0358543169839405	2.0
67.32760715484619	2.0358543169839405	2.0
67.34195613861084	2.032195610306003	2.0
67.35498690605164	2.032195610306003	2.0
67.36778998374939	2.032195610306003	2.0
67.38229155540466	2.0283843350923276	2.0
67.39588069915771	2.0283843350923276	2.0
67.41100430488586	2.0283843350923276	2.0
67.42467641830444	2.024939294632258	2.0
67.43701505661011	2.024939294632258	2.0
67.4494297504425	2.024939294632258	2.0
67.46335744857788	2.0220767307848284	2.0
67.47593379020691	2.0220767307848284	2.0
67.48896098136902	2.0220767307848284	2.0
67.50255608558655	2.0190179666652814	2.0
67.51448106765747	2.0190179666652814	2.0
67.52701807022095	2.0190179666652814	2.0
67.54159545898438	2.0190179666652814	2.0
67.55399203300476	2.015800672591161	2.0
67.56646800041199	2.015800672591161	2.0
67.58303999900818	2.013247463348349	2.0
67.59504723548889	2.013247463348349	2.0
67.60737347602844	2.013247463348349	2.0
67.62203001976013	2.0108963508205	2.0
67.63450050354004	2.0108963508205	2.0
67.64708590507507	2.0108963508205	2.0
67.66047930717468	2.0080033967719917	2.0
67.67240357398987	2.0080033967719917	2.0
67.68474674224854	2.0080033967719917	2.0
67.69854378700256	2.0080033967719917	2.0
67.71120071411133	2.0051144614493857	2.0
67.72322511672974	2.0051144614493857	2.0
67.73781085014343	2.0029372968111394	2.0
67.74978041648865	2.0029372968111394	2.0
67.76168847084045	2.0029372968111394	2.0
67.77442789077759	2.0029372968111394	2.0
67.78830003738403	2.001224751914485	2.0
67.80069494247437	2.001224751914485	2.0
67.81475472450256	1.9995123590992043	2.0
67.82710123062134	1.9995123590992043	2.0
67.83933186531067	1.9995123590992043	2.0
67.85201501846313	1.9995123590992043	2.0
67.86670732498169	1.9974588646693365	2.0
67.87893748283386	1.9974588646693365	2.0
67.89299082756042	1.9974588646693365	2.0
67.90538692474365	1.9956332255283207	2.0
67.91737103462219	1.9956332255283207	2.0
67.92967319488525	1.9956332255283207	2.0
67.94410061836243	1.9937284432907845	2.0
67.95720195770264	1.9937284432907845	2.0
67.97121953964233	1.9937284432907845	2.0
67.98382043838501	1.9917367866141276	2.0
67.99620795249939	1.9917367866141276	2.0
68.0088860988617	1.9917367866141276	2.0
68.02317380905151	1.989437790332453	2.0
68.03566479682922	1.989437790332453	2.0
68.0477077960968	1.989437790332453	2.0
68.05971956253052	1.989437790332453	2.0
68.07498931884766	1.9881156160820121	2.0
68.08899092674255	1.9881156160820121	2.0
68.10687375068665	1.9871774398187925	2.0
68.12078809738159	1.9871774398187925	2.0
68.13480925559998	1.9871774398187925	2.0
68.15027070045471	1.9860341315105656	2.0
68.16330170631409	1.9860341315105656	2.0
68.17716336250305	1.9860341315105656	2.0
68.1905574798584	1.9850014848071293	2.0
68.20308589935303	1.9850014848071293	2.0
68.21601390838623	1.9850014848071293	2.0
68.22979521751404	1.9843008770810482	2.0
68.24226355552673	1.9843008770810482	2.0
68.25501871109009	1.9843008770810482	2.0
68.26962447166443	1.983483232672143	2.0
68.28189253807068	1.983483232672143	2.0
68.29435086250305	1.983483232672143	2.0
68.30830192565918	1.983483232672143	2.0
68.3206422328949	1.9831172148150003	2.0
68.33355164527893	1.9831172148150003	2.0
68.34744882583618	1.9820342816388112	2.0
68.36020565032959	1.9820342816388112	2.0
68.37254095077515	1.9820342816388112	2.0
68.38716220855713	1.9820342816388112	2.0
68.40010023117065	1.9819464217341263	2.0
68.4133689403534	1.9819464217341263	2.0
68.42711591720581	1.9818833016670385	2.0
68.4394679069519	1.9818833016670385	2.0
68.45182371139526	1.9818833016670385	2.0
68.46479487419128	1.9818833016670385	2.0
68.47913956642151	1.9813570979804027	2.0
68.49115800857544	1.9813570979804027	2.0
68.50613832473755	1.9815344543964195	2.0
68.51843547821045	1.9815344543964195	2.0
68.53071880340576	1.9815344543964195	2.0
68.54472422599792	1.9815344543964195	2.0
68.55822730064392	1.9811195661921068	2.0
68.5705931186676	1.9811195661921068	2.0
68.58554720878601	1.980672673850762	2.0
68.59821796417236	1.980672673850762	2.0
68.61076235771179	1.980672673850762	2.0
68.62363648414612	1.980672673850762	2.0
68.6384789943695	1.9801032807871781	2.0
68.65047597885132	1.9801032807871781	2.0
68.66553544998169	1.979819243574391	2.0
68.67786145210266	1.979819243574391	2.0
68.68991780281067	1.979819243574391	2.0
68.70262885093689	1.979819243574391	2.0
68.71595644950867	1.979452096287569	2.0
68.72859930992126	1.979452096287569	2.0
68.74248218536377	1.9797411189872562	2.0
68.7548475265503	1.9797411189872562	2.0
68.7689380645752	1.9797411189872562	2.0
68.78147721290588	1.9797411189872562	2.0
68.79589796066284	1.9800814671895512	2.0
68.80849170684814	1.9800814671895512	2.0
68.82053208351135	1.9800814671895512	2.0
68.83296871185303	1.9800814671895512	2.0
68.84765124320984	1.9805041368152263	2.0
68.86004877090454	1.9805041368152263	2.0
68.87329435348511	1.981515866042988	2.0
68.88547945022583	1.981515866042988	2.0
68.89762377738953	1.981515866042988	2.0
68.90970492362976	1.981515866042988	2.0
68.92387747764587	1.9817262399843443	2.0
68.93612790107727	1.9817262399843443	2.0
68.95108008384705	1.9828798444085471	2.0
68.96440815925598	1.9828798444085471	2.0
68.97643113136292	1.9828798444085471	2.0
68.98858904838562	1.9828798444085471	2.0
69.00222778320312	1.984081464773182	2.0
69.01442456245422	1.984081464773182	2.0
69.02766752243042	1.984081464773182	2.0
69.03983974456787	1.985367410309093	2.0
69.05219984054565	1.985367410309093	2.0
69.06421327590942	1.985367410309093	2.0
69.07805371284485	1.9867800087939411	2.0
69.09052419662476	1.9867800087939411	2.0
69.10341548919678	1.9867800087939411	2.0
69.11790037155151	1.9889861964587698	2.0
69.13026857376099	1.9889861964587698	2.0
69.14286160469055	1.9889861964587698	2.0
69.15791821479797	1.9920399055940643	2.0
69.17065191268921	1.9920399055940643	2.0
69.18350672721863	1.9920399055940643	2.0
69.19875168800354	1.9943124134114498	2.0
69.2110505104065	1.9943124134114498	2.0
69.22359037399292	1.9943124134114498	2.0
69.23808550834656	1.9966134359428096	2.0
69.25057911872864	1.9966134359428096	2.0
69.2628755569458	1.9966134359428096	2.0
69.27692008018494	1.9988018206057654	2.0
69.28899812698364	1.9988018206057654	2.0
69.30179834365845	1.9988018206057654	2.0
69.3157410621643	1.9988018206057654	2.0
69.32860827445984	2.0012346989440446	2.0
69.34135246276855	2.0012346989440446	2.0
69.35475182533264	2.00337488762329	2.0
69.36732149124146	2.00337488762329	2.0
69.38039946556091	2.00337488762329	2.0
69.39450120925903	2.00337488762329	2.0
69.40786385536194	2.005383720430861	2.0
69.42024111747742	2.005383720430861	2.0
69.43353843688965	2.0077058682931854	2.0
69.44616723060608	2.0077058682931854	2.0
69.45825219154358	2.0077058682931854	2.0
69.47039794921875	2.0077058682931854	2.0
69.48386216163635	2.0101796343165903	2.0
69.49675416946411	2.0101796343165903	2.0
69.50866031646729	2.0101796343165903	2.0
69.52161884307861	2.0101796343165903	2.0
69.53539156913757	2.011860294389034	2.0
69.5482017993927	2.011860294389034	2.0
69.56263494491577	2.0125410444852116	2.0
69.57536053657532	2.0125410444852116	2.0
69.58790946006775	2.0125410444852116	2.0
69.60027003288269	2.0125410444852116	2.0
69.61369848251343	2.013364319637101	2.0
69.62663388252258	2.013364319637101	2.0
69.64034605026245	2.0139898690342735	2.0
69.65244507789612	2.0139898690342735	2.0
69.6643660068512	2.0139898690342735	2.0
69.67658257484436	2.0139898690342735	2.0
69.6910948753357	2.013998265407485	2.0
69.7031135559082	2.013998265407485	2.0
69.71766877174377	2.0138853997358437	2.0
69.73050737380981	2.0138853997358437	2.0
69.74326372146606	2.0138853997358437	2.0
69.75635552406311	2.0138853997358437	2.0
69.77336406707764	2.0142044486488873	2.0
69.78559017181396	2.0142044486488873	2.0
69.801922082901	2.014050917491617	2.0
69.81411147117615	2.014050917491617	2.0
69.82604265213013	2.014050917491617	2.0
69.83847069740295	2.014050917491617	2.0
69.85188579559326	2.01389706268218	2.0
69.8638346195221	2.01389706268218	2.0
69.87730097770691	2.01389706268218	2.0
69.89041996002197	2.0136392265051835	2.0
69.90251588821411	2.0136392265051835	2.0
69.91497135162354	2.0136392265051835	2.0
69.92933940887451	2.0131962383015107	2.0
69.94189095497131	2.0131962383015107	2.0
69.95483231544495	2.0131962383015107	2.0
69.96835541725159	2.0131439822442054	2.0
69.9804618358612	2.0131439822442054	2.0
69.99323439598083	2.0131439822442054	2.0
70.00812673568726	2.0127095173997533	2.0
70.02069902420044	2.0127095173997533	2.0
70.03535771369934	2.0127095173997533	2.0
70.0486512184143	2.012543529431637	2.0
70.0611264705658	2.012543529431637	2.0
70.07327175140381	2.012543529431637	2.0
70.08731436729431	2.0130843949840544	2.0
70.1004273891449	2.0130843949840544	2.0
70.11537599563599	2.0130843949840544	2.0
70.12850332260132	2.0136085676465774	2.0
70.14086937904358	2.0136085676465774	2.0
70.15310478210449	2.0136085676465774	2.0
70.16866135597229	2.0137711747844897	2.0
70.18209862709045	2.0137711747844897	2.0
70.196040391922	2.0137711747844897	2.0
70.20999431610107	2.014965054467229	2.0
70.22223687171936	2.014965054467229	2.0
70.23466730117798	2.014965054467229	2.0
70.24880647659302	2.0161585969959646	2.0
70.26139283180237	2.0161585969959646	2.0
70.27422046661377	2.0161585969959646	2.0
70.28772020339966	2.0161585969959646	2.0
70.30271005630493	2.0174923039473325	2.0
70.31606125831604	2.0174923039473325	2.0
70.3305492401123	2.0189969557356426	2.0
70.34349966049194	2.0189969557356426	2.0
70.35593223571777	2.0189969557356426	2.0
70.37041187286377	2.0189969557356426	2.0
70.38446640968323	2.020347928265128	2.0
70.39725303649902	2.020347928265128	2.0
70.41102123260498	2.022169060542671	2.0
70.42405200004578	2.022169060542671	2.0
70.43687534332275	2.022169060542671	2.0
70.45107936859131	2.022169060542671	2.0
70.46477746963501	2.024314135357001	2.0
70.47737288475037	2.024314135357001	2.0
70.49140286445618	2.0264828940714463	2.0
70.5041983127594	2.0264828940714463	2.0
70.51704144477844	2.0264828940714463	2.0
70.53165078163147	2.0264828940714463	2.0
70.54543685913086	2.0286190268396007	2.0
70.55824828147888	2.0286190268396007	2.0
70.57181358337402	2.030978550729648	2.0
70.5847327709198	2.030978550729648	2.0
70.5977201461792	2.030978550729648	2.0
70.61055946350098	2.030978550729648	2.0
70.62397503852844	2.0326797127781973	2.0
70.63708233833313	2.0326797127781973	2.0
70.65120959281921	2.0340803620274466	2.0
70.66348648071289	2.0340803620274466	2.0
70.67569088935852	2.0340803620274466	2.0
70.68850255012512	2.0340803620274466	2.0
70.70224046707153	2.035286222199366	2.0
70.7152636051178	2.035286222199366	2.0
70.7298674583435	2.036193437444927	2.0
70.74212956428528	2.036193437444927	2.0
70.75496244430542	2.036193437444927	2.0
70.76838612556458	2.036193437444927	2.0
70.78349375724792	2.0373183375861106	2.0
70.79777479171753	2.0373183375861106	2.0
70.81276965141296	2.0383627297671985	2.0
70.82608008384705	2.0383627297671985	2.0
70.83928418159485	2.0383627297671985	2.0
70.85625982284546	2.038695389051583	2.0
70.86947274208069	2.038695389051583	2.0
70.88442730903625	2.038695389051583	2.0
70.89784932136536	2.0390770705626395	2.0
70.91054773330688	2.0390770705626395	2.0
70.92308330535889	2.0390770705626395	2.0
70.93785285949707	2.039816484736187	2.0
70.95040512084961	2.039816484736187	2.0
70.96614146232605	2.040132044521212	2.0
70.97951459884644	2.040132044521212	2.0
70.99251413345337	2.040132044521212	2.0
71.00741219520569	2.040132044521212	2.0
71.02216601371765	2.0404512100035315	2.0
71.03480768203735	2.0404512100035315	2.0
71.04801321029663	2.0404512100035315	2.0
71.0622136592865	2.041402616024938	2.0
71.07545328140259	2.041402616024938	2.0
71.08875513076782	2.041402616024938	2.0
71.10230231285095	2.042185014904489	2.0
71.11522841453552	2.042185014904489	2.0
71.12761688232422	2.042185014904489	2.0
71.14161801338196	2.0434926758199197	2.0
71.15452098846436	2.0434926758199197	2.0
71.16754364967346	2.0434926758199197	2.0
71.18081974983215	2.0447393579092137	2.0
71.19397377967834	2.0447393579092137	2.0
71.20668768882751	2.0447393579092137	2.0
71.22057795524597	2.0447393579092137	2.0
71.23391628265381	2.045943784075365	2.0
71.24725031852722	2.045943784075365	2.0
71.2639582157135	2.0467778253917817	2.0
71.2768177986145	2.0467778253917817	2.0
71.28916525840759	2.0467778253917817	2.0
71.30420303344727	2.0477248097239396	2.0
71.317302942276	2.0477248097239396	2.0
71.33143639564514	2.0477248097239396	2.0
71.34541249275208	2.0485727335691335	2.0
71.3580572605133	2.0485727335691335	2.0
71.37099313735962	2.0485727335691335	2.0
71.38576674461365	2.049401583730747	2.0
71.40044593811035	2.049401583730747	2.0
71.41635608673096	2.050940311647919	2.0
71.42939734458923	2.050940311647919	2.0
71.44178557395935	2.050940311647919	2.0
71.45530843734741	2.050940311647919	2.0
71.46888899803162	2.0509054752597295	2.0
71.48185777664185	2.0509054752597295	2.0
71.49625897407532	2.0513290270504188	2.0
71.50885391235352	2.0513290270504188	2.0
71.5210919380188	2.0513290270504188	2.0
71.53426837921143	2.0513290270504188	2.0
71.54795360565186	2.0512369269542496	2.0
71.56075811386108	2.0512369269542496	2.0
71.57560133934021	2.0511780282745153	2.0
71.58851194381714	2.0511780282745153	2.0
71.60084462165833	2.0511780282745153	2.0
71.61335706710815	2.0511780282745153	2.0
71.62705135345459	2.0507619085763995	2.0
71.63939356803894	2.0507619085763995	2.0
71.65477752685547	2.0508249590578496	2.0
71.66758441925049	2.0508249590578496	2.0
71.67997336387634	2.0508249590578496	2.0
71.69355010986328	2.0508249590578496	2.0
71.7074875831604	2.050667838829232	2.0
71.72006726264954	2.050667838829232	2.0
71.73445248603821	2.049977072512772	2.0
71.74716377258301	2.049977072512772	2.0
71.76010870933533	2.049977072512772	2.0
71.77280020713806	2.049977072512772	2.0
71.78797006607056	2.0490209518988745	2.0
71.8003797531128	2.0490209518988745	2.0
71.8132712841034	2.0490209518988745	2.0
71.82751536369324	2.0490209518988745	2.0
71.84069871902466	2.0472407145920313	2.0
71.854079246521	2.0472407145920313	2.0
71.86833047866821	2.046383605087467	2.0
71.88074016571045	2.046383605087467	2.0
71.89308094978333	2.046383605087467	2.0
71.90719699859619	2.046383605087467	2.0
71.92022800445557	2.044746073167225	2.0
71.93291902542114	2.044746073167225	2.0
71.94667649269104	2.043681728153435	2.0
71.95959234237671	2.043681728153435	2.0
71.97189950942993	2.043681728153435	2.0
71.98636722564697	2.043681728153435	2.0
72.00032138824463	2.041448006868868	2.0
72.0141966342926	2.041448006868868	2.0
72.02822279930115	2.039396321171112	2.0
72.0409824848175	2.039396321171112	2.0
72.05406379699707	2.039396321171112	2.0
72.06794857978821	2.039396321171112	2.0
72.08030462265015	2.0374087268771084	2.0
72.09375262260437	2.0374087268771084	2.0
72.10809683799744	2.035496584671603	2.0
72.12092137336731	2.035496584671603	2.0
72.13326048851013	2.035496584671603	2.0
72.14716386795044	2.035496584671603	2.0
72.159841299057	2.033773808842469	2.0
72.17312002182007	2.033773808842469	2.0
72.18743515014648	2.032655945629332	2.0
72.20045757293701	2.032655945629332	2.0
72.21292757987976	2.032655945629332	2.0
72.22716569900513	2.032655945629332	2.0
72.23994302749634	2.0314812101003894	2.0
72.25254130363464	2.0314812101003894	2.0
72.26661729812622	2.0298254173891546	2.0
72.27899265289307	2.0298254173891546	2.0
72.29162049293518	2.0298254173891546	2.0
72.30557489395142	2.0298254173891546	2.0
72.31876683235168	2.026917687144902	2.0
72.33112335205078	2.026917687144902	2.0
72.34588313102722	2.0232143344052074	2.0
72.35864472389221	2.0232143344052074	2.0
72.37152242660522	2.0232143344052074	2.0
72.38575577735901	2.0232143344052074	2.0
72.39928460121155	2.0205936933265094	2.0
72.41228127479553	2.0205936933265094	2.0
72.42678499221802	2.017486248168671	2.0
72.43920755386353	2.017486248168671	2.0
72.45210981369019	2.017486248168671	2.0
72.46530199050903	2.017486248168671	2.0
72.47837853431702	2.014452914485722	2.0
72.49073815345764	2.014452914485722	2.0
72.50434827804565	2.011715397874942	2.0
72.51710629463196	2.011715397874942	2.0
72.52961158752441	2.011715397874942	2.0
72.5484721660614	2.011715397874942	2.0
72.56229615211487	2.009213140737382	2.0
72.57536816596985	2.009213140737382	2.0
72.58835887908936	2.009213140737382	2.0
72.60258531570435	2.0030573753847407	2.0
72.61561560630798	2.0030573753847407	2.0
72.62989544868469	2.000420862135579	2.0
72.6430549621582	2.000420862135579	2.0
72.65616917610168	2.000420862135579	2.0
72.66896605491638	2.000420862135579	2.0
72.68450570106506	2.005192339408306	2.0
72.6969952583313	2.005192339408306	2.0
72.71104073524475	nan	2.0
72.72350740432739	nan	2.0
72.73679375648499	nan	2.0
72.75002694129944	nan	2.0
72.76398420333862	nan	2.0
72.77680230140686	nan	2.0
72.7914822101593	nan	2.0
72.80472540855408	nan	2.0
72.81725287437439	nan	2.0
72.8297483921051	nan	2.0
72.84373188018799	nan	2.0
72.85667181015015	nan	2.0
72.8708713054657	nan	2.0
72.88428211212158	nan	2.0
72.89710140228271	nan	2.0
72.91011786460876	nan	2.0
72.92505025863647	nan	2.0
72.9376118183136	nan	2.0
72.95170426368713	nan	2.0
72.96523523330688	nan	2.0
72.97780013084412	nan	2.0
72.99099516868591	nan	2.0
73.00610995292664	nan	2.0
73.01895809173584	nan	2.0
73.03395318984985	nan	2.0
73.04712867736816	nan	2.0
73.05950832366943	nan	2.0
73.07645463943481	nan	2.0
73.09464430809021	nan	2.0
73.11288332939148	nan	2.0
73.12717652320862	nan	2.0
73.14089250564575	nan	2.0
73.15524363517761	nan	2.0
73.1682722568512	nan	2.0
73.18108987808228	nan	2.0
73.194988489151	nan	2.0
73.20797872543335	nan	2.0
73.2206678390503	nan	2.0
73.23453283309937	nan	2.0
73.24792408943176	nan	2.0
73.26101684570312	nan	2.0
73.27514505386353	nan	2.0
73.28864026069641	nan	2.0
73.30091452598572	nan	2.0
73.31481122970581	nan	2.0
73.32952904701233	nan	2.0
73.34256768226624	nan	2.0
73.35537123680115	nan	2.0
73.36988425254822	nan	2.0
73.38276934623718	nan	2.0
73.40016555786133	nan	2.0
73.41280460357666	nan	2.0
73.42587566375732	nan	2.0
73.43904161453247	nan	2.0
73.45809125900269	nan	2.0
73.47071242332458	nan	2.0
73.48463296890259	nan	2.0
73.49731993675232	nan	2.0
73.50951814651489	nan	2.0
73.52382254600525	nan	2.0
73.53692746162415	nan	2.0
73.54997420310974	nan	2.0
73.5653908252716	nan	2.0
73.57784342765808	nan	2.0
73.59062314033508	nan	2.0
73.60439586639404	nan	2.0
73.61730980873108	nan	2.0
73.63032960891724	nan	2.0
73.6455500125885	nan	2.0
73.65823602676392	nan	2.0
73.67054891586304	nan	2.0
73.68446207046509	nan	2.0
73.69746375083923	nan	2.0
73.71088862419128	nan	2.0
73.725093126297	nan	2.0
73.73744630813599	nan	2.0
73.75018382072449	nan	2.0
73.76408433914185	nan	2.0
73.77681684494019	nan	2.0
73.78922891616821	nan	2.0
73.80479669570923	nan	2.0
73.81703329086304	nan	2.0
73.82966923713684	nan	2.0
73.84409427642822	nan	2.0
73.85703897476196	nan	2.0
73.87008738517761	nan	2.0
73.88421869277954	nan	2.0
73.89680361747742	nan	2.0
73.9092845916748	nan	2.0
73.92354893684387	nan	2.0
73.93620300292969	nan	2.0
73.94886231422424	nan	2.0
73.9649441242218	nan	2.0
73.97765517234802	nan	2.0
73.9903974533081	nan	2.0
74.00453567504883	nan	2.0
74.01702857017517	nan	2.0
74.02937293052673	nan	2.0
74.04199361801147	nan	2.0
74.05620670318604	nan	2.0
74.06858539581299	nan	2.0
74.08170437812805	nan	2.0
74.0951623916626	nan	2.0
74.10766410827637	nan	2.0
74.11999559402466	nan	2.0
74.13414740562439	nan	2.0
74.14654278755188	nan	2.0
74.15915012359619	nan	2.0
74.17279529571533	nan	2.0
74.18536448478699	nan	2.0
74.19757437705994	nan	2.0
74.21141815185547	nan	2.0
74.22397303581238	nan	2.0
74.23683261871338	nan	2.0
74.2510998249054	nan	2.0
74.26345014572144	nan	2.0
74.27620053291321	nan	2.0
74.29221510887146	nan	2.0
74.30493927001953	nan	2.0
74.31741619110107	nan	2.0
74.33132004737854	nan	2.0
74.34353399276733	nan	2.0
74.35637283325195	nan	2.0
74.37017869949341	nan	2.0
74.38318514823914	nan	2.0
74.39601850509644	nan	2.0
74.4098448753357	nan	2.0
74.42217087745667	nan	2.0
74.43482160568237	nan	2.0
74.44738626480103	nan	2.0
74.46124291419983	nan	2.0
74.47343254089355	nan	2.0
74.48741698265076	nan	2.0
74.49966406822205	nan	2.0
74.51232957839966	nan	2.0
74.52514147758484	nan	2.0
74.53879284858704	nan	2.0
74.55100679397583	nan	2.0
74.56611657142639	nan	2.0
74.57873034477234	nan	2.0
74.59094262123108	nan	2.0
74.60321164131165	nan	2.0
74.61808633804321	nan	2.0
74.63032174110413	nan	2.0
74.64453387260437	nan	2.0
74.65714120864868	nan	2.0
74.66931891441345	nan	2.0
74.68207240104675	nan	2.0
74.69600343704224	nan	2.0
74.70838642120361	nan	2.0
74.72173619270325	nan	2.0
74.73477268218994	nan	2.0
74.74709153175354	nan	2.0
74.75932621955872	nan	2.0
74.77355456352234	nan	2.0
74.78583979606628	nan	2.0
74.79848027229309	nan	2.0
74.8109757900238	nan	2.0
74.82500004768372	nan	2.0
74.83741784095764	nan	2.0
74.85368227958679	nan	2.0
74.86697340011597	nan	2.0
74.87938499450684	nan	2.0
74.89238095283508	nan	2.0
74.90798258781433	nan	2.0
74.92030835151672	nan	2.0
74.93433427810669	nan	2.0
74.94703221321106	nan	2.0
74.95982933044434	nan	2.0
74.9728057384491	nan	2.0
74.98654818534851	nan	2.0
74.99876523017883	nan	2.0
75.0124728679657	nan	2.0
75.02516055107117	nan	2.0
75.03737831115723	nan	2.0
75.04983806610107	nan	2.0
75.06474828720093	nan	2.0
75.07797169685364	nan	2.0
75.0924003124237	nan	2.0
75.10526847839355	nan	2.0
75.11774826049805	nan	2.0
75.12996339797974	nan	2.0
75.14391016960144	1.941554639280381	2.0
75.15623211860657	1.941554639280381	2.0
75.1704273223877	1.941554639280381	2.0
75.18384861946106	1.9470121420208581	2.0
75.19664525985718	1.9470121420208581	2.0
75.20913696289062	1.9470121420208581	2.0
75.22347974777222	1.9519018841956641	2.0
75.23575806617737	1.9519018841956641	2.0
75.2488808631897	1.9519018841956641	2.0
75.26204347610474	1.9569396514279167	2.0
75.27429342269897	1.9569396514279167	2.0
75.28671932220459	1.9569396514279167	2.0
75.30046606063843	1.9569396514279167	2.0
75.31380295753479	1.9615136940135784	2.0
75.327308177948	1.9615136940135784	2.0
75.341392993927	1.965609605098822	2.0
75.35400462150574	1.965609605098822	2.0
75.36952900886536	1.965609605098822	2.0
75.38773274421692	1.9686445442307101	2.0
75.40173101425171	1.9686445442307101	2.0
75.42212414741516	1.9714503964839618	2.0
75.43519759178162	1.9714503964839618	2.0
75.44807934761047	1.9714503964839618	2.0
75.46453523635864	1.9741540875834385	2.0
75.47784972190857	1.9741540875834385	2.0
75.49196815490723	1.9741540875834385	2.0
75.50479102134705	1.9765085055917866	2.0
75.51736831665039	1.9765085055917866	2.0
75.52983689308167	1.9765085055917866	2.0
75.54418873786926	1.9784078768933522	2.0
75.55736327171326	1.9784078768933522	2.0
75.56965851783752	1.9784078768933522	2.0
75.58278203010559	1.9784078768933522	2.0
75.59658336639404	1.9809812259787178	2.0
75.60900974273682	1.9809812259787178	2.0
75.62301826477051	1.9837397970569242	2.0
75.63557243347168	1.9837397970569242	2.0
75.64827299118042	1.9837397970569242	2.0
75.66083431243896	1.9837397970569242	2.0
75.67462086677551	1.9848486474662437	2.0
75.68778944015503	1.9848486474662437	2.0
75.70230531692505	1.9861190728167553	2.0
75.71571207046509	1.9861190728167553	2.0
75.72795057296753	1.9861190728167553	2.0
75.74044609069824	1.9861190728167553	2.0
75.75411081314087	1.9872280157117068	2.0
75.76631903648376	1.9872280157117068	2.0
75.78051924705505	1.988626132629013	2.0
75.7935540676117	1.988626132629013	2.0
75.80577826499939	1.988626132629013	2.0
75.81826543807983	1.988626132629013	2.0
75.83201479911804	1.9900341850081062	2.0
75.8445336818695	1.9900341850081062	2.0
75.85800170898438	1.9900341850081062	2.0
75.87195611000061	1.991028860301456	2.0
75.88456630706787	1.991028860301456	2.0
75.89718127250671	1.991028860301456	2.0
75.91094374656677	1.9925085884802543	2.0
75.92386174201965	1.9925085884802543	2.0
75.9378182888031	1.9925085884802543	2.0
75.9505569934845	1.992959993555317	2.0
75.9628496170044	1.992959993555317	2.0
75.97535920143127	1.992959993555317	2.0
75.98889231681824	1.9931074667696027	2.0
76.001473903656	1.9931074667696027	2.0
76.0152838230133	1.9931074667696027	2.0
76.02950811386108	1.9930470568948095	2.0
76.04351210594177	1.9930470568948095	2.0
76.05645966529846	1.9930470568948095	2.0
76.07059526443481	1.9938374576775035	2.0
76.0831663608551	1.9938374576775035	2.0
76.09609413146973	1.9938374576775035	2.0
76.11063551902771	1.9946542324027785	2.0
76.12300825119019	1.9946542324027785	2.0
76.13562488555908	1.9946542324027785	2.0
76.14948654174805	1.9946542324027785	2.0
76.16237092018127	1.995514527227476	2.0
76.17530870437622	1.995514527227476	2.0
76.1887595653534	1.9967561980146011	2.0
76.20120215415955	1.9967561980146011	2.0
76.21347117424011	1.9967561980146011	2.0
76.22744250297546	1.9967561980146011	2.0
76.24021887779236	1.997147877225801	2.0
76.25298237800598	1.997147877225801	2.0
76.26737880706787	1.9987602763875831	2.0
76.27991986274719	1.9987602763875831	2.0
76.29264903068542	1.9987602763875831	2.0
76.30657267570496	1.9987602763875831	2.0
76.32019782066345	2.0000166310156144	2.0
76.33270859718323	2.0000166310156144	2.0
76.34537100791931	2.0000166310156144	2.0
76.35951638221741	2.001821432793588	2.0
76.37233591079712	2.001821432793588	2.0
76.38603568077087	2.001821432793588	2.0
76.39876794815063	2.0039894074959688	2.0
76.41140604019165	2.0039894074959688	2.0
76.42368078231812	2.0039894074959688	2.0
76.43755459785461	2.0056600074724864	2.0
76.44981288909912	2.0056600074724864	2.0
76.46428084373474	2.0056600074724864	2.0
76.48076963424683	2.008556380257719	2.0
76.49311876296997	2.008556380257719	2.0
76.50573945045471	2.008556380257719	2.0
76.51986813545227	2.0107098628137234	2.0
76.5322425365448	2.0107098628137234	2.0
76.54687023162842	2.0107098628137234	2.0
76.55928158760071	2.013728009137771	2.0
76.57144331932068	2.013728009137771	2.0
76.58371543884277	2.013728009137771	2.0
76.59885549545288	2.0161954818117245	2.0
76.6111433506012	2.0161954818117245	2.0
76.62429141998291	2.0161954818117245	2.0
76.63864064216614	2.019150841672564	2.0
76.65141940116882	2.019150841672564	2.0
76.66434168815613	2.019150841672564	2.0
76.67824530601501	2.02166472638612	2.0
76.69104242324829	2.02166472638612	2.0
76.70448637008667	2.02166472638612	2.0
76.71871995925903	2.0241901124628674	2.0
76.7310221195221	2.0241901124628674	2.0
76.74354767799377	2.0241901124628674	2.0
76.75880527496338	2.0267691421867253	2.0
76.77145266532898	2.0267691421867253	2.0
76.7850112915039	2.0267691421867253	2.0
76.79817295074463	2.0285107801657807	2.0
76.81076264381409	2.0285107801657807	2.0
76.82358360290527	2.0285107801657807	2.0
76.8373773097992	2.0308727718346167	2.0
76.84976267814636	2.0308727718346167	2.0
76.86325240135193	2.0308727718346167	2.0
76.87833070755005	2.03181599687579	2.0
76.89072251319885	2.03181599687579	2.0
76.90410709381104	2.03181599687579	2.0
76.91939067840576	2.032999317891214	2.0
76.93205261230469	2.032999317891214	2.0
76.94557166099548	2.032999317891214	2.0
76.95920658111572	2.033007776910705	2.0
76.97159171104431	2.033007776910705	2.0
76.98417496681213	2.033007776910705	2.0
76.9980640411377	2.0328684226710307	2.0
77.0104751586914	2.0328684226710307	2.0
77.02404999732971	2.0328684226710307	2.0
77.03757691383362	2.03294597233361	2.0
77.05005121231079	2.03294597233361	2.0
77.06300234794617	2.03294597233361	2.0
77.07746315002441	2.031642073126817	2.0
77.08990931510925	2.031642073126817	2.0
77.10223937034607	2.031642073126817	2.0
77.11484098434448	2.031642073126817	2.0
77.12930631637573	2.0306305137172536	2.0
77.14186263084412	2.0306305137172536	2.0
77.15679883956909	2.0290445580947054	2.0
77.16980934143066	2.0290445580947054	2.0
77.1827244758606	2.0290445580947054	2.0
77.19514536857605	2.0290445580947054	2.0
77.20962190628052	2.027466088270412	2.0
77.22275471687317	2.027466088270412	2.0
77.237966299057	2.0259962487258982	2.0
77.2505795955658	2.0259962487258982	2.0
77.26289701461792	2.0259962487258982	2.0
77.27533030509949	2.0259962487258982	2.0
77.29058456420898	2.024522060573075	2.0
77.30376553535461	2.024522060573075	2.0
77.31855511665344	2.0236124747297017	2.0
77.33184027671814	2.0236124747297017	2.0
77.34431266784668	2.0236124747297017	2.0
77.35713386535645	2.0236124747297017	2.0
77.37109398841858	2.0228989066848433	2.0
77.38382744789124	2.0228989066848433	2.0
77.39846301078796	2.022597015461878	2.0
77.4113380908966	2.022597015461878	2.0
77.42397594451904	2.022597015461878	2.0
77.43656468391418	2.022597015461878	2.0
77.45059204101562	2.0217996712402395	2.0
77.4637508392334	2.0217996712402395	2.0
77.47810363769531	2.0222603867492475	2.0
77.49118566513062	2.0222603867492475	2.0
77.50417494773865	2.0222603867492475	2.0
77.51795506477356	2.0222603867492475	2.0
77.53216218948364	2.021900898747041	2.0
77.54502582550049	2.021900898747041	2.0
77.55914735794067	2.022186781215999	2.0
77.57156085968018	2.022186781215999	2.0
77.58461785316467	2.022186781215999	2.0
77.59762072563171	2.022186781215999	2.0
77.61311316490173	2.0215167171305515	2.0
77.62544679641724	2.0215167171305515	2.0
77.63957214355469	2.0204074454218683	2.0
77.65264296531677	2.0204074454218683	2.0
77.66575050354004	2.0204074454218683	2.0
77.67903900146484	2.0204074454218683	2.0
77.69258713722229	2.019827814823634	2.0
77.70554518699646	2.019827814823634	2.0
77.72095608711243	2.0191622514734586	2.0
77.73327302932739	2.0191622514734586	2.0
77.74618077278137	2.0191622514734586	2.0
77.75954723358154	2.0191622514734586	2.0
77.77273035049438	2.0186000327051303	2.0
77.78576040267944	2.0186000327051303	2.0
77.80201005935669	2.017160631818337	2.0
77.81458044052124	2.017160631818337	2.0
77.82747292518616	2.017160631818337	2.0
77.8405921459198	2.017160631818337	2.0
77.85440945625305	2.016206299393269	2.0
77.86723566055298	2.016206299393269	2.0
77.8795907497406	2.016206299393269	2.0
77.8953309059143	2.014201494725051	2.0
77.90830993652344	2.014201494725051	2.0
77.92243242263794	2.014201494725051	2.0
77.93560600280762	2.0134025275209675	2.0
77.94806861877441	2.0134025275209675	2.0
77.96046304702759	2.0134025275209675	2.0
77.97724485397339	2.01189480584369	2.0
77.99034118652344	2.01189480584369	2.0
78.00427794456482	2.010793646326653	2.0
78.01735591888428	2.010793646326653	2.0
78.03034543991089	2.010793646326653	2.0
78.04382467269897	2.010793646326653	2.0
78.05911993980408	2.0102550909131836	2.0
78.07177519798279	2.0102550909131836	2.0
78.086416721344	2.008989095588195	2.0
78.09882068634033	2.008989095588195	2.0
78.11140084266663	2.008989095588195	2.0
78.12416100502014	2.008989095588195	2.0
78.13765692710876	2.0077805061453793	2.0
78.1500916481018	2.0077805061453793	2.0
78.16375422477722	2.0077805061453793	2.0
78.17691564559937	2.0065827642650373	2.0
78.18942427635193	2.0065827642650373	2.0
78.20191955566406	2.0065827642650373	2.0
78.2170352935791	2.0055934555227557	2.0
78.2299256324768	2.0055934555227557	2.0
78.24326729774475	2.0055934555227557	2.0
78.25676321983337	2.004722830522756	2.0
78.2697057723999	2.004722830522756	2.0
78.28263545036316	2.004722830522756	2.0
78.29712104797363	2.0038076211774323	2.0
78.30973434448242	2.0038076211774323	2.0
78.32476162910461	2.002649931660245	2.0
78.33722996711731	2.002649931660245	2.0
78.34954357147217	2.002649931660245	2.0
78.36179161071777	2.002649931660245	2.0
78.3757746219635	2.001634774206555	2.0
78.38812232017517	2.001634774206555	2.0
78.40244245529175	2.001634774206555	2.0
78.41538333892822	2.0010826498827727	2.0
78.42774319648743	2.0010826498827727	2.0
78.43993663787842	2.0010826498827727	2.0
78.45491671562195	2.000003285128175	2.0
78.46787190437317	2.000003285128175	2.0
78.48125004768372	2.000003285128175	2.0
78.49428796768188	1.9993057555993623	2.0
78.5071656703949	1.9993057555993623	2.0
78.51959538459778	1.9993057555993623	2.0
78.53562617301941	1.9984796754487437	2.0
78.54860782623291	1.9984796754487437	2.0
78.56160497665405	1.9984796754487437	2.0
78.57469272613525	1.9984796754487437	2.0
78.58966398239136	1.9978333506624186	2.0
78.602872133255	1.9978333506624186	2.0
78.61687850952148	1.998356541609826	2.0
78.62956380844116	1.998356541609826	2.0
78.64208340644836	1.998356541609826	2.0
78.65484309196472	1.998356541609826	2.0
78.66834092140198	1.998376318553289	2.0
78.68069744110107	1.998376318553289	2.0
78.69469332695007	1.9992657217195593	2.0
78.70758605003357	1.9992657217195593	2.0
78.71991753578186	1.9992657217195593	2.0
78.73346042633057	1.9992657217195593	2.0
78.74715328216553	1.9996373932996054	2.0
78.7597496509552	1.9996373932996054	2.0
78.77459669113159	2.000411199064016	2.0
78.78730726242065	2.000411199064016	2.0
78.79964566230774	2.000411199064016	2.0
78.81309986114502	2.000411199064016	2.0
78.82814002037048	2.0011841713783562	2.0
78.84038281440735	2.0011841713783562	2.0
78.85510182380676	2.0024197744272683	2.0
78.86748218536377	2.0024197744272683	2.0
78.87974214553833	2.0024197744272683	2.0
78.89407277107239	2.0024197744272683	2.0
78.9081072807312	2.004516152501908	2.0
78.92075777053833	2.004516152501908	2.0
78.93438982963562	2.007054457048384	2.0
78.94680619239807	2.007054457048384	2.0
78.95921325683594	2.007054457048384	2.0
78.97259783744812	2.007054457048384	2.0
78.98611211776733	2.010233262269267	2.0
78.99840593338013	2.010233262269267	2.0
79.01199841499329	2.011986573764698	2.0
79.02453684806824	2.011986573764698	2.0
79.03681015968323	2.011986573764698	2.0
79.04993939399719	2.011986573764698	2.0
79.06565761566162	2.0141598499362514	2.0
79.07802772521973	2.0141598499362514	2.0
79.09300017356873	2.015933732266828	2.0
79.10564422607422	2.015933732266828	2.0
79.11805748939514	2.015933732266828	2.0
79.13036966323853	2.015933732266828	2.0
79.14500761032104	2.0183256215176426	2.0
79.1577217578888	2.0183256215176426	2.0
79.17170691490173	2.0183256215176426	2.0
79.18447303771973	2.0207515262795477	2.0
79.19693779945374	2.0207515262795477	2.0
79.20974850654602	2.0207515262795477	2.0
79.22511792182922	2.02385343009238	2.0
79.237961769104	2.02385343009238	2.0
79.25183653831482	2.02385343009238	2.0
79.26439380645752	2.026079423682124	2.0
79.27700018882751	2.026079423682124	2.0
79.28987336158752	2.026079423682124	2.0
79.30389165878296	2.027380823952156	2.0
79.31659293174744	2.027380823952156	2.0
79.3296332359314	2.027380823952156	2.0
79.34311318397522	2.027380823952156	2.0
79.35762739181519	2.028456350289436	2.0
79.37035608291626	2.028456350289436	2.0
79.38433313369751	2.0288750826060897	2.0
79.3973536491394	2.0288750826060897	2.0
79.41082406044006	2.0288750826060897	2.0
79.4242570400238	2.0288750826060897	2.0
79.43819069862366	2.0297733573468526	2.0
79.45085620880127	2.0297733573468526	2.0
79.46507906913757	2.031117305636331	2.0
79.47774076461792	2.031117305636331	2.0
79.49011182785034	2.031117305636331	2.0
79.50368571281433	2.031117305636331	2.0
79.51771664619446	2.0324141740167216	2.0
79.53061890602112	2.0324141740167216	2.0
79.54558062553406	2.0328640870602	2.0
79.55866742134094	2.0328640870602	2.0
79.57150650024414	2.0328640870602	2.0
79.58552193641663	2.0328640870602	2.0
79.59989333152771	2.0339365078094795	2.0
79.61353826522827	2.0339365078094795	2.0
79.62849378585815	2.034376537338515	2.0
79.64114928245544	2.034376537338515	2.0
79.65411591529846	2.034376537338515	2.0
79.66953825950623	2.035725689880888	2.0
79.68267107009888	2.035725689880888	2.0
79.69594216346741	2.035725689880888	2.0
79.70946907997131	2.0369986198327097	2.0
79.72239208221436	2.0369986198327097	2.0
79.73535060882568	2.0369986198327097	2.0
79.74919843673706	2.0383068338595303	2.0
79.76157569885254	2.0383068338595303	2.0
79.77438640594482	2.0383068338595303	2.0
79.78764081001282	2.0396264828663355	2.0
79.8008508682251	2.0396264828663355	2.0
79.81395840644836	2.0396264828663355	2.0
79.82780385017395	2.0396264828663355	2.0
79.84096002578735	2.041129745930413	2.0
79.85436367988586	2.041129745930413	2.0
79.86821341514587	2.0420773332564885	2.0
79.88094425201416	2.0420773332564885	2.0
79.89335322380066	2.0420773332564885	2.0
79.90752625465393	2.0420773332564885	2.0
79.92052268981934	2.0430426741192798	2.0
79.93344330787659	2.0430426741192798	2.0
79.94701075553894	2.04443183410951	2.0
79.95967054367065	2.04443183410951	2.0
79.97277045249939	2.04443183410951	2.0
79.98654770851135	2.04443183410951	2.0
80.00108766555786	2.0458287971137312	2.0
80.01415395736694	2.0458287971137312	2.0
80.02798128128052	2.0477058941456945	2.0
80.04064393043518	2.0477058941456945	2.0
80.0539927482605	2.0477058941456945	2.0
80.07001805305481	2.0487776970173344	2.0
80.08285284042358	2.0487776970173344	2.0
80.09631991386414	2.0487776970173344	2.0
80.10973405838013	2.0487776970173344	2.0
80.12460613250732	2.0511202447268477	2.0
80.1378402709961	2.0511202447268477	2.0
80.15345811843872	2.0537818614250347	2.0
80.16652488708496	2.0537818614250347	2.0
80.17941427230835	2.0537818614250347	2.0
80.1945378780365	2.0537818614250347	2.0
80.20840358734131	2.0566528475714554	2.0
80.22348761558533	2.0566528475714554	2.0
80.23737907409668	2.058958097764953	2.0
80.24995112419128	2.058958097764953	2.0
80.26245927810669	2.058958097764953	2.0
80.2769148349762	2.0615905229232725	2.0
80.28950929641724	2.0615905229232725	2.0
80.30362033843994	2.0615905229232725	2.0
80.3175094127655	2.0648867443441032	2.0
80.33040928840637	2.0648867443441032	2.0
80.34372138977051	2.0648867443441032	2.0
80.3582992553711	2.0678404040431286	2.0
80.37092065811157	2.0678404040431286	2.0
80.3850622177124	2.0678404040431286	2.0
80.39890503883362	2.0702821212070583	2.0
80.4122462272644	2.0702821212070583	2.0
80.42555737495422	2.0702821212070583	2.0
80.44146680831909	2.072181491362097	2.0
80.45512986183167	2.072181491362097	2.0
80.46924257278442	2.0749716376429994	2.0
80.48213768005371	2.0749716376429994	2.0
80.49548292160034	2.0749716376429994	2.0
80.50833463668823	2.0749716376429994	2.0
80.52199721336365	2.0766210597415684	2.0
80.53464961051941	2.0766210597415684	2.0
80.54951906204224	2.077593570782761	2.0
80.5622992515564	2.077593570782761	2.0
80.57554364204407	2.077593570782761	2.0
80.58856534957886	2.077593570782761	2.0
80.60312247276306	2.0782772179620066	2.0
80.61618542671204	2.0782772179620066	2.0
80.63128614425659	2.079105799193995	2.0
80.64410996437073	2.079105799193995	2.0
80.65666317939758	2.079105799193995	2.0
80.66945147514343	2.079105799193995	2.0
80.68371534347534	2.0799087323390046	2.0
80.69668173789978	2.0799087323390046	2.0
80.71077609062195	2.0800341120685557	2.0
80.72346949577332	2.0800341120685557	2.0
80.73655772209167	2.0800341120685557	2.0
80.74940657615662	2.0800341120685557	2.0
80.76409459114075	2.080286298254742	2.0
80.7768177986145	2.080286298254742	2.0
80.79078555107117	2.0807692947585137	2.0
80.80387473106384	2.0807692947585137	2.0
80.81652164459229	2.0807692947585137	2.0
80.82979345321655	2.0807692947585137	2.0
80.84497833251953	2.0800052451162956	2.0
80.85796451568604	2.0800052451162956	2.0
80.87054991722107	2.0800052451162956	2.0
80.88465309143066	2.0799975040771184	2.0
80.89745688438416	2.0799975040771184	2.0
80.91045546531677	2.0799975040771184	2.0
80.92471599578857	2.079614096559888	2.0
80.93747758865356	2.079614096559888	2.0
80.95012593269348	2.079614096559888	2.0
80.96478223800659	2.079174351739467	2.0
80.97754716873169	2.079174351739467	2.0
80.99040746688843	2.079174351739467	2.0
81.00411891937256	2.0788018876117547	2.0
81.01677250862122	2.0788018876117547	2.0
81.02955436706543	2.0788018876117547	2.0
81.04439115524292	2.078496017528415	2.0
81.05773162841797	2.078496017528415	2.0
81.07067036628723	2.078496017528415	2.0
81.08453035354614	2.077717703897878	2.0
81.0971999168396	2.077717703897878	2.0
81.10981607437134	2.077717703897878	2.0
81.124098777771	2.077717703897878	2.0
81.13766741752625	2.0773801115049895	2.0
81.15072178840637	2.0773801115049895	2.0
81.16468906402588	2.0762509990376836	2.0
81.1776180267334	2.0762509990376836	2.0
81.19033670425415	2.0762509990376836	2.0
81.20435118675232	2.0747002747508083	2.0
81.21722888946533	2.0747002747508083	2.0
81.23015570640564	2.0747002747508083	2.0
81.24396777153015	2.0742242253715135	2.0
81.2569215297699	2.0742242253715135	2.0
81.26953339576721	2.0742242253715135	2.0
81.28405237197876	2.0725797922520077	2.0
81.2971260547638	2.0725797922520077	2.0
81.3104362487793	2.0725797922520077	2.0
81.32524681091309	2.0712315653154567	2.0
81.33794832229614	2.0712315653154567	2.0
81.35063123703003	2.0712315653154567	2.0
81.36548328399658	2.0698606695081976	2.0
81.37863326072693	2.0698606695081976	2.0
81.39263796806335	2.0698606695081976	2.0
81.40852189064026	2.068636370263076	2.0
81.42193031311035	2.068636370263076	2.0
81.43523025512695	2.068636370263076	2.0
81.44959807395935	2.067479273236846	2.0
81.46286869049072	2.067479273236846	2.0
81.47740960121155	2.0665952075086436	2.0
81.49007630348206	2.0665952075086436	2.0
81.50313711166382	2.0665952075086436	2.0
81.51629161834717	2.0665952075086436	2.0
81.53169322013855	2.0651179352055453	2.0
81.54475688934326	2.0651179352055453	2.0
81.5591037273407	2.064551864824314	2.0
81.57201647758484	2.064551864824314	2.0
81.5846016407013	2.064551864824314	2.0
81.59750270843506	2.064551864824314	2.0
81.61148118972778	2.0639358269335384	2.0
81.62431526184082	2.0639358269335384	2.0
81.63705921173096	2.0639358269335384	2.0
81.65169191360474	2.0639358269335384	2.0
81.66532969474792	2.0635899526926686	2.0
81.67845630645752	2.0635899526926686	2.0
81.69367909431458	2.0629250537278656	2.0
81.70671606063843	2.0629250537278656	2.0
81.7193033695221	2.0629250537278656	2.0
81.73497414588928	2.062331256947181	2.0
81.74778509140015	2.062331256947181	2.0
81.76278495788574	2.062331256947181	2.0
81.77640199661255	2.061530045424216	2.0
81.7893500328064	2.061530045424216	2.0
81.80248951911926	2.061530045424216	2.0
81.81679224967957	2.0605619001589246	2.0
81.82946491241455	2.0605619001589246	2.0
81.84435176849365	2.059438564752722	2.0
81.85734272003174	2.059438564752722	2.0
81.87004375457764	2.059438564752722	2.0
81.88318920135498	2.059438564752722	2.0
81.8976035118103	2.0579131696966106	2.0
81.91022181510925	2.0579131696966106	2.0
81.9250328540802	2.0563054860258956	2.0
81.93775248527527	2.0563054860258956	2.0
81.950514793396	2.0563054860258956	2.0
81.96344947814941	2.0563054860258956	2.0
81.97790193557739	2.0544593055110694	2.0
81.99057865142822	2.0544593055110694	2.0
82.00634932518005	2.0526670664213627	2.0
82.01915860176086	2.0526670664213627	2.0
82.03221321105957	2.0526670664213627	2.0
82.04690265655518	2.0526670664213627	2.0
82.06068992614746	2.050410353702376	2.0
82.0737669467926	2.050410353702376	2.0
82.0891261100769	2.04859306734058	2.0
82.10235571861267	2.04859306734058	2.0
82.11518168449402	2.04859306734058	2.0
82.13113284111023	2.04859306734058	2.0
82.1442289352417	2.046203597570741	2.0
82.15739893913269	2.046203597570741	2.0
82.17174029350281	2.044336342480034	2.0
82.18451476097107	2.044336342480034	2.0
82.19726252555847	2.044336342480034	2.0
82.21124625205994	2.044336342480034	2.0
82.2240047454834	2.04198627032861	2.0
82.23704218864441	2.04198627032861	2.0
82.25225186347961	2.0395446393396663	2.0
82.26516509056091	2.0395446393396663	2.0
82.27791905403137	2.0395446393396663	2.0
82.29275488853455	2.0371346211323837	2.0
82.30624771118164	2.0371346211323837	2.0
82.31994605064392	2.0371346211323837	2.0
82.33442115783691	2.035002766909373	2.0
82.34739923477173	2.035002766909373	2.0
82.36011981964111	2.035002766909373	2.0
82.37574338912964	2.032820929663677	2.0
82.38843321800232	2.032820929663677	2.0
82.40103721618652	2.032820929663677	2.0
82.41441321372986	2.032820929663677	2.0
82.42899942398071	2.030735362595703	2.0
82.44246578216553	2.030735362595703	2.0
82.45828700065613	2.028541836052556	2.0
82.47101902961731	2.028541836052556	2.0
82.48411512374878	2.028541836052556	2.0
82.49819540977478	2.028541836052556	2.0
82.51158547401428	2.026357664464393	2.0
82.52470278739929	2.026357664464393	2.0
82.53878664970398	2.0248942571767055	2.0
82.55144548416138	2.0248942571767055	2.0
82.56431913375854	2.0248942571767055	2.0
82.57888746261597	2.0248942571767055	2.0
82.59206581115723	2.0232546803730114	2.0
82.60498261451721	2.0232546803730114	2.0
82.61931610107422	2.0223810713395	2.0
82.63241028785706	2.0223810713395	2.0
82.64534997940063	2.0223810713395	2.0
82.65958762168884	2.0219674276164055	2.0
82.67257165908813	2.0219674276164055	2.0
82.68602895736694	2.0219674276164055	2.0
82.70130205154419	2.022253114420857	2.0
82.71421194076538	2.022253114420857	2.0
82.72724413871765	2.022253114420857	2.0
82.74169969558716	2.022640015419314	2.0
82.75451350212097	2.022640015419314	2.0
82.76789927482605	2.022640015419314	2.0
82.78164958953857	2.02266276769769	2.0
82.79475045204163	2.02266276769769	2.0
82.80757784843445	2.02266276769769	2.0
82.82182097434998	2.0225244097829886	2.0
82.8345901966095	2.0225244097829886	2.0
82.84784150123596	2.0225244097829886	2.0
82.86138248443604	2.022956286974753	2.0
82.87407636642456	2.022956286974753	2.0
82.88668417930603	2.022956286974753	2.0
82.90101957321167	2.022956286974753	2.0
82.91429376602173	2.023833689471563	2.0
82.92964124679565	2.023833689471563	2.0
82.94407367706299	2.024685971368382	2.0
82.95714473724365	2.024685971368382	2.0
82.97017765045166	2.024685971368382	2.0
82.98608779907227	2.0261654928155144	2.0
82.99879145622253	2.0261654928155144	2.0
83.01451420783997	2.026793891460549	2.0
83.02723121643066	2.026793891460549	2.0
83.04020977020264	2.026793891460549	2.0
83.05368900299072	2.026793891460549	2.0
83.0679817199707	2.0271006422640627	2.0
83.08120059967041	2.0271006422640627	2.0
83.09426236152649	2.0271006422640627	2.0
83.10868453979492	2.027218966588388	2.0
83.12180709838867	2.027218966588388	2.0
83.13531708717346	2.027218966588388	2.0
83.1493194103241	2.027137295435599	2.0
83.16253399848938	2.027137295435599	2.0
83.17521953582764	2.027137295435599	2.0
83.18986439704895	2.027557094819815	2.0
83.202712059021	2.027557094819815	2.0
83.21671509742737	2.027557094819815	2.0
83.23031735420227	2.0282090755111084	2.0
83.24305748939514	2.0282090755111084	2.0
83.25559663772583	2.0282090755111084	2.0
83.26946544647217	2.0281093313607945	2.0
83.28230166435242	2.0281093313607945	2.0
83.29651379585266	2.0281093313607945	2.0
83.3103621006012	2.0268209767396246	2.0
83.32394289970398	2.0268209767396246	2.0
83.33721852302551	2.0268209767396246	2.0
83.35215520858765	2.0263151614499755	2.0
83.36583805084229	2.0263151614499755	2.0
83.38030457496643	2.0263151614499755	2.0
83.39336228370667	2.0243425585995496	2.0
83.4070143699646	2.0243425585995496	2.0
83.42010116577148	2.0243425585995496	2.0
83.4344961643219	2.0230266482983708	2.0
83.44734835624695	2.0230266482983708	2.0
83.46148347854614	2.021687929284447	2.0
83.47451567649841	2.021687929284447	2.0
83.48725390434265	2.021687929284447	2.0
83.50056076049805	2.021687929284447	2.0
83.51487874984741	2.020391185305511	2.0
83.52785181999207	2.020391185305511	2.0
83.54194569587708	2.019368423864203	2.0
83.5550308227539	2.019368423864203	2.0
83.56773900985718	2.019368423864203	2.0
83.58068466186523	2.019368423864203	2.0
83.5945873260498	2.0183871290983624	2.0
83.60733008384705	2.0183871290983624	2.0
83.62137246131897	2.017127767558479	2.0
83.63436341285706	2.017127767558479	2.0
83.64704298973083	2.017127767558479	2.0
83.65964961051941	2.017127767558479	2.0
83.67593622207642	2.016516495703711	2.0
83.68856906890869	2.016516495703711	2.0
83.7030611038208	2.016128290380254	2.0
83.71594715118408	2.016128290380254	2.0
83.72922873497009	2.016128290380254	2.0
83.74281311035156	2.016128290380254	2.0
83.75768852233887	2.014639310136878	2.0
83.77101159095764	2.014639310136878	2.0
83.78559565544128	2.0143074055457735	2.0
83.79861402511597	2.0143074055457735	2.0
83.81148433685303	2.0143074055457735	2.0
83.82492685317993	2.0143074055457735	2.0
83.83842420578003	2.0141626011334637	2.0
83.85100793838501	2.0141626011334637	2.0
83.86402678489685	2.0141626011334637	2.0
83.87822937965393	2.015165596783794	2.0
83.89094543457031	2.015165596783794	2.0
83.90509676933289	2.015165596783794	2.0
83.91968011856079	2.01588732196132	2.0
83.93235087394714	2.01588732196132	2.0
83.9450523853302	2.01588732196132	2.0
83.95933198928833	2.016467264996911	2.0
83.97216582298279	2.016467264996911	2.0
83.98619222640991	2.016467264996911	2.0
83.99906921386719	2.0169408347341196	2.0
84.01204490661621	2.0169408347341196	2.0
84.02586507797241	2.0169408347341196	2.0
84.04009366035461	2.0173642968077052	2.0
84.05280804634094	2.0173642968077052	2.0
84.06703734397888	2.0173642968077052	2.0
84.0801477432251	2.01773822776975	2.0
84.0932183265686	2.01773822776975	2.0
84.10645031929016	2.01773822776975	2.0
84.12073159217834	2.018566897929431	2.0
84.13365030288696	2.018566897929431	2.0
84.1482105255127	2.0201449793492374	2.0
84.16126990318298	2.0201449793492374	2.0
84.17457914352417	2.0201449793492374	2.0
84.18787145614624	2.0201449793492374	2.0
84.20159268379211	2.0201326573678133	2.0
84.21455645561218	2.0201326573678133	2.0
84.22842144966125	2.0201326573678133	2.0
84.24120950698853	2.02077513594431	2.0
84.2542679309845	2.02077513594431	2.0
84.2671639919281	2.02077513594431	2.0
84.28283643722534	2.0201290777613656	2.0
84.29577326774597	2.0201290777613656	2.0
84.31287956237793	2.0192262614046714	2.0
84.32655572891235	2.0192262614046714	2.0
84.33923101425171	2.0192262614046714	2.0
84.35384130477905	2.0192262614046714	2.0
84.3673050403595	2.018207611880039	2.0
84.3803026676178	2.018207611880039	2.0
84.39422917366028	2.016802522980175	2.0
84.40742349624634	2.016802522980175	2.0
84.42060399055481	2.016802522980175	2.0
84.43555736541748	2.0153103842203723	2.0
84.44901299476624	2.0153103842203723	2.0
84.46191215515137	2.0153103842203723	2.0
84.47619605064392	2.014025204441123	2.0
84.48879170417786	2.014025204441123	2.0
84.50204730033875	2.014025204441123	2.0
84.51653671264648	2.012090634919944	2.0
84.52929615974426	2.012090634919944	2.0
84.54294109344482	2.012090634919944	2.0
84.55782389640808	2.0091318111644805	2.0
84.57112526893616	2.0091318111644805	2.0
84.58439683914185	2.0091318111644805	2.0
84.60114765167236	2.0069539101432703	2.0
84.61454892158508	2.0069539101432703	2.0
84.62725925445557	2.0069539101432703	2.0
84.64190101623535	2.0069539101432703	2.0
84.65530586242676	2.0044308714057837	2.0
84.66837692260742	2.0044308714057837	2.0
84.68233394622803	2.0021458162304593	2.0
84.69532990455627	2.0021458162304593	2.0
84.70860457420349	2.0021458162304593	2.0
84.72292494773865	2.0021458162304593	2.0
84.73597431182861	1.9999776651655723	2.0
84.7493827342987	1.9999776651655723	2.0
84.76557183265686	1.9983567812422975	2.0
84.77860426902771	1.9983567812422975	2.0
84.79171800613403	1.9983567812422975	2.0
84.80650973320007	1.9963310352575132	2.0
84.81951785087585	1.9963310352575132	2.0
84.83473181724548	1.9963310352575132	2.0
84.84769415855408	1.9951301321474653	2.0
84.86043667793274	1.9951301321474653	2.0
84.87315368652344	1.9951301321474653	2.0
84.88774418830872	1.9934890071378313	2.0
84.90107011795044	1.9934890071378313	2.0
84.91702914237976	1.9926259069059236	2.0
84.93049883842468	1.9926259069059236	2.0
84.94400811195374	1.9926259069059236	2.0
84.9574613571167	1.9926259069059236	2.0
84.97157859802246	1.9918899966307098	2.0
84.98462128639221	1.9918899966307098	2.0
84.998854637146	1.9919789965869406	2.0
85.01182270050049	1.9919789965869406	2.0
85.02515864372253	1.9919789965869406	2.0
85.0386757850647	1.9919789965869406	2.0
85.053466796875	1.9914320826919165	2.0
85.06669473648071	1.9914320826919165	2.0
85.0824248790741	1.9917365974764558	2.0
85.09597063064575	1.9917365974764558	2.0
85.1093180179596	1.9917365974764558	2.0
85.12370777130127	1.9917365974764558	2.0
85.13706469535828	1.9924959924342693	2.0
85.15025186538696	1.9924959924342693	2.0
85.16449642181396	1.9928192137394602	2.0
85.17757821083069	1.9928192137394602	2.0
85.19084930419922	1.9928192137394602	2.0
85.20560932159424	1.993978168314435	2.0
85.21876120567322	1.993978168314435	2.0
85.2340042591095	1.993978168314435	2.0
85.24705100059509	1.9946471826401904	2.0
85.26044487953186	1.9946471826401904	2.0
85.27312564849854	1.9946471826401904	2.0
85.28735661506653	1.9958424326446642	2.0
85.30006980895996	1.9958424326446642	2.0
85.31402087211609	1.9958424326446642	2.0
85.32781600952148	1.9968796178104988	2.0
85.34060716629028	1.9968796178104988	2.0
85.35330963134766	1.9968796178104988	2.0
85.36872696876526	1.9984741511730975	2.0
85.38162112236023	1.9984741511730975	2.0
85.39459490776062	1.9984741511730975	2.0
85.40860652923584	1.9984741511730975	2.0
85.42375564575195	1.9998399538140503	2.0
85.43736219406128	1.9998399538140503	2.0
85.45149874687195	2.0012869098400046	2.0
85.4643783569336	2.0012869098400046	2.0
85.47749209403992	2.0012869098400046	2.0
85.49217581748962	2.0018527522976224	2.0
85.50513458251953	2.0018527522976224	2.0
85.51802945137024	2.0018527522976224	2.0
85.53208255767822	2.002094436355594	2.0
85.54511904716492	2.002094436355594	2.0
85.55832839012146	2.002094436355594	2.0
85.57395601272583	2.002662784207983	2.0
85.58720660209656	2.002662784207983	2.0
85.60056209564209	2.002662784207983	2.0
85.61549711227417	2.003564517089365	2.0
85.62815451622009	2.003564517089365	2.0
85.64147448539734	2.003564517089365	2.0
85.65726709365845	2.00412232882266	2.0
85.67005228996277	2.00412232882266	2.0
85.68597459793091	2.0040694957458833	2.0
85.69951343536377	2.0040694957458833	2.0
85.71292471885681	2.0040694957458833	2.0
85.72613263130188	2.0040694957458833	2.0
85.74051713943481	2.0034830022629597	2.0
85.7532103061676	2.0034830022629597	2.0
85.76717233657837	2.0021366026597165	2.0
85.78002715110779	2.0021366026597165	2.0
85.79365515708923	2.0021366026597165	2.0
85.80832767486572	2.0021366026597165	2.0
85.823561668396	2.0010741450325975	2.0
85.8372118473053	2.0010741450325975	2.0
85.85212802886963	1.9995679780776991	2.0
85.86578416824341	1.9995679780776991	2.0
85.8793158531189	1.9995679780776991	2.0
85.8939094543457	1.9982750940168343	2.0
85.90745687484741	1.9982750940168343	2.0
85.92192912101746	1.9982750940168343	2.0
85.93561482429504	1.9966523394713795	2.0
85.94842386245728	1.9966523394713795	2.0
85.96182084083557	1.9966523394713795	2.0
85.97586917877197	1.9940301010298978	2.0
85.98885250091553	1.9940301010298978	2.0
86.00503921508789	1.9908605176736618	2.0
86.01847314834595	1.9908605176736618	2.0
86.03213953971863	1.9908605176736618	2.0
86.04527068138123	1.9908605176736618	2.0
86.05988359451294	1.9880953119920863	2.0
86.07351493835449	1.9880953119920863	2.0
86.08819150924683	1.985538138169261	2.0
86.10114574432373	1.985538138169261	2.0
86.11452126502991	1.985538138169261	2.0
86.13051629066467	1.985538138169261	2.0
86.14438343048096	1.9833833367735063	2.0
86.15782499313354	1.9833833367735063	2.0
86.17125225067139	1.9833833367735063	2.0
86.18543362617493	1.9818109049133739	2.0
86.19950246810913	1.9818109049133739	2.0
86.21495866775513	1.97985732636331	2.0
86.22836661338806	1.97985732636331	2.0
86.24108386039734	1.97985732636331	2.0
86.25488924980164	1.97985732636331	2.0
86.26884341239929	1.9781379929192735	2.0
86.28168535232544	1.9781379929192735	2.0
86.29761219024658	1.9765922091112784	2.0
86.31048941612244	1.9765922091112784	2.0
86.32341289520264	1.9765922091112784	2.0
86.3381085395813	1.9765922091112784	2.0
86.35115098953247	1.9753420614158368	2.0
86.36475849151611	1.9753420614158368	2.0
86.37893676757812	1.9748763089443984	2.0
86.39223599433899	1.9748763089443984	2.0
86.405029296875	1.9748763089443984	2.0
86.41991305351257	1.9746599567416283	2.0
86.43279504776001	1.9746599567416283	2.0
86.44608116149902	1.9746599567416283	2.0
86.46061253547668	1.974090742604305	2.0
86.47413206100464	1.974090742604305	2.0
86.48716568946838	1.974090742604305	2.0
86.50379800796509	1.9745841121426548	2.0
86.51657629013062	1.9745841121426548	2.0
86.53186655044556	1.9750765902301386	2.0
86.54484343528748	1.9750765902301386	2.0
86.55745315551758	1.9750765902301386	2.0
86.57078003883362	1.9750765902301386	2.0
86.58559679985046	1.9759414109558857	2.0
86.59876012802124	1.9759414109558857	2.0
86.61513447761536	1.9768110758905617	2.0
86.62844705581665	1.9768110758905617	2.0
86.64179015159607	1.9768110758905617	2.0
86.65541768074036	1.9768110758905617	2.0
86.66900539398193	1.977593919672088	2.0
86.68215847015381	1.977593919672088	2.0
86.69728350639343	1.978574602783135	2.0
86.70995306968689	1.978574602783135	2.0
86.72341179847717	1.978574602783135	2.0
86.73781132698059	1.978574602783135	2.0
86.75130915641785	1.9791513993779948	2.0
86.76611828804016	1.9791513993779948	2.0
86.78132200241089	1.979742583890194	2.0
86.79396343231201	1.979742583890194	2.0
86.80757713317871	1.979742583890194	2.0
86.8218080997467	1.9802072508735002	2.0
86.8345456123352	1.9802072508735002	2.0
86.84846353530884	1.9802072508735002	2.0
86.86258292198181	1.9811779525427877	2.0
86.8755030632019	1.9811779525427877	2.0
86.88815307617188	1.9811779525427877	2.0
86.9030818939209	1.9811961088134358	2.0
86.91578698158264	1.9811961088134358	2.0
86.9291455745697	1.9811961088134358	2.0
86.94214820861816	1.9811961088134358	2.0
86.95636820793152	1.9816607226918816	2.0
86.9698326587677	1.9816607226918816	2.0
86.98436188697815	1.981554419273078	2.0
86.9971706867218	1.981554419273078	2.0
87.01056051254272	1.981554419273078	2.0
87.02530717849731	1.981554419273078	2.0
87.0389838218689	1.9815356710848473	2.0
87.05206513404846	1.9815356710848473	2.0
87.06656908988953	1.9815341409041474	2.0
87.07931566238403	1.9815341409041474	2.0
87.09281086921692	1.9815341409041474	2.0
87.10879683494568	1.9815514527788758	2.0
87.1215832233429	1.9815514527788758	2.0
87.13537049293518	1.9815514527788758	2.0
87.14922714233398	1.982011699102879	2.0
87.16290402412415	1.982011699102879	2.0
87.1756808757782	1.982011699102879	2.0
87.19154572486877	1.982601194446739	2.0
87.20564198493958	1.982601194446739	2.0
87.21988201141357	1.982822160745006	2.0
87.2329888343811	1.982822160745006	2.0
87.24594378471375	1.982822160745006	2.0
87.25962853431702	1.982822160745006	2.0
87.27479910850525	1.9824235820352794	2.0
87.288010597229	1.9824235820352794	2.0
87.30414175987244	1.982453138998252	2.0
87.31775975227356	1.982453138998252	2.0
87.33076691627502	1.982453138998252	2.0
87.34456849098206	1.982453138998252	2.0
87.35882353782654	1.981720931336962	2.0
87.37282228469849	1.981720931336962	2.0
87.38716387748718	1.9813925448900758	2.0
87.40061259269714	1.9813925448900758	2.0
87.41422724723816	1.9813925448900758	2.0
87.42991423606873	1.9806752929184406	2.0
87.44265365600586	1.9806752929184406	2.0
87.4571795463562	1.9806752929184406	2.0
87.47106003761292	1.9803627854752115	2.0
87.48402881622314	1.9803627854752115	2.0
87.49667859077454	1.9803627854752115	2.0
87.51132416725159	1.9796074557575811	2.0
87.52423644065857	1.9796074557575811	2.0
87.53944540023804	1.9793090356336809	2.0
87.5523362159729	1.9793090356336809	2.0
87.56498599052429	1.9793090356336809	2.0
87.57781386375427	1.9793090356336809	2.0
87.59332180023193	1.9784092809811866	2.0
87.60655546188354	1.9784092809811866	2.0
87.6197452545166	1.9784092809811866	2.0
87.63516759872437	1.9784092809811866	2.0
87.64881253242493	1.9777566797189952	2.0
87.66215419769287	1.9777566797189952	2.0
87.67662954330444	1.977523015521669	2.0
87.6898865699768	1.977523015521669	2.0
87.70370864868164	1.977523015521669	2.0
87.71806287765503	1.977257077343226	2.0
87.7307698726654	1.977257077343226	2.0
87.74526453018188	1.977257077343226	2.0
87.75882601737976	1.9783384917352855	2.0
87.77229261398315	1.9783384917352855	2.0
87.78493094444275	1.9783384917352855	2.0
87.79977083206177	1.9783763302301243	2.0
87.82016348838806	1.9783763302301243	2.0
87.83999300003052	1.9789527339461248	2.0
87.85532760620117	1.9789527339461248	2.0
87.86905097961426	1.9789527339461248	2.0
87.88472723960876	1.9792296333319228	2.0
87.89897775650024	1.9792296333319228	2.0
87.91400456428528	1.9795131861104305	2.0
87.92738676071167	1.9795131861104305	2.0
87.94069743156433	1.9795131861104305	2.0
87.95543766021729	1.9795131861104305	2.0
87.96829509735107	1.9793293247155237	2.0
87.98120141029358	1.9793293247155237	2.0
87.99594640731812	1.9791319991056127	2.0
88.00937581062317	1.9791319991056127	2.0
88.02282524108887	1.9791319991056127	2.0
88.03756475448608	1.9791319991056127	2.0
88.05121803283691	1.97932323885752	2.0
88.06566309928894	1.97932323885752	2.0
88.08050036430359	1.9790043471728302	2.0
88.0940146446228	1.9790043471728302	2.0
88.10782670974731	1.9790043471728302	2.0
88.12335848808289	1.9783169804620253	2.0
88.13629245758057	1.9783169804620253	2.0
88.15097403526306	1.9764336486754028	2.0
88.16381192207336	1.9764336486754028	2.0
88.17716598510742	1.9764336486754028	2.0
88.19086575508118	1.9764336486754028	2.0
88.20487380027771	1.9751596176792088	2.0
88.21762204170227	1.9751596176792088	2.0
88.23212122917175	1.973607959105556	2.0
88.24564838409424	1.973607959105556	2.0
88.25877165794373	1.973607959105556	2.0
88.27272009849548	1.973607959105556	2.0
88.286306142807	1.972090758203682	2.0
88.29922246932983	1.972090758203682	2.0
88.31417536735535	1.970278610582517	2.0
88.32722854614258	1.970278610582517	2.0
88.3405191898346	1.970278610582517	2.0
88.35496664047241	1.970278610582517	2.0
88.3685851097107	1.9687318205693636	2.0
88.38146305084229	1.9687318205693636	2.0
88.39456105232239	1.9687318205693636	2.0
88.40930080413818	1.9673555556038682	2.0
88.42333221435547	1.9673555556038682	2.0
88.43869709968567	1.9649333065386343	2.0
88.45205354690552	1.9649333065386343	2.0
88.46534705162048	1.9649333065386343	2.0
88.47882795333862	1.9649333065386343	2.0
88.49385094642639	1.9627082302895595	2.0
88.50732326507568	1.9627082302895595	2.0
88.52172183990479	1.9603563285392407	2.0
88.53473734855652	1.9603563285392407	2.0
88.54761695861816	1.9603563285392407	2.0
88.5613694190979	1.9603563285392407	2.0
88.57554793357849	1.9581404967861513	2.0
88.58862137794495	1.9581404967861513	2.0
88.6033878326416	1.9561596647743855	2.0
88.616290807724	1.9561596647743855	2.0
88.62905216217041	1.9561596647743855	2.0
88.64489817619324	1.9544369169841467	2.0
88.65826606750488	1.9544369169841467	2.0
88.67168998718262	1.9544369169841467	2.0
88.68574786186218	1.9527285120716893	2.0
88.69907140731812	1.9527285120716893	2.0
88.71182870864868	1.9527285120716893	2.0
88.72709512710571	1.9515038966870741	2.0
88.73998975753784	1.9515038966870741	2.0
88.75465726852417	1.9515038966870741	2.0
88.76788592338562	1.9505117714435076	2.0
88.78067636489868	1.9505117714435076	2.0
88.7935140132904	1.9505117714435076	2.0
88.8077974319458	1.9490594864113873	2.0
88.82087397575378	1.9490594864113873	2.0
88.83612585067749	1.9490594864113873	2.0
88.84930753707886	1.9484815838813752	2.0
88.86238884925842	1.9484815838813752	2.0
88.87531185150146	1.9484815838813752	2.0
88.89081716537476	1.94854729981585	2.0
88.90438747406006	1.94854729981585	2.0
88.91907286643982	1.9487680699019332	2.0
88.93215274810791	1.9487680699019332	2.0
88.94499731063843	1.9487680699019332	2.0
88.95807909965515	1.9487680699019332	2.0
88.9721622467041	1.9489852934542302	2.0
88.98522186279297	1.9489852934542302	2.0
88.99963212013245	1.9501467798388135	2.0
89.01299858093262	1.9501467798388135	2.0
89.02601027488708	1.9501467798388135	2.0
89.03955411911011	1.9501467798388135	2.0
89.05452632904053	1.9508437507651148	2.0
89.06771612167358	1.9508437507651148	2.0
89.0821521282196	1.9513052526616914	2.0
89.09516286849976	1.9513052526616914	2.0
89.10791635513306	1.9513052526616914	2.0
89.12268042564392	1.9513052526616914	2.0
89.13566064834595	1.9520889855384038	2.0
89.14861130714417	1.9520889855384038	2.0
89.16128516197205	1.9520889855384038	2.0
89.17804336547852	1.9526553805248539	2.0
89.19093132019043	1.9526553805248539	2.0
89.20511794090271	1.9539589686369818	2.0
89.21798849105835	1.9539589686369818	2.0
89.23071956634521	1.9539589686369818	2.0
89.24402046203613	1.9539589686369818	2.0
89.2588472366333	1.9553045632720933	2.0
89.27165365219116	1.9553045632720933	2.0
89.28771185874939	1.956362699311415	2.0
89.30094146728516	1.956362699311415	2.0
89.31367611885071	1.956362699311415	2.0
89.32782435417175	1.956362699311415	2.0
89.34397506713867	1.957485828182462	2.0
89.35715866088867	1.957485828182462	2.0
89.37122583389282	1.9593705926891078	2.0
89.3841769695282	1.9593705926891078	2.0
89.39722084999084	1.9593705926891078	2.0
89.41176509857178	1.9599261947638624	2.0
89.4251708984375	1.9599261947638624	2.0
89.43813610076904	1.9599261947638624	2.0
89.452885389328	1.961533388762674	2.0
89.46587634086609	1.961533388762674	2.0
89.47882795333862	1.961533388762674	2.0
89.4929301738739	1.961533388762674	2.0
89.50632953643799	1.9640433395041996	2.0
89.5194616317749	1.9640433395041996	2.0
89.53345060348511	1.9659782527813334	2.0
89.54619908332825	1.9659782527813334	2.0
89.55890774726868	1.9659782527813334	2.0
89.57350397109985	1.9677373065331374	2.0
89.58697009086609	1.9677373065331374	2.0
89.60015940666199	1.9677373065331374	2.0
89.61486530303955	1.9694228499733921	2.0
89.62757587432861	1.9694228499733921	2.0
89.64024353027344	1.9694228499733921	2.0
89.65611338615417	1.9704314742956335	2.0
89.66938352584839	1.9704314742956335	2.0
89.68422603607178	1.9720158757492647	2.0
89.69729328155518	1.9720158757492647	2.0
89.71006441116333	1.9720158757492647	2.0
89.72276759147644	1.9720158757492647	2.0
89.73788833618164	1.9729348452805415	2.0
89.75086164474487	1.9729348452805415	2.0
89.76511144638062	1.973301351932148	2.0
89.7783317565918	1.973301351932148	2.0
89.79108452796936	1.973301351932148	2.0
89.80506992340088	1.973301351932148	2.0
89.82050609588623	1.9738612776023756	2.0
89.83352255821228	1.9738612776023756	2.0
89.84856629371643	1.973792477835909	2.0
89.86173510551453	1.973792477835909	2.0
89.87472939491272	1.973792477835909	2.0
89.88821268081665	1.973792477835909	2.0
89.90594506263733	1.9731956328739977	2.0
89.91914772987366	1.9731956328739977	2.0
89.93220400810242	1.9731956328739977	2.0
89.94690251350403	1.972630997709162	2.0
89.9596107006073	1.972630997709162	2.0
89.97463464736938	1.9720181166626722	2.0
89.98748254776001	1.9720181166626722	2.0
90.00011682510376	1.9720181166626722	2.0
90.01282787322998	1.9720181166626722	2.0
90.02612948417664	1.9712769800020786	2.0
90.03778982162476	1.9712769800020786	2.0
90.05249738693237	1.9715116546956364	2.0
90.06449389457703	1.9715116546956364	2.0
90.07678651809692	1.9715116546956364	2.0
90.08915996551514	1.9715116546956364	2.0
90.10278654098511	1.9709468288845393	2.0
90.11472630500793	1.9709468288845393	2.0
90.12703013420105	1.9709468288845393	2.0
90.13977670669556	1.9709250957411395	2.0
90.15137243270874	1.9709250957411395	2.0
90.16300535202026	1.9709250957411395	2.0
90.17640924453735	1.9709250957411395	2.0
90.18885922431946	1.9713134011366347	2.0
90.20051145553589	1.9713134011366347	2.0
90.21454811096191	1.9714345842597318	2.0
90.22639489173889	1.9714345842597318	2.0
90.23829340934753	1.9714345842597318	2.0
90.25050354003906	1.9714345842597318	2.0
90.26478338241577	1.9714179547332695	2.0
90.27691626548767	1.9714179547332695	2.0
90.29033541679382	1.9714179547332695	2.0
90.3020989894867	1.9711700460694903	2.0
90.31414413452148	1.9711700460694903	2.0
90.32579517364502	1.9711700460694903	2.0
90.33976650238037	1.9711700460694903	2.0
90.35165190696716	1.9713743499976064	2.0
90.36443328857422	1.9713743499976064	2.0
90.38104033470154	1.9714647222204658	2.0
90.3947069644928	1.9714647222204658	2.0
90.40770626068115	1.9714647222204658	2.0
90.423903465271	1.972208476252796	2.0
90.43647599220276	1.972208476252796	2.0
90.4508228302002	1.972208476252796	2.0
90.46387243270874	1.9725074394937105	2.0
90.47601079940796	1.9725074394937105	2.0
90.48828125	1.9725074394937105	2.0
90.50336408615112	1.9729888566633953	2.0
90.51536774635315	1.9729888566633953	2.0
90.52750492095947	1.9729888566633953	2.0
90.5413703918457	1.9736925852958738	2.0
90.55315494537354	1.9736925852958738	2.0
90.56526184082031	1.9736925852958738	2.0
90.57857608795166	1.9736925852958738	2.0
90.59047365188599	1.9741227906098835	2.0
90.60202932357788	1.9741227906098835	2.0
90.61593961715698	1.974575253767778	2.0
90.62783122062683	1.974575253767778	2.0
90.63945269584656	1.974575253767778	2.0
90.65172743797302	1.974575253767778	2.0
90.66503739356995	1.975265997569431	2.0
90.67687797546387	1.975265997569431	2.0
90.68863272666931	1.975265997569431	2.0
90.70056295394897	1.975265997569431	2.0
90.71378636360168	1.9758677971405891	2.0
90.72588062286377	1.9758677971405891	2.0
90.73886346817017	1.9761168783453456	2.0
90.75104856491089	1.9761168783453456	2.0
90.76268863677979	1.9761168783453456	2.0
90.77451086044312	1.9761168783453456	2.0
90.7891173362732	1.9760573225209168	2.0
90.8010778427124	1.9760573225209168	2.0
90.81297206878662	1.9760573225209168	2.0
90.82585287094116	1.9752794883332192	2.0
90.83746242523193	1.9752794883332192	2.0
90.84923648834229	1.9752794883332192	2.0
90.86122179031372	1.9752794883332192	2.0
90.87438201904297	1.9746624406131772	2.0
90.88596796989441	1.9746624406131772	2.0
90.89918351173401	1.9738303043882137	2.0
90.91169142723083	1.9738303043882137	2.0
90.92357993125916	1.9738303043882137	2.0
90.93512225151062	1.9738303043882137	2.0
90.9498507976532	1.972769494583856	2.0
90.96200180053711	1.972769494583856	2.0
90.97508478164673	1.972769494583856	2.0
90.98831939697266	1.9711216730902315	2.0
90.99995470046997	1.9711216730902315	2.0
91.01153326034546	1.9711216730902315	2.0
91.02485942840576	1.9711216730902315	2.0
91.03713965415955	1.9694264790782554	2.0
91.04904341697693	1.9694264790782554	2.0
91.06225275993347	1.9674666634203148	2.0
91.07459306716919	1.9674666634203148	2.0
91.08625960350037	1.9674666634203148	2.0
91.09783053398132	1.9674666634203148	2.0
91.11252760887146	1.965630365819863	2.0
91.12510943412781	1.965630365819863	2.0
91.13805222511292	1.965630365819863	2.0
91.15011143684387	1.9627549754286384	2.0
91.16168355941772	1.9627549754286384	2.0
91.17345809936523	1.9627549754286384	2.0
91.18644976615906	1.9627549754286384	2.0
91.19817757606506	1.9603698454980205	2.0
91.20981073379517	1.9603698454980205	2.0
91.22334909439087	1.9573806996646872	2.0
91.2356014251709	1.9573806996646872	2.0
91.24727511405945	1.9573806996646872	2.0
91.25912308692932	1.9573806996646872	2.0
91.27245879173279	1.9543651595508156	2.0
91.28464269638062	1.9543651595508156	2.0
91.29863166809082	1.9543651595508156	2.0
91.3105297088623	1.951787564893198	2.0
91.32221555709839	1.951787564893198	2.0
91.33446836471558	1.951787564893198	2.0
91.35012865066528	1.9492402128666964	2.0
91.36287713050842	1.9492402128666964	2.0
91.3765823841095	1.9492402128666964	2.0
91.3904070854187	1.9470946947317405	2.0
91.40223169326782	1.9470946947317405	2.0
91.41426634788513	1.9470946947317405	2.0
91.42908430099487	1.9470946947317405	2.0
91.44206714630127	1.945338143289171	2.0
91.45437002182007	1.945338143289171	2.0
91.46622252464294	1.945338143289171	2.0
91.48002791404724	1.9426018648269874	2.0
91.4923403263092	1.9426018648269874	2.0
91.50481677055359	1.9426018648269874	2.0
91.51934838294983	1.939333200675397	2.0
91.53177237510681	1.939333200675397	2.0
91.54440116882324	1.939333200675397	2.0
91.55788493156433	1.9371970908984952	2.0
91.5703501701355	1.9371970908984952	2.0
91.58566546440125	1.9371970908984952	2.0
91.60166954994202	1.935386140962113	2.0
91.61671996116638	1.935386140962113	2.0
91.63202500343323	1.935386140962113	2.0
91.64723777770996	1.9339599742954463	2.0
91.65955424308777	1.9339599742954463	2.0
91.67270708084106	1.932607318572392	2.0
91.68454909324646	1.932607318572392	2.0
91.69629335403442	1.932607318572392	2.0
91.7085919380188	1.932607318572392	2.0
91.721843957901	1.9309552300219976	2.0
91.73365449905396	1.9309552300219976	2.0
91.74670767784119	1.9309552300219976	2.0
91.7588632106781	1.929431595807353	2.0
91.77066564559937	1.929431595807353	2.0
91.7823543548584	1.929431595807353	2.0
91.79590082168579	1.9280609210990154	2.0
91.80766940116882	1.9280609210990154	2.0
91.81997847557068	1.9280609210990154	2.0
91.83314442634583	1.9267799753696822	2.0
91.84498190879822	1.9267799753696822	2.0
91.85670185089111	1.9267799753696822	2.0
91.8686170578003	1.9267799753696822	2.0
91.88156485557556	1.9267381308829585	2.0
91.8941764831543	1.9267381308829585	2.0
91.90767407417297	1.9273425881908561	2.0
91.91973853111267	1.9273425881908561	2.0
91.93167853355408	1.9273425881908561	2.0
91.94366836547852	1.9273425881908561	2.0
91.95720672607422	1.9275710963821768	2.0
91.96982526779175	1.9275710963821768	2.0
91.98231625556946	1.9275710963821768	2.0
91.99506139755249	1.927317521589877	2.0
92.00776219367981	1.927317521589877	2.0
92.02004075050354	1.927317521589877	2.0
92.03442549705505	1.927317521589877	2.0
92.04646372795105	1.9275895258391689	2.0
92.05882406234741	1.9275895258391689	2.0
92.07246541976929	1.9273912091596255	2.0
92.08554363250732	1.9273912091596255	2.0
92.098064661026	1.9273912091596255	2.0
92.11048364639282	1.9273912091596255	2.0
92.12553262710571	1.9272739848137992	2.0
92.13775181770325	1.9272739848137992	2.0
92.14970207214355	1.9272739848137992	2.0
92.16406083106995	1.9272739848137992	2.0
92.17628026008606	1.9271553146038607	2.0
92.18870639801025	1.9271553146038607	2.0
92.20360517501831	1.926725594723606	2.0
92.21542263031006	1.926725594723606	2.0
92.22748732566833	1.926725594723606	2.0
92.24005341529846	1.926725594723606	2.0
92.25285911560059	1.9264826113312143	2.0
92.2646861076355	1.9264826113312143	2.0
92.27805256843567	1.9259951222283629	2.0
92.29050064086914	1.9259951222283629	2.0
92.30294513702393	1.9259951222283629	2.0
92.31551194190979	1.9259951222283629	2.0
92.32950901985168	1.925284558789361	2.0
92.3414056301117	1.925284558789361	2.0
92.3541522026062	1.925284558789361	2.0
92.36659407615662	1.924579109868164	2.0
92.37881588935852	1.924579109868164	2.0
92.39096784591675	1.924579109868164	2.0
92.4050362110138	1.9235720574387856	2.0
92.4171347618103	1.9235720574387856	2.0
92.4290509223938	1.9235720574387856	2.0
92.44345355033875	1.9223264357109837	2.0
92.45580744743347	1.9223264357109837	2.0
92.46794867515564	1.9223264357109837	2.0
92.48102831840515	1.9223264357109837	2.0
92.49360942840576	1.9217334985676668	2.0
92.50583624839783	1.9217334985676668	2.0
92.51902508735657	1.9209449515474375	2.0
92.53126978874207	1.9209449515474375	2.0
92.54362320899963	1.9209449515474375	2.0
92.55548906326294	1.9209449515474375	2.0
92.56869268417358	1.9197670336980468	2.0
92.58062052726746	1.9197670336980468	2.0
92.59287238121033	1.9197670336980468	2.0
92.60554432868958	1.9189389321664265	2.0
92.61772799491882	1.9189389321664265	2.0
92.62981152534485	1.9189389321664265	2.0
92.64427018165588	1.918098121028412	2.0
92.65615820884705	1.918098121028412	2.0
92.66812920570374	1.918098121028412	2.0
92.68145632743835	1.9180965937563337	2.0
92.69342160224915	1.9180965937563337	2.0
92.70578193664551	1.9180965937563337	2.0
92.71815395355225	1.9180965937563337	2.0
92.73131918907166	1.9178532042356793	2.0
92.74334836006165	1.9178532042356793	2.0
92.75803971290588	1.9182792957407706	2.0
92.76980304718018	1.9182792957407706	2.0
92.78147196769714	1.9182792957407706	2.0
92.7932767868042	1.9182792957407706	2.0
92.80696415901184	1.9195337399161811	2.0
92.8189058303833	1.9195337399161811	2.0
92.83164596557617	1.9195337399161811	2.0
92.84425783157349	1.920644704020458	2.0
92.8564841747284	1.920644704020458	2.0
92.86866426467896	1.920644704020458	2.0
92.8827064037323	1.920644704020458	2.0
92.89450550079346	1.921543926555	2.0
92.90681672096252	1.921543926555	2.0
92.91900777816772	1.921543926555	2.0
92.93276262283325	1.922732049122935	2.0
92.94448709487915	1.922732049122935	2.0
92.95683550834656	1.922732049122935	2.0
92.96990823745728	1.9245921836776105	2.0
92.98150157928467	1.9245921836776105	2.0
92.99381113052368	1.9245921836776105	2.0
93.00594019889832	1.9245921836776105	2.0
93.01899695396423	1.9260915574892472	2.0
93.03078484535217	1.9260915574892472	2.0
93.0440239906311	1.9275889253953136	2.0
93.05578017234802	1.9275889253953136	2.0
93.06804251670837	1.9275889253953136	2.0
93.07982563972473	1.9275889253953136	2.0
93.09400177001953	1.9288519671765307	2.0
93.10609483718872	1.9288519671765307	2.0
93.1180031299591	1.9288519671765307	2.0
93.13068914413452	1.9307157532988426	2.0
93.14242458343506	1.9307157532988426	2.0
93.15421557426453	1.9307157532988426	2.0
93.16699433326721	1.9307157532988426	2.0
93.17983531951904	1.9321386435326218	2.0
93.19207262992859	1.9321386435326218	2.0
93.20692753791809	1.9337720163365404	2.0
93.21934723854065	1.9337720163365404	2.0
93.23174953460693	1.9337720163365404	2.0
93.24409794807434	1.9337720163365404	2.0
93.25686573982239	1.936016816769597	2.0
93.26851534843445	1.936016816769597	2.0
93.281893491745	1.936016816769597	2.0
93.29387044906616	1.9386187511820416	2.0
93.30645847320557	1.9386187511820416	2.0
93.31817507743835	1.9386187511820416	2.0
93.33214712142944	1.9411560304730462	2.0
93.34413313865662	1.9411560304730462	2.0
93.3564441204071	1.9411560304730462	2.0
93.36976051330566	1.9443373931600667	2.0
93.38169980049133	1.9443373931600667	2.0
93.39353346824646	1.9443373931600667	2.0
93.40648031234741	1.9443373931600667	2.0
93.41953539848328	1.947671630164973	2.0
93.43192839622498	1.947671630164973	2.0
93.44594287872314	1.9508013656527499	2.0
93.45819664001465	1.9508013656527499	2.0
93.46989154815674	1.9508013656527499	2.0
93.48214507102966	1.9508013656527499	2.0
93.4953978061676	1.9534319308849906	2.0
93.50779819488525	1.9534319308849906	2.0
93.52209544181824	1.9534319308849906	2.0
93.53433799743652	1.9556551011165648	2.0
93.54663252830505	1.9556551011165648	2.0
93.55875945091248	1.9556551011165648	2.0
93.57421207427979	1.9580013150972104	2.0
93.58674120903015	1.9580013150972104	2.0
93.59951400756836	1.9580013150972104	2.0
93.61192059516907	1.9598758643625207	2.0
93.62387275695801	1.9598758643625207	2.0
93.63634777069092	1.9598758643625207	2.0
93.65013098716736	1.9598758643625207	2.0
93.66247057914734	1.9617950193870306	2.0
93.67463684082031	1.9617950193870306	2.0
93.68678164482117	1.9617950193870306	2.0
93.70163774490356	1.963589834542112	2.0
93.7137725353241	1.963589834542112	2.0
93.72761344909668	1.963589834542112	2.0
93.74109959602356	1.965210792586663	2.0
93.75299668312073	1.965210792586663	2.0
93.76467680931091	1.965210792586663	2.0
93.77813148498535	1.965210792586663	2.0
93.7900960445404	1.9657534065078295	2.0
93.80232405662537	1.9657534065078295	2.0
93.81723308563232	1.9661958138613058	2.0
93.82973766326904	1.9661958138613058	2.0
93.84225273132324	1.9661958138613058	2.0
93.85457491874695	1.9661958138613058	2.0
93.86823034286499	1.9666296161194428	2.0
93.88050055503845	1.9666296161194428	2.0
93.8943259716034	1.9671453217353847	2.0
93.90648818016052	1.9671453217353847	2.0
93.91834354400635	1.9671453217353847	2.0
93.93037366867065	1.9671453217353847	2.0
93.94574570655823	1.967800162256499	2.0
93.95761227607727	1.967800162256499	2.0
93.9708993434906	1.967800162256499	2.0
93.98338294029236	1.9689706019563773	2.0
93.9956419467926	1.9689706019563773	2.0
94.00790762901306	1.9689706019563773	2.0
94.02217817306519	1.9701363621562678	2.0
94.0348002910614	1.9701363621562678	2.0
94.04775214195251	1.9701363621562678	2.0
94.06052708625793	1.970987136344121	2.0
94.07236170768738	1.970987136344121	2.0
94.0842387676239	1.970987136344121	2.0
94.09676718711853	1.970987136344121	2.0
94.10968542098999	1.9717504399887946	2.0
94.12196397781372	1.9717504399887946	2.0
94.13576006889343	1.972820862106517	2.0
94.14761328697205	1.972820862106517	2.0
94.15960884094238	1.972820862106517	2.0
94.17178559303284	1.972820862106517	2.0
94.18850326538086	1.9747256179544699	2.0
94.2005844116211	1.9747256179544699	2.0
94.21423196792603	1.9768810874743405	2.0
94.22611975669861	1.9768810874743405	2.0
94.23804712295532	1.9768810874743405	2.0
94.24973392486572	1.9768810874743405	2.0
94.26307582855225	1.9789841056063509	2.0
94.27537322044373	1.9789841056063509	2.0
94.28791427612305	1.9789841056063509	2.0
94.30081796646118	1.981070151443897	2.0
94.31300830841064	1.981070151443897	2.0
94.32522368431091	1.981070151443897	2.0
94.33953380584717	1.981070151443897	2.0
94.35206198692322	1.9834800273304218	2.0
94.36496615409851	1.9834800273304218	2.0
94.37834095954895	1.9860187376580207	2.0
94.3906147480011	1.9860187376580207	2.0
94.40299367904663	1.9860187376580207	2.0
94.41533207893372	1.9860187376580207	2.0
94.42864942550659	1.9886724478852937	2.0
94.44108247756958	1.9886724478852937	2.0
94.45287466049194	1.9886724478852937	2.0
94.4649384021759	1.9886724478852937	2.0
94.47856616973877	1.9909565488627845	2.0
94.49121642112732	1.9909565488627845	2.0
94.50640273094177	1.9931049234255032	2.0
94.51876759529114	1.9931049234255032	2.0
94.53050827980042	1.9931049234255032	2.0
94.54267454147339	1.9931049234255032	2.0
94.55577778816223	1.9949630951862514	2.0
94.56802296638489	1.9949630951862514	2.0
94.58173608779907	1.9962232502041726	2.0
94.59398031234741	1.9962232502041726	2.0
94.60622310638428	1.9962232502041726	2.0
94.61802697181702	1.9962232502041726	2.0
94.63159918785095	1.9975297804504841	2.0
94.6440532207489	1.9975297804504841	2.0
94.65697240829468	1.9975297804504841	2.0
94.66894483566284	1.9986616078980202	2.0
94.68128943443298	1.9986616078980202	2.0
94.69353532791138	1.9986616078980202	2.0
94.70676732063293	1.9986616078980202	2.0
94.71875548362732	1.9996073263830105	2.0
94.73238229751587	1.9996073263830105	2.0
94.74605774879456	2.000911345845323	2.0
94.75819277763367	2.000911345845323	2.0
94.77060413360596	2.000911345845323	2.0
94.78342509269714	2.000911345845323	2.0
94.7963490486145	2.001746306906535	2.0
94.80857133865356	2.001746306906535	2.0
94.82239174842834	2.002255159874995	2.0
94.83455657958984	2.002255159874995	2.0
94.84627914428711	2.002255159874995	2.0
94.85839629173279	2.002255159874995	2.0
94.87303256988525	2.002522987480687	2.0
94.8851261138916	2.002522987480687	2.0
94.89883089065552	2.002522987480687	2.0
94.91068005561829	2.003244909812378	2.0
94.92307734489441	2.003244909812378	2.0
94.93547081947327	2.003244909812378	2.0
94.94856023788452	2.0043133003308493	2.0
94.96049427986145	2.0043133003308493	2.0
94.97237467765808	2.0043133003308493	2.0
94.98548531532288	2.0049340182842146	2.0
94.9976487159729	2.0049340182842146	2.0
95.0099573135376	2.0049340182842146	2.0
95.02202844619751	2.0049340182842146	2.0
95.0356228351593	2.0053991811260445	2.0
95.04731607437134	2.0053991811260445	2.0
95.06212186813354	2.00535847236556	2.0
95.0744776725769	2.00535847236556	2.0
95.08632731437683	2.00535847236556	2.0
95.09862017631531	2.00535847236556	2.0
95.11231899261475	2.0050785923487338	2.0
95.12458729743958	2.0050785923487338	2.0
95.13819432258606	2.0050785923487338	2.0
95.1502537727356	2.0041088781593173	2.0
95.16194677352905	2.0041088781593173	2.0
95.17423176765442	2.0041088781593173	2.0
95.18768167495728	2.0041088781593173	2.0
95.19964694976807	2.0028391788183626	2.0
95.21138620376587	2.0028391788183626	2.0
95.22369885444641	2.0028391788183626	2.0
95.23700380325317	2.0007397023321163	2.0
95.24879908561707	2.0007397023321163	2.0
95.2612509727478	2.0007397023321163	2.0
95.27470445632935	1.99920262456108	2.0
95.28687191009521	1.99920262456108	2.0
95.29855585098267	1.99920262456108	2.0
95.31056666374207	1.99920262456108	2.0
95.3239312171936	1.9972710323532883	2.0
95.33573937416077	1.9972710323532883	2.0
95.3498125076294	1.9945170744602112	2.0
95.3622133731842	1.9945170744602112	2.0
95.37411713600159	1.9945170744602112	2.0
95.38615393638611	1.9945170744602112	2.0
95.40167713165283	1.9923138261934175	2.0
95.41380262374878	1.9923138261934175	2.0
95.42696380615234	1.9923138261934175	2.0
95.43895149230957	1.988563494236073	2.0
95.45143747329712	1.988563494236073	2.0
95.46339702606201	1.988563494236073	2.0
95.4771888256073	1.9865100773121855	2.0
95.48963117599487	1.9865100773121855	2.0
95.50236821174622	1.9865100773121855	2.0
95.51582145690918	1.9844781001531882	2.0
95.5279495716095	1.9844781001531882	2.0
95.53969025611877	1.9844781001531882	2.0
95.55208945274353	1.9844781001531882	2.0
95.56512522697449	1.9824478960396756	2.0
95.57708263397217	1.9824478960396756	2.0
95.59037446975708	1.980562005524853	2.0
95.60273361206055	1.980562005524853	2.0
95.61525797843933	1.980562005524853	2.0
95.62722969055176	1.980562005524853	2.0
95.64140367507935	1.9797944349816858	2.0
95.65315127372742	1.9797944349816858	2.0
95.66743731498718	1.9797944349816858	2.0
95.68001174926758	1.9789423303027245	2.0
95.69227528572083	1.9789423303027245	2.0
95.70432806015015	1.9789423303027245	2.0
95.71795439720154	1.9780301022138733	2.0
95.73038983345032	1.9780301022138733	2.0
95.74250221252441	1.9780301022138733	2.0
95.75530529022217	1.9777821719329307	2.0
95.76721119880676	1.9777821719329307	2.0
95.77884149551392	1.9777821719329307	2.0
95.79089689254761	1.9777821719329307	2.0
95.80374908447266	1.9779091621681588	2.0
95.81541633605957	1.9779091621681588	2.0
95.82868480682373	1.9796229795762905	2.0
95.8405077457428	1.9796229795762905	2.0
95.85243558883667	1.9796229795762905	2.0
95.86439561843872	1.9796229795762905	2.0
95.87812304496765	1.980287296967217	2.0
95.88991522789001	1.980287296967217	2.0
95.90249013900757	1.980287296967217	2.0
95.91574931144714	1.9811124492907688	2.0
95.92747378349304	1.9811124492907688	2.0
95.93929266929626	1.9811124492907688	2.0
95.95145535469055	1.9811124492907688	2.0
95.9645984172821	1.981861408642261	2.0
95.97632265090942	1.981861408642261	2.0
95.98805975914001	1.981861408642261	2.0
96.00079798698425	1.981861408642261	2.0
96.01402711868286	1.981756493222709	2.0
96.02590370178223	1.981756493222709	2.0
96.04011416435242	1.9811756423515827	2.0
96.05189394950867	1.9811756423515827	2.0
96.06443071365356	1.9811756423515827	2.0
96.07663750648499	1.9811756423515827	2.0
96.0899863243103	1.980475355875355	2.0
96.10204148292542	1.980475355875355	2.0
96.11615228652954	1.9799316400283604	2.0
96.12848138809204	1.9799316400283604	2.0
96.14029026031494	1.9799316400283604	2.0
96.15238904953003	1.9799316400283604	2.0
96.16630673408508	1.9789748057454415	2.0
96.17803478240967	1.9789748057454415	2.0
96.1900942325592	1.9789748057454415	2.0
96.20311880111694	1.9772154195587697	2.0
96.21506929397583	1.9772154195587697	2.0
96.22673916816711	1.9772154195587697	2.0
96.23938059806824	1.9772154195587697	2.0
96.25171756744385	1.9763267412252072	2.0
96.26387572288513	1.9763267412252072	2.0
96.2784194946289	1.9744207964024667	2.0
96.29017066955566	1.9744207964024667	2.0
96.30207991600037	1.9744207964024667	2.0
96.314608335495	1.9744207964024667	2.0
96.32797074317932	1.9725145222753793	2.0
96.34037899971008	1.9725145222753793	2.0
96.35451698303223	1.9725145222753793	2.0
96.36691880226135	1.9705849808551477	2.0
96.37896275520325	1.9705849808551477	2.0
96.39062690734863	1.9705849808551477	2.0
96.4051764011383	1.9692898703379456	2.0
96.41706418991089	1.9692898703379456	2.0
96.42908573150635	1.9692898703379456	2.0
96.44203901290894	1.967844918283586	2.0
96.45404839515686	1.967844918283586	2.0
96.46593403816223	1.967844918283586	2.0
96.47786259651184	1.967844918283586	2.0
96.4913444519043	1.966092177026289	2.0
96.50304317474365	1.966092177026289	2.0
96.51681518554688	1.9641064112735926	2.0
96.52918601036072	1.9641064112735926	2.0
96.54162168502808	1.9641064112735926	2.0
96.55384922027588	1.9641064112735926	2.0
96.56740808486938	1.9598467799608545	2.0
96.57951068878174	1.9598467799608545	2.0
96.59250545501709	1.9598467799608545	2.0
96.60526537895203	1.9629552256158214	2.0
96.61720418930054	1.9629552256158214	2.0
96.62892246246338	1.9629552256158214	2.0
96.64241099357605	1.9629552256158214	2.0
96.65484309196472	nan	2.0
96.66658186912537	nan	2.0
96.67822027206421	nan	2.0
96.69143462181091	nan	2.0
96.70366287231445	nan	2.0
96.7165458202362	nan	2.0
96.73022890090942	nan	2.0
96.74258303642273	nan	2.0
96.75429153442383	nan	2.0
96.76629447937012	nan	2.0
96.77937579154968	nan	2.0
96.79176020622253	nan	2.0
96.80513429641724	nan	2.0
96.81735348701477	nan	2.0
96.82906103134155	nan	2.0
96.84072232246399	nan	2.0
96.85421633720398	nan	2.0
96.8659245967865	nan	2.0
96.87805962562561	nan	2.0
96.89145493507385	nan	2.0
96.90335607528687	nan	2.0
96.91534423828125	nan	2.0
96.92841601371765	nan	2.0
96.94061756134033	nan	2.0
96.95231080055237	nan	2.0
96.96597862243652	nan	2.0
96.97813582420349	nan	2.0
96.9903473854065	nan	2.0
97.0024962425232	nan	2.0
97.01665472984314	nan	2.0
97.02839016914368	nan	2.0
97.04170727729797	nan	2.0
97.05393481254578	nan	2.0
97.06555557250977	nan	2.0
97.0775146484375	nan	2.0
97.09107279777527	nan	2.0
97.10359382629395	nan	2.0
97.11607193946838	nan	2.0
97.12970304489136	nan	2.0
97.14180016517639	nan	2.0
97.15413188934326	nan	2.0
97.16655445098877	nan	2.0
97.17969155311584	nan	2.0
97.19168400764465	nan	2.0
97.20519137382507	nan	2.0
97.2173547744751	nan	2.0
97.22942423820496	nan	2.0
97.2417368888855	nan	2.0
97.25536012649536	nan	2.0
97.26720976829529	nan	2.0
97.27994203567505	nan	2.0
97.29243683815002	nan	2.0
97.30433344841003	nan	2.0
97.3164336681366	nan	2.0
97.32884001731873	nan	2.0
97.34225344657898	nan	2.0
97.35447525978088	nan	2.0
97.36844897270203	nan	2.0
97.38046145439148	nan	2.0
97.39282369613647	nan	2.0
97.4065294265747	nan	2.0
97.4200713634491	nan	2.0
97.43220663070679	nan	2.0
97.44480514526367	nan	2.0
97.45883893966675	nan	2.0
97.47138571739197	nan	2.0
97.48395538330078	nan	2.0
97.49762892723083	nan	2.0
97.50956964492798	nan	2.0
97.52163600921631	nan	2.0
97.53412365913391	nan	2.0
97.5483717918396	nan	2.0
97.56010341644287	nan	2.0
97.57347655296326	nan	2.0
97.58532333374023	nan	2.0
97.59735774993896	nan	2.0
97.60911202430725	nan	2.0
97.6227171421051	nan	2.0
97.63497853279114	nan	2.0
97.64735865592957	nan	2.0
97.6616895198822	nan	2.0
97.67370009422302	nan	2.0
97.68575358390808	nan	2.0
97.69910168647766	nan	2.0
97.7109785079956	nan	2.0
97.72287201881409	nan	2.0
97.73696303367615	nan	2.0
97.74875235557556	nan	2.0
97.76042532920837	nan	2.0
97.77281379699707	nan	2.0
97.78689551353455	nan	2.0
97.79887056350708	nan	2.0
97.81239032745361	nan	2.0
97.8243899345398	nan	2.0
97.83621716499329	nan	2.0
97.84798669815063	nan	2.0
97.86144018173218	nan	2.0
97.87359738349915	nan	2.0
97.88625025749207	nan	2.0
97.89951515197754	nan	2.0
97.9115355014801	nan	2.0
97.92368483543396	nan	2.0
97.93640375137329	nan	2.0
97.94912028312683	nan	2.0
97.96098947525024	nan	2.0
97.97434067726135	nan	2.0
97.98637175559998	nan	2.0
97.99811601638794	nan	2.0
98.00998210906982	nan	2.0
98.02362418174744	nan	2.0
98.03567051887512	nan	2.0
98.05079770088196	nan	2.0
98.0639226436615	nan	2.0
98.07682204246521	nan	2.0
98.08884739875793	nan	2.0
98.10402297973633	nan	2.0
98.11906313896179	nan	2.0
98.1419837474823	nan	2.0
98.15976142883301	nan	2.0
98.17717266082764	nan	2.0
98.19679641723633	nan	2.0
98.21010732650757	nan	2.0
98.22362685203552	nan	2.0
98.23739528656006	nan	2.0
98.24966025352478	nan	2.0
98.26470899581909	nan	2.0
98.27731084823608	nan	2.0
98.29016947746277	nan	2.0
98.30314540863037	nan	2.0
98.31832766532898	nan	2.0
98.33188939094543	nan	2.0
98.34582185745239	nan	2.0
98.35781002044678	nan	2.0
98.37008023262024	nan	2.0
98.38375949859619	nan	2.0
98.39727067947388	nan	2.0
98.40947341918945	nan	2.0
98.42460036277771	nan	2.0
98.43667244911194	nan	2.0
98.44849014282227	nan	2.0
98.4615523815155	nan	2.0
98.47630786895752	nan	2.0
98.48864674568176	nan	2.0
98.50452184677124	nan	2.0
98.51757955551147	nan	2.0
98.53153610229492	nan	2.0
98.54732418060303	nan	2.0
98.56128120422363	nan	2.0
98.57553386688232	nan	2.0
98.59212970733643	nan	2.0
98.60537314414978	nan	2.0
98.61893367767334	nan	2.0
98.63432598114014	nan	2.0
98.64693713188171	nan	2.0
98.65985798835754	nan	2.0
98.67247009277344	nan	2.0
98.68542718887329	nan	2.0
98.69728803634644	nan	2.0
98.71129775047302	nan	2.0
98.72320365905762	nan	2.0
98.73560333251953	nan	2.0
98.74897050857544	nan	2.0
98.76113796234131	nan	2.0
98.77281761169434	nan	2.0
98.78657078742981	nan	2.0
98.80091834068298	nan	2.0
98.8157057762146	nan	2.0
98.82985305786133	nan	2.0
98.84420084953308	nan	2.0
98.85856294631958	nan	2.0
98.87393355369568	nan	2.0
98.88753652572632	nan	2.0
98.9041531085968	nan	2.0
98.9168860912323	nan	2.0
98.9295027256012	nan	2.0
98.94199752807617	nan	2.0
98.95496106147766	nan	2.0
98.96716356277466	nan	2.0
98.97887444496155	nan	2.0
98.99213719367981	nan	2.0
99.00589370727539	nan	2.0
99.018869638443	nan	2.0
99.03377985954285	nan	2.0
99.04723477363586	nan	2.0
99.06068253517151	nan	2.0
99.07565307617188	nan	2.0
99.09008479118347	nan	2.0
99.10533857345581	nan	2.0
99.11926245689392	nan	2.0
99.13240361213684	nan	2.0
99.14633798599243	nan	2.0
99.16263341903687	nan	2.0
99.17541599273682	nan	2.0
99.19107675552368	nan	2.0
99.20390915870667	nan	2.0
99.21595931053162	nan	2.0
99.22879838943481	nan	2.0
99.24220013618469	1.9028512917793257	2.0
99.25444722175598	1.9028512917793257	2.0
99.26809597015381	1.9028512917793257	2.0
99.28074479103088	1.9076261610975078	2.0
99.29260277748108	1.9076261610975078	2.0
99.30440258979797	1.9076261610975078	2.0
99.31808924674988	1.9119639340332544	2.0
99.33002996444702	1.9119639340332544	2.0
99.3422966003418	1.9119639340332544	2.0
99.35589838027954	1.9157416538134744	2.0
99.36825823783875	1.9157416538134744	2.0
99.38035249710083	1.9157416538134744	2.0
99.39404249191284	1.9157416538134744	2.0
99.40607213973999	1.9197944931601298	2.0
99.41830229759216	1.9197944931601298	2.0
99.43180441856384	1.9223988302813417	2.0
99.45218706130981	1.9223988302813417	2.0
99.47139859199524	1.9223988302813417	2.0
99.49217295646667	1.9257563566699727	2.0
99.50888586044312	1.9292279823530325	2.0
99.52130913734436	1.9292279823530325	2.0
99.53400349617004	1.9292279823530325	2.0
99.54746055603027	1.9292279823530325	2.0
99.5629985332489	1.9325273887489953	2.0
99.57518005371094	1.9325273887489953	2.0
99.59063720703125	1.9349044587588966	2.0
99.60295796394348	1.9349044587588966	2.0
99.61525392532349	1.9349044587588966	2.0
99.62765836715698	1.9349044587588966	2.0
99.64211082458496	1.9369592939194749	2.0
99.65467548370361	1.9369592939194749	2.0
99.67040872573853	1.939049051025418	2.0
99.6832799911499	1.939049051025418	2.0
99.69609808921814	1.939049051025418	2.0
99.71062350273132	1.939049051025418	2.0
99.7270770072937	1.9403078988826945	2.0
99.74101829528809	1.9403078988826945	2.0
99.75561618804932	1.9403078988826945	2.0
99.77332329750061	1.942434519203998	2.0
99.78963780403137	1.942434519203998	2.0
99.80721306800842	1.9434803721401963	2.0
99.82149004936218	1.9434803721401963	2.0
99.83786606788635	1.9434803721401963	2.0
99.85558700561523	1.9443939882455397	2.0
99.87002420425415	1.9443939882455397	2.0
99.8867495059967	1.9452906904004692	2.0
99.90086102485657	1.9452906904004692	2.0
99.9186384677887	1.9452906904004692	2.0
99.93705701828003	1.946633580846441	2.0
99.95697736740112	1.947618704895205	2.0
99.97063302993774	1.947618704895205	2.0
99.98315119743347	1.947618704895205	2.0
99.99719524383545	1.947618704895205	2.0
100.01237869262695	1.9490168571706614	2.0
100.02541851997375	1.9490168571706614	2.0
100.0411467552185	1.9509480303514486	2.0
100.05407524108887	1.9509480303514486	2.0
100.06639409065247	1.9509480303514486	2.0
100.08824729919434	1.952251692093673	2.0
100.1007752418518	1.952251692093673	2.0
100.11660099029541	1.9539192613914131	2.0
100.13005948066711	1.9539192613914131	2.0
100.14218711853027	1.9539192613914131	2.0
100.15569186210632	1.9539192613914131	2.0
100.1714415550232	1.9554332307454778	2.0
100.1850996017456	1.9554332307454778	2.0
100.20222902297974	1.9564231878604879	2.0
100.21697878837585	1.9564231878604879	2.0
100.22994875907898	1.9564231878604879	2.0
100.24639940261841	1.9582775824803746	2.0
100.2594666481018	1.9582775824803746	2.0
100.27477955818176	1.9582775824803746	2.0
100.28753423690796	1.959237551716297	2.0
100.2995433807373	1.959237551716297	2.0
100.31213808059692	1.959237551716297	2.0
100.32836246490479	1.959994139190868	2.0
100.34061050415039	1.959994139190868	2.0
100.35668873786926	1.9613823345591854	2.0
100.37010312080383	1.9613823345591854	2.0
100.38343024253845	1.9613823345591854	2.0
100.40189170837402	1.9613823345591854	2.0
100.42092394828796	1.9633572608841845	2.0
100.4393379688263	1.9650961283269868	2.0
100.45416617393494	1.9650961283269868	2.0
100.46811652183533	1.9650961283269868	2.0
100.4858193397522	1.9668138673735562	2.0
100.4994158744812	1.9668138673735562	2.0
100.51389455795288	1.9668138673735562	2.0
100.52937293052673	1.9668138673735562	2.0
100.54248523712158	1.9687546421469928	2.0
100.55596280097961	1.9687546421469928	2.0
100.57241320610046	1.9699530983679732	2.0
100.58499574661255	1.9699530983679732	2.0
100.59772109985352	1.9699530983679732	2.0
100.61311531066895	1.97128500572292	2.0
100.62696862220764	1.97128500572292	2.0
100.64225244522095	1.97128500572292	2.0
100.65643048286438	1.9716930675206725	2.0
100.67030668258667	1.9716930675206725	2.0
100.68336033821106	1.9716930675206725	2.0
100.69891166687012	1.9732464139739143	2.0
100.71143889427185	1.9732464139739143	2.0
100.72798275947571	1.9746745734557103	2.0
100.74178004264832	1.9746745734557103	2.0
100.75511264801025	1.9746745734557103	2.0
100.76990389823914	1.9746745734557103	2.0
100.78385972976685	1.9754847074730488	2.0
100.79698491096497	1.9754847074730488	2.0
100.81243586540222	1.9751650738398632	2.0
100.825359582901	1.9751650738398632	2.0
100.83749341964722	1.9751650738398632	2.0
100.85377216339111	1.9748250572449728	2.0
100.86730432510376	1.9748250572449728	2.0
100.88389372825623	1.9748917385785318	2.0
100.89704847335815	1.9748917385785318	2.0
100.90997457504272	1.9748917385785318	2.0
100.92198181152344	1.9748917385785318	2.0
100.9371976852417	1.9749793486414249	2.0
100.95038437843323	1.9749793486414249	2.0
100.96525979042053	1.9750573521956263	2.0
100.97772097587585	1.9750573521956263	2.0
100.98975253105164	1.9750573521956263	2.0
101.0026171207428	1.9750573521956263	2.0
101.01646399497986	1.9754346966473642	2.0
101.03000593185425	1.9754346966473642	2.0
101.04766201972961	1.9754863191069945	2.0
101.06004738807678	1.9754863191069945	2.0
101.07308650016785	1.9754863191069945	2.0
101.08781719207764	1.9754863191069945	2.0
101.10363674163818	1.974964519500015	2.0
101.11996054649353	1.974964519500015	2.0
101.1362030506134	1.974589714161094	2.0
101.1514322757721	1.974589714161094	2.0
101.1672146320343	1.974589714161094	2.0
101.18434762954712	1.9742400189063816	2.0
101.19748544692993	1.9742400189063816	2.0
101.21012592315674	1.9742400189063816	2.0
101.2252926826477	1.9738609752702323	2.0
101.23933577537537	1.9738609752702323	2.0
101.25768446922302	1.9734838678791822	2.0
101.27150797843933	1.9734838678791822	2.0
101.28468680381775	1.9734838678791822	2.0
101.30270552635193	1.973182841315794	2.0
101.31679773330688	1.973182841315794	2.0
101.33285474777222	1.9726296626014264	2.0
101.34639382362366	1.9726296626014264	2.0
101.35905051231384	1.9726296626014264	2.0
101.37250208854675	1.9726296626014264	2.0
101.38866710662842	1.9721638122895762	2.0
101.4014265537262	1.9721638122895762	2.0
101.41776871681213	1.9709629312015724	2.0
101.4305465221405	1.9709629312015724	2.0
101.44379234313965	1.9709629312015724	2.0
101.4586033821106	1.9709629312015724	2.0
101.4729335308075	1.9707207472615889	2.0
101.48796057701111	1.9707207472615889	2.0
101.50365281105042	1.9706061633659526	2.0
101.51629543304443	1.9706061633659526	2.0
101.52896475791931	1.9706061633659526	2.0
101.54463529586792	1.970211333899357	2.0
101.55720162391663	1.970211333899357	2.0
101.57286024093628	1.969576146032788	2.0
101.58640694618225	1.969576146032788	2.0
101.59976506233215	1.969576146032788	2.0
101.61267185211182	1.969576146032788	2.0
101.628000497818	1.9692223284791357	2.0
101.64124274253845	1.9692223284791357	2.0
101.65613770484924	1.9688032587043485	2.0
101.66916418075562	1.9688032587043485	2.0
101.68228483200073	1.9688032587043485	2.0
101.69744396209717	1.9688032587043485	2.0
101.71135210990906	1.9679867149470038	2.0
101.72405576705933	1.9679867149470038	2.0
101.73776149749756	1.9676624989137452	2.0
101.750652551651	1.9676624989137452	2.0
101.76391625404358	1.9676624989137452	2.0
101.7787356376648	1.9676624989137452	2.0
101.79241991043091	1.9672639199381692	2.0
101.80694270133972	1.9672639199381692	2.0
101.82074189186096	1.967917760980868	2.0
101.83398818969727	1.967917760980868	2.0
101.8473129272461	1.967917760980868	2.0
101.86353135108948	1.967987804483693	2.0
101.87713408470154	1.967987804483693	2.0
101.89421057701111	1.96807924140934	2.0
101.90709567070007	1.96807924140934	2.0
101.91907715797424	1.96807924140934	2.0
101.93210029602051	1.96807924140934	2.0
101.94669103622437	1.968192086951446	2.0
101.95950245857239	1.968192086951446	2.0
101.97294282913208	1.968192086951446	2.0
101.99015688896179	1.968572057550546	2.0
102.00269341468811	1.968572057550546	2.0
102.01683473587036	1.968572057550546	2.0
102.03038334846497	1.9684169297385146	2.0
102.04239225387573	1.9684169297385146	2.0
102.05522465705872	1.9684169297385146	2.0
102.0724470615387	1.9688453213359884	2.0
102.08599543571472	1.9688453213359884	2.0
102.1017689704895	1.9690955067365195	2.0
102.11506748199463	1.9690955067365195	2.0
102.12728071212769	1.9690955067365195	2.0
102.1397488117218	1.9690955067365195	2.0
102.15448784828186	1.9688586005390676	2.0
102.17012023925781	1.9688586005390676	2.0
102.18783807754517	1.9688269092443735	2.0
102.20179557800293	1.9688269092443735	2.0
102.21538639068604	1.9688269092443735	2.0
102.23068308830261	1.9685915976972577	2.0
102.24398589134216	1.9685915976972577	2.0
102.25925803184509	1.9685915976972577	2.0
102.27233171463013	1.9683228248577513	2.0
102.2850444316864	1.9683228248577513	2.0
102.29695773124695	1.9683228248577513	2.0
102.31115436553955	1.967308162991819	2.0
102.32326292991638	1.967308162991819	2.0
102.33775091171265	1.967308162991819	2.0
102.35108757019043	1.9667838840338778	2.0
102.36451864242554	1.9667838840338778	2.0
102.37749171257019	1.9667838840338778	2.0
102.3926784992218	1.9657204561384347	2.0
102.40532445907593	1.9657204561384347	2.0
102.42092514038086	1.964945997732587	2.0
102.43465757369995	1.964945997732587	2.0
102.44673228263855	1.964945997732587	2.0
102.46035242080688	1.964945997732587	2.0
102.47480702400208	1.9636023406497851	2.0
102.487708568573	1.9636023406497851	2.0
102.50337553024292	1.9619351633096216	2.0
102.51812744140625	1.9619351633096216	2.0
102.53086400032043	1.9619351633096216	2.0
102.54714918136597	1.9619351633096216	2.0
102.56081342697144	1.9602330562311796	2.0
102.57593941688538	1.9602330562311796	2.0
102.58983325958252	1.958567430181401	2.0
102.60353755950928	1.958567430181401	2.0
102.61627626419067	1.958567430181401	2.0
102.6343948841095	1.9570460346612457	2.0
102.64856910705566	1.9570460346612457	2.0
102.66880130767822	1.9558271317431768	2.0
102.68388438224792	1.9558271317431768	2.0
102.6978554725647	1.9558271317431768	2.0
102.71342372894287	1.9548337982829558	2.0
102.72768187522888	1.9548337982829558	2.0
102.74187779426575	1.9548337982829558	2.0
102.75969576835632	1.9532906324886745	2.0
102.77339005470276	1.9532906324886745	2.0
102.79016757011414	1.9521883744957247	2.0
102.80258774757385	1.9521883744957247	2.0
102.81515002250671	1.9521883744957247	2.0
102.82928347587585	1.9521883744957247	2.0
102.84418797492981	1.9509958215620968	2.0
102.8560938835144	1.9509958215620968	2.0
102.87018465995789	1.9499578194784835	2.0
102.88444519042969	1.9499578194784835	2.0
102.89634609222412	1.9499578194784835	2.0
102.91069507598877	1.9499578194784835	2.0
102.92560958862305	1.9493846135164705	2.0
102.94040822982788	1.9493846135164705	2.0
102.95802640914917	1.9498884262149854	2.0
102.97132086753845	1.9498884262149854	2.0
102.98518300056458	1.9498884262149854	2.0
103.00136756896973	1.9500887006188408	2.0
103.01612424850464	1.9500887006188408	2.0
103.03376173973083	1.9502156317441124	2.0
103.04733324050903	1.9502156317441124	2.0
103.06014633178711	1.9502156317441124	2.0
103.07825636863708	1.9506546047619622	2.0
103.0910713672638	1.9506546047619622	2.0
103.10618686676025	1.9506546047619622	2.0
103.12041926383972	nan	2.0
103.13383483886719	nan	2.0
103.1481237411499	nan	2.0
103.1641776561737	nan	2.0
103.17773056030273	nan	2.0
103.19315648078918	nan	2.0
103.20551681518555	nan	2.0
103.21753740310669	nan	2.0
103.23365569114685	nan	2.0
103.24784207344055	nan	2.0
103.26149296760559	nan	2.0
103.27626991271973	nan	2.0
103.28827381134033	nan	2.0
103.30026030540466	nan	2.0
103.31576704978943	nan	2.0
103.3291163444519	nan	2.0
103.34339952468872	nan	2.0
103.35773253440857	nan	2.0
103.37109398841858	nan	2.0
103.3843412399292	nan	2.0
103.40157055854797	nan	2.0
103.41636109352112	nan	2.0
103.43632984161377	nan	2.0
103.45008516311646	nan	2.0
103.46588110923767	nan	2.0
103.48434901237488	nan	2.0
103.49859094619751	nan	2.0
103.51253819465637	nan	2.0
103.52922749519348	nan	2.0
103.54227471351624	nan	2.0
103.55862140655518	nan	2.0
103.57260942459106	nan	2.0
103.58599495887756	nan	2.0
103.6045823097229	nan	2.0
103.6188440322876	nan	2.0
103.63536739349365	nan	2.0
103.64978170394897	nan	2.0
103.66438364982605	nan	2.0
103.67983865737915	nan	2.0
103.69550728797913	nan	2.0
103.71057057380676	nan	2.0
103.72588658332825	nan	2.0
103.73857378959656	nan	2.0
103.75185084342957	nan	2.0
103.76693367958069	nan	2.0
103.77921509742737	nan	2.0
103.79437851905823	nan	2.0
103.80738472938538	nan	2.0
103.82046437263489	nan	2.0
103.83402752876282	nan	2.0
103.85050868988037	nan	2.0
103.86305212974548	nan	2.0
103.87815070152283	nan	2.0
103.89363265037537	nan	2.0
103.90937662124634	nan	2.0
103.92617988586426	1.9979353295917064	2.0
103.93907165527344	1.9979353295917064	2.0
103.9535276889801	1.9979353295917064	2.0
103.96660876274109	1.9969749469450264	2.0
103.97923517227173	1.9969749469450264	2.0
103.99125599861145	1.9969749469450264	2.0
104.00678825378418	1.9962411860053675	2.0
104.01883864402771	1.9962411860053675	2.0
104.03272485733032	1.9962411860053675	2.0
104.04687571525574	1.9959423629534192	2.0
104.05913758277893	1.9959423629534192	2.0
104.0720043182373	1.9959423629534192	2.0
104.08738851547241	1.9957304743997557	2.0
104.10093832015991	1.9957304743997557	2.0
104.11753916740417	1.9948623753910517	2.0
104.1301646232605	1.9948623753910517	2.0
104.1443886756897	1.9948623753910517	2.0
104.15829753875732	1.9948623753910517	2.0
104.17468762397766	1.9935657264561857	2.0
104.18937873840332	1.9935657264561857	2.0
104.20706510543823	1.9927153774139856	2.0
104.22104477882385	1.9927153774139856	2.0
104.23556518554688	1.9927153774139856	2.0
104.25393962860107	1.9924430015172856	2.0
104.26836133003235	1.9924430015172856	2.0
104.28419065475464	1.9924430015172856	2.0
104.30300855636597	1.9919195921282031	2.0
104.3204996585846	1.9919195921282031	2.0
104.33655905723572	1.992455480594217	2.0
104.35071420669556	1.992455480594217	2.0
104.36589193344116	1.992455480594217	2.0
104.38155341148376	1.9927766683029144	2.0
104.39499711990356	1.9927766683029144	2.0
104.4116473197937	1.9931732391817754	2.0
104.42587113380432	1.9931732391817754	2.0
104.4408392906189	1.9931732391817754	2.0
104.45889711380005	1.9930045735685422	2.0
104.4729163646698	1.9930045735685422	2.0
104.49044513702393	1.9936886842355808	2.0
104.5044457912445	1.9936886842355808	2.0
104.51772832870483	1.9936886842355808	2.0
104.53488636016846	1.994332541967076	2.0
104.54828786849976	1.994332541967076	2.0
104.56494474411011	1.995090839849097	2.0
104.57837915420532	1.995090839849097	2.0
104.59219217300415	1.995090839849097	2.0
104.60760831832886	1.995090839849097	2.0
104.6233401298523	1.9958396208828781	2.0
104.63911604881287	1.9958396208828781	2.0
104.65686130523682	1.9965947095437926	2.0
104.67183542251587	1.9965947095437926	2.0
104.68952107429504	1.9965947095437926	2.0
104.70484185218811	1.9976192349630058	2.0
104.72349810600281	1.9980701947099617	2.0
104.73703718185425	1.9980701947099617	2.0
104.75037169456482	1.9980701947099617	2.0
104.7638807296753	1.9980701947099617	2.0
104.78185939788818	1.998841109589754	2.0
104.79728364944458	1.998841109589754	2.0
104.81296610832214	1.9997081158898684	2.0
104.82649087905884	1.9997081158898684	2.0
104.83940267562866	1.9997081158898684	2.0
104.85588717460632	2.0013265874519335	2.0
104.86907196044922	2.0013265874519335	2.0
104.88472104072571	2.001596383004977	2.0
104.89768600463867	2.001596383004977	2.0
104.90981864929199	2.001596383004977	2.0
104.9223005771637	2.001596383004977	2.0
104.93956446647644	2.0020352324147512	2.0
104.95512056350708	2.0020352324147512	2.0
104.97229337692261	2.0028569907425187	2.0
104.98889923095703	2.0028569907425187	2.0
105.0168125629425	2.0028569907425187	2.0
105.03560447692871	2.003862004242764	2.0
105.05317449569702	2.003862004242764	2.0
105.07065010070801	2.0049539820284537	2.0
105.0894365310669	2.0049539820284537	2.0
105.10414171218872	2.005764670747947	2.0
105.11750936508179	2.005764670747947	2.0
105.13131213188171	2.005764670747947	2.0
105.1474986076355	2.0068153265813256	2.0
105.16341853141785	2.0068153265813256	2.0
105.18442511558533	2.007915161325594	2.0
105.2042293548584	2.007915161325594	2.0
105.22411441802979	2.009406061179395	2.0
105.24442148208618	2.009406061179395	2.0
105.26507234573364	2.0103663470137794	2.0
105.27925872802734	2.0103663470137794	2.0
105.2946105003357	2.0103663470137794	2.0
105.31198120117188	2.0109559140203097	2.0
105.3266921043396	2.0109559140203097	2.0
105.34254884719849	2.01219875475138	2.0
105.35550236701965	2.01219875475138	2.0
105.36787509918213	2.01219875475138	2.0
105.38816547393799	2.0127775229258864	2.0
105.40769386291504	2.0127775229258864	2.0
105.42866373062134	2.0142672195705686	2.0
105.44813346862793	2.0142672195705686	2.0
105.46843433380127	2.0153418015924833	2.0
105.48867058753967	2.0153418015924833	2.0
105.50924682617188	2.016690344657868	2.0
105.52507424354553	2.016690344657868	2.0
105.54147815704346	2.0181334622606935	2.0
105.554682970047	2.0181334622606935	2.0
105.56912899017334	2.0181334622606935	2.0
105.58223247528076	2.019739321189264	2.0
105.59467220306396	2.019739321189264	2.0
105.60712575912476	2.019739321189264	2.0
105.62254500389099	2.021469187485334	2.0
105.63803029060364	2.021469187485334	2.0
105.65270352363586	2.024374089095352	2.0
105.66510891914368	2.024374089095352	2.0
105.6779990196228	2.024374089095352	2.0
105.69106841087341	2.024374089095352	2.0
105.70601868629456	2.02727248497517	2.0
105.71882438659668	2.02727248497517	2.0
105.73120641708374	2.02727248497517	2.0
105.74821472167969	2.0296076038562894	2.0
105.7611756324768	2.0296076038562894	2.0
105.77574872970581	2.0296076038562894	2.0
105.79164814949036	2.033095553210335	2.0
105.80455708503723	2.033095553210335	2.0
105.81670475006104	2.033095553210335	2.0
105.83116841316223	2.0350999006369896	2.0
105.84366703033447	2.0350999006369896	2.0
105.85873103141785	2.0350999006369896	2.0
105.8725094795227	2.037191954081291	2.0
105.88563942909241	2.037191954081291	2.0
105.89914870262146	2.037191954081291	2.0
105.9165906906128	2.0391830756029536	2.0
105.93035507202148	2.0391830756029536	2.0
105.94737339019775	2.0407247170055824	2.0
105.96211695671082	2.0407247170055824	2.0
105.97695326805115	2.0407247170055824	2.0
105.99612784385681	2.042198401300454	2.0
106.01132273674011	2.042198401300454	2.0
106.02848410606384	2.043361495927022	2.0
106.04203939437866	2.043361495927022	2.0
106.05739450454712	2.043361495927022	2.0
106.0758957862854	2.043881801075564	2.0
106.0897855758667	2.043881801075564	2.0
106.1058361530304	2.043803143398291	2.0
106.11855959892273	2.043803143398291	2.0
106.13085627555847	2.043803143398291	2.0
106.14763712882996	2.0434723569271442	2.0
106.15996479988098	2.0434723569271442	2.0
106.17388200759888	2.0434723569271442	2.0
106.18957352638245	2.0418678073775944	2.0
106.20482277870178	2.0418678073775944	2.0
106.2199981212616	2.0418678073775944	2.0
106.23533129692078	2.0404064254780008	2.0
106.25135231018066	2.0404064254780008	2.0
106.27071166038513	2.0386827207536244	2.0
106.28439807891846	2.0386827207536244	2.0
106.29683780670166	2.0386827207536244	2.0
106.31545829772949	2.0362268686930394	2.0
106.33927035331726	2.0362268686930394	2.0
106.35951685905457	2.033916994892152	2.0
106.37255072593689	2.033916994892152	2.0
106.39081764221191	2.03122968209433	2.0
106.40539979934692	2.03122968209433	2.0
106.41996192932129	2.02811721020678	2.0
106.4331705570221	2.02811721020678	2.0
106.44539594650269	2.02811721020678	2.0
106.45753216743469	2.02811721020678	2.0
106.47393321990967	2.0240920560043607	2.0
106.48692560195923	2.0240920560043607	2.0
106.49955034255981	2.0240920560043607	2.0
106.5155885219574	2.020979075931897	2.0
106.53023481369019	2.020979075931897	2.0
106.54666519165039	2.020979075931897	2.0
106.5600700378418	2.0180656753401065	2.0
106.57288885116577	2.0180656753401065	2.0
106.58734583854675	2.0180656753401065	2.0
106.60361361503601	2.0158799250999526	2.0
106.61616230010986	2.0158799250999526	2.0
106.6339282989502	2.014063919904155	2.0
106.65339231491089	2.014063919904155	2.0
106.67413282394409	2.014063919904155	2.0
106.6915020942688	2.012985573122214	2.0
106.70998001098633	2.012219635540855	2.0
106.72346234321594	2.012219635540855	2.0
106.7378351688385	2.012219635540855	2.0
106.7511568069458	2.012219635540855	2.0
106.767333984375	2.011188771220444	2.0
106.78114557266235	2.011188771220444	2.0
106.80068778991699	2.0106093619409084	2.0
106.81698369979858	2.0106093619409084	2.0
106.83474779129028	2.0106093619409084	2.0
106.84853649139404	2.0099166448763635	2.0
106.86506295204163	2.0099166448763635	2.0
106.88170838356018	2.0098664313670467	2.0
106.89632797241211	2.0098664313670467	2.0
106.91355562210083	2.0098664313670467	2.0
106.93156957626343	2.010192318319683	2.0
106.95337533950806	2.010157588093013	2.0
106.97445321083069	2.010157588093013	2.0
106.99631309509277	2.010157588093013	2.0
107.013356924057	2.010032145350711	2.0
107.02930498123169	2.0097521870129564	2.0
107.04245185852051	2.0097521870129564	2.0
107.05467200279236	2.0097521870129564	2.0
107.07008910179138	2.0097521870129564	2.0
107.08479046821594	2.0090203805613434	2.0
107.09833264350891	2.0090203805613434	2.0
107.11415123939514	2.008758720249484	2.0
107.12881851196289	2.008758720249484	2.0
107.14339685440063	2.008758720249484	2.0
107.15917181968689	2.0089281818539453	2.0
107.172034740448	2.0089281818539453	2.0
107.18881297111511	2.008899303565003	2.0
107.2028112411499	2.008899303565003	2.0
107.21734523773193	2.008899303565003	2.0
107.23089647293091	2.008899303565003	2.0
107.24433398246765	2.008659292738391	2.0
107.25684428215027	2.008659292738391	2.0
107.2690110206604	2.008659292738391	2.0
107.28423881530762	2.008659292738391	2.0
107.29696798324585	2.0087988712388767	2.0
107.31069850921631	2.0087988712388767	2.0
107.32459044456482	2.0088261877494444	2.0
107.3372917175293	2.0088261877494444	2.0
107.34949374198914	2.0088261877494444	2.0
107.36483073234558	2.0089739861579323	2.0
107.37795376777649	2.0089739861579323	2.0
107.39369225502014	2.0089739861579323	2.0
107.40839076042175	2.009055115648325	2.0
107.42510342597961	2.009055115648325	2.0
107.44331979751587	2.009055115648325	2.0
107.46319270133972	2.0089355507762026	2.0
107.48160481452942	2.0080203953230535	2.0
107.49825739860535	2.0080203953230535	2.0
107.51635980606079	2.0080203953230535	2.0
107.5348904132843	2.0075393330596625	2.0
107.55445575714111	2.0075393330596625	2.0
107.56867361068726	2.0065783279299687	2.0
107.58335733413696	2.0065783279299687	2.0
107.59818887710571	2.0065783279299687	2.0
107.61434984207153	2.005452556501397	2.0
107.62962102890015	2.005452556501397	2.0
107.6433219909668	2.004924961009469	2.0
107.65570664405823	2.004924961009469	2.0
107.66837787628174	2.004924961009469	2.0
107.68466687202454	2.004265291844619	2.0
107.69701647758484	2.004265291844619	2.0
107.7112991809845	2.004265291844619	2.0
107.72495746612549	2.003647482843275	2.0
107.73716926574707	2.003647482843275	2.0
107.74926400184631	2.003647482843275	2.0
107.763503074646	2.003647482843275	2.0
107.77693057060242	2.003370088903881	2.0
107.79143238067627	2.003370088903881	2.0
107.80418729782104	2.0026291173082256	2.0
107.8169686794281	2.0026291173082256	2.0
107.82935428619385	2.0026291173082256	2.0
107.84368705749512	2.0026291173082256	2.0
107.85734152793884	2.0017541881519536	2.0
107.87129831314087	2.0017541881519536	2.0
107.88781142234802	2.00206516383082	2.0
107.90063214302063	2.00206516383082	2.0
107.91284513473511	2.00206516383082	2.0
107.92739415168762	2.0015590332471946	2.0
107.94046974182129	2.0015590332471946	2.0
107.95476031303406	2.0015590332471946	2.0
107.9688332080841	2.001196913821878	2.0
107.98098564147949	2.001196913821878	2.0
107.99323844909668	2.001196913821878	2.0
108.01195549964905	2.000156857218104	2.0
108.02721309661865	2.000156857218104	2.0
108.03994011878967	2.000156857218104	2.0
108.056232213974	1.9998052332327674	2.0
108.07103180885315	1.9998052332327674	2.0
108.08646392822266	1.998671677158001	2.0
108.09992790222168	1.998671677158001	2.0
108.11383533477783	1.998671677158001	2.0
108.12685441970825	1.998671677158001	2.0
108.14044117927551	1.9972065967416406	2.0
108.15479397773743	1.9972065967416406	2.0
108.1700975894928	1.9956377768082025	2.0
108.18333053588867	1.9956377768082025	2.0
108.19597625732422	1.9956377768082025	2.0
108.21105146408081	1.9944961452292553	2.0
108.22464036941528	1.9944961452292553	2.0
108.23922085762024	1.9944961452292553	2.0
108.2539451122284	1.9943888563341425	2.0
108.26661133766174	1.9943888563341425	2.0
108.2792706489563	1.9943888563341425	2.0
108.2943787574768	1.9932705092267042	2.0
108.3072943687439	1.9932705092267042	2.0
108.32241702079773	1.9932705092267042	2.0
108.33482313156128	1.9925675676209806	2.0
108.34735679626465	1.9925675676209806	2.0
108.36013960838318	1.9925675676209806	2.0
108.37482357025146	1.9917398586078505	2.0
108.38773369789124	1.9917398586078505	2.0
108.40437197685242	1.9924296752116242	2.0
108.41699647903442	1.9924296752116242	2.0
108.43005633354187	1.9924296752116242	2.0
108.4422914981842	1.9924296752116242	2.0
108.45763301849365	1.991457000423764	2.0
108.4738700389862	1.991457000423764	2.0
108.49586701393127	1.9907684151964915	2.0
108.51075720787048	1.9907684151964915	2.0
108.52655053138733	1.9907684151964915	2.0
108.54950857162476	1.9899572975795636	2.0
108.56790351867676	1.9890338038500566	2.0
108.58467411994934	1.9890338038500566	2.0
108.60482501983643	1.9890338038500566	2.0
108.62877893447876	1.988165335641964	2.0
108.65065336227417	1.9861667302365589	2.0
108.67003560066223	1.9861667302365589	2.0
108.68947386741638	1.9861667302365589	2.0
108.70966506004333	1.9848623604886595	2.0
108.73116970062256	1.9834315975562675	2.0
108.75043559074402	1.9834315975562675	2.0
108.77335834503174	1.9818424501273149	2.0
108.791184425354	1.9818424501273149	2.0
108.80688166618347	1.9818424501273149	2.0
108.82894897460938	1.9796762290322143	2.0
108.84798836708069	1.9796762290322143	2.0
108.86670184135437	1.9782516996733435	2.0
108.88140869140625	1.9782516996733435	2.0
108.89915180206299	1.9782516996733435	2.0
108.91744494438171	1.9766226060149859	2.0
108.93399238586426	1.9750490753219825	2.0
108.94995474815369	1.9750490753219825	2.0
108.96415305137634	1.9750490753219825	2.0
108.98299670219421	1.9739609759067775	2.0
108.99942588806152	1.9739609759067775	2.0
109.02007269859314	1.9720839186911416	2.0
109.0386381149292	1.9720839186911416	2.0
109.05819869041443	1.9720839186911416	2.0
109.07682776451111	1.9710596269419667	2.0
109.09567070007324	1.9703848710068055	2.0
109.1097309589386	1.9703848710068055	2.0
109.1230776309967	1.9703848710068055	2.0
109.1405713558197	1.9692000792054696	2.0
109.15585088729858	1.9692000792054696	2.0
109.1733832359314	1.9685914924826402	2.0
109.18806886672974	1.9685914924826402	2.0
109.20223689079285	1.9685914924826402	2.0
109.21765375137329	1.9685914924826402	2.0
109.2331223487854	1.9681386641040572	2.0
109.24912905693054	1.9681386641040572	2.0
109.26290559768677	1.9674475574032464	2.0
109.27617597579956	1.9674475574032464	2.0
109.28910660743713	1.9674475574032464	2.0
109.30435466766357	1.9674885463778975	2.0
109.31738829612732	1.9674885463778975	2.0
109.33537793159485	1.9679472579317068	2.0
109.34898257255554	1.9679472579317068	2.0
109.36275792121887	1.9679472579317068	2.0
109.3783347606659	1.9679472579317068	2.0
109.39228439331055	1.9687755127104445	2.0
109.40724778175354	1.9687755127104445	2.0
109.42336821556091	1.9703951971555802	2.0
109.4365062713623	1.9703951971555802	2.0
109.45161175727844	1.9703951971555802	2.0
109.46817755699158	1.9717106102530697	2.0
109.48351860046387	1.9717106102530697	2.0
109.49849557876587	1.9726181974745913	2.0
109.51143836975098	1.9726181974745913	2.0
109.52563142776489	1.9726181974745913	2.0
109.54194021224976	1.9738483712436246	2.0
109.555659532547	1.9738483712436246	2.0
109.56878066062927	1.9738483712436246	2.0
109.58384013175964	1.9738483712436246	2.0
109.59713101387024	1.9753119654185738	2.0
109.6111249923706	1.9753119654185738	2.0
109.6269633769989	1.9763443215589245	2.0
109.64035153388977	1.9763443215589245	2.0
109.65311336517334	1.9763443215589245	2.0
109.66750431060791	1.9763443215589245	2.0
109.68082475662231	1.9775677663690896	2.0
109.6979067325592	1.9775677663690896	2.0
109.71152400970459	1.9786889909621501	2.0
109.7241575717926	1.9786889909621501	2.0
109.73675680160522	1.9786889909621501	2.0
109.75282621383667	1.9797172542350214	2.0
109.76560425758362	1.9797172542350214	2.0
109.78125786781311	1.979691155586254	2.0
109.79439425468445	1.979691155586254	2.0
109.80734252929688	1.979691155586254	2.0
109.82175803184509	1.979691155586254	2.0
109.83779239654541	1.9795766540990936	2.0
109.85156440734863	1.9795766540990936	2.0
109.86694025993347	1.9786183973849254	2.0
109.88031482696533	1.9786183973849254	2.0
109.8945882320404	1.9786183973849254	2.0
109.9106776714325	1.9783490802314905	2.0
109.92494559288025	1.9783490802314905	2.0
109.94140768051147	1.977034400472546	2.0
109.95497941970825	1.977034400472546	2.0
109.96727538108826	1.977034400472546	2.0
109.98060393333435	1.977034400472546	2.0
109.99484419822693	1.9762868343349793	2.0
110.00810503959656	1.9762868343349793	2.0
110.02480053901672	1.9747825237658738	2.0
110.03752589225769	1.9747825237658738	2.0
110.0503625869751	1.9747825237658738	2.0
110.06606030464172	1.9747825237658738	2.0
110.07996392250061	1.9734011394315583	2.0
110.09315991401672	1.9734011394315583	2.0
110.10826468467712	1.971836257242146	2.0
110.12168169021606	1.971836257242146	2.0
110.13446831703186	1.971836257242146	2.0
110.15046977996826	1.9702040959055815	2.0
110.16533136367798	1.9702040959055815	2.0
110.18442726135254	1.968916404096526	2.0
110.199951171875	1.968916404096526	2.0
110.21244978904724	1.968916404096526	2.0
110.2294671535492	1.9677558321080024	2.0
110.24294137954712	1.9677558321080024	2.0
110.25564694404602	1.9677558321080024	2.0
110.27046370506287	1.9677558321080024	2.0
110.2854471206665	1.967537417473856	2.0
110.29812002182007	1.967537417473856	2.0
110.31617498397827	1.9665894742900307	2.0
110.3343665599823	1.9665894742900307	2.0
110.35234069824219	1.9665894742900307	2.0
110.3672022819519	1.9672637964067978	2.0
110.38564968109131	1.9672637964067978	2.0
110.4015543460846	1.966937815454417	2.0
110.4187319278717	1.966937815454417	2.0
110.43307304382324	1.966937815454417	2.0
110.4472062587738	1.9674361016103767	2.0
110.45999956130981	1.9674361016103767	2.0
110.47540378570557	1.9681492923696873	2.0
110.4909439086914	1.9681492923696873	2.0
110.5032753944397	1.9681492923696873	2.0
110.52331638336182	1.9685583970198757	2.0
110.53992557525635	1.9685583970198757	2.0
110.55950331687927	1.9691871868817146	2.0
110.57828569412231	1.9691871868817146	2.0
110.59670543670654	1.9704095668454245	2.0
110.6123423576355	1.9704095668454245	2.0
110.63122320175171	1.9717325646330348	2.0
110.64585781097412	1.9717325646330348	2.0
110.65941572189331	1.9717325646330348	2.0
110.67754340171814	1.9728430810148017	2.0
110.69200682640076	1.9728430810148017	2.0
110.70866966247559	1.9739851001525834	2.0
110.72644710540771	1.9739851001525834	2.0
110.74347829818726	1.9739851001525834	2.0
110.76756143569946	1.9749972677616885	2.0
110.78988289833069	1.9761028071186277	2.0
110.80773591995239	1.9761028071186277	2.0
110.82595014572144	1.9761028071186277	2.0
110.84875845909119	1.9773978367605316	2.0
110.86980986595154	1.9785701689445865	2.0
110.8895492553711	1.9785701689445865	2.0
110.90888619422913	1.9785701689445865	2.0
110.92841076850891	1.9802494809506654	2.0
110.94729089736938	1.9802494809506654	2.0
110.96425724029541	1.9816253328677083	2.0
110.97953939437866	1.9816253328677083	2.0
110.99786376953125	1.9822723884968028	2.0
111.01720905303955	1.9822723884968028	2.0
111.03332090377808	1.9822723884968028	2.0
111.04953336715698	1.982589257004829	2.0
111.0679223537445	1.982589257004829	2.0
111.08779501914978	1.9830195485940774	2.0
111.10668468475342	1.9830195485940774	2.0
111.12607049942017	1.9833371615884274	2.0
111.14097547531128	1.9833371615884274	2.0
111.16047549247742	1.9832659995068398	2.0
111.17811250686646	1.9832659995068398	2.0
111.19243168830872	1.9832659995068398	2.0
111.20959424972534	1.982923771485762	2.0
111.2250599861145	1.982923771485762	2.0
111.24249124526978	1.982520104352242	2.0
111.25655102729797	1.982520104352242	2.0
111.27033591270447	1.982520104352242	2.0
111.28932046890259	1.9817271480906318	2.0
111.30432486534119	1.9817271480906318	2.0
111.3211133480072	1.9806550544661712	2.0
111.3338348865509	1.9806550544661712	2.0
111.34613633155823	1.9806550544661712	2.0
111.36045432090759	1.9806550544661712	2.0
111.37516784667969	1.97970417443825	2.0
111.38769459724426	1.97970417443825	2.0
111.40237379074097	1.9796468015420754	2.0
111.415452003479	1.9796468015420754	2.0
111.42836356163025	1.9796468015420754	2.0
111.4448676109314	1.980143283226727	2.0
111.45958399772644	1.980143283226727	2.0
111.47489857673645	1.9803516725400576	2.0
111.48810696601868	1.9803516725400576	2.0
111.50106525421143	1.9803516725400576	2.0
111.51693272590637	1.9803516725400576	2.0
111.53517031669617	1.9809199550603829	2.0
111.55396342277527	1.9809199550603829	2.0
111.5708076953888	1.9817861734750744	2.0
111.58602595329285	1.9817861734750744	2.0
111.60376286506653	1.9817861734750744	2.0
111.61956119537354	1.982833629913299	2.0
111.63980793952942	1.9835858722102178	2.0
111.65464663505554	1.9835858722102178	2.0
111.66750192642212	1.9835858722102178	2.0
111.68396091461182	1.9845562133332109	2.0
111.6993248462677	1.9845562133332109	2.0
111.71815943717957	1.985465768577966	2.0
111.73255825042725	1.985465768577966	2.0
111.74690556526184	1.985465768577966	2.0
111.7622709274292	1.985465768577966	2.0
111.77570271492004	1.9870043186811326	2.0
111.7888388633728	1.9870043186811326	2.0
111.80353045463562	1.9870043186811326	2.0
111.82134675979614	1.9876031131319998	2.0
111.83764338493347	1.9876031131319998	2.0
111.85638070106506	1.9883718844577403	2.0
111.87164568901062	1.9883718844577403	2.0
111.88850665092468	1.9883718844577403	2.0
111.90528392791748	1.9894670893473083	2.0
111.923588514328	1.9906534304828973	2.0
111.93728637695312	1.9906534304828973	2.0
111.95085406303406	1.9906534304828973	2.0
111.96534848213196	1.9906534304828973	2.0
111.98160457611084	1.9926012047077477	2.0
111.99899053573608	1.9926012047077477	2.0
112.01793050765991	1.9948047799550082	2.0
112.03198266029358	1.9948047799550082	2.0
112.04757452011108	1.9948047799550082	2.0
112.0629334449768	1.9974469694612815	2.0
112.07679510116577	1.9974469694612815	2.0
112.09190511703491	2.0000349949646163	2.0
112.10497713088989	2.0000349949646163	2.0
112.1181206703186	2.0000349949646163	2.0
112.13438582420349	2.002751611095655	2.0
112.1478316783905	2.002751611095655	2.0
112.16497540473938	2.0049620671422796	2.0
112.17889666557312	2.0049620671422796	2.0
112.19470953941345	2.0049620671422796	2.0
112.21108317375183	2.006927354889215	2.0
112.22530460357666	2.006927354889215	2.0
112.23908424377441	2.006927354889215	2.0
112.25790452957153	2.008499671776593	2.0
112.27377533912659	2.008499671776593	2.0
112.29045486450195	2.008499671776593	2.0
112.3048255443573	2.0094366997179542	2.0
112.32027006149292	2.0094366997179542	2.0
112.33626627922058	2.009931832699208	2.0
112.34975457191467	2.009931832699208	2.0
112.36278223991394	2.009931832699208	2.0
112.37805390357971	2.009485122251447	2.0
112.39088988304138	2.009485122251447	2.0
112.40653538703918	2.0091544903412117	2.0
112.41932487487793	2.0091544903412117	2.0
112.4320547580719	2.0091544903412117	2.0
112.44564652442932	2.0091544903412117	2.0
112.46016383171082	2.0080930798116174	2.0
112.47347283363342	2.0080930798116174	2.0
112.49003720283508	2.0067331562094597	2.0
112.50324320793152	2.0067331562094597	2.0
112.51680254936218	2.0067331562094597	2.0
112.53232145309448	2.005724548969247	2.0
112.54569101333618	2.005724548969247	2.0
112.55833506584167	2.005724548969247	2.0
112.57264637947083	2.005724548969247	2.0
112.58745002746582	2.0041822571273626	2.0
112.60165238380432	2.0041822571273626	2.0
112.61681866645813	2.003033401517097	2.0
112.62964749336243	2.003033401517097	2.0
112.6425530910492	2.003033401517097	2.0
112.65832233428955	2.003033401517097	2.0
112.67242407798767	2.0018346441284205	2.0
112.68551111221313	2.0018346441284205	2.0
112.69989848136902	2.0006383247726403	2.0
112.71267771720886	2.0006383247726403	2.0
112.72545051574707	2.0006383247726403	2.0
112.74144840240479	1.9997662604431643	2.0
112.75407361984253	1.9997662604431643	2.0
112.76866507530212	1.9997662604431643	2.0
112.78165745735168	1.9990515962687092	2.0
112.7943639755249	1.9990515962687092	2.0
112.80689787864685	1.9990515962687092	2.0
112.82266569137573	1.9980915183287613	2.0
112.83554673194885	1.9980915183287613	2.0
112.85132026672363	1.9980915183287613	2.0
112.86445116996765	1.9977219057043372	2.0
112.877512216568	1.9977219057043372	2.0
112.89179968833923	1.9977219057043372	2.0
112.90616989135742	1.9978210530881189	2.0
112.9207992553711	1.9978210530881189	2.0
112.93754076957703	1.9978336288126777	2.0
112.95080804824829	1.9978336288126777	2.0
112.96350765228271	1.9978336288126777	2.0
112.97890758514404	1.9978336288126777	2.0
112.99443793296814	1.9986706744915161	2.0
113.01236176490784	1.999136364775487	2.0
113.02910304069519	1.999136364775487	2.0
113.04519486427307	1.999136364775487	2.0
113.06359004974365	1.9996400880283396	2.0
113.0794985294342	1.9996400880283396	2.0
113.09964561462402	2.0009647196352582	2.0
113.11594104766846	2.0009647196352582	2.0
113.13172507286072	2.0009647196352582	2.0
113.15077829360962	2.0018307723074855	2.0
113.16742753982544	2.0018307723074855	2.0
113.18440198898315	2.0038871581120343	2.0
113.19876217842102	2.0038871581120343	2.0
113.21449637413025	2.0038871581120343	2.0
113.23186826705933	2.0056930602210605	2.0
113.24895286560059	2.0056930602210605	2.0
113.26372981071472	2.0077433169854206	2.0
113.27710247039795	2.0077433169854206	2.0
113.29030680656433	2.0077433169854206	2.0
113.30649638175964	2.0096214131913825	2.0
113.32004523277283	2.0096214131913825	2.0
113.33362245559692	2.0096214131913825	2.0
113.35099458694458	2.0113976754663416	2.0
113.36597442626953	2.0113976754663416	2.0
113.3830029964447	2.012500024881738	2.0
113.39760661125183	2.012500024881738	2.0
113.41155481338501	2.012500024881738	2.0
113.42952704429626	2.0140041622037783	2.0
113.44366025924683	2.0140041622037783	2.0
113.45944952964783	2.0140041622037783	2.0
113.47432518005371	2.015355853612818	2.0
113.48835349082947	2.015355853612818	2.0
113.50508880615234	2.015355853612818	2.0
113.51993417739868	2.016297870364947	2.0
113.53351068496704	2.016297870364947	2.0
113.55022740364075	2.017040083959208	2.0
113.56285786628723	2.017040083959208	2.0
113.57590746879578	2.017040083959208	2.0
113.59234189987183	2.017100104525646	2.0
113.60555028915405	2.017100104525646	2.0
113.6214873790741	2.0165448835311715	2.0
113.63443207740784	2.0165448835311715	2.0
113.64927458763123	2.0165448835311715	2.0
113.66477751731873	2.0165448835311715	2.0
113.67862963676453	2.015705151305871	2.0
113.69175028800964	2.015705151305871	2.0
113.70682692527771	2.015389842348955	2.0
113.71914100646973	2.015389842348955	2.0
113.73352026939392	2.015389842348955	2.0
113.75210976600647	2.013996983265232	2.0
113.77117586135864	2.013996983265232	2.0
113.79374670982361	2.0130473929059947	2.0
113.81351041793823	2.0130473929059947	2.0
113.83546376228333	2.012331430346795	2.0
113.86172389984131	2.012331430346795	2.0
113.8818211555481	2.0117059395064922	2.0
113.90301847457886	2.0117059395064922	2.0
113.92654132843018	2.0109848724169366	2.0
113.94910669326782	2.0105234883644076	2.0
113.97117877006531	2.0105234883644076	2.0
113.99110436439514	2.0096435172661415	2.0
114.01032757759094	2.0096435172661415	2.0
114.02912020683289	2.010098531040246	2.0
114.04952144622803	2.010098531040246	2.0
114.06783485412598	2.0100813538043933	2.0
114.08055901527405	2.0100813538043933	2.0
114.09382486343384	2.0100813538043933	2.0
114.10722255706787	2.0100813538043933	2.0
114.12219095230103	2.0098250638634836	2.0
114.13469529151917	2.0098250638634836	2.0
114.15071153640747	2.0106480425175492	2.0
114.1679015159607	2.0106480425175492	2.0
114.18067121505737	2.0106480425175492	2.0
114.19594120979309	2.012467546969057	2.0
114.2088143825531	2.012467546969057	2.0
114.22283744812012	2.012467546969057	2.0
114.23642778396606	2.0142098580340937	2.0
114.24910259246826	2.0142098580340937	2.0
114.26296997070312	2.0142098580340937	2.0
114.27869987487793	2.0159140008479666	2.0
114.29169368743896	2.0159140008479666	2.0
114.30861163139343	2.017819134027895	2.0
114.32153081893921	2.017819134027895	2.0
114.3344304561615	2.017819134027895	2.0
114.34823799133301	2.017819134027895	2.0
114.36237263679504	2.020209046507172	2.0
114.37598490715027	2.020209046507172	2.0
114.39055705070496	2.0222822354089063	2.0
114.4037823677063	2.0222822354089063	2.0
114.41630482673645	2.0222822354089063	2.0
114.42956209182739	2.0222822354089063	2.0
114.44502449035645	2.0237066660792458	2.0
114.45801329612732	2.0237066660792458	2.0
114.47332119941711	2.024929127655982	2.0
114.48555731773376	2.024929127655982	2.0
114.49815654754639	2.024929127655982	2.0
114.51333713531494	2.024929127655982	2.0
114.52677321434021	2.0258252396257026	2.0
114.54063105583191	2.0258252396257026	2.0
114.55548143386841	2.0264645281100715	2.0
114.56828355789185	2.0264645281100715	2.0
114.58034586906433	2.0264645281100715	2.0
114.59472751617432	2.0264645281100715	2.0
114.60779619216919	2.025900688370197	2.0
114.62091732025146	2.025900688370197	2.0
114.63563680648804	2.024976871226366	2.0
114.64802670478821	2.024976871226366	2.0
114.66048288345337	2.024976871226366	2.0
114.67607188224792	2.0250192356427488	2.0
114.68870329856873	2.0250192356427488	2.0
114.7015814781189	2.0250192356427488	2.0
114.7151198387146	2.0252570990841425	2.0
114.72739696502686	2.0252570990841425	2.0
114.73979878425598	2.0252570990841425	2.0
114.75398802757263	2.0252570990841425	2.0
114.766921043396	2.023930886857989	2.0
114.77928638458252	2.023930886857989	2.0
114.79185748100281	2.023930886857989	2.0
114.80792164802551	2.0223991554294174	2.0
114.82016277313232	2.0223991554294174	2.0
114.83420586585999	2.0223991554294174	2.0
114.84696340560913	2.0205447424315137	2.0
114.85936164855957	2.0205447424315137	2.0
114.87197303771973	2.0205447424315137	2.0
114.88706588745117	2.019116305325677	2.0
114.89948153495789	2.019116305325677	2.0
114.91722702980042	2.017329912597157	2.0
114.93114233016968	2.017329912597157	2.0
114.94399976730347	2.017329912597157	2.0
114.95758199691772	2.017329912597157	2.0
114.97245502471924	2.0156740070481605	2.0
114.98894453048706	2.0156740070481605	2.0
115.00916028022766	2.0134903870788823	2.0
115.02744770050049	2.0134903870788823	2.0
115.04720306396484	2.0109150984724793	2.0
115.0664279460907	2.0109150984724793	2.0
115.08753323554993	2.0072201030701806	2.0
115.10770630836487	2.0072201030701806	2.0
115.13790893554688	2.0029987732353005	2.0
115.16249322891235	1.9989544567938595	2.0
115.18420934677124	1.9989544567938595	2.0
115.20576477050781	1.995595092175919	2.0
115.22392582893372	1.995595092175919	2.0
115.24503636360168	1.99248444275185	2.0
115.26301264762878	1.99248444275185	2.0
115.28576636314392	1.98954129146497	2.0
115.30354428291321	1.98954129146497	2.0
115.32541704177856	1.9864241282471984	2.0
115.3434042930603	1.9864241282471984	2.0
115.36289191246033	1.9825979868878794	2.0
115.37777256965637	1.9825979868878794	2.0
115.39601397514343	1.979548472106707	2.0
115.4097261428833	1.979548472106707	2.0
115.42467498779297	1.979548472106707	2.0
115.44114708900452	1.979548472106707	2.0
115.4570825099945	1.9774831827117338	2.0
115.47243809700012	1.9774831827117338	2.0
115.4876081943512	1.9759280986537628	2.0
115.5039575099945	1.9759280986537628	2.0
115.52187323570251	1.9759280986537628	2.0
115.53839302062988	1.9748308169988296	2.0
115.55317783355713	1.9748308169988296	2.0
115.56764054298401	1.9748308169988296	2.0
115.5828948020935	1.9747592071503448	2.0
115.59627270698547	1.9747592071503448	2.0
115.61091542243958	1.9743754765301897	2.0
115.62407445907593	1.9743754765301897	2.0
115.63735127449036	1.9743754765301897	2.0
115.65270566940308	1.9736206371906444	2.0
115.66545224189758	1.9736206371906444	2.0
115.68069219589233	1.9736206371906444	2.0
115.69655632972717	1.973158804441765	2.0
115.71073842048645	1.973158804441765	2.0
115.72773551940918	1.973158804441765	2.0
115.7416877746582	1.9730504903633999	2.0
115.75593876838684	1.9730504903633999	2.0
115.77126479148865	1.9738749896526682	2.0
115.7836549282074	1.9738749896526682	2.0
115.79618048667908	1.9738749896526682	2.0
115.81125283241272	1.9753238419057926	2.0
115.82402515411377	1.9753238419057926	2.0
115.83877062797546	1.9753238419057926	2.0
115.85390257835388	1.9760463740918728	2.0
115.86610674858093	1.9760463740918728	2.0
115.8791093826294	1.9760463740918728	2.0
115.89487290382385	1.976235820649844	2.0
115.9078061580658	1.976235820649844	2.0
115.92225575447083	1.976235820649844	2.0
115.9349799156189	1.9764683955665014	2.0
115.9486722946167	1.9764683955665014	2.0
115.96103167533875	1.9764683955665014	2.0
115.97757172584534	1.9767750971302438	2.0
115.9899480342865	1.9767750971302438	2.0
116.00578165054321	1.97712046903107	2.0
116.0202305316925	1.97712046903107	2.0
116.03247737884521	1.97712046903107	2.0
116.04824137687683	1.97712046903107	2.0
116.062509059906	1.9781025627117796	2.0
116.07598996162415	1.9781025627117796	2.0
116.09107422828674	1.9790070243189526	2.0
116.10516715049744	1.9790070243189526	2.0
116.11780977249146	1.9790070243189526	2.0
116.13470482826233	1.979885794696179	2.0
116.14928340911865	1.979885794696179	2.0
116.16475510597229	1.9812385853018473	2.0
116.17725968360901	1.9812385853018473	2.0
116.18963670730591	1.9812385853018473	2.0
116.20217871665955	1.9812385853018473	2.0
116.218013048172	1.9817570548823364	2.0
116.23072838783264	1.9817570548823364	2.0
116.24708342552185	1.9815561165706481	2.0
116.2601912021637	1.9815561165706481	2.0
116.27304935455322	1.9815561165706481	2.0
116.28651261329651	1.9815561165706481	2.0
116.30067300796509	1.9814758263219574	2.0
116.31441640853882	1.9814758263219574	2.0
116.32676386833191	1.9814758263219574	2.0
116.34424257278442	1.981232097578139	2.0
116.35706686973572	1.981232097578139	2.0
116.37241125106812	1.9807178826454126	2.0
116.38477754592896	1.9807178826454126	2.0
116.39703726768494	1.9807178826454126	2.0
116.41073679924011	1.9807178826454126	2.0
116.42709231376648	1.979903188553314	2.0
116.43972659111023	1.979903188553314	2.0
116.45506858825684	1.9788850078471705	2.0
116.46739149093628	1.9788850078471705	2.0
116.47972750663757	1.9788850078471705	2.0
116.49230432510376	1.9788850078471705	2.0
116.50842785835266	1.977352694488162	2.0
116.52181029319763	1.977352694488162	2.0
116.53692674636841	1.9755822214920769	2.0
116.5493974685669	1.9755822214920769	2.0
116.5614492893219	1.9755822214920769	2.0
116.57542729377747	1.9755822214920769	2.0
116.58910822868347	1.9732673732645434	2.0
116.60149025917053	1.9732673732645434	2.0
116.61733102798462	1.9708432785442145	2.0
116.63082933425903	1.9708432785442145	2.0
116.64309477806091	1.9708432785442145	2.0
116.65757060050964	1.9708432785442145	2.0
116.67112612724304	1.9696942904489763	2.0
116.68439507484436	1.9696942904489763	2.0
116.69889402389526	1.9686974116402904	2.0
116.71101832389832	1.9686974116402904	2.0
116.72349095344543	1.9686974116402904	2.0
116.73737215995789	1.9686974116402904	2.0
116.75041151046753	1.968013202494285	2.0
116.76307702064514	1.968013202494285	2.0
116.77818012237549	1.9674161729339759	2.0
116.79036927223206	1.9674161729339759	2.0
116.80247616767883	1.9674161729339759	2.0
116.81655430793762	1.9674161729339759	2.0
116.82922410964966	1.9676233289006682	2.0
116.8416063785553	1.9676233289006682	2.0
116.85667252540588	1.9680831801214826	2.0
116.87018179893494	1.9680831801214826	2.0
116.88345289230347	1.9680831801214826	2.0
116.89735245704651	1.9680831801214826	2.0
116.91005516052246	1.9691744623028398	2.0
116.92295575141907	1.9691744623028398	2.0
116.9382894039154	1.9708129219926627	2.0
116.95160460472107	1.9708129219926627	2.0
116.96414279937744	1.9708129219926627	2.0
116.97884392738342	1.9726238467824477	2.0
116.99212145805359	1.9726238467824477	2.0
117.00617957115173	1.9726238467824477	2.0
117.0211808681488	1.9744686459763094	2.0
117.03325724601746	1.9744686459763094	2.0
117.04601168632507	1.9744686459763094	2.0
117.06105041503906	1.9769268812704273	2.0
117.07363390922546	1.9769268812704273	2.0
117.0858097076416	1.9769268812704273	2.0
117.09854650497437	1.9769268812704273	2.0
117.11401557922363	1.9795836128278044	2.0
117.12686896324158	1.9795836128278044	2.0
117.1419358253479	1.9818765287666593	2.0
117.1546277999878	1.9818765287666593	2.0
117.16786479949951	1.9818765287666593	2.0
117.1814215183258	1.9818765287666593	2.0
117.19656229019165	1.9846400512610558	2.0
117.20963621139526	1.9846400512610558	2.0
117.22557711601257	1.9874112542821725	2.0
117.23769474029541	1.9874112542821725	2.0
117.25003147125244	1.9874112542821725	2.0
117.26496386528015	1.9874112542821725	2.0
117.27831268310547	1.990080225510375	2.0
117.29084849357605	1.990080225510375	2.0
117.30566906929016	1.992765689976625	2.0
117.3178641796112	1.992765689976625	2.0
117.33108878135681	1.992765689976625	2.0
117.34608864784241	1.9950478075283828	2.0
117.35879802703857	1.9950478075283828	2.0
117.371817111969	1.9950478075283828	2.0
117.38762426376343	1.9970461750913118	2.0
117.40077877044678	1.9970461750913118	2.0
117.41463494300842	1.9970461750913118	2.0
117.4301586151123	1.9991416892877634	2.0
117.44248628616333	1.9991416892877634	2.0
117.4578218460083	1.9991416892877634	2.0
117.47079372406006	2.0009136884352485	2.0
117.48293948173523	2.0009136884352485	2.0
117.4968512058258	2.0009136884352485	2.0
117.51123118400574	2.002596167830853	2.0
117.52464628219604	2.002596167830853	2.0
117.54033708572388	2.004233593260225	2.0
117.55375528335571	2.004233593260225	2.0
117.56611013412476	2.004233593260225	2.0
117.57887125015259	2.004233593260225	2.0
117.59390759468079	2.005750576419713	2.0
117.60613346099854	2.005750576419713	2.0
117.62209606170654	2.0068496992475895	2.0
117.6350519657135	2.0068496992475895	2.0
117.64767456054688	2.0068496992475895	2.0
117.66027855873108	2.0068496992475895	2.0
117.67515110969543	2.007898025370688	2.0
117.68726897239685	2.007898025370688	2.0
117.70291566848755	2.0085652677870285	2.0
117.7159812450409	2.0085652677870285	2.0
117.72813820838928	2.0085652677870285	2.0
117.74089765548706	2.0085652677870285	2.0
117.75569987297058	2.0100757483249523	2.0
117.76796793937683	2.0100757483249523	2.0
117.78283047676086	2.011798136241571	2.0
117.7952823638916	2.011798136241571	2.0
117.8080518245697	2.011798136241571	2.0
117.82071447372437	2.011798136241571	2.0
117.83515572547913	2.0140106293952837	2.0
117.84818768501282	2.0140106293952837	2.0
117.86097049713135	2.0140106293952837	2.0
117.87591075897217	2.015679526007812	2.0
117.88919472694397	2.015679526007812	2.0
117.90491461753845	2.015679526007812	2.0
117.91874957084656	2.0173840632552666	2.0
117.9311306476593	2.0173840632552666	2.0
117.94534039497375	2.0173840632552666	2.0
117.96096396446228	2.019063537644001	2.0
117.97331357002258	2.019063537644001	2.0
117.98950743675232	2.0204004303352705	2.0
118.00171732902527	2.0204004303352705	2.0
118.01521825790405	2.0204004303352705	2.0
118.02862739562988	2.0204004303352705	2.0
118.04501700401306	2.0215790778269622	2.0
118.05819630622864	2.0215790778269622	2.0
118.07332181930542	2.0228581063657165	2.0
118.08588886260986	2.0228581063657165	2.0
118.09842681884766	2.0228581063657165	2.0
118.11418008804321	2.0228581063657165	2.0
118.12777423858643	2.024207456526933	2.0
118.14029383659363	2.024207456526933	2.0
118.15479731559753	2.0253215669125355	2.0
118.16778421401978	2.0253215669125355	2.0
118.18074131011963	2.0253215669125355	2.0
118.19896936416626	2.0267651445451795	2.0
118.21115231513977	2.0267651445451795	2.0
118.22579765319824	2.0267651445451795	2.0
118.23879384994507	2.028214832322662	2.0
118.2518560886383	2.028214832322662	2.0
118.26425909996033	2.028214832322662	2.0
118.27972769737244	2.030487848415678	2.0
118.29314541816711	2.030487848415678	2.0
118.30772042274475	2.0327540807102955	2.0
118.32009863853455	2.0327540807102955	2.0
118.33240151405334	2.0327540807102955	2.0
118.34599447250366	2.0327540807102955	2.0
118.36190986633301	2.0349423737997143	2.0
118.37474370002747	2.0349423737997143	2.0
118.3903317451477	2.037482729138616	2.0
118.40270638465881	2.037482729138616	2.0
118.41574883460999	2.037482729138616	2.0
118.42972230911255	2.037482729138616	2.0
118.44515490531921	2.0402354003602654	2.0
118.45833826065063	2.0402354003602654	2.0
118.4728581905365	2.043371075509792	2.0
118.48588848114014	2.043371075509792	2.0
118.49911904335022	2.043371075509792	2.0
118.51424670219421	2.043371075509792	2.0
118.52750825881958	2.0465219574922253	2.0
118.5406882762909	2.0465219574922253	2.0
118.5566508769989	2.049308523126219	2.0
118.5699577331543	2.049308523126219	2.0
118.58308267593384	2.049308523126219	2.0
118.59810829162598	2.051455615053899	2.0
118.61147618293762	2.051455615053899	2.0
118.62429904937744	2.051455615053899	2.0
118.63747525215149	2.051455615053899	2.0
118.65305018424988	2.0531250532507768	2.0
118.66643619537354	2.0531250532507768	2.0
118.68139863014221	2.053958931744656	2.0
118.69413113594055	2.053958931744656	2.0
118.70693325996399	2.053958931744656	2.0
118.72198915481567	2.0549008634548196	2.0
118.73463439941406	2.0549008634548196	2.0
118.74774312973022	2.0549008634548196	2.0
118.76313829421997	2.05515981899254	2.0
118.77717614173889	2.05515981899254	2.0
118.79019856452942	2.05515981899254	2.0
118.80645442008972	2.054876257188827	2.0
118.81932497024536	2.054876257188827	2.0
118.8358826637268	2.0551322444733526	2.0
118.84857726097107	2.0551322444733526	2.0
118.86319994926453	2.0551322444733526	2.0
118.87700271606445	2.0551322444733526	2.0
118.89199137687683	2.0548409861422408	2.0
118.9045660495758	2.0548409861422408	2.0
118.91998672485352	2.0545204743605834	2.0
118.9323034286499	2.0545204743605834	2.0
118.94449830055237	2.0545204743605834	2.0
118.95887112617493	2.0545204743605834	2.0
118.97282481193542	2.0540709080995585	2.0
118.98594951629639	2.0540709080995585	2.0
119.00144267082214	2.053671532767288	2.0
119.01362419128418	2.053671532767288	2.0
119.0264675617218	2.053671532767288	2.0
119.04109311103821	2.053671532767288	2.0
119.05436682701111	2.053128663679229	2.0
119.06697106361389	2.053128663679229	2.0
119.08199548721313	2.0523718351926754	2.0
119.0944881439209	2.0523718351926754	2.0
119.10670113563538	2.0523718351926754	2.0
119.12074637413025	2.0523718351926754	2.0
119.13366937637329	2.051490227075699	2.0
119.14623856544495	2.051490227075699	2.0
119.1606822013855	2.051456967290398	2.0
119.1733169555664	2.051456967290398	2.0
119.18557286262512	2.051456967290398	2.0
119.19973039627075	2.051456967290398	2.0
119.21245694160461	2.051696154593456	2.0
119.2250587940216	2.051696154593456	2.0
119.24337816238403	2.0513072684285403	2.0
119.25579452514648	2.0513072684285403	2.0
119.26828837394714	2.0513072684285403	2.0
119.28457689285278	2.0510380976296423	2.0
119.29734206199646	2.0510380976296423	2.0
119.3142786026001	2.0510380976296423	2.0
119.32786417007446	2.0514666414551193	2.0
119.34016346931458	2.0514666414551193	2.0
119.35270619392395	2.0514666414551193	2.0
119.36789393424988	2.05214680778212	2.0
119.38065671920776	2.05214680778212	2.0
119.39397239685059	2.05214680778212	2.0
119.40916156768799	2.05214680778212	2.0
119.42244696617126	2.053159968097984	2.0
119.43626165390015	2.053159968097984	2.0
119.45170855522156	2.0541504928102956	2.0
119.4645676612854	2.0541504928102956	2.0
119.47694778442383	2.0541504928102956	2.0
119.4924635887146	2.0553248889279954	2.0
119.50475406646729	2.0553248889279954	2.0
119.51793193817139	2.0553248889279954	2.0
119.53192090988159	2.0560637054158226	2.0
119.5446126461029	2.0560637054158226	2.0
119.55683517456055	2.0560637054158226	2.0
119.57193446159363	2.0564677803796956	2.0
119.58468055725098	2.0564677803796956	2.0
119.59870338439941	2.0564677803796956	2.0
119.61264443397522	2.0571933178629616	2.0
119.6251106262207	2.0571933178629616	2.0
119.63767504692078	2.0571933178629616	2.0
119.65260672569275	2.058160346248735	2.0
119.66586494445801	2.058160346248735	2.0
119.67928957939148	2.058160346248735	2.0
119.69243454933167	2.0576008456121166	2.0
119.70495080947876	2.0576008456121166	2.0
119.71755862236023	2.0576008456121166	2.0
119.73332643508911	2.0568508935007443	2.0
119.74586319923401	2.0568508935007443	2.0
119.76014423370361	2.0568508935007443	2.0
119.77575755119324	2.056118957591125	2.0
119.78938913345337	2.056118957591125	2.0
119.8045563697815	2.056118957591125	2.0
119.81996870040894	2.053862142304501	2.0
119.8369209766388	2.053862142304501	2.0
119.85342764854431	2.051383645401178	2.0
119.86576533317566	2.051383645401178	2.0
119.87808179855347	2.051383645401178	2.0
119.89369750022888	2.0490073260308153	2.0
119.9062557220459	2.0490073260308153	2.0
119.92119288444519	2.0490073260308153	2.0
119.9341242313385	2.0464092731520203	2.0
119.94695115089417	2.0464092731520203	2.0
119.95921063423157	2.0464092731520203	2.0
119.97595310211182	2.043498207179798	2.0
119.98816990852356	2.043498207179798	2.0
120.00422692298889	2.0386561485186525	2.0
120.01663041114807	2.0386561485186525	2.0
120.02933764457703	2.0386561485186525	2.0
120.04257154464722	2.0386561485186525	2.0
120.05770134925842	2.0332313588573334	2.0
120.07197427749634	2.0332313588573334	2.0
120.0858244895935	2.0332313588573334	2.0
120.10400390625	2.0287443189850047	2.0
120.11649918556213	2.0287443189850047	2.0
120.13304829597473	2.02372290544159	2.0
120.14570760726929	2.02372290544159	2.0
120.15796303749084	2.02372290544159	2.0
120.17087721824646	2.02372290544159	2.0
120.18944501876831	2.018234271736114	2.0
120.20660710334778	2.018234271736114	2.0
120.22137188911438	2.0140924458934175	2.0
120.23640823364258	2.0140924458934175	2.0
120.24938535690308	2.0140924458934175	2.0
120.26579570770264	2.0103520357959246	2.0
120.27843928337097	2.0103520357959246	2.0
120.2932996749878	2.0063972802091343	2.0
120.30566191673279	2.0063972802091343	2.0
120.31811618804932	2.0063972802091343	2.0
120.33074879646301	2.0063972802091343	2.0
120.34609818458557	2.0031943204169465	2.0
120.35845875740051	2.0031943204169465	2.0
120.37301874160767	2.0005528429072656	2.0
120.39424180984497	2.0005528429072656	2.0
120.41647911071777	2.0005528429072656	2.0
120.43160128593445	1.9995889989054174	2.0
120.45094299316406	1.9995889989054174	2.0
120.47153687477112	1.9987875212447133	2.0
120.49083876609802	1.9987875212447133	2.0
120.50805854797363	1.995937250450444	2.0
120.52129769325256	1.995937250450444	2.0
120.53549766540527	1.9935072318470286	2.0
120.5485475063324	1.9935072318470286	2.0
120.5607841014862	1.9935072318470286	2.0
120.57501173019409	1.9935072318470286	2.0
120.58813452720642	1.9999259631385347	2.0
120.60102105140686	1.9999259631385347	2.0
120.62005496025085	nan	2.0
120.6327612400055	nan	2.0
120.64548325538635	nan	2.0
120.66100835800171	nan	2.0
120.67361855506897	nan	2.0
120.68743562698364	nan	2.0
120.70175814628601	nan	2.0
120.72166800498962	nan	2.0
120.7401671409607	nan	2.0
120.75577712059021	nan	2.0
120.77055191993713	nan	1.6
120.78302311897278	nan	1.6
120.79570865631104	nan	1.6
120.80865979194641	nan	1.6
120.8247184753418	nan	1.6
120.83704400062561	nan	1.6
120.85059070587158	nan	1.6
120.86686730384827	nan	1.6
120.88020706176758	nan	1.6
120.89340567588806	nan	1.6
120.90790009498596	nan	1.6
120.924644947052	nan	1.6
120.93723058700562	nan	1.6
120.95289492607117	nan	1.6
120.96512269973755	nan	1.6
120.98039722442627	nan	1.6
120.99301171302795	nan	1.6
121.00576114654541	nan	1.6
121.01918029785156	nan	1.6
121.03493285179138	nan	1.6
121.04773354530334	nan	1.6
121.06189560890198	nan	1.6
121.07519674301147	nan	1.6
121.08784627914429	nan	1.6
121.10062432289124	nan	1.6
121.11580753326416	nan	1.6
121.12805533409119	nan	1.6
121.14381670951843	nan	1.6
121.15603351593018	nan	1.6
121.16866326332092	nan	1.6
121.18199324607849	nan	1.6
121.19698333740234	nan	1.6
121.20986914634705	nan	1.6
121.22514820098877	nan	1.6
121.23737120628357	nan	1.6
121.24964165687561	nan	1.6
121.26287531852722	nan	1.6
121.27621150016785	nan	1.6
121.2893762588501	nan	1.6
121.30607223510742	nan	1.6
121.31881332397461	nan	1.6
121.3317403793335	nan	1.6
121.34741377830505	nan	1.6
121.36060905456543	nan	1.6
121.37390398979187	nan	1.6
121.38866138458252	nan	1.6
121.40419459342957	nan	1.6
121.42056035995483	nan	1.6
121.43523573875427	nan	1.6
121.44796824455261	nan	1.6
121.46295619010925	nan	1.6
121.47614789009094	nan	1.6
121.48856544494629	nan	1.6
121.50324630737305	nan	1.6
121.51811861991882	nan	1.6
121.53143835067749	nan	1.6
121.54601073265076	nan	1.6
121.5612096786499	nan	1.6
121.57372379302979	nan	1.6
121.58983159065247	nan	1.6
121.60209965705872	nan	1.6
121.61495661735535	nan	1.6
121.62767553329468	nan	1.6
121.6424012184143	nan	1.6
121.65496015548706	nan	1.6
121.6708619594574	nan	1.6
121.68366503715515	nan	1.6
121.69655156135559	nan	1.6
121.7094841003418	nan	1.6
121.72460961341858	nan	1.6
121.73678541183472	nan	1.6
121.75117921829224	nan	1.6
121.76386260986328	nan	1.6
121.7765429019928	nan	1.6
121.7901930809021	nan	1.6
121.80343866348267	nan	1.6
121.81576418876648	nan	1.6
121.83162879943848	nan	1.6
121.84430646896362	nan	1.6
121.85658621788025	nan	1.6
121.87097954750061	nan	1.6
121.885657787323	nan	1.6
121.89897775650024	nan	1.6
121.91440677642822	nan	1.6
121.92660140991211	nan	1.6
121.9387366771698	nan	1.6
121.95549440383911	nan	1.6
121.96790027618408	nan	1.6
121.98077201843262	nan	1.6
121.99483156204224	nan	1.6
122.00815677642822	nan	1.6
122.02056932449341	nan	1.6
122.03573036193848	nan	1.6
122.04819679260254	nan	1.6
122.06127715110779	nan	1.6
122.07631325721741	nan	1.6
122.08865094184875	nan	1.6
122.10129237174988	nan	1.6
122.1161150932312	nan	1.6
122.12847924232483	nan	1.6
122.1433937549591	nan	1.6
122.15761351585388	nan	1.6
122.17027425765991	nan	1.6
122.18243265151978	nan	1.6
122.19684386253357	nan	1.6
122.20951628684998	nan	1.6
122.2230134010315	nan	1.6
122.23690485954285	nan	1.6
122.24967551231384	nan	1.6
122.26224112510681	nan	1.6
122.27787709236145	nan	1.6
122.2902979850769	nan	1.6
122.30484342575073	nan	1.6
122.31792902946472	nan	1.6
122.33054614067078	nan	1.6
122.34283971786499	nan	1.6
122.35770845413208	nan	1.6
122.37051296234131	nan	1.6
122.38324809074402	nan	1.6
122.39704823493958	nan	1.6
122.41234421730042	nan	1.6
122.4247555732727	nan	1.6
122.43952250480652	nan	1.6
122.45219469070435	nan	1.6
122.4644284248352	nan	1.6
122.47777390480042	nan	1.6
122.49188113212585	nan	1.6
122.50452184677124	nan	1.6
122.52052068710327	nan	1.6
122.53315997123718	nan	1.6
122.54613423347473	nan	1.6
122.56035161018372	nan	1.6
122.5736722946167	nan	1.6
122.58641386032104	nan	1.6
122.60079526901245	nan	1.6
122.61357307434082	nan	1.6
122.62586832046509	nan	1.6
122.6414725780487	nan	1.6
122.65501666069031	nan	1.6
122.66862177848816	nan	1.6
122.68287992477417	nan	1.6
122.69602227210999	nan	1.6
122.70870161056519	nan	1.6
122.7247405052185	nan	1.6
122.73706102371216	nan	1.6
122.75181531906128	nan	1.6
122.76587176322937	nan	1.6
122.77911496162415	nan	1.6
122.79154229164124	nan	1.6
122.80722570419312	nan	1.6
122.82016897201538	nan	1.6
122.83651041984558	nan	1.6
122.84965562820435	nan	1.6
122.86229920387268	nan	1.6
122.87519574165344	nan	1.6
122.89055490493774	nan	1.6
122.90538096427917	nan	1.6
122.92099165916443	nan	1.6
122.93375086784363	nan	1.6
122.94708156585693	nan	1.6
122.96213626861572	nan	1.6
122.97674202919006	nan	1.6
122.99430966377258	nan	1.6
123.00749063491821	nan	1.6
123.02581882476807	nan	1.6
123.04202580451965	nan	1.6
123.05513954162598	nan	1.6
123.06893491744995	nan	1.6
123.0831880569458	nan	1.6
123.09590077400208	nan	1.6
123.10847163200378	nan	1.6
123.12466955184937	nan	1.6
123.13833475112915	nan	1.6
123.15077781677246	nan	1.6
123.16350769996643	nan	1.6
123.17898178100586	nan	1.6
123.19169926643372	nan	1.6
123.20745873451233	nan	1.6
123.22056818008423	nan	1.6
123.23286128044128	nan	1.6
123.24692749977112	nan	1.6
123.26076030731201	1.9240429955323548	1.6
123.27413845062256	1.9240429955323548	1.6
123.2892279624939	1.9280943763952088	1.6
123.30168271064758	1.9280943763952088	1.6
123.31443428993225	1.9280943763952088	1.6
123.32993030548096	1.9280943763952088	1.6
123.3433289527893	1.9313323225331192	1.6
123.35598134994507	1.9313323225331192	1.6
123.37106657028198	1.934729629246188	1.6
123.38334584236145	1.934729629246188	1.6
123.3967673778534	1.934729629246188	1.6
123.41242289543152	1.9385049044181706	1.6
123.42625546455383	1.9385049044181706	1.6
123.44232892990112	1.9385049044181706	1.6
123.45503616333008	1.9420893245067528	1.6
123.46769595146179	1.9420893245067528	1.6
123.47995901107788	1.9420893245067528	1.6
123.49614071846008	1.9448196954104269	1.6
123.5168445110321	1.9448196954104269	1.6
123.53174567222595	1.9468774117172027	1.6
123.54646873474121	1.9468774117172027	1.6
123.5659806728363	1.9468774117172027	1.6
123.58479404449463	1.9485888764840815	1.6
123.6002516746521	1.9485888764840815	1.6
123.61376714706421	1.9499644072223365	1.6
123.62635707855225	1.9499644072223365	1.6
123.63950967788696	1.9499644072223365	1.6
123.65578317642212	1.9509926995203162	1.6
123.66799807548523	1.9509926995203162	1.6
123.68461775779724	1.9518679538627481	1.6
123.69853329658508	1.9518679538627481	1.6
123.71167540550232	1.9518679538627481	1.6
123.7246253490448	1.9518679538627481	1.6
123.7399468421936	1.95320331001143	1.6
123.75254344940186	1.95320331001143	1.6
123.76867175102234	1.954606850139164	1.6
123.78088545799255	1.954606850139164	1.6
123.79434251785278	1.954606850139164	1.6
123.81062078475952	1.954606850139164	1.6
123.8237087726593	1.954827243166736	1.6
123.83647632598877	1.954827243166736	1.6
123.85120820999146	1.955159966654799	1.6
123.86414408683777	1.955159966654799	1.6
123.87716031074524	1.955159966654799	1.6
123.89366126060486	1.9556937337404232	1.6
123.90693831443787	1.9556937337404232	1.6
123.92019414901733	1.9556937337404232	1.6
123.93492698669434	1.9556937337404232	1.6
123.95044279098511	1.9567225907539982	1.6
123.96377921104431	1.9567225907539982	1.6
123.97861337661743	1.9575451018418204	1.6
123.99090790748596	1.9575451018418204	1.6
124.00418782234192	1.9575451018418204	1.6
124.01950168609619	1.958729889706989	1.6
124.03197026252747	1.958729889706989	1.6
124.04494404792786	1.958729889706989	1.6
124.05903029441833	1.9603573341239848	1.6
124.07168436050415	1.9603573341239848	1.6
124.08426260948181	1.9603573341239848	1.6
124.09841418266296	1.9619412910992131	1.6
124.11182427406311	1.9619412910992131	1.6
124.12714958190918	1.9619412910992131	1.6
124.14010953903198	1.963593221045559	1.6
124.15263605117798	1.963593221045559	1.6
124.1656346321106	1.963593221045559	1.6
124.18013882637024	1.9656208051494346	1.6
124.19250273704529	1.9656208051494346	1.6
124.20657896995544	1.9656208051494346	1.6
124.22088050842285	1.9685229556259514	1.6
124.23319244384766	1.9685229556259514	1.6
124.24606728553772	1.9685229556259514	1.6
124.2604706287384	1.9707018338776412	1.6
124.27403378486633	1.9707018338776412	1.6
124.2905101776123	1.9707018338776412	1.6
124.30343222618103	1.9729842793426235	1.6
124.31634593009949	1.9729842793426235	1.6
124.32926774024963	1.9729842793426235	1.6
124.34383034706116	1.974837020368265	1.6
124.35609841346741	1.974837020368265	1.6
124.37162661552429	1.9772510852694836	1.6
124.38481378555298	1.9772510852694836	1.6
124.39793276786804	1.9772510852694836	1.6
124.41103768348694	1.9772510852694836	1.6
124.426198720932	1.97888919839197	1.6
124.43849468231201	1.97888919839197	1.6
124.45381164550781	1.9809773253769656	1.6
124.46601343154907	1.9809773253769656	1.6
124.4782190322876	1.9809773253769656	1.6
124.49147248268127	1.9809773253769656	1.6
124.5059723854065	1.983800448218473	1.6
124.51827597618103	1.983800448218473	1.6
124.53503513336182	1.9859817584893082	1.6
124.54865097999573	1.9859817584893082	1.6
124.56082010269165	1.9859817584893082	1.6
124.57413721084595	1.9859817584893082	1.6
124.58758211135864	1.9876858700988653	1.6
124.6008951663971	1.9876858700988653	1.6
124.61443066596985	1.9876858700988653	1.6
124.6297721862793	1.9881507512719652	1.6
124.64235162734985	1.9881507512719652	1.6
124.659015417099	1.989119893009794	1.6
124.67148566246033	1.989119893009794	1.6
124.68397545814514	1.989119893009794	1.6
124.69647359848022	1.989119893009794	1.6
124.7124273777008	1.990504471452628	1.6
124.72585129737854	1.990504471452628	1.6
124.74073457717896	1.9919873299797595	1.6
124.7530243396759	1.9919873299797595	1.6
124.766117811203	1.9919873299797595	1.6
124.77929997444153	1.9919873299797595	1.6
124.7957592010498	1.9929698050968554	1.6
124.80856919288635	1.9929698050968554	1.6
124.8240294456482	1.994508984109201	1.6
124.83635306358337	1.994508984109201	1.6
124.84966135025024	1.994508984109201	1.6
124.86633586883545	1.995140884298118	1.6
124.87946605682373	1.995140884298118	1.6
124.89291644096375	1.995140884298118	1.6
124.90642285346985	1.99542112543629	1.6
124.91992235183716	1.99542112543629	1.6
124.93215227127075	1.99542112543629	1.6
124.94843459129333	1.996310065727318	1.6
124.96110558509827	1.996310065727318	1.6
124.97476077079773	1.996310065727318	1.6
124.98873114585876	1.9975102483711489	1.6
125.00119614601135	1.9975102483711489	1.6
125.01339173316956	1.9975102483711489	1.6
125.02872395515442	1.9993485808519675	1.6
125.04104614257812	1.9993485808519675	1.6
125.0544707775116	1.9993485808519675	1.6
125.06990647315979	2.0013605861935924	1.6
125.08333683013916	2.0013605861935924	1.6
125.09640526771545	2.0013605861935924	1.6
125.11027932167053	2.0027525212935537	1.6
125.1225860118866	2.0027525212935537	1.6
125.13680624961853	2.0027525212935537	1.6
125.15071272850037	2.003907435331212	1.6
125.16303157806396	2.003907435331212	1.6
125.17604303359985	2.003907435331212	1.6
125.19556069374084	2.0050752931662066	1.6
125.20969271659851	2.0050752931662066	1.6
125.22542786598206	2.006000222743671	1.6
125.237722158432	2.006000222743671	1.6
125.25013589859009	2.006000222743671	1.6
125.2643404006958	2.006000222743671	1.6
125.27725100517273	2.0071454242464037	1.6
125.29086327552795	2.0071454242464037	1.6
125.30638670921326	2.0083464622658544	1.6
125.31865572929382	2.0083464622658544	1.6
125.33082032203674	2.0083464622658544	1.6
125.34487771987915	2.0083464622658544	1.6
125.35770559310913	2.0095334627966728	1.6
125.37073850631714	2.0095334627966728	1.6
125.38409566879272	2.0095334627966728	1.6
125.39968395233154	2.010343601474484	1.6
125.41216921806335	2.010343601474484	1.6
125.42774796485901	2.0103327533173445	1.6
125.44089555740356	2.0103327533173445	1.6
125.4532036781311	2.0103327533173445	1.6
125.46542406082153	2.0103327533173445	1.6
125.4799268245697	2.010978045190366	1.6
125.49221658706665	2.010978045190366	1.6
125.50913834571838	2.01196110087834	1.6
125.52301740646362	2.01196110087834	1.6
125.53638911247253	2.01196110087834	1.6
125.55233454704285	2.01196110087834	1.6
125.5657970905304	2.0124000838127034	1.6
125.57896614074707	2.0124000838127034	1.6
125.59395980834961	2.0125461400412457	1.6
125.60702848434448	2.0125461400412457	1.6
125.6193356513977	2.0125461400412457	1.6
125.63507723808289	2.0124506759292458	1.6
125.64864826202393	2.0124506759292458	1.6
125.66176438331604	2.0124506759292458	1.6
125.67595958709717	2.0124926903356046	1.6
125.68820810317993	2.0124926903356046	1.6
125.70053195953369	2.0124926903356046	1.6
125.7149863243103	2.0123669817108962	1.6
125.72778463363647	2.0123669817108962	1.6
125.74136805534363	2.0123669817108962	1.6
125.7558650970459	2.0114937032782425	1.6
125.76818609237671	2.0114937032782425	1.6
125.78109884262085	2.0114937032782425	1.6
125.79676389694214	2.009937308282222	1.6
125.80908513069153	2.009937308282222	1.6
125.8227162361145	2.009937308282222	1.6
125.83680033683777	2.0094636347002313	1.6
125.85015320777893	2.0094636347002313	1.6
125.86230707168579	2.0094636347002313	1.6
125.8774995803833	2.0080994779683143	1.6
125.88992857933044	2.0080994779683143	1.6
125.90471863746643	2.0080994779683143	1.6
125.91790795326233	2.0061944612390277	1.6
125.9303150177002	2.0061944612390277	1.6
125.94256114959717	2.0061944612390277	1.6
125.95775938034058	2.004259965739874	1.6
125.97037363052368	2.004259965739874	1.6
125.98447060585022	2.004259965739874	1.6
125.99850511550903	2.002080215176844	1.6
126.01137733459473	2.002080215176844	1.6
126.02375221252441	2.002080215176844	1.6
126.03898310661316	1.999702714827658	1.6
126.05195212364197	1.999702714827658	1.6
126.06774282455444	1.9962956836200594	1.6
126.0808515548706	1.9962956836200594	1.6
126.09438562393188	1.9962956836200594	1.6
126.10751557350159	1.9962956836200594	1.6
126.12139844894409	1.9928717824342885	1.6
126.13464999198914	1.9928717824342885	1.6
126.14764451980591	1.9928717824342885	1.6
126.16213178634644	1.9897754556973617	1.6
126.17490530014038	1.9897754556973617	1.6
126.18739080429077	1.9897754556973617	1.6
126.20315432548523	1.9869437203628917	1.6
126.21677684783936	1.9869437203628917	1.6
126.2299427986145	1.9869437203628917	1.6
126.24537110328674	1.9835395459543697	1.6
126.25763511657715	1.9835395459543697	1.6
126.27303767204285	1.9835395459543697	1.6
126.28699827194214	1.9803313846927975	1.6
126.30015873908997	1.9803313846927975	1.6
126.31237244606018	1.9803313846927975	1.6
126.3277497291565	1.9770532168066992	1.6
126.34011507034302	1.9770532168066992	1.6
126.35630559921265	1.9740455893118753	1.6
126.36878561973572	1.9740455893118753	1.6
126.38104724884033	1.9740455893118753	1.6
126.39321732521057	1.9740455893118753	1.6
126.40880370140076	1.9714032116189515	1.6
126.42139434814453	1.9714032116189515	1.6
126.43606877326965	1.9693776634211015	1.6
126.44937777519226	1.9693776634211015	1.6
126.46164107322693	1.9693776634211015	1.6
126.47510838508606	1.9693776634211015	1.6
126.49075555801392	1.9685678136643603	1.6
126.50297474861145	1.9685678136643603	1.6
126.51853847503662	1.9673929846619518	1.6
126.53087663650513	1.9673929846619518	1.6
126.54341173171997	1.9673929846619518	1.6
126.55698728561401	1.9673929846619518	1.6
126.5723032951355	1.9664581992713894	1.6
126.58565044403076	1.9664581992713894	1.6
126.60021233558655	1.9660656826238578	1.6
126.61249327659607	1.9660656826238578	1.6
126.62525200843811	1.9660656826238578	1.6
126.63856530189514	1.9660656826238578	1.6
126.65196752548218	1.9651877176258927	1.6
126.6643979549408	1.9651877176258927	1.6
126.68032622337341	1.9648130005239985	1.6
126.6927330493927	1.9648130005239985	1.6
126.70487427711487	1.9648130005239985	1.6
126.7187819480896	1.9648130005239985	1.6
126.73220658302307	1.9648941776801756	1.6
126.7459168434143	1.9648941776801756	1.6
126.76055526733398	1.965521976623157	1.6
126.77359628677368	1.965521976623157	1.6
126.78623509407043	1.965521976623157	1.6
126.80135703086853	1.965521976623157	1.6
126.81428360939026	1.9660268845385178	1.6
126.82734775543213	1.9660268845385178	1.6
126.84229397773743	1.9666154676200889	1.6
126.85527873039246	1.9666154676200889	1.6
126.8679563999176	1.9666154676200889	1.6
126.88319969177246	1.9668728696156357	1.6
126.89655137062073	1.9668728696156357	1.6
126.90936660766602	1.9668728696156357	1.6
126.9221351146698	1.9668728696156357	1.6
126.93749332427979	1.9670186075738225	1.6
126.95090174674988	1.9670186075738225	1.6
126.96691966056824	1.9669135966494458	1.6
126.97953867912292	1.9669135966494458	1.6
126.99204349517822	1.9669135966494458	1.6
127.00642204284668	1.9669135966494458	1.6
127.02098989486694	1.9665585582927076	1.6
127.03332424163818	1.9665585582927076	1.6
127.04845118522644	1.9667307984843816	1.6
127.06121325492859	1.9667307984843816	1.6
127.07405972480774	1.9667307984843816	1.6
127.08870005607605	1.9667307984843816	1.6
127.10145497322083	1.96639951702871	1.6
127.1142897605896	1.96639951702871	1.6
127.12947535514832	1.9662785740796669	1.6
127.1420087814331	1.9662785740796669	1.6
127.15471720695496	1.9662785740796669	1.6
127.16900730133057	1.9662785740796669	1.6
127.18198728561401	1.9661695759648423	1.6
127.19507837295532	1.9661695759648423	1.6
127.21002411842346	1.9662632330194927	1.6
127.22266411781311	1.9662632330194927	1.6
127.2350902557373	1.9662632330194927	1.6
127.24933815002441	1.9662632330194927	1.6
127.26313757896423	1.9661326788793656	1.6
127.2766854763031	1.9661326788793656	1.6
127.29119682312012	1.9658416611882683	1.6
127.3035180568695	1.9658416611882683	1.6
127.31617331504822	1.9658416611882683	1.6
127.33185052871704	1.9663988060254127	1.6
127.3446478843689	1.9663988060254127	1.6
127.35848999023438	1.9663988060254127	1.6
127.37209987640381	1.9668290809693638	1.6
127.38515830039978	1.9668290809693638	1.6
127.3981306552887	1.9668290809693638	1.6
127.41375756263733	1.9677907413041242	1.6
127.42632675170898	1.9677907413041242	1.6
127.44195532798767	1.9677907413041242	1.6
127.45512628555298	1.9686405966417937	1.6
127.46759986877441	1.9686405966417937	1.6
127.48020815849304	1.9686405966417937	1.6
127.49594116210938	1.9696077803531042	1.6
127.50826406478882	1.9696077803531042	1.6
127.52422523498535	1.9702541134536626	1.6
127.53661942481995	1.9702541134536626	1.6
127.5501446723938	1.9702541134536626	1.6
127.56304001808167	1.9702541134536626	1.6
127.57785487174988	1.9709935382470511	1.6
127.59011173248291	1.9709935382470511	1.6
127.6063780784607	1.9714476913466963	1.6
127.61945986747742	1.9714476913466963	1.6
127.6320412158966	1.9714476913466963	1.6
127.64573287963867	1.9714476913466963	1.6
127.66113042831421	1.9717893427512614	1.6
127.67415142059326	1.9717893427512614	1.6
127.68640804290771	1.9717893427512614	1.6
127.7017776966095	1.9729798913592032	1.6
127.71477222442627	1.9729798913592032	1.6
127.72939276695251	1.9734853647401926	1.6
127.74235391616821	1.9734853647401926	1.6
127.75499534606934	1.9734853647401926	1.6
127.76735162734985	1.9734853647401926	1.6
127.78181457519531	1.9744557751245815	1.6
127.79436683654785	1.9744557751245815	1.6
127.8085515499115	1.9744557751245815	1.6
127.82177972793579	1.9748960721148314	1.6
127.8342866897583	1.9748960721148314	1.6
127.84666442871094	1.9748960721148314	1.6
127.86335897445679	1.9760374751657612	1.6
127.8757266998291	1.9760374751657612	1.6
127.89037251472473	1.9774363444767193	1.6
127.90381145477295	1.9774363444767193	1.6
127.91862440109253	1.9774363444767193	1.6
127.93176674842834	1.9774363444767193	1.6
127.94674396514893	1.9794892129925696	1.6
127.95939540863037	1.9794892129925696	1.6
127.97362542152405	1.9817398575758751	1.6
127.98598289489746	1.9817398575758751	1.6
127.99904561042786	1.9817398575758751	1.6
128.01580452919006	1.9817398575758751	1.6
128.02966618537903	1.9843716949044734	1.6
128.04284930229187	1.9843716949044734	1.6
128.05795526504517	1.988141198848495	1.6
128.07122778892517	1.988141198848495	1.6
128.08395981788635	1.988141198848495	1.6
128.09805846214294	1.9910719993341282	1.6
128.11133360862732	1.9910719993341282	1.6
128.1250638961792	1.9910719993341282	1.6
128.14043831825256	1.9946227794065918	1.6
128.15287446975708	1.9946227794065918	1.6
128.16550254821777	1.9946227794065918	1.6
128.18176817893982	1.997641117422846	1.6
128.19487476348877	1.997641117422846	1.6
128.20923471450806	1.997641117422846	1.6
128.22329807281494	2.0014625384049465	1.6
128.23601031303406	2.0014625384049465	1.6
128.24861431121826	2.0014625384049465	1.6
128.2647249698639	2.0046991811392973	1.6
128.27702975273132	2.0046991811392973	1.6
128.29174041748047	2.0071642438074093	1.6
128.30460619926453	2.0071642438074093	1.6
128.31746435165405	2.0071642438074093	1.6
128.33074736595154	2.0071642438074093	1.6
128.34582829475403	2.009152584561222	1.6
128.35811066627502	2.009152584561222	1.6
128.37559723854065	2.010153577671467	1.6
128.3880786895752	2.010153577671467	1.6
128.40093207359314	2.010153577671467	1.6
128.4152636528015	2.010153577671467	1.6
128.42828631401062	2.0116178019418203	1.6
128.44139456748962	2.0116178019418203	1.6
128.45368790626526	2.0116178019418203	1.6
128.4690797328949	2.0122862794735186	1.6
128.4822199344635	2.0122862794735186	1.6
128.4966688156128	2.0122862794735186	1.6
128.5105743408203	2.0125002281761963	1.6
128.52338361740112	2.0125002281761963	1.6
128.53557562828064	2.0125002281761963	1.6
128.55040335655212	2.012242742730187	1.6
128.5630304813385	2.012242742730187	1.6
128.57766437530518	2.0117115595360167	1.6
128.5914568901062	2.0117115595360167	1.6
128.6037163734436	2.0117115595360167	1.6
128.6160593032837	2.0117115595360167	1.6
128.63260197639465	2.010512077839749	1.6
128.64552640914917	2.010512077839749	1.6
128.66050362586975	2.0096207279802285	1.6
128.67284607887268	2.0096207279802285	1.6
128.68514728546143	2.0096207279802285	1.6
128.69828271865845	2.0096207279802285	1.6
128.71401524543762	2.0091611704311165	1.6
128.72687411308289	2.0091611704311165	1.6
128.743816614151	2.0083102395160863	1.6
128.75658631324768	2.0083102395160863	1.6
128.76936793327332	2.0083102395160863	1.6
128.78381156921387	2.0083102395160863	1.6
128.79805374145508	2.0072418418693307	1.6
128.81237053871155	2.0072418418693307	1.6
128.82674741744995	2.0057636415261304	1.6
128.83965182304382	2.0057636415261304	1.6
128.85222005844116	2.0057636415261304	1.6
128.8680078983307	2.0038135349308197	1.6
128.88031482696533	2.0038135349308197	1.6
128.89717602729797	2.0038135349308197	1.6
128.91038131713867	2.0019964274512816	1.6
128.92334818840027	2.0019964274512816	1.6
128.93555665016174	2.0019964274512816	1.6
128.9513065814972	1.9992035105581096	1.6
128.96398782730103	1.9992035105581096	1.6
128.9797568321228	1.9966343126760164	1.6
128.9921727180481	1.9966343126760164	1.6
129.0047538280487	1.9966343126760164	1.6
129.01752161979675	1.9966343126760164	1.6
129.03241300582886	1.9926225621142195	1.6
129.04523277282715	1.9926225621142195	1.6
129.05986261367798	1.9881077371295999	1.6
129.07289004325867	1.9881077371295999	1.6
129.08557844161987	1.9881077371295999	1.6
129.09879899024963	1.9881077371295999	1.6
129.11503148078918	1.983132979477574	1.6
129.1276888847351	1.983132979477574	1.6
129.14062476158142	1.983132979477574	1.6
129.15579414367676	1.9780012004246175	1.6
129.16824078559875	1.9780012004246175	1.6
129.18116927146912	1.9780012004246175	1.6
129.19468927383423	1.9732266359390447	1.6
129.20720052719116	1.9732266359390447	1.6
129.21992564201355	1.9732266359390447	1.6
129.23505902290344	1.9671971826395918	1.6
129.24799752235413	1.9671971826395918	1.6
129.26147723197937	1.9671971826395918	1.6
129.27635431289673	1.961600443371457	1.6
129.28862881660461	1.961600443371457	1.6
129.30146074295044	1.961600443371457	1.6
129.31667566299438	1.9553004931250668	1.6
129.32933831214905	1.9553004931250668	1.6
129.34339237213135	1.9553004931250668	1.6
129.35678958892822	1.950428086230638	1.6
129.36955642700195	1.950428086230638	1.6
129.38182520866394	1.950428086230638	1.6
129.39785742759705	1.94467985366281	1.6
129.4107587337494	1.94467985366281	1.6
129.4277904033661	1.9400297914149713	1.6
129.44061875343323	1.9400297914149713	1.6
129.4529128074646	1.9400297914149713	1.6
129.46503162384033	1.9400297914149713	1.6
129.4813208580017	1.9348213590500223	1.6
129.49380660057068	1.9348213590500223	1.6
129.5090389251709	1.9301820012167614	1.6
129.52188563346863	1.9301820012167614	1.6
129.53469324111938	1.9301820012167614	1.6
129.54810428619385	1.9301820012167614	1.6
129.56226301193237	1.9253383126293708	1.6
129.57532930374146	1.9253383126293708	1.6
129.59062719345093	1.9207875840261734	1.6
129.60307335853577	1.9207875840261734	1.6
129.61570858955383	1.9207875840261734	1.6
129.62875652313232	1.9207875840261734	1.6
129.6436574459076	1.917084644713837	1.6
129.65668940544128	1.917084644713837	1.6
129.67225527763367	1.9129234396149024	1.6
129.68533539772034	1.9129234396149024	1.6
129.69794297218323	1.9129234396149024	1.6
129.71214723587036	1.9129234396149024	1.6
129.7309958934784	1.909799635598406	1.6
129.74593782424927	1.909799635598406	1.6
129.7587776184082	1.9059207972129688	1.6
129.77139353752136	1.9059207972129688	1.6
129.78432893753052	1.9059207972129688	1.6
129.79822421073914	1.902601807847325	1.6
129.81121253967285	1.902601807847325	1.6
129.82715225219727	1.8995788231815833	1.6
129.83996987342834	1.8995788231815833	1.6
129.85273361206055	1.8995788231815833	1.6
129.86553716659546	1.8995788231815833	1.6
129.88039445877075	1.8977067746607592	1.6
129.8938491344452	1.8977067746607592	1.6
129.90684056282043	1.8977067746607592	1.6
129.92319917678833	1.8949618141116484	1.6
129.9366171360016	1.8949618141116484	1.6
129.95129895210266	1.8949618141116484	1.6
129.9647614955902	1.8926888157288992	1.6
129.97725772857666	1.8926888157288992	1.6
129.98999214172363	1.8926888157288992	1.6
130.00526881217957	1.8901395334752038	1.6
130.01840043067932	1.8901395334752038	1.6
130.03334856033325	1.8901395334752038	1.6
130.04646134376526	1.887351780454636	1.6
130.05926084518433	1.887351780454636	1.6
130.07197761535645	1.887351780454636	1.6
130.0881154537201	1.8850724515404944	1.6
130.10054421424866	1.8850724515404944	1.6
130.1155822277069	1.8825968088779135	1.6
130.12806057929993	1.8825968088779135	1.6
130.14099216461182	1.8825968088779135	1.6
130.15372943878174	1.8825968088779135	1.6
130.16918396949768	1.8805122941781203	1.6
130.18158841133118	1.8805122941781203	1.6
130.1983609199524	1.878747607982533	1.6
130.21093320846558	1.878747607982533	1.6
130.2241632938385	1.878747607982533	1.6
130.23861718177795	1.878747607982533	1.6
130.25315594673157	1.8773834168557677	1.6
130.26570558547974	1.8773834168557677	1.6
130.28102350234985	1.8761117194050105	1.6
130.2935311794281	1.8761117194050105	1.6
130.3056778907776	1.8761117194050105	1.6
130.3206205368042	1.8761117194050105	1.6
130.3343644142151	1.875088029700717	1.6
130.34725069999695	1.875088029700717	1.6
130.36224484443665	1.8747003911496685	1.6
130.37462902069092	1.8747003911496685	1.6
130.38677716255188	1.8747003911496685	1.6
130.40241527557373	1.8747003911496685	1.6
130.41567945480347	1.8739756450481782	1.6
130.42864656448364	1.8739756450481782	1.6
130.44303631782532	1.8739063321683962	1.6
130.45581197738647	1.8739063321683962	1.6
130.46818017959595	1.8739063321683962	1.6
130.4823808670044	1.8736425854005685	1.6
130.49592328071594	1.8736425854005685	1.6
130.5085666179657	1.8736425854005685	1.6
130.52322506904602	1.873764464622289	1.6
130.53584933280945	1.873764464622289	1.6
130.54867887496948	1.873764464622289	1.6
130.56399488449097	1.8739481112548553	1.6
130.5771129131317	1.8739481112548553	1.6
130.5915012359619	1.8739481112548553	1.6
130.60602188110352	1.874090422976361	1.6
130.61841011047363	1.874090422976361	1.6
130.63071131706238	1.874090422976361	1.6
130.64736533164978	1.8745153910520425	1.6
130.66009092330933	1.8745153910520425	1.6
130.67289447784424	1.8745153910520425	1.6
130.68646478652954	1.8745153910520425	1.6
130.7010338306427	1.8743571804516672	1.6
130.71486473083496	1.8743571804516672	1.6
130.73103547096252	1.8742420257010608	1.6
130.74350428581238	1.8742420257010608	1.6
130.75568413734436	1.8742420257010608	1.6
130.77044224739075	1.8745003247466603	1.6
130.7840700149536	1.8745003247466603	1.6
130.79992246627808	1.8745003247466603	1.6
130.81452417373657	1.8755231566727173	1.6
130.8279993534088	1.8755231566727173	1.6
130.8402829170227	1.8755231566727173	1.6
130.85639214515686	1.8762780554348897	1.6
130.86892533302307	1.8762780554348897	1.6
130.8845407962799	1.8774161423001208	1.6
130.89696621894836	1.8774161423001208	1.6
130.9092607498169	1.8774161423001208	1.6
130.92229866981506	1.8774161423001208	1.6
130.93736720085144	1.8783454219495783	1.6
130.95050191879272	1.8783454219495783	1.6
130.96714043617249	1.8794370745727895	1.6
130.9795024394989	1.8794370745727895	1.6
130.9918417930603	1.8794370745727895	1.6
131.00465750694275	1.8794370745727895	1.6
131.01953625679016	1.8803325476959845	1.6
131.03299355506897	1.8803325476959845	1.6
131.0493199825287	1.881022633496426	1.6
131.06167912483215	1.881022633496426	1.6
131.07458996772766	1.881022633496426	1.6
131.08903098106384	1.881022633496426	1.6
131.10178899765015	1.8818803580621828	1.6
131.1148819923401	1.8818803580621828	1.6
131.13050365447998	1.8828236302334365	1.6
131.1430287361145	1.8828236302334365	1.6
131.15638613700867	1.8828236302334365	1.6
131.17251706123352	1.8824913771148704	1.6
131.18603491783142	1.8824913771148704	1.6
131.20156741142273	1.8824913771148704	1.6
131.2151222229004	1.8816660354124533	1.6
131.2275035381317	1.8816660354124533	1.6
131.23996877670288	1.8816660354124533	1.6
131.2556426525116	1.8802850787985992	1.6
131.26898217201233	1.8802850787985992	1.6
131.2849884033203	1.877527899388122	1.6
131.2976450920105	1.877527899388122	1.6
131.30997514724731	1.877527899388122	1.6
131.32404804229736	1.877527899388122	1.6
131.33970999717712	1.873011177876494	1.6
131.3528869152069	1.873011177876494	1.6
131.3686888217926	1.8675650870934035	1.6
131.38102102279663	1.8675650870934035	1.6
131.39335346221924	1.8675650870934035	1.6
131.40764021873474	1.8675650870934035	1.6
131.4207353591919	1.8612695845981357	1.6
131.4343454837799	1.8612695845981357	1.6
131.44735527038574	1.8612695845981357	1.6
131.4630732536316	1.8538850969674872	1.6
131.47554469108582	1.8538850969674872	1.6
131.49129438400269	1.8441366647094224	1.6
131.50493383407593	1.8441366647094224	1.6
131.51727533340454	1.8441366647094224	1.6
131.5301365852356	1.8441366647094224	1.6
131.5457146167755	1.8351796171325394	1.6
131.55924272537231	1.8351796171325394	1.6
131.57499885559082	1.82398158396348	1.6
131.58750176429749	1.82398158396348	1.6
131.6005265712738	1.82398158396348	1.6
131.6142497062683	1.82398158396348	1.6
131.62806272506714	1.813509990923324	1.6
131.64152431488037	1.813509990923324	1.6
131.65666961669922	1.802792366268219	1.6
131.66927886009216	1.802792366268219	1.6
131.68164825439453	1.802792366268219	1.6
131.69567561149597	1.802792366268219	1.6
131.70892095565796	1.793139928813975	1.6
131.72167682647705	1.793139928813975	1.6
131.73673701286316	1.7845820242685206	1.6
131.7499978542328	1.7845820242685206	1.6
131.76242423057556	1.7845820242685206	1.6
131.7772252559662	1.7845820242685206	1.6
131.7905023097992	1.7760190212519291	1.6
131.8034439086914	1.7760190212519291	1.6
131.8212456703186	1.7681992282062011	1.6
131.83490252494812	1.7681992282062011	1.6
131.84801149368286	1.7681992282062011	1.6
131.86380624771118	1.7612515943192548	1.6
131.8762698173523	1.7612515943192548	1.6
131.89141035079956	1.756402778410164	1.6
131.90443587303162	1.756402778410164	1.6
131.91747570037842	1.756402778410164	1.6
131.9302990436554	1.756402778410164	1.6
131.94601607322693	1.7511281172825952	1.6
131.95859003067017	1.7511281172825952	1.6
131.97468781471252	1.7489393816494263	1.6
131.98726224899292	1.7489393816494263	1.6
132.001127243042	1.7489393816494263	1.6
132.0159821510315	1.7489393816494263	1.6
132.02951574325562	1.7465795032119136	1.6
132.04453992843628	1.7465795032119136	1.6
132.0593662261963	1.7445770027534002	1.6
132.0726125240326	1.7445770027534002	1.6
132.08577966690063	1.7445770027534002	1.6
132.1006143093109	1.742709839556759	1.6
132.11297082901	1.742709839556759	1.6
132.1277174949646	1.742709839556759	1.6
132.14123964309692	1.7425435917364847	1.6
132.15358066558838	1.7425435917364847	1.6
132.1667230129242	1.7425435917364847	1.6
132.18206906318665	1.7428488027004516	1.6
132.1962456703186	1.7428488027004516	1.6
132.20882296562195	1.7428488027004516	1.6
132.2224154472351	1.7428488027004516	1.6
132.23633766174316	1.7433604827870668	1.6
132.24991464614868	1.7433604827870668	1.6
132.26542258262634	1.7439396228774868	1.6
132.27805638313293	1.7439396228774868	1.6
132.2910623550415	1.7439396228774868	1.6
132.30653524398804	1.7447254942487629	1.6
132.31979870796204	1.7447254942487629	1.6
132.33396697044373	1.7447254942487629	1.6
132.3488130569458	1.7456692609348654	1.6
132.36120414733887	1.7456692609348654	1.6
132.374614238739	1.7456692609348654	1.6
132.389986038208	1.7461677145994656	1.6
132.4024782180786	1.7461677145994656	1.6
132.41730427742004	1.7464929500565294	1.6
132.43097567558289	1.7464929500565294	1.6
132.44469928741455	1.7464929500565294	1.6
132.45810055732727	1.7464929500565294	1.6
132.47408318519592	1.7473679553737296	1.6
132.48646306991577	1.7473679553737296	1.6
132.50231218338013	1.7481065755301004	1.6
132.51533913612366	1.7481065755301004	1.6
132.5281298160553	1.7481065755301004	1.6
132.54139614105225	1.7481065755301004	1.6
132.5544650554657	1.7473521124449007	1.6
132.56738328933716	1.7473521124449007	1.6
132.58363127708435	1.746911782153203	1.6
132.59619331359863	1.746911782153203	1.6
132.60851883888245	1.746911782153203	1.6
132.62343430519104	1.746911782153203	1.6
132.6371624469757	1.74673554282692	1.6
132.6507658958435	1.74673554282692	1.6
132.6657612323761	1.7456631886543061	1.6
132.6782636642456	1.7456631886543061	1.6
132.69066905975342	1.7456631886543061	1.6
132.70472288131714	1.7456631886543061	1.6
132.71794414520264	1.7451137554143432	1.6
132.7307493686676	1.7451137554143432	1.6
132.74639701843262	1.7441315859166266	1.6
132.75961828231812	1.7441315859166266	1.6
132.77216815948486	1.7441315859166266	1.6
132.7871012687683	1.742210716372441	1.6
132.79979300498962	1.742210716372441	1.6
132.81473970413208	1.742210716372441	1.6
132.82879376411438	1.7400935144441754	1.6
132.8412516117096	1.7400935144441754	1.6
132.85360383987427	1.7400935144441754	1.6
132.86848902702332	1.737173652261244	1.6
132.88093209266663	1.737173652261244	1.6
132.89465641975403	1.737173652261244	1.6
132.90937757492065	1.7343469181327333	1.6
132.9234230518341	1.7343469181327333	1.6
132.93814063072205	1.7343469181327333	1.6
132.95387291908264	1.7320508392654799	1.6
132.9662787914276	1.7320508392654799	1.6
132.97936725616455	1.7320508392654799	1.6
132.99604773521423	1.7295703949359933	1.6
133.00920343399048	1.7295703949359933	1.6
133.02373147010803	1.7295703949359933	1.6
133.03816413879395	1.7264990428473315	1.6
133.05082368850708	1.7264990428473315	1.6
133.06316137313843	1.7264990428473315	1.6
133.07795929908752	1.7242849390819317	1.6
133.09038972854614	1.7242849390819317	1.6
133.10525822639465	1.7242849390819317	1.6
133.1189742088318	1.7213218664441967	1.6
133.1314299106598	1.7213218664441967	1.6
133.14464735984802	1.7213218664441967	1.6
133.15988326072693	1.7179495368942945	1.6
133.17263340950012	1.7179495368942945	1.6
133.1877191066742	1.7159697973231332	1.6
133.2006094455719	1.7159697973231332	1.6
133.21317076683044	1.7159697973231332	1.6
133.22617101669312	1.7159697973231332	1.6
133.24062824249268	1.7142127079882257	1.6
133.25305461883545	1.7142127079882257	1.6
133.2686185836792	1.7136400807424643	1.6
133.28178763389587	1.7136400807424643	1.6
133.29450058937073	1.7136400807424643	1.6
133.30714583396912	1.7136400807424643	1.6
133.32185530662537	1.7123140452374206	1.6
133.33437204360962	1.7123140452374206	1.6
133.3508484363556	1.7116933134475694	1.6
133.3631465435028	1.7116933134475694	1.6
133.37638115882874	1.7116933134475694	1.6
133.3920772075653	1.7116933134475694	1.6
133.4062705039978	1.7104889775572754	1.6
133.4209988117218	1.7104889775572754	1.6
133.43581247329712	1.7101175884451087	1.6
133.4481818675995	1.7101175884451087	1.6
133.46047830581665	1.7101175884451087	1.6
133.4762032032013	1.7090640590333444	1.6
133.48940896987915	1.7090640590333444	1.6
133.50379633903503	1.7090640590333444	1.6
133.51765370368958	1.7081838185397658	1.6
133.5307457447052	1.7081838185397658	1.6
133.5445740222931	1.7081838185397658	1.6
133.56089568138123	1.7068239147223712	1.6
133.57341504096985	1.7068239147223712	1.6
133.58822965621948	1.7047907813048628	1.6
133.6016025543213	1.7047907813048628	1.6
133.61446452140808	1.7047907813048628	1.6
133.62781071662903	1.7047907813048628	1.6
133.64253950119019	1.7024155581473093	1.6
133.65495586395264	1.7024155581473093	1.6
133.6674723625183	1.7024155581473093	1.6
133.6838219165802	1.6986555098558387	1.6
133.69719195365906	1.6986555098558387	1.6
133.71219944953918	1.6986555098558387	1.6
133.72641968727112	1.695543712602659	1.6
133.73968172073364	1.695543712602659	1.6
133.75227332115173	1.695543712602659	1.6
133.76804113388062	1.6913822371800797	1.6
133.78051900863647	1.6913822371800797	1.6
133.79519605636597	1.6873792228564723	1.6
133.80841636657715	1.6873792228564723	1.6
133.8212251663208	1.6873792228564723	1.6
133.83396410942078	1.6873792228564723	1.6
133.849862575531	1.6819337288009675	1.6
133.86229372024536	1.6819337288009675	1.6
133.87674617767334	1.675649518274652	1.6
133.8893461227417	1.675649518274652	1.6
133.9021656513214	1.675649518274652	1.6
133.91501808166504	1.675649518274652	1.6
133.9301347732544	1.6690474601154197	1.6
133.94363117218018	1.6690474601154197	1.6
133.95900106430054	1.6628582424181844	1.6
133.9714424610138	1.6628582424181844	1.6
133.9838523864746	1.6628582424181844	1.6
133.99752020835876	1.6628582424181844	1.6
134.01369071006775	1.6563999553811475	1.6
134.0275309085846	1.6563999553811475	1.6
134.0420789718628	1.6499604878888872	1.6
134.0546214580536	1.6499604878888872	1.6
134.06707096099854	1.6499604878888872	1.6
134.08163928985596	1.6445120721965236	1.6
134.09494042396545	1.6445120721965236	1.6
134.10761404037476	1.6445120721965236	1.6
134.12255120277405	1.6388688680604524	1.6
134.1359453201294	1.6388688680604524	1.6
134.14856553077698	1.6388688680604524	1.6
134.16355729103088	1.6331012999629653	1.6
134.17686486244202	1.6331012999629653	1.6
134.19323921203613	1.627884112632313	1.6
134.20660734176636	1.627884112632313	1.6
134.21904015541077	1.627884112632313	1.6
134.23134541511536	1.627884112632313	1.6
134.24802160263062	1.6234393885091811	1.6
134.26073360443115	1.6234393885091811	1.6
134.27665901184082	1.6198386710099058	1.6
134.2907738685608	1.6198386710099058	1.6
134.30366683006287	1.6198386710099058	1.6
134.31721019744873	1.6198386710099058	1.6
134.33222436904907	1.6164444377252878	1.6
134.3460853099823	1.6164444377252878	1.6
134.36065101623535	1.614154398363294	1.6
134.37325525283813	1.614154398363294	1.6
134.38612031936646	1.614154398363294	1.6
134.4013431072235	1.614154398363294	1.6
134.4147481918335	1.6122860094744056	1.6
134.42711853981018	1.6122860094744056	1.6
134.4394769668579	1.6122860094744056	1.6
134.454829454422	1.6105575027828398	1.6
134.46738839149475	1.6105575027828398	1.6
134.4837942123413	1.6085514635824183	1.6
134.4968671798706	1.6085514635824183	1.6
134.50942993164062	1.6085514635824183	1.6
134.52304100990295	1.6085514635824183	1.6
134.53885054588318	1.6069284957109027	1.6
134.55121564865112	1.6069284957109027	1.6
134.5658302307129	1.6051552443852444	1.6
134.57818746566772	1.6051552443852444	1.6
134.59092712402344	1.6051552443852444	1.6
134.60365295410156	1.6051552443852444	1.6
134.6197919845581	1.6033877286732139	1.6
134.63269758224487	1.6033877286732139	1.6
134.6490821838379	1.6018208743998463	1.6
134.66154766082764	1.6018208743998463	1.6
134.6743884086609	1.6018208743998463	1.6
134.68834495544434	1.6018208743998463	1.6
134.7015573978424	1.600863956471586	1.6
134.7150604724884	1.600863956471586	1.6
134.7299861907959	1.6009818015110944	1.6
134.74245285987854	1.6009818015110944	1.6
134.75474882125854	1.6009818015110944	1.6
134.76932406425476	1.6008991540543847	1.6
134.78319716453552	1.6008991540543847	1.6
134.7975504398346	1.6008991540543847	1.6
134.81212759017944	1.6013853581606647	1.6
134.8249773979187	1.6013853581606647	1.6
134.83728408813477	1.6013853581606647	1.6
134.8526439666748	1.6014925336356527	1.6
134.86525630950928	1.6014925336356527	1.6
134.8809459209442	1.6014925336356527	1.6
134.8940908908844	1.6022102432185126	1.6
134.9066321849823	1.6022102432185126	1.6
134.9193217754364	1.6022102432185126	1.6
134.93570184707642	1.6029589883026891	1.6
134.94908213615417	1.6029589883026891	1.6
134.96459197998047	1.604474911653707	1.6
134.97710013389587	1.604474911653707	1.6
134.98969316482544	1.604474911653707	1.6
135.00267004966736	1.604474911653707	1.6
135.01841402053833	1.605915127607124	1.6
135.03141117095947	1.605915127607124	1.6
135.04576563835144	1.6075941901071242	1.6
135.05825853347778	1.6075941901071242	1.6
135.07085490226746	1.6075941901071242	1.6
135.08629655838013	1.6075941901071242	1.6
135.10293340682983	1.6092756218788644	1.6
135.12074184417725	1.6092756218788644	1.6
135.13489270210266	1.609955616335154	1.6
135.1480209827423	1.609955616335154	1.6
135.16049480438232	1.609955616335154	1.6
135.1766471862793	1.611313864228927	1.6
135.1954505443573	1.611313864228927	1.6
135.2161316871643	1.611313864228927	1.6
135.22955894470215	1.612210986511536	1.6
135.24335956573486	1.612210986511536	1.6
135.25831413269043	1.6137765084822218	1.6
135.27136754989624	1.6137765084822218	1.6
135.28369855880737	1.6137765084822218	1.6
135.3015215396881	1.6151501324340116	1.6
135.31466436386108	1.6151501324340116	1.6
135.3288655281067	1.6151501324340116	1.6
135.34187150001526	1.6164439290062915	1.6
135.3547658920288	1.6164439290062915	1.6
135.36729264259338	1.6164439290062915	1.6
135.38303804397583	1.6175453969361342	1.6
135.40090656280518	1.6175453969361342	1.6
135.42161560058594	1.6188717307155476	1.6
135.43542337417603	1.6188717307155476	1.6
135.45531010627747	1.6188717307155476	1.6
135.47086906433105	1.6202131767063548	1.6
135.48548674583435	1.6202131767063548	1.6
135.50528359413147	1.621390774338117	1.6
135.51832604408264	1.621390774338117	1.6
135.5313696861267	1.621390774338117	1.6
135.54561495780945	1.6227128836692484	1.6
135.55844807624817	1.6227128836692484	1.6
135.57331895828247	1.6234099239407414	1.6
135.5857915878296	1.6234099239407414	1.6
135.598247051239	1.6234099239407414	1.6
135.61197757720947	1.6234099239407414	1.6
135.6275315284729	1.624060819774075	1.6
135.64002132415771	1.624060819774075	1.6
135.65531849861145	1.624806274690624	1.6
135.6681034564972	1.624806274690624	1.6
135.68113017082214	1.624806274690624	1.6
135.697185754776	1.625221251813293	1.6
135.7167444229126	1.625221251813293	1.6
135.73375582695007	1.6255801942725676	1.6
135.74632215499878	1.6255801942725676	1.6
135.75917887687683	1.6255801942725676	1.6
135.7734568119049	1.6255801942725676	1.6
135.78885412216187	1.6256844565212227	1.6
135.8021183013916	1.6256844565212227	1.6
135.81736779212952	1.6258633839288528	1.6
135.8303883075714	1.6258633839288528	1.6
135.84338068962097	1.6258633839288528	1.6
135.85857319831848	1.6250178860218245	1.6
135.87170958518982	1.6250178860218245	1.6
135.8868374824524	1.6250178860218245	1.6
135.90134620666504	1.6241056380959324	1.6
135.91439938545227	1.6241056380959324	1.6
135.92728662490845	1.6241056380959324	1.6
135.94280576705933	1.621575619644543	1.6
135.95558857917786	1.621575619644543	1.6
135.9679777622223	1.621575619644543	1.6
135.98129415512085	1.621575619644543	1.6
135.99664735794067	1.6189796862080104	1.6
136.01140522956848	1.6189796862080104	1.6
136.0267150402069	1.6143420062837681	1.6
136.03992009162903	1.6143420062837681	1.6
136.05236840248108	1.6143420062837681	1.6
136.06642055511475	1.6089463032601692	1.6
136.07941675186157	1.6089463032601692	1.6
136.09392714500427	1.6089463032601692	1.6
136.10956144332886	1.6016759556478095	1.6
136.12255215644836	1.6016759556478095	1.6
136.13528561592102	1.6016759556478095	1.6
136.15152263641357	1.593731660883247	1.6
136.1649408340454	1.593731660883247	1.6
136.1801884174347	1.586900189021775	1.6
136.1935555934906	1.586900189021775	1.6
136.20608067512512	1.586900189021775	1.6
136.21920442581177	1.586900189021775	1.6
136.23647379875183	1.5788594023245275	1.6
136.24987959861755	1.5788594023245275	1.6
136.26533365249634	1.5711545136197498	1.6
136.27804374694824	1.5711545136197498	1.6
136.29084515571594	1.5711545136197498	1.6
136.30582976341248	1.5629329024657388	1.6
136.31868624687195	1.5629329024657388	1.6
136.3318521976471	1.5629329024657388	1.6
136.34677720069885	1.5566606125076559	1.6
136.3593716621399	1.5566606125076559	1.6
136.37226939201355	1.5566606125076559	1.6
136.38784861564636	1.5496167518265413	1.6
136.40096735954285	1.5496167518265413	1.6
136.41645884513855	1.5496167518265413	1.6
136.43009781837463	1.5433644649366243	1.6
136.4429702758789	1.5433644649366243	1.6
136.4557981491089	1.5433644649366243	1.6
136.4712634086609	1.5376189429669274	1.6
136.4836142063141	1.5376189429669274	1.6
136.49977159500122	1.5339498804669274	1.6
136.5121726989746	1.5339498804669274	1.6
136.525132894516	1.5339498804669274	1.6
136.53810477256775	1.5339498804669274	1.6
136.5536229610443	1.530638597196808	1.6
136.56700325012207	1.530638597196808	1.6
136.5822298526764	1.5264205905522898	1.6
136.59497165679932	1.5264205905522898	1.6
136.60729455947876	1.5264205905522898	1.6
136.62634563446045	1.5230298261014228	1.6
136.63987851142883	1.5230298261014228	1.6
136.6538336277008	1.5230298261014228	1.6
136.66829371452332	1.5204172070952509	1.6
136.6817855834961	1.5204172070952509	1.6
136.69451427459717	1.5204172070952509	1.6
136.7105565071106	1.5187532383191995	1.6
136.72361731529236	1.5187532383191995	1.6
136.73633909225464	1.5187532383191995	1.6
136.7508511543274	1.5187532383191995	1.6
136.76452660560608	1.5165294160088734	1.6
136.7787389755249	1.5165294160088734	1.6
136.79410791397095	1.5155810870186452	1.6
136.80685234069824	1.5155810870186452	1.6
136.81940841674805	1.5155810870186452	1.6
136.83496642112732	1.515829175417504	1.6
136.847886800766	1.515829175417504	1.6
136.86163759231567	1.515829175417504	1.6
136.87611055374146	1.5160607390538676	1.6
136.88886284828186	1.5160607390538676	1.6
136.90142273902893	1.5160607390538676	1.6
136.9168062210083	1.5167328004573766	1.6
136.92950224876404	1.5167328004573766	1.6
136.94733381271362	1.5176078578560586	1.6
136.96072006225586	1.5176078578560586	1.6
136.97385621070862	1.5176078578560586	1.6
136.98703908920288	1.5176078578560586	1.6
137.00228214263916	1.5182454487553314	1.6
137.01457524299622	1.5182454487553314	1.6
137.0305416584015	1.5188872845358383	1.6
137.04299974441528	1.5188872845358383	1.6
137.0558521747589	1.5188872845358383	1.6
137.06883835792542	1.5188872845358383	1.6
137.08349776268005	1.519873531742586	1.6
137.09654808044434	1.519873531742586	1.6
137.11196732521057	1.5198151918807639	1.6
137.12455201148987	1.5198151918807639	1.6
137.13761639595032	1.5198151918807639	1.6
137.15202069282532	1.5198151918807639	1.6
137.1651496887207	1.5201091260687702	1.6
137.17854499816895	1.5201091260687702	1.6
137.193213224411	1.519973645141643	1.6
137.20754408836365	1.519973645141643	1.6
137.2203426361084	1.519973645141643	1.6
137.23531341552734	1.5199133509378957	1.6
137.24815273284912	1.5199133509378957	1.6
137.26224994659424	1.5199133509378957	1.6
137.27575707435608	1.5195463300159102	1.6
137.28821086883545	1.5195463300159102	1.6
137.30068802833557	1.5195463300159102	1.6
137.31591892242432	1.5180579288333957	1.6
137.3287491798401	1.5180579288333957	1.6
137.34371089935303	1.5180579288333957	1.6
137.35653519630432	1.5163061408261576	1.6
137.36962366104126	1.5163061408261576	1.6
137.38230156898499	1.5163061408261576	1.6
137.39710640907288	1.514788311319545	1.6
137.41043090820312	1.514788311319545	1.6
137.42669677734375	1.513442941831265	1.6
137.43994235992432	1.513442941831265	1.6
137.4525909423828	1.513442941831265	1.6
137.46604990959167	1.513442941831265	1.6
137.48068857192993	1.5105040987688174	1.6
137.49362087249756	1.5105040987688174	1.6
137.50632882118225	1.5105040987688174	1.6
137.52072644233704	1.5105040987688174	1.6
137.53375434875488	1.5082267195602093	1.6
137.547425031662	1.5082267195602093	1.6
137.56201004981995	1.505831011667874	1.6
137.57552123069763	1.505831011667874	1.6
137.5882706642151	1.505831011667874	1.6
137.60329055786133	1.5028084809857742	1.6
137.61607432365417	1.5028084809857742	1.6
137.63066840171814	1.5028084809857742	1.6
137.6444160938263	1.4995845800207923	1.6
137.65685296058655	1.4995845800207923	1.6
137.66977214813232	1.4995845800207923	1.6
137.68492937088013	1.4964626133969907	1.6
137.69811415672302	1.4964626133969907	1.6
137.71461033821106	1.4932382824442887	1.6
137.72760128974915	1.4932382824442887	1.6
137.7402846813202	1.4932382824442887	1.6
137.7533564567566	1.4932382824442887	1.6
137.76893711090088	1.4900544928216313	1.6
137.78150844573975	1.4900544928216313	1.6
137.7970733642578	1.4875087875547344	1.6
137.80969548225403	1.4875087875547344	1.6
137.82266283035278	1.4875087875547344	1.6
137.83674669265747	1.4875087875547344	1.6
137.85094904899597	1.484985526770285	1.6
137.86329698562622	1.484985526770285	1.6
137.87771272659302	1.4832379537482265	1.6
137.89124059677124	1.4832379537482265	1.6
137.90394186973572	1.4832379537482265	1.6
137.91866326332092	1.4832379537482265	1.6
137.93319058418274	1.4815526876079974	1.6
137.9462468624115	1.4815526876079974	1.6
137.96176743507385	1.4798076164672271	1.6
137.97499442100525	1.4798076164672271	1.6
137.98778367042542	1.4798076164672271	1.6
138.00432205200195	1.478404655696819	1.6
138.0178461074829	1.478404655696819	1.6
138.03277921676636	1.478404655696819	1.6
138.04616594314575	1.4772012015030707	1.6
138.05852699279785	1.4772012015030707	1.6
138.07180833816528	1.4772012015030707	1.6
138.08773016929626	1.4760915895998226	1.6
138.10055303573608	1.4760915895998226	1.6
138.1163547039032	1.4758429265206414	1.6
138.12879705429077	1.4758429265206414	1.6
138.14200401306152	1.4758429265206414	1.6
138.15547966957092	1.4758429265206414	1.6
138.17056679725647	1.4757221958981297	1.6
138.18307757377625	1.4757221958981297	1.6
138.1958339214325	1.4757221958981297	1.6
138.21106672286987	1.475040398714295	1.6
138.22379612922668	1.475040398714295	1.6
138.23847317695618	1.475040398714295	1.6
138.25233674049377	1.4744555874227803	1.6
138.26480627059937	1.4744555874227803	1.6
138.2772397994995	1.4744555874227803	1.6
138.29229044914246	1.4745588057196968	1.6
138.30497550964355	1.4745588057196968	1.6
138.31912779808044	1.4745588057196968	1.6
138.33209109306335	1.4744740077900313	1.6
138.3455753326416	1.4744740077900313	1.6
138.35807704925537	1.4744740077900313	1.6
138.37345814704895	1.4748897368809408	1.6
138.38670706748962	1.4748897368809408	1.6
138.4021999835968	1.4749475593775643	1.6
138.41541504859924	1.4749475593775643	1.6
138.42794823646545	1.4749475593775643	1.6
138.44146394729614	1.4749475593775643	1.6
138.45729565620422	1.4755934764247485	1.6
138.4698452949524	1.4755934764247485	1.6
138.4850652217865	1.4761676146125229	1.6
138.4980709552765	1.4761676146125229	1.6
138.51042246818542	1.4761676146125229	1.6
138.52319931983948	1.4761676146125229	1.6
138.5390956401825	1.4767659470971513	1.6
138.55232882499695	1.4767659470971513	1.6
138.56779408454895	1.4771058544108049	1.6
138.58124709129333	1.4771058544108049	1.6
138.5941219329834	1.4771058544108049	1.6
138.60858607292175	1.4771058544108049	1.6
138.6219198703766	1.4779769989387916	1.6
138.6349220275879	1.4779769989387916	1.6
138.64978766441345	1.4786290414254064	1.6
138.66210889816284	1.4786290414254064	1.6
138.67561197280884	1.4786290414254064	1.6
138.69024109840393	1.4793133919623842	1.6
138.70335292816162	1.4793133919623842	1.6
138.71797728538513	1.4793133919623842	1.6
138.7332444190979	1.4804798928149308	1.6
138.74632906913757	1.4804798928149308	1.6
138.75966548919678	1.4804798928149308	1.6
138.7768156528473	1.4813621011168174	1.6
138.78945565223694	1.4813621011168174	1.6
138.80445861816406	1.481889154575692	1.6
138.81785941123962	1.481889154575692	1.6
138.8303141593933	1.481889154575692	1.6
138.84497261047363	1.481889154575692	1.6
138.86028838157654	1.4820255000322518	1.6
138.8744022846222	1.4820255000322518	1.6
138.88972568511963	1.4824650817069496	1.6
138.90335488319397	1.4824650817069496	1.6
138.91572260856628	1.4824650817069496	1.6
138.93024444580078	1.4825412692034223	1.6
138.94290137290955	1.4825412692034223	1.6
138.95677423477173	1.4825412692034223	1.6
138.97055077552795	1.4825412692034223	1.6
138.98577213287354	1.482959523947528	1.6
138.99821853637695	1.482959523947528	1.6
139.01343607902527	1.4827528273233384	1.6
139.0262713432312	1.4827528273233384	1.6
139.03871965408325	1.4827528273233384	1.6
139.0519347190857	1.4827528273233384	1.6
139.0671420097351	1.4823550426860068	1.6
139.0795454978943	1.4823550426860068	1.6
139.0950164794922	1.4813541760266644	1.6
139.10752940177917	1.4813541760266644	1.6
139.1200852394104	1.4813541760266644	1.6
139.1333520412445	1.4813541760266644	1.6
139.14918088912964	1.4797945580715612	1.6
139.1623136997223	1.4797945580715612	1.6
139.17822194099426	1.4781861907603866	1.6
139.19081568717957	1.4781861907603866	1.6
139.20330166816711	1.4781861907603866	1.6
139.22023487091064	1.4766002972893024	1.6
139.23305130004883	1.4766002972893024	1.6
139.24862599372864	1.4766002972893024	1.6
139.2625126838684	1.4747822777374657	1.6
139.27553033828735	1.4747822777374657	1.6
139.2878737449646	1.4747822777374657	1.6
139.3023283481598	1.4722912507713226	1.6
139.3159945011139	1.4722912507713226	1.6
139.33119201660156	1.4700833690703834	1.6
139.3448827266693	1.4700833690703834	1.6
139.35809087753296	1.4700833690703834	1.6
139.37174916267395	1.4700833690703834	1.6
139.38662385940552	1.4679292232177779	1.6
139.40027165412903	1.4679292232177779	1.6
139.41552472114563	1.4657419395494762	1.6
139.42851424217224	1.4657419395494762	1.6
139.4409453868866	1.4657419395494762	1.6
139.45536994934082	1.4657419395494762	1.6
139.469309091568	1.4629664543412142	1.6
139.48256754875183	1.4629664543412142	1.6
139.49880003929138	1.4609251738534093	1.6
139.5119776725769	1.4609251738534093	1.6
139.52465987205505	1.4609251738534093	1.6
139.5399398803711	1.4589870714437707	1.6
139.55288672447205	1.4589870714437707	1.6
139.56660103797913	1.4589870714437707	1.6
139.58048462867737	1.456417954154858	1.6
139.5944447517395	1.456417954154858	1.6
139.6074924468994	1.456417954154858	1.6
139.62318897247314	1.4527423329205467	1.6
139.63621354103088	1.4527423329205467	1.6
139.65095257759094	1.4490980043830537	1.6
139.66349363327026	1.4490980043830537	1.6
139.6765832901001	1.4490980043830537	1.6
139.69010472297668	1.4490980043830537	1.6
139.70578265190125	1.4459860500830473	1.6
139.7184681892395	1.4459860500830473	1.6
139.73105788230896	1.4459860500830473	1.6
139.74777698516846	1.44273384949189	1.6
139.76030588150024	1.44273384949189	1.6
139.77443408966064	1.44273384949189	1.6
139.78910756111145	1.4389877786384278	1.6
139.80208110809326	1.4389877786384278	1.6
139.814799785614	1.4389877786384278	1.6
139.8306131362915	1.435234816504231	1.6
139.84314227104187	1.435234816504231	1.6
139.85758233070374	1.4325319696533696	1.6
139.8711473941803	1.4325319696533696	1.6
139.8835916519165	1.4325319696533696	1.6
139.89767265319824	1.4325319696533696	1.6
139.91418504714966	1.4293025009885194	1.6
139.92743945121765	1.4293025009885194	1.6
139.94353461265564	1.426492555633328	1.6
139.95606517791748	1.426492555633328	1.6
139.96921300888062	1.426492555633328	1.6
139.98329138755798	1.426492555633328	1.6
139.9962124824524	1.4253056056815285	1.6
140.01020407676697	1.4253056056815285	1.6
140.02602863311768	1.4261285332226727	1.6
140.03909921646118	1.4261285332226727	1.6
140.05197715759277	1.4261285332226727	1.6
140.06735062599182	1.4269152092154358	1.6
140.0799617767334	1.4269152092154358	1.6
140.09544014930725	1.4269152092154358	1.6
140.1087703704834	1.4271670161105123	1.6
140.12159872055054	1.4271670161105123	1.6
140.13435459136963	1.4271670161105123	1.6
140.15120434761047	1.4280994955657293	1.6
140.16496586799622	1.4280994955657293	1.6
140.18182682991028	1.4296947435255534	1.6
140.20038032531738	1.4296947435255534	1.6
140.21349692344666	1.4296947435255534	1.6
140.22866702079773	1.4307949148049641	1.6
140.24154043197632	1.4307949148049641	1.6
140.256582736969	1.4307949148049641	1.6
140.26986289024353	1.4315564138471097	1.6
140.2823841571808	1.4315564138471097	1.6
140.29576086997986	1.4315564138471097	1.6
140.31234908103943	1.4323391915498607	1.6
140.32512879371643	1.4323391915498607	1.6
140.34043908119202	1.4331264662819068	1.6
140.35325264930725	1.4331264662819068	1.6
140.36583614349365	1.4331264662819068	1.6
140.3788080215454	1.4331264662819068	1.6
140.39406394958496	1.4332299901789658	1.6
140.4066984653473	1.4332299901789658	1.6
140.42118549346924	1.4334984976029426	1.6
140.43416357040405	1.4334984976029426	1.6
140.44746351242065	1.4334984976029426	1.6
140.46063661575317	1.4334984976029426	1.6
140.4761323928833	1.4342577700075565	1.6
140.48903703689575	1.4342577700075565	1.6
140.50159549713135	1.4342577700075565	1.6
140.51746678352356	1.4366416634840937	1.6
140.5299518108368	1.4366416634840937	1.6
140.54537844657898	1.4383540263873196	1.6
140.5582435131073	1.4383540263873196	1.6
140.57088565826416	1.4383540263873196	1.6
140.58367681503296	1.4383540263873196	1.6
140.5987672805786	1.4401868994753726	1.6
140.61198925971985	1.4401868994753726	1.6
140.62814664840698	1.4431794564373976	1.6
140.64071607589722	1.4431794564373976	1.6
140.6547040939331	1.4431794564373976	1.6
140.66811299324036	1.4431794564373976	1.6
140.68369674682617	1.4455469876168225	1.6
140.69665431976318	1.4455469876168225	1.6
140.71278524398804	1.4484541424964474	1.6
140.72606372833252	1.4484541424964474	1.6
140.7388002872467	1.4484541424964474	1.6
140.7561891078949	1.451488945251725	1.6
140.76899981498718	1.451488945251725	1.6
140.78336834907532	1.451488945251725	1.6
140.79668641090393	1.4542230066877608	1.6
140.80972623825073	1.4542230066877608	1.6
140.8224709033966	1.4542230066877608	1.6
140.83904504776	1.4567819328950313	1.6
140.85201978683472	1.4567819328950313	1.6
140.86698174476624	1.4597060145276846	1.6
140.88039016723633	1.4597060145276846	1.6
140.8932008743286	1.4597060145276846	1.6
140.9107220172882	1.4597060145276846	1.6
140.92489624023438	1.4615883083421175	1.6
140.93832063674927	1.4615883083421175	1.6
140.95479917526245	1.4639761746055586	1.6
140.96744441986084	1.4639761746055586	1.6
140.98047542572021	1.4639761746055586	1.6
140.9961850643158	1.4656362413883692	1.6
141.00947546958923	1.4656362413883692	1.6
141.0252170562744	1.4656362413883692	1.6
141.03891253471375	1.466986202326868	1.6
141.05157613754272	1.466986202326868	1.6
141.0639934539795	1.466986202326868	1.6
141.07808804512024	1.4688586828762726	1.6
141.09124517440796	1.4688586828762726	1.6
141.10589146614075	1.4700654573308398	1.6
141.1188611984253	1.4700654573308398	1.6
141.13147354125977	1.4700654573308398	1.6
141.14402961730957	1.4700654573308398	1.6
141.1605668067932	1.470608109149325	1.6
141.17336702346802	1.470608109149325	1.6
141.18863987922668	1.471439971845206	1.6
141.20146441459656	1.471439971845206	1.6
141.21481585502625	1.471439971845206	1.6
141.22967720031738	1.471439971845206	1.6
141.2443287372589	1.4724512450074507	1.6
141.25686168670654	1.4724512450074507	1.6
141.2701597213745	1.4724512450074507	1.6
141.2863574028015	1.472377541303747	1.6
141.2992033958435	1.472377541303747	1.6
141.3155379295349	1.4720074334870354	1.6
141.32869291305542	1.4720074334870354	1.6
141.34201765060425	1.4720074334870354	1.6
141.3553957939148	1.4720074334870354	1.6
141.3703966140747	1.471195788608812	1.6
141.38300967216492	1.471195788608812	1.6
141.3986611366272	1.4707989563546637	1.6
141.4114339351654	1.4707989563546637	1.6
141.42490792274475	1.4707989563546637	1.6
141.43930959701538	1.4707989563546637	1.6
141.45344185829163	1.4700672022754095	1.6
141.46690607070923	1.4700672022754095	1.6
141.48150658607483	1.4692038429689362	1.6
141.49405217170715	1.4692038429689362	1.6
141.50660872459412	1.4692038429689362	1.6
141.5207324028015	1.4692038429689362	1.6
141.53378438949585	1.4685128248349386	1.6
141.54849195480347	1.4685128248349386	1.6
141.56339931488037	1.4674883857119074	1.6
141.5763602256775	1.4674883857119074	1.6
141.58898663520813	1.4674883857119074	1.6
141.60451197624207	1.466417327078999	1.6
141.6175410747528	1.466417327078999	1.6
141.6340880393982	1.4647817179081113	1.6
141.64731645584106	1.4647817179081113	1.6
141.66064190864563	1.4647817179081113	1.6
141.67358303070068	1.4647817179081113	1.6
141.68862390518188	1.463530602670311	1.6
141.7010908126831	1.463530602670311	1.6
141.71728348731995	1.4625277216602068	1.6
141.72980403900146	1.4625277216602068	1.6
141.7436134815216	1.4625277216602068	1.6
141.75809407234192	1.4625277216602068	1.6
141.77389073371887	1.4616010778479542	1.6
141.7879798412323	1.4616010778479542	1.6
141.8027741909027	1.46160692348318	1.6
141.81550240516663	1.46160692348318	1.6
141.82808208465576	1.46160692348318	1.6
141.84350299835205	1.4616371491982976	1.6
141.85609006881714	1.4616371491982976	1.6
141.87158632278442	1.4616371491982976	1.6
141.88577032089233	1.462030211046165	1.6
141.89898943901062	1.462030211046165	1.6
141.91168904304504	1.462030211046165	1.6
141.92770099639893	1.4627812700103486	1.6
141.94101738929749	1.4627812700103486	1.6
141.95623779296875	1.4640974529605404	1.6
141.96902894973755	1.4640974529605404	1.6
141.9814567565918	1.4640974529605404	1.6
141.9947350025177	1.4640974529605404	1.6
142.0099639892578	1.465156284882966	1.6
142.0230791568756	1.465156284882966	1.6
142.03596210479736	1.465156284882966	1.6
142.05157613754272	1.4669074953534897	1.6
142.0648066997528	1.4669074953534897	1.6
142.07950735092163	1.4669074953534897	1.6
142.09357833862305	1.4690466835257632	1.6
142.10605669021606	1.4690466835257632	1.6
142.11874890327454	1.4690466835257632	1.6
142.1359405517578	1.4716937233440803	1.6
142.14946031570435	1.4716937233440803	1.6
142.16470313072205	1.4740763183028849	1.6
142.17734360694885	1.4740763183028849	1.6
142.19049501419067	1.4740763183028849	1.6
142.2056019306183	1.4740763183028849	1.6
142.22149085998535	1.4760266483050526	1.6
142.2356448173523	1.4760266483050526	1.6
142.25064039230347	1.4784405314671691	1.6
142.26373267173767	1.4784405314671691	1.6
142.27655363082886	1.4784405314671691	1.6
142.2921245098114	1.481144380069124	1.6
142.30467247962952	1.481144380069124	1.6
142.3195765018463	1.481144380069124	1.6
142.3329029083252	1.484197300866845	1.6
142.34570121765137	1.484197300866845	1.6
142.35809540748596	1.484197300866845	1.6
142.37316942214966	1.4871976558051165	1.6
142.38570618629456	1.4871976558051165	1.6
142.40064454078674	1.4871976558051165	1.6
142.41786646842957	1.4910582087569277	1.6
142.43554592132568	1.4910582087569277	1.6
142.4547562599182	1.4947982037452092	1.6
142.47192978858948	1.4947982037452092	1.6
142.4884536266327	1.4987672506635086	1.6
142.50285744667053	1.4987672506635086	1.6
142.51592087745667	1.4987672506635086	1.6
142.53216910362244	1.5021851644813913	1.6
142.5459599494934	1.5021851644813913	1.6
142.56034684181213	1.5021851644813913	1.6
142.5737226009369	1.5062469450304687	1.6
142.58669066429138	1.5062469450304687	1.6
142.59975051879883	1.5062469450304687	1.6
142.61535716056824	1.509705244504366	1.6
142.6283519268036	1.509705244504366	1.6
142.64335680007935	1.5130177323167804	1.6
142.6563651561737	1.5130177323167804	1.6
142.66931319236755	1.5130177323167804	1.6
142.68284440040588	1.5130177323167804	1.6
142.69801139831543	1.516056873748978	1.6
142.71105861663818	1.516056873748978	1.6
142.72415590286255	1.516056873748978	1.6
142.7406029701233	1.5183194222869896	1.6
142.75455713272095	1.5183194222869896	1.6
142.7724163532257	1.5214825395709402	1.6
142.78499722480774	1.5214825395709402	1.6
142.79829239845276	1.5214825395709402	1.6
142.8116636276245	1.5214825395709402	1.6
142.8268485069275	1.523188647811763	1.6
142.84046363830566	1.523188647811763	1.6
142.8560652732849	1.5249449578178758	1.6
142.86873149871826	1.5249449578178758	1.6
142.88170409202576	1.5249449578178758	1.6
142.89739179611206	1.5249449578178758	1.6
142.91039538383484	1.5262333030324435	1.6
142.92513346672058	1.5262333030324435	1.6
142.94022822380066	1.527984270321825	1.6
142.9541938304901	1.527984270321825	1.6
142.96711611747742	1.527984270321825	1.6
142.98319244384766	1.5285149030899805	1.6
142.99628019332886	1.5285149030899805	1.6
143.0109941959381	1.5294333038836312	1.6
143.02505230903625	1.5294333038836312	1.6
143.0380187034607	1.5294333038836312	1.6
143.05118680000305	1.5294333038836312	1.6
143.06564450263977	1.5299494814917085	1.6
143.07809472084045	1.5299494814917085	1.6
143.0942440032959	1.5305775634987224	1.6
143.10674214363098	1.5305775634987224	1.6
143.11982536315918	1.5305775634987224	1.6
143.1349081993103	1.5305775634987224	1.6
143.14886927604675	1.5299686889553485	1.6
143.16185903549194	1.5299686889553485	1.6
143.17658352851868	1.5278147400917124	1.6
143.18960905075073	1.5278147400917124	1.6
143.20257472991943	1.5278147400917124	1.6
143.2187716960907	1.5260445315359672	1.6
143.23187041282654	1.5260445315359672	1.6
143.24644422531128	1.5260445315359672	1.6
143.26089668273926	1.523813478710985	1.6
143.27425909042358	1.523813478710985	1.6
143.28721928596497	1.523813478710985	1.6
143.30211520195007	1.5215358382264694	1.6
143.31523513793945	1.5215358382264694	1.6
143.33232998847961	1.5181878189184017	1.6
143.3453598022461	1.5181878189184017	1.6
143.35851097106934	1.5181878189184017	1.6
143.37514519691467	1.5181878189184017	1.6
143.3883843421936	1.515364566594745	1.6
143.40191292762756	1.515364566594745	1.6
143.41771912574768	1.5119885973936709	1.6
143.43119311332703	1.5119885973936709	1.6
143.4440107345581	1.5119885973936709	1.6
143.45954728126526	1.5086303849643368	1.6
143.47293996810913	1.5086303849643368	1.6
143.4858374595642	1.5086303849643368	1.6
143.49943661689758	1.5086303849643368	1.6
143.51434969902039	1.5051629607219126	1.6
143.52682042121887	1.5051629607219126	1.6
143.54122304916382	1.5020129991139815	1.6
143.55372500419617	1.5020129991139815	1.6
143.56663417816162	1.5020129991139815	1.6
143.57965350151062	1.5020129991139815	1.6
143.59444642066956	1.4995177959308343	1.6
143.6074459552765	1.4995177959308343	1.6
143.62463808059692	1.4972048293304243	1.6
143.63808131217957	1.4972048293304243	1.6
143.65073537826538	1.4972048293304243	1.6
143.66616082191467	1.4950860044725875	1.6
143.67915415763855	1.4950860044725875	1.6
143.69318675994873	1.4950860044725875	1.6
143.70831966400146	1.4928616351462618	1.6
143.72165703773499	1.4928616351462618	1.6
143.73445010185242	1.4928616351462618	1.6
143.75002431869507	1.49202121602645	1.6
143.7628788948059	1.49202121602645	1.6
143.77885937690735	1.4916770914369593	1.6
143.79208183288574	1.4916770914369593	1.6
143.80480813980103	1.4916770914369593	1.6
143.81762194633484	1.4916770914369593	1.6
143.83274292945862	1.492149676651105	1.6
143.84548449516296	1.492149676651105	1.6
143.8615198135376	1.4930269234400062	1.6
143.87420892715454	1.4930269234400062	1.6
143.88735437393188	1.4930269234400062	1.6
143.90374374389648	1.4930269234400062	1.6
143.91719484329224	1.4938229234400062	1.6
143.9313464164734	1.4938229234400062	1.6
143.9459969997406	1.49576748473751	1.6
143.9590036869049	1.49576748473751	1.6
143.9720242023468	1.49576748473751	1.6
143.98826098442078	1.4975231310371668	1.6
144.00220346450806	1.4975231310371668	1.6
144.01695013046265	1.4975231310371668	1.6
144.03009796142578	1.4997056541828757	1.6
144.04321360588074	1.4997056541828757	1.6
144.05603075027466	1.4997056541828757	1.6
144.0715947151184	1.5021643761517414	1.6
144.08477115631104	1.5021643761517414	1.6
144.1002712249756	1.504805173379434	1.6
144.1134021282196	1.504805173379434	1.6
144.1265106201172	1.504805173379434	1.6
144.14025020599365	1.504805173379434	1.6
144.15407252311707	1.5067202035180718	1.6
144.16680026054382	1.5067202035180718	1.6
144.1829264163971	1.5084029567963624	1.6
144.19589710235596	1.5084029567963624	1.6
144.2086799144745	1.5084029567963624	1.6
144.22352361679077	1.5084029567963624	1.6
144.237811088562	1.509367439021773	1.6
144.25081849098206	1.509367439021773	1.6
144.26327776908875	1.509367439021773	1.6
144.2788372039795	1.5102459330513578	1.6
144.2916271686554	1.5102459330513578	1.6
144.3075065612793	1.5118202847333146	1.6
144.3207492828369	1.5118202847333146	1.6
144.3334517478943	1.5118202847333146	1.6
144.3468451499939	1.5118202847333146	1.6
144.36202144622803	1.5132141824776755	1.6
144.37547612190247	1.5132141824776755	1.6
144.39056253433228	1.5149924134995274	1.6
144.40307545661926	1.5149924134995274	1.6
144.4169294834137	1.5149924134995274	1.6
144.4344403743744	1.516416832105989	1.6
144.4472460746765	1.516416832105989	1.6
144.4624502658844	1.516416832105989	1.6
144.47651934623718	1.515223158260757	1.6
144.48941230773926	1.515223158260757	1.6
144.5024585723877	1.515223158260757	1.6
144.51827931404114	1.513209221502127	1.6
144.53149580955505	1.513209221502127	1.6
144.5465211868286	1.5153404606353829	1.6
144.55907583236694	1.5153404606353829	1.6
144.57224893569946	1.5153404606353829	1.6
144.58582401275635	1.5153404606353829	1.6
144.60096216201782	nan	1.6
144.6139280796051	nan	1.6
144.63039302825928	nan	1.6
144.64386439323425	nan	1.6
144.65675377845764	nan	1.6
144.67084288597107	nan	1.6
144.68438076972961	nan	1.6
144.69796180725098	nan	1.6
144.71319317817688	nan	1.6
144.72607564926147	nan	1.6
144.73853659629822	nan	1.6
144.7552649974823	nan	1.6
144.76780152320862	nan	1.6
144.78305840492249	nan	1.6
144.79688262939453	nan	1.6
144.8097860813141	nan	1.6
144.82275366783142	nan	1.6
144.83902835845947	nan	1.6
144.85194516181946	nan	1.6
144.86863255500793	nan	1.6
144.88189053535461	nan	1.6
144.89489912986755	nan	1.6
144.9083390235901	nan	1.6
144.92308521270752	nan	1.6
144.9362564086914	nan	1.6
144.95241594314575	nan	1.6
144.9649999141693	nan	1.6
144.9780101776123	nan	1.6
144.99281287193298	nan	1.6
145.00566053390503	nan	1.6
145.0182502269745	nan	1.6
145.031081199646	nan	1.6
145.0473597049713	nan	1.6
145.06019186973572	nan	1.6
145.07650184631348	nan	1.6
145.08944010734558	nan	1.6
145.10249280929565	nan	1.6
145.1157729625702	nan	1.6
145.13140892982483	nan	1.6
145.14420461654663	nan	1.6
145.159823179245	nan	1.6
145.1727864742279	nan	1.6
145.185772895813	nan	1.6
145.2008616924286	nan	1.6
145.21385788917542	nan	1.6
145.2278859615326	nan	1.6
145.24224185943604	nan	1.6
145.25520277023315	nan	1.6
145.2677516937256	nan	1.6
145.2824206352234	nan	1.6
145.29551577568054	nan	1.6
145.3087022304535	nan	1.6
145.32411932945251	nan	1.6
145.33709692955017	nan	1.6
145.3500463962555	nan	1.6
145.3653428554535	nan	1.6
145.37801003456116	nan	1.6
145.39323663711548	nan	1.6
145.406254529953	nan	1.6
145.4191768169403	nan	1.6
145.43211126327515	nan	1.6
145.44684672355652	nan	1.6
145.45953369140625	nan	1.6
145.4760229587555	nan	1.6
145.48865175247192	nan	1.6
145.50170230865479	nan	1.6
145.51464319229126	nan	1.6
145.5289204120636	nan	1.6
145.54188060760498	nan	1.6
145.55775213241577	nan	1.6
145.57035207748413	nan	1.6
145.58373641967773	nan	1.6
145.59719228744507	nan	1.6
145.611332654953	nan	1.6
145.62397122383118	nan	1.6
145.6386592388153	nan	1.6
145.65180897712708	nan	1.6
145.66455006599426	nan	1.6
145.67944264411926	nan	1.6
145.69337058067322	nan	1.6
145.70665454864502	nan	1.6
145.7210500240326	nan	1.6
145.73348784446716	nan	1.6
145.74668312072754	nan	1.6
145.76263666152954	nan	1.6
145.7757956981659	nan	1.6
145.78904676437378	nan	1.6
145.80202746391296	nan	1.6
145.8173532485962	nan	1.6
145.82986164093018	nan	1.6
145.84471130371094	nan	1.6
145.8573615550995	nan	1.6
145.87001037597656	nan	1.6
145.88300609588623	nan	1.6
145.89778661727905	nan	1.6
145.91035079956055	nan	1.6
145.92559051513672	nan	1.6
145.9387547969818	nan	1.6
145.95142936706543	nan	1.6
145.96480631828308	nan	1.6
145.97936129570007	nan	1.6
145.9941222667694	nan	1.6
146.01043152809143	nan	1.6
146.02349400520325	nan	1.6
146.03669047355652	nan	1.6
146.05217671394348	nan	1.6
146.06480288505554	nan	1.6
146.07903122901917	nan	1.6
146.09223675727844	nan	1.6
146.10482931137085	nan	1.6
146.1181492805481	nan	1.6
146.13317394256592	nan	1.6
146.14671397209167	nan	1.6
146.1613736152649	nan	1.6
146.17596888542175	nan	1.6
146.18866896629333	nan	1.6
146.20235061645508	nan	1.6
146.2174985408783	nan	1.6
146.23016905784607	nan	1.6
146.246563911438	nan	1.6
146.2599697113037	nan	1.6
146.2735722064972	nan	1.6
146.29011368751526	nan	1.6
146.30311560630798	nan	1.6
146.31790781021118	nan	1.6
146.33301877975464	nan	1.6
146.34620594978333	nan	1.6
146.35936093330383	nan	1.6
146.3753695487976	nan	1.6
146.3885931968689	nan	1.6
146.40460109710693	nan	1.6
146.4174563884735	nan	1.6
146.43025636672974	nan	1.6
146.44482445716858	nan	1.6
146.46046662330627	nan	1.6
146.47380542755127	nan	1.6
146.4890444278717	nan	1.6
146.50170803070068	nan	1.6
146.51470923423767	nan	1.6
146.52936267852783	nan	1.6
146.54208278656006	nan	1.6
146.5550615787506	nan	1.6
146.5678482055664	nan	1.6
146.5834240913391	nan	1.6
146.5967926979065	nan	1.6
146.61155223846436	nan	1.6
146.62453436851501	nan	1.6
146.63731002807617	nan	1.6
146.65144634246826	nan	1.6
146.66575574874878	nan	1.6
146.67890095710754	nan	1.6
146.69474077224731	nan	1.6
146.7074785232544	nan	1.6
146.72048997879028	nan	1.6
146.73511815071106	nan	1.6
146.74921822547913	nan	1.6
146.76208925247192	nan	1.6
146.77744817733765	nan	1.6
146.78999638557434	nan	1.6
146.8025586605072	nan	1.6
146.81903719902039	nan	1.6
146.83161282539368	nan	1.6
146.84694504737854	nan	1.6
146.86060070991516	nan	1.6
146.8733410835266	nan	1.6
146.88666653633118	nan	1.6
146.90294981002808	nan	1.6
146.91615414619446	nan	1.6
146.9310657978058	1.5015797551213796	1.6
146.94410276412964	1.5015797551213796	1.6
146.95787930488586	1.5015797551213796	1.6
146.97076654434204	1.5015797551213796	1.6
146.9856173992157	1.5072653944372327	1.6
146.99908185005188	1.5072653944372327	1.6
147.01421976089478	1.5127903580735962	1.6
147.0268907546997	1.5127903580735962	1.6
147.04020881652832	1.5127903580735962	1.6
147.05485677719116	1.5127903580735962	1.6
147.0685863494873	1.5182443871405233	1.6
147.08178544044495	1.5182443871405233	1.6
147.09714484214783	1.523694754645359	1.6
147.10970616340637	1.523694754645359	1.6
147.12237811088562	1.523694754645359	1.6
147.13685750961304	1.5293504224734662	1.6
147.1499171257019	1.5293504224734662	1.6
147.16291737556458	1.5293504224734662	1.6
147.17750096321106	1.534573377901251	1.6
147.19017910957336	1.534573377901251	1.6
147.20268630981445	1.534573377901251	1.6
147.217853307724	1.5397759107977123	1.6
147.2306146621704	1.5397759107977123	1.6
147.24330163002014	1.5397759107977123	1.6
147.25680661201477	1.5397759107977123	1.6
147.2729423046112	1.5442068237859874	1.6
147.28609085083008	1.5442068237859874	1.6
147.3019254207611	1.5480163647445484	1.6
147.31562662124634	1.5480163647445484	1.6
147.32807040214539	1.5480163647445484	1.6
147.34175205230713	1.5480163647445484	1.6
147.35621523857117	1.5521879084518082	1.6
147.37002682685852	1.5521879084518082	1.6
147.38634395599365	1.5557853822311931	1.6
147.3996503353119	1.5557853822311931	1.6
147.41211891174316	1.5557853822311931	1.6
147.42846512794495	1.5587738757376866	1.6
147.44131112098694	1.5587738757376866	1.6
147.4562075138092	1.5587738757376866	1.6
147.46948790550232	1.5607730245620661	1.6
147.48216819763184	1.5607730245620661	1.6
147.49475073814392	1.5607730245620661	1.6
147.50895881652832	1.5633869084058818	1.6
147.52173018455505	1.5633869084058818	1.6
147.5367832183838	1.5633869084058818	1.6
147.5504117012024	1.5653291147274349	1.6
147.56293654441833	1.5653291147274349	1.6
147.57672119140625	1.5653291147274349	1.6
147.59176445007324	1.567510851851369	1.6
147.6044840812683	1.567510851851369	1.6
147.62154078483582	1.5684079334067351	1.6
147.63410210609436	1.5684079334067351	1.6
147.64771676063538	1.5684079334067351	1.6
147.66234230995178	1.5684079334067351	1.6
147.67669343948364	1.5704640189995307	1.6
147.6896731853485	1.5704640189995307	1.6
147.70570588111877	1.5719781040969945	1.6
147.71859216690063	1.5719781040969945	1.6
147.73123574256897	1.5719781040969945	1.6
147.74626278877258	1.5724485597288278	1.6
147.7631757259369	1.5724485597288278	1.6
147.78056049346924	1.5729875877400323	1.6
147.7986798286438	1.5729875877400323	1.6
147.8167085647583	1.5729875877400323	1.6
147.83265495300293	1.573429743428655	1.6
147.84855222702026	1.573429743428655	1.6
147.86696028709412	1.5741275785447377	1.6
147.8846299648285	1.5741275785447377	1.6
147.90206003189087	1.5741275785447377	1.6
147.9200713634491	1.5741945009545772	1.6
147.938627243042	1.574497144501185	1.6
147.95569920539856	1.574497144501185	1.6
147.97120809555054	1.574497144501185	1.6
147.98887705802917	1.5736886237515197	1.6
148.00698280334473	1.5736886237515197	1.6
148.0241997241974	1.5736886237515197	1.6
148.04118537902832	1.5747721722626555	1.6
148.058767080307	1.5747721722626555	1.6
148.0748097896576	1.5738162311630863	1.6
148.0901563167572	1.5738162311630863	1.6
148.10627722740173	1.5738162311630863	1.6
148.12217736244202	1.5736810821679375	1.6
148.13955068588257	1.5736810821679375	1.6
148.15713906288147	1.5736726638365626	1.6
148.17395520210266	1.5736726638365626	1.6
148.1931872367859	1.5736726638365626	1.6
148.21163511276245	1.5732748902896438	1.6
148.23050093650818	1.57319206599637	1.6
148.24749302864075	1.57319206599637	1.6
148.2651722431183	1.57319206599637	1.6
148.28337121009827	1.5745281423489659	1.6
148.3015923500061	1.5745281423489659	1.6
148.31955194473267	1.5747551276314338	1.6
148.33740091323853	1.5747551276314338	1.6
148.35596919059753	1.575083208712515	1.6
148.37373781204224	1.575083208712515	1.6
148.3921046257019	1.5763950486865999	1.6
148.40812492370605	1.5763950486865999	1.6
148.42425203323364	1.5763950486865999	1.6
148.44153428077698	1.5774385334962944	1.6
148.45773911476135	1.5774385334962944	1.6
148.47737288475037	1.579310881766665	1.6
148.4963583946228	1.579310881766665	1.6
148.51392078399658	1.579310881766665	1.6
148.53224682807922	1.5812983801953262	1.6
148.54985642433167	1.5831625587375047	1.6
148.56753134727478	1.5831625587375047	1.6
148.583904504776	1.5831625587375047	1.6
148.60325384140015	1.5862532774875047	1.6
148.62440872192383	1.5862532774875047	1.6
148.6438524723053	1.5881584579655068	1.6
148.66242051124573	1.5881584579655068	1.6
148.67892861366272	1.5897132599912895	1.6
148.69560980796814	1.5897132599912895	1.6
148.7134027481079	1.591225778721313	1.6
148.73102283477783	1.591225778721313	1.6
148.74775171279907	1.591225778721313	1.6
148.76710844039917	1.5931098831884745	1.6
148.7849838733673	1.5931098831884745	1.6
148.8046703338623	1.5950239225374214	1.6
148.82183170318604	1.5950239225374214	1.6
148.83979535102844	1.5964463393529444	1.6
148.85862493515015	1.5964463393529444	1.6
148.87567448616028	1.5964463393529444	1.6
148.8935968875885	1.5985312378779528	1.6
148.91403007507324	1.5985312378779528	1.6
148.9301438331604	1.6002041205592643	1.6
148.94629311561584	1.6002041205592643	1.6
148.96495294570923	1.601897663081259	1.6
148.98107290267944	1.601897663081259	1.6
148.99796414375305	1.6019656818127124	1.6
149.0148983001709	1.6019656818127124	1.6
149.03186917304993	1.6019656818127124	1.6
149.04935336112976	1.602643758174656	1.6
149.06588768959045	1.602643758174656	1.6
149.08284854888916	1.6023417046032276	1.6
149.09971284866333	1.6023417046032276	1.6
149.11696028709412	1.6023417046032276	1.6
149.13614583015442	1.6020286369050987	1.6
149.1554720401764	1.6012226375991734	1.6
149.17335963249207	1.6012226375991734	1.6
149.19014954566956	1.6012226375991734	1.6
149.208758354187	1.5999927342521176	1.6
149.2269310951233	1.5999927342521176	1.6
149.24449610710144	1.5989950044727903	1.6
149.26164555549622	1.5989950044727903	1.6
149.27998304367065	1.5989950044727903	1.6
149.2972502708435	1.5978411016020135	1.6
149.31468224525452	1.5978411016020135	1.6
149.33260989189148	1.5969261086262887	1.6
149.34861707687378	1.5969261086262887	1.6
149.36457014083862	1.5964780556147844	1.6
149.37735795974731	1.5964780556147844	1.6
149.39241480827332	1.5964780556147844	1.6
149.40589427947998	1.5969048926904168	1.6
149.42211294174194	1.5969048926904168	1.6
149.43549227714539	1.5969048926904168	1.6
149.45104956626892	1.5980117488995673	1.6
149.46507716178894	1.5980117488995673	1.6
149.48171615600586	1.5996305919171818	1.6
149.4951708316803	1.5996305919171818	1.6
149.5077097415924	1.5996305919171818	1.6
149.5233929157257	1.6016193229868452	1.6
149.5365834236145	1.6016193229868452	1.6
149.5493791103363	1.6016193229868452	1.6
149.562194108963	1.6016193229868452	1.6
149.57803773880005	1.603055356020408	1.6
149.59072375297546	1.603055356020408	1.6
149.6075565814972	1.6052144795948498	1.6
149.62011408805847	1.6052144795948498	1.6
149.63250708580017	1.6052144795948498	1.6
149.64768195152283	1.6052144795948498	1.6
149.66166400909424	1.6069997040933557	1.6
149.67517232894897	1.6069997040933557	1.6
149.69106316566467	1.6081031562599069	1.6
149.70433926582336	1.6081031562599069	1.6
149.71735620498657	1.6081031562599069	1.6
149.73208260536194	1.6092855298529032	1.6
149.74496984481812	1.6092855298529032	1.6
149.75999546051025	1.6092855298529032	1.6
149.77323079109192	1.6100662221605955	1.6
149.78621125221252	1.6100662221605955	1.6
149.79942679405212	1.6100662221605955	1.6
149.81579160690308	1.6109807314850877	1.6
149.82833623886108	1.6109807314850877	1.6
149.84421300888062	1.6111923022690697	1.6
149.857572555542	1.6111923022690697	1.6
149.87074255943298	1.6111923022690697	1.6
149.88490748405457	1.6111923022690697	1.6
149.90032863616943	1.611903496994206	1.6
149.91406083106995	1.611903496994206	1.6
149.92894291877747	1.6123776951185156	1.6
149.942307472229	1.6123776951185156	1.6
149.955091714859	1.6123776951185156	1.6
149.970636844635	1.6140658328437048	1.6
149.98321199417114	1.6140658328437048	1.6
149.99812746047974	1.6140658328437048	1.6
150.01309514045715	1.614926897595888	1.6
150.02614092826843	1.614926897595888	1.6
150.0390486717224	1.614926897595888	1.6
150.05481505393982	1.6155359208626106	1.6
150.0674307346344	1.6155359208626106	1.6
150.08340120315552	1.6163898457452397	1.6
150.10434699058533	1.6163898457452397	1.6
150.1196689605713	1.6163898457452397	1.6
150.13449597358704	1.6171924472293078	1.6
150.14753341674805	1.6171924472293078	1.6
150.16366720199585	1.6180471267164875	1.6
150.17672777175903	1.6180471267164875	1.6
150.19310069084167	1.6180471267164875	1.6
150.21357822418213	1.6189568554353908	1.6
150.23436379432678	1.6189568554353908	1.6
150.24980354309082	1.6202708260426584	1.6
150.262348651886	1.6202708260426584	1.6
150.27557349205017	1.6202708260426584	1.6
150.2910680770874	1.620319202361219	1.6
150.30397295951843	1.620319202361219	1.6
150.3170030117035	1.620319202361219	1.6
150.33098649978638	1.620319202361219	1.6
150.34671258926392	1.621389656134501	1.6
150.3608911037445	1.621389656134501	1.6
150.37730431556702	1.6224484475862326	1.6
150.39226412773132	1.6224484475862326	1.6
150.41292691230774	1.6224484475862326	1.6
150.43099284172058	1.6233382600663848	1.6
150.45215582847595	1.624384223646149	1.6
150.470938205719	1.624384223646149	1.6
150.4843726158142	1.624384223646149	1.6
150.50245475769043	1.6251692335080823	1.6
150.51969170570374	1.6251692335080823	1.6
150.53409790992737	1.6258074868714592	1.6
150.5468373298645	1.6258074868714592	1.6
150.56000566482544	1.6258074868714592	1.6
150.57464385032654	1.6258074868714592	1.6
150.5888969898224	1.6264183112602488	1.6
150.60248923301697	1.6264183112602488	1.6
150.6168565750122	1.626785176648897	1.6
150.63022541999817	1.626785176648897	1.6
150.64484930038452	1.626785176648897	1.6
150.66046285629272	1.6269664474976948	1.6
150.67374420166016	1.6269664474976948	1.6
150.69102954864502	1.6274602837363705	1.6
150.7044711112976	1.6274602837363705	1.6
150.71881651878357	1.6274602837363705	1.6
150.73373174667358	1.6274602837363705	1.6
150.74947142601013	1.6269907727203354	1.6
150.76854825019836	1.6269907727203354	1.6
150.78223133087158	1.626431561721605	1.6
150.794695854187	1.626431561721605	1.6
150.8076286315918	1.626431561721605	1.6
150.8231120109558	1.6257943468436138	1.6
150.83565211296082	1.6257943468436138	1.6
150.8510594367981	1.6256268837714558	1.6
150.86359810829163	1.6256268837714558	1.6
150.8764500617981	1.6256268837714558	1.6
150.88984942436218	1.6256268837714558	1.6
150.90580439567566	1.6256816256825726	1.6
150.91830563545227	1.6256816256825726	1.6
150.93376421928406	1.6258343688511872	1.6
150.94730615615845	1.6258343688511872	1.6
150.96074795722961	1.6258343688511872	1.6
150.97511267662048	1.6258343688511872	1.6
150.98961663246155	1.625897002511035	1.6
151.00272274017334	1.625897002511035	1.6
151.01937699317932	1.6259987803529103	1.6
151.03242826461792	1.6259987803529103	1.6
151.04550504684448	1.6259987803529103	1.6
151.06189370155334	1.6251515686122384	1.6
151.0753300189972	1.6251515686122384	1.6
151.08784222602844	1.6251515686122384	1.6
151.10245060920715	1.6251515686122384	1.6
151.11577725410461	1.6244442329947908	1.6
151.1282708644867	1.6244442329947908	1.6
151.14558339118958	1.6241602729285283	1.6
151.15811109542847	1.6241602729285283	1.6
151.17086482048035	1.6241602729285283	1.6
151.18627405166626	1.623837504489627	1.6
151.19955849647522	1.623837504489627	1.6
151.21399307250977	1.623837504489627	1.6
151.22835326194763	1.6243879520566318	1.6
151.24154019355774	1.6243879520566318	1.6
151.25419211387634	1.6243879520566318	1.6
151.26878476142883	1.6247214828472452	1.6
151.28200697898865	1.6247214828472452	1.6
151.29671549797058	1.6247214828472452	1.6
151.31043243408203	1.625357485688745	1.6
151.3233847618103	1.625357485688745	1.6
151.3362262248993	1.625357485688745	1.6
151.35228157043457	1.6263391752162093	1.6
151.36510729789734	1.6263391752162093	1.6
151.38021636009216	1.6270765761419308	1.6
151.3935148715973	1.6270765761419308	1.6
151.40654277801514	1.6270765761419308	1.6
151.42104387283325	1.6270765761419308	1.6
151.43664860725403	1.6276688632173673	1.6
151.45080375671387	1.6276688632173673	1.6
151.4661147594452	1.6290976648812165	1.6
151.47874355316162	1.6290976648812165	1.6
151.49130582809448	1.6290976648812165	1.6
151.50640273094177	1.6303132734670753	1.6
151.51947617530823	1.6303132734670753	1.6
151.53278517723083	1.6303132734670753	1.6
151.54744124412537	1.6315109991819454	1.6
151.56028389930725	1.6315109991819454	1.6
151.5728485584259	1.6315109991819454	1.6
151.58770537376404	1.6333700569174887	1.6
151.6008961200714	1.6333700569174887	1.6
151.61503744125366	1.6333700569174887	1.6
151.63044238090515	1.6343956504172983	1.6
151.64475512504578	1.6343956504172983	1.6
151.65813422203064	1.6343956504172983	1.6
151.67400860786438	1.6352241874916404	1.6
151.68651413917542	1.6352241874916404	1.6
151.70300436019897	1.6361286289555228	1.6
151.71648454666138	1.6361286289555228	1.6
151.72946047782898	1.6361286289555228	1.6
151.7442967891693	1.6361286289555228	1.6
151.7573618888855	1.6371093135644057	1.6
151.7706241607666	1.6371093135644057	1.6
151.78370904922485	1.6371093135644057	1.6
151.79936814308167	1.6385171587886682	1.6
151.812255859375	1.6385171587886682	1.6
151.8274097442627	1.64098902760716	1.6
151.84006667137146	1.64098902760716	1.6
151.85257387161255	1.64098902760716	1.6
151.86581134796143	1.64098902760716	1.6
151.88114261627197	1.643788792548047	1.6
151.89606428146362	1.643788792548047	1.6
151.9115560054779	1.6477129660003615	1.6
151.92488646507263	1.6477129660003615	1.6
151.93782663345337	1.6477129660003615	1.6
151.95279097557068	1.6477129660003615	1.6
151.96600365638733	1.6517724945369783	1.6
151.98033475875854	1.6517724945369783	1.6
151.99486446380615	1.6550700261143614	1.6
152.00754594802856	1.6550700261143614	1.6
152.0207371711731	1.6550700261143614	1.6
152.03698897361755	1.65897863539026	1.6
152.05054926872253	1.65897863539026	1.6
152.06785011291504	1.6629205550635622	1.6
152.08126044273376	1.6629205550635622	1.6
152.09434127807617	1.6629205550635622	1.6
152.10763907432556	1.6629205550635622	1.6
152.1238431930542	1.6664927171411594	1.6
152.1363697052002	1.6664927171411594	1.6
152.15277314186096	1.6700238494512258	1.6
152.16537714004517	1.6700238494512258	1.6
152.17779636383057	1.6700238494512258	1.6
152.19427704811096	1.673387393476269	1.6
152.20705032348633	1.673387393476269	1.6
152.22024655342102	1.673387393476269	1.6
152.23376417160034	1.6758802733187952	1.6
152.246479511261	1.6758802733187952	1.6
152.2593491077423	1.6758802733187952	1.6
152.27409672737122	1.6776155042359921	1.6
152.28665232658386	1.6776155042359921	1.6
152.300217628479	1.6776155042359921	1.6
152.31448316574097	1.6786382815760046	1.6
152.32766127586365	1.6786382815760046	1.6
152.34012913703918	1.6786382815760046	1.6
152.35537886619568	1.6793077223262176	1.6
152.36788249015808	1.6793077223262176	1.6
152.38189482688904	1.6793077223262176	1.6
152.39604568481445	1.6803411102212684	1.6
152.40921640396118	1.6803411102212684	1.6
152.42213821411133	1.6803411102212684	1.6
152.4368679523468	1.6807454477403667	1.6
152.449556350708	1.6807454477403667	1.6
152.46483159065247	1.6807454477403667	1.6
152.47846031188965	1.681332923793292	1.6
152.49136757850647	1.681332923793292	1.6
152.50429892539978	1.681332923793292	1.6
152.5210244655609	1.681552218970597	1.6
152.53399205207825	1.681552218970597	1.6
152.54725790023804	1.681552218970597	1.6
152.5646002292633	1.6801098609900216	1.6
152.57734990119934	1.6801098609900216	1.6
152.59193062782288	1.6795390994990171	1.6
152.60543751716614	1.6795390994990171	1.6
152.6183843612671	1.6795390994990171	1.6
152.63127875328064	1.6795390994990171	1.6
152.6474187374115	1.6776901542317244	1.6
152.66108059883118	1.6776901542317244	1.6
152.67695689201355	1.6762113650204085	1.6
152.69070839881897	1.6762113650204085	1.6
152.7039294242859	1.6762113650204085	1.6
152.71953916549683	1.6762113650204085	1.6
152.73288106918335	1.6746648813127212	1.6
152.74645018577576	1.6746648813127212	1.6
152.7619309425354	1.6731603875808023	1.6
152.7750687599182	1.6731603875808023	1.6
152.7880790233612	1.6731603875808023	1.6
152.80390667915344	1.6710715362118322	1.6
152.81689286231995	1.6710715362118322	1.6
152.83111810684204	1.6710715362118322	1.6
152.84554958343506	1.6684789326440892	1.6
152.85857343673706	1.6684789326440892	1.6
152.87136340141296	1.6684789326440892	1.6
152.887375831604	1.6654601920818703	1.6
152.90039563179016	1.6654601920818703	1.6
152.91675901412964	1.6622678203577326	1.6
152.92953157424927	1.6622678203577326	1.6
152.94232773780823	1.6622678203577326	1.6
152.95570015907288	1.6622678203577326	1.6
152.97183179855347	1.6603914934160635	1.6
152.985422372818	1.6603914934160635	1.6
153.00125646591187	1.657199731628357	1.6
153.01387429237366	1.657199731628357	1.6
153.0268154144287	1.657199731628357	1.6
153.04146575927734	1.6555204611434076	1.6
153.05455803871155	1.6555204611434076	1.6
153.06786012649536	1.6555204611434076	1.6
153.08212423324585	1.653714831802013	1.6
153.09520435333252	1.653714831802013	1.6
153.10801219940186	1.653714831802013	1.6
153.12320971488953	1.6518017141894308	1.6
153.1360239982605	1.6518017141894308	1.6
153.15101432800293	1.6518017141894308	1.6
153.16465663909912	1.6502858994175138	1.6
153.17740988731384	1.6502858994175138	1.6
153.18992042541504	1.6502858994175138	1.6
153.20496368408203	1.6490792271912844	1.6
153.21795272827148	1.6490792271912844	1.6
153.2328245639801	1.6487064989217473	1.6
153.24642491340637	1.6487064989217473	1.6
153.25913882255554	1.6487064989217473	1.6
153.27181100845337	1.6487064989217473	1.6
153.28787541389465	1.6485516473382578	1.6
153.3007299900055	1.6485516473382578	1.6
153.31357598304749	1.6485516473382578	1.6
153.32895398139954	1.6487929244411834	1.6
153.3421061038971	1.6487929244411834	1.6
153.35660123825073	1.6487929244411834	1.6
153.37144923210144	1.6488670592934003	1.6
153.3843548297882	1.6488670592934003	1.6
153.39708399772644	1.6488670592934003	1.6
153.41270756721497	1.6495492430965613	1.6
153.42620539665222	1.6495492430965613	1.6
153.44140529632568	1.649909589309442	1.6
153.45501494407654	1.649909589309442	1.6
153.46767854690552	1.649909589309442	1.6
153.48062539100647	1.649909589309442	1.6
153.4963023662567	1.6509063675527327	1.6
153.50945258140564	1.6509063675527327	1.6
153.5260796546936	1.6522838010718772	1.6
153.53880667686462	1.6522838010718772	1.6
153.55165672302246	1.6522838010718772	1.6
153.56643223762512	1.6522838010718772	1.6
153.58061408996582	1.6536051053345187	1.6
153.59415793418884	1.6536051053345187	1.6
153.61028814315796	1.6546961750321352	1.6
153.62349462509155	1.6546961750321352	1.6
153.6367154121399	1.6546961750321352	1.6
153.65197563171387	1.6557005358697396	1.6
153.66499662399292	1.6557005358697396	1.6
153.68143367767334	1.6557005358697396	1.6
153.6955850124359	1.6568866183078712	1.6
153.7083511352539	1.6568866183078712	1.6
153.72119545936584	1.6568866183078712	1.6
153.73729515075684	1.6578391039713953	1.6
153.75104904174805	1.6578391039713953	1.6
153.76754713058472	1.658957191445515	1.6
153.78081727027893	1.658957191445515	1.6
153.79489636421204	1.658957191445515	1.6
153.8109529018402	1.6596397114904757	1.6
153.82378697395325	1.6596397114904757	1.6
153.83855485916138	1.6596397114904757	1.6
153.8517370223999	1.6608207135101616	1.6
153.86429142951965	1.6608207135101616	1.6
153.8768424987793	1.6608207135101616	1.6
153.89257049560547	1.6611161079447367	1.6
153.9051170349121	1.6611161079447367	1.6
153.92205238342285	1.6613750219232313	1.6
153.93481492996216	1.6613750219232313	1.6
153.94738793373108	1.6613750219232313	1.6
153.95994567871094	1.6613750219232313	1.6
153.97615909576416	1.6604361661238585	1.6
153.98964428901672	1.6604361661238585	1.6
154.00668692588806	1.6600259987033652	1.6
154.02010822296143	1.6600259987033652	1.6
154.0325632095337	1.6600259987033652	1.6
154.04748463630676	1.6600259987033652	1.6
154.06171369552612	1.6593792636318487	1.6
154.07446146011353	1.6593792636318487	1.6
154.08758902549744	1.6593792636318487	1.6
154.1032419204712	1.6587006830266322	1.6
154.11613392829895	1.6587006830266322	1.6
154.13200163841248	1.658113375740189	1.6
154.145605802536	1.658113375740189	1.6
154.15810441970825	1.658113375740189	1.6
154.1710889339447	1.658113375740189	1.6
154.18648099899292	1.6575236338138257	1.6
154.19979238510132	1.6575236338138257	1.6
154.21601033210754	1.6567915935963982	1.6
154.22932410240173	1.6567915935963982	1.6
154.24195981025696	1.6567915935963982	1.6
154.25658321380615	1.6567915935963982	1.6
154.26987409591675	1.6550025150843282	1.6
154.28264355659485	1.6550025150843282	1.6
154.297434091568	1.6528572126110663	1.6
154.3099331855774	1.6528572126110663	1.6
154.32254147529602	1.6528572126110663	1.6
154.33777928352356	1.65049748583511	1.6
154.35074496269226	1.65049748583511	1.6
154.36372017860413	1.65049748583511	1.6
154.378671169281	1.6484577708456662	1.6
154.39115476608276	1.6484577708456662	1.6
154.40362644195557	1.6484577708456662	1.6
154.42102909088135	1.6460507401490898	1.6
154.4349706172943	1.6460507401490898	1.6
154.45127201080322	1.643996726919659	1.6
154.46543312072754	1.643996726919659	1.6
154.47853088378906	1.643996726919659	1.6
154.49212431907654	1.643996726919659	1.6
154.5071256160736	1.6417198694814137	1.6
154.5200538635254	1.6417198694814137	1.6
154.53561282157898	1.638982265334538	1.6
154.54853224754333	1.638982265334538	1.6
154.56123614311218	1.638982265334538	1.6
154.5757188796997	1.638982265334538	1.6
154.58886241912842	1.6360477211937081	1.6
154.60212469100952	1.6360477211937081	1.6
154.6184344291687	1.633436467084369	1.6
154.63114714622498	1.633436467084369	1.6
154.64375567436218	1.633436467084369	1.6
154.66030883789062	1.6313677811365292	1.6
154.6728653907776	1.6313677811365292	1.6
154.68676590919495	1.6313677811365292	1.6
154.70026779174805	1.6299922551348245	1.6
154.71291589736938	1.6299922551348245	1.6
154.72570705413818	1.6299922551348245	1.6
154.74322485923767	1.6283618632667127	1.6
154.756769657135	1.6283618632667127	1.6
154.7718276977539	1.6273627147040621	1.6
154.78528785705566	1.6273627147040621	1.6
154.79857921600342	1.6273627147040621	1.6
154.81134605407715	1.6273627147040621	1.6
154.8276505470276	1.6256003948557687	1.6
154.84014320373535	1.6256003948557687	1.6
154.85428428649902	1.6256003948557687	1.6
154.86956071853638	1.62380297550093	1.6
154.88228273391724	1.62380297550093	1.6
154.89801406860352	1.6219470725359706	1.6
154.91084909439087	1.6219470725359706	1.6
154.9233739376068	1.6219470725359706	1.6
154.93581128120422	1.6219470725359706	1.6
154.95125222206116	1.6208166700900979	1.6
154.96517539024353	1.6208166700900979	1.6
154.98116898536682	1.619257223505609	1.6
154.99521946907043	1.619257223505609	1.6
155.0086784362793	1.619257223505609	1.6
155.02293992042542	1.619257223505609	1.6
155.03689050674438	1.618221436218787	1.6
155.05029249191284	1.618221436218787	1.6
155.06470274925232	1.6176351936328914	1.6
155.07749390602112	1.6176351936328914	1.6
155.08997988700867	1.6176351936328914	1.6
155.10430073738098	1.6176351936328914	1.6
155.1177954673767	1.6174167013790182	1.6
155.13171648979187	1.6174167013790182	1.6
155.14805841445923	1.6179952280690633	1.6
155.16057562828064	1.6179952280690633	1.6
155.17328119277954	1.6179952280690633	1.6
155.19031190872192	1.6184881785263034	1.6
155.2078835964203	1.6184881785263034	1.6
155.22388291358948	1.6197400570099916	1.6
155.23691129684448	1.6197400570099916	1.6
155.25023770332336	1.6197400570099916	1.6
155.26776003837585	1.6206318022930102	1.6
155.28039383888245	1.6206318022930102	1.6
155.2961437702179	1.6206318022930102	1.6
155.3102900981903	1.6215736008416315	1.6
155.32428622245789	1.6215736008416315	1.6
155.33782625198364	1.6215736008416315	1.6
155.35221672058105	1.6226865677810747	1.6
155.36505722999573	1.6226865677810747	1.6
155.3804030418396	1.624290704816063	1.6
155.3931736946106	1.624290704816063	1.6
155.40721011161804	1.624290704816063	1.6
155.42091369628906	1.624290704816063	1.6
155.43664813041687	1.6256163606890788	1.6
155.45189905166626	1.6256163606890788	1.6
155.4674370288849	1.6265860779674028	1.6
155.4800534248352	1.6265860779674028	1.6
155.49253678321838	1.6265860779674028	1.6
155.50853872299194	1.6261814098791856	1.6
155.52121901512146	1.6261814098791856	1.6
155.53514862060547	1.6261814098791856	1.6
155.5490744113922	1.6260973603237747	1.6
155.5615952014923	1.6260973603237747	1.6
155.57452154159546	1.6260973603237747	1.6
155.58927273750305	1.6250209770136401	1.6
155.60185885429382	1.6250209770136401	1.6
155.61566615104675	1.6250209770136401	1.6
155.6306700706482	1.6250209770136401	1.6
155.644926071167	1.6239874799409926	1.6
155.6579692363739	1.6239874799409926	1.6
155.67427468299866	1.6231764807312719	1.6
155.6868233680725	1.6231764807312719	1.6
155.69943046569824	1.6231764807312719	1.6
155.71589517593384	1.6227639084923375	1.6
155.72907876968384	1.6227639084923375	1.6
155.7435348033905	1.6227639084923375	1.6
155.75686264038086	1.6214162809928616	1.6
155.7706060409546	1.6214162809928616	1.6
155.7834005355835	1.6214162809928616	1.6
155.7996015548706	1.619629073111416	1.6
155.81214690208435	1.619629073111416	1.6
155.82813048362732	1.6176810807891246	1.6
155.84092712402344	1.6176810807891246	1.6
155.8536982536316	1.6176810807891246	1.6
155.86861276626587	1.6176810807891246	1.6
155.88413834571838	1.6150765428018015	1.6
155.89841961860657	1.6150765428018015	1.6
155.9141800403595	1.613458111498538	1.6
155.92682933807373	1.613458111498538	1.6
155.94016027450562	1.613458111498538	1.6
155.95696115493774	1.6110073631774635	1.6
155.9704749584198	1.6110073631774635	1.6
155.98536849021912	1.6092796484745613	1.6
155.99908876419067	1.6092796484745613	1.6
156.01209449768066	1.6092796484745613	1.6
156.02616167068481	1.6092796484745613	1.6
156.04261326789856	1.6079642202586377	1.6
156.0567090511322	1.6079642202586377	1.6
156.07212710380554	1.6066659456953107	1.6
156.08497381210327	1.6066659456953107	1.6
156.09834909439087	1.6066659456953107	1.6
156.11440634727478	1.6050504187889458	1.6
156.1281213760376	1.6050504187889458	1.6
156.14497804641724	1.6050504187889458	1.6
156.15840816497803	1.604474298295541	1.6
156.17108392715454	1.604474298295541	1.6
156.18358612060547	1.604474298295541	1.6
156.20050358772278	1.6036007451147092	1.6
156.2145745754242	1.6036007451147092	1.6
156.23151874542236	1.6024909203943938	1.6
156.24418544769287	1.6024909203943938	1.6
156.25739860534668	1.6024909203943938	1.6
156.2736678123474	1.6024909203943938	1.6
156.28693079948425	1.6021505057787646	1.6
156.29969835281372	1.6021505057787646	1.6
156.3123152256012	1.6021505057787646	1.6
156.3281488418579	1.602121653251838	1.6
156.3407108783722	1.602121653251838	1.6
156.35616755485535	1.6020843699161442	1.6
156.36932563781738	1.6020843699161442	1.6
156.38191628456116	1.6020843699161442	1.6
156.39520454406738	1.6020843699161442	1.6
156.41038823127747	1.6027316631191397	1.6
156.42323446273804	1.6027316631191397	1.6
156.4384069442749	1.602293240477179	1.6
156.45182967185974	1.602293240477179	1.6
156.46497559547424	1.602293240477179	1.6
156.47916960716248	1.602293240477179	1.6
156.4927167892456	1.6024631876663942	1.6
156.505628824234	1.6024631876663942	1.6
156.51983547210693	1.602830620877628	1.6
156.53240609169006	1.602830620877628	1.6
156.54585480690002	1.602830620877628	1.6
156.56031894683838	1.602830620877628	1.6
156.5742883682251	1.602961294385431	1.6
156.58703184127808	1.602961294385431	1.6
156.60154557228088	1.603996507948461	1.6
156.61394596099854	1.603996507948461	1.6
156.62647366523743	1.603996507948461	1.6
156.64170837402344	1.6052788447635238	1.6
156.6547064781189	1.6052788447635238	1.6
156.66814756393433	1.6052788447635238	1.6
156.68362188339233	1.6059102802786651	1.6
156.69681191444397	1.6059102802786651	1.6
156.70988154411316	1.6059102802786651	1.6
156.72634434700012	1.6060373111737127	1.6
156.73883056640625	1.6060373111737127	1.6
156.75424003601074	1.6064556734155455	1.6
156.76711201667786	1.6064556734155455	1.6
156.7798409461975	1.6064556734155455	1.6
156.79248809814453	1.6064556734155455	1.6
156.80863690376282	1.6066543253105892	1.6
156.8219187259674	1.6066543253105892	1.6
156.83821892738342	1.6069381058593712	1.6
156.8517029285431	1.6069381058593712	1.6
156.86524558067322	1.6069381058593712	1.6
156.88158583641052	1.6068455242706658	1.6
156.89551377296448	1.6068455242706658	1.6
156.90936517715454	1.6068455242706658	1.6
156.9229428768158	1.6071051928895812	1.6
156.93614172935486	1.6071051928895812	1.6
156.94904470443726	1.6071051928895812	1.6
156.96649193763733	1.6072094482456403	1.6
156.97904181480408	1.6072094482456403	1.6
156.9945273399353	1.607382953173176	1.6
157.00711679458618	1.607382953173176	1.6
157.02049851417542	1.607382953173176	1.6
157.03429770469666	1.607382953173176	1.6
157.0507321357727	1.608191003288222	1.6
157.06485557556152	1.608191003288222	1.6
157.07814979553223	1.608191003288222	1.6
157.09352660179138	1.608588008306182	1.6
157.10679936408997	1.608588008306182	1.6
157.12305855751038	1.6094813444787082	1.6
157.136705160141	1.6094813444787082	1.6
157.15010237693787	1.6094813444787082	1.6
157.16430020332336	1.6094813444787082	1.6
157.17980790138245	1.6102374887364115	1.6
157.19287586212158	1.6102374887364115	1.6
157.20847010612488	1.6110530501135383	1.6
157.22128224372864	1.6110530501135383	1.6
157.23395657539368	1.6110530501135383	1.6
157.24908781051636	1.6123785073340209	1.6
157.2616958618164	1.6123785073340209	1.6
157.27505779266357	1.6123785073340209	1.6
157.29010772705078	1.6127223714247403	1.6
157.30340600013733	1.6127223714247403	1.6
157.31632018089294	1.6127223714247403	1.6
157.33088755607605	1.6130305517403154	1.6
157.34363412857056	1.6130305517403154	1.6
157.3568320274353	1.6130305517403154	1.6
157.37300944328308	1.6131364015526177	1.6
157.38583040237427	1.6131364015526177	1.6
157.39850234985352	1.6131364015526177	1.6
157.41457676887512	1.6129900891716655	1.6
157.42729687690735	1.6129900891716655	1.6
157.4437437057495	1.6111375329470128	1.6
157.45624089241028	1.6111375329470128	1.6
157.4689221382141	1.6111375329470128	1.6
157.4823751449585	1.6111375329470128	1.6
157.49799251556396	1.6104693994172912	1.6
157.5109703540802	1.6104693994172912	1.6
157.528235912323	1.6096252134565603	1.6
157.5414173603058	1.6096252134565603	1.6
157.55426502227783	1.6096252134565603	1.6
157.5689034461975	1.607872767602076	1.6
157.5820770263672	1.607872767602076	1.6
157.59528303146362	1.607872767602076	1.6
157.61021208763123	1.605538913218997	1.6
157.6231484413147	1.605538913218997	1.6
157.63587379455566	1.605538913218997	1.6
157.6517035961151	1.6029272692561485	1.6
157.6647276878357	1.6029272692561485	1.6
157.68035221099854	1.6029272692561485	1.6
157.6945366859436	1.5995285601685123	1.6
157.70754504203796	1.5995285601685123	1.6
157.72108793258667	1.5995285601685123	1.6
157.73714399337769	1.5952130501950603	1.6
157.749915599823	1.5952130501950603	1.6
157.76573276519775	1.591543099853657	1.6
157.77851796150208	1.591543099853657	1.6
157.79173874855042	1.591543099853657	1.6
157.8059720993042	1.591543099853657	1.6
157.82058262825012	1.587690886565947	1.6
157.83315753936768	1.587690886565947	1.6
157.84601640701294	1.587690886565947	1.6
157.86332941055298	1.5847008043985031	1.6
157.87612462043762	1.5847008043985031	1.6
157.89110159873962	1.581360002491852	1.6
157.90486192703247	1.581360002491852	1.6
157.91795682907104	1.581360002491852	1.6
157.9316029548645	1.581360002491852	1.6
157.94643473625183	1.5780073467564153	1.6
157.95957446098328	1.5780073467564153	1.6
157.976336479187	1.5753832099898166	1.6
157.9895076751709	1.5753832099898166	1.6
158.00233435630798	1.5753832099898166	1.6
158.0207221508026	1.5729865101993306	1.6
158.03383684158325	1.5729865101993306	1.6
158.05029726028442	1.5712329206021702	1.6
158.06373929977417	1.5712329206021702	1.6
158.07704091072083	1.5712329206021702	1.6
158.09016132354736	1.5712329206021702	1.6
158.1059980392456	1.570739787820082	1.6
158.11903071403503	1.570739787820082	1.6
158.1343710422516	1.5707211648254296	1.6
158.14821672439575	1.5707211648254296	1.6
158.16105198860168	1.5707211648254296	1.6
158.1760082244873	1.5707211648254296	1.6
158.18905472755432	1.5701254654790244	1.6
158.20259952545166	1.5701254654790244	1.6
158.21857929229736	1.5701551680208434	1.6
158.23154711723328	1.5701551680208434	1.6
158.2440629005432	1.5701551680208434	1.6
158.2611632347107	1.5704106713041912	1.6
158.27440357208252	1.5704106713041912	1.6
158.28898906707764	1.5710354824467787	1.6
158.3021547794342	1.5710354824467787	1.6
158.31522226333618	1.5710354824467787	1.6
158.32772397994995	1.5710354824467787	1.6
158.34312438964844	1.5715506450011465	1.6
158.35558676719666	1.5715506450011465	1.6
158.3711576461792	1.5726587722957686	1.6
158.38363933563232	1.5726587722957686	1.6
158.3963921070099	1.5726587722957686	1.6
158.41143774986267	1.5726587722957686	1.6
158.42668342590332	1.5740511170402594	1.6
158.43957948684692	1.5740511170402594	1.6
158.45587992668152	1.5750642977305367	1.6
158.46848011016846	1.5750642977305367	1.6
158.4817452430725	1.5750642977305367	1.6
158.4970405101776	1.5771118614759834	1.6
158.51102352142334	1.5771118614759834	1.6
158.52520608901978	1.5771118614759834	1.6
158.54054760932922	1.578702136799788	1.6
158.55353450775146	1.578702136799788	1.6
158.56658959388733	1.578702136799788	1.6
158.58169031143188	1.5805915011544853	1.6
158.59507060050964	1.5805915011544853	1.6
158.6079444885254	1.5805915011544853	1.6
158.6223475933075	1.5805915011544853	1.6
158.63565182685852	1.5820943537740826	1.6
158.64906358718872	1.5820943537740826	1.6
158.66534113883972	1.5829942429491533	1.6
158.67801332473755	1.5829942429491533	1.6
158.69082736968994	1.5829942429491533	1.6
158.70612287521362	1.5838234096158201	1.6
158.7191140651703	1.5838234096158201	1.6
158.73333311080933	1.5838234096158201	1.6
158.74824023246765	1.5849526233561397	1.6
158.7611265182495	1.5849526233561397	1.6
158.77378582954407	1.5849526233561397	1.6
158.7912096977234	1.5854640995159337	1.6
158.80385828018188	1.5854640995159337	1.6
158.820707321167	1.585893870004066	1.6
158.83351063728333	1.585893870004066	1.6
158.84645748138428	1.585893870004066	1.6
158.86009049415588	1.585893870004066	1.6
158.87534761428833	1.586550788685385	1.6
158.88860821723938	1.586550788685385	1.6
158.9042432308197	1.5863750336996296	1.6
158.9171576499939	1.5863750336996296	1.6
158.9301154613495	1.5863750336996296	1.6
158.94583773612976	1.5858851199816073	1.6
158.95931792259216	1.5858851199816073	1.6
158.97276711463928	1.5858851199816073	1.6
158.98824644088745	1.5855368955863423	1.6
159.00138330459595	1.5855368955863423	1.6
159.01430869102478	1.5855368955863423	1.6
159.02936601638794	1.584960270461405	1.6
159.04278755187988	1.584960270461405	1.6
159.05763220787048	1.5844308273897272	1.6
159.07091426849365	1.5844308273897272	1.6
159.08340907096863	1.5844308273897272	1.6
159.09696006774902	1.5844308273897272	1.6
159.1115860939026	1.583288195275906	1.6
159.12450456619263	1.583288195275906	1.6
159.14048218727112	1.5819232536167673	1.6
159.1536853313446	1.5819232536167673	1.6
159.16662907600403	1.5819232536167673	1.6
159.1800103187561	1.5819232536167673	1.6
159.19511318206787	1.5796986765818835	1.6
159.20753955841064	1.5796986765818835	1.6
159.22378182411194	1.5778017435014413	1.6
159.2365584373474	1.5778017435014413	1.6
159.24954104423523	1.5778017435014413	1.6
159.26409530639648	1.5778017435014413	1.6
159.2770938873291	1.5752636015448305	1.6
159.28987050056458	1.5752636015448305	1.6
159.30457878112793	1.5731322686184979	1.6
159.31700110435486	1.5731322686184979	1.6
159.3297791481018	1.5731322686184979	1.6
159.34616827964783	1.5716847954419335	1.6
159.3588831424713	1.5716847954419335	1.6
159.37178230285645	1.5716847954419335	1.6
159.38611507415771	1.5716847954419335	1.6
159.40142560005188	1.5699597423553977	1.6
159.41440296173096	1.5699597423553977	1.6
159.43026208877563	1.56811134521922	1.6
159.44306468963623	1.56811134521922	1.6
159.45553612709045	1.56811134521922	1.6
159.47034621238708	1.56811134521922	1.6
159.4838466644287	1.5674266692146095	1.6
159.4973165988922	1.5674266692146095	1.6
159.5135555267334	1.5670489041321691	1.6
159.52876901626587	1.5670489041321691	1.6
159.54160237312317	1.5670489041321691	1.6
159.55771589279175	1.5664228818637946	1.6
159.5707130432129	1.5664228818637946	1.6
159.58597874641418	1.5664162965559112	1.6
159.5991268157959	1.5664162965559112	1.6
159.61223816871643	1.5664162965559112	1.6
159.62616968154907	1.5664162965559112	1.6
159.64126873016357	1.5662543101086375	1.6
159.65433526039124	1.5662543101086375	1.6
159.66918230056763	1.5666119890226864	1.6
159.68222188949585	1.5666119890226864	1.6
159.695081949234	1.5666119890226864	1.6
159.7101390361786	1.5666119890226864	1.6
159.72451210021973	1.5666199953879056	1.6
159.73790192604065	1.5666199953879056	1.6
159.7534942626953	1.5667156726472584	1.6
159.76624202728271	1.5667156726472584	1.6
159.7787983417511	1.5667156726472584	1.6
159.79633045196533	1.5669646184541006	1.6
159.80961084365845	1.5669646184541006	1.6
159.8266658782959	1.56749963179989	1.6
159.83969974517822	1.56749963179989	1.6
159.85277843475342	1.56749963179989	1.6
159.8660819530487	1.56749963179989	1.6
159.88136434555054	1.5677806332715603	1.6
159.89551329612732	1.5677806332715603	1.6
159.91151905059814	1.568095097984347	1.6
159.92442512512207	1.568095097984347	1.6
159.93746280670166	1.568095097984347	1.6
159.95322799682617	1.5688110254912933	1.6
159.96875929832458	1.5688110254912933	1.6
159.99041628837585	1.5698890057541146	1.6
160.00920367240906	1.5698890057541146	1.6
160.02260184288025	1.5698890057541146	1.6
160.03975987434387	1.5707477248448587	1.6
160.0540487766266	1.5707477248448587	1.6
160.07140564918518	1.571497926463218	1.6
160.08470225334167	1.571497926463218	1.6
160.0980577468872	1.571497926463218	1.6
160.11583137512207	1.5720610700077906	1.6
160.13418793678284	1.5720610700077906	1.6
160.1479148864746	1.5720610700077906	1.6
160.16488647460938	1.5724477376408443	1.6
160.17824268341064	1.5724477376408443	1.6
160.19358897209167	1.5724477376408443	1.6
160.2069981098175	1.5732678167566092	1.6
160.2196946144104	1.5732678167566092	1.6
160.23283529281616	1.5732678167566092	1.6
160.24882292747498	1.573779501706247	1.6
160.26249194145203	1.573779501706247	1.6
160.27791452407837	1.5741213358090478	1.6
160.29104852676392	1.5741213358090478	1.6
160.30407881736755	1.5741213358090478	1.6
160.31912112236023	1.5741213358090478	1.6
160.33247065544128	1.5741493778163325	1.6
160.3454282283783	1.5741493778163325	1.6
160.35985255241394	1.5742651942451207	1.6
160.3730490207672	1.5742651942451207	1.6
160.3859519958496	1.5742651942451207	1.6
160.40159273147583	1.5742651942451207	1.6
160.415180683136	1.5744872013642515	1.6
160.43001055717468	1.5744872013642515	1.6
160.44558262825012	1.5748924396684518	1.6
160.4587905406952	1.5748924396684518	1.6
160.47210144996643	1.5748924396684518	1.6
160.4886190891266	1.575250103104727	1.6
160.502259016037	1.575250103104727	1.6
160.5183823108673	1.5758266947172168	1.6
160.53197073936462	1.5758266947172168	1.6
160.54519510269165	1.5758266947172168	1.6
160.5623381137848	1.576546408874584	1.6
160.57629871368408	1.576546408874584	1.6
160.59224700927734	1.576546408874584	1.6
160.6056408882141	1.5768774012718212	1.6
160.62028241157532	1.5768774012718212	1.6
160.63305616378784	1.5768774012718212	1.6
160.64741921424866	1.5774466117864225	1.6
160.6606526374817	1.5774466117864225	1.6
160.67680501937866	1.5781247728527037	1.6
160.68988299369812	1.5781247728527037	1.6
160.70245385169983	1.5781247728527037	1.6
160.71613121032715	1.5781247728527037	1.6
160.73188185691833	1.577855876916382	1.6
160.7467062473297	1.577855876916382	1.6
160.76105308532715	1.5775762093265735	1.6
160.7743217945099	1.5775762093265735	1.6
160.78723621368408	1.5775762093265735	1.6
160.80397582054138	1.5766856178400201	1.6
160.81682968139648	1.5766856178400201	1.6
160.82949352264404	1.5766856178400201	1.6
160.84551119804382	1.5766856178400201	1.6
160.86276745796204	1.575475509865799	1.6
160.88527250289917	1.5742788898413045	1.6
160.9065763950348	1.5742788898413045	1.6
160.92161417007446	1.5742788898413045	1.6
160.9385449886322	1.5728953634335177	1.6
160.95316004753113	1.5728953634335177	1.6
160.9697847366333	1.571468650802842	1.6
160.983726978302	1.571468650802842	1.6
160.9969038963318	1.571468650802842	1.6
161.01516699790955	1.5696213780886386	1.6
161.0302073955536	1.5696213780886386	1.6
161.04959225654602	1.5667896258564955	1.6
161.0646529197693	1.5667896258564955	1.6
161.07792448997498	1.5667896258564955	1.6
161.09416675567627	1.5641480677653754	1.6
161.10784721374512	1.5641480677653754	1.6
161.12649059295654	1.5625099876953827	1.6
161.14027452468872	1.5625099876953827	1.6
161.15477466583252	1.5625099876953827	1.6
161.17232036590576	1.5599840694922869	1.6
161.18640756607056	1.5599840694922869	1.6
161.20358800888062	1.5577068732235169	1.6
161.21705651283264	1.5577068732235169	1.6
161.23052763938904	1.5577068732235169	1.6
161.24463081359863	1.5577068732235169	1.6
161.25924396514893	1.5555491427602137	1.6
161.27280855178833	1.5555491427602137	1.6
161.28892517089844	1.5533618541792293	1.6
161.30213260650635	1.5533618541792293	1.6
161.31509947776794	1.5533618541792293	1.6
161.33029651641846	1.551522038134134	1.6
161.3434751033783	1.551522038134134	1.6
161.35823702812195	1.551522038134134	1.6
161.3737211227417	1.5497678117857698	1.6
161.38670921325684	1.5497678117857698	1.6
161.40044260025024	1.5497678117857698	1.6
161.4179503917694	1.5485851521202392	1.6
161.4309754371643	1.5485851521202392	1.6
161.44603276252747	1.5484551065275338	1.6
161.45962858200073	1.5484551065275338	1.6
161.47289085388184	1.5484551065275338	1.6
161.48788952827454	1.5484551065275338	1.6
161.5019211769104	1.547931891671794	1.6
161.51669073104858	1.547931891671794	1.6
161.5311312675476	1.547536370680838	1.6
161.54424047470093	1.547536370680838	1.6
161.55747938156128	1.547536370680838	1.6
161.57248854637146	1.5481049421094093	1.6
161.58567929267883	1.5481049421094093	1.6
161.5990867614746	1.5481049421094093	1.6
161.61417412757874	1.5481049421094093	1.6
161.62870526313782	1.5487643868412173	1.6
161.64221382141113	1.5487643868412173	1.6
161.65860891342163	1.5495443003292917	1.6
161.6721432209015	1.5495443003292917	1.6
161.684800863266	1.5495443003292917	1.6
161.70001220703125	1.550576728478066	1.6
161.71316194534302	1.550576728478066	1.6
161.72860383987427	1.550576728478066	1.6
161.74239301681519	1.5517731106821882	1.6
161.75541138648987	1.5517731106821882	1.6
161.76918864250183	1.5517731106821882	1.6
161.78530406951904	1.5540382488437663	1.6
161.79815936088562	1.5540382488437663	1.6
161.81454920768738	1.555957186099387	1.6
161.82781386375427	1.555957186099387	1.6
161.8409719467163	1.555957186099387	1.6
161.85572052001953	1.555957186099387	1.6
161.86906933784485	1.5580535412159016	1.6
161.88365769386292	1.5580535412159016	1.6
161.90062260627747	1.5602304301047905	1.6
161.9160511493683	1.5602304301047905	1.6
161.92998909950256	1.5602304301047905	1.6
161.9460380077362	1.562887809178605	1.6
161.95914697647095	1.562887809178605	1.6
161.97611284255981	1.5661934040276795	1.6
161.98973989486694	1.5661934040276795	1.6
162.0086534023285	1.5661934040276795	1.6
162.03057193756104	1.5693741035596291	1.6
162.0505588054657	1.572399131717386	1.6
162.06993579864502	1.572399131717386	1.6
162.08993291854858	1.572399131717386	1.6
162.11043119430542	1.5746530585747167	1.6
162.13194942474365	1.5770963924126036	1.6
162.14753317832947	1.5770963924126036	1.6
162.16162371635437	1.5770963924126036	1.6
162.1785008907318	1.5780823082582682	1.6
162.19290971755981	1.5780823082582682	1.6
162.20939588546753	1.5780823082582682	1.6
162.224191904068	1.5791819353539291	1.6
162.23759722709656	1.5791819353539291	1.6
162.25455164909363	1.5791819353539291	1.6
162.27033591270447	1.5802240470963533	1.6
162.28609108924866	1.5802240470963533	1.6
162.30235624313354	1.580955004543162	1.6
162.31611037254333	1.580955004543162	1.6
162.32996797561646	1.580955004543162	1.6
162.34484243392944	1.581479512942808	1.6
162.3582682609558	1.581479512942808	1.6
162.37159729003906	1.581479512942808	1.6
162.38806867599487	1.580310285814448	1.6
162.40173387527466	1.580310285814448	1.6
162.41886067390442	1.5788983334334958	1.6
162.43225765228271	1.5788983334334958	1.6
162.44897317886353	1.5788983334334958	1.6
162.47268080711365	1.5771901637529442	1.6
162.4958050251007	1.5771901637529442	1.6
162.51629281044006	1.5762725526418329	1.6
162.53521871566772	1.5762725526418329	1.6
162.55658316612244	1.5747376051356727	1.6
162.58134698867798	1.5721989286783937	1.6
162.60451912879944	1.5721989286783937	1.6
162.62752628326416	1.5696657399970486	1.6
162.6516888141632	1.5696657399970486	1.6
162.67559671401978	1.5661418466454289	1.6
162.69747638702393	1.5661418466454289	1.6
162.7212905883789	1.5630342507805413	1.6
162.74497866630554	1.5596527844992312	1.6
162.75923681259155	1.5596527844992312	1.6
162.77274203300476	1.5596527844992312	1.6
162.78780555725098	1.557626413896965	1.6
162.80375909805298	1.557626413896965	1.6
162.8216850757599	1.5553331321996238	1.6
162.83614468574524	1.5553331321996238	1.6
162.8499777317047	1.5553331321996238	1.6
162.86526203155518	1.5553331321996238	1.6
162.8789632320404	1.553344266121218	1.6
162.89318990707397	1.553344266121218	1.6
162.90855312347412	1.5512524741157978	1.6
162.92123007774353	1.5512524741157978	1.6
162.93579077720642	1.5512524741157978	1.6
162.95836520195007	1.5489170042798466	1.6
162.97861695289612	1.5474717169869825	1.6
162.9934151172638	1.5474717169869825	1.6
163.0090847015381	1.5474717169869825	1.6
163.02739882469177	1.5463103637999398	1.6
163.0448989868164	1.5463103637999398	1.6
163.06301021575928	1.5460507999715187	1.6
163.07700753211975	1.5460507999715187	1.6
163.09026741981506	1.5460507999715187	1.6
163.106618642807	1.544067502492162	1.6
163.12021255493164	1.544067502492162	1.6
163.13310432434082	1.544067502492162	1.6
163.149174451828	1.544067502492162	1.6
163.16504955291748	1.5425107318256808	1.6
163.17897176742554	1.5425107318256808	1.6
163.19303822517395	1.5404339247401375	1.6
163.20628571510315	1.5404339247401375	1.6
163.2194049358368	1.5404339247401375	1.6
163.2347376346588	1.5390010590015817	1.6
163.24758076667786	1.5390010590015817	1.6
163.26158380508423	1.5390010590015817	1.6
163.27603363990784	1.5378524506558267	1.6
163.28876900672913	1.5378524506558267	1.6
163.30154156684875	1.5378524506558267	1.6
163.31731629371643	1.536253312922685	1.6
163.33059644699097	1.536253312922685	1.6
163.3468780517578	1.5351269545037887	1.6
163.3597114086151	1.5351269545037887	1.6
163.372385263443	1.5351269545037887	1.6
163.3858859539032	1.5351269545037887	1.6
163.4003040790558	1.5347182316889838	1.6
163.41308760643005	1.5347182316889838	1.6
163.4285373687744	1.5345700717822237	1.6
163.44132781028748	1.5345700717822237	1.6
163.45425248146057	1.5345700717822237	1.6
163.46831035614014	1.5345700717822237	1.6
163.48347735404968	1.5343099832859062	1.6
163.49721384048462	1.5343099832859062	1.6
163.51160883903503	1.535298605080778	1.6
163.5246069431305	1.535298605080778	1.6
163.5377902984619	1.535298605080778	1.6
163.55363392829895	1.535298605080778	1.6
163.56668949127197	1.5358433402169749	1.6
163.58043885231018	1.5358433402169749	1.6
163.59557342529297	1.5364192670385335	1.6
163.6080994606018	1.5364192670385335	1.6
163.62058806419373	1.5364192670385335	1.6
163.63573670387268	1.536955886696653	1.6
163.6488847732544	1.536955886696653	1.6
163.6651120185852	1.536955886696653	1.6
163.6781930923462	1.5368597677249438	1.6
163.69154858589172	1.5368597677249438	1.6
163.7040638923645	1.5368597677249438	1.6
163.7195918560028	1.5373280030190615	1.6
163.73229908943176	1.5373280030190615	1.6
163.74818229675293	1.5380401951704927	1.6
163.76112246513367	1.5380401951704927	1.6
163.7749321460724	1.5380401951704927	1.6
163.78985357284546	1.5380401951704927	1.6
163.80423164367676	1.5383769342308902	1.6
163.81834030151367	1.5383769342308902	1.6
163.83488583564758	1.53793733953593	1.6
163.84934043884277	1.53793733953593	1.6
163.8626503944397	1.53793733953593	1.6
163.87850189208984	1.5377448665434572	1.6
163.8918218612671	1.5377448665434572	1.6
163.90472984313965	1.5377448665434572	1.6
163.9207775592804	1.5377448665434572	1.6
163.93384671211243	1.53761721960706	1.6
163.9470088481903	1.53761721960706	1.6
163.96244144439697	1.5377459455565856	1.6
163.9758105278015	1.5377459455565856	1.6
163.9883575439453	1.5377459455565856	1.6
164.00555634498596	1.5376074037135372	1.6
164.01841735839844	1.5376074037135372	1.6
164.03265261650085	1.5376074037135372	1.6
164.04689240455627	1.5365025998104844	1.6
164.06078004837036	1.5365025998104844	1.6
164.07440495491028	1.5365025998104844	1.6
164.08941435813904	1.5352192360797787	1.6
164.10199618339539	1.5352192360797787	1.6
164.11693477630615	1.5338858169181022	1.6
164.13068175315857	1.5338858169181022	1.6
164.14511895179749	1.5338858169181022	1.6
164.1608362197876	1.5314976468326322	1.6
164.17496156692505	1.5314976468326322	1.6
164.18986678123474	1.5314976468326322	1.6
164.20464539527893	1.529247552199005	1.6
164.21839690208435	1.529247552199005	1.6
164.2328004837036	1.529247552199005	1.6
164.24804091453552	1.5264866041492098	1.6
164.26244974136353	1.5264866041492098	1.6
164.27867364883423	1.52363754440895	1.6
164.29265689849854	1.52363754440895	1.6
164.30551385879517	1.52363754440895	1.6
164.32083797454834	1.52363754440895	1.6
164.3338475227356	1.5208419939536584	1.6
164.34669613838196	1.5208419939536584	1.6
164.36111688613892	1.5180585127287283	1.6
164.37457847595215	1.5180585127287283	1.6
164.38793635368347	1.5180585127287283	1.6
164.40471029281616	1.5149968879841358	1.6
164.4173662662506	1.5149968879841358	1.6
164.4319303035736	1.5149968879841358	1.6
164.44578647613525	1.5126369769113437	1.6
164.45823884010315	1.5126369769113437	1.6
164.4706883430481	1.5126369769113437	1.6
164.48555898666382	1.5106770936228993	1.6
164.49855661392212	1.5106770936228993	1.6
164.513840675354	1.5106770936228993	1.6
164.5268521308899	1.5087525674293845	1.6
164.5394115447998	1.5087525674293845	1.6
164.55235314369202	1.5087525674293845	1.6
164.5676712989807	1.5075697087228475	1.6
164.58015418052673	1.5075697087228475	1.6
164.59604144096375	1.5057290632808402	1.6
164.6090281009674	1.5057290632808402	1.6
164.6216540336609	1.5057290632808402	1.6
164.63654112815857	1.5057290632808402	1.6
164.65130400657654	1.504756676917204	1.6
164.66386914253235	1.504756676917204	1.6
164.67711758613586	1.504756676917204	1.6
164.69242525100708	1.5039226556881538	1.6
164.70774030685425	1.5039226556881538	1.6
164.72412610054016	1.5035680151356232	1.6
164.73680186271667	1.5035680151356232	1.6
164.75031924247742	1.5035680151356232	1.6
164.7645514011383	1.5035680151356232	1.6
164.77818894386292	1.5031377607283691	1.6
164.79072070121765	1.5031377607283691	1.6
164.8062608242035	1.5035339194864528	1.6
164.81888127326965	1.5035339194864528	1.6
164.8317301273346	1.5035339194864528	1.6
164.846919298172	1.5035339194864528	1.6
164.8612027168274	1.5040296224964862	1.6
164.87473821640015	1.5040296224964862	1.6
164.88965487480164	1.5056871120894557	1.6
164.9023036956787	1.5056871120894557	1.6
164.91500401496887	1.5056871120894557	1.6
164.93033599853516	1.5072388680296052	1.6
164.94360446929932	1.5072388680296052	1.6
164.9574544429779	1.5072388680296052	1.6
164.97356867790222	1.509845651367067	1.6
164.98617458343506	1.509845651367067	1.6
164.9992163181305	1.509845651367067	1.6
165.01615524291992	1.513602900956926	1.6
165.02914261817932	1.513602900956926	1.6
165.04462575912476	1.5176442917705502	1.6
165.05763387680054	1.5176442917705502	1.6
165.07111930847168	1.5176442917705502	1.6
165.08487701416016	1.5176442917705502	1.6
165.1009955406189	1.521912324267206	1.6
165.12113499641418	1.521912324267206	1.6
165.13766145706177	1.5257120136274225	1.6
165.15694189071655	1.5257120136274225	1.6
165.17580008506775	1.5303440968328523	1.6
165.19532990455627	1.5303440968328523	1.6
165.21395134925842	1.535664415287083	1.6
165.23356795310974	1.535664415287083	1.6
165.24996376037598	1.535664415287083	1.6
165.26438164710999	1.5423014813069493	1.6
165.27948832511902	1.5423014813069493	1.6
165.29410600662231	1.5481151670220477	1.6
165.30763459205627	1.5481151670220477	1.6
165.32295775413513	1.5481151670220477	1.6
165.3388855457306	1.5539992630304962	1.6
165.3526735305786	1.5539992630304962	1.6
165.36627888679504	1.5539992630304962	1.6
165.3816032409668	1.5597341143458476	1.6
165.39583325386047	1.5597341143458476	1.6
165.41606521606445	1.5650311445272214	1.6
165.43381571769714	1.5650311445272214	1.6
165.4500229358673	1.5650311445272214	1.6
165.46617650985718	1.5696601296345034	1.6
165.47948002815247	1.5696601296345034	1.6
165.49593448638916	1.5746239183668977	1.6
165.51254796981812	1.5746239183668977	1.6
165.5267722606659	1.5746239183668977	1.6
165.54204440116882	1.579702131053465	1.6
165.5548758506775	1.579702131053465	1.6
165.57076263427734	1.584449448900521	1.6
165.5836169719696	1.584449448900521	1.6
165.5964071750641	1.584449448900521	1.6
165.6106584072113	1.584449448900521	1.6
165.6255202293396	1.5883046184030327	1.6
165.6381549835205	1.5883046184030327	1.6
165.65351223945618	1.5908759178843321	1.6
165.66645431518555	1.5908759178843321	1.6
165.67938351631165	1.5908759178843321	1.6
165.69497871398926	1.5908759178843321	1.6
165.70888304710388	1.5929424612771548	1.6
165.72217774391174	1.5929424612771548	1.6
165.73701286315918	1.5954164937081383	1.6
165.74975275993347	1.5954164937081383	1.6
165.76260995864868	1.5954164937081383	1.6
165.7781617641449	1.596212984948782	1.6
165.79138374328613	1.596212984948782	1.6
165.80583453178406	1.596212984948782	1.6
165.82109451293945	1.5970674721554596	1.6
165.83382272720337	1.5970674721554596	1.6
165.8468849658966	1.5970674721554596	1.6
165.86209392547607	1.5981789503802344	1.6
165.87918281555176	1.5981789503802344	1.6
165.89395689964294	1.5978121887523276	1.6
165.90754866600037	1.5978121887523276	1.6
165.9202036857605	1.5978121887523276	1.6
165.93572354316711	1.5978121887523276	1.6
165.95009636878967	1.597502293500931	1.6
165.9644284248352	1.597502293500931	1.6
165.97894382476807	1.596767445265012	1.6
165.9920220375061	1.596767445265012	1.6
166.00516390800476	1.596767445265012	1.6
166.02117276191711	1.5949541651868173	1.6
166.03373885154724	1.5949541651868173	1.6
166.0505611896515	1.5933312271104012	1.6
166.0645158290863	1.5933312271104012	1.6
166.07804155349731	1.5933312271104012	1.6
166.09151554107666	1.5933312271104012	1.6
166.10635352134705	1.5923755228607377	1.6
166.11962056159973	1.5923755228607377	1.6
166.13289618492126	1.5923755228607377	1.6
166.1494140625	1.590943420914999	1.6
166.1625759601593	1.590943420914999	1.6
166.1785295009613	1.5901513864947092	1.6
166.19146871566772	1.5901513864947092	1.6
166.20395970344543	1.5901513864947092	1.6
166.21737551689148	1.5901513864947092	1.6
166.23188138008118	1.589223471480545	1.6
166.24485158920288	1.589223471480545	1.6
166.25972628593445	1.5884438137725554	1.6
166.2730679512024	1.5884438137725554	1.6
166.2862844467163	1.5884438137725554	1.6
166.3010275363922	1.5884438137725554	1.6
166.3143482208252	1.5886560446742055	1.6
166.32730317115784	1.5886560446742055	1.6
166.34225153923035	1.5891648051017537	1.6
166.35511541366577	1.5891648051017537	1.6
166.36804389953613	1.5891648051017537	1.6
166.38336396217346	1.5891648051017537	1.6
166.39656901359558	1.590324491670596	1.6
166.40978956222534	1.590324491670596	1.6
166.42358827590942	1.5930720143292063	1.6
166.43675661087036	1.5930720143292063	1.6
166.44949626922607	1.5930720143292063	1.6
166.4658808708191	1.5960079853436993	1.6
166.47917580604553	1.5960079853436993	1.6
166.4941689968109	1.5960079853436993	1.6
166.50777339935303	1.598615532340072	1.6
166.52084040641785	1.598615532340072	1.6
166.53328943252563	1.598615532340072	1.6
166.54950213432312	1.6012836435372821	1.6
166.56251168251038	1.6012836435372821	1.6
166.57708621025085	1.6038217643327228	1.6
166.59034752845764	1.6038217643327228	1.6
166.6035270690918	1.6038217643327228	1.6
166.61707758903503	1.6038217643327228	1.6
166.63214087486267	1.6064736317360377	1.6
166.64512300491333	1.6064736317360377	1.6
166.6613314151764	1.6093193862016093	1.6
166.67951369285583	1.6093193862016093	1.6
166.69339275360107	1.6093193862016093	1.6
166.708238363266	1.612183378466328	1.6
166.72150206565857	1.612183378466328	1.6
166.73614358901978	1.612183378466328	1.6
166.75056886672974	1.6152537990044622	1.6
166.7635099887848	1.6152537990044622	1.6
166.7773196697235	1.6152537990044622	1.6
166.79245615005493	1.6176692927671845	1.6
166.8052818775177	1.6176692927671845	1.6
166.82051467895508	1.6197333604286321	1.6
166.83351945877075	1.6197333604286321	1.6
166.84668397903442	1.6197333604286321	1.6
166.86082363128662	1.6197333604286321	1.6
166.87572073936462	1.6215259335511618	1.6
166.8883924484253	1.6215259335511618	1.6
166.9015758037567	1.6215259335511618	1.6
166.91834235191345	1.6241083651668589	1.6
166.93143486976624	1.6241083651668589	1.6
166.9467282295227	1.6265292519973797	1.6
166.9600009918213	1.6265292519973797	1.6
166.9731776714325	1.6265292519973797	1.6
166.98744297027588	1.6265292519973797	1.6
167.001549243927	1.6290960422235066	1.6
167.01433968544006	1.6290960422235066	1.6
167.02909660339355	1.6315691215989034	1.6
167.04299306869507	1.6315691215989034	1.6
167.05540776252747	1.6315691215989034	1.6
167.06985187530518	1.6315691215989034	1.6
167.0830647945404	1.633745969439659	1.6
167.09635066986084	1.633745969439659	1.6
167.11088681221008	1.6355851636875474	1.6
167.12410521507263	1.6355851636875474	1.6
167.13715839385986	1.6355851636875474	1.6
167.15289688110352	1.636884098561497	1.6
167.16548466682434	1.636884098561497	1.6
167.17950534820557	1.636884098561497	1.6
167.1956651210785	1.6382389541703115	1.6
167.20943117141724	1.6382389541703115	1.6
167.22215223312378	1.6382389541703115	1.6
167.2392909526825	1.6384371349614466	1.6
167.25276279449463	1.6384371349614466	1.6
167.26746153831482	1.6394805673164932	1.6
167.28086924552917	1.6394805673164932	1.6
167.29395484924316	1.6394805673164932	1.6
167.30836486816406	1.6394805673164932	1.6
167.3232283592224	1.6394034556213761	1.6
167.33642101287842	1.6394034556213761	1.6
167.35222458839417	1.639157486186635	1.6
167.3647587299347	1.639157486186635	1.6
167.37715125083923	1.639157486186635	1.6
167.39423871040344	1.6388641575474465	1.6
167.40734457969666	1.6388641575474465	1.6
167.42277264595032	1.6388641575474465	1.6
167.43590998649597	1.637363933932577	1.6
167.44912195205688	1.637363933932577	1.6
167.4622859954834	1.637363933932577	1.6
167.47694873809814	1.6359472255929604	1.6
167.48981761932373	1.6359472255929604	1.6
167.50546383857727	1.6337363970020777	1.6
167.51828956604004	1.6337363970020777	1.6
167.53121376037598	1.6337363970020777	1.6
167.5438334941864	1.6337363970020777	1.6
167.5593101978302	1.631129284770783	1.6
167.57258343696594	1.631129284770783	1.6
167.58856177330017	1.6286076815626191	1.6
167.60161423683167	1.6286076815626191	1.6
167.6144962310791	1.6286076815626191	1.6
167.62934041023254	1.6286076815626191	1.6
167.64365911483765	1.6264460940070335	1.6
167.6560242176056	1.6264460940070335	1.6
167.6684923171997	1.6264460940070335	1.6
167.68387007713318	1.62370140073776	1.6
167.69655752182007	1.62370140073776	1.6
167.71170353889465	1.6207425267180184	1.6
167.72486066818237	1.6207425267180184	1.6
167.7372329235077	1.6207425267180184	1.6
167.74998927116394	1.6207425267180184	1.6
167.76471543312073	1.6172959759151813	1.6
167.77716732025146	1.6172959759151813	1.6
167.79209113121033	1.6172959759151813	1.6
167.80525469779968	1.6144939259336095	1.6
167.81818556785583	1.6144939259336095	1.6
167.8311061859131	1.6144939259336095	1.6
167.84606099128723	1.612180740781464	1.6
167.85901641845703	1.612180740781464	1.6
167.87423634529114	1.6094353705688444	1.6
167.8875093460083	1.6094353705688444	1.6
167.90133810043335	1.6094353705688444	1.6
167.91536688804626	1.6094353705688444	1.6
167.9306640625	1.6075637719448057	1.6
167.94493627548218	1.6075637719448057	1.6
167.95955562591553	1.6060097727427949	1.6
167.97316098213196	1.6060097727427949	1.6
167.98646116256714	1.6060097727427949	1.6
168.00225448608398	1.6035327221938378	1.6
168.0151777267456	1.6035327221938378	1.6
168.03009366989136	1.6035327221938378	1.6
168.0459337234497	1.6016187886206652	1.6
168.05846071243286	1.6016187886206652	1.6
168.07136583328247	1.6016187886206652	1.6
168.08752989768982	1.5997138779302666	1.6
168.10075521469116	1.5997138779302666	1.6
168.11668992042542	1.598322218407915	1.6
168.1296947002411	1.598322218407915	1.6
168.14309096336365	1.598322218407915	1.6
168.15772557258606	1.598322218407915	1.6
168.17219972610474	1.5978077487403488	1.6
168.18517518043518	1.5978077487403488	1.6
168.20075035095215	1.596824126497888	1.6
168.2132704257965	1.596824126497888	1.6
168.22615885734558	1.596824126497888	1.6
168.24195408821106	1.5966764369710404	1.6
168.25533032417297	1.5966764369710404	1.6
168.26828479766846	1.5966764369710404	1.6
168.2827398777008	1.5969299270065302	1.6
168.29557156562805	1.5969299270065302	1.6
168.30798530578613	1.5969299270065302	1.6
168.3229558467865	1.597350723671695	1.6
168.33593201637268	1.597350723671695	1.6
168.35153102874756	1.597350723671695	1.6
168.36670660972595	1.5984919563535	1.6
168.37958407402039	1.5984919563535	1.6
168.39234256744385	1.5984919563535	1.6
168.40696668624878	1.597680507671694	1.6
168.42001223564148	1.597680507671694	1.6
168.4324131011963	1.597680507671694	1.6
168.44659900665283	1.597680507671694	1.6
168.45980525016785	1.5966596696487771	1.6
168.4734923839569	1.5966596696487771	1.6
168.48921036720276	1.603951907054269	1.6
168.5027780532837	1.603951907054269	1.6
168.51530694961548	1.603951907054269	1.6
168.5303075313568	nan	1.6
168.54354119300842	nan	1.6
168.5582892894745	nan	1.6
168.57229781150818	nan	1.6
168.58534049987793	nan	1.6
168.5981640815735	nan	1.6
168.61432480812073	nan	1.6
168.6270294189453	nan	1.6
168.64261627197266	nan	1.6
168.65542793273926	nan	1.6
168.66794157028198	nan	1.6
168.68266415596008	nan	1.6
168.6977562904358	nan	1.6
168.71035194396973	nan	1.6
168.72528672218323	nan	1.6
168.73803806304932	nan	1.6
168.75092148780823	nan	1.6
168.76547861099243	nan	1.6
168.77884078025818	nan	1.6
168.79132747650146	nan	1.6
168.80638790130615	nan	1.6
168.819669008255	nan	1.6
168.83317399024963	nan	1.6
168.8501260280609	nan	1.6
168.8632571697235	nan	1.6
168.87655186653137	nan	1.6
168.8910412788391	nan	1.6
168.90364050865173	nan	1.6
168.91689825057983	nan	1.6
168.93448781967163	nan	1.6
168.95459008216858	nan	1.6
168.97661304473877	nan	1.6
168.99911856651306	nan	1.6
169.02426052093506	nan	1.6
169.04751563072205	nan	1.6
169.06765818595886	nan	1.6
169.08233618736267	nan	1.6
169.09976482391357	nan	1.6
169.11604857444763	nan	1.6
169.13175868988037	nan	1.6
169.14643907546997	nan	1.6
169.16017985343933	nan	1.6
169.17545461654663	nan	1.6
169.18920874595642	nan	1.6
169.20196294784546	nan	1.6
169.21860432624817	nan	1.6
169.23145866394043	nan	1.6
169.24759888648987	nan	1.6
169.26143145561218	nan	1.6
169.27470445632935	nan	1.6
169.28845143318176	nan	1.6
169.30368399620056	nan	1.6
169.31658673286438	nan	1.6
169.33342099189758	nan	1.6
169.34908437728882	nan	1.6
169.36413836479187	nan	1.6
169.3818004131317	nan	1.6
169.39618253707886	nan	1.6
169.41422581672668	nan	1.6
169.43199753761292	nan	1.6
169.4537763595581	nan	1.6
169.46917057037354	nan	1.6
169.48379015922546	nan	1.6
169.49876022338867	nan	1.6
169.51334500312805	nan	1.6
169.52892637252808	nan	1.6
169.5465989112854	nan	1.6
169.5604829788208	nan	1.6
169.57502841949463	nan	1.6
169.5877275466919	nan	1.6
169.60042452812195	nan	1.6
169.61686754226685	nan	1.6
169.6300663948059	nan	1.6
169.64383959770203	nan	1.6
169.65945863723755	nan	1.6
169.67234325408936	nan	1.6
169.68642783164978	nan	1.6
169.7024440765381	nan	1.6
169.71985054016113	nan	1.6
169.7378213405609	nan	1.6
169.7574007511139	nan	1.6
169.77789282798767	nan	1.6
169.79383039474487	nan	1.6
169.80977272987366	nan	1.6
169.82269072532654	nan	1.6
169.83609080314636	nan	1.6
169.84970998764038	nan	1.6
169.86448073387146	nan	1.6
169.8793659210205	nan	1.6
169.89481210708618	nan	1.6
169.91136837005615	nan	1.6
169.92428731918335	nan	1.6
169.93995332717896	nan	1.6
169.9537708759308	nan	1.6
169.9664397239685	nan	1.6
169.9810667037964	nan	1.6
169.99524593353271	nan	1.6
170.0097143650055	nan	1.6
170.02427697181702	nan	1.6
170.03684091567993	nan	1.6
170.04964423179626	nan	1.6
170.064115524292	nan	1.6
170.0771608352661	nan	1.6
170.09165239334106	nan	1.6
170.1070911884308	nan	1.6
170.11981296539307	nan	1.6
170.1336328983307	nan	1.6
170.14940690994263	nan	1.6
170.16437673568726	nan	1.6
170.18007278442383	nan	1.6
170.19696307182312	nan	1.6
170.21443057060242	nan	1.6
170.2315230369568	nan	1.6
170.24580812454224	nan	1.6
170.2613205909729	nan	1.6
170.27423071861267	nan	1.6
170.28697538375854	nan	1.6
170.30429649353027	nan	1.6
170.31765007972717	nan	1.6
170.33258438110352	nan	1.6
170.3470003604889	nan	1.6
170.35968804359436	nan	1.6
170.37245988845825	nan	1.6
170.38830399513245	nan	1.6
170.40133595466614	nan	1.6
170.41599655151367	nan	1.6
170.42925262451172	nan	1.6
170.44243693351746	nan	1.6
170.4548659324646	nan	1.6
170.47073078155518	nan	1.6
170.4852945804596	nan	1.6
170.5005340576172	nan	1.6
170.5138499736786	nan	1.6
170.52815914154053	nan	1.6
170.5447371006012	nan	1.6
170.5577700138092	nan	1.6
170.57133197784424	nan	1.6
170.58695697784424	nan	1.6
170.59963512420654	nan	1.6
170.6152217388153	nan	1.6
170.63117909431458	nan	1.6
170.6441309452057	nan	1.6
170.65884351730347	nan	1.6
170.67540192604065	nan	1.6
170.68883562088013	nan	1.6
170.70436072349548	nan	1.6
170.71790051460266	nan	1.6
170.73044729232788	nan	1.6
170.74305868148804	nan	1.6
170.75854587554932	nan	1.6
170.7713508605957	nan	1.6
170.7863461971283	nan	1.6
170.79975628852844	nan	1.6
170.81238389015198	nan	1.6
170.82646799087524	nan	1.6
170.8413119316101	nan	1.6
170.85404467582703	nan	1.6
170.8692331314087	nan	1.6
170.881760597229	nan	1.6
170.89477014541626	nan	1.6
170.9092411994934	nan	1.6
170.92272281646729	nan	1.6
170.93524432182312	nan	1.6
170.95168495178223	nan	1.6
170.96457290649414	nan	1.6
170.97729325294495	nan	1.6
170.99248123168945	nan	1.6
171.00567412376404	nan	1.6
171.018545627594	nan	1.6
171.03411316871643	nan	1.6
171.0485475063324	nan	1.6
171.0612940788269	nan	1.6
171.0770423412323	nan	1.6
171.08967757225037	nan	1.6
171.1040554046631	nan	1.6
171.11751222610474	nan	1.6
171.13007187843323	nan	1.6
171.1426284313202	nan	1.6
171.15761041641235	1.600918538569608	1.6
171.1714415550232	1.600918538569608	1.6
171.18746876716614	1.6054625233174815	1.6
171.2004361152649	1.6054625233174815	1.6
171.21293258666992	1.6054625233174815	1.6
171.2268898487091	1.6054625233174815	1.6
171.24074292182922	1.608685160025702	1.6
171.25633192062378	1.608685160025702	1.6
171.27159142494202	1.612504834200663	1.6
171.28559255599976	1.612504834200663	1.6
171.30010342597961	1.612504834200663	1.6
171.3158941268921	1.6150242625791364	1.6
171.32871794700623	1.6150242625791364	1.6
171.34322428703308	1.6150242625791364	1.6
171.35651016235352	1.6172170057913249	1.6
171.37003874778748	1.6172170057913249	1.6
171.38272309303284	1.6172170057913249	1.6
171.39908480644226	1.6187096948290371	1.6
171.41185116767883	1.6187096948290371	1.6
171.4247145652771	1.6187096948290371	1.6
171.43935799598694	1.6187096948290371	1.6
171.45403003692627	1.620394054813179	1.6
171.4687762260437	1.620394054813179	1.6
171.48474955558777	1.6223513418224873	1.6
171.49859166145325	1.6223513418224873	1.6
171.51181817054749	1.6223513418224873	1.6
171.5287163257599	1.6244353054669116	1.6
171.54747414588928	1.6244353054669116	1.6
171.56552028656006	1.6267130891192458	1.6
171.58118391036987	1.6267130891192458	1.6
171.59497714042664	1.6267130891192458	1.6
171.60994029045105	1.629238449123024	1.6
171.62261986732483	1.629238449123024	1.6
171.63816332817078	1.6318631395581071	1.6
171.65102529525757	1.6318631395581071	1.6
171.66353034973145	1.6318631395581071	1.6
171.67747592926025	1.6318631395581071	1.6
171.69276690483093	1.6337929534712938	1.6
171.7061903476715	1.6337929534712938	1.6
171.7205195426941	1.6358788171274985	1.6
171.73306965827942	1.6358788171274985	1.6
171.74598169326782	1.6358788171274985	1.6
171.7640368938446	1.6368240052197733	1.6
171.77756094932556	1.6368240052197733	1.6
171.79305982589722	1.6368240052197733	1.6
171.8090991973877	1.6375121950490072	1.6
171.82501673698425	1.6375121950490072	1.6
171.8419167995453	1.6378823093969763	1.6
171.8549976348877	1.6378823093969763	1.6
171.86985301971436	1.6378823093969763	1.6
171.88341784477234	1.638005062822088	1.6
171.89652705192566	1.638005062822088	1.6
171.90973281860352	1.638005062822088	1.6
171.92583417892456	1.6379164823092676	1.6
171.93889498710632	1.6379164823092676	1.6
171.9553771018982	1.63696827102277	1.6
171.96812558174133	1.63696827102277	1.6
171.98101115226746	1.63696827102277	1.6
171.9964780807495	1.63696827102277	1.6
172.01210832595825	1.635750936676537	1.6
172.02740621566772	1.635750936676537	1.6
172.04190135002136	1.6350229007149686	1.6
172.0548973083496	1.6350229007149686	1.6
172.06839036941528	1.6350229007149686	1.6
172.0855758190155	1.6348975000214108	1.6
172.0986843109131	1.6348975000214108	1.6
172.1138825416565	1.634801198286238	1.6
172.12664580345154	1.634801198286238	1.6
172.13941621780396	1.634801198286238	1.6
172.1544578075409	1.634801198286238	1.6
172.16989278793335	1.6357360921907187	1.6
172.18323016166687	1.6357360921907187	1.6
172.19694018363953	1.6357360921907187	1.6
172.21251273155212	1.6368655226732876	1.6
172.22608828544617	1.6368655226732876	1.6
172.24233484268188	1.637654729500597	1.6
172.25712513923645	1.637654729500597	1.6
172.27007412910461	1.637654729500597	1.6
172.28576397895813	1.637654729500597	1.6
172.29969191551208	1.638380542461962	1.6
172.31291556358337	1.638380542461962	1.6
172.32806515693665	1.6384409020895223	1.6
172.34097933769226	1.6384409020895223	1.6
172.35458040237427	1.6384409020895223	1.6
172.37117838859558	1.6389626954390515	1.6
172.38631582260132	1.6389626954390515	1.6
172.4034571647644	1.6397790499612774	1.6
172.41764283180237	1.6397790499612774	1.6
172.43039751052856	1.6397790499612774	1.6
172.44694089889526	1.6397790499612774	1.6
172.46213960647583	1.6396129248205855	1.6
172.47759771347046	1.6396129248205855	1.6
172.4932382106781	1.639887339232399	1.6
172.50681495666504	1.639887339232399	1.6
172.52056789398193	1.639887339232399	1.6
172.5354781150818	1.6400629479577684	1.6
172.54827642440796	1.6400629479577684	1.6
172.5643002986908	1.640695930911886	1.6
172.5770251750946	1.640695930911886	1.6
172.5915756225586	1.640695930911886	1.6
172.6056616306305	1.640695930911886	1.6
172.61954951286316	1.6411951914518634	1.6
172.633483171463	1.6411951914518634	1.6
172.64823961257935	1.64236638936853	1.6
172.66134548187256	1.64236638936853	1.6
172.67451190948486	1.64236638936853	1.6
172.69214057922363	1.6437733586833683	1.6
172.70521545410156	1.6437733586833683	1.6
172.7208752632141	1.6457274527495014	1.6
172.73435258865356	1.6457274527495014	1.6
172.74692392349243	1.6457274527495014	1.6
172.76166486740112	1.6457274527495014	1.6
172.77659463882446	1.6472276380972857	1.6
172.789489030838	1.6472276380972857	1.6
172.80474734306335	1.6484277675850616	1.6
172.81924533843994	1.6484277675850616	1.6
172.83251452445984	1.6484277675850616	1.6
172.84896564483643	1.6500181294705942	1.6
172.86362719535828	1.6500181294705942	1.6
172.87919187545776	1.6500181294705942	1.6
172.89262914657593	1.650760511396482	1.6
172.90761137008667	1.650760511396482	1.6
172.92130780220032	1.650760511396482	1.6
172.9358606338501	1.652228524459226	1.6
172.9485273361206	1.652228524459226	1.6
172.9638979434967	1.652228524459226	1.6
172.97954154014587	1.6542036584330835	1.6
172.99250721931458	1.6542036584330835	1.6
173.00648260116577	1.6542036584330835	1.6
173.02118253707886	1.655261796024596	1.6
173.03375363349915	1.655261796024596	1.6
173.04733657836914	1.655261796024596	1.6
173.0648398399353	1.655569872136559	1.6
173.07775473594666	1.655569872136559	1.6
173.09412956237793	1.6570391455298323	1.6
173.10726761817932	1.6570391455298323	1.6
173.12264442443848	1.6570391455298323	1.6
173.13950181007385	1.6568212397149271	1.6
173.15521788597107	1.6568212397149271	1.6
173.17215943336487	1.6563961287334343	1.6
173.1849570274353	1.6563961287334343	1.6
173.19836378097534	1.6563961287334343	1.6
173.21185636520386	1.6563961287334343	1.6
173.2268579006195	1.6565117195819798	1.6
173.2406029701233	1.6565117195819798	1.6
173.25492191314697	1.656264889080592	1.6
173.2677924633026	1.656264889080592	1.6
173.28070163726807	1.656264889080592	1.6
173.29609203338623	1.6564578238851404	1.6
173.30926728248596	1.6564578238851404	1.6
173.3230836391449	1.6564578238851404	1.6
173.3397352695465	1.6556888417995665	1.6
173.3531129360199	1.6556888417995665	1.6
173.3685188293457	1.6556888417995665	1.6
173.38288021087646	1.654724447739986	1.6
173.39616179466248	1.654724447739986	1.6
173.41319179534912	1.653592158295875	1.6
173.4282569885254	1.653592158295875	1.6
173.44084811210632	1.653592158295875	1.6
173.45731377601624	1.6522184145702759	1.6
173.4704430103302	1.6522184145702759	1.6
173.483948469162	1.6522184145702759	1.6
173.4979064464569	1.6489305694271148	1.6
173.51090145111084	1.6489305694271148	1.6
173.52383756637573	1.6489305694271148	1.6
173.53858137130737	1.6472995498192717	1.6
173.55170035362244	1.6472995498192717	1.6
173.56797552108765	1.6472995498192717	1.6
173.58411836624146	1.6457364814240674	1.6
173.60473370552063	1.6457364814240674	1.6
173.62626886367798	1.6437066786599863	1.6
173.6489222049713	1.6437066786599863	1.6
173.67087864875793	1.641697831351139	1.6
173.69144868850708	1.641697831351139	1.6
173.70914554595947	1.639349684311884	1.6
173.72239065170288	1.639349684311884	1.6
173.73492765426636	1.639349684311884	1.6
173.7505919933319	1.6377436586287524	1.6
173.76424264907837	1.6377436586287524	1.6
173.78061509132385	1.634596109590564	1.6
173.79395604133606	1.634596109590564	1.6
173.80683302879333	1.634596109590564	1.6
173.82194805145264	1.634596109590564	1.6
173.8359158039093	1.6328429991430258	1.6
173.8500349521637	1.6328429991430258	1.6
173.86551070213318	1.6312713514157529	1.6
173.8804280757904	1.6312713514157529	1.6
173.90128803253174	1.6312713514157529	1.6
173.9224395751953	1.6301426190746002	1.6
173.94307398796082	1.6287960592570658	1.6
173.9623990058899	1.6287960592570658	1.6
173.97631764411926	1.6287960592570658	1.6
173.99181818962097	1.6274161104791491	1.6
174.0052947998047	1.6274161104791491	1.6
174.0213062763214	1.6263816092452277	1.6
174.03426504135132	1.6263816092452277	1.6
174.04819345474243	1.6263816092452277	1.6
174.06315183639526	1.6263816092452277	1.6
174.07832598686218	1.6256960339658062	1.6
174.09431624412537	1.6256960339658062	1.6
174.10875058174133	1.6255457523192571	1.6
174.1217746734619	1.6255457523192571	1.6
174.13489246368408	1.6255457523192571	1.6
174.15226912498474	1.6249385319662863	1.6
174.16616296768188	1.6249385319662863	1.6
174.18332195281982	1.625217203174654	1.6
174.20245265960693	1.625217203174654	1.6
174.2180471420288	1.625217203174654	1.6
174.23426628112793	1.6255705371428615	1.6
174.24967861175537	1.6255705371428615	1.6
174.26619267463684	1.6264365871297244	1.6
174.28016424179077	1.6264365871297244	1.6
174.29573321342468	1.6264365871297244	1.6
174.31196975708008	1.6272264152811786	1.6
174.32677936553955	1.6272264152811786	1.6
174.34330892562866	1.628531016351578	1.6
174.35742616653442	1.628531016351578	1.6
174.37064361572266	1.628531016351578	1.6
174.3872435092926	1.6304358954390594	1.6
174.4018018245697	1.6304358954390594	1.6
174.4186692237854	1.632278299797307	1.6
174.4328224658966	1.632278299797307	1.6
174.44684863090515	1.632278299797307	1.6
174.4626543521881	1.632278299797307	1.6
174.47783088684082	1.6336320293039592	1.6
174.4915382862091	1.6336320293039592	1.6
174.50559949874878	1.6336320293039592	1.6
174.5208089351654	1.6350419351811527	1.6
174.53515529632568	1.6350419351811527	1.6
174.55098414421082	1.6364674587872432	1.6
174.56502437591553	1.6364674587872432	1.6
174.57888770103455	1.6364674587872432	1.6
174.5952365398407	1.6375584823149978	1.6
174.6086938381195	1.6375584823149978	1.6
174.6241431236267	1.638115176833714	1.6
174.63848400115967	1.638115176833714	1.6
174.65227913856506	1.638115176833714	1.6
174.66731786727905	1.638115176833714	1.6
174.682608127594	1.6390013179458467	1.6
174.69751596450806	1.6390013179458467	1.6
174.7128245830536	1.6401024735975327	1.6
174.7265465259552	1.6401024735975327	1.6
174.73998713493347	1.6401024735975327	1.6
174.75656962394714	1.6406205229409472	1.6
174.77048659324646	1.6406205229409472	1.6
174.78662633895874	1.6409414847162462	1.6
174.8002336025238	1.6409414847162462	1.6
174.8142385482788	1.6409414847162462	1.6
174.82852482795715	1.6409414847162462	1.6
174.84464621543884	1.6408761572120958	1.6
174.8583950996399	1.6408761572120958	1.6
174.87275886535645	1.6417789742358362	1.6
174.8866925239563	1.6417789742358362	1.6
174.9002170562744	1.6417789742358362	1.6
174.915949344635	1.6424168853587269	1.6
174.9296133518219	1.6424168853587269	1.6
174.94654726982117	1.642337943375764	1.6
174.96006059646606	1.642337943375764	1.6
174.973650932312	1.642337943375764	1.6
174.98750567436218	1.642337943375764	1.6
175.00328826904297	1.6424817453535545	1.6
175.0175015926361	1.6424817453535545	1.6
175.03273391723633	1.642348712561347	1.6
175.0465371608734	1.642348712561347	1.6
175.06040906906128	1.642348712561347	1.6
175.0768232345581	1.641729951707107	1.6
175.09093308448792	1.641729951707107	1.6
175.10743594169617	1.6404661404837282	1.6
175.12081050872803	1.6404661404837282	1.6
175.1347141265869	1.6404661404837282	1.6
175.1493043899536	1.6404661404837282	1.6
175.16514945030212	1.6392159512157227	1.6
175.1782820224762	1.6392159512157227	1.6
175.19262099266052	1.6392159512157227	1.6
175.20889377593994	1.638620498873527	1.6
175.22204327583313	1.638620498873527	1.6
175.23845076560974	1.6378000403244783	1.6
175.25192165374756	1.6378000403244783	1.6
175.26588225364685	1.6378000403244783	1.6
175.28197646141052	1.6365879494153877	1.6
175.29583144187927	1.6365879494153877	1.6
175.3121829032898	1.6365879494153877	1.6
175.32607769966125	1.6356947613245665	1.6
175.3394706249237	1.6356947613245665	1.6
175.35361409187317	1.6356947613245665	1.6
175.36898350715637	1.636498159841588	1.6
175.3826243877411	1.636498159841588	1.6
175.39874982833862	1.637121472251587	1.6
175.4130129814148	1.637121472251587	1.6
175.4276909828186	1.637121472251587	1.6
175.45202779769897	1.6381181625990773	1.6
175.47547912597656	1.6398217386674534	1.6
175.49822759628296	1.6398217386674534	1.6
175.5237159729004	1.642244577739124	1.6
175.55012345314026	1.642244577739124	1.6
175.573655128479	1.6447754242041626	1.6
175.59770584106445	1.6447754242041626	1.6
175.62470889091492	1.6470128361261591	1.6
175.64917373657227	1.6494966042643786	1.6
175.67167329788208	1.6494966042643786	1.6
175.69578957557678	1.6515676375053754	1.6
175.71816301345825	1.653947191322424	1.6
175.73738408088684	1.653947191322424	1.6
175.75572776794434	1.653947191322424	1.6
175.77116060256958	1.6555307329097697	1.6
175.78715801239014	1.6555307329097697	1.6
175.80510020256042	1.6572460607989457	1.6
175.81967520713806	1.6572460607989457	1.6
175.83531665802002	1.6572460607989457	1.6
175.85267210006714	1.6592490585466932	1.6
175.87202191352844	1.6592490585466932	1.6
175.89037418365479	1.6609419633962943	1.6
175.9053864479065	1.6609419633962943	1.6
175.92206120491028	1.6633762342034466	1.6
175.93976974487305	1.6633762342034466	1.6
175.9576005935669	1.6633762342034466	1.6
175.97351717948914	1.666622897151535	1.6
175.98782896995544	1.666622897151535	1.6
176.0037088394165	1.6697670830208273	1.6
176.0212230682373	1.6697670830208273	1.6
176.04023027420044	1.6697670830208273	1.6
176.059730052948	1.6727815787638611	1.6
176.0784251689911	1.6727815787638611	1.6
176.094096660614	1.6760455891195942	1.6
176.10822939872742	1.6760455891195942	1.6
176.12603974342346	1.6760455891195942	1.6
176.1423237323761	1.678924788815025	1.6
176.1594738960266	1.678924788815025	1.6
176.17485094070435	1.681955382493977	1.6
176.18882203102112	1.681955382493977	1.6
176.20342707633972	1.681955382493977	1.6
176.22028946876526	1.6848552933965297	1.6
176.235356092453	1.6848552933965297	1.6
176.25175595283508	1.6881566523708886	1.6
176.26831769943237	1.6881566523708886	1.6
176.28415060043335	1.6881566523708886	1.6
176.30060577392578	1.6911337000563471	1.6
176.3154013156891	1.6911337000563471	1.6
176.33408951759338	1.6928477954067513	1.6
176.35098338127136	1.6928477954067513	1.6
176.37479257583618	1.6937735862680696	1.6
176.3983645439148	1.6937735862680696	1.6
176.41979789733887	1.694357243795519	1.6
176.43348503112793	1.694357243795519	1.6
176.44901084899902	1.694357243795519	1.6
176.4619746208191	1.6964643026190487	1.6
176.4754536151886	1.6964643026190487	1.6
176.49010014533997	1.697289511769571	1.6
176.50293350219727	1.697289511769571	1.6
176.5160961151123	1.697289511769571	1.6
176.53215169906616	1.6981740414425048	1.6
176.5468409061432	1.6981740414425048	1.6
176.56468868255615	1.6980307064365552	1.6
176.57852387428284	1.6980307064365552	1.6
176.59246301651	1.6980307064365552	1.6
176.60976386070251	1.6985222094730588	1.6
176.62401056289673	1.6985222094730588	1.6
176.63857889175415	1.6985222094730588	1.6
176.65344738960266	1.6969164963320331	1.6
176.66621351242065	1.6969164963320331	1.6
176.68048477172852	1.6969164963320331	1.6
176.6967432498932	1.6960817630641132	1.6
176.7096037864685	1.6960817630641132	1.6
176.72379612922668	1.6960817630641132	1.6
176.7395408153534	1.6945278248111013	1.6
176.75259613990784	1.6945278248111013	1.6
176.7657973766327	1.6945278248111013	1.6
176.7805860042572	1.6932164781258432	1.6
176.79332304000854	1.6932164781258432	1.6
176.8060188293457	1.6932164781258432	1.6
176.82021737098694	1.6916087643305873	1.6
176.83292841911316	1.6916087643305873	1.6
176.84796714782715	1.688549801464994	1.6
176.86118245124817	1.688549801464994	1.6
176.87465643882751	1.688549801464994	1.6
176.88697600364685	1.688549801464994	1.6
176.90102982521057	1.6864224620125392	1.6
176.91378831863403	1.6864224620125392	1.6
176.92933297157288	1.6839225619937044	1.6
176.94311499595642	1.6839225619937044	1.6
176.9571726322174	1.6839225619937044	1.6
176.96987867355347	1.6839225619937044	1.6
176.98460793495178	1.682055455484728	1.6
176.99779152870178	1.682055455484728	1.6
177.01307439804077	1.6792158475289132	1.6
177.0263147354126	1.6792158475289132	1.6
177.03948736190796	1.6792158475289132	1.6
177.05418586730957	1.6792158475289132	1.6
177.06753635406494	1.6782858942243153	1.6
177.08038067817688	1.6782858942243153	1.6
177.09428811073303	1.6763784708072424	1.6
177.10724663734436	1.6763784708072424	1.6
177.1196026802063	1.6763784708072424	1.6
177.13252353668213	1.6763784708072424	1.6
177.14671349525452	1.6756261412031122	1.6
177.16012716293335	1.6756261412031122	1.6
177.174987077713	1.674582635106302	1.6
177.18735361099243	1.674582635106302	1.6
177.19980096817017	1.674582635106302	1.6
177.21306800842285	1.674582635106302	1.6
177.22615933418274	1.673845998632872	1.6
177.23858094215393	1.673845998632872	1.6
177.25295233726501	1.6733874683820698	1.6
177.26620745658875	1.6733874683820698	1.6
177.2785108089447	1.6733874683820698	1.6
177.29199290275574	1.6733874683820698	1.6
177.30623149871826	1.672550260969625	1.6
177.31881284713745	1.672550260969625	1.6
177.33400011062622	1.671809664378716	1.6
177.3471360206604	1.671809664378716	1.6
177.3594081401825	1.671809664378716	1.6
177.375479221344	1.671809664378716	1.6
177.38861560821533	1.6712815709993287	1.6
177.4016625881195	1.6712815709993287	1.6
177.41780710220337	1.6716343315816193	1.6
177.4314329624176	1.6716343315816193	1.6
177.44578671455383	1.6716343315816193	1.6
177.46257615089417	1.6716732733504043	1.6
177.47751593589783	1.6716732733504043	1.6
177.49372625350952	1.6716732733504043	1.6
177.51214170455933	1.6717860171828771	1.6
177.53104066848755	1.6717860171828771	1.6
177.54771423339844	1.6716622692837177	1.6
177.5618600845337	1.6716622692837177	1.6
177.57656264305115	1.6716622692837177	1.6
177.59114813804626	1.671462502782494	1.6
177.60426378250122	1.671462502782494	1.6
177.61960744857788	1.671011492075161	1.6
177.6317229270935	1.671011492075161	1.6
177.6453354358673	1.671011492075161	1.6
177.65782523155212	1.671011492075161	1.6
177.6719524860382	1.6703602618673432	1.6
177.68536710739136	1.6703602618673432	1.6
177.7003424167633	1.6698923867542212	1.6
177.7136435508728	1.6698923867542212	1.6
177.7266058921814	1.6698923867542212	1.6
177.74176502227783	1.6698923867542212	1.6
177.755202293396	1.6693805971557825	1.6
177.77098870277405	1.6693805971557825	1.6
177.78568577766418	1.6685454961461381	1.6
177.7981996536255	1.6685454961461381	1.6
177.8104372024536	1.6685454961461381	1.6
177.82427620887756	1.667535049994218	1.6
177.83710026741028	1.667535049994218	1.6
177.8509440422058	1.667535049994218	1.6
177.86536979675293	1.6659081908904958	1.6
177.87792420387268	1.6659081908904958	1.6
177.8904128074646	1.6659081908904958	1.6
177.90503454208374	1.664320928985734	1.6
177.9173891544342	1.664320928985734	1.6
177.93079495429993	1.664320928985734	1.6
177.94522190093994	1.662672082562549	1.6
177.958598613739	1.662672082562549	1.6
177.97094821929932	1.662672082562549	1.6
177.98639726638794	1.661326713751384	1.6
177.9999270439148	1.661326713751384	1.6
178.0154082775116	1.661326713751384	1.6
178.02852749824524	1.6593825143137892	1.6
178.0415141582489	1.6593825143137892	1.6
178.0537748336792	1.6593825143137892	1.6
178.0694329738617	1.657265503977872	1.6
178.0817883014679	1.657265503977872	1.6
178.09943389892578	1.655177700235668	1.6
178.11306190490723	1.655177700235668	1.6
178.12593936920166	1.655177700235668	1.6
178.14230275154114	1.655177700235668	1.6
178.15609002113342	1.653172378281619	1.6
178.16913723945618	1.653172378281619	1.6
178.1844446659088	1.6513573398258807	1.6
178.19754362106323	1.6513573398258807	1.6
178.2098047733307	1.6513573398258807	1.6
178.22478103637695	1.6493106781262932	1.6
178.23814058303833	1.6493106781262932	1.6
178.25101137161255	1.6493106781262932	1.6
178.26469802856445	1.6493106781262932	1.6
178.27977180480957	1.647613519217117	1.6
178.29206132888794	1.647613519217117	1.6
178.30723690986633	1.6457353169699265	1.6
178.31957387924194	1.6457353169699265	1.6
178.33247685432434	1.6457353169699265	1.6
178.3457634449005	1.6457353169699265	1.6
178.3596487045288	1.6429444695340287	1.6
178.37184762954712	1.6429444695340287	1.6
178.38632464408875	1.6400223704708714	1.6
178.39910435676575	1.6400223704708714	1.6
178.41119480133057	1.6400223704708714	1.6
178.42378211021423	1.6400223704708714	1.6
178.43961358070374	1.6378637525298418	1.6
178.45350050926208	1.6378637525298418	1.6
178.46898674964905	1.6357888257621649	1.6
178.4818196296692	1.6357888257621649	1.6
178.49472761154175	1.6357888257621649	1.6
178.50718641281128	1.6357888257621649	1.6
178.5223376750946	1.634045960746311	1.6
178.535231590271	1.634045960746311	1.6
178.55158948898315	1.6323213314864193	1.6
178.56465101242065	1.6323213314864193	1.6
178.5776813030243	1.6323213314864193	1.6
178.59214305877686	1.6323213314864193	1.6
178.6049416065216	1.6307285112581382	1.6
178.6176254749298	1.6307285112581382	1.6
178.63267493247986	1.6291953144826656	1.6
178.64515733718872	1.6291953144826656	1.6
178.65774631500244	1.6291953144826656	1.6
178.67200255393982	1.6278010315313765	1.6
178.68486714363098	1.6278010315313765	1.6
178.6984839439392	1.6278010315313765	1.6
178.71374702453613	1.6266366595945911	1.6
178.72721910476685	1.6266366595945911	1.6
178.73975372314453	1.6266366595945911	1.6
178.7555170059204	1.6270252095278948	1.6
178.76859378814697	1.6270252095278948	1.6
178.78414368629456	1.6270252095278948	1.6
178.79781651496887	1.6272855656855967	1.6
178.8108675479889	1.6272855656855967	1.6
178.8236906528473	1.6272855656855967	1.6
178.84032106399536	1.6273933353584524	1.6
178.85384702682495	1.6273933353584524	1.6
178.87007355690002	1.627761315610848	1.6
178.88395023345947	1.627761315610848	1.6
178.89883375167847	1.627761315610848	1.6
178.91397166252136	1.6276886652275817	1.6
178.92750763893127	1.6276886652275817	1.6
178.94171905517578	1.6276886652275817	1.6
178.95536637306213	1.628013250168212	1.6
178.96772980690002	1.628013250168212	1.6
178.98053884506226	1.628013250168212	1.6
178.99642539024353	1.627893314978537	1.6
179.00934100151062	1.627893314978537	1.6
179.02156591415405	1.627893314978537	1.6
179.03856444358826	1.627893314978537	1.6
179.0523624420166	1.6279367586920137	1.6
179.06531405448914	1.6279367586920137	1.6
179.0800473690033	1.628162096927308	1.6
179.09215426445007	1.628162096927308	1.6
179.1045823097229	1.628162096927308	1.6
179.11848306655884	1.628162096927308	1.6
179.132244348526	1.62869319520767	1.6
179.14639163017273	1.62869319520767	1.6
179.16213297843933	1.6290523410008622	1.6
179.17504954338074	1.6290523410008622	1.6
179.18722891807556	1.6290523410008622	1.6
179.2030656337738	1.6296500187937775	1.6
179.2155532836914	1.6296500187937775	1.6
179.22937393188477	1.6296500187937775	1.6
179.243323802948	1.630287678656154	1.6
179.25569486618042	1.630287678656154	1.6
179.26811718940735	1.630287678656154	1.6
179.28346276283264	1.631499926921816	1.6
179.29596734046936	1.631499926921816	1.6
179.31011199951172	1.631499926921816	1.6
179.32464146614075	1.6322676660143702	1.6
179.33683252334595	1.6322676660143702	1.6
179.34991192817688	1.6322676660143702	1.6
179.36550498008728	1.6332540069150787	1.6
179.377854347229	1.6332540069150787	1.6
179.3923692703247	1.6332540069150787	1.6
179.40638208389282	1.63401310582334	1.6
179.41923904418945	1.63401310582334	1.6
179.43274402618408	1.63401310582334	1.6
179.4490201473236	1.6346217003297951	1.6
179.46138191223145	1.6346217003297951	1.6
179.47815871238708	1.6347471965100855	1.6
179.49045658111572	1.6347471965100855	1.6
179.50257873535156	1.6347471965100855	1.6
179.5171251296997	1.6347471965100855	1.6
179.53150510787964	1.6354531387058349	1.6
179.54441022872925	1.6354531387058349	1.6
179.5605764389038	1.635795024793603	1.6
179.57442378997803	1.635795024793603	1.6
179.58704710006714	1.635795024793603	1.6
179.60211992263794	1.6366517289220437	1.6
179.61514043807983	1.6366517289220437	1.6
179.62816286087036	1.6366517289220437	1.6
179.64308524131775	1.6369301687829754	1.6
179.6553077697754	1.6369301687829754	1.6
179.6676950454712	1.6369301687829754	1.6
179.68197798728943	1.6366663298236355	1.6
179.694904088974	1.6366663298236355	1.6
179.70776653289795	1.6366663298236355	1.6
179.72030329704285	1.6366663298236355	1.6
179.73568749427795	1.6370651529818023	1.6
179.748708486557	1.6370651529818023	1.6
179.76503086090088	1.6366631702255696	1.6
179.77914452552795	1.6366631702255696	1.6
179.7922031879425	1.6366631702255696	1.6
179.80881905555725	1.6366631702255696	1.6
179.8231749534607	1.6368363387806846	1.6
179.83828258514404	1.6368363387806846	1.6
179.85187602043152	1.6366105070917896	1.6
179.8644437789917	1.6366105070917896	1.6
179.8773353099823	1.6366105070917896	1.6
179.8932683467865	1.6365163826762053	1.6
179.90560579299927	1.6365163826762053	1.6
179.92077207565308	1.635399626468104	1.6
179.93297052383423	1.635399626468104	1.6
179.94659900665283	1.635399626468104	1.6
179.95940852165222	1.635399626468104	1.6
179.97582483291626	1.6332673339672108	1.6
179.9879710674286	1.6332673339672108	1.6
180.00378274917603	1.6295322369816279	1.6
180.0168490409851	1.6295322369816279	1.6
180.03004431724548	1.6295322369816279	1.6
180.04586243629456	1.6295322369816279	1.6
180.05964183807373	1.6260098184913665	1.6
180.07265973091125	1.6260098184913665	1.6
180.0880823135376	1.6225485224426812	1.6
180.10363698005676	1.6225485224426812	1.6
180.1161127090454	1.6225485224426812	1.6
180.1339454650879	1.6186531246203912	1.6
180.14661979675293	1.6186531246203912	1.6
180.16254138946533	1.6144243311072721	1.6
180.17486763000488	1.6144243311072721	1.6
180.1869180202484	1.6144243311072721	1.6
180.20050835609436	1.6144243311072721	1.6
180.2176878452301	1.610358875142224	1.6
180.23851680755615	1.610358875142224	1.6
180.25727152824402	1.606208501103976	1.6
180.2758195400238	1.606208501103976	1.6
180.29276180267334	1.6020613411039757	1.6
180.30531215667725	1.6020613411039757	1.6
180.32084012031555	1.5983990721964125	1.6
180.3339228630066	1.5983990721964125	1.6
180.34660172462463	1.5983990721964125	1.6
180.35982704162598	1.5983990721964125	1.6
180.37528538703918	1.5957493451520577	1.6
180.38795042037964	1.5957493451520577	1.6
180.40317058563232	1.5937695423570264	1.6
180.42215538024902	1.5937695423570264	1.6
180.44103956222534	1.5937695423570264	1.6
180.45771980285645	1.5913287965254155	1.6
180.47125720977783	1.5913287965254155	1.6
180.48509073257446	1.5913287965254155	1.6
180.5006160736084	1.5887052408941713	1.6
180.51358127593994	1.5887052408941713	1.6
180.53251934051514	1.586487321284825	1.6
180.54566836357117	1.586487321284825	1.6
180.55778169631958	1.586487321284825	1.6
180.5706193447113	1.586487321284825	1.6
180.58641409873962	1.585213235542625	1.6
180.60027146339417	1.585213235542625	1.6
180.6160523891449	1.583465816723019	1.6
180.62895512580872	1.583465816723019	1.6
180.64142632484436	1.583465816723019	1.6
180.65711450576782	1.582251246761942	1.6
180.6701226234436	1.582251246761942	1.6
180.68759846687317	1.582251246761942	1.6
180.70115447044373	1.5820365679740633	1.6
180.71404433250427	1.5820365679740633	1.6
180.72719407081604	1.5820365679740633	1.6
180.7433488368988	1.5819134543837996	1.6
180.75570726394653	1.5819134543837996	1.6
180.77050042152405	1.5818190172707087	1.6
180.7835967540741	1.5818190172707087	1.6
180.79635214805603	1.5818190172707087	1.6
180.80944347381592	1.5818190172707087	1.6
180.82372546195984	1.5823225001569252	1.6
180.83604550361633	1.5823225001569252	1.6
180.85216069221497	1.5836298154221935	1.6
180.8650770187378	1.5836298154221935	1.6
180.87771821022034	1.5836298154221935	1.6
180.89089679718018	1.5836298154221935	1.6
180.90643095970154	1.5848083627706784	1.6
180.91958904266357	1.5848083627706784	1.6
180.9357271194458	1.5862118385136608	1.6
180.94855213165283	1.5862118385136608	1.6
180.9610686302185	1.5862118385136608	1.6
180.97639894485474	1.5871578328266167	1.6
180.98878741264343	1.5871578328266167	1.6
181.00187921524048	1.5871578328266167	1.6
181.016615152359	1.5882935568745282	1.6
181.0293047428131	1.5882935568745282	1.6
181.0416181087494	1.5882935568745282	1.6
181.057190656662	1.5893984381068258	1.6
181.0700559616089	1.5893984381068258	1.6
181.0824887752533	1.5893984381068258	1.6
181.09792494773865	1.589399604187522	1.6
181.11056852340698	1.589399604187522	1.6
181.12291646003723	1.589399604187522	1.6
181.1390073299408	1.5893081099346484	1.6
181.151948928833	1.5893081099346484	1.6
181.16647744178772	1.5893081099346484	1.6
181.1797730922699	1.5892457682891357	1.6
181.19243025779724	1.5892457682891357	1.6
181.20566868782043	1.5892457682891357	1.6
181.22165036201477	1.589058826229356	1.6
181.2346272468567	1.589058826229356	1.6
181.24775075912476	1.589058826229356	1.6
181.26189947128296	1.589058826229356	1.6
181.27503943443298	1.5889592134234936	1.6
181.28838992118835	1.5889592134234936	1.6
181.30388736724854	1.5889532875609522	1.6
181.31692051887512	1.5889532875609522	1.6
181.32919597625732	1.5889532875609522	1.6
181.34347367286682	1.5889532875609522	1.6
181.35608887672424	1.5893076369733525	1.6
181.3687117099762	1.5893076369733525	1.6
181.38513922691345	1.5891542442841369	1.6
181.39756107330322	1.5891542442841369	1.6
181.41258239746094	1.5891542442841369	1.6
181.43143343925476	1.5887454875273799	1.6
181.44471502304077	1.5887454875273799	1.6
181.46036314964294	1.5886684157399873	1.6
181.4740662574768	1.5886684157399873	1.6
181.48630475997925	1.5886684157399873	1.6
181.50019598007202	1.5886684157399873	1.6
181.5145561695099	1.5887843183913037	1.6
181.52744793891907	1.5887843183913037	1.6
181.54393863677979	1.5895653398966803	1.6
181.55616760253906	1.5895653398966803	1.6
181.56863403320312	1.5895653398966803	1.6
181.5824191570282	1.5895653398966803	1.6
181.5952889919281	1.5918844031967745	1.6
181.60793447494507	1.5918844031967745	1.6
181.62397980690002	1.5932107563507791	1.6
181.63612937927246	1.5932107563507791	1.6
181.64902424812317	1.5932107563507791	1.6
181.66519951820374	1.5939548889506452	1.6
181.67884135246277	1.5939548889506452	1.6
181.69522833824158	1.5939548889506452	1.6
181.71503257751465	1.5946838230202571	1.6
181.72812509536743	1.5946838230202571	1.6
181.74208164215088	1.5946838230202571	1.6
181.75537204742432	1.5946818820864068	1.6
181.76822447776794	1.5946818820864068	1.6
181.7839252948761	1.5952192402735412	1.6
181.7965247631073	1.5952192402735412	1.6
181.80878829956055	1.5952192402735412	1.6
181.82289457321167	1.5952192402735412	1.6
181.83642959594727	1.5960192476927253	1.6
181.8502197265625	1.5960192476927253	1.6
181.86424732208252	nan	1.6
181.8773968219757	nan	1.6
181.8900864124298	nan	1.6
181.90464401245117	nan	1.6
181.91728281974792	nan	1.6
181.93046498298645	nan	1.6
181.94627022743225	nan	1.6
181.958482503891	nan	1.6
181.97119402885437	nan	1.6
181.98784279823303	nan	1.6
182.00075149536133	nan	1.6
182.0127773284912	nan	1.6
182.02597856521606	nan	1.6
182.0400722026825	nan	1.6
182.05266737937927	nan	1.6
182.06803250312805	nan	1.6
182.0810992717743	nan	1.6
182.09416031837463	nan	1.6
182.10755324363708	nan	1.6
182.1213436126709	nan	1.6
182.13402771949768	nan	1.6
182.1485631465912	nan	1.6
182.16180181503296	nan	1.6
182.17471575737	nan	1.6
182.1872637271881	nan	1.6
182.20258688926697	nan	1.6
182.2157483100891	nan	1.6
182.23106265068054	nan	1.6
182.2437584400177	nan	1.6
182.2563681602478	nan	1.6
182.2704939842224	nan	1.6
182.28420996665955	1.4196115020553264	1.6
182.29760551452637	1.4196115020553264	1.6
182.31256246566772	1.5766296287770896	1.6
182.32490801811218	1.5766296287770896	1.6
182.33735823631287	1.5766296287770896	1.6
182.35177421569824	1.5752555047483547	1.6
182.36437320709229	1.5752555047483547	1.6
182.37759804725647	1.5752555047483547	1.6
182.39261388778687	1.5726435872200637	1.6
182.40494990348816	1.5726435872200637	1.6
182.41690158843994	1.5726435872200637	1.6
182.43195915222168	1.5726435872200637	1.6
182.44547367095947	1.5707688123726793	1.6
182.45844888687134	1.5707688123726793	1.6
182.4735279083252	1.5687848275778573	1.6
182.48637771606445	1.5687848275778573	1.6
182.49888944625854	1.5687848275778573	1.6
182.51551485061646	1.566993953141501	1.6
182.52821135520935	1.566993953141501	1.6
182.54236316680908	1.566993953141501	1.6
182.55575728416443	1.5665342585787758	1.6
182.56836032867432	1.5665342585787758	1.6
182.58082175254822	1.5665342585787758	1.6
182.5956482887268	1.5652511823882995	1.6
182.60834574699402	1.5652511823882995	1.6
182.62236261367798	1.5652511823882995	1.6
182.63519930839539	1.563822186435622	1.6
182.64741921424866	1.563822186435622	1.6
182.65981316566467	1.563822186435622	1.6
182.67501664161682	1.5628794335398692	1.6
182.68822193145752	1.5628794335398692	1.6
182.7026436328888	1.5628794335398692	1.6
182.71574544906616	1.562116644655944	1.6
182.72790026664734	1.562116644655944	1.6
182.739905834198	1.562116644655944	1.6
182.7568609714508	1.561651953787206	2.0
182.7691569328308	1.561651953787206	2.0
182.7819812297821	1.561651953787206	2.0
182.79486083984375	1.561651953787206	2.0
182.81000685691833	1.5622085521922013	2.0
182.8222782611847	1.5622085521922013	2.0
182.83673405647278	1.5627852449063369	2.0
182.84980988502502	1.5627852449063369	2.0
182.86267042160034	1.5627852449063369	2.0
182.87770175933838	1.5627852449063369	2.0
182.89123940467834	1.5630189737710714	2.0
182.90458154678345	1.5630189737710714	2.0
182.9191129207611	1.5627064931658388	2.0
182.93123316764832	1.5627064931658388	2.0
182.94328689575195	1.5627064931658388	2.0
182.96007227897644	1.5627064931658388	2.0
182.9739465713501	1.5611228412963798	2.0
182.9919571876526	1.5611228412963798	2.0
183.0066521167755	1.5597752833164154	2.0
183.02567172050476	1.5597752833164154	2.0
183.0427577495575	1.5583635040165678	2.0
183.05829668045044	1.5583635040165678	2.0
183.07594227790833	1.5570498935582835	2.0
183.0953562259674	1.5570498935582835	2.0
183.11489605903625	1.5570498935582835	2.0
183.1357090473175	1.5559387942991256	2.0
183.15291690826416	1.5559387942991256	2.0
183.1724042892456	1.5555861692240451	2.0
183.19162797927856	1.5555861692240451	2.0
183.20797777175903	1.555341995648026	2.0
183.22774577140808	1.555341995648026	2.0
183.24805402755737	1.554330499013036	2.0
183.26700496673584	1.554330499013036	2.0
183.2845606803894	1.5532479509649877	2.0
183.30506944656372	1.5532479509649877	2.0
183.32087588310242	1.5524321390008489	2.0
183.3333601951599	1.5524321390008489	2.0
183.34628915786743	1.5524321390008489	2.0
183.361891746521	1.5525988346459578	2.0
183.37461376190186	1.5525988346459578	2.0
183.3882429599762	1.5525988346459578	2.0
183.40208458900452	1.5523329753399326	2.0
183.41501688957214	1.5523329753399326	2.0
183.42757391929626	1.5523329753399326	2.0
183.44313263893127	1.5523511114198327	2.0
183.45684456825256	1.5523511114198327	2.0
183.47113585472107	1.5523511114198327	2.0
183.48466777801514	1.552140595498216	2.0
183.4969666004181	1.552140595498216	2.0
183.50963807106018	1.552140595498216	2.0
183.525803565979	1.551649405352584	2.0
183.53796935081482	1.551649405352584	2.0
183.5509102344513	1.551649405352584	2.0
183.56462168693542	1.551649405352584	2.0
183.57850813865662	1.5503496683657805	2.0
183.60031127929688	1.5503496683657805	2.0
183.61310458183289	1.5493605921409124	2.0
183.63508415222168	1.5493605921409124	2.0
183.65321111679077	1.5495735385012859	2.0
183.67000460624695	1.5495735385012859	2.0
183.68708848953247	1.5503567521677826	2.0
183.7001097202301	1.5503567521677826	2.0
183.71317887306213	1.5503567521677826	2.0
183.72853302955627	1.5510999579933036	2.0
183.7412919998169	1.5510999579933036	2.0
183.75457167625427	1.5510999579933036	2.0
183.76910829544067	1.551937002435686	2.0
183.7823088169098	1.551937002435686	2.0
183.79481506347656	1.551937002435686	2.0
183.80925488471985	1.5534710566264374	2.0
183.82206201553345	1.5534710566264374	2.0
183.83571124076843	1.5534710566264374	2.0
183.84992623329163	1.5545279986246154	2.0
183.8627119064331	1.5545279986246154	2.0
183.87550592422485	1.5545279986246154	2.0
183.8910675048828	1.5555197716972617	2.0
183.90495443344116	1.5555197716972617	2.0
183.92053270339966	1.5566878690975465	2.0
183.93377423286438	1.5566878690975465	2.0
183.94646000862122	1.5566878690975465	2.0
183.96116828918457	1.5566878690975465	2.0
183.97666954994202	1.5578696871188615	2.0
183.9896445274353	1.5578696871188615	2.0
184.0061388015747	1.5591061616807278	2.0
184.01877617835999	1.5591061616807278	2.0
184.03091144561768	1.5591061616807278	2.0
184.04575991630554	1.5591061616807278	2.0
184.05955505371094	1.5598235098340465	2.0
184.07227206230164	1.5598235098340465	2.0
184.08691239356995	1.5607492238963838	2.0
184.09983325004578	1.5607492238963838	2.0
184.11216473579407	1.5607492238963838	2.0
184.1285183429718	1.5623187288960412	2.0
184.14104437828064	1.5623187288960412	2.0
184.15478110313416	1.5623187288960412	2.0
184.1695625782013	1.5635962857271577	2.0
184.18164110183716	1.5635962857271577	2.0
184.19471907615662	1.5635962857271577	2.0
184.21026372909546	1.5648417534381551	2.0
184.22323536872864	1.5648417534381551	2.0
184.23587131500244	1.5648417534381551	2.0
184.24844932556152	1.5648417534381551	2.0
184.2643392086029	1.5668002189720927	2.0
184.27653884887695	1.5668002189720927	2.0
184.2919957637787	1.5684680077147832	2.0
184.30469298362732	1.5684680077147832	2.0
184.31678581237793	1.5684680077147832	2.0
184.33124685287476	1.5684680077147832	2.0
184.34641194343567	1.570115449452071	2.0
184.35865688323975	1.570115449452071	2.0
184.37394666671753	1.5713394674462582	2.0
184.38633608818054	1.5713394674462582	2.0
184.39898204803467	1.5713394674462582	2.0
184.41338753700256	1.5713394674462582	2.0
184.42727661132812	1.5725660746389825	2.0
184.44002294540405	1.5725660746389825	2.0
184.45656728744507	1.5735139043406305	2.0
184.4701054096222	1.5735139043406305	2.0
184.48340797424316	1.5735139043406305	2.0
184.49878668785095	1.574010303261889	2.0
184.51108598709106	1.574010303261889	2.0
184.52800130844116	1.574010303261889	2.0
184.54108595848083	1.5743571012649613	2.0
184.5537624359131	1.5743571012649613	2.0
184.56631803512573	1.5743571012649613	2.0
184.58207726478577	1.5744498347092106	2.0
184.59518909454346	1.5744498347092106	2.0
184.60962533950806	1.575057883532605	2.0
184.62195372581482	1.575057883532605	2.0
184.63457655906677	1.575057883532605	2.0
184.64678955078125	1.575057883532605	2.0
184.66317200660706	1.5750956785449277	2.0
184.67618608474731	1.5750956785449277	2.0
184.6918408870697	1.575508457773242	2.0
184.70527601242065	1.575508457773242	2.0
184.71805047988892	1.575508457773242	2.0
184.73071932792664	1.575508457773242	2.0
184.74599075317383	1.5756926852160253	2.0
184.75839924812317	1.5756926852160253	2.0
184.7747039794922	1.5759194432627952	2.0
184.7868800163269	1.5759194432627952	2.0
184.79992580413818	1.5759194432627952	2.0
184.8164403438568	nan	2.0
184.82942390441895	nan	2.0
184.8456528186798	nan	2.0
184.85907340049744	nan	2.0
184.8713891506195	nan	2.0
184.8844985961914	nan	2.0
184.8992042541504	nan	2.0
184.91141629219055	nan	2.0
184.92577481269836	nan	2.0
184.94021344184875	nan	2.0
184.95377206802368	nan	2.0
184.96599984169006	nan	2.0
184.97984290122986	nan	2.0
184.9932267665863	nan	2.0
185.00552439689636	nan	2.0
185.01898574829102	nan	2.0
185.03743863105774	nan	2.0
185.05337619781494	nan	2.0
185.07217454910278	nan	2.0
185.09028697013855	nan	2.0
185.10987067222595	nan	2.0
185.1300344467163	nan	2.0
185.14867305755615	nan	2.0
185.16907334327698	nan	2.0
185.18696403503418	nan	2.0
185.20664429664612	nan	2.0
185.22690320014954	1.4183255948550073	2.0
185.24633288383484	1.4183255948550073	2.0
185.2613742351532	1.4183255948550073	2.0
185.27557563781738	1.5753244372987372	2.0
185.28995394706726	1.5753244372987372	2.0
185.30425930023193	1.5756448130311682	2.0
185.31708645820618	1.5756448130311682	2.0
185.32980060577393	1.5756448130311682	2.0
185.3471429347992	1.5755441613742789	2.0
185.35936665534973	1.5755441613742789	2.0
185.37336492538452	1.5755441613742789	2.0
185.3870542049408	1.5749287564647823	2.0
185.40004634857178	1.5749287564647823	2.0
185.41220688819885	1.5749287564647823	2.0
185.4262900352478	1.574850629058119	2.0
185.4394495487213	1.574850629058119	2.0
185.454039812088	1.574850629058119	2.0
185.4668939113617	1.5739838242756001	2.0
185.48008227348328	1.5739838242756001	2.0
185.49345445632935	1.5739838242756001	2.0
185.5094711780548	1.5735262416797298	2.0
185.5217912197113	1.5735262416797298	2.0
185.53830742835999	1.5735100665538813	2.0
185.55140471458435	1.5735100665538813	2.0
185.56376600265503	1.5735100665538813	2.0
185.57820510864258	1.5735100665538813	2.0
185.5934398174286	1.572992671465357	2.0
185.60588121414185	1.572992671465357	2.0
185.62143397331238	1.5730853191733505	2.0
185.6353805065155	1.5730853191733505	2.0
185.64857053756714	1.5730853191733505	2.0
185.66245341300964	1.5730853191733505	2.0
185.6755838394165	1.5734954767296208	2.0
185.68883800506592	1.5734954767296208	2.0
185.70447969436646	1.573138033544038	2.0
185.7165880203247	1.573138033544038	2.0
185.72858309745789	1.573138033544038	2.0
185.74221992492676	1.573138033544038	2.0
185.7553517818451	1.5733268009087484	2.0
185.76739525794983	1.5733268009087484	2.0
185.77956128120422	1.5733268009087484	2.0
185.79555320739746	1.5735531048621358	2.0
185.80879068374634	1.5735531048621358	2.0
185.82397484779358	1.5733334545802475	2.0
185.83649563789368	1.5733334545802475	2.0
185.84953808784485	1.5733334545802475	2.0
185.86171793937683	1.5733334545802475	2.0
185.87782096862793	1.5735156392855902	2.0
185.8905897140503	1.5735156392855902	2.0
185.90624332427979	1.5740775170621832	2.0
185.919358253479	1.5740775170621832	2.0
185.93221640586853	1.5740775170621832	2.0
185.94597005844116	1.5740775170621832	2.0
185.96022272109985	1.5736136496855697	2.0
185.9748146533966	1.5736136496855697	2.0
185.99026226997375	1.5734271865026932	2.0
186.00338435173035	1.5734271865026932	2.0
186.01581645011902	1.5734271865026932	2.0
186.0306317806244	1.5734271865026932	2.0
186.04355788230896	1.573330070780893	2.0
186.0566327571869	1.573330070780893	2.0
186.07170867919922	1.5732358076229984	2.0
186.08489799499512	1.5732358076229984	2.0
186.0972878932953	1.5732358076229984	2.0
186.11170268058777	1.5738201417155646	2.0
186.12483644485474	1.5738201417155646	2.0
186.1384551525116	1.5738201417155646	2.0
186.1527750492096	1.5744735037309079	2.0
186.16543459892273	1.5744735037309079	2.0
186.17793226242065	1.5744735037309079	2.0
186.1930730342865	1.5750580286375635	2.0
186.20602989196777	1.5750580286375635	2.0
186.21874403953552	1.5750580286375635	2.0
186.23331785202026	1.5747499431821912	2.0
186.24641227722168	1.5747499431821912	2.0
186.25848126411438	1.5747499431821912	2.0
186.2751545906067	1.574209361882542	2.0
186.2880654335022	1.574209361882542	2.0
186.3036241531372	1.5735032366047315	2.0
186.31686186790466	1.5735032366047315	2.0
186.32967948913574	1.5735032366047315	2.0
186.34176206588745	1.5735032366047315	2.0
186.35781025886536	1.572489327035915	2.0
186.37024068832397	1.572489327035915	2.0
186.3853600025177	1.5709593830837423	2.0
186.39942073822021	1.5709593830837423	2.0
186.41235828399658	1.5709593830837423	2.0
186.42592477798462	1.5709593830837423	2.0
186.44056868553162	1.5694296126307339	2.0
186.45278000831604	1.5694296126307339	2.0
186.4675076007843	1.5676034647456838	2.0
186.47980380058289	1.5676034647456838	2.0
186.49261021614075	1.5676034647456838	2.0
186.50517225265503	1.5676034647456838	2.0
186.52000737190247	1.5641692966978185	2.0
186.53219175338745	1.5641692966978185	2.0
186.5454285144806	1.5641692966978185	2.0
186.56075644493103	1.5601495091263244	2.0
186.57440733909607	1.5601495091263244	2.0
186.58820390701294	1.5601495091263244	2.0
186.6023621559143	1.5564541992549734	2.0
186.61642456054688	1.5564541992549734	2.0
186.62913513183594	1.5564541992549734	2.0
186.64559364318848	1.5537947032828756	2.0
186.65803027153015	1.5537947032828756	2.0
186.6738133430481	1.551725844964607	2.0
186.6868314743042	1.551725844964607	2.0
186.69915103912354	1.551725844964607	2.0
186.71245694160461	1.551725844964607	2.0
186.72658610343933	1.5498035171669575	2.0
186.7393684387207	1.5498035171669575	2.0
186.75586223602295	1.5487069727434273	2.0
186.769198179245	1.5487069727434273	2.0
186.78339457511902	1.5487069727434273	2.0
186.7980239391327	1.5487069727434273	2.0
186.81214499473572	1.547784973477103	2.0
186.82595801353455	1.547784973477103	2.0
186.84144020080566	1.5469390719704514	2.0
186.85363960266113	1.5469390719704514	2.0
186.86658692359924	1.5469390719704514	2.0
186.8835129737854	1.5459844716173847	2.0
186.89675784111023	1.5459844716173847	2.0
186.91149258613586	1.5459844716173847	2.0
186.92442989349365	1.5449913134684912	2.0
186.93726658821106	1.5449913134684912	2.0
186.95038723945618	1.5449913134684912	2.0
186.96611738204956	1.544062403158728	2.0
186.97961831092834	1.544062403158728	2.0
186.9939603805542	1.5425233461365893	2.0
187.00623679161072	1.5425233461365893	2.0
187.01928997039795	1.5425233461365893	2.0
187.03252530097961	1.5425233461365893	2.0
187.04812455177307	1.54096615342683	2.0
187.06093645095825	1.54096615342683	2.0
187.07566475868225	1.5393787187135548	2.0
187.0884871482849	1.5393787187135548	2.0
187.10089540481567	1.5393787187135548	2.0
187.11342453956604	1.5393787187135548	2.0
187.12867665290833	1.5375349708111903	2.0
187.140855550766	1.5375349708111903	2.0
187.15781164169312	1.5353599991520563	2.0
187.1708767414093	1.5353599991520563	2.0
187.18405985832214	1.5353599991520563	2.0
187.19848322868347	1.5353599991520563	2.0
187.21205377578735	1.5333933673650548	2.0
187.22646832466125	1.5333933673650548	2.0
187.24130082130432	1.5313461346006068	2.0
187.25383615493774	1.5313461346006068	2.0
187.2657790184021	1.5313461346006068	2.0
187.279794216156	1.5293076172008067	2.0
187.29247403144836	1.5293076172008067	2.0
187.30513882637024	1.5293076172008067	2.0
187.31735062599182	1.5293076172008067	2.0
187.33233785629272	1.5281650288708266	2.0
187.34493041038513	1.5281650288708266	2.0
187.35896944999695	1.5281650288708266	2.0
187.3725380897522	1.5271292535203713	2.0
187.3850076198578	1.5271292535203713	2.0
187.3974015712738	1.5271292535203713	2.0
187.4135386943817	1.5261537581999782	2.0
187.4265010356903	1.5261537581999782	2.0
187.4413139820099	1.524733489978404	2.0
187.45464611053467	1.524733489978404	2.0
187.4667444229126	1.524733489978404	2.0
187.47935605049133	1.524733489978404	2.0
187.4964952468872	1.522950992539517	2.0
187.50974869728088	1.522950992539517	2.0
187.52477550506592	1.521462201804827	2.0
187.53697443008423	1.521462201804827	2.0
187.55034565925598	1.521462201804827	2.0
187.56497359275818	1.521462201804827	2.0
187.57753372192383	1.520231916904542	2.0
187.59033632278442	1.520231916904542	2.0
187.6070578098297	1.518845517221147	2.0
187.6193835735321	1.518845517221147	2.0
187.63216733932495	1.518845517221147	2.0
187.64644861221313	1.518845517221147	2.0
187.6592879295349	1.5180390605831557	2.0
187.6731026172638	1.5180390605831557	2.0
187.68768739700317	1.5176865147521013	2.0
187.6997275352478	1.5176865147521013	2.0
187.71251320838928	1.5176865147521013	2.0
187.7281186580658	1.5177516762862786	2.0
187.7412588596344	1.5177516762862786	2.0
187.75377821922302	1.5177516762862786	2.0
187.7684564590454	1.5179896239658968	2.0
187.7813241481781	1.5179896239658968	2.0
187.79507064819336	1.5179896239658968	2.0
187.81023120880127	1.5186456871033909	2.0
187.82376980781555	1.5186456871033909	2.0
187.83928108215332	1.5186456871033909	2.0
187.852712392807	1.5204468457895801	2.0
187.86533951759338	1.5204468457895801	2.0
187.8781762123108	1.5204468457895801	2.0
187.89414882659912	1.5225077063237045	2.0
187.9070644378662	1.5225077063237045	2.0
187.92241501808167	1.524729211031597	2.0
187.93542528152466	1.524729211031597	2.0
187.94798612594604	1.524729211031597	2.0
187.96108627319336	1.524729211031597	2.0
187.97628355026245	1.5265650438170453	2.0
187.98890280723572	1.5265650438170453	2.0
188.00630903244019	1.5284773447667825	2.0
188.0190291404724	1.5284773447667825	2.0
188.03156900405884	1.5284773447667825	2.0
188.0457546710968	1.5284773447667825	2.0
188.05925941467285	1.5300452473616215	2.0
188.07178258895874	1.5300452473616215	2.0
188.08771014213562	1.5300452473616215	2.0
188.10230112075806	1.5305104469884871	2.0
188.11530995368958	1.5305104469884871	2.0
188.13149762153625	1.5309823143122405	2.0
188.14541816711426	1.5309823143122405	2.0
188.15833163261414	1.5309823143122405	2.0
188.1740963459015	1.5309823143122405	2.0
188.18725156784058	1.5316188849174277	2.0
188.20080637931824	1.5316188849174277	2.0
188.2155385017395	1.5320824204252088	2.0
188.2277843952179	1.5320824204252088	2.0
188.24028420448303	1.5320824204252088	2.0
188.25474429130554	1.5320824204252088	2.0
188.26752257347107	1.5308248279319892	2.0
188.28069591522217	1.5308248279319892	2.0
188.29669857025146	1.5292764589480319	2.0
188.30885314941406	1.5292764589480319	2.0
188.32122921943665	1.5292764589480319	2.0
188.3355519771576	1.5292764589480319	2.0
188.3484890460968	1.526853175702679	2.0
188.36180067062378	1.526853175702679	2.0
188.3760950565338	1.5243370647393122	2.0
188.38858842849731	1.5243370647393122	2.0
188.40108966827393	1.5243370647393122	2.0
188.4164056777954	1.5216028873793106	2.0
188.4298529624939	1.5216028873793106	2.0
188.44339323043823	1.5216028873793106	2.0
188.4568932056427	1.5182349287185333	2.0
188.46924090385437	1.5182349287185333	2.0
188.48118591308594	1.5182349287185333	2.0
188.49615502357483	1.515707363942623	2.0
188.50901079177856	1.515707363942623	2.0
188.52303051948547	1.515707363942623	2.0
188.5379512310028	1.512062732824425	2.0
188.55008554458618	1.512062732824425	2.0
188.56256484985352	1.512062732824425	2.0
188.57795596122742	1.5085872412204127	2.0
188.59022736549377	1.5085872412204127	2.0
188.60350370407104	1.5085872412204127	2.0
188.61894941329956	1.5054726906595624	2.0
188.631418466568	1.5054726906595624	2.0
188.64402174949646	1.5054726906595624	2.0
188.65868210792542	1.5030555769149945	2.0
188.67149448394775	1.5030555769149945	2.0
188.68581104278564	1.5030555769149945	2.0
188.6999969482422	1.5010780022369798	2.0
188.71201610565186	1.5010780022369798	2.0
188.72477984428406	1.5010780022369798	2.0
188.74000215530396	1.4992432885454252	2.0
188.75292491912842	1.4992432885454252	2.0
188.76499700546265	1.4992432885454252	2.0
188.7775959968567	1.4992432885454252	2.0
188.7931604385376	1.4978892241426884	2.0
188.8057084083557	1.4978892241426884	2.0
188.8218080997467	1.496996688760938	2.0
188.83444142341614	1.496996688760938	2.0
188.8474395275116	1.496996688760938	2.0
188.86146879196167	1.496996688760938	2.0
188.87571835517883	1.496832272806522	2.0
188.88861894607544	1.496832272806522	2.0
188.90356826782227	1.4966990171646424	2.0
188.91655254364014	1.4966990171646424	2.0
188.9352421760559	1.4966990171646424	2.0
188.95605301856995	1.4983297375311382	2.0
188.9763889312744	1.4983297375311382	2.0
188.99032592773438	1.4994889396423905	2.0
189.0036723613739	1.4994889396423905	2.0
189.01775741577148	1.4994889396423905	2.0
189.03312969207764	1.500610282004254	2.0
189.04620361328125	1.500610282004254	2.0
189.06245923042297	1.5019125199645937	2.0
189.07539749145508	1.5019125199645937	2.0
189.0874834060669	1.5019125199645937	2.0
189.1018385887146	1.5019125199645937	2.0
189.1149399280548	1.5035485523839622	2.0
189.128267288208	1.5035485523839622	2.0
189.1429603099823	1.5062149452264018	2.0
189.15560221672058	1.5062149452264018	2.0
189.16840767860413	1.5062149452264018	2.0
189.18315052986145	1.5062149452264018	2.0
189.1962661743164	1.5095734592551282	2.0
189.21050429344177	1.5095734592551282	2.0
189.22570371627808	1.5123892907262644	2.0
189.23839592933655	1.5123892907262644	2.0
189.2510848045349	1.5123892907262644	2.0
189.26705932617188	1.5155975451908603	2.0
189.2792673110962	1.5155975451908603	2.0
189.29322123527527	1.5155975451908603	2.0
189.30582332611084	1.51894242810865	2.0
189.31799006462097	1.51894242810865	2.0
189.32994103431702	1.51894242810865	2.0
189.34513473510742	1.5219289056153154	2.0
189.35729789733887	1.5219289056153154	2.0
189.3705017566681	1.5219289056153154	2.0
189.38518524169922	1.5261108432001653	2.0
189.39827060699463	1.5261108432001653	2.0
189.41139841079712	1.5261108432001653	2.0
189.42852401733398	1.530784791918114	2.0
189.44083428382874	1.530784791918114	2.0
189.4557282924652	1.5362097680388085	2.0
189.46862411499023	1.5362097680388085	2.0
189.48116540908813	1.5362097680388085	2.0
189.49316000938416	1.5362097680388085	2.0
189.509450674057	1.5419094432932114	2.0
189.52257347106934	1.5419094432932114	2.0
189.53517389297485	1.5419094432932114	2.0
189.55118894577026	1.5484245778282935	2.0
189.5646209716797	1.5484245778282935	2.0
189.5777871608734	1.5484245778282935	2.0
189.59212160110474	1.5554107122068115	2.0
189.60458207130432	1.5554107122068115	2.0
189.6170153617859	1.5554107122068115	2.0
189.63172030448914	1.5554107122068115	2.0
189.64441227912903	1.5633582908041015	2.0
189.65893054008484	1.5633582908041015	2.0
189.67353701591492	1.5733655639748334	2.0
189.68562650680542	1.5733655639748334	2.0
189.69821619987488	1.5733655639748334	2.0
189.71209073066711	1.5841986264748333	2.0
189.72451186180115	1.5841986264748333	2.0
189.73725652694702	1.5841986264748333	2.0
189.7513644695282	1.5952279227633486	2.0
189.7639217376709	1.5952279227633486	2.0
189.7760603427887	1.5952279227633486	2.0
189.7920048236847	1.5952279227633486	2.0
189.80519247055054	1.6061612865588668	2.0
189.81828355789185	1.6061612865588668	2.0
189.83255076408386	1.6175644011422001	2.0
189.8454110622406	1.6175644011422001	2.0
189.85787868499756	1.6175644011422001	2.0
189.87399125099182	1.6303586973456834	2.0
189.88609981536865	1.6303586973456834	2.0
189.90059971809387	1.6303586973456834	2.0
189.91520714759827	1.6434132326969415	2.0
189.92737555503845	1.6434132326969415	2.0
189.93987345695496	1.6434132326969415	2.0
189.95449018478394	1.6548843058449325	2.0
189.9668483734131	1.6548843058449325	2.0
189.98214554786682	1.6548843058449325	2.0
189.9958143234253	1.665746280707059	2.0
190.0098876953125	1.665746280707059	2.0
190.02272176742554	1.665746280707059	2.0
190.0381579399109	1.6763981417829115	2.0
190.05100679397583	1.6763981417829115	2.0
190.06565952301025	1.6841755300182055	2.0
190.07821416854858	1.6841755300182055	2.0
190.09070777893066	1.6841755300182055	2.0
190.1037483215332	1.6841755300182055	2.0
190.1189193725586	1.6914279744626501	2.0
190.13141012191772	1.6914279744626501	2.0
190.14717841148376	1.697691727542879	2.0
190.15983819961548	1.697691727542879	2.0
190.17262434959412	1.697691727542879	2.0
190.18634676933289	1.697691727542879	2.0
190.20119714736938	1.7030816543180272	2.0
190.21592831611633	1.7030816543180272	2.0
190.23094129562378	1.7086091475778311	2.0
190.24331712722778	1.7086091475778311	2.0
190.25569820404053	1.7086091475778311	2.0
190.2719554901123	1.71148282294015	2.0
190.28553748130798	1.71148282294015	2.0
190.29783391952515	1.71148282294015	2.0
190.3105673789978	1.71148282294015	2.0
190.32632088661194	1.7139302845833817	2.0
190.33899235725403	1.7139302845833817	2.0
190.35512614250183	1.7156215625205733	2.0
190.36789464950562	1.7156215625205733	2.0
190.38040852546692	1.7156215625205733	2.0
190.39409470558167	1.7156215625205733	2.0
190.40959668159485	1.71728531720628	2.0
190.42242455482483	1.71728531720628	2.0
190.43876814842224	1.7180806571731124	2.0
190.45139002799988	1.7180806571731124	2.0
190.46432638168335	1.7180806571731124	2.0
190.4796164035797	1.7180806571731124	2.0
190.49295687675476	1.7194385732605852	2.0
190.50595331192017	1.7194385732605852	2.0
190.51980137825012	1.7202868196763557	2.0
190.53221011161804	1.7202868196763557	2.0
190.54469299316406	1.7202868196763557	2.0
190.5583107471466	1.7202868196763557	2.0
190.57188296318054	1.7214056465668868	2.0
190.58546018600464	1.7214056465668868	2.0
190.6001307964325	1.7227844836806274	2.0
190.61302042007446	1.7227844836806274	2.0
190.62643241882324	1.7227844836806274	2.0
190.64404010772705	1.7227568152314299	2.0
190.65688920021057	1.7227568152314299	2.0
190.6738736629486	1.723866654814763	2.0
190.68655133247375	1.723866654814763	2.0
190.69935488700867	1.723866654814763	2.0
190.71223330497742	1.723866654814763	2.0
190.72651839256287	1.7244160915800617	2.0
190.73935532569885	1.7244160915800617	2.0
190.7555432319641	1.7265124098146725	2.0
190.76836037635803	1.7265124098146725	2.0
190.780912399292	1.7265124098146725	2.0
190.79458475112915	1.7265124098146725	2.0
190.80980157852173	1.7281376348391102	2.0
190.822083234787	1.7281376348391102	2.0
190.83714175224304	1.7301107818580808	2.0
190.84987878799438	1.7301107818580808	2.0
190.8623378276825	1.7301107818580808	2.0
190.876953125	1.7301107818580808	2.0
190.89102911949158	1.7322280537392802	2.0
190.9038360118866	1.7322280537392802	2.0
190.9186029434204	1.734440522664998	2.0
190.93120741844177	1.734440522664998	2.0
190.9445605278015	1.734440522664998	2.0
190.95935368537903	1.7364680798154495	2.0
190.972580909729	1.7364680798154495	2.0
190.98612427711487	1.7364680798154495	2.0
191.00069546699524	1.738393056533497	2.0
191.01459431648254	1.738393056533497	2.0
191.02717757225037	1.738393056533497	2.0
191.042729139328	1.7413597401925174	2.0
191.05524253845215	1.7413597401925174	2.0
191.0673611164093	1.7413597401925174	2.0
191.08045363426208	1.7413597401925174	2.0
191.0952889919281	1.7425768511344946	2.0
191.10743713378906	1.7425768511344946	2.0
191.12287497520447	1.7440321663312062	2.0
191.13580656051636	1.7440321663312062	2.0
191.14886617660522	1.7440321663312062	2.0
191.16243767738342	1.7440321663312062	2.0
191.17807269096375	1.745384846069768	2.0
191.19120836257935	1.745384846069768	2.0
191.20759534835815	1.7465924833137163	2.0
191.21989703178406	1.7465924833137163	2.0
191.23249697685242	1.7465924833137163	2.0
191.24702095985413	1.7465924833137163	2.0
191.26023364067078	1.7475613606930314	2.0
191.27369618415833	1.7475613606930314	2.0
191.28727746009827	1.748437091951752	2.0
191.30013942718506	1.748437091951752	2.0
191.31270217895508	1.748437091951752	2.0
191.32859468460083	1.747482731245574	2.0
191.34148240089417	1.747482731245574	2.0
191.35460543632507	1.747482731245574	2.0
191.36792159080505	1.7476015333693762	2.0
191.38077902793884	1.7476015333693762	2.0
191.39298605918884	1.7476015333693762	2.0
191.4075264930725	1.7471441893501833	2.0
191.42082691192627	1.7471441893501833	2.0
191.4347448348999	1.7471441893501833	2.0
191.44915556907654	1.7454545709920595	2.0
191.4617977142334	1.7454545709920595	2.0
191.47455024719238	1.7454545709920595	2.0
191.49028611183167	1.7445856417121703	2.0
191.50263261795044	1.7445856417121703	2.0
191.51589393615723	1.7445856417121703	2.0
191.5288164615631	1.7431193787438708	2.0
191.54105305671692	1.7431193787438708	2.0
191.5539574623108	1.7431193787438708	2.0
191.5686957836151	1.7417931640417734	2.0
191.58139848709106	1.7417931640417734	2.0
191.59652471542358	1.7417931640417734	2.0
191.61102151870728	1.7406936068702894	2.0
191.62349009513855	1.7406936068702894	2.0
191.63601922988892	1.7406936068702894	2.0
191.65164923667908	1.739516866288429	2.0
191.66456365585327	1.739516866288429	2.0
191.67899656295776	1.739516866288429	2.0
191.6918749809265	1.7384628561802398	2.0
191.70443534851074	1.7384628561802398	2.0
191.71642637252808	1.7384628561802398	2.0
191.7311451435089	1.7391856240766124	2.0
191.7445628643036	1.7391856240766124	2.0
191.75929045677185	1.7391856240766124	2.0
191.7733235359192	1.7393231098315982	2.0
191.7855248451233	1.7393231098315982	2.0
191.79851245880127	1.7393231098315982	2.0
191.8155539035797	1.7400916783014917	2.0
191.82839632034302	1.7400916783014917	2.0
191.84086751937866	1.7400916783014917	2.0
191.85653114318848	1.740743329433214	2.0
191.86966729164124	1.740743329433214	2.0
191.8827178478241	1.740743329433214	2.0
191.89769411087036	1.7423379830941599	2.0
191.91070818901062	1.7423379830941599	2.0
191.92459082603455	1.7423379830941599	2.0
191.93897557258606	1.7444589575839557	2.0
191.95152854919434	1.7444589575839557	2.0
191.96646881103516	1.7444589575839557	2.0
191.979327917099	1.7460567096865116	2.0
191.99143767356873	1.7460567096865116	2.0
192.00591015815735	1.7460567096865116	2.0
192.02049803733826	1.7490636852878065	2.0
192.03333282470703	1.7490636852878065	2.0
192.0493941307068	1.7521776765391324	2.0
192.06254076957703	1.7521776765391324	2.0
192.07580471038818	1.7521776765391324	2.0
192.08892846107483	1.7521776765391324	2.0
192.1042125225067	1.7563648414537643	2.0
192.11782360076904	1.7563648414537643	2.0
192.13428282737732	1.7611447724451164	2.0
192.14706254005432	1.7611447724451164	2.0
192.15923762321472	1.7611447724451164	2.0
192.1758897304535	1.7668116310456994	2.0
192.18853449821472	1.7668116310456994	2.0
192.20206236839294	1.7668116310456994	2.0
192.21638751029968	1.7723660451780066	2.0
192.22866034507751	1.7723660451780066	2.0
192.24083709716797	1.7723660451780066	2.0
192.2550880908966	1.7723660451780066	2.0
192.2677767276764	1.779497256018115	2.0
192.2810995578766	1.779497256018115	2.0
192.2962863445282	1.7864952871723543	2.0
192.30967330932617	1.7864952871723543	2.0
192.32288122177124	1.7864952871723543	2.0
192.33897614479065	1.7937292582132844	2.0
192.35201835632324	1.7937292582132844	2.0
192.36728644371033	1.7937292582132844	2.0
192.37975597381592	1.7963017701319752	2.0
192.39217114448547	1.7963017701319752	2.0
192.40561962127686	1.7963017701319752	2.0
192.42203974723816	1.79481022279155	2.0
192.43514704704285	1.79481022279155	2.0
192.44976449012756	nan	2.0
192.46335744857788	nan	2.0
192.4758334159851	nan	2.0
192.48888611793518	nan	2.0
192.5031714439392	nan	2.0
192.51647329330444	nan	2.0
192.5330023765564	nan	2.0
192.545756816864	nan	2.0
192.55878019332886	nan	2.0
192.57230806350708	nan	2.0
192.58695006370544	nan	2.0
192.59995698928833	nan	2.0
192.61271381378174	nan	2.0
192.6290361881256	nan	2.0
192.64155077934265	nan	2.0
192.65677738189697	nan	2.0
192.67002534866333	nan	2.0
192.68336009979248	nan	2.0
192.69679522514343	nan	2.0
192.71171832084656	nan	2.0
192.7247610092163	nan	2.0
192.74015522003174	nan	2.0
192.7525234222412	nan	2.0
192.76556420326233	nan	2.0
192.77917981147766	nan	2.0
192.79328536987305	nan	2.0
192.8065230846405	nan	2.0
192.82224488258362	nan	2.0
192.8354136943817	nan	2.0
192.84757137298584	nan	2.0
192.86197090148926	nan	2.0
192.87558913230896	nan	2.0
192.88934350013733	nan	2.0
192.903217792511	nan	2.0
192.91613340377808	nan	2.0
192.9283573627472	nan	2.0
192.94235706329346	nan	2.0
192.95540142059326	nan	2.0
192.9681112766266	nan	2.0
192.9829077720642	nan	2.0
192.99510145187378	nan	2.0
193.00713086128235	nan	2.0
193.02093720436096	nan	2.0
193.03471636772156	nan	2.0
193.04817914962769	nan	2.0
193.06376791000366	nan	2.0
193.07644867897034	nan	2.0
193.0905055999756	nan	2.0
193.1055941581726	nan	2.0
193.11819291114807	nan	2.0
193.13297200202942	nan	2.0
193.14646005630493	nan	2.0
193.1586594581604	nan	2.0
193.17090344429016	nan	2.0
193.1868040561676	nan	2.0
193.2001655101776	nan	2.0
193.21451687812805	nan	2.0
193.22711825370789	nan	2.0
193.23928380012512	nan	2.0
193.2514889240265	nan	2.0
193.2675166130066	nan	2.0
193.2797508239746	nan	2.0
193.29305839538574	nan	2.0
193.30691289901733	nan	2.0
193.32148337364197	nan	2.0
193.3344442844391	nan	2.0
193.34929895401	nan	2.0
193.3616213798523	nan	2.0
193.37483286857605	nan	2.0
193.3883113861084	nan	2.0
193.4035210609436	nan	2.0
193.41622161865234	nan	2.0
193.43190932273865	nan	2.0
193.4449119567871	nan	2.0
193.45729732513428	nan	2.0
193.47338461875916	nan	2.0
193.48606896400452	nan	2.0
193.50031208992004	nan	2.0
193.5138258934021	nan	2.0
193.52687430381775	nan	2.0
193.54014563560486	nan	2.0
193.5555510520935	nan	2.0
193.56809973716736	nan	2.0
193.58251976966858	nan	2.0
193.59565377235413	nan	2.0
193.60888648033142	nan	2.0
193.62235593795776	nan	2.0
193.6369047164917	nan	2.0
193.64991855621338	nan	2.0
193.66488909721375	nan	2.0
193.677072763443	nan	2.0
193.68992948532104	nan	2.0
193.7021701335907	nan	2.0
193.71828269958496	nan	2.0
193.73058652877808	nan	2.0
193.74615335464478	nan	2.0
193.7592430114746	nan	2.0
193.7720057964325	nan	2.0
193.7852966785431	nan	2.0
193.79966688156128	nan	2.0
193.81253051757812	nan	2.0
193.8287751674652	nan	2.0
193.8420684337616	nan	2.0
193.8544819355011	nan	2.0
193.86845207214355	nan	2.0
193.88232421875	nan	2.0
193.89449405670166	nan	2.0
193.90952014923096	nan	2.0
193.92258477210999	nan	2.0
193.9366912841797	nan	2.0
193.9528512954712	nan	2.0
193.96554446220398	nan	2.0
193.9798150062561	nan	2.0
193.99321269989014	nan	2.0
194.00682044029236	nan	2.0
194.0191948413849	nan	2.0
194.03399443626404	nan	2.0
194.04648733139038	nan	2.0
194.0597801208496	nan	2.0
194.07339334487915	nan	2.0
194.08764457702637	nan	2.0
194.1006281375885	nan	2.0
194.11532378196716	nan	2.0
194.1280801296234	nan	2.0
194.14150190353394	nan	2.0
194.15556478500366	nan	2.0
194.17041206359863	nan	2.0
194.18259191513062	nan	2.0
194.19694900512695	nan	2.0
194.2094705104828	nan	2.0
194.2219512462616	nan	2.0
194.23540663719177	nan	2.0
194.25029802322388	nan	2.0
194.26391315460205	nan	2.0
194.27826476097107	nan	2.0
194.29076647758484	nan	2.0
194.30419421195984	nan	2.0
194.31802415847778	nan	2.0
194.33085417747498	nan	2.0
194.3435573577881	nan	2.0
194.35820126533508	nan	2.0
194.37044191360474	nan	2.0
194.3827829360962	nan	2.0
194.3981909751892	nan	2.0
194.41146159172058	nan	2.0
194.42485904693604	nan	2.0
194.43956303596497	nan	2.0
194.4521369934082	nan	2.0
194.4645538330078	nan	2.0
194.47929525375366	nan	2.0
194.49181008338928	nan	2.0
194.50481986999512	nan	2.0
194.51889419555664	nan	2.0
194.5318205356598	nan	2.0
194.54492235183716	nan	2.0
194.5604224205017	nan	2.0
194.57300519943237	nan	2.0
194.58581256866455	nan	2.0
194.60151886940002	nan	2.0
194.6147861480713	nan	2.0
194.62793636322021	nan	2.0
194.6422393321991	nan	2.0
194.65640449523926	nan	2.0
194.67168593406677	nan	2.0
194.68553495407104	nan	2.0
194.69821524620056	nan	2.0
194.71167421340942	nan	2.0
194.72687315940857	nan	2.0
194.7397587299347	nan	2.0
194.75594401359558	nan	2.0
194.76913404464722	nan	2.0
194.7812831401825	nan	2.0
194.79469466209412	nan	2.0
194.8102912902832	nan	1.6
194.82271766662598	nan	1.6
194.83584475517273	nan	1.6
194.85154175758362	nan	1.6
194.86417269706726	nan	1.6
194.8786404132843	nan	1.6
194.89207220077515	nan	1.6
194.9044325351715	nan	1.6
194.91697335243225	nan	1.6
194.9336221218109	nan	1.6
194.94638109207153	nan	1.6
194.96193313598633	nan	1.6
194.9754581451416	nan	1.6
194.9875717163086	nan	1.6
195.00087141990662	nan	1.6
195.01735854148865	nan	1.6
195.03038454055786	nan	1.6
195.04576873779297	nan	1.6
195.05888438224792	nan	1.6
195.0720317363739	nan	1.6
195.08747005462646	nan	1.6
195.10046076774597	2.0587959315147293	1.6
195.11906266212463	2.0587959315147293	1.6
195.1346640586853	2.061316369428364	1.6
195.14758563041687	2.061316369428364	1.6
195.16010403633118	2.061316369428364	1.6
195.17576622962952	2.0632058464630902	1.6
195.18863487243652	2.0632058464630902	1.6
195.20564651489258	2.064757120527964	1.6
195.22413802146912	2.064757120527964	1.6
195.2367079257965	2.064757120527964	1.6
195.25475454330444	2.066174709676169	1.6
195.26696228981018	2.066174709676169	1.6
195.28200721740723	2.0672386296259697	1.6
195.29474425315857	2.0672386296259697	1.6
195.30765509605408	2.0672386296259697	1.6
195.32078075408936	2.0672386296259697	1.6
195.33599829673767	2.0693036113730363	1.6
195.34898138046265	2.0693036113730363	1.6
195.36452293395996	2.071832883371039	1.6
195.37730240821838	2.071832883371039	1.6
195.39004516601562	2.071832883371039	1.6
195.4067370891571	2.071832883371039	1.6
195.42651057243347	2.072913441695435	1.6
195.44862055778503	2.0737871340973255	1.6
195.4667308330536	2.0737871340973255	1.6
195.4872908592224	2.0737871340973255	1.6
195.50228428840637	2.0748861872669906	1.6
195.52135562896729	2.0748861872669906	1.6
195.53955960273743	2.076432623114383	1.6
195.56058311462402	2.076432623114383	1.6
195.58022046089172	2.079069774128061	1.6
195.6003339290619	2.079069774128061	1.6
195.61636543273926	2.080834700880719	1.6
195.63095903396606	2.080834700880719	1.6
195.6459276676178	2.080834700880719	1.6
195.66276693344116	2.0822761263161316	1.6
195.6754584312439	2.0822761263161316	1.6
195.69059801101685	2.0822761263161316	1.6
195.70570588111877	2.0840171273171326	1.6
195.72009229660034	2.0840171273171326	1.6
195.7365882396698	2.0856671840504255	1.6
195.75150322914124	2.0856671840504255	1.6
195.76449847221375	2.0856671840504255	1.6
195.7822072505951	2.087253805038865	1.6
195.79622673988342	2.087253805038865	1.6
195.81222915649414	2.090066718952804	1.6
195.82598304748535	2.090066718952804	1.6
195.83862709999084	2.090066718952804	1.6
195.8552372455597	2.092965525279906	1.6
195.87187218666077	2.092965525279906	1.6
195.89529585838318	2.0956959989874813	1.6
195.91508650779724	2.0956959989874813	1.6
195.93817472457886	2.097709082423384	1.6
195.9550940990448	2.097709082423384	1.6
195.9735255241394	2.0991637291625147	1.6
195.9894504547119	2.0991637291625147	1.6
196.00233721733093	2.0991637291625147	1.6
196.01790142059326	2.101345909847873	1.6
196.03065180778503	2.101345909847873	1.6
196.04454064369202	2.101345909847873	1.6
196.05837965011597	2.1035916778729513	1.6
196.0711100101471	2.1035916778729513	1.6
196.08400201797485	2.1035916778729513	1.6
196.1009223461151	2.105160513851787	1.6
196.12129282951355	2.105160513851787	1.6
196.13660168647766	2.105706151157574	1.6
196.14964270591736	2.105706151157574	1.6
196.1622929573059	2.105706151157574	1.6
196.17871379852295	2.106765669411156	1.6
196.19179964065552	2.106765669411156	1.6
196.207270860672	2.106765669411156	1.6
196.22028040885925	2.106945934780964	1.6
196.23241925239563	2.106945934780964	1.6
196.24509692192078	2.106945934780964	1.6
196.25998950004578	2.1070605069469357	1.6
196.2733495235443	2.1070605069469357	1.6
196.28790473937988	2.1070781497567728	1.6
196.30093336105347	2.1070781497567728	1.6
196.313711643219	2.1070781497567728	1.6
196.3264000415802	2.1070781497567728	1.6
196.34248805046082	2.107710275215565	1.6
196.35480904579163	2.107710275215565	1.6
196.3673403263092	2.107710275215565	1.6
196.38154816627502	2.107710275215565	1.6
196.39532351493835	2.1074320381334983	1.6
196.40919613838196	2.1074320381334983	1.6
196.42451930046082	2.1072342741583423	1.6
196.43780827522278	2.1072342741583423	1.6
196.45037245750427	2.1072342741583423	1.6
196.46609091758728	2.1062825350279075	1.6
196.4792468547821	2.1062825350279075	1.6
196.4942593574524	2.1062825350279075	1.6
196.50783610343933	2.1057905675343234	1.6
196.5207281112671	2.1057905675343234	1.6
196.53378534317017	2.1057905675343234	1.6
196.54800462722778	2.105478607051543	1.6
196.56103086471558	2.105478607051543	1.6
196.57718539237976	2.1044899843482243	1.6
196.59021472930908	2.1044899843482243	1.6
196.60334134101868	2.1044899843482243	1.6
196.6193516254425	2.1044899843482243	1.6
196.6368761062622	2.104166083704186	1.6
196.65050673484802	2.104166083704186	1.6
196.66495752334595	2.103171929031522	1.6
196.6776101589203	2.103171929031522	1.6
196.69002389907837	2.103171929031522	1.6
196.70514059066772	2.1023841306008437	1.6
196.72020483016968	2.1023841306008437	1.6
196.73585176467896	2.1015401649370666	1.6
196.74918842315674	2.1015401649370666	1.6
196.761385679245	2.1015401649370666	1.6
196.77436709403992	2.1015401649370666	1.6
196.790509223938	2.1015741205820078	1.6
196.80278658866882	2.1015741205820078	1.6
196.81814670562744	2.1019943316870724	1.6
196.83078813552856	2.1019943316870724	1.6
196.84301209449768	2.1019943316870724	1.6
196.85698294639587	2.1019943316870724	1.6
196.87266564369202	2.103119585803883	1.6
196.88561058044434	2.103119585803883	1.6
196.90118980407715	2.1042474945177054	1.6
196.9137544631958	2.1042474945177054	1.6
196.92615389823914	2.1042474945177054	1.6
196.939115524292	2.1042474945177054	1.6
196.95465087890625	2.105869639603201	1.6
196.96738266944885	2.105869639603201	1.6
196.98272848129272	2.106703414732972	1.6
196.99546360969543	2.106703414732972	1.6
197.0076014995575	2.106703414732972	1.6
197.0239646434784	2.107171771665844	1.6
197.0366780757904	2.107171771665844	1.6
197.04998970031738	2.107171771665844	1.6
197.06503248214722	2.108243626253256	1.6
197.0775921344757	2.108243626253256	1.6
197.09011149406433	2.108243626253256	1.6
197.10810327529907	2.109372410712401	1.6
197.1209375858307	2.109372410712401	1.6
197.13360404968262	2.109372410712401	1.6
197.14860081672668	2.109372410712401	1.6
197.16222763061523	2.1103342489731842	1.6
197.17481303215027	2.1103342489731842	1.6
197.19138073921204	2.1109417843785647	1.6
197.20398473739624	2.1109417843785647	1.6
197.21627926826477	2.1109417843785647	1.6
197.23173761367798	2.1109417843785647	1.6
197.24530863761902	2.1111895966146497	1.6
197.2593548297882	2.1111895966146497	1.6
197.27441573143005	2.1114964264558598	1.6
197.28704142570496	2.1114964264558598	1.6
197.29973793029785	2.1114964264558598	1.6
197.31465411186218	2.1125425746697326	1.6
197.32716608047485	2.1125425746697326	1.6
197.3431761264801	2.1125425746697326	1.6
197.35586762428284	2.1131327189548728	1.6
197.36839318275452	2.1131327189548728	1.6
197.38051223754883	2.1131327189548728	1.6
197.39487767219543	2.1148295263943337	1.6
197.40720081329346	2.1148295263943337	1.6
197.4215006828308	2.1148295263943337	1.6
197.43489956855774	2.1154659484535827	1.6
197.4475178718567	2.1154659484535827	1.6
197.45989799499512	2.1154659484535827	1.6
197.47660613059998	2.116117282119605	1.6
197.48924350738525	2.116117282119605	1.6
197.50339198112488	2.1169326397787986	1.6
197.5159010887146	2.1169326397787986	1.6
197.52852368354797	2.1169326397787986	1.6
197.54144740104675	2.1169326397787986	1.6
197.55651783943176	2.117672439253864	1.6
197.56938242912292	2.117672439253864	1.6
197.5846562385559	2.118192418162322	1.6
197.59798669815063	2.118192418162322	1.6
197.61023783683777	2.118192418162322	1.6
197.6227629184723	2.118192418162322	1.6
197.63810515403748	2.1184963505771504	1.6
197.65087246894836	2.1184963505771504	1.6
197.6665267944336	2.119493429991988	1.6
197.67940831184387	2.119493429991988	1.6
197.69181108474731	2.119493429991988	1.6
197.70477890968323	2.119493429991988	1.6
197.71916508674622	2.11924125527003	1.6
197.7319359779358	2.11924125527003	1.6
197.74884676933289	2.11903338618925	1.6
197.76153564453125	2.11903338618925	1.6
197.77419233322144	2.11903338618925	1.6
197.789048910141	2.11903338618925	1.6
197.80318975448608	2.1184818574165947	1.6
197.81549859046936	2.1184818574165947	1.6
197.82759642601013	2.1184818574165947	1.6
197.8428599834442	2.1190080093944847	1.6
197.85617232322693	2.1190080093944847	1.6
197.87146401405334	2.1196860898319265	1.6
197.88415479660034	2.1196860898319265	1.6
197.8979947566986	2.1196860898319265	1.6
197.91018176078796	2.1196860898319265	1.6
197.92669796943665	2.1201019968695527	1.6
197.9399561882019	2.1201019968695527	1.6
197.95589900016785	2.120428813787982	1.6
197.96967697143555	2.120428813787982	1.6
197.98331880569458	2.120428813787982	1.6
198.00050234794617	2.1205467610354933	1.6
198.02068185806274	2.1205467610354933	1.6
198.04106068611145	2.1212690072493943	1.6
198.0563611984253	2.1212690072493943	1.6
198.07026195526123	2.1212690072493943	1.6
198.08570265769958	2.121312706294641	1.6
198.10258555412292	2.121312706294641	1.6
198.11846733093262	2.121879938430054	1.6
198.13323163986206	2.121879938430054	1.6
198.15007281303406	2.121879938430054	1.6
198.1672899723053	2.1224008501947593	1.6
198.18264770507812	2.1224008501947593	1.6
198.1992073059082	2.1226099362457083	1.6
198.21398425102234	2.1226099362457083	1.6
198.23170018196106	2.1226099362457083	1.6
198.25042963027954	2.1237676814036064	1.6
198.26318836212158	2.1237676814036064	1.6
198.2778561115265	2.124859603617278	1.6
198.29003763198853	2.124859603617278	1.6
198.30249190330505	2.124859603617278	1.6
198.31683683395386	2.124859603617278	1.6
198.33036017417908	2.1262520743708673	1.6
198.3437581062317	2.1262520743708673	1.6
198.3593394756317	2.1276355640458453	1.6
198.37223625183105	2.1276355640458453	1.6
198.38433861732483	2.1276355640458453	1.6
198.39839935302734	2.1276355640458453	1.6
198.41146779060364	2.128459606851558	1.6
198.42439079284668	2.128459606851558	1.6
198.43945288658142	2.1296218516525345	1.6
198.45322465896606	2.1296218516525345	1.6
198.46826839447021	2.1296218516525345	1.6
198.48516392707825	2.129494995880787	1.6
198.4988796710968	2.129494995880787	1.6
198.5152451992035	2.1300818517716964	1.6
198.52766919136047	2.1300818517716964	1.6
198.54060077667236	2.1300818517716964	1.6
198.55457544326782	2.1300818517716964	1.6
198.5715572834015	2.1302212853523357	1.6
198.58458971977234	2.1302212853523357	1.6
198.5982882976532	2.1302212853523357	1.6
198.6150689125061	2.1306282018348335	1.6
198.63086986541748	2.1306282018348335	1.6
198.64716506004333	2.1300470719065183	1.6
198.65963196754456	2.1300470719065183	1.6
198.6733078956604	2.1300470719065183	1.6
198.68910384178162	2.1297565259223057	1.6
198.70295405387878	2.1297565259223057	1.6
198.71737432479858	2.1297565259223057	1.6
198.73127126693726	2.129186011690455	1.6
198.74509167671204	2.129186011690455	1.6
198.75855994224548	2.129186011690455	1.6
198.7740957736969	2.128899807083804	1.6
198.78738498687744	2.128899807083804	1.6
198.80182266235352	2.1288173060473587	1.6
198.8156008720398	2.1288173060473587	1.6
198.82906031608582	2.1288173060473587	1.6
198.84423446655273	2.1288173060473587	1.6
198.85891437530518	2.1276867607874754	1.6
198.87218499183655	2.1276867607874754	1.6
198.88725471496582	2.12844695608147	1.6
198.89998769760132	2.12844695608147	1.6
198.9122862815857	2.12844695608147	1.6
198.92784333229065	2.12844695608147	1.6
198.94072437286377	2.1280213319341	1.6
198.9549117088318	2.1280213319341	1.6
198.97065114974976	2.1282098283966646	1.6
198.9838125705719	2.1282098283966646	1.6
198.99634909629822	2.1282098283966646	1.6
199.0112280845642	2.12846593786412	1.6
199.02455520629883	2.12846593786412	1.6
199.03988528251648	2.1286184746509074	1.6
199.0529751777649	2.1286184746509074	1.6
199.0657458305359	2.1286184746509074	1.6
199.07839822769165	2.1286184746509074	1.6
199.09489631652832	2.1292893183386417	1.6
199.10738039016724	2.1292893183386417	1.6
199.12298607826233	2.12987951159458	1.6
199.13565349578857	2.12987951159458	1.6
199.14825105667114	2.12987951159458	1.6
199.16057300567627	2.12987951159458	1.6
199.17549467086792	2.1290166570654527	1.6
199.18812942504883	2.1290166570654527	1.6
199.2042601108551	2.1297461914393705	1.6
199.2168641090393	2.1297461914393705	1.6
199.2290699481964	2.1297461914393705	1.6
199.24272632598877	2.1297461914393705	1.6
199.2592008113861	2.130113291998792	1.6
199.2764973640442	2.130113291998792	1.6
199.29485273361206	2.1298373445950376	1.6
199.31503105163574	2.1298373445950376	1.6
199.33466172218323	2.1310931106809106	1.6
199.35052251815796	2.1310931106809106	1.6
199.36387372016907	2.1310931106809106	1.6
199.37997913360596	2.1322236271617707	1.6
199.3936972618103	2.1322236271617707	1.6
199.4088385105133	2.133447428307434	1.6
199.42203950881958	2.133447428307434	1.6
199.43513703346252	2.133447428307434	1.6
199.44796013832092	2.133447428307434	1.6
199.46373581886292	2.1348817203736936	1.6
199.47626566886902	2.1348817203736936	1.6
199.49186086654663	2.136080444409302	1.6
199.50446772575378	2.136080444409302	1.6
199.51689410209656	2.136080444409302	1.6
199.52940106391907	2.136080444409302	1.6
199.54523539543152	2.137344288420444	1.6
199.5595543384552	2.137344288420444	1.6
199.57565140724182	2.1398874409628172	1.6
199.58869671821594	2.1398874409628172	1.6
199.6009361743927	2.1398874409628172	1.6
199.6156985759735	2.1413951846954076	1.6
199.6281111240387	2.1413951846954076	1.6
199.6408085823059	2.1413951846954076	1.6
199.65561699867249	2.1440521510730126	1.6
199.66785740852356	2.1440521510730126	1.6
199.68032836914062	2.1440521510730126	1.6
199.69740271568298	2.1468211673124196	1.6
199.71027040481567	2.1468211673124196	1.6
199.7249791622162	2.1468211673124196	1.6
199.7375898361206	2.1471655343625193	1.6
199.75008893013	2.1471655343625193	1.6
199.76373052597046	2.1471655343625193	1.6
199.78024244308472	2.1480948333627525	1.6
199.79371166229248	2.1480948333627525	1.6
199.8091025352478	2.148883253060762	1.6
199.82190680503845	2.148883253060762	1.6
199.8343632221222	2.148883253060762	1.6
199.8471131324768	2.148883253060762	1.6
199.86269330978394	2.1494922171989357	1.6
199.87524724006653	2.1494922171989357	1.6
199.88980770111084	2.149304709600151	1.6
199.90323066711426	2.149304709600151	1.6
199.91611433029175	2.149304709600151	1.6
199.92930674552917	2.149304709600151	1.6
199.94414377212524	2.1500625593410834	1.6
199.95630645751953	2.1500625593410834	1.6
199.97322964668274	2.150026045579616	1.6
199.9867286682129	2.150026045579616	1.6
200.00063705444336	2.150026045579616	1.6
200.018404006958	2.150936470579616	1.6
200.0315716266632	2.150936470579616	1.6
200.04678082466125	2.150936470579616	1.6
200.06410312652588	2.151364530657037	1.6
200.08317017555237	2.151364530657037	1.6
200.1030764579773	2.151600112467932	1.6
200.1193561553955	2.151600112467932	1.6
200.13419198989868	2.151600112467932	1.6
200.14935755729675	2.1531731229890965	1.6
200.16312980651855	2.1531731229890965	1.6
200.17836546897888	2.154994740781	1.6
200.1916048526764	2.154994740781	1.6
200.20622849464417	2.154994740781	1.6
200.22565627098083	2.1561835791367487	1.6
200.2420973777771	2.1561835791367487	1.6
200.25892782211304	2.15776702875953	1.6
200.2723319530487	2.15776702875953	1.6
200.2857677936554	2.15776702875953	1.6
200.30070614814758	2.15776702875953	1.6
200.3153109550476	2.159441382949223	1.6
200.32853412628174	2.159441382949223	1.6
200.34463906288147	2.160584506892501	1.6
200.3586585521698	2.160584506892501	1.6
200.37647914886475	2.160584506892501	1.6
200.39730739593506	2.1626009954650525	1.6
200.41975450515747	2.1636805704650524	1.6
200.4417278766632	2.1636805704650524	1.6
200.46173667907715	2.1636805704650524	1.6
200.47749018669128	2.1646703059147874	1.6
200.4950568675995	2.1646703059147874	1.6
200.51803994178772	2.1663654120428926	1.6
200.5431730747223	2.1663654120428926	1.6
200.5612301826477	2.167572461223221	1.6
200.57815170288086	2.1678470361423146	1.6
200.59139227867126	2.1678470361423146	1.6
200.60560035705566	2.1678470361423146	1.6
200.61834287643433	2.1678470361423146	1.6
200.63365077972412	2.168923149234887	1.6
200.64695501327515	2.168923149234887	1.6
200.6621835231781	2.1693647677319974	1.6
200.6795334815979	2.1693647677319974	1.6
200.70144772529602	2.1693647677319974	1.6
200.72453927993774	2.1697487594644413	1.6
200.7472755908966	2.169500300400114	1.6
200.7697548866272	2.169500300400114	1.6
200.79062032699585	2.168575025589031	1.6
200.81367897987366	2.168575025589031	1.6
200.83646368980408	2.167554657317076	1.6
200.85601091384888	2.167554657317076	1.6
200.87389612197876	2.1657836824743084	1.6
200.89079594612122	2.1657836824743084	1.6
200.9045696258545	2.1657836824743084	1.6
200.92048168182373	2.16320400326241	1.6
200.93402981758118	2.16320400326241	1.6
200.94880628585815	2.1610813365957435	1.6
200.961430311203	2.1610813365957435	1.6
200.97388219833374	2.1610813365957435	1.6
200.98670530319214	2.1610813365957435	1.6
201.00183081626892	2.159125868948684	1.6
201.0156307220459	2.159125868948684	1.6
201.03126001358032	2.156837051847345	1.6
201.04730033874512	2.156837051847345	1.6
201.06062841415405	2.156837051847345	1.6
201.07758784294128	2.1543207694265956	1.6
201.09518671035767	2.1543207694265956	1.6
201.1103138923645	2.152030672943005	1.6
201.12518191337585	2.152030672943005	1.6
201.13854670524597	2.152030672943005	1.6
201.1547601222992	2.1503600674140317	1.6
201.16857886314392	2.1503600674140317	1.6
201.18554735183716	2.148980978699298	1.6
201.1992962360382	2.148980978699298	1.6
201.21300864219666	2.148980978699298	1.6
201.22882556915283	2.148980978699298	1.6
201.25029301643372	2.1477195581149475	1.6
201.27198815345764	2.1461969387548163	1.6
201.29443669319153	2.1461969387548163	1.6
201.31589341163635	2.145448523773995	1.6
201.34084677696228	2.145448523773995	1.6
201.36542654037476	2.1447326018520725	1.6
201.3902702331543	2.1447326018520725	1.6
201.4124619960785	2.1436792865723024	1.6
201.4349329471588	2.14252790809541	1.6
201.45305347442627	2.14252790809541	1.6
201.47441601753235	2.1419512406636523	1.6
201.48987770080566	2.1419512406636523	1.6
201.5069899559021	2.1410111757469665	1.6
201.52182364463806	2.1410111757469665	1.6
201.53570199012756	2.1410111757469665	1.6
201.55126452445984	2.1410111757469665	1.6
201.5658130645752	2.1396454160813443	1.6
201.57919716835022	2.1396454160813443	1.6
201.5941276550293	2.1384944599684923	1.6
201.60772109031677	2.1384944599684923	1.6
201.62076950073242	2.1384944599684923	1.6
201.6378755569458	2.1373276692793426	1.6
201.65130257606506	2.1373276692793426	1.6
201.66626238822937	2.1373276692793426	1.6
201.682936668396	2.1371014914952706	1.6
201.69664406776428	2.1371014914952706	1.6
201.7128791809082	2.136181255910583	1.6
201.73131203651428	2.136181255910583	1.6
201.74826908111572	2.136181255910583	1.6
201.76957511901855	2.1356466851585125	1.6
201.78969764709473	2.1356466851585125	1.6
201.81130599975586	2.1345198763271003	1.6
201.82787013053894	2.1345198763271003	1.6
201.84468626976013	2.1335441443042296	1.6
201.85993599891663	2.1335441443042296	1.6
201.87809872627258	2.1327659661079563	1.6
201.89311933517456	2.1327659661079563	1.6
201.90876722335815	2.1327659661079563	1.6
201.92814326286316	2.1311642650884943	1.6
201.94244933128357	2.1311642650884943	1.6
201.95888924598694	2.1294532383625935	1.6
201.97214579582214	2.1294532383625935	1.6
201.98502826690674	2.1294532383625935	1.6
202.00201511383057	2.125920911548389	1.6
202.01491928100586	2.125920911548389	1.6
202.03655624389648	2.120251290035642	1.6
202.05912566184998	2.120251290035642	1.6
202.07957220077515	2.120251290035642	1.6
202.10208582878113	2.113231618984638	1.6
202.12442564964294	2.1055382531069466	1.6
202.1462380886078	2.1055382531069466	1.6
202.16790914535522	2.096759817510897	1.6
202.18804621696472	2.096759817510897	1.6
202.2097887992859	2.086304171167156	1.6
202.22760224342346	2.086304171167156	1.6
202.249596118927	2.074302628455571	1.6
202.27242803573608	2.0622063676154627	1.6
202.29039645195007	2.0622063676154627	1.6
202.30695724487305	2.0622063676154627	1.6
202.32412576675415	2.0496280873640225	1.6
202.3383846282959	2.0496280873640225	1.6
202.35210371017456	2.0496280873640225	1.6
202.3695387840271	2.035660557257228	1.6
202.38775777816772	2.035660557257228	1.6
202.40499711036682	2.023059386169049	1.6
202.41958260536194	2.023059386169049	1.6
202.43434810638428	2.023059386169049	1.6
202.4511957168579	2.01248916768702	1.6
202.4693410396576	2.01248916768702	1.6
202.4877564907074	2.0029413166073478	1.6
202.50401782989502	2.0029413166073478	1.6
202.51789712905884	2.0029413166073478	1.6
202.53258728981018	1.9934055995943034	1.6
202.54607272148132	1.9934055995943034	1.6
202.5622251033783	1.9848784988788382	1.6
202.57515406608582	1.9848784988788382	1.6
202.5896589756012	1.9848784988788382	1.6
202.6057574748993	1.9848784988788382	1.6
202.61958503723145	1.9785954802011598	1.6
202.63414573669434	1.9785954802011598	1.6
202.64930629730225	1.9738393165744352	1.6
202.66407442092896	1.9738393165744352	1.6
202.6778736114502	1.9738393165744352	1.6
202.69310116767883	1.9687843043333806	1.6
202.70609402656555	1.9687843043333806	1.6
202.722754240036	1.9652067353658427	1.6
202.7371973991394	1.9652067353658427	1.6
202.75184965133667	1.9652067353658427	1.6
202.76998376846313	1.9629269864390182	1.6
202.78884363174438	1.9629269864390182	1.6
202.80747604370117	1.961297228585898	1.6
202.8230631351471	1.961297228585898	1.6
202.8381323814392	1.961297228585898	1.6
202.85418939590454	1.959648056152884	1.6
202.86896538734436	1.959648056152884	1.6
202.885648727417	1.9583802346635946	1.6
202.90058279037476	1.9583802346635946	1.6
202.91617059707642	1.9583802346635946	1.6
202.9317421913147	1.9577477204300948	1.6
202.94681453704834	1.9577477204300948	1.6
202.96314454078674	1.9572425451145268	1.6
202.9779121875763	1.9572425451145268	1.6
202.99547791481018	1.9572425451145268	1.6
203.013906955719	1.9563720252079708	1.6
203.03139305114746	1.9563720252079708	1.6
203.04816222190857	1.954893537695353	1.6
203.06180667877197	1.954893537695353	1.6
203.07586550712585	1.954893537695353	1.6
203.09114813804626	1.954097151843048	1.6
203.10700297355652	1.954097151843048	1.6
203.12030601501465	1.954097151843048	1.6
203.1379234790802	1.9511517565016956	1.6
203.15129208564758	1.9511517565016956	1.6
203.16692996025085	1.9511517565016956	1.6
203.18177580833435	1.9490782733010437	1.6
203.19744348526	1.9490782733010437	1.6
203.21732759475708	1.944298839202053	1.6
203.235356092453	1.944298839202053	1.6
203.25584316253662	1.9394872219916237	1.6
203.27584099769592	1.9394872219916237	1.6
203.29612040519714	1.9333300526523236	1.6
203.31516885757446	1.9333300526523236	1.6
203.33516716957092	1.926997404299294	1.6
203.35629892349243	1.926997404299294	1.6
203.378924369812	1.9189234736584566	1.6
203.40305042266846	1.9189234736584566	1.6
203.42608761787415	1.910783050882308	1.6
203.4497411251068	1.910783050882308	1.6
203.47191953659058	1.901453328096642	1.6
203.49511051177979	1.8914050950215842	1.6
203.51651167869568	1.8914050950215842	1.6
203.53946161270142	1.8821218485267857	1.6
203.5606026649475	1.8821218485267857	1.6
203.58197379112244	1.8719088154952979	1.6
203.60020542144775	1.8719088154952979	1.6
203.61997270584106	1.864457867126531	1.6
203.63644790649414	1.864457867126531	1.6
203.65359377861023	1.8566292477387758	1.6
203.6670787334442	1.8566292477387758	1.6
203.6804974079132	1.8566292477387758	1.6
203.69613885879517	1.8566292477387758	1.6
203.7113859653473	1.850474647439111	1.6
203.7298080921173	1.8438564007700324	1.6
203.74982810020447	1.8438564007700324	1.6
203.7660276889801	1.8438564007700324	1.6
203.78386783599854	1.8387524392932122	1.6
203.8016550540924	1.8387524392932122	1.6
203.81949973106384	1.8336672221833397	1.6
203.83687329292297	1.8336672221833397	1.6
203.85455703735352	1.8336672221833397	1.6
203.87005734443665	1.830587776996174	1.6
203.88391137123108	1.830587776996174	1.6
203.89934420585632	1.830587776996174	1.6
203.91769003868103	1.8285345223282057	1.6
203.93417358398438	1.8285345223282057	1.6
203.95311284065247	1.8271528548171823	1.6
203.96952533721924	1.8271528548171823	1.6
203.98856472969055	1.8262956501905712	1.6
204.00407767295837	1.8262956501905712	1.6
204.0208432674408	1.8253093407623104	1.6
204.0366132259369	1.8253093407623104	1.6
204.0503969192505	1.8253093407623104	1.6
204.06778955459595	1.8248654061758445	1.6
204.08172821998596	1.8248654061758445	1.6
204.1001102924347	1.824234982714622	1.6
204.11502933502197	1.824234982714622	1.6
204.12971663475037	1.824234982714622	1.6
204.14850234985352	1.8243060089668468	1.6
204.16372871398926	1.8243060089668468	1.6
204.18092250823975	1.824164852977102	1.6
204.1949164867401	1.824164852977102	1.6
204.20802569389343	1.824164852977102	1.6
204.2220435142517	1.824164852977102	1.6
204.23668575286865	1.8245612170953514	1.6
204.25126338005066	1.8245612170953514	1.6
204.26502895355225	1.8248725187132255	1.6
204.2776927947998	1.8248725187132255	1.6
204.29028129577637	1.8248725187132255	1.6
204.30665397644043	1.8246284272413167	1.6
204.32002329826355	1.8246284272413167	1.6
204.3374171257019	1.825250276570522	1.6
204.35402703285217	1.825250276570522	1.6
204.37042093276978	1.825250276570522	1.6
204.38803935050964	1.8248416238489746	1.6
204.40225434303284	1.8248416238489746	1.6
204.41907453536987	1.8243936877566547	1.6
204.43453001976013	1.8243936877566547	1.6
204.44867134094238	1.8243936877566547	1.6
204.46895360946655	1.8238074624088025	1.6
204.4877791404724	1.8238074624088025	1.6
204.50443983078003	1.8229517491379046	1.6
204.5171525478363	1.8229517491379046	1.6
204.52930545806885	1.8229517491379046	1.6
204.5451169013977	1.8219767498823956	1.6
204.5589897632599	1.8219767498823956	1.6
204.57606601715088	1.8219767498823956	1.6
204.59645771980286	1.8205281459690341	1.6
204.61897087097168	1.8205281459690341	1.6
204.64168548583984	1.8194411018105558	1.6
204.66399931907654	1.8194411018105558	1.6
204.68708038330078	1.8170289449661046	1.6
204.70918607711792	1.8145756659033485	1.6
204.73207902908325	1.8145756659033485	1.6
204.75265264511108	1.8116445617366819	1.6
204.76908540725708	1.8116445617366819	1.6
204.78495955467224	1.8116445617366819	1.6
204.80095839500427	1.809787038865288	1.6
204.81536221504211	1.809787038865288	1.6
204.83319640159607	1.8079185209578434	1.6
204.8491141796112	1.8079185209578434	1.6
204.86691188812256	1.8061638778846434	1.6
204.88027691841125	1.8061638778846434	1.6
204.89360809326172	1.8061638778846434	1.6
204.90870356559753	1.8061638778846434	1.6
204.92330622673035	1.804388765751878	1.6
204.93751549720764	1.804388765751878	1.6
204.9531455039978	1.8027079293296377	1.6
204.9673147201538	1.8027079293296377	1.6
204.98257613182068	1.8027079293296377	1.6
205.00034141540527	1.8019919759774496	1.6
205.01500725746155	1.8019919759774496	1.6
205.0312237739563	1.8007187539250658	1.6
205.04609560966492	1.8007187539250658	1.6
205.05948185920715	1.8007187539250658	1.6
205.0752329826355	1.8010300127566592	1.6
205.08832907676697	1.8010300127566592	1.6
205.10383415222168	1.8010300127566592	1.6
205.11866998672485	1.8009189787713147	1.6
205.13225293159485	1.8009189787713147	1.6
205.1477997303009	1.8009189787713147	1.6
205.1625006198883	1.8011633996967291	1.6
205.17566394805908	1.8011633996967291	1.6
205.1921181678772	1.8004865507485488	1.6
205.20564603805542	1.8004865507485488	1.6
205.2182173728943	1.8004865507485488	1.6
205.2334280014038	1.8000359133264934	1.6
205.24577498435974	1.8000359133264934	1.6
205.25972890853882	1.8000359133264934	1.6
205.2782211303711	1.7993804218285177	1.6
205.29442834854126	1.7993804218285177	1.6
205.31175231933594	1.7993804218285177	1.6
205.32867121696472	1.79949650846156	1.6
205.34836268424988	1.7989140097785046	1.6
205.36770248413086	1.7989140097785046	1.6
205.38153409957886	1.7989140097785046	1.6
205.39792919158936	1.7964171805636433	1.6
205.4111361503601	1.7964171805636433	1.6
205.4247522354126	1.7964171805636433	1.6
205.44018268585205	1.793846884685557	1.6
205.4538700580597	1.793846884685557	1.6
205.46746969223022	1.793846884685557	1.6
205.48251128196716	1.7905561804635686	1.6
205.4954388141632	1.7905561804635686	1.6
205.50869631767273	1.7905561804635686	1.6
205.524582862854	1.7850472597088511	1.6
205.5382354259491	1.7850472597088511	1.6
205.5550034046173	1.7791814316719083	1.6
205.568692445755	1.7791814316719083	1.6
205.581698179245	1.7791814316719083	1.6
205.5972044467926	1.7791814316719083	1.6
205.61135172843933	1.773193458406012	1.6
205.62523221969604	1.773193458406012	1.6
205.64150166511536	1.7663770923069406	1.6
205.65629816055298	1.7663770923069406	1.6
205.66919016838074	1.7663770923069406	1.6
205.68618178367615	1.7574293087904576	1.6
205.70034456253052	1.7574293087904576	1.6
205.7205514907837	1.747748199769528	1.6
205.73802375793457	1.747748199769528	1.6
205.75514888763428	1.747748199769528	1.6
205.7761640548706	1.7370674099371777	1.6
205.79465651512146	1.7266983917104983	1.6
205.81044721603394	1.7266983917104983	1.6
205.82496857643127	1.7266983917104983	1.6
205.84364104270935	1.7147547111314836	1.6
205.858295917511	1.7147547111314836	1.6
205.8766770362854	1.702980068735238	1.6
205.89455890655518	1.702980068735238	1.6
205.91297912597656	1.702980068735238	1.6
205.9319727420807	1.6930763103537352	1.6
205.95429468154907	1.6833727024512979	1.6
205.96942257881165	1.6833727024512979	1.6
205.98308730125427	1.6833727024512979	1.6
206.00048780441284	1.6833727024512979	1.6
206.01521825790405	1.6744210639377841	1.6
206.03138852119446	1.6744210639377841	1.6
206.04519271850586	1.6651710348680164	1.6
206.0577163696289	1.6651710348680164	1.6
206.06998944282532	1.6651710348680164	1.6
206.08642029762268	1.6579273737380802	1.6
206.0990116596222	1.6579273737380802	1.6
206.11667561531067	1.6508079178772035	1.6
206.13033509254456	1.6508079178772035	1.6
206.14322972297668	1.6508079178772035	1.6
206.15872263908386	1.6508079178772035	1.6
206.17240190505981	1.6454610767208515	1.6
206.18539834022522	1.6454610767208515	1.6
206.2000696659088	1.6454610767208515	1.6
206.2147843837738	1.6411104463483586	1.6
206.22734022140503	1.6411104463483586	1.6
206.24278569221497	1.6385335581369762	1.6
206.25540399551392	1.6385335581369762	1.6
206.26823449134827	1.6385335581369762	1.6
206.28104424476624	1.6385335581369762	1.6
206.29654145240784	1.6359763657747006	1.6
206.30934953689575	1.6359763657747006	1.6
206.32497882843018	1.6338466806779426	1.6
206.33765411376953	1.6338466806779426	1.6
206.35022902488708	1.6338466806779426	1.6
206.36550068855286	1.6338466806779426	1.6
206.3784053325653	1.6316674231327373	1.6
206.39155554771423	1.6316674231327373	1.6
206.40548610687256	1.629947686646251	1.6
206.4177224636078	1.629947686646251	1.6
206.43011140823364	1.629947686646251	1.6
206.4438989162445	1.629947686646251	1.6
206.4587709903717	1.6292145490493517	1.6
206.47230982780457	1.6292145490493517	1.6
206.486426115036	1.62938533628489	1.6
206.4991533756256	1.62938533628489	1.6
206.5120301246643	1.62938533628489	1.6
206.52662086486816	1.62938533628489	1.6
206.5397629737854	1.6296732227958763	1.6
206.55403399467468	1.6296732227958763	1.6
206.56867289543152	1.6305102361795352	1.6
206.58176922798157	1.6305102361795352	1.6
206.59420013427734	1.6305102361795352	1.6
206.6091845035553	1.6315782323290136	1.6
206.62127590179443	1.6315782323290136	1.6
206.63559556007385	1.6315782323290136	1.6
206.65036249160767	1.6334236850653323	1.6
206.6638584136963	1.6334236850653323	1.6
206.67619633674622	1.6334236850653323	1.6
206.69144988059998	1.634900465757631	1.6
206.70387887954712	1.634900465757631	1.6
206.71863770484924	1.634900465757631	1.6
206.73168325424194	1.6371414799961255	1.6
206.74521660804749	1.6371414799961255	1.6
206.75802493095398	1.6371414799961255	1.6
206.77330684661865	1.6395622182243108	1.6
206.78588366508484	1.6395622182243108	1.6
206.80253744125366	1.6414201233967247	1.6
206.81554174423218	1.6414201233967247	1.6
206.82814073562622	1.6414201233967247	1.6
206.8405864238739	1.6414201233967247	1.6
206.85552048683167	1.6436766137068024	1.6
206.86819505691528	1.6436766137068024	1.6
206.8807237148285	1.6436766137068024	1.6
206.89599561691284	1.6436766137068024	1.6
206.90937542915344	1.644707978809992	1.6
206.92452764511108	1.644707978809992	1.6
206.94093894958496	1.6458610115368628	1.6
206.95395827293396	1.6458610115368628	1.6
206.96740651130676	1.6458610115368628	1.6
206.98145961761475	1.6467315138164722	1.6
206.9942648410797	1.6467315138164722	1.6
207.0102505683899	1.6483884034987397	1.6
207.023530960083	1.6483884034987397	1.6
207.03672909736633	1.6483884034987397	1.6
207.05101346969604	1.6483884034987397	1.6
207.0653715133667	1.648936997232484	1.6
207.07806873321533	1.648936997232484	1.6
207.09224653244019	1.650797491443873	1.6
207.1051788330078	1.650797491443873	1.6
207.1177327632904	1.650797491443873	1.6
207.1314115524292	1.650797491443873	1.6
207.14688229560852	1.6517887744149824	1.6
207.16007947921753	1.6517887744149824	1.6
207.17547821998596	1.6523391583338807	1.6
207.18837928771973	1.6523391583338807	1.6
207.2012963294983	1.6523391583338807	1.6
207.21702122688293	1.6536584927085052	1.6
207.22932887077332	1.6536584927085052	1.6
207.24471974372864	1.6536584927085052	1.6
207.25828909873962	1.653989537344664	1.6
207.27336382865906	1.653989537344664	1.6
207.28788590431213	1.653989537344664	1.6
207.3024709224701	1.6546394453979012	1.6
207.3164927959442	1.6546394453979012	1.6
207.33254027366638	1.6548336953377762	1.6
207.34646654129028	1.6548336953377762	1.6
207.35956597328186	1.6548336953377762	1.6
207.37604308128357	1.6548336953377762	1.6
207.38958525657654	1.6544258248573698	1.6
207.40591168403625	1.6544258248573698	1.6
207.4203815460205	1.6537142066131867	1.6
207.43421387672424	1.6537142066131867	1.6
207.44798874855042	1.6537142066131867	1.6
207.4630160331726	1.6531097487956068	1.6
207.47636222839355	1.6531097487956068	1.6
207.49187707901	1.6512738294868492	1.6
207.5059733390808	1.6512738294868492	1.6
207.51927638053894	1.6512738294868492	1.6
207.5370156764984	1.6504671615543223	1.6
207.5502278804779	1.6504671615543223	1.6
207.56693053245544	1.6504671615543223	1.6
207.5804123878479	1.649638978205413	1.6
207.59415817260742	1.649638978205413	1.6
207.60647821426392	1.649638978205413	1.6
207.62115144729614	1.647436253364257	1.6
207.63427448272705	1.647436253364257	1.6
207.64665484428406	1.647436253364257	1.6
207.66310667991638	1.647436253364257	1.6
207.67683815956116	1.6455052233199812	1.6
207.69211077690125	1.6455052233199812	1.6
207.70554876327515	1.6427582136059051	1.6
207.71847319602966	1.6427582136059051	1.6
207.73062777519226	1.6427582136059051	1.6
207.74629306793213	1.64012981846437	1.6
207.75974321365356	1.64012981846437	1.6
207.7754464149475	1.6352158648520205	1.6
207.7883620262146	1.6352158648520205	1.6
207.80052590370178	1.6352158648520205	1.6
207.81406617164612	1.6352158648520205	1.6
207.8282608985901	1.627257330639964	1.6
207.8410768508911	1.627257330639964	1.6
207.85614466667175	1.627257330639964	1.6
207.86946892738342	1.6179924032778044	1.6
207.88168168067932	1.6179924032778044	1.6
207.89501762390137	1.6179924032778044	1.6
207.91048431396484	1.6084164296370584	1.6
207.92364835739136	1.6084164296370584	1.6
207.93852829933167	1.597560203213242	1.6
207.95159149169922	1.597560203213242	1.6
207.96422362327576	1.597560203213242	1.6
207.97680521011353	1.597560203213242	1.6
207.99102759361267	1.5849605907533089	1.6
208.0046329498291	1.5849605907533089	1.6
208.01987028121948	1.5730155138927304	1.6
208.03305315971375	1.5730155138927304	1.6
208.04603338241577	1.5730155138927304	1.6
208.0593707561493	1.5730155138927304	1.6
208.07408094406128	1.5600123039565568	1.6
208.087012052536	1.5600123039565568	1.6
208.10117840766907	1.5473074974725993	1.6
208.11702752113342	1.5473074974725993	1.6
208.12988567352295	1.5473074974725993	1.6
208.14663362503052	1.534160236380748	1.6
208.15965270996094	1.534160236380748	1.6
208.17369651794434	1.534160236380748	1.6
208.18662881851196	1.5232034897554718	1.6
208.19974422454834	1.5232034897554718	1.6
208.21246647834778	1.5232034897554718	1.6
208.22782135009766	1.5149074429290585	1.6
208.24070048332214	1.5149074429290585	1.6
208.25684356689453	1.5079858396911703	1.6
208.26927208900452	1.5079858396911703	1.6
208.28155040740967	1.5079858396911703	1.6
208.29503917694092	1.5079858396911703	1.6
208.30904531478882	1.5017194794761166	1.6
208.32187604904175	1.5017194794761166	1.6
208.3366503715515	1.496160409718603	1.6
208.35016417503357	1.496160409718603	1.6
208.36332392692566	1.496160409718603	1.6
208.37781310081482	1.496160409718603	1.6
208.39445877075195	1.49232742724235	1.6
208.40767812728882	1.49232742724235	1.6
208.42235660552979	1.49232742724235	1.6
208.43866419792175	1.489082785943593	1.6
208.45480251312256	1.489082785943593	1.6
208.47469210624695	1.4867317373148023	1.6
208.48846459388733	1.4867317373148023	1.6
208.50460076332092	1.4867317373148023	1.6
208.52143502235413	1.4853241209535037	1.6
208.53859066963196	1.4853241209535037	1.6
208.55538606643677	1.4847167403687085	1.6
208.56899094581604	1.4847167403687085	1.6
208.58545517921448	1.4847167403687085	1.6
208.60274124145508	1.4846277037238416	1.6
208.61788940429688	1.4846277037238416	1.6
208.63368892669678	1.4848975708126795	1.6
208.64699411392212	1.4848975708126795	1.6
208.6596405506134	1.4848975708126795	1.6
208.67474102973938	1.4855950210935787	1.6
208.68816924095154	1.4855950210935787	1.6
208.7033989429474	1.4855950210935787	1.6
208.71681928634644	1.4866185639890208	1.6
208.72909784317017	1.4866185639890208	1.6
208.74116206169128	1.4866185639890208	1.6
208.75595688819885	1.4871573450237086	1.6
208.76914954185486	1.4871573450237086	1.6
208.7846086025238	1.4878341598190226	1.6
208.79911994934082	1.4878341598190226	1.6
208.81204295158386	1.4878341598190226	1.6
208.82671546936035	1.4878341598190226	1.6
208.84158420562744	1.4886736623187975	1.6
208.85419869422913	1.4886736623187975	1.6
208.87037134170532	1.4897944040770392	1.6
208.8829698562622	1.4897944040770392	1.6
208.89634132385254	1.4897944040770392	1.6
208.91348671913147	1.490690198716353	1.6
208.92698550224304	1.490690198716353	1.6
208.9415545463562	1.490690198716353	1.6
208.9568133354187	1.4916273273650016	1.6
208.9711937904358	1.4916273273650016	1.6
208.9853072166443	1.4916273273650016	1.6
209.00444197654724	1.491754586937878	1.6
209.02180171012878	1.491754586937878	1.6
209.03830885887146	1.492140809372482	1.6
209.05226349830627	1.492140809372482	1.6
209.06706428527832	1.492140809372482	1.6
209.08256554603577	1.4922046431188378	1.6
209.09781455993652	1.4922046431188378	1.6
209.11185240745544	1.4920260070030564	1.6
209.12529230117798	1.4920260070030564	1.6
209.1379692554474	1.4920260070030564	1.6
209.15399837493896	1.4923660122316411	1.6
209.1667881011963	1.4923660122316411	1.6
209.1797387599945	1.4923660122316411	1.6
209.19291472434998	1.4923660122316411	1.6
209.20762968063354	1.4926567823835104	1.6
209.22061681747437	1.4926567823835104	1.6
209.23551106452942	1.4928340761133927	1.6
209.24787068367004	1.4928340761133927	1.6
209.26065230369568	1.4928340761133927	1.6
209.27417469024658	1.4928340761133927	1.6
209.28770685195923	1.4918109781067481	1.6
209.30018711090088	1.4918109781067481	1.6
209.3167223930359	1.4914930757390974	1.6
209.32890582084656	1.4914930757390974	1.6
209.34107446670532	1.4914930757390974	1.6
209.3549246788025	1.4914930757390974	1.6
209.36906385421753	1.4906987574739294	1.6
209.38244366645813	1.4906987574739294	1.6
209.39877557754517	1.4903204213597285	1.6
209.41288304328918	1.4903204213597285	1.6
209.4258484840393	1.4903204213597285	1.6
209.44151520729065	1.489323156293232	1.6
209.45420241355896	1.489323156293232	1.6
209.46729850769043	1.489323156293232	1.6
209.4813416004181	1.4877697742878238	1.6
209.49402284622192	1.4877697742878238	1.6
209.5062711238861	1.4877697742878238	1.6
209.52191948890686	1.4864980648765838	1.6
209.5345196723938	1.4864980648765838	1.6
209.550213098526	1.4864980648765838	1.6
209.56558775901794	1.4851913552748945	1.6
209.57878255844116	1.4851913552748945	1.6
209.59152674674988	1.4851913552748945	1.6
209.60654616355896	1.48441996751081	1.6
209.61926651000977	1.48441996751081	1.6
209.6346833705902	1.4823267420366588	1.6
209.6477439403534	1.4823267420366588	1.6
209.66049933433533	1.4823267420366588	1.6
209.67512106895447	1.4823267420366588	1.6
209.68904781341553	1.481858969187798	1.6
209.70282649993896	1.481858969187798	1.6
209.71859526634216	1.4810288342455378	1.6
209.73183751106262	1.4810288342455378	1.6
209.7446427345276	1.4810288342455378	1.6
209.75966143608093	1.4810288342455378	1.6
209.77287316322327	1.4799281705287235	1.6
209.7865924835205	1.4799281705287235	1.6
209.80032896995544	1.47937960747887	1.6
209.8129506111145	1.47937960747887	1.6
209.82497715950012	1.47937960747887	1.6
209.84092688560486	1.4787654783384017	1.6
209.85334730148315	1.4787654783384017	1.6
209.86727905273438	1.4787654783384017	1.6
209.8803493976593	1.47872846698207	1.6
209.89325761795044	1.47872846698207	1.6
209.90574884414673	1.47872846698207	1.6
209.9210867881775	1.4776435115491329	1.6
209.93412399291992	1.4776435115491329	1.6
209.94735527038574	1.4776435115491329	1.6
209.9602494239807	1.4776435115491329	1.6
209.97509145736694	1.4766669179973355	1.6
209.98730182647705	1.4766669179973355	1.6
210.00288462638855	1.4752591055872717	1.6
210.01679253578186	1.4752591055872717	1.6
210.02920794487	1.4752591055872717	1.6
210.04372310638428	1.4752591055872717	1.6
210.05744051933289	1.4744814882852189	1.6
210.06978034973145	1.4744814882852189	1.6
210.08615040779114	1.4727140519397952	1.6
210.09896087646484	1.4727140519397952	1.6
210.11113357543945	1.4727140519397952	1.6
210.12994647026062	1.4712193079474307	1.6
210.14561223983765	1.4712193079474307	1.6
210.16058993339539	1.4696387089890974	1.6
210.1734082698822	1.4696387089890974	1.6
210.18566608428955	1.4696387089890974	1.6
210.1978883743286	1.4696387089890974	1.6
210.2155966758728	1.468078078903071	1.6
210.23628330230713	1.468078078903071	1.6
210.2516496181488	1.465843777952791	1.6
210.26464676856995	1.465843777952791	1.6
210.2769193649292	1.465843777952791	1.6
210.29230070114136	1.4639627210097341	1.6
210.30529808998108	1.4639627210097341	1.6
210.32020902633667	1.4627801751526817	1.6
210.33326816558838	1.4627801751526817	1.6
210.34555053710938	1.4627801751526817	1.6
210.35977482795715	1.4627801751526817	1.6
210.37403559684753	1.4602024972266319	1.6
210.3866229057312	1.4602024972266319	1.6
210.40155291557312	1.4574715946382413	1.6
210.4154405593872	1.4574715946382413	1.6
210.4341938495636	1.4574715946382413	1.6
210.45250916481018	1.4551878186738496	1.6
210.4715931415558	1.4551878186738496	1.6
210.48826622962952	1.4529672013388628	1.6
210.50797176361084	1.4529672013388628	1.6
210.52391171455383	1.4529672013388628	1.6
210.54527521133423	1.4505147190527563	1.6
210.56189942359924	1.4485525149807863	1.6
210.57534527778625	1.4485525149807863	1.6
210.58815574645996	1.4485525149807863	1.6
210.60240268707275	1.4485525149807863	1.6
210.61698961257935	1.4466216502870828	1.6
210.62989211082458	1.4466216502870828	1.6
210.64498782157898	1.4450311733864631	1.6
210.65810227394104	1.4450311733864631	1.6
210.671644449234	1.4450311733864631	1.6
210.68687629699707	1.4450311733864631	1.6
210.69993233680725	1.4434839394286807	1.6
210.7146008014679	1.4434839394286807	1.6
210.72813248634338	1.4434839394286807	1.6
210.74197793006897	1.4416482384642557	1.6
210.7555799484253	1.4416482384642557	1.6
210.77120327949524	1.4405088944229112	1.6
210.78418016433716	1.4405088944229112	1.6
210.7964425086975	1.4405088944229112	1.6
210.81097793579102	1.4405088944229112	1.6
210.82480096817017	1.4395318656447524	1.6
210.83762216567993	1.4395318656447524	1.6
210.85329484939575	1.4386330046228428	1.6
210.86590051651	1.4386330046228428	1.6
210.87890219688416	1.4386330046228428	1.6
210.8952329158783	1.4386330046228428	1.6
210.9081792831421	1.43769181011114	1.6
210.92280173301697	1.43769181011114	1.6
210.93786883354187	1.436241418950919	1.6
210.95010709762573	1.436241418950919	1.6
210.9631850719452	1.436241418950919	1.6
210.9791407585144	1.434560471981222	1.6
210.9915235042572	1.434560471981222	1.6
211.0062894821167	1.434560471981222	1.6
211.01888608932495	1.431852849803411	1.6
211.03157925605774	1.431852849803411	1.6
211.04407048225403	1.431852849803411	1.6
211.05976033210754	1.4296757286790993	1.6
211.07241320610046	1.4296757286790993	1.6
211.08827924728394	1.4272875534490548	1.6
211.1009464263916	1.4272875534490548	1.6
211.11382484436035	1.4272875534490548	1.6
211.12592887878418	1.4272875534490548	1.6
211.14264798164368	1.424462850001715	1.6
211.15587377548218	1.424462850001715	1.6
211.17213249206543	1.4213830110065424	1.6
211.184561252594	1.4213830110065424	1.6
211.19679236412048	1.4213830110065424	1.6
211.2118637561798	1.4213830110065424	1.6
211.22534823417664	1.4178742206272112	1.6
211.23780131340027	1.4178742206272112	1.6
211.25235652923584	1.4135191541251406	1.6
211.26492834091187	1.4135191541251406	1.6
211.27721047401428	1.4135191541251406	1.6
211.28970432281494	1.4135191541251406	1.6
211.30414748191833	1.4098649931880385	1.6
211.3168284893036	1.4098649931880385	1.6
211.33200883865356	1.4055430160141253	1.6
211.3450322151184	1.4055430160141253	1.6
211.35787391662598	1.4055430160141253	1.6
211.37256288528442	1.4055430160141253	1.6
211.38543510437012	1.4006732655365703	1.6
211.39756441116333	1.4006732655365703	1.6
211.40982246398926	1.4006732655365703	1.6
211.42549180984497	1.396321806384175	1.6
211.438618183136	1.396321806384175	1.6
211.45506858825684	1.396321806384175	1.6
211.46826934814453	1.3913601327210066	1.6
211.4806900024414	1.3913601327210066	1.6
211.4981677532196	1.3913601327210066	1.6
211.51714277267456	1.3863755253667163	1.6
211.5376751422882	1.3816335497920038	1.6
211.551007270813	1.3816335497920038	1.6
211.56387424468994	1.3816335497920038	1.6
211.57703566551208	1.3816335497920038	1.6
211.59128260612488	1.37735908630316	1.6
211.60459160804749	1.37735908630316	1.6
211.619535446167	1.373811553518133	1.6
211.6322057247162	1.373811553518133	1.6
211.64460039138794	1.373811553518133	1.6
211.65881609916687	1.373811553518133	1.6
211.67223358154297	1.3702869361109824	1.6
211.68458938598633	1.3702869361109824	1.6
211.69901823997498	1.3669849121089925	1.6
211.7114396095276	1.3669849121089925	1.6
211.7237298488617	1.3669849121089925	1.6
211.73735356330872	1.3669849121089925	1.6
211.75183296203613	1.3647899823863539	1.6
211.76430678367615	1.3647899823863539	1.6
211.77989888191223	1.3630750058524146	1.6
211.79262351989746	1.3630750058524146	1.6
211.80521845817566	1.3630750058524146	1.6
211.81929659843445	1.3630750058524146	1.6
211.8326301574707	1.3616650121240261	1.6
211.84491419792175	1.3616650121240261	1.6
211.8611936569214	1.360903096445502	1.6
211.873619556427	1.360903096445502	1.6
211.8873691558838	1.360903096445502	1.6
211.90400862693787	1.360739908900415	1.6
211.91638088226318	1.360739908900415	1.6
211.93091344833374	1.360739908900415	1.6
211.9457426071167	1.3615906510906697	1.6
211.9580991268158	1.3615906510906697	1.6
211.9708857536316	1.3615906510906697	1.6
211.98656702041626	1.3625908744565984	1.6
211.9996678829193	1.3625908744565984	1.6
212.01612758636475	1.3639205860214108	1.6
212.0283658504486	1.3639205860214108	1.6
212.04083800315857	1.3639205860214108	1.6
212.0534896850586	1.3639205860214108	1.6
212.06784391403198	1.3662963175698541	1.6
212.0802080631256	1.3662963175698541	1.6
212.09564757347107	1.3662963175698541	1.6
212.10866332054138	1.3680090994237681	1.6
212.12084698677063	1.3680090994237681	1.6
212.13294768333435	1.3680090994237681	1.6
212.15046191215515	1.3700293668298742	1.6
212.16907739639282	1.3700293668298742	1.6
212.18370270729065	1.3700293668298742	1.6
212.19903683662415	1.3727812349781698	1.6
212.2115466594696	1.3727812349781698	1.6
212.2267725467682	1.375066163636483	1.6
212.23933053016663	1.375066163636483	1.6
212.2520031929016	1.375066163636483	1.6
212.2646906375885	1.375066163636483	1.6
212.27925372123718	1.3775063785452137	1.6
212.2914273738861	1.3775063785452137	1.6
212.3067603111267	1.3796496730003835	1.6
212.31933546066284	1.3796496730003835	1.6
212.33181738853455	1.3796496730003835	1.6
212.34475994110107	1.3796496730003835	1.6
212.35838723182678	1.3813537677793994	1.6
212.3705189228058	1.3813537677793994	1.6
212.3858859539032	1.3829848761962593	1.6
212.39848971366882	1.3829848761962593	1.6
212.4111349582672	1.3829848761962593	1.6
212.42388200759888	1.3829848761962593	1.6
212.43771696090698	1.3846952423944126	1.6
212.45021677017212	1.3846952423944126	1.6
212.46605968475342	1.385919331741492	1.6
212.47851300239563	1.385919331741492	1.6
212.49830985069275	1.385919331741492	1.6
212.51640629768372	1.3878428558920448	1.6
212.53036999702454	1.3878428558920448	1.6
212.54631900787354	1.3894099470678838	1.6
212.56059217453003	1.3894099470678838	1.6
212.57450151443481	1.3894099470678838	1.6
212.58919620513916	1.3894099470678838	1.6
212.60597729682922	1.3908643380833134	1.6
212.6215443611145	1.3908643380833134	1.6
212.6364665031433	1.3927483759099066	1.6
212.64950847625732	1.3927483759099066	1.6
212.66418600082397	1.3927483759099066	1.6
212.68007254600525	1.3944585540323042	1.6
212.6937644481659	1.3944585540323042	1.6
212.7095103263855	1.395615044111669	1.6
212.72312426567078	1.395615044111669	1.6
212.73673701286316	1.395615044111669	1.6
212.7525508403778	1.3976371622922747	1.6
212.76652336120605	1.3976371622922747	1.6
212.7823748588562	1.3976371622922747	1.6
212.79704928398132	1.3987704377891794	1.6
212.81060433387756	1.3987704377891794	1.6
212.82469987869263	1.3987704377891794	1.6
212.8404712677002	1.3997611890045254	1.6
212.85451984405518	1.3997611890045254	1.6
212.8700258731842	1.400469116175394	1.6
212.8844187259674	1.400469116175394	1.6
212.89731979370117	1.400469116175394	1.6
212.91380262374878	1.4009370262455496	1.6
212.9273145198822	1.4009370262455496	1.6
212.9405300617218	1.4009370262455496	1.6
212.9543707370758	1.4009370262455496	1.6
212.96868062019348	1.4015927928427048	1.6
212.98277401924133	1.4015927928427048	1.6
212.99740982055664	1.40203415182325	1.6
213.0104672908783	1.40203415182325	1.6
213.02307057380676	1.40203415182325	1.6
213.03822898864746	1.40203415182325	1.6
213.0514862537384	1.402520308123722	1.6
213.06518530845642	1.402520308123722	1.6
213.08062720298767	1.4029022004825156	1.6
213.09408354759216	1.4029022004825156	1.6
213.107812166214	1.4029022004825156	1.6
213.1235008239746	1.4032477612933263	1.6
213.13748359680176	1.4032477612933263	1.6
213.15334725379944	1.403240831581551	1.6
213.16695547103882	1.403240831581551	1.6
213.18018054962158	1.403240831581551	1.6
213.19571018218994	1.403240831581551	1.6
213.2117805480957	1.4039558859455665	1.6
213.22633481025696	1.4039558859455665	1.6
213.24021887779236	1.403946601564286	1.6
213.25302529335022	1.403946601564286	1.6
213.26616716384888	1.403946601564286	1.6
213.2815442085266	1.4041244310699752	1.6
213.29497647285461	1.4041244310699752	1.6
213.31082582473755	1.4046027098013305	1.6
213.323725938797	1.4046027098013305	1.6
213.33764147758484	1.4046027098013305	1.6
213.35042095184326	1.4046027098013305	1.6
213.3660111427307	1.4049330372814937	1.6
213.3790864944458	1.4049330372814937	1.6
213.3953080177307	1.40487461837094	1.6
213.40914511680603	1.40487461837094	1.6
213.42182517051697	1.40487461837094	1.6
213.43817496299744	1.40487461837094	1.6
213.45170736312866	1.405025753451706	1.6
213.46643590927124	1.405025753451706	1.6
213.48080229759216	1.404579949088265	1.6
213.49445629119873	1.404579949088265	1.6
213.50721645355225	1.404579949088265	1.6
213.52245211601257	1.4047407523471451	1.6
213.5361683368683	1.4047407523471451	1.6
213.55070400238037	1.4047407523471451	1.6
213.56470680236816	1.4045832700985277	1.6
213.57755732536316	1.4045832700985277	1.6
213.5909321308136	1.4045832700985277	1.6
213.606938123703	1.4048489067729621	1.6
213.6199450492859	1.4048489067729621	1.6
213.63610672950745	1.4059981310980194	1.6
213.64899706840515	1.4059981310980194	1.6
213.66248512268066	1.4059981310980194	1.6
213.6770417690277	1.4059981310980194	1.6
213.69067907333374	1.407249781828869	1.6
213.70379114151	1.407249781828869	1.6
213.7164113521576	1.407249781828869	1.6
213.73199367523193	1.4090201145177395	1.6
213.74508690834045	1.4090201145177395	1.6
213.76111912727356	1.4113662511079688	1.6
213.77454209327698	1.4113662511079688	1.6
213.7884075641632	1.4113662511079688	1.6
213.80420660972595	1.4113662511079688	1.6
213.8190393447876	1.4140467751319927	1.6
213.83430409431458	1.4140467751319927	1.6
213.84886837005615	1.4166428241171605	1.6
213.86184763908386	1.4166428241171605	1.6
213.87487769126892	1.4166428241171605	1.6
213.89044570922852	1.4195213430906795	1.6
213.9033534526825	1.4195213430906795	1.6
213.91787195205688	1.4195213430906795	1.6
213.93102836608887	1.4220567994344253	1.6
213.94492316246033	1.4220567994344253	1.6
213.95766258239746	1.4220567994344253	1.6
213.97242403030396	1.4246378481989652	1.6
213.98492074012756	1.4246378481989652	1.6
213.99947929382324	1.4246378481989652	1.6
214.01370763778687	1.4272202315484623	1.6
214.02602672576904	1.4272202315484623	1.6
214.03870701789856	1.4272202315484623	1.6
214.05264401435852	1.4294890502297812	1.6
214.065283536911	1.4294890502297812	1.6
214.0810203552246	1.4320232891638374	1.6
214.09392619132996	1.4320232891638374	1.6
214.10648036003113	1.4320232891638374	1.6
214.12073826789856	1.4320232891638374	1.6
214.13509440422058	1.4341746832981666	1.6
214.14813613891602	1.4341746832981666	1.6
214.1631579399109	1.4358144796155856	1.6
214.17596673965454	1.4358144796155856	1.6
214.18992280960083	1.4358144796155856	1.6
214.20543599128723	1.4358144796155856	1.6
214.21869802474976	1.4380315667026726	1.6
214.23199725151062	1.4380315667026726	1.6
214.2472448348999	1.4400571024169584	1.6
214.26019072532654	1.4400571024169584	1.6
214.27300906181335	1.4400571024169584	1.6
214.28925108909607	1.4430222790451182	1.6
214.30214381217957	1.4430222790451182	1.6
214.31785440444946	1.4430222790451182	1.6
214.3322856426239	1.4460438332563064	1.6
214.34613418579102	1.4460438332563064	1.6
214.3600161075592	1.4460438332563064	1.6
214.37444019317627	1.449049422529364	1.6
214.3875114917755	1.449049422529364	1.6
214.40393328666687	1.4519823199831217	1.6
214.41704273223877	1.4519823199831217	1.6
214.42986226081848	1.4519823199831217	1.6
214.446053981781	1.4519823199831217	1.6
214.46033906936646	1.4550392918641817	1.6
214.47321367263794	1.4550392918641817	1.6
214.48729610443115	1.4550392918641817	1.6
214.50366306304932	1.4581201321537343	1.6
214.5173215866089	1.4581201321537343	1.6
214.53373908996582	1.4606743688891477	1.6
214.54676938056946	1.4606743688891477	1.6
214.5596570968628	1.4606743688891477	1.6
214.57594466209412	1.463226761844132	1.6
214.5889847278595	1.463226761844132	1.6
214.60253047943115	1.463226761844132	1.6
214.61725544929504	1.4652382173697382	1.6
214.63196778297424	1.4652382173697382	1.6
214.6463062763214	1.4652382173697382	1.6
214.66206812858582	1.4672282173697384	1.6
214.67457175254822	1.4672282173697384	1.6
214.69142365455627	1.468391017774152	1.6
214.70545864105225	1.468391017774152	1.6
214.7192361354828	1.468391017774152	1.6
214.7356195449829	1.468391017774152	1.6
214.7490749359131	1.4696471177060164	1.6
214.76516675949097	1.4696471177060164	1.6
214.77919244766235	1.47087561613769	1.6
214.79255604743958	1.47087561613769	1.6
214.80814242362976	1.47087561613769	1.6
214.8236701488495	1.4721528700774769	1.6
214.8374695777893	1.4721528700774769	1.6
214.85336780548096	1.4728997591917437	1.6
214.86652135849	1.4728997591917437	1.6
214.87978053092957	1.4728997591917437	1.6
214.8972396850586	1.4732129362775415	1.6
214.9110336303711	1.4732129362775415	1.6
214.927175283432	1.4733675050330235	1.6
214.94094109535217	1.4733675050330235	1.6
214.95427298545837	1.4733675050330235	1.6
214.9688982963562	1.4733675050330235	1.6
214.98387336730957	1.4740077949896	1.6
214.9970784187317	1.4740077949896	1.6
215.01333332061768	1.4742826035089371	1.6
215.026629447937	1.4742826035089371	1.6
215.0401532649994	1.4742826035089371	1.6
215.0567488670349	1.4741839258229867	1.6
215.06997275352478	1.4741839258229867	1.6
215.08505988121033	1.4741839258229867	1.6
215.10328340530396	1.4739691847211494	1.6
215.1163911819458	1.4739691847211494	1.6
215.13192653656006	1.4739691847211494	1.6
215.14719152450562	1.473468618894819	1.6
215.160968542099	1.473468618894819	1.6
215.17709875106812	1.4719746436119467	1.6
215.1905586719513	1.4719746436119467	1.6
215.20396661758423	1.4719746436119467	1.6
215.22256064414978	1.4705340939822165	1.6
215.24062204360962	1.4705340939822165	1.6
215.2591233253479	1.4705340939822165	1.6
215.2751603126526	1.4687974233439582	1.6
215.29022884368896	1.4687974233439582	1.6
215.30560564994812	1.4668358566621846	1.6
215.318030834198	1.4668358566621846	1.6
215.33120369911194	1.4668358566621846	1.6
215.3480372428894	1.464581030399963	1.6
215.36309552192688	1.464581030399963	1.6
215.38089442253113	1.4621588987645662	1.6
215.39824509620667	1.4621588987645662	1.6
215.41354036331177	1.4621588987645662	1.6
215.43008422851562	1.4592690611460486	1.6
215.4438955783844	1.4592690611460486	1.6
215.45921778678894	1.4566692249001105	1.6
215.47234416007996	1.4566692249001105	1.6
215.48653388023376	1.4566692249001105	1.6
215.50034546852112	1.4566692249001105	1.6
215.5145218372345	1.454918780344666	1.6
215.52794647216797	1.454918780344666	1.6
215.5420491695404	1.4529942227541084	1.6
215.55480575561523	1.4529942227541084	1.6
215.5675356388092	1.4529942227541084	1.6
215.58224868774414	1.4529942227541084	1.6
215.59595441818237	1.4519194478484023	1.6
215.61075711250305	1.4519194478484023	1.6
215.6242184638977	1.4508214486992248	1.6
215.6379840373993	1.4508214486992248	1.6
215.65173983573914	1.4508214486992248	1.6
215.66796112060547	1.4509919651896266	1.6
215.68128323554993	1.4509919651896266	1.6
215.69697046279907	1.4512206858341439	1.6
215.71023964881897	1.4512206858341439	1.6
215.7238805294037	1.4512206858341439	1.6
215.74301552772522	1.4512206858341439	1.6
215.75655603408813	1.4520824989551973	1.6
215.77120518684387	1.4520824989551973	1.6
215.78727650642395	1.4529449836616295	1.6
215.80059051513672	1.4529449836616295	1.6
215.8158757686615	1.4529449836616295	1.6
215.83104038238525	1.4551657906645978	1.6
215.84509325027466	1.4551657906645978	1.6
215.86104011535645	1.4576473099156353	1.6
215.87530255317688	1.4576473099156353	1.6
215.88860964775085	1.4576473099156353	1.6
215.90460658073425	1.4588734560694814	1.6
215.91840982437134	1.4588734560694814	1.6
215.9328737258911	1.4588734560694814	1.6
215.9484269618988	1.4588734560694814	1.6
215.96367049217224	1.461043674901751	1.6
215.97692108154297	1.461043674901751	1.6
215.99202418327332	1.4639312028438942	1.6
216.00670456886292	1.4639312028438942	1.6
216.0194878578186	1.4639312028438942	1.6
216.03630328178406	1.467032352967319	1.6
216.04932498931885	1.467032352967319	1.6
216.06467294692993	1.4693388933415537	1.6
216.07849073410034	1.4693388933415537	1.6
216.0917568206787	1.4693388933415537	1.6
216.10512351989746	1.4693388933415537	1.6
216.12006974220276	1.4720140011939107	1.6
216.1333680152893	1.4720140011939107	1.6
216.14902472496033	1.4746987098581315	1.6
216.16304779052734	1.4746987098581315	1.6
216.17577409744263	1.4746987098581315	1.6
216.1908802986145	1.4746987098581315	1.6
216.2039611339569	1.4775116099360535	1.6
216.21881294250488	1.4775116099360535	1.6
216.2347822189331	1.4797344070876983	1.6
216.2477400302887	1.4797344070876983	1.6
216.26117134094238	1.4797344070876983	1.6
216.27671670913696	1.480981647000157	1.6
216.2903835773468	1.480981647000157	1.6
216.30695962905884	1.4807615842847304	1.6
216.3197169303894	1.4807615842847304	1.6
216.3336160182953	1.4807615842847304	1.6
216.34975004196167	1.4807615842847304	1.6
216.3634741306305	1.4803426211866826	1.6
216.37708640098572	1.4803426211866826	1.6
216.391503572464	1.4828652888588798	1.6
216.4048638343811	1.4828652888588798	1.6
216.41784358024597	1.4828652888588798	1.6
216.434424161911	nan	1.6
216.4476146697998	nan	1.6
216.46284127235413	nan	1.6
216.4770541191101	nan	1.6
216.49008464813232	nan	1.6
216.50456309318542	nan	1.6
216.5199465751648	nan	1.6
216.53369879722595	nan	1.6
216.54824447631836	nan	1.6
216.56142210960388	nan	1.6
216.5741822719574	nan	1.6
216.58919715881348	nan	1.6
216.60235786437988	nan	1.6
216.61694931983948	nan	1.6
216.63171005249023	nan	1.6
216.6461672782898	nan	1.6
216.6590211391449	nan	1.6
216.67434358596802	nan	1.6
216.68801736831665	nan	1.6
216.70063757896423	nan	1.6
216.7168972492218	nan	1.6
216.73034763336182	nan	1.6
216.74409127235413	nan	1.6
216.7640025615692	nan	1.6
216.78426003456116	nan	1.6
216.80477809906006	nan	1.6
216.82192134857178	nan	1.6
216.83781242370605	nan	1.6
216.85188722610474	nan	1.6
216.86622023582458	nan	1.6
216.88189506530762	nan	1.6
216.8959321975708	nan	1.6
216.91257405281067	nan	1.6
216.92777061462402	nan	1.6
216.94189286231995	nan	1.6
216.9611372947693	nan	1.6
216.97599720954895	nan	1.6
216.99302625656128	nan	1.6
217.00818991661072	nan	1.6
217.02227544784546	nan	1.6
217.03985404968262	nan	1.6
217.05477619171143	nan	1.6
217.07074689865112	nan	1.6
217.0846939086914	nan	1.6
217.09907579421997	nan	1.6
217.1141984462738	nan	1.6
217.12967157363892	nan	1.6
217.1452066898346	nan	1.6
217.16252613067627	nan	1.6
217.17751669883728	nan	1.6
217.19197630882263	nan	1.6
217.20956993103027	nan	1.6
217.22506737709045	nan	1.6
217.24076056480408	nan	1.6
217.2548427581787	nan	1.6
217.26844334602356	nan	1.6
217.2845377922058	nan	1.6
217.29742336273193	nan	1.6
217.31403923034668	nan	1.6
217.3271780014038	nan	1.6
217.34066033363342	nan	1.6
217.35548639297485	nan	1.6
217.37130331993103	nan	1.6
217.38582229614258	nan	1.6
217.40110778808594	nan	1.6
217.41491389274597	nan	1.6
217.42874240875244	nan	1.6
217.44405794143677	nan	1.6
217.4617202281952	nan	1.6
217.47669744491577	nan	1.6
217.49189400672913	nan	1.6
217.5065746307373	nan	1.6
217.5218334197998	nan	1.6
217.53600907325745	nan	1.6
217.54950213432312	nan	1.6
217.56551671028137	nan	1.6
217.58021068572998	nan	1.6
217.59590101242065	nan	1.6
217.61064052581787	nan	1.6
217.6251983642578	nan	1.6
217.63875937461853	nan	1.6
217.65449237823486	nan	1.6
217.66770434379578	nan	1.6
217.68367838859558	nan	1.6
217.6968274116516	nan	1.6
217.71077275276184	nan	1.6
217.72554993629456	nan	1.6
217.73949646949768	nan	1.6
217.75496554374695	nan	1.6
217.76921486854553	nan	1.6
217.7821409702301	nan	1.6
217.7955596446991	nan	1.6
217.81103587150574	nan	1.6
217.824951171875	nan	1.6
217.84057545661926	nan	1.6
217.85489869117737	nan	1.6
217.86782002449036	nan	1.6
217.8810691833496	nan	1.6
217.89570569992065	nan	1.6
217.90903878211975	nan	1.6
217.9246916770935	nan	1.6
217.93738341331482	nan	1.6
217.95020818710327	nan	1.6
217.96675062179565	nan	1.6
217.9805781841278	nan	1.6
217.99627137184143	nan	1.6
218.0096447467804	nan	1.6
218.02280116081238	nan	1.6
218.0358338356018	nan	1.6
218.0515809059143	nan	1.6
218.06562089920044	nan	1.6
218.08072924613953	nan	1.6
218.09401416778564	nan	1.6
218.10778212547302	nan	1.6
218.12147188186646	nan	1.6
218.13884615898132	nan	1.6
218.15357327461243	nan	1.6
218.16801714897156	nan	1.6
218.181405544281	nan	1.6
218.1942596435547	nan	1.6
218.21035480499268	nan	1.6
218.22325658798218	nan	1.6
218.23648858070374	nan	1.6
218.2511067390442	nan	1.6
218.26641845703125	nan	1.6
218.2797498703003	nan	1.6
218.29538702964783	nan	1.6
218.30864810943604	nan	1.6
218.3219017982483	nan	1.6
218.3379373550415	nan	1.6
218.35120749473572	nan	1.6
218.36737847328186	nan	1.6
218.38139581680298	nan	1.6
218.3945541381836	nan	1.6
218.41181206703186	nan	1.6
218.42697930335999	nan	1.6
218.44041061401367	nan	1.6
218.4548578262329	nan	1.6
218.46794509887695	nan	1.6
218.4811611175537	nan	1.6
218.4977662563324	nan	1.6
218.51144671440125	nan	1.6
218.52862858772278	nan	1.6
218.54252886772156	nan	1.6
218.55577993392944	nan	1.6
218.57291293144226	nan	1.6
218.5893371105194	nan	1.6
218.60645270347595	nan	1.6
218.6226043701172	nan	1.6
218.6369616985321	nan	1.6
218.6509644985199	nan	1.6
218.66626286506653	nan	1.6
218.68006420135498	nan	1.6
218.69630074501038	nan	1.6
218.71003437042236	nan	1.6
218.72342109680176	nan	1.6
218.73998069763184	nan	1.6
218.75317978858948	nan	1.6
218.76938223838806	nan	1.6
218.78243494033813	nan	1.6
218.8010618686676	nan	1.6
218.82055759429932	nan	1.6
218.8389699459076	nan	1.6
218.85516595840454	nan	1.6
218.86885499954224	nan	1.6
218.88207936286926	nan	1.6
218.89893746376038	nan	1.6
218.91222763061523	nan	1.6
218.92809438705444	1.5886560582212526	1.6
218.94152116775513	1.5886560582212526	1.6
218.95588159561157	1.5886560582212526	1.6
218.96908473968506	1.5886560582212526	1.6
218.98392415046692	1.5922629092729559	1.6
218.99667954444885	1.5922629092729559	1.6
219.0095522403717	1.5922629092729559	1.6
219.02677369117737	1.5963266850956992	1.6
219.03959584236145	1.5963266850956992	1.6
219.05670809745789	1.6009018641113353	1.6
219.06969261169434	1.6009018641113353	1.6
219.08291912078857	1.6009018641113353	1.6
219.0971896648407	1.6009018641113353	1.6
219.11203408241272	1.6040015658256863	1.6
219.12581324577332	1.6040015658256863	1.6
219.14058470726013	1.6070634521893221	1.6
219.15374970436096	1.6070634521893221	1.6
219.1663637161255	1.6070634521893221	1.6
219.18077325820923	1.6070634521893221	1.6
219.194354057312	1.610040528143203	1.6
219.20757031440735	1.610040528143203	1.6
219.2218816280365	1.612824070822398	1.6
219.2353482246399	1.612824070822398	1.6
219.24818325042725	1.612824070822398	1.6
219.2649781703949	1.6153893524302507	1.6
219.27792406082153	1.6153893524302507	1.6
219.29197001457214	1.6153893524302507	1.6
219.30761742591858	1.6171495982221242	1.6
219.3206307888031	1.6171495982221242	1.6
219.33500003814697	1.6171495982221242	1.6
219.34996366500854	1.6193129517437128	1.6
219.36316347122192	1.6193129517437128	1.6
219.38020300865173	1.6213119124535607	1.6
219.39365577697754	1.6213119124535607	1.6
219.406982421875	1.6213119124535607	1.6
219.42253184318542	1.6213119124535607	1.6
219.43667101860046	1.6224317214526423	1.6
219.4523344039917	1.6224317214526423	1.6
219.46636605262756	1.623288101761893	1.6
219.47921895980835	1.623288101761893	1.6
219.4924657344818	1.623288101761893	1.6
219.50884747505188	1.6240464174588165	1.6
219.52246356010437	1.6240464174588165	1.6
219.53895258903503	1.6246126253443816	1.6
219.55279397964478	1.6246126253443816	1.6
219.56628513336182	1.6246126253443816	1.6
219.582115650177	1.6246126253443816	1.6
219.5962040424347	1.625167257777551	1.6
219.6102695465088	1.625167257777551	1.6
219.62499117851257	1.6257996198736901	1.6
219.63771271705627	1.6257996198736901	1.6
219.65092086791992	1.6257996198736901	1.6
219.66631698608398	1.6270550494441196	1.6
219.67940545082092	1.6270550494441196	1.6
219.69557404518127	1.627951023601011	1.6
219.71019983291626	1.627951023601011	1.6
219.72363424301147	1.627951023601011	1.6
219.73706650733948	1.627951023601011	1.6
219.7521960735321	1.6282227464991255	1.6
219.76514291763306	1.6282227464991255	1.6
219.77840638160706	1.6282227464991255	1.6
219.7935540676117	1.6275653384388977	1.6
219.80695962905884	1.6275653384388977	1.6
219.82288599014282	1.6275653384388977	1.6
219.83655858039856	1.6271473992810859	1.6
219.84977960586548	1.6271473992810859	1.6
219.86353158950806	1.6271473992810859	1.6
219.87866377830505	1.626556782761582	1.6
219.89180541038513	1.626556782761582	1.6
219.90749502182007	1.6263969584019649	1.6
219.92051696777344	1.6263969584019649	1.6
219.93413090705872	1.6263969584019649	1.6
219.94884395599365	1.6263969584019649	1.6
219.96378827095032	1.6263678068772216	1.6
219.97786688804626	1.6263678068772216	1.6
219.99177527427673	1.6263310492441996	1.6
220.00599765777588	1.6263310492441996	1.6
220.01984643936157	1.6263310492441996	1.6
220.0356376171112	1.627629894328661	1.6
220.04836297035217	1.627629894328661	1.6
220.06414675712585	1.627374194407667	1.6
220.07696175575256	1.627374194407667	1.6
220.09001779556274	1.627374194407667	1.6
220.10320472717285	1.627374194407667	1.6
220.1190369129181	1.628061238925649	1.6
220.1316521167755	1.628061238925649	1.6
220.14702010154724	1.6282820593971548	1.6
220.15997457504272	1.6282820593971548	1.6
220.1731081008911	1.6282820593971548	1.6
220.18795561790466	1.6282820593971548	1.6
220.20125198364258	1.6294181588514878	1.6
220.21427083015442	1.6294181588514878	1.6
220.22940230369568	1.6303184743033827	1.6
220.2420265674591	1.6303184743033827	1.6
220.2548234462738	1.6303184743033827	1.6
220.26978754997253	1.6303184743033827	1.6
220.28337812423706	nan	1.6
220.29775977134705	nan	1.6
220.31263875961304	nan	1.6
220.32535219192505	nan	1.6
220.3379089832306	nan	1.6
220.35324835777283	nan	1.6
220.36640810966492	nan	1.6
220.383775472641	nan	1.6
220.39744424819946	nan	1.6
220.41054606437683	nan	1.6
220.42524552345276	nan	1.6
220.44029188156128	nan	1.6
220.45348644256592	nan	1.6
220.4678647518158	nan	1.6
220.48526620864868	nan	1.6
220.49838590621948	nan	1.6
220.5153136253357	nan	1.6
220.53132128715515	nan	1.6
220.5460000038147	nan	1.6
220.56235265731812	nan	1.6
220.57732272148132	nan	1.6
220.5931646823883	nan	1.6
220.60870957374573	nan	1.6
220.62315034866333	nan	1.6
220.6400227546692	nan	1.6
220.65603232383728	nan	1.6
220.67339396476746	nan	1.6
220.6891851425171	nan	1.6
220.70260047912598	nan	1.6
220.7209825515747	nan	1.6
220.73668336868286	nan	1.6
220.7536063194275	nan	1.6
220.76814484596252	nan	1.6
220.78158044815063	nan	1.6
220.7967987060547	nan	1.6
220.8105490207672	nan	1.6
220.82407069206238	nan	1.6
220.83801555633545	nan	1.6
220.8506407737732	nan	1.6
220.8648862838745	nan	1.6
220.88174200057983	nan	1.6
220.89462208747864	nan	1.6
220.90912008285522	nan	1.6
220.9224181175232	nan	1.6
220.9351840019226	nan	1.6
220.94749236106873	nan	1.6
220.96323227882385	nan	1.6
220.97581696510315	nan	1.6
220.9927282333374	nan	1.6
221.00605416297913	nan	1.6
221.01854825019836	nan	1.6
221.0314257144928	nan	1.6
221.04512071609497	nan	1.6
221.05760550498962	nan	1.6
221.07237553596497	nan	1.6
221.08534574508667	nan	1.6
221.09756231307983	nan	1.6
221.1110134124756	nan	1.6
221.12613081932068	1.6574149251653225	1.6
221.1388611793518	1.6574149251653225	1.6
221.1542055606842	1.657045716126278	1.6
221.1664698123932	1.657045716126278	1.6
221.179025888443	1.657045716126278	1.6
221.19326281547546	1.657045716126278	1.6
221.2089548110962	1.6557201709022713	1.6
221.2219362258911	1.6557201709022713	1.6
221.23438096046448	1.6557201709022713	1.6
221.24949717521667	1.6553976345583183	1.6
221.26220202445984	1.6553976345583183	1.6
221.27754831314087	1.6553976345583183	1.6
221.29088807106018	1.6545409704392249	1.6
221.30359363555908	1.6545409704392249	1.6
221.31622624397278	1.6545409704392249	1.6
221.33145689964294	1.653802442003914	1.6
221.3440501689911	1.653802442003914	1.6
221.35939288139343	1.6521944318436834	1.6
221.37222909927368	1.6521944318436834	1.6
221.38467931747437	1.6521944318436834	1.6
221.39682245254517	1.6521944318436834	1.6
221.41131234169006	1.6506586731946737	1.6
221.423983335495	1.6506586731946737	1.6
221.43837571144104	1.6506586731946737	1.6
221.45199155807495	1.649395328042098	1.6
221.46478247642517	1.649395328042098	1.6
221.47676825523376	1.649395328042098	1.6
221.4925835132599	1.6482688244038404	1.6
221.50538969039917	1.6482688244038404	1.6
221.5203459262848	1.6472374496277449	1.6
221.53358721733093	1.6472374496277449	1.6
221.54674363136292	1.6472374496277449	1.6
221.5610694885254	1.6472374496277449	1.6
221.57503247261047	1.6473438950696273	1.6
221.5875506401062	1.6473438950696273	1.6
221.60359573364258	1.6471968402936337	1.6
221.61625909805298	1.6471968402936337	1.6
221.62877893447876	1.6471968402936337	1.6
221.6423864364624	1.6471968402936337	1.6
221.6560173034668	1.6474582421431507	1.6
221.66822385787964	1.6474582421431507	1.6
221.6838083267212	1.6478156366992358	1.6
221.69639492034912	1.6478156366992358	1.6
221.70891427993774	1.6478156366992358	1.6
221.72313046455383	1.6478156366992358	1.6
221.73723554611206	1.6486332105633665	1.6
221.75049591064453	1.6486332105633665	1.6
221.76581072807312	1.6494979368797815	1.6
221.77812504768372	1.6494979368797815	1.6
221.7906472682953	1.6494979368797815	1.6
221.80477333068848	1.6494979368797815	1.6
221.81773686408997	1.6513743598058752	1.6
221.83083510398865	1.6513743598058752	1.6
221.84530425071716	1.6528139370448396	1.6
221.8575894832611	1.6528139370448396	1.6
221.87035012245178	1.6528139370448396	1.6
221.88555240631104	1.6528139370448396	1.6
221.89933514595032	1.6544095324362686	1.6
221.9133358001709	1.6544095324362686	1.6
221.9267499446869	1.6560815082925207	1.6
221.93929982185364	1.6560815082925207	1.6
221.95231199264526	1.6560815082925207	1.6
221.9668002128601	1.6560815082925207	1.6
221.97980260849	1.6578997808918559	1.6
221.9919707775116	1.6578997808918559	1.6
222.00428700447083	1.6578997808918559	1.6
222.02099204063416	1.6599587707982457	1.6
222.03377962112427	1.6599587707982457	1.6
222.04951643943787	1.6625164310546563	1.6
222.06222915649414	1.6625164310546563	1.6
222.07472968101501	1.6625164310546563	1.6
222.08817148208618	1.6625164310546563	1.6
222.1019322872162	1.665432537059558	1.6
222.11486148834229	1.665432537059558	1.6
222.12917137145996	1.6681026950871913	1.6
222.14231777191162	1.6681026950871913	1.6
222.15453696250916	1.6681026950871913	1.6
222.16716694831848	1.6681026950871913	1.6
222.1815369129181	1.6709937485197757	1.6
222.19421696662903	1.6709937485197757	1.6
222.2088496685028	1.6732049620687264	1.6
222.2211456298828	1.6732049620687264	1.6
222.23393940925598	1.6732049620687264	1.6
222.24672937393188	1.6732049620687264	1.6
222.2626974582672	1.6751148196532608	1.6
222.27534461021423	1.6751148196532608	1.6
222.29081058502197	1.6777173730591108	1.6
222.3040120601654	1.6777173730591108	1.6
222.3162305355072	1.6777173730591108	1.6
222.32933974266052	1.6777173730591108	1.6
222.3442234992981	1.679600450316776	1.6
222.3568079471588	1.679600450316776	1.6
222.37176132202148	1.6820007590361221	1.6
222.384516954422	1.6820007590361221	1.6
222.39779591560364	1.6820007590361221	1.6
222.41234493255615	1.6820007590361221	1.6
222.4259490966797	1.684928929742621	1.6
222.43873596191406	1.684928929742621	1.6
222.45324540138245	1.6864282014616905	1.6
222.46610689163208	1.6864282014616905	1.6
222.47911930084229	1.6864282014616905	1.6
222.49430441856384	1.6864282014616905	1.6
222.5073266029358	1.688023351668562	1.6
222.52236485481262	1.688023351668562	1.6
222.53780031204224	1.6895646024293653	1.6
222.55096077919006	1.6895646024293653	1.6
222.56487464904785	1.6895646024293653	1.6
222.58072590827942	1.6906727398807118	1.6
222.5936107635498	1.6906727398807118	1.6
222.6103973388672	1.691213593545239	1.6
222.62340641021729	1.691213593545239	1.6
222.6356918811798	1.691213593545239	1.6
222.64900660514832	1.691213593545239	1.6
222.66391038894653	1.6922171673861421	1.6
222.67691898345947	1.6922171673861421	1.6
222.69135451316833	1.692908231780164	1.6
222.70491552352905	1.692908231780164	1.6
222.7172360420227	1.692908231780164	1.6
222.7298548221588	1.692908231780164	1.6
222.74392366409302	1.6936994453041034	1.6
222.75680565834045	1.6936994453041034	1.6
222.76958990097046	1.6936994453041034	1.6
222.7855625152588	1.6932028985975163	1.6
222.7979645729065	1.6932028985975163	1.6
222.81199479103088	1.6932028985975163	1.6
222.8260588645935	1.692325541632044	1.6
222.8391923904419	1.692325541632044	1.6
222.85210275650024	1.692325541632044	1.6
222.86790680885315	1.692172071195026	1.6
222.88041853904724	1.692172071195026	1.6
222.89516353607178	1.692172071195026	1.6
222.9081573486328	1.6911606799081156	1.6
222.92060613632202	1.6911606799081156	1.6
222.93274068832397	1.6911606799081156	1.6
222.94781684875488	1.6900003108677424	1.6
222.96025490760803	1.6900003108677424	1.6
222.9755780696869	1.6897184697616943	1.6
222.98948621749878	1.6897184697616943	1.6
223.00168347358704	1.6897184697616943	1.6
223.01604175567627	1.6897184697616943	1.6
223.03086876869202	1.6895462699023096	1.6
223.04332375526428	1.6895462699023096	1.6
223.0598270893097	1.6890274465334862	1.6
223.07322764396667	1.6890274465334862	1.6
223.08606028556824	1.6890274465334862	1.6
223.1015191078186	1.6890274465334862	1.6
223.11510133743286	1.6881356633818476	1.6
223.13006234169006	1.6881356633818476	1.6
223.14449071884155	1.6873167466027201	1.6
223.15849924087524	1.6873167466027201	1.6
223.17083096504211	1.6873167466027201	1.6
223.1861481666565	1.6871543510557863	1.6
223.1993567943573	1.6871543510557863	1.6
223.2154734134674	1.6868765582235432	1.6
223.22828340530396	1.6868765582235432	1.6
223.2404305934906	1.6868765582235432	1.6
223.25256609916687	1.6868765582235432	1.6
223.2676911354065	1.6869855207595663	1.6
223.2802107334137	1.6869855207595663	1.6
223.29420614242554	1.6869855207595663	1.6
223.30814409255981	1.6874791951552734	1.6
223.3204689025879	1.6874791951552734	1.6
223.33266019821167	1.6874791951552734	1.6
223.34734439849854	1.6882374560086713	1.6
223.35961079597473	1.6882374560086713	1.6
223.37485074996948	1.688521709752004	1.6
223.38802313804626	1.688521709752004	1.6
223.40095210075378	1.688521709752004	1.6
223.41505646705627	1.688521709752004	1.6
223.43088054656982	1.688961225829863	1.6
223.44351983070374	1.688961225829863	1.6
223.4583978652954	1.689677778403795	1.6
223.47163105010986	1.689677778403795	1.6
223.48421597480774	1.689677778403795	1.6
223.4966413974762	1.689677778403795	1.6
223.51085376739502	1.6918985276717815	1.6
223.52337503433228	1.6918985276717815	1.6
223.53629326820374	1.6918985276717815	1.6
223.55158305168152	1.6918985276717815	1.6
223.56456184387207	1.69437040587658	1.6
223.57714581489563	1.69437040587658	1.6
223.5968542098999	1.6968506115650044	1.6
223.61009573936462	1.6968506115650044	1.6
223.6232659816742	1.6968506115650044	1.6
223.6374807357788	1.699179532753023	1.6
223.64975357055664	1.699179532753023	1.6
223.66693234443665	1.7009153540007838	1.6
223.68034315109253	1.7009153540007838	1.6
223.6936593055725	1.7009153540007838	1.6
223.7086203098297	1.7009153540007838	1.6
223.7226529121399	1.703075596438343	1.6
223.7355272769928	1.703075596438343	1.6
223.74929904937744	1.7056168839720425	1.6
223.76241779327393	1.7056168839720425	1.6
223.774719953537	1.7056168839720425	1.6
223.7885706424713	1.7056168839720425	1.6
223.80170059204102	1.7080729369761023	1.6
223.8154284954071	1.7080729369761023	1.6
223.82985925674438	1.7106378177601695	1.6
223.84317421913147	1.7106378177601695	1.6
223.8556637763977	1.7106378177601695	1.6
223.8720018863678	1.7135115710753168	1.6
223.88656282424927	1.7135115710753168	1.6
223.90460896492004	1.7135115710753168	1.6
223.92488074302673	1.7151513155161058	1.6
223.94188237190247	1.7151513155161058	1.6
223.95916771888733	1.718296917451929	1.6
223.97347021102905	1.718296917451929	1.6
223.9889531135559	1.721296459538498	1.6
224.00381660461426	1.721296459538498	1.6
224.01769089698792	1.721296459538498	1.6
224.0340507030487	1.724437101996599	1.6
224.04728507995605	1.724437101996599	1.6
224.06396889686584	1.7277203951358917	1.6
224.07762670516968	1.7277203951358917	1.6
224.09082770347595	1.7277203951358917	1.6
224.10552263259888	1.7277203951358917	1.6
224.12172722816467	1.7311020300444284	1.6
224.13609838485718	1.7311020300444284	1.6
224.1515622138977	1.7337003964250144	1.6
224.16575932502747	1.7337003964250144	1.6
224.1781451702118	1.7337003964250144	1.6
224.19401669502258	1.7363024368242446	1.6
224.2071533203125	1.7363024368242446	1.6
224.2224133014679	1.7392817094065613	1.6
224.23580932617188	1.7392817094065613	1.6
224.24799489974976	1.7392817094065613	1.6
224.25997042655945	1.7392817094065613	1.6
224.27495741844177	1.7420232216993	1.6
224.28740525245667	1.7420232216993	1.6
224.29983520507812	1.7420232216993	1.6
224.31819462776184	1.7420232216993	1.6
224.33207726478577	1.7445720902105037	1.6
224.34622383117676	1.7445720902105037	1.6
224.36032438278198	1.745713167303263	1.6
224.3743245601654	1.745713167303263	1.6
224.38703560829163	1.745713167303263	1.6
224.40291738510132	1.7467722264876735	1.6
224.41606664657593	1.7467722264876735	1.6
224.43186473846436	1.7474337069346007	1.6
224.44454860687256	1.7474337069346007	1.6
224.45681023597717	1.7474337069346007	1.6
224.47075152397156	1.7474337069346007	1.6
224.48608708381653	1.747057508799402	1.6
224.49903225898743	1.747057508799402	1.6
224.51481413841248	1.7462172606906126	1.6
224.52787733078003	1.7462172606906126	1.6
224.54003643989563	1.7462172606906126	1.6
224.5534806251526	1.7462172606906126	1.6
224.56825304031372	1.745596422420626	1.6
224.58067893981934	1.745596422420626	1.6
224.59532260894775	1.7455265705219982	1.6
224.60764145851135	1.7455265705219982	1.6
224.6199233531952	1.7455265705219982	1.6
224.6349973678589	1.7455265705219982	1.6
224.64875745773315	1.7448384040533316	1.6
224.66127276420593	1.7448384040533316	1.6
224.67638731002808	1.7437392871025739	1.6
224.68877744674683	1.7437392871025739	1.6
224.70196318626404	1.7437392871025739	1.6
224.71719765663147	1.7437392871025739	1.6
224.7302861213684	1.741949929780714	1.6
224.74417877197266	1.741949929780714	1.6
224.75769472122192	1.7395190278782315	1.6
224.7698245048523	1.7395190278782315	1.6
224.78309297561646	1.7395190278782315	1.6
224.79899191856384	1.737268530777983	1.6
224.81148219108582	1.737268530777983	1.6
224.82634806632996	1.737268530777983	1.6
224.83981132507324	1.735188440015421	1.6
224.85203862190247	1.735188440015421	1.6
224.86501002311707	1.735188440015421	1.6
224.88089060783386	1.7335977873855803	1.6
224.89463233947754	1.7335977873855803	1.6
224.91001105308533	1.7335977873855803	1.6
224.9232795238495	1.7325363812284968	1.6
224.93626856803894	1.7325363812284968	1.6
224.95003843307495	1.7325363812284968	1.6
224.96519088745117	1.731068835196751	1.6
224.97748184204102	1.731068835196751	1.6
224.98959803581238	1.731068835196751	1.6
225.006263256073	1.731068835196751	1.6
225.01908373832703	1.7286425306483	1.6
225.03336548805237	1.7286425306483	1.6
225.0481038093567	1.7266603978420818	1.6
225.06125903129578	1.7266603978420818	1.6
225.074627161026	1.7266603978420818	1.6
225.0898199081421	1.7250431290509218	1.6
225.10347270965576	1.7250431290509218	1.6
225.1185233592987	1.7237679917431799	1.6
225.1313292980194	1.7237679917431799	1.6
225.1460886001587	1.7237679917431799	1.6
225.166424036026	1.7237679917431799	1.6
225.18044471740723	1.7234220579251371	1.6
225.19499254226685	1.7234220579251371	1.6
225.20978307724	1.723280027888564	1.6
225.2221417427063	1.723280027888564	1.6
225.2408790588379	1.723280027888564	1.6
225.25704503059387	1.7231558916722798	1.6
225.27723026275635	1.7231558916722798	1.6
225.29652404785156	1.7234866546150591	1.6
225.3142433166504	1.7234866546150591	1.6
225.32906675338745	1.7235159243700626	1.6
225.34158325195312	1.7235159243700626	1.6
225.35613584518433	1.7235159243700626	1.6
225.36936235427856	1.724074229925618	1.6
225.38266849517822	1.724074229925618	1.6
225.3951587677002	1.724074229925618	1.6
225.41096353530884	1.7251967023261314	1.6
225.42513966560364	1.7251967023261314	1.6
225.43959403038025	1.7257270241973832	1.6
225.4593381881714	1.7257270241973832	1.6
225.47870683670044	1.7257270241973832	1.6
225.49954891204834	1.7263218396913669	1.6
225.51839447021484	1.7272783466639265	1.6
225.53151559829712	1.7272783466639265	1.6
225.54747605323792	1.7272783466639265	1.6
225.56668996810913	1.7272783466639265	1.6
225.58443117141724	1.7275859167649859	1.6
225.6006579399109	1.7276391933347426	1.6
225.6139633655548	1.7276391933347426	1.6
225.62634921073914	1.7276391933347426	1.6
225.64089035987854	1.7276391933347426	1.6
225.65587043762207	1.7267763269992642	1.6
225.6680202484131	1.7267763269992642	1.6
225.68413305282593	1.725709469093782	1.6
225.69665098190308	1.725709469093782	1.6
225.70902371406555	1.725709469093782	1.6
225.72280144691467	1.725709469093782	1.6
225.7377803325653	1.7243995107500674	1.6
225.75103378295898	1.7243995107500674	1.6
225.76367115974426	1.7243995107500674	1.6
225.779070854187	1.7232050369405436	1.6
225.79320240020752	1.7232050369405436	1.6
225.80760097503662	1.7232050369405436	1.6
225.8211715221405	1.7218336004080357	1.6
225.8336160182953	1.7218336004080357	1.6
225.8468358516693	1.7218336004080357	1.6
225.86320805549622	1.720422976724548	1.6
225.87780141830444	1.720422976724548	1.6
225.89327454566956	1.7186102658459999	1.6
225.9070372581482	1.7186102658459999	1.6
225.9193320274353	1.7186102658459999	1.6
225.93429565429688	1.7186102658459999	1.6
225.94902658462524	1.7162954440823974	1.6
225.96430134773254	1.7162954440823974	1.6
225.97955298423767	1.7139095287182475	1.6
225.9946575164795	1.7139095287182475	1.6
226.00796556472778	1.7139095287182475	1.6
226.0249011516571	1.7105835050252896	1.6
226.03866410255432	1.7105835050252896	1.6
226.0555944442749	1.7082648426795142	1.6
226.06890630722046	1.7082648426795142	1.6
226.08151054382324	1.7082648426795142	1.6
226.0972888469696	1.7049614090150431	1.6
226.11027336120605	1.7049614090150431	1.6
226.12461805343628	1.7049614090150431	1.6
226.13880586624146	1.7019525420481991	1.6
226.15134119987488	1.7019525420481991	1.6
226.16509103775024	1.7019525420481991	1.6
226.18057703971863	1.697910952484469	1.6
226.19394040107727	1.697910952484469	1.6
226.2096803188324	1.6941058812334338	1.6
226.22267127037048	1.6941058812334338	1.6
226.23517322540283	1.6941058812334338	1.6
226.24828147888184	1.6941058812334338	1.6
226.26406860351562	1.6904200001524359	1.6
226.27676725387573	1.6904200001524359	1.6
226.291650056839	1.6868453011731515	1.6
226.30585432052612	1.6868453011731515	1.6
226.31863713264465	1.6868453011731515	1.6
226.33223247528076	1.6868453011731515	1.6
226.34581875801086	1.6836368135060713	1.6
226.35921216011047	1.6836368135060713	1.6
226.37344908714294	1.6808548115253128	1.6
226.3856463432312	1.6808548115253128	1.6
226.3982288837433	1.6808548115253128	1.6
226.41366744041443	1.6808548115253128	1.6
226.4271903038025	1.6784858855955822	1.6
226.44214701652527	1.6784858855955822	1.6
226.45539474487305	1.675733824911084	1.6
226.4678499698639	1.675733824911084	1.6
226.4800841808319	1.675733824911084	1.6
226.49589252471924	1.6733865452906673	1.6
226.5081491470337	1.6733865452906673	1.6
226.52062797546387	1.6733865452906673	1.6
226.53268814086914	1.6733865452906673	1.6
226.5480432510376	1.6707325951638712	1.6
226.56089425086975	1.6707325951638712	1.6
226.57659149169922	1.669093821702391	1.6
226.5891010761261	1.669093821702391	1.6
226.6018340587616	1.669093821702391	1.6
226.61753702163696	1.669093821702391	1.6
226.63209080696106	1.6670466960816142	1.6
226.64442038536072	1.6670466960816142	1.6
226.65848207473755	1.6649302095193743	1.6
226.67077898979187	1.6649302095193743	1.6
226.68356490135193	1.6649302095193743	1.6
226.69628405570984	1.6649302095193743	1.6
226.71062207221985	1.6635731239261342	1.6
226.72288703918457	1.6635731239261342	1.6
226.73763370513916	1.6621958640391288	1.6
226.74995064735413	1.6621958640391288	1.6
226.76349401474	1.6621958640391288	1.6
226.7773356437683	1.6621958640391288	1.6
226.79057002067566	1.6607736557366823	1.6
226.80397653579712	1.6607736557366823	1.6
226.8194510936737	1.6597434780400377	1.6
226.83215355873108	1.6597434780400377	1.6
226.84481263160706	1.6597434780400377	1.6
226.8587143421173	1.6597434780400377	1.6
226.87257504463196	1.6592428090453084	1.6
226.8851580619812	1.6592428090453084	1.6
226.90084791183472	1.6594803483214047	1.6
226.91430711746216	1.6594803483214047	1.6
226.9267385005951	1.6594803483214047	1.6
226.94091415405273	1.6594803483214047	1.6
226.95474433898926	1.6598215138534855	1.6
226.9672818183899	1.6598215138534855	1.6
226.98125791549683	1.6591474831545008	1.6
226.99483847618103	1.6591474831545008	1.6
227.0073459148407	1.6591474831545008	1.6
227.0231955051422	1.6592280639272416	1.6
227.03575897216797	1.6592280639272416	1.6
227.04875564575195	1.6592280639272416	1.6
227.06217312812805	1.6597501918804833	1.6
227.0745086669922	1.6597501918804833	1.6
227.0866138935089	1.6597501918804833	1.6
227.10323190689087	1.6597128728850887	1.6
227.11595129966736	1.6597128728850887	1.6
227.12925124168396	1.6597128728850887	1.6
227.14255023002625	1.6592060915172084	1.6
227.1550645828247	1.6592060915172084	1.6
227.16709184646606	1.6592060915172084	1.6
227.18136525154114	1.6592060915172084	1.6
227.19458603858948	1.6590037403230873	1.6
227.207585811615	1.6590037403230873	1.6
227.22315955162048	1.658822040654441	1.6
227.23565888404846	1.658822040654441	1.6
227.24770379066467	1.658822040654441	1.6
227.26337385177612	1.6580706226728499	1.6
227.2765531539917	1.6580706226728499	1.6
227.2887954711914	1.6580706226728499	1.6
227.30086970329285	1.6580706226728499	1.6
227.31578540802002	1.6572710688012227	1.6
227.32804322242737	1.6572710688012227	1.6
227.34278345108032	1.6572710688012227	1.6
227.3565583229065	1.6562750290938033	1.6
227.36958360671997	1.6562750290938033	1.6
227.3826127052307	1.6562750290938033	1.6
227.39796614646912	1.655629566917377	1.6
227.41201305389404	1.655629566917377	1.6
227.42803406715393	1.6543481604056023	1.6
227.44109916687012	1.6543481604056023	1.6
227.46116471290588	1.6543481604056023	1.6
227.4769229888916	1.6526462097345544	1.6
227.48960614204407	1.6526462097345544	1.6
227.5052056312561	1.651100447497456	1.6
227.51781249046326	1.651100447497456	1.6
227.53041219711304	1.651100447497456	1.6
227.5441129207611	1.651100447497456	1.6
227.55912566184998	1.6501651058753317	1.6
227.57199215888977	1.6501651058753317	1.6
227.5867521762848	1.6488560126816783	1.6
227.59973287582397	1.6488560126816783	1.6
227.61194157600403	1.6488560126816783	1.6
227.62521696090698	1.6488560126816783	1.6
227.64034986495972	1.6471660498710157	1.6
227.65306115150452	1.6471660498710157	1.6
227.6688265800476	1.6456016887599048	1.6
227.68135476112366	1.6456016887599048	1.6
227.6938509941101	1.6456016887599048	1.6
227.70851016044617	1.6456016887599048	1.6
227.72362112998962	1.6441868568735594	1.6
227.7404065132141	1.6441868568735594	1.6
227.75692629814148	1.6427925147058002	1.6
227.77239394187927	1.6427925147058002	1.6
227.79195928573608	1.6414909950007401	1.6
227.807297706604	1.6414909950007401	1.6
227.82478594779968	1.6397824514139259	1.6
227.83806228637695	1.6397824514139259	1.6
227.85076260566711	1.6397824514139259	1.6
227.86604762077332	1.6397824514139259	1.6
227.8816168308258	1.6385439627562968	1.6
227.89627194404602	1.6385439627562968	1.6
227.91042828559875	1.6371975050172378	1.6
227.92267537117004	1.6371975050172378	1.6
227.93547344207764	1.6371975050172378	1.6
227.95013546943665	1.6371975050172378	1.6
227.96389508247375	1.6351794923814584	1.6
227.9788999557495	1.6351794923814584	1.6
227.9936785697937	1.6328355719722647	1.6
228.00604343414307	1.6328355719722647	1.6
228.01855325698853	1.6328355719722647	1.6
228.0332236289978	1.6307491386983712	1.6
228.04588913917542	1.6307491386983712	1.6
228.0596148967743	1.6307491386983712	1.6
228.07428169250488	1.6307491386983712	1.6
228.08799529075623	1.629143760547111	1.6
228.10029673576355	1.629143760547111	1.6
228.11621856689453	1.6274489684100923	1.6
228.12897944450378	1.6274489684100923	1.6
228.14137864112854	1.6274489684100923	1.6
228.1561815738678	1.6274489684100923	1.6
228.1727659702301	1.6253120844094984	1.6
228.1886534690857	1.6253120844094984	1.6
228.202876329422	1.6237865710502521	1.6
228.22108101844788	1.6237865710502521	1.6
228.23997735977173	1.6229399349091458	1.6
228.25393557548523	1.6229399349091458	1.6
228.26856303215027	1.6229399349091458	1.6
228.28232383728027	1.622052633362865	1.6
228.29555916786194	1.622052633362865	1.6
228.30817675590515	1.622052633362865	1.6
228.3234522342682	1.6212609390318478	1.6
228.33729529380798	1.6212609390318478	1.6
228.35531091690063	1.6211574520767917	1.6
228.3702085018158	1.6211574520767917	1.6
228.38404440879822	1.6211574520767917	1.6
228.40014481544495	1.6211574520767917	1.6
228.41370177268982	1.6219616421904408	1.6
228.42933988571167	1.6219616421904408	1.6
228.443195104599	1.6226089542987616	1.6
228.45579195022583	1.6226089542987616	1.6
228.47119426727295	1.6226089542987616	1.6
228.4874050617218	1.6223998072562238	1.6
228.50107502937317	1.6223998072562238	1.6
228.51832175254822	1.6227929704566832	1.6
228.531489610672	1.6227929704566832	1.6
228.54409003257751	1.6227929704566832	1.6
228.56002736091614	1.6236733585895085	1.6
228.57336902618408	1.6236733585895085	1.6
228.58808398246765	1.6236733585895085	1.6
228.60217666625977	1.624352580146395	1.6
228.61687707901	1.624352580146395	1.6
228.63143110275269	1.624352580146395	1.6
228.64984726905823	1.625122907072075	1.6
228.6685242652893	1.625122907072075	1.6
228.68377900123596	1.6256916050646282	1.6
228.69735097885132	1.6256916050646282	1.6
228.7102406024933	1.6256916050646282	1.6
228.7269721031189	1.6262140719172216	1.6
228.73984909057617	1.6262140719172216	1.6
228.75470542907715	1.6270188301945392	1.6
228.76762652397156	1.6270188301945392	1.6
228.7804412841797	1.6270188301945392	1.6
228.79490423202515	1.6270188301945392	1.6
228.80989789962769	1.6278275311958885	1.6
228.82295298576355	1.6278275311958885	1.6
228.83555674552917	1.6278275311958885	1.6
228.85211992263794	1.6285424017054957	1.6
228.86572337150574	1.6285424017054957	1.6
228.88174772262573	1.630407113302803	1.6
228.89484333992004	1.630407113302803	1.6
228.90865445137024	1.630407113302803	1.6
228.92351818084717	1.630407113302803	1.6
228.93935132026672	1.631096813268891	1.6
228.95435905456543	1.631096813268891	1.6
228.97143411636353	1.6318244339398866	1.6
228.98509073257446	1.6318244339398866	1.6
228.99872016906738	1.6318244339398866	1.6
229.01521944999695	1.6324150524735928	1.6
229.02985072135925	1.6324150524735928	1.6
229.04573965072632	1.6326707689753537	1.6
229.05845189094543	1.6326707689753537	1.6
229.07147908210754	1.6326707689753537	1.6
229.08716249465942	1.6326707689753537	1.6
229.10028195381165	1.632979613595836	1.6
229.11497139930725	1.632979613595836	1.6
229.1303689479828	1.6334559262642998	1.6
229.14476990699768	1.6334559262642998	1.6
229.16105604171753	1.6334559262642998	1.6
229.17727065086365	1.6334488356689847	1.6
229.19077491760254	1.6334488356689847	1.6
229.2059063911438	1.633049244778908	1.6
229.21986651420593	1.633049244778908	1.6
229.23272681236267	1.633049244778908	1.6
229.25026893615723	1.6335069387247554	1.6
229.2636535167694	1.6335069387247554	1.6
229.27903985977173	1.6335069387247554	1.6
229.2933509349823	1.6333797079397545	1.6
229.3065059185028	1.6333797079397545	1.6
229.31936621665955	1.6333797079397545	1.6
229.33486557006836	1.633516558919974	1.6
229.3478705883026	1.633516558919974	1.6
229.3644163608551	1.6334409951023416	1.6
229.37751483917236	1.6334409951023416	1.6
229.39088892936707	1.6334409951023416	1.6
229.40763664245605	1.6323016089729367	1.6
229.42050313949585	1.6323016089729367	1.6
229.4346957206726	1.6323016089729367	1.6
229.44942808151245	1.6309685557881566	1.6
229.46330428123474	1.6309685557881566	1.6
229.47687458992004	1.6309685557881566	1.6
229.4923882484436	1.6298524737428086	1.6
229.50567650794983	1.6298524737428086	1.6
229.51921033859253	1.6298524737428086	1.6
229.53523707389832	1.6298524737428086	1.6
229.5487780570984	1.6274683680676616	1.6
229.56503677368164	1.6274683680676616	1.6
229.5789270401001	1.6251295794636733	1.6
229.5912115573883	1.6251295794636733	1.6
229.60356760025024	1.6251295794636733	1.6
229.6203896999359	1.6219919545225974	1.6
229.63435888290405	1.6219919545225974	1.6
229.6504774093628	1.618358662231293	1.6
229.66351580619812	1.618358662231293	1.6
229.67661833763123	1.618358662231293	1.6
229.69092059135437	1.618358662231293	1.6
229.70468425750732	1.6143942533884434	1.6
229.71687364578247	1.6143942533884434	1.6
229.7317259311676	1.6098081841925478	1.6
229.7440218925476	1.6098081841925478	1.6
229.75706028938293	1.6098081841925478	1.6
229.77001214027405	1.6098081841925478	1.6
229.78561854362488	1.6046870489692782	1.6
229.79957556724548	1.6046870489692782	1.6
229.8134069442749	1.6008383896007239	1.6
229.82595920562744	1.6008383896007239	1.6
229.83882927894592	1.6008383896007239	1.6
229.85371708869934	1.6008383896007239	1.6
229.86721444129944	1.5969953225019657	1.6
229.88196969032288	1.5969953225019657	1.6
229.89717316627502	1.5929146215809156	1.6
229.90973377227783	1.5929146215809156	1.6
229.92337441444397	1.5929146215809156	1.6
229.9403519630432	1.5896857638966553	1.6
229.95431423187256	1.5896857638966553	1.6
229.97093296051025	1.5866984184086257	1.6
229.98410487174988	1.5866984184086257	1.6
229.99832153320312	1.5866984184086257	1.6
230.01357913017273	1.5866984184086257	1.6
230.0273494720459	1.5843203961245034	1.6
230.04149627685547	1.5843203961245034	1.6
230.05768609046936	1.5813456996713804	1.6
230.07106757164001	1.5813456996713804	1.6
230.0840344429016	1.5813456996713804	1.6
230.10082912445068	1.578909897993761	1.6
230.1141333580017	1.578909897993761	1.6
230.12926840782166	1.5778721740165889	1.6
230.14194011688232	1.5778721740165889	1.6
230.1550784111023	1.5778721740165889	1.6
230.1699719429016	1.5778721740165889	1.6
230.18348670005798	1.577542061380692	1.6
230.1961715221405	1.577542061380692	1.6
230.21072721481323	1.576687768451399	1.6
230.22398257255554	1.576687768451399	1.6
230.2438449859619	1.576687768451399	1.6
230.2617950439453	1.576656893423035	1.6
230.27529120445251	1.576656893423035	1.6
230.28810119628906	1.576656893423035	1.6
230.30387926101685	1.5765363383370952	1.6
230.3171193599701	1.5765363383370952	1.6
230.33229756355286	1.5765363383370952	1.6
230.34610772132874	1.5767974497801263	1.6
230.35861134529114	1.5767974497801263	1.6
230.371440410614	1.5767974497801263	1.6
230.3875720500946	1.576924851276515	1.6
230.40026569366455	1.576924851276515	1.6
230.41594004631042	1.5772393926855783	1.6
230.42877840995789	1.5772393926855783	1.6
230.44109559059143	1.5772393926855783	1.6
230.45457816123962	1.5772393926855783	1.6
230.4694857597351	1.5781626924324264	1.6
230.4821560382843	1.5781626924324264	1.6
230.4986617565155	1.5790781524625923	1.6
230.51090383529663	1.5790781524625923	1.6
230.52379894256592	1.5790781524625923	1.6
230.53761959075928	1.5790781524625923	1.6
230.55179977416992	1.5800335090448856	1.6
230.56600379943848	1.5800335090448856	1.6
230.58117270469666	1.5807650906630433	1.6
230.59471535682678	1.5807650906630433	1.6
230.60772800445557	1.5807650906630433	1.6
230.6245675086975	1.5826287414566942	1.6
230.6381778717041	1.5826287414566942	1.6
230.65512418746948	1.5838511318860322	1.6
230.66862416267395	1.5838511318860322	1.6
230.68206191062927	1.5838511318860322	1.6
230.69483757019043	1.5838511318860322	1.6
230.711097240448	1.585351362462473	1.6
230.72478985786438	1.585351362462473	1.6
230.74185800552368	1.5872741634181144	1.6
230.75540947914124	1.5872741634181144	1.6
230.76800060272217	1.5872741634181144	1.6
230.78221201896667	1.5890628240764217	1.6
230.79485654830933	1.5890628240764217	1.6
230.808602809906	1.5890628240764217	1.6
230.82386088371277	1.590904855959593	1.6
230.83609914779663	1.590904855959593	1.6
230.84905767440796	1.590904855959593	1.6
230.86440181732178	1.5927952344699716	1.6
230.87756657600403	1.5927952344699716	1.6
230.89251732826233	1.5927952344699716	1.6
230.90660119056702	1.594495708787986	1.6
230.91960954666138	1.594495708787986	1.6
230.93205308914185	1.594495708787986	1.6
230.94788241386414	1.5954852790590848	1.6
230.9603714942932	1.5954852790590848	1.6
230.97713446617126	1.5962311062908052	1.6
230.99014854431152	1.5962311062908052	1.6
231.00306844711304	1.5962311062908052	1.6
231.01687169075012	1.5962311062908052	1.6
231.03205585479736	1.5963201514753413	1.6
231.04451894760132	1.5963201514753413	1.6
231.0585150718689	1.5963201514753413	1.6
231.07351922988892	1.5966550337177003	1.6
231.08624362945557	1.5966550337177003	1.6
231.10245370864868	1.5972604126650687	1.6
231.1150984764099	1.5972604126650687	1.6
231.1275453567505	1.5972604126650687	1.6
231.1410207748413	1.5972604126650687	1.6
231.15638947486877	1.5971369796289265	1.6
231.16907238960266	1.5971369796289265	1.6
231.1857225894928	1.5974982078897961	1.6
231.19878220558167	1.5974982078897961	1.6
231.2125015258789	1.5974982078897961	1.6
231.2282314300537	1.5974982078897961	1.6
231.24214792251587	1.597424303621014	1.6
231.2560374736786	1.597424303621014	1.6
231.27088570594788	1.597097413780609	1.6
231.28456354141235	1.597097413780609	1.6
231.29765057563782	1.597097413780609	1.6
231.3134105205536	1.5965941124856502	1.6
231.3260953426361	1.5965941124856502	1.6
231.34139108657837	1.5965941124856502	1.6
231.3555977344513	1.5961966825501048	1.6
231.36940121650696	1.5961966825501048	1.6
231.38307976722717	1.5961966825501048	1.6
231.3985664844513	1.5961535556151203	1.6
231.41423225402832	1.5961535556151203	1.6
231.42918634414673	1.596372585331378	1.6
231.44237065315247	1.596372585331378	1.6
231.45469188690186	1.596372585331378	1.6
231.4698040485382	1.596372585331378	1.6
231.48313760757446	1.5957954814116115	1.6
231.49725818634033	1.5957954814116115	1.6
231.51158452033997	1.5947727420176723	1.6
231.5249605178833	1.5947727420176723	1.6
231.5377345085144	1.5947727420176723	1.6
231.5536823272705	1.5940018701548406	1.6
231.56675219535828	1.5940018701548406	1.6
231.583425283432	1.593186881826857	1.6
231.5965597629547	1.593186881826857	1.6
231.60955214500427	1.593186881826857	1.6
231.62308955192566	1.593186881826857	1.6
231.63914704322815	1.5913584626728332	1.6
231.65252923965454	1.5913584626728332	1.6
231.66850018501282	1.5895460837608824	1.6
231.68146753311157	1.5895460837608824	1.6
231.69487810134888	1.5895460837608824	1.6
231.711665391922	1.587748409510331	1.6
231.7247200012207	1.587748409510331	1.6
231.739413022995	1.587748409510331	1.6
231.75368571281433	1.585483953900266	1.6
231.7660312652588	1.585483953900266	1.6
231.77829265594482	1.585483953900266	1.6
231.79305267333984	1.5836130137293256	1.6
231.8062562942505	1.5836130137293256	1.6
231.8195402622223	1.5836130137293256	1.6
231.83209037780762	1.5836130137293256	1.6
231.84725952148438	1.5813524218526225	1.6
231.85995483398438	1.5813524218526225	1.6
231.87627291679382	1.5805129144336338	1.6
231.88905596733093	1.5805129144336338	1.6
231.90140557289124	1.5805129144336338	1.6
231.91632986068726	1.5805129144336338	1.6
231.92957186698914	1.579102475449195	1.6
231.94411706924438	1.579102475449195	1.6
231.95944595336914	1.5766529234317344	1.6
231.9723837375641	1.5766529234317344	1.6
231.98526072502136	1.5766529234317344	1.6
232.0017876625061	1.5737209365663332	1.6
232.01415610313416	1.5737209365663332	1.6
232.02810049057007	1.5737209365663332	1.6
232.04139614105225	1.5720877852191926	1.6
232.05450797080994	1.5720877852191926	1.6
232.0666913986206	1.5720877852191926	1.6
232.08325839042664	1.5706486380894362	1.6
232.09546756744385	1.5706486380894362	1.6
232.1096954345703	1.5706486380894362	1.6
232.12327599525452	1.570231972440093	1.6
232.13620018959045	1.570231972440093	1.6
232.15123558044434	1.570231972440093	1.6
232.1660120487213	1.5701821879716171	1.6
232.17865872383118	1.5701821879716171	1.6
232.19302535057068	1.569845045950776	1.6
232.20541095733643	1.569845045950776	1.6
232.21748661994934	1.569845045950776	1.6
232.22984862327576	1.569845045950776	1.6
232.2441029548645	1.569866853845239	1.6
232.25670790672302	1.569866853845239	1.6
232.2721700668335	1.569131062287499	1.6
232.28461909294128	1.569131062287499	1.6
232.29725122451782	1.569131062287499	1.6
232.30963468551636	1.569131062287499	1.6
232.32528424263	1.5698211577711405	1.6
232.3376989364624	1.5698211577711405	1.6
232.3527476787567	1.570465854468186	1.6
232.36600255966187	1.570465854468186	1.6
232.37870526313782	1.570465854468186	1.6
232.39274740219116	1.570465854468186	1.6
232.407240152359	1.5720178867542365	1.6
232.4204728603363	1.5720178867542365	1.6
232.43725538253784	1.5732504895685522	1.6
232.4507339000702	1.5732504895685522	1.6
232.4630241394043	1.5732504895685522	1.6
232.48002123832703	1.5748992313316799	1.6
232.49310040473938	1.5748992313316799	1.6
232.5063180923462	1.5748992313316799	1.6
232.5221643447876	1.5753530586717117	1.6
232.53545236587524	1.5753530586717117	1.6
232.548921585083	1.5753530586717117	1.6
232.56503748893738	1.5761283865133904	1.6
232.57809948921204	1.5761283865133904	1.6
232.590402841568	1.5761283865133904	1.6
232.606214761734	1.5767410862689109	1.6
232.61916756629944	1.5767410862689109	1.6
232.6325490474701	1.5767410862689109	1.6
232.64714193344116	1.5767504208595584	1.6
232.66054129600525	1.5767504208595584	1.6
232.67432308197021	1.5767504208595584	1.6
232.6891896724701	1.577316925699741	1.6
232.70209002494812	1.577316925699741	1.6
232.71712613105774	1.577316925699741	1.6
232.73019409179688	1.5769455392177842	1.6
232.74362230300903	1.5769455392177842	1.6
232.75639939308167	1.5769455392177842	1.6
232.77318024635315	1.5775516924828505	1.6
232.78604531288147	1.5775516924828505	1.6
232.80388712882996	1.5785179272442578	1.6
232.81823086738586	1.5785179272442578	1.6
232.83255648612976	1.5785179272442578	1.6
232.84982562065125	1.5796667419424284	1.6
232.86427855491638	1.5796667419424284	1.6
232.88279819488525	1.5803359685571101	1.6
232.8967752456665	1.5803359685571101	1.6
232.91076278686523	1.5803359685571101	1.6
232.92971062660217	1.5806538073682277	1.6
232.9455668926239	1.5806538073682277	1.6
232.96354818344116	1.5809140498945187	1.6
232.97717928886414	1.5809140498945187	1.6
232.99116802215576	1.5809140498945187	1.6
233.00893759727478	1.5813385047945476	1.6
233.02186822891235	1.5813385047945476	1.6
233.03890347480774	1.5819747475630062	1.6
233.05231356620789	1.5819747475630062	1.6
233.06541538238525	1.5819747475630062	1.6
233.07953572273254	1.5819747475630062	1.6
233.09493327140808	1.5820811559369896	1.6
233.1087625026703	1.5820811559369896	1.6
233.12539339065552	1.5824710439632013	1.6
233.1378412246704	1.5824710439632013	1.6
233.15165495872498	1.5824710439632013	1.6
233.16740489006042	1.5821889487877967	1.6
233.1831295490265	1.5821889487877967	1.6
233.20086359977722	1.580893095870306	1.6
233.215678691864	1.580893095870306	1.6
233.22970008850098	1.580893095870306	1.6
233.24596238136292	1.580893095870306	1.6
233.25960850715637	1.5798819624276614	1.6
233.2740716934204	1.5798819624276614	1.6
233.28984212875366	1.5790955527891073	1.6
233.30220222473145	1.5790955527891073	1.6
233.3152687549591	1.5790955527891073	1.6
233.32963466644287	1.5780809202820165	1.6
233.34223103523254	1.5780809202820165	1.6
233.3547809123993	1.5780809202820165	1.6
233.3675413131714	1.5780809202820165	1.6
233.3830165863037	1.5778404319156343	1.6
233.39581084251404	1.5778404319156343	1.6
233.41186952590942	1.5772380356696312	1.6
233.42562651634216	1.5772380356696312	1.6
233.43878197669983	1.5772380356696312	1.6
233.455899477005	1.5768085262601568	1.6
233.46896052360535	1.5768085262601568	1.6
233.4833540916443	1.5768085262601568	1.6
233.4980959892273	1.575664086452281	1.6
233.51170372962952	1.575664086452281	1.6
233.52476024627686	1.575664086452281	1.6
233.5403664112091	1.5745731609062117	1.6
233.55350971221924	1.5745731609062117	1.6
233.56867456436157	1.5737117732429495	1.6
233.5811972618103	1.5737117732429495	1.6
233.594340801239	1.5737117732429495	1.6
233.60743117332458	1.5737117732429495	1.6
233.62192463874817	1.5729247273905267	1.6
233.63417410850525	1.5729247273905267	1.6
233.64981198310852	1.5719103245269292	1.6
233.66359305381775	1.5719103245269292	1.6
233.68074488639832	1.5719103245269292	1.6
233.698237657547	1.5708111389313615	1.6
233.71144032478333	1.5708111389313615	1.6
233.72827100753784	1.5708111389313615	1.6
233.746515750885	1.5714183617513837	1.6
233.7640233039856	1.5714183617513837	1.6
233.78069758415222	1.571114765759011	1.6
233.79480481147766	1.571114765759011	1.6
233.81282901763916	1.571555337247668	1.6
233.82624506950378	1.571555337247668	1.6
233.83949971199036	1.571555337247668	1.6
233.85734391212463	1.5720968582922574	1.6
233.8713731765747	1.5720968582922574	1.6
233.8904926776886	1.573573953616791	1.6
233.90657019615173	1.573573953616791	1.6
233.9207797050476	1.573573953616791	1.6
233.93926978111267	1.5747198757032161	1.6
233.95432114601135	1.5747198757032161	1.6
233.97348022460938	1.5762492023951404	1.6
233.98814940452576	1.5762492023951404	1.6
234.00403785705566	1.5762492023951404	1.6
234.021555185318	1.5777908066598674	1.6
234.0422523021698	1.5777908066598674	1.6
234.06536412239075	1.579257098955614	1.6
234.08873343467712	1.579257098955614	1.6
234.1121699810028	1.580525334718406	1.6
234.12986516952515	1.580525334718406	1.6
234.149733543396	1.5812108759486225	1.6
234.16540789604187	1.5812108759486225	1.6
234.18218564987183	1.5823786272792943	1.6
234.1962673664093	1.5823786272792943	1.6
234.209543466568	1.5823786272792943	1.6
234.22507119178772	1.582832911104404	1.6
234.23804664611816	1.582832911104404	1.6
234.2544813156128	1.583742426561621	1.6
234.26784992218018	1.583742426561621	1.6
234.28316712379456	1.583742426561621	1.6
234.3014132976532	1.583742426561621	1.6
234.3164460659027	1.5844018896326315	1.6
234.3312487602234	1.5844018896326315	1.6
234.34673309326172	1.585604152464736	1.6
234.3615894317627	1.585604152464736	1.6
234.37816405296326	1.585604152464736	1.6
234.3939437866211	1.5866007592852926	1.6
234.40900802612305	1.5866007592852926	1.6
234.42370700836182	1.5874238030125531	1.6
234.43753600120544	1.5874238030125531	1.6
234.4509506225586	1.5874238030125531	1.6
234.4666121006012	1.5881955777327024	1.6
234.4800524711609	1.5881955777327024	1.6
234.49639678001404	1.5881635245981192	1.6
234.51010990142822	1.5881635245981192	1.6
234.52410650253296	1.5881635245981192	1.6
234.53870391845703	1.5881635245981192	1.6
234.55365705490112	1.5881973675515382	1.6
234.56822204589844	1.5881973675515382	1.6
234.5844030380249	1.5878260588213795	1.6
234.5968644618988	1.5878260588213795	1.6
234.6095950603485	1.5878260588213795	1.6
234.62610840797424	1.5876975393380408	1.6
234.63911843299866	1.5876975393380408	1.6
234.65518021583557	1.5865435075396876	1.6
234.66996693611145	1.5865435075396876	1.6
234.683851480484	1.5865435075396876	1.6
234.6975417137146	1.5865435075396876	1.6
234.7118194103241	1.585270305448295	1.6
234.72735810279846	1.585270305448295	1.6
234.74260425567627	1.5827128274263171	1.6
234.75579047203064	1.5827128274263171	1.6
234.76806211471558	1.5827128274263171	1.6
234.78398990631104	1.5801936914938368	1.6
234.79690551757812	1.5801936914938368	1.6
234.80959367752075	1.5801936914938368	1.6
234.82457661628723	1.5801936914938368	1.6
234.83898544311523	1.5773356166012644	1.6
234.8512315750122	1.5773356166012644	1.6
234.8677306175232	1.5742192606646352	1.6
234.88078212738037	1.5742192606646352	1.6
234.89485120773315	1.5742192606646352	1.6
234.9099838733673	1.5720561812144118	1.6
234.92386937141418	1.5720561812144118	1.6
234.93758249282837	1.5720561812144118	1.6
234.95289182662964	1.569795743913876	1.6
234.96644687652588	1.569795743913876	1.6
234.9799656867981	1.569795743913876	1.6
234.9955768585205	1.5669101129421377	1.6
235.00874996185303	1.5669101129421377	1.6
235.02479338645935	1.563812725893945	1.6
235.03750348091125	1.563812725893945	1.6
235.04998016357422	1.563812725893945	1.6
235.06360507011414	1.563812725893945	1.6
235.07834696769714	1.5611375885573704	1.6
235.09055995941162	1.5611375885573704	1.6
235.1058588027954	1.5580020161328143	1.6
235.1180613040924	1.5580020161328143	1.6
235.13066792488098	1.5580020161328143	1.6
235.14601492881775	1.5580020161328143	1.6
235.16107749938965	1.5558822813261846	1.6
235.17622208595276	1.5558822813261846	1.6
235.19012928009033	1.553055194450647	1.6
235.21042203903198	1.553055194450647	1.6
235.2237799167633	1.553055194450647	1.6
235.23807430267334	1.5509560823504163	1.6
235.25275540351868	1.5509560823504163	1.6
235.26770639419556	1.548859100660965	1.6
235.28009796142578	1.548859100660965	1.6
235.29218339920044	1.548859100660965	1.6
235.30494260787964	1.548859100660965	1.6
235.31930375099182	1.5467462085742985	1.6
235.33370208740234	1.5467462085742985	1.6
235.3494689464569	1.5437979041591354	1.6
235.36287331581116	1.5437979041591354	1.6
235.37645816802979	1.5437979041591354	1.6
235.3920660018921	1.5418295057701792	1.6
235.40493941307068	1.5418295057701792	1.6
235.41978096961975	1.5418295057701792	1.6
235.43400311470032	1.5403828281386005	1.6
235.44688963890076	1.5403828281386005	1.6
235.4594624042511	1.5403828281386005	1.6
235.4747052192688	1.5390616912532553	1.6
235.48732733726501	1.5390616912532553	1.6
235.50363063812256	1.5384638200196732	1.6
235.51657915115356	1.5384638200196732	1.6
235.52939009666443	1.5384638200196732	1.6
235.5437285900116	1.5384638200196732	1.6
235.55867505073547	1.5379065548263031	1.6
235.5722827911377	1.5379065548263031	1.6
235.58536434173584	1.5379065548263031	1.6
235.60043358802795	1.5377889000611658	1.6
235.61306047439575	1.5377889000611658	1.6
235.62913346290588	1.5377889000611658	1.6
235.64235997200012	1.537751657664042	1.6
235.65567350387573	1.537751657664042	1.6
235.6682505607605	1.537751657664042	1.6
235.6834888458252	1.5378358895538216	1.6
235.6957652568817	1.5378358895538216	1.6
235.71133732795715	1.537603424497631	1.6
235.72405457496643	1.537603424497631	1.6
235.73642873764038	1.537603424497631	1.6
235.7511761188507	1.537603424497631	1.6
235.76671957969666	1.5378699089666688	1.6
235.78084683418274	1.5378699089666688	1.6
235.79732728004456	1.5375782677293568	1.6
235.81048440933228	1.5375782677293568	1.6
235.82523202896118	1.5375782677293568	1.6
235.84092712402344	1.5373690924407077	1.6
235.8540906906128	1.5373690924407077	1.6
235.86872267723083	1.5373690924407077	1.6
235.88200855255127	1.5371659005669194	1.6
235.89616441726685	1.5371659005669194	1.6
235.90833520889282	1.5371659005669194	1.6
235.9232211112976	1.5369236481777995	1.6
235.93565225601196	1.5369236481777995	1.6
235.95218992233276	1.5368235207892642	1.6
235.96496200561523	1.5368235207892642	1.6
235.97811841964722	1.5368235207892642	1.6
235.9923872947693	1.5368235207892642	1.6
236.00798535346985	1.5376444398730966	1.6
236.02054452896118	1.5376444398730966	1.6
236.03620529174805	1.5378042475163682	1.6
236.04846453666687	1.5378042475163682	1.6
236.06064438819885	1.5378042475163682	1.6
236.07499241828918	1.5378042475163682	1.6
236.0890154838562	1.5378958599125059	1.6
236.10223245620728	1.5378958599125059	1.6
236.11761164665222	1.5384766392787703	1.6
236.13000750541687	1.5384766392787703	1.6
236.14310598373413	1.5384766392787703	1.6
236.15866470336914	1.539773254235212	1.6
236.17230224609375	1.539773254235212	1.6
236.1891884803772	1.539773254235212	1.6
236.20273804664612	1.5411283838482777	1.6
236.21552109718323	1.5411283838482777	1.6
236.2285451889038	1.5411283838482777	1.6
236.24426555633545	1.5417980451962676	1.6
236.25661969184875	1.5417980451962676	1.6
236.27180910110474	1.5424962014867378	1.6
236.2842309474945	1.5424962014867378	1.6
236.2966344356537	1.5424962014867378	1.6
236.30947709083557	1.5424962014867378	1.6
236.32513570785522	1.5428154505499159	1.6
236.33755922317505	1.5428154505499159	1.6
236.3498420715332	1.5428154505499159	1.6
236.36465048789978	1.5428154505499159	1.6
236.37889766693115	1.5431307351711552	1.6
236.39257717132568	1.5431307351711552	1.6
236.40829253196716	1.5427363160992895	1.6
236.4220757484436	1.5427363160992895	1.6
236.4348108768463	1.5427363160992895	1.6
236.45125937461853	1.5424614982810076	1.6
236.47075152397156	1.5424614982810076	1.6
236.49262046813965	1.5424735506489495	1.6
236.51448130607605	1.5424735506489495	1.6
236.53732919692993	1.5420698154276515	1.6
236.56066036224365	1.5411711391791487	1.6
236.5810489654541	1.5411711391791487	1.6
236.60003471374512	1.5411711391791487	1.6
236.6167221069336	1.5404534517531747	1.6
236.6309142112732	1.5404534517531747	1.6
236.64635396003723	1.5402886592093903	1.6
236.6599349975586	1.5402886592093903	1.6
236.67377281188965	1.5402886592093903	1.6
236.6904535293579	1.5391524140191568	1.6
236.7035849094391	1.5391524140191568	1.6
236.72026228904724	1.5384283396112386	1.6
236.73417782783508	1.5384283396112386	1.6
236.7467212677002	1.5384283396112386	1.6
236.76115202903748	1.5384283396112386	1.6
236.77563214302063	1.5368332276957548	1.6
236.7899134159088	1.5368332276957548	1.6
236.80719327926636	1.535630338039312	1.6
236.82205367088318	1.535630338039312	1.6
236.8375701904297	1.535630338039312	1.6
236.85485672950745	1.5349364484512813	1.6
236.8708963394165	1.5349364484512813	1.6
236.88746786117554	1.5343271013588615	1.6
236.90107560157776	1.5343271013588615	1.6
236.9159972667694	1.5343271013588615	1.6
236.9318552017212	1.534127959236797	1.6
236.94758248329163	1.534127959236797	1.6
236.96404266357422	1.5340808672144124	1.6
236.97802805900574	1.5340808672144124	1.6
236.99167919158936	1.5340808672144124	1.6
237.00898265838623	1.5342949599110418	1.6
237.02453565597534	1.5342949599110418	1.6
237.04083609580994	1.5347550609625475	1.6
237.05401587486267	1.5347550609625475	1.6
237.06652450561523	1.5347550609625475	1.6
237.0793035030365	1.5347550609625475	1.6
237.09388971328735	1.5364952078868856	1.6
237.10610103607178	1.5364952078868856	1.6
237.11861157417297	1.5364952078868856	1.6
237.13468146324158	1.5385191701557512	1.6
237.14776515960693	1.5385191701557512	1.6
237.16065096855164	1.5385191701557512	1.6
237.17638111114502	1.5410456136025759	1.6
237.18904042243958	1.5410456136025759	1.6
237.2014970779419	1.5410456136025759	1.6
237.21778893470764	1.5434248276121072	1.6
237.23131442070007	1.5434248276121072	1.6
237.2467999458313	1.545715966874122	1.6
237.25995683670044	1.545715966874122	1.6
237.27365231513977	1.545715966874122	1.6
237.28722834587097	1.545715966874122	1.6
237.301020860672	1.5477504020424226	1.6
237.3136613368988	1.5477504020424226	1.6
237.32902145385742	1.5502295490786406	1.6
237.3413689136505	1.5502295490786406	1.6
237.35402512550354	1.5502295490786406	1.6
237.36728239059448	1.5502295490786406	1.6
237.3829047679901	1.5521542412078706	1.6
237.39696049690247	1.5521542412078706	1.6
237.41292071342468	1.5535530260915915	1.6
237.42570543289185	1.5535530260915915	1.6
237.43933296203613	1.5535530260915915	1.6
237.4557662010193	1.5555857686281573	1.6
237.46921300888062	1.5555857686281573	1.6
237.48448276519775	1.5555857686281573	1.6
237.49880576133728	1.557163773445113	1.6
237.51118087768555	1.557163773445113	1.6
237.5233645439148	1.557163773445113	1.6
237.53915691375732	1.5583075555767745	1.6
237.5522654056549	1.5583075555767745	1.6
237.56783294677734	1.5596390668127296	1.6
237.58034110069275	1.5596390668127296	1.6
237.5925109386444	1.5596390668127296	1.6
237.60562372207642	1.5596390668127296	1.6
237.6212456226349	1.562104808007414	1.6
237.6337263584137	1.562104808007414	1.6
237.6496443748474	1.5645590598285675	1.6
237.66328072547913	1.5645590598285675	1.6
237.6763734817505	1.5645590598285675	1.6
237.69028544425964	1.5645590598285675	1.6
237.70394563674927	1.5673183780408433	1.6
237.71646857261658	1.5673183780408433	1.6
237.7313334941864	1.569571561930592	1.6
237.7446849346161	1.569571561930592	1.6
237.7569191455841	1.569571561930592	1.6
237.77074193954468	1.569571561930592	1.6
237.78409075737	1.5724989538443388	1.6
237.79627227783203	1.5724989538443388	1.6
237.81093072891235	1.576224418960618	1.6
237.82335948944092	1.576224418960618	1.6
237.8359727859497	1.576224418960618	1.6
237.84871196746826	1.576224418960618	1.6
237.862566947937	1.5788609186574336	1.6
237.8748607635498	1.5788609186574336	1.6
237.88709235191345	1.5788609186574336	1.6
237.9020118713379	1.581504923865767	1.6
237.91511845588684	1.581504923865767	1.6
237.92840576171875	1.581504923865767	1.6
237.94289708137512	1.5846598890733987	1.6
237.95557856559753	1.5846598890733987	1.6
237.96808195114136	1.5846598890733987	1.6
237.98389339447021	1.5872468890733988	1.6
237.99617791175842	1.5872468890733988	1.6
238.011084318161	1.5872468890733988	1.6
238.0250403881073	1.5893782522841011	1.6
238.03773307800293	1.5893782522841011	1.6
238.04986906051636	1.5893782522841011	1.6
238.06445717811584	1.590628536996265	1.6
238.07668089866638	1.590628536996265	1.6
238.09193754196167	1.590628536996265	1.6
238.1064248085022	1.5923842355833924	1.6
238.1196484565735	1.5923842355833924	1.6
238.13228464126587	1.5923842355833924	1.6
238.14837455749512	1.5931609633217232	1.6
238.1610562801361	1.5931609633217232	1.6
238.1766176223755	1.593531166496326	1.6
238.19091725349426	1.593531166496326	1.6
238.2038278579712	1.593531166496326	1.6
238.21789741516113	1.593531166496326	1.6
238.2321755886078	1.5938433233590712	1.6
238.24606490135193	1.5938433233590712	1.6
238.26098918914795	1.5939911474093837	1.6
238.27355194091797	1.5939911474093837	1.6
238.28622126579285	1.5939911474093837	1.6
238.30030965805054	1.5939911474093837	1.6
238.31451749801636	1.594110674459115	1.6
238.3281524181366	1.594110674459115	1.6
238.34165954589844	1.5935146418637245	1.6
238.3542890548706	1.5935146418637245	1.6
238.36676502227783	1.5935146418637245	1.6
238.38240718841553	1.5935146418637245	1.6
238.39559388160706	1.5933167413112383	1.6
238.41094517707825	1.5933167413112383	1.6
238.42598032951355	1.5921549090252145	1.6
238.43902707099915	1.5921549090252145	1.6
238.45168113708496	1.5921549090252145	1.6
238.46686100959778	1.5912511879733693	1.6
238.4810597896576	1.5912511879733693	1.6
238.4977617263794	1.5899352317908964	1.6
238.51126050949097	1.5899352317908964	1.6
238.52370738983154	1.5899352317908964	1.6
238.53821110725403	1.5899352317908964	1.6
238.55240082740784	1.5894096035212786	1.6
238.56586956977844	1.5894096035212786	1.6
238.57836270332336	1.5894096035212786	1.6
238.59366035461426	1.5890387526070733	1.6
238.60647344589233	1.5890387526070733	1.6
238.62331819534302	1.5873294865997853	1.6
238.63667607307434	1.5873294865997853	1.6
238.65009188652039	1.5873294865997853	1.6
238.6639747619629	1.5873294865997853	1.6
238.6776900291443	1.5857252687420529	1.6
238.69025492668152	1.5857252687420529	1.6
238.70655989646912	1.584267297090049	1.6
238.71965098381042	1.584267297090049	1.6
238.73256373405457	1.584267297090049	1.6
238.74616813659668	1.584267297090049	1.6
238.76033282279968	1.5830512867439475	1.6
238.77363753318787	1.5830512867439475	1.6
238.78816556930542	1.5814104738461412	1.6
238.80145621299744	1.5814104738461412	1.6
238.81403470039368	1.5814104738461412	1.6
238.82785272598267	1.5814104738461412	1.6
238.84214758872986	1.5802108682123384	1.6
238.8554232120514	1.5802108682123384	1.6
238.86912751197815	1.5786761143462549	1.6
238.88220071792603	1.5786761143462549	1.6
238.89468431472778	1.5786761143462549	1.6
238.91028475761414	1.5764650532602817	1.6
238.92456698417664	1.5764650532602817	1.6
238.93755197525024	1.5764650532602817	1.6
238.95167708396912	1.574738989462968	1.6
238.96450352668762	1.574738989462968	1.6
238.97735977172852	1.574738989462968	1.6
238.99329233169556	1.5725751368815428	1.6
239.00644540786743	1.5725751368815428	1.6
239.0215084552765	1.5725751368815428	1.6
239.03960824012756	1.5710807930346327	1.6
239.0545573234558	1.5710807930346327	1.6
239.07003688812256	1.5710807930346327	1.6
239.08408999443054	1.5696436940026666	1.6
239.0972764492035	1.5696436940026666	1.6
239.11182832717896	1.5680805984579849	1.6
239.12647533416748	1.5680805984579849	1.6
239.14198327064514	1.5680805984579849	1.6
239.15962767601013	1.5668516146003202	1.6
239.17426466941833	1.5668516146003202	1.6
239.19065237045288	1.565582028338797	1.6
239.20638847351074	1.565582028338797	1.6
239.22166204452515	1.565582028338797	1.6
239.2380006313324	1.563944933016865	1.6
239.25426983833313	1.563944933016865	1.6
239.2707827091217	1.5631444860894912	1.6
239.2872838973999	1.5631444860894912	1.6
239.30478644371033	1.5631444860894912	1.6
239.32453989982605	1.5631052719394434	1.6
239.34106469154358	1.5631052719394434	1.6
239.35993719100952	1.5621244946037525	1.6
239.38259887695312	1.5621244946037525	1.6
239.40506315231323	1.5616670445046117	1.6
239.4210832118988	1.5616670445046117	1.6
239.43687415122986	1.5616670445046117	1.6
239.45193099975586	1.5613102699828372	1.6
239.46937441825867	1.5613102699828372	1.6
239.48428988456726	1.5612365691042858	1.6
239.49846053123474	1.5612365691042858	1.6
239.51473879814148	1.5612365691042858	1.6
239.53308725357056	1.5610805285364613	1.6
239.54911041259766	1.5610805285364613	1.6
239.56517243385315	1.5605742902415138	1.6
239.58031630516052	1.5605742902415138	1.6
239.59780049324036	1.5605742902415138	1.6
239.61619114875793	1.5612489986220601	1.6
239.635559797287	1.5613852518552473	1.6
239.65704917907715	1.5613852518552473	1.6
239.67923712730408	1.5613888395771247	1.6
239.7013852596283	1.5613888395771247	1.6
239.72329926490784	1.5617372778841043	1.6
239.74625897407532	1.5617372778841043	1.6
239.7633593082428	1.5622249136599664	1.6
239.77850341796875	1.5622249136599664	1.6
239.79308080673218	1.5621159374694902	1.6
239.80598402023315	1.5621159374694902	1.6
239.81875872612	1.5621159374694902	1.6
239.83258843421936	1.5621159374694902	1.6
239.8464879989624	1.5620301939682248	1.6
239.85907125473022	1.5620301939682248	1.6
239.8738408088684	1.5618797643735653	1.6
239.88663172721863	1.5618797643735653	1.6
239.89977478981018	1.5618797643735653	1.6
239.91409492492676	1.5618797643735653	1.6
239.9292871952057	1.561659292990503	1.6
239.94794154167175	1.561659292990503	1.6
239.96444630622864	1.5613543834295605	1.6
239.98071551322937	1.5613543834295605	1.6
240.00071835517883	1.5599060327318444	1.6
240.0169861316681	1.5599060327318444	1.6
240.03323650360107	1.5594056635529832	1.6
240.04798364639282	1.5594056635529832	1.6
240.06431913375854	1.5594056635529832	1.6
240.08569645881653	1.5586602086201045	1.6
240.1042194366455	1.5586602086201045	1.6
240.12430834770203	1.5586602086201045	1.6
240.14411234855652	1.5577915348244133	1.6
240.16291689872742	1.557038375102191	1.6
240.17926478385925	1.557038375102191	1.6
240.19918632507324	1.557038375102191	1.6
240.220370054245	1.5567214447278317	1.6
240.23801112174988	1.5567214447278317	1.6
240.25528502464294	1.554476122548607	1.6
240.2706105709076	1.554476122548607	1.6
240.2880244255066	1.5523612721090045	1.6
240.30264472961426	1.5523612721090045	1.6
240.31849551200867	1.5569467402280994	1.6
240.33387112617493	1.5569467402280994	1.6
240.3479564189911	1.5569467402280994	1.6
240.36484146118164	nan	1.6
240.37823224067688	nan	1.6
240.39174962043762	nan	1.6
240.4068043231964	nan	1.6
240.4197862148285	nan	1.6
240.4329879283905	nan	1.6
240.4509654045105	nan	1.6
240.47278308868408	nan	1.6
240.49544644355774	nan	1.6
240.5149793624878	nan	1.6
240.53294897079468	nan	1.6
240.55227208137512	nan	1.6
240.57551050186157	nan	1.6
240.59564781188965	nan	1.6
240.61551761627197	nan	1.6
240.63340759277344	nan	1.6
240.6496262550354	nan	1.6
240.6653356552124	nan	1.6
240.68197298049927	nan	1.6
240.7025957107544	nan	1.6
240.72134613990784	nan	1.6
240.73751544952393	nan	1.6
240.7537453174591	nan	1.6
240.77202796936035	nan	1.6
240.7884395122528	nan	1.6
240.80506992340088	nan	1.6
240.8180103302002	nan	1.6
240.8314220905304	nan	1.6
240.84804105758667	nan	1.6
240.86161184310913	nan	1.6
240.87515568733215	nan	1.6
240.8893163204193	nan	1.6
240.90379881858826	nan	1.6
240.91832518577576	nan	1.6
240.9330027103424	nan	1.6
240.94727396965027	nan	1.6
240.96114134788513	nan	1.6
240.9774854183197	nan	1.6
240.98993921279907	nan	1.6
241.00520277023315	nan	1.6
241.01811957359314	nan	1.6
241.0310025215149	nan	1.6
241.04374957084656	nan	1.6
241.05904269218445	nan	1.6
241.0723237991333	nan	1.6
241.08796572685242	nan	1.6
241.10074591636658	nan	1.6
241.11331367492676	nan	1.6
241.12580060958862	nan	1.6
241.14016771316528	nan	1.6
241.15238404273987	nan	1.6
241.16889929771423	nan	1.6
241.18259525299072	nan	1.6
241.19609808921814	nan	1.6
241.21085333824158	nan	1.6
241.2256281375885	nan	1.6
241.23878812789917	nan	1.6
241.2537009716034	nan	1.6
241.26635789871216	nan	1.6
241.27901792526245	nan	1.6
241.2933692932129	nan	1.6
241.3062469959259	nan	1.6
241.31900596618652	nan	1.6
241.33323287963867	nan	1.6
241.34605741500854	nan	1.6
241.3603322505951	nan	1.6
241.37600183486938	nan	1.6
241.38911986351013	nan	1.6
241.40607047080994	nan	1.6
241.42374658584595	nan	1.6
241.43630743026733	nan	1.6
241.44896960258484	nan	1.6
241.46336555480957	nan	1.6
241.47627353668213	nan	1.6
241.4908902645111	nan	1.6
241.5037522315979	nan	1.6
241.5169496536255	nan	1.6
241.5324423313141	nan	1.6
241.5451045036316	nan	1.6
241.5583372116089	nan	1.6
241.5733563899994	nan	1.6
241.58631134033203	nan	1.6
241.60026741027832	nan	1.6
241.61569333076477	nan	1.6
241.62877249717712	nan	1.6
241.64134550094604	nan	1.6
241.65406441688538	nan	1.6
241.6679162979126	nan	1.6
241.68006253242493	nan	1.6
241.6950488090515	nan	1.6
241.70777201652527	nan	1.6
241.72031807899475	nan	1.6
241.7332305908203	nan	1.6
241.74822282791138	nan	1.6
241.7608699798584	nan	1.6
241.7759234905243	nan	1.6
241.78891253471375	nan	1.6
241.801766872406	nan	1.6
241.8152358531952	nan	1.6
241.83049035072327	nan	1.6
241.84313583374023	nan	1.6
241.8580322265625	nan	1.6
241.87074780464172	nan	1.6
241.88288974761963	nan	1.6
241.89580965042114	nan	1.6
241.9108371734619	nan	1.6
241.92364358901978	nan	1.6
241.93818616867065	nan	1.6
241.95097756385803	nan	1.6
241.96355032920837	nan	1.6
241.97790336608887	nan	1.6
241.99165058135986	nan	1.6
242.00427055358887	nan	1.6
242.01883697509766	nan	1.6
242.03145384788513	nan	1.6
242.04397678375244	nan	1.6
242.05770230293274	nan	1.6
242.0714955329895	nan	1.6
242.08444905281067	nan	1.6
242.09877920150757	nan	1.6
242.11141633987427	nan	1.6
242.1240360736847	nan	1.6
242.13920259475708	nan	1.6
242.15336322784424	nan	1.6
242.16664218902588	nan	1.6
242.18045210838318	nan	1.6
242.1931667327881	nan	1.6
242.20578169822693	nan	1.6
242.21954369544983	nan	1.6
242.2337305545807	nan	1.6
242.24653339385986	nan	1.6
242.26039719581604	nan	1.6
242.27258729934692	nan	1.6
242.28520464897156	nan	1.6
242.30040502548218	nan	1.6
242.3148205280304	nan	1.6
242.32772016525269	nan	1.6
242.3422656059265	nan	1.6
242.35529685020447	nan	1.6
242.3679027557373	nan	1.6
242.3829689025879	nan	1.6
242.39704370498657	nan	1.6
242.41363263130188	nan	1.6
242.42866587638855	nan	1.6
242.44193410873413	nan	1.6
242.4545648097992	nan	1.6
242.46897506713867	nan	1.6
242.48159766197205	nan	1.6
242.4946961402893	nan	1.6
242.5106382369995	nan	1.6
242.5253119468689	nan	1.6
242.54069757461548	nan	1.6
242.5562174320221	nan	1.6
242.5694260597229	nan	1.6
242.58249163627625	nan	1.6
242.59642362594604	nan	1.6
242.6086609363556	nan	1.6
242.62398624420166	nan	1.6
242.63678193092346	nan	1.6
242.6494312286377	nan	1.6
242.6628394126892	nan	1.6
242.6794250011444	nan	1.6
242.69213700294495	nan	1.6
242.7070779800415	nan	1.6
242.71971726417542	nan	1.6
242.73206210136414	nan	1.6
242.7465100288391	nan	1.6
242.7619857788086	nan	1.6
242.7756803035736	nan	1.6
242.78943419456482	nan	1.6
242.80218935012817	nan	1.6
242.81451845169067	nan	1.6
242.82857418060303	nan	1.6
242.84189558029175	1.558756362325602	1.6
242.85565614700317	1.558756362325602	1.6
242.86948585510254	1.5603013797451815	1.6
242.88161993026733	1.5603013797451815	1.6
242.894944190979	1.5603013797451815	1.6
242.91167783737183	1.5622921057954264	1.6
242.93109941482544	1.5622921057954264	1.6
242.94712328910828	1.563090892547603	1.6
242.9608438014984	1.563090892547603	1.6
242.97558879852295	1.563090892547603	1.6
242.99460983276367	1.5636395338205056	1.6
243.00890231132507	1.5636395338205056	1.6
243.0254876613617	1.5643424379051065	1.6
243.03955793380737	1.5643424379051065	1.6
243.05325746536255	1.5643424379051065	1.6
243.07001304626465	1.5643424379051065	1.6
243.0877456665039	1.5649108833205065	1.6
243.1017451286316	1.5649108833205065	1.6
243.11891078948975	1.5649108833205065	1.6
243.13389134407043	1.5654150020970803	1.6
243.14868927001953	1.5654150020970803	1.6
243.16371750831604	1.5657167227631246	1.6
243.17725563049316	1.5657167227631246	1.6
243.19389462471008	1.5657167227631246	1.6
243.21042943000793	1.5665285883335291	1.6
243.22514510154724	1.5665285883335291	1.6
243.2418622970581	1.5679589765268869	1.6
243.2558777332306	1.5679589765268869	1.6
243.2686915397644	1.5679589765268869	1.6
243.28513383865356	1.5698978334733655	1.6
243.29837369918823	1.5698978334733655	1.6
243.31545782089233	1.5719498862910446	1.6
243.32938504219055	1.5719498862910446	1.6
243.3419644832611	1.5719498862910446	1.6
243.35888862609863	1.5742289445927193	1.6
243.37272357940674	1.5742289445927193	1.6
243.38834524154663	1.5742289445927193	1.6
243.40303683280945	1.5767193304691378	1.6
243.41676020622253	1.5767193304691378	1.6
243.4306037425995	1.5767193304691378	1.6
243.44615960121155	1.579346377475229	1.6
243.45892477035522	1.579346377475229	1.6
243.4755597114563	1.5818174727318417	1.6
243.4883415699005	1.5818174727318417	1.6
243.50168132781982	1.5818174727318417	1.6
243.5176498889923	1.5818174727318417	1.6
243.53179693222046	1.5843160461374466	1.6
243.54760575294495	1.5843160461374466	1.6
243.56131744384766	1.5871919147152576	1.6
243.575443983078	1.5871919147152576	1.6
243.58831000328064	1.5871919147152576	1.6
243.60303592681885	1.5896210037840834	1.6
243.6169466972351	1.5896210037840834	1.6
243.63228964805603	1.5918794950267423	1.6
243.64508748054504	1.5918794950267423	1.6
243.6612720489502	1.5918794950267423	1.6
243.68048763275146	1.5938882428743828	1.6
243.70039582252502	1.5938882428743828	1.6
243.71793341636658	1.5960195878467585	1.6
243.73650074005127	1.5960195878467585	1.6
243.7504780292511	1.5960195878467585	1.6
243.76562094688416	1.5983060508388844	1.6
243.77872967720032	1.5983060508388844	1.6
243.79600548744202	1.600547568613538	1.6
243.80888533592224	1.600547568613538	1.6
243.82240390777588	1.600547568613538	1.6
243.84073328971863	1.6028121455143822	1.6
243.86467266082764	1.6028121455143822	1.6
243.88793563842773	1.6053289767701724	1.6
243.9147777557373	1.6053289767701724	1.6
243.94189476966858	1.6077723950710265	1.6
243.9645586013794	1.6077723950710265	1.6
243.98802423477173	1.6099187402187056	1.6
244.01082515716553	1.6124794847714927	1.6
244.03395915031433	1.6124794847714927	1.6
244.056636095047	1.6149887154417062	1.6
244.0792055130005	1.6166263162635564	1.6
244.09547305107117	1.6166263162635564	1.6
244.10970664024353	1.6166263162635564	1.6
244.12842893600464	1.6176438462118152	1.6
244.14271235466003	1.6176438462118152	1.6
244.1601197719574	1.6189370011251103	1.6
244.17475080490112	1.6189370011251103	1.6
244.18738651275635	1.6189370011251103	1.6
244.20331239700317	1.6189370011251103	1.6
244.21823453903198	1.6202197851256046	1.6
244.23308444023132	1.6202197851256046	1.6
244.25006198883057	1.6215421352392663	1.6
244.26761174201965	1.6215421352392663	1.6
244.2892484664917	1.622817007978405	1.6
244.30729794502258	1.622817007978405	1.6
244.3252809047699	1.6233665213769135	1.6
244.33842039108276	1.6233665213769135	1.6
244.3517210483551	1.6233665213769135	1.6
244.36840343475342	1.6231866067570302	1.6
244.38542819023132	1.6231866067570302	1.6
244.4058322906494	1.6229429265581903	1.6
244.42554593086243	1.6229429265581903	1.6
244.4450924396515	1.6229429265581903	1.6
244.4615957736969	1.622951204645318	1.6
244.4781732559204	1.622235781743014	1.6
244.4923436641693	1.622235781743014	1.6
244.5056450366974	1.622235781743014	1.6
244.5189447402954	1.622235781743014	1.6
244.53436636924744	nan	1.6
244.54731154441833	nan	1.6
244.5625491142273	nan	1.6
244.57557272911072	nan	1.6
244.58891224861145	nan	1.6
244.60438990592957	nan	1.6
244.61834383010864	nan	1.6
244.63133478164673	nan	1.6
244.6443338394165	nan	1.6
244.66024088859558	nan	1.6
244.67384481430054	nan	1.6
244.68904900550842	nan	1.6
244.7025866508484	nan	1.6
244.71572422981262	nan	1.6
244.7308268547058	nan	1.6
244.7461700439453	nan	1.6
244.76136755943298	nan	1.6
244.77631759643555	nan	1.6
244.7888946533203	nan	1.6
244.80198860168457	nan	1.6
244.81887078285217	nan	1.6
244.8326096534729	nan	1.6
244.84726357460022	nan	1.6
244.86050391197205	nan	1.6
244.87365579605103	nan	1.6
244.8869605064392	nan	1.6
244.9014654159546	nan	1.6
244.91502356529236	nan	1.6
244.93074417114258	nan	1.6
244.94454646110535	nan	1.6
244.95741653442383	nan	1.6
244.9759805202484	1.600175898957446	1.6
244.9931766986847	1.600175898957446	1.6
245.00959634780884	1.5993222177980257	1.6
245.02313899993896	1.5993222177980257	1.6
245.03623175621033	1.5993222177980257	1.6
245.05120038986206	1.5993222177980257	1.6
245.06515884399414	1.5984819367072116	1.6
245.0789122581482	1.5984819367072116	1.6
245.09498405456543	1.5971472922386778	1.6
245.10776591300964	1.5971472922386778	1.6
245.12086057662964	1.5971472922386778	1.6
245.13759398460388	1.5966465455346566	1.6
245.15072178840637	1.5966465455346566	1.6
245.16641068458557	1.5965412355580135	1.6
245.17924857139587	1.5965412355580135	1.6
245.19245076179504	1.5965412355580135	1.6
245.2059931755066	1.5965412355580135	1.6
245.22104477882385	1.595970511581517	1.6
245.23567175865173	1.595970511581517	1.6
245.25274848937988	1.5964438950495539	1.6
245.2666597366333	1.5964438950495539	1.6
245.28671264648438	1.5964438950495539	1.6
245.3021137714386	1.5971239520041083	1.6
245.3163492679596	1.5971239520041083	1.6
245.3323531150818	1.5988748296075022	1.6
245.34619212150574	1.5988748296075022	1.6
245.35900330543518	1.5988748296075022	1.6
245.37465643882751	1.5988748296075022	1.6
245.38761377334595	1.6002327100772575	1.6
245.40085530281067	1.6002327100772575	1.6
245.41599822044373	1.6002327100772575	1.6
245.43144536018372	1.601895662723497	1.6
245.44591307640076	1.601895662723497	1.6
245.46203684806824	1.6030374827498992	1.6
245.47625279426575	1.6030374827498992	1.6
245.49054408073425	1.6030374827498992	1.6
245.5077886581421	1.6045071233131403	1.6
245.52258801460266	1.6045071233131403	1.6
245.5398383140564	1.605668403596209	1.6
245.5555272102356	1.605668403596209	1.6
245.5695059299469	1.605668403596209	1.6
245.58706498146057	1.6063586732708424	1.6
245.60210728645325	1.6063586732708424	1.6
245.61956405639648	1.6074986649388223	1.6
245.63477516174316	1.6074986649388223	1.6
245.64819836616516	1.6074986649388223	1.6
245.66288447380066	1.6074986649388223	1.6
245.67664408683777	1.608168523877696	1.6
245.69201588630676	1.608168523877696	1.6
245.70591235160828	1.6095180302468315	1.6
245.71939754486084	1.6095180302468315	1.6
245.73182201385498	1.6095180302468315	1.6
245.7497045993805	1.610472775644012	1.6
245.76404190063477	1.610472775644012	1.6
245.77930355072021	1.6115040111490209	1.6
245.7928216457367	1.6115040111490209	1.6
245.80599427223206	1.6115040111490209	1.6
245.82316327095032	1.6126597020359044	1.6
245.83774614334106	1.6126597020359044	1.6
245.85374426841736	1.6126597020359044	1.6
245.8682107925415	1.6147084538483139	1.6
245.88252019882202	1.6147084538483139	1.6
245.89683413505554	1.6147084538483139	1.6
245.91203093528748	1.6160913635089442	1.6
245.92693567276	1.6160913635089442	1.6
245.94213104248047	1.6175385029304639	1.6
245.95753121376038	1.6175385029304639	1.6
245.97175359725952	1.6175385029304639	1.6
245.98741269111633	1.61857494721269	1.6
246.00140285491943	1.61857494721269	1.6
246.01800203323364	1.6197059548855808	1.6
246.03239965438843	1.6197059548855808	1.6
246.04491138458252	1.6197059548855808	1.6
246.06021404266357	1.6197059548855808	1.6
246.0755214691162	1.6200607357245542	1.6
246.08983492851257	1.6200607357245542	1.6
246.10676074028015	1.619950486880502	1.6
246.1208209991455	1.619950486880502	1.6
246.1356921195984	1.619950486880502	1.6
246.1511104106903	1.6195997601848788	1.6
246.16567468643188	1.6195997601848788	1.6
246.1789665222168	1.6195997601848788	1.6
246.19757270812988	1.619269367933838	1.6
246.21424508094788	1.619269367933838	1.6
246.23111820220947	1.6181660483443772	1.6
246.2453739643097	1.6181660483443772	1.6
246.2588608264923	1.6181660483443772	1.6
246.27540469169617	1.6169550817290712	1.6
246.28936958312988	1.6169550817290712	1.6
246.30664825439453	1.6153513387617824	1.6
246.32190704345703	1.6153513387617824	1.6
246.33609461784363	1.6153513387617824	1.6
246.3535861968994	1.6140220494008344	1.6
246.366938829422	1.6140220494008344	1.6
246.38386511802673	1.6131425692608983	1.6
246.39677786827087	1.6131425692608983	1.6
246.409681558609	1.6131425692608983	1.6
246.4249722957611	1.6131425692608983	1.6
246.43933773040771	1.6121302409410885	1.6
246.4521143436432	1.6121302409410885	1.6
246.46622586250305	1.6112431248456	1.6
246.47855377197266	1.6112431248456	1.6
246.49108839035034	1.6112431248456	1.6
246.50578951835632	1.6112431248456	1.6
246.51976132392883	1.6097046575267921	1.6
246.5331621170044	1.6097046575267921	1.6
246.54931378364563	1.6080665477706944	1.6
246.56250929832458	1.6080665477706944	1.6
246.5764684677124	1.6080665477706944	1.6
246.59300470352173	1.6067793652310118	1.6
246.6061143875122	1.6067793652310118	1.6
246.62121152877808	1.6067793652310118	1.6
246.63501024246216	1.6053588561021646	1.6
246.64761638641357	1.6053588561021646	1.6
246.66013479232788	1.6053588561021646	1.6
246.67491483688354	1.6044076244306105	1.6
246.68778657913208	1.6044076244306105	1.6
246.70284032821655	1.6043490603090391	1.6
246.7160918712616	1.6043490603090391	1.6
246.72880721092224	1.6043490603090391	1.6
246.74304699897766	1.6043490603090391	1.6
246.7578740119934	1.6038383754079764	1.6
246.77111268043518	1.6038383754079764	1.6
246.78751492500305	1.6035241466831014	1.6
246.8011200428009	1.6035241466831014	1.6
246.815612077713	1.6035241466831014	1.6
246.83179569244385	1.6028217415859711	1.6
246.84565806388855	1.6028217415859711	1.6
246.8601531982422	1.6028217415859711	1.6
246.87469220161438	1.6024682639622996	1.6
246.88758516311646	1.6024682639622996	1.6
246.90099167823792	1.6024682639622996	1.6
246.9172396659851	1.6023679700308306	1.6
246.93052649497986	1.6023679700308306	1.6
246.9440336227417	1.6023679700308306	1.6
246.9595592021942	1.6031834913387908	1.6
246.97313332557678	1.6031834913387908	1.6
246.98859453201294	1.6031834913387908	1.6
247.00361561775208	1.6035976662156384	1.6
247.01657342910767	1.6035976662156384	1.6
247.03020930290222	1.6035976662156384	1.6
247.0456976890564	1.6043329690478825	1.6
247.05852723121643	1.6043329690478825	1.6
247.07455706596375	1.6046241743264744	1.6
247.08725094795227	1.6046241743264744	1.6
247.1007204055786	1.6046241743264744	1.6
247.11967062950134	1.6050931430718673	1.6
247.13319373130798	1.6050931430718673	1.6
247.14939045906067	1.6050931430718673	1.6
247.16292595863342	1.6055519763455064	1.6
247.17623448371887	1.6055519763455064	1.6
247.18965935707092	1.6055519763455064	1.6
247.20438861846924	1.606067141200579	1.6
247.21722984313965	1.606067141200579	1.6
247.2330038547516	1.6076920569676847	1.6
247.24686336517334	1.6076920569676847	1.6
247.25928902626038	1.6076920569676847	1.6
247.27488350868225	1.6076920569676847	1.6
247.28890109062195	1.6093999606401084	1.6
247.30257034301758	1.6093999606401084	1.6
247.3175766468048	1.6118142171420478	1.6
247.33015775680542	1.6118142171420478	1.6
247.3431520462036	1.6118142171420478	1.6
247.35839176177979	1.6118142171420478	1.6
247.37273740768433	1.6136107200244112	1.6
247.38721251487732	1.6136107200244112	1.6
247.40199518203735	1.6155092257715373	1.6
247.41498184204102	1.6155092257715373	1.6
247.4278380870819	1.6155092257715373	1.6
247.4435737133026	1.618687188353705	1.6
247.4571874141693	1.618687188353705	1.6
247.47349858283997	1.6214189856557581	1.6
247.48643517494202	1.6214189856557581	1.6
247.49942088127136	1.6214189856557581	1.6
247.514098405838	1.6214189856557581	1.6
247.52782130241394	1.62461067751807	1.6
247.54560589790344	1.62461067751807	1.6
247.56747603416443	1.62890161501807	1.6
247.58745670318604	1.62890161501807	1.6
247.60626482963562	1.6320443215583578	1.6
247.62080216407776	1.6320443215583578	1.6
247.6361563205719	1.6320443215583578	1.6
247.65332007408142	1.6356707991581771	1.6
247.66794967651367	1.6356707991581771	1.6
247.68429613113403	1.638753849242979	1.6
247.69878554344177	1.638753849242979	1.6
247.71200895309448	1.638753849242979	1.6
247.72844052314758	1.6414162030795585	1.6
247.74199867248535	1.6414162030795585	1.6
247.75939965248108	1.6437736259748068	1.6
247.7732653617859	1.6437736259748068	1.6
247.7874617576599	1.6437736259748068	1.6
247.8028781414032	1.6437736259748068	1.6
247.81886053085327	1.6459542390016266	1.6
247.83464813232422	1.6459542390016266	1.6
247.85059785842896	1.6474230142964799	1.6
247.86623001098633	1.6474230142964799	1.6
247.88042902946472	1.6474230142964799	1.6
247.89818620681763	1.6485654617203025	1.6
247.91416668891907	1.6485654617203025	1.6
247.92952346801758	1.6492656485572965	1.6
247.94422483444214	1.6492656485572965	1.6
247.95910501480103	1.6492656485572965	1.6
247.9766023159027	1.648809735244603	1.6
247.99329137802124	1.648809735244603	1.6
248.01216864585876	1.6493573858725448	1.6
248.0265395641327	1.6493573858725448	1.6
248.04184675216675	1.6493573858725448	1.6
248.0582275390625	1.6488293052561338	1.6
248.07347059249878	1.6488293052561338	1.6
248.08966732025146	1.6484427538553803	1.6
248.10345673561096	1.6484427538553803	1.6
248.1170392036438	1.6484427538553803	1.6
248.13257575035095	1.6479596910420882	1.6
248.14634108543396	1.6479596910420882	1.6
248.16214537620544	1.647440763325239	1.6
248.1760230064392	1.647440763325239	1.6
248.19052386283875	1.647440763325239	1.6
248.20767426490784	1.6474673213637239	1.6
248.2210624217987	1.6474673213637239	1.6
248.2376515865326	1.6474673213637239	1.6
248.25194096565247	1.6472030260806085	1.6
248.2673363685608	1.6472030260806085	1.6
248.2830536365509	1.6472030260806085	1.6
248.29819774627686	1.6467597319901195	1.6
248.31245183944702	1.6467597319901195	1.6
248.32936096191406	1.6469657017968828	1.6
248.3430380821228	1.6469657017968828	1.6
248.35836672782898	1.6469657017968828	1.6
248.37517786026	1.646632895597381	1.6
248.38900661468506	1.646632895597381	1.6
248.40547466278076	1.646632895597381	1.6
248.42405366897583	1.6461062470212837	1.6
248.44018077850342	1.6461062470212837	1.6
248.45731115341187	1.6456575215310878	1.6
248.4732165336609	1.6456575215310878	1.6
248.49052906036377	1.6456575215310878	1.6
248.51401805877686	1.6456182922357552	1.6
248.53705883026123	1.6453572135185541	1.6
248.55916500091553	1.6453572135185541	1.6
248.5843825340271	1.6457098329580195	1.6
248.60690426826477	1.6453925074179285	1.6
248.62591409683228	1.6453925074179285	1.6
248.6426649093628	1.6453925074179285	1.6
248.66210222244263	1.6454167151327657	1.6
248.68089985847473	1.6454167151327657	1.6
248.69790601730347	1.645723367832952	1.6
248.7115921974182	1.645723367832952	1.6
248.72463011741638	1.645723367832952	1.6
248.73948335647583	1.6456768694669388	1.6
248.75509977340698	1.6456768694669388	1.6
248.77294898033142	1.646371354995847	1.6
248.7889654636383	1.646371354995847	1.6
248.80314469337463	1.646371354995847	1.6
248.8187656402588	1.6474801435160233	1.6
248.8327865600586	1.6474801435160233	1.6
248.84908962249756	1.6483149250732088	1.6
248.86220860481262	1.6483149250732088	1.6
248.87511110305786	1.6483149250732088	1.6
248.88747715950012	1.6483149250732088	1.6
248.90663981437683	1.6491476404241556	1.6
248.92534756660461	1.6491476404241556	1.6
248.93926787376404	1.6500614878568716	1.6
248.9526150226593	1.6500614878568716	1.6
248.9664649963379	1.6500614878568716	1.6
248.981618642807	1.6508492293941572	1.6
248.99469661712646	1.6508492293941572	1.6
249.0117530822754	1.6514535397008632	1.6
249.02574753761292	1.6514535397008632	1.6
249.0387942790985	1.6514535397008632	1.6
249.05426049232483	1.6522528441684603	1.6
249.0693097114563	1.6522528441684603	1.6
249.08556938171387	1.6522528441684603	1.6
249.1016764640808	1.65307245672649	1.6
249.11464500427246	1.65307245672649	1.6
249.129141330719	1.65307245672649	1.6
249.14437818527222	1.6530007371129962	1.6
249.15724635124207	1.6530007371129962	1.6
249.17008233070374	1.6530007371129962	1.6
249.18575239181519	1.653020202310156	1.6
249.19802689552307	1.653020202310156	1.6
249.213960647583	1.652581173795045	1.6
249.22633910179138	1.652581173795045	1.6
249.23884558677673	1.652581173795045	1.6
249.25153279304504	1.652581173795045	1.6
249.2665467262268	1.653008733476743	1.6
249.27908611297607	1.653008733476743	1.6
249.29384636878967	1.653008733476743	1.6
249.30672550201416	1.6524169309440957	1.6
249.31927514076233	1.6524169309440957	1.6
249.3317575454712	1.6524169309440957	1.6
249.34772419929504	1.652717064549218	1.6
249.36026334762573	1.652717064549218	1.6
249.37599349021912	1.6521803808715554	1.6
249.38868069648743	1.6521803808715554	1.6
249.40082907676697	1.6521803808715554	1.6
249.41633534431458	1.6521803808715554	1.6
249.4313564300537	1.6518219063968176	1.6
249.44401502609253	1.6518219063968176	1.6
249.45941066741943	1.6507230955118808	1.6
249.4732060432434	1.6507230955118808	1.6
249.4863510131836	1.6507230955118808	1.6
249.4999840259552	1.6507230955118808	1.6
249.51416039466858	1.6488999233006996	1.6
249.52846670150757	1.6488999233006996	1.6
249.54356598854065	1.647729838053327	1.6
249.55662202835083	1.647729838053327	1.6
249.56999278068542	1.647729838053327	1.6
249.58644342422485	1.6463656837625311	1.6
249.59963750839233	1.6463656837625311	1.6
249.61699414253235	1.644950270860748	1.6
249.63040161132812	1.644950270860748	1.6
249.64351963996887	1.644950270860748	1.6
249.65909957885742	1.644950270860748	1.6
249.6723117828369	1.6429220923980867	1.6
249.68503069877625	1.6429220923980867	1.6
249.6995255947113	1.6410668830384807	1.6
249.71192693710327	1.6410668830384807	1.6
249.72419357299805	1.6410668830384807	1.6
249.73856282234192	1.6410668830384807	1.6
249.75161623954773	1.6383230066474492	1.6
249.76421403884888	1.6383230066474492	1.6
249.77938413619995	1.6360571576731686	1.6
249.79219341278076	1.6360571576731686	1.6
249.80602145195007	1.6360571576731686	1.6
249.8217694759369	1.633443814979057	1.6
249.83457827568054	1.633443814979057	1.6
249.84835028648376	1.633443814979057	1.6
249.8624770641327	1.6313961491279272	1.6
249.8750913143158	1.6313961491279272	1.6
249.89028191566467	1.6313961491279272	1.6
249.90800762176514	1.6303606270028783	1.6
249.92142534255981	1.6303606270028783	1.6
249.9339394569397	1.6303606270028783	1.6
249.94756317138672	1.6303606270028783	1.6
249.96144580841064	1.6287237731643813	1.6
249.974506855011	1.6287237731643813	1.6
249.9896457195282	1.6265932406539119	1.6
250.00274848937988	1.6265932406539119	1.6
250.01602125167847	1.6265932406539119	1.6
250.03136086463928	1.624390217828924	1.6
250.04427123069763	1.624390217828924	1.6
250.0582811832428	1.624390217828924	1.6
250.0735604763031	1.6218586789786769	1.6
250.08674669265747	1.6218586789786769	1.6
250.099853515625	1.6218586789786769	1.6
250.11537313461304	1.6201820655435912	1.6
250.12764763832092	1.6201820655435912	1.6
250.14299535751343	1.6174063069520899	1.6
250.156325340271	1.6174063069520899	1.6
250.16941785812378	1.6174063069520899	1.6
250.18325853347778	1.6174063069520899	1.6
250.1986060142517	1.6149191589266203	1.6
250.21252059936523	1.6149191589266203	1.6
250.2272605895996	1.6129468915089187	1.6
250.24074006080627	1.6129468915089187	1.6
250.25374937057495	1.6129468915089187	1.6
250.26934957504272	1.6109442251694133	1.6
250.28291010856628	1.6109442251694133	1.6
250.29609417915344	1.6109442251694133	1.6
250.3095395565033	1.6088679247392303	1.6
250.32164645195007	1.6088679247392303	1.6
250.3339433670044	1.6088679247392303	1.6
250.34864377975464	1.6088679247392303	1.6
250.36262273788452	1.6074009268591993	1.6
250.37548923492432	1.6074009268591993	1.6
250.38949966430664	1.6064184762882345	1.6
250.4023540019989	1.6064184762882345	1.6
250.41497564315796	1.6064184762882345	1.6
250.4311559200287	1.6058092905904449	1.6
250.4449429512024	1.6058092905904449	1.6
250.4600043296814	1.6058092905904449	1.6
250.47390413284302	1.6049789316540672	1.6
250.48635697364807	1.6049789316540672	1.6
250.49884176254272	1.6049789316540672	1.6
250.51336002349854	1.6038580551132107	1.6
250.52561402320862	1.6038580551132107	1.6
250.539386510849	1.6038580551132107	1.6
250.55329608917236	1.6040670697236004	1.6
250.56572127342224	1.6040670697236004	1.6
250.5788562297821	1.6040670697236004	1.6
250.5940546989441	1.6036431643981566	1.6
250.60674357414246	1.6036431643981566	1.6
250.6225118637085	1.60285931871522	1.6
250.63615131378174	1.60285931871522	1.6
250.64930844306946	1.60285931871522	1.6
250.66255974769592	1.60285931871522	1.6
250.67765426635742	1.6027251089141359	1.6
250.6901159286499	1.6027251089141359	1.6
250.70222926139832	1.6027251089141359	1.6
250.71706104278564	1.6027251089141359	1.6
250.73009657859802	1.6027938207989691	1.6
250.74318885803223	1.6027938207989691	1.6
250.75830912590027	1.6025270733488621	1.6
250.77050518989563	1.6025270733488621	1.6
250.78317546844482	1.6025270733488621	1.6
250.7979235649109	1.6026106359489378	1.6
250.81032252311707	1.6026106359489378	1.6
250.82441973686218	1.6026106359489378	1.6
250.8392517566681	1.6026339790574422	1.6
250.8522012233734	1.6026339790574422	1.6
250.86500811576843	1.6026339790574422	1.6
250.88013768196106	1.6025559111840173	1.6
250.89246153831482	1.6025559111840173	1.6
250.90658497810364	1.6025559111840173	1.6
250.9216706752777	1.602365332346126	1.6
250.93422174453735	1.602365332346126	1.6
250.94726634025574	1.602365332346126	1.6
250.96202969551086	1.602036243760692	1.6
250.97457909584045	1.602036243760692	1.6
250.98981499671936	1.602162674490355	1.6
251.0025360584259	1.602162674490355	1.6
251.01483917236328	1.602162674490355	1.6
251.0281105041504	1.602162674490355	1.6
251.04391384124756	1.602898879587593	1.6
251.0563769340515	1.602898879587593	1.6
251.07318258285522	1.603027681779981	1.6
251.08651208877563	1.603027681779981	1.6
251.10025668144226	1.603027681779981	1.6
251.11481714248657	1.603027681779981	1.6
251.1303312778473	1.601819835766981	1.6
251.1461889743805	1.601819835766981	1.6
251.1608338356018	1.600743180972953	1.6
251.17469096183777	1.600743180972953	1.6
251.18774127960205	1.600743180972953	1.6
251.20465922355652	1.5994784292931403	1.6
251.21782445907593	1.5994784292931403	1.6
251.23482179641724	1.5981047008118974	1.6
251.24796748161316	1.5981047008118974	1.6
251.26180863380432	1.5981047008118974	1.6
251.27673768997192	1.5981047008118974	1.6
251.2903881072998	1.5975307154947305	1.6
251.30486130714417	1.5975307154947305	1.6
251.31971549987793	1.5973592715546672	1.6
251.33354926109314	1.5973592715546672	1.6
251.34672689437866	1.5973592715546672	1.6
251.36157751083374	1.597059707383544	1.6
251.3744237422943	1.597059707383544	1.6
251.38970112800598	1.597059707383544	1.6
251.40286254882812	1.5968601025203222	1.6
251.41540670394897	1.5968601025203222	1.6
251.43064045906067	1.5968601025203222	1.6
251.44611191749573	1.5961588920198033	1.6
251.45922327041626	1.5961588920198033	1.6
251.47337317466736	1.5961588920198033	1.6
251.4902937412262	1.5953233253368526	1.6
251.50384545326233	1.5953233253368526	1.6
251.52016258239746	1.5955194617851343	1.6
251.53395700454712	1.5955194617851343	1.6
251.54735374450684	1.5955194617851343	1.6
251.5617790222168	1.5955194617851343	1.6
251.57718086242676	1.5958614154393231	1.6
251.59077525138855	1.5958614154393231	1.6
251.60731434822083	1.5959953181308344	1.6
251.62066793441772	1.5959953181308344	1.6
251.63623809814453	1.5959953181308344	1.6
251.65164732933044	1.5956553464084497	1.6
251.66456055641174	1.5956553464084497	1.6
251.68048453330994	1.5945662595499865	1.6
251.69364023208618	1.5945662595499865	1.6
251.70695161819458	1.5945662595499865	1.6
251.72139286994934	1.5945662595499865	1.6
251.73592138290405	1.5932716107769236	1.6
251.74922895431519	1.5932716107769236	1.6
251.76424360275269	1.5915415361667855	1.6
251.77645540237427	1.5915415361667855	1.6
251.78920555114746	1.5915415361667855	1.6
251.8053593635559	1.5897847328541561	1.6
251.81792998313904	1.5897847328541561	1.6
251.83060884475708	1.5897847328541561	1.6
251.84510445594788	1.5882258782323526	1.6
251.85776734352112	1.5882258782323526	1.6
251.86994051933289	1.5882258782323526	1.6
251.88479471206665	1.5882258782323526	1.6
251.89900279045105	1.5870049952222827	1.6
251.91218852996826	1.5870049952222827	1.6
251.92605113983154	1.5862199728466646	1.6
251.93884801864624	1.5862199728466646	1.6
251.9520230293274	1.5862199728466646	1.6
251.96720576286316	1.5842871112864563	1.6
251.97948741912842	1.5842871112864563	1.6
251.99383735656738	1.5842871112864563	1.6
252.0098524093628	1.5823505981273345	1.6
252.0237741470337	1.5823505981273345	1.6
252.03641366958618	1.5823505981273345	1.6
252.0508108139038	1.5809326922226723	1.6
252.06305050849915	1.5809326922226723	1.6
252.07776832580566	1.5809326922226723	1.6
252.09087300300598	1.5804208721702824	1.6
252.10346817970276	1.5804208721702824	1.6
252.11579847335815	1.5804208721702824	1.6
252.13138055801392	1.5797158020630595	1.6
252.1445050239563	1.5797158020630595	1.6
252.15747570991516	1.5797158020630595	1.6
252.17327070236206	1.5797158020630595	1.6
252.186847448349	1.5797290345515707	1.6
252.2013771533966	1.5797290345515707	1.6
252.21573853492737	1.5795081623893859	1.6
252.22785258293152	1.5795081623893859	1.6
252.24005699157715	1.5795081623893859	1.6
252.25529789924622	1.57927856446823	1.6
252.26793098449707	1.57927856446823	1.6
252.28251433372498	1.57927856446823	1.6
252.29620361328125	1.5790719299221203	1.6
252.3092007637024	1.5790719299221203	1.6
252.32123851776123	1.5790719299221203	1.6
252.33731198310852	1.5790018334942593	1.6
252.35016703605652	1.5790018334942593	1.6
252.36725068092346	1.5802188071248924	1.6
252.38021445274353	1.5802188071248924	1.6
252.39273476600647	1.5802188071248924	1.6
252.4072139263153	1.5802188071248924	1.6
252.42252922058105	1.5817101737501387	1.6
252.435063123703	1.5817101737501387	1.6
252.449640750885	1.5834726065027518	1.6
252.46197891235352	1.5834726065027518	1.6
252.474680185318	1.5834726065027518	1.6
252.48897194862366	1.5834726065027518	1.6
252.50271272659302	1.584851095282525	1.6
252.51573252677917	1.584851095282525	1.6
252.53153324127197	1.586510671744294	1.6
252.54606175422668	1.586510671744294	1.6
252.55922198295593	1.586510671744294	1.6
252.57535409927368	1.5875848258849634	1.6
252.58905291557312	1.5875848258849634	1.6
252.6053740978241	1.5875848258849634	1.6
252.6196370124817	1.5895211507104272	1.6
252.6328330039978	1.5895211507104272	1.6
252.64662075042725	1.5895211507104272	1.6
252.6612741947174	1.5913189007978499	1.6
252.67483639717102	1.5913189007978499	1.6
252.69030094146729	1.5929705420380074	1.6
252.7044312953949	1.5929705420380074	1.6
252.722101688385	1.5929705420380074	1.6
252.74061703681946	1.5934751419538529	1.6
252.75471019744873	1.5934751419538529	1.6
252.76948499679565	1.5941295671794653	1.6
252.78187322616577	1.5941295671794653	1.6
252.7940375804901	1.5941295671794653	1.6
252.80676102638245	1.5941295671794653	1.6
252.82049870491028	1.5944540155495426	1.6
252.83277344703674	1.5944540155495426	1.6
252.84803175926208	1.5949948566522993	1.6
252.86037039756775	1.5949948566522993	1.6
252.87397360801697	1.5949948566522993	1.6
252.8884253501892	1.5949948566522993	1.6
252.90268206596375	1.595349905470205	1.6
252.91522860527039	1.595349905470205	1.6
252.92733788490295	1.595349905470205	1.6
252.94173550605774	1.595349905470205	1.6
252.95523738861084	1.5961027039499975	1.6
252.97027778625488	1.5961027039499975	1.6
252.9843728542328	1.5968602165830659	1.6
252.99651098251343	1.5968602165830659	1.6
253.0090970993042	1.5968602165830659	1.6
253.0241084098816	1.597132658380532	1.6
253.03677248954773	1.597132658380532	1.6
253.0511281490326	1.597132658380532	1.6
253.06374502182007	1.5973280287492746	1.6
253.07623529434204	1.5973280287492746	1.6
253.08848762512207	1.5973280287492746	1.6
253.10398364067078	1.5970114811663874	1.6
253.11621046066284	1.5970114811663874	1.6
253.1307725906372	1.5970114811663874	1.6
253.14472436904907	1.597322720998107	1.6
253.15685892105103	1.597322720998107	1.6
253.169180393219	1.597322720998107	1.6
253.1850836277008	1.5973051378380236	1.6
253.19834971427917	1.5973051378380236	1.6
253.21564435958862	1.5971127097078264	1.6
253.2288520336151	1.5971127097078264	1.6
253.24110436439514	1.5971127097078264	1.6
253.25508832931519	1.5971127097078264	1.6
253.26978826522827	1.596137545220174	1.6
253.28209376335144	1.596137545220174	1.6
253.29831862449646	1.5951276933493919	1.6
253.3112132549286	1.5951276933493919	1.6
253.32441926002502	1.5951276933493919	1.6
253.33939862251282	1.5951276933493919	1.6
253.35270142555237	1.5934267729312652	1.6
253.3662497997284	1.5934267729312652	1.6
253.38005447387695	1.5913982922682817	1.6
253.39254474639893	1.5913982922682817	1.6
253.40968871116638	1.5913982922682817	1.6
253.43057250976562	1.5896695965424235	1.6
253.4523687362671	1.5896695965424235	1.6
253.47353792190552	1.587596117539504	1.6
253.48947668075562	1.587596117539504	1.6
253.50847816467285	1.5855596968638204	1.6
253.5228750705719	1.5855596968638204	1.6
253.53849720954895	1.5834042294475077	1.6
253.55196046829224	1.5834042294475077	1.6
253.56586933135986	1.5834042294475077	1.6
253.58054900169373	1.5834042294475077	1.6
253.5948884487152	1.581128856459965	1.6
253.6087737083435	1.581128856459965	1.6
253.6236231327057	1.5787055978357558	1.6
253.6367371082306	1.5787055978357558	1.6
253.64994931221008	1.5787055978357558	1.6
253.66638588905334	1.5758892042590629	1.6
253.68125867843628	1.5758892042590629	1.6
253.69379377365112	1.5758892042590629	1.6
253.70991492271423	1.5758892042590629	1.6
253.72593879699707	1.573542362454635	1.6
253.7458610534668	1.571398239484722	1.6
253.75898218154907	1.571398239484722	1.6
253.7725465297699	1.571398239484722	1.6
253.78976345062256	1.5698192612648132	1.6
253.8035705089569	1.5698192612648132	1.6
253.81877398490906	1.5698192612648132	1.6
253.83778977394104	1.5677546921085088	1.6
253.85842275619507	1.5677546921085088	1.6
253.8811798095703	1.5655325268144642	1.6
253.90616726875305	1.5642995753542848	1.6
253.92802906036377	1.5642995753542848	1.6
253.9511742591858	1.5642995753542848	1.6
253.9761438369751	1.5628798505127208	1.6
253.99835228919983	1.561645116398481	1.6
254.01788020133972	1.561645116398481	1.6
254.0385239124298	1.5610421855759768	1.6
254.0560986995697	1.5610421855759768	1.6
254.07628965377808	1.5609226953947082	1.6
254.09270358085632	1.5609226953947082	1.6
254.11117386817932	1.5605082805853796	1.6
254.12695145606995	1.5605082805853796	1.6
254.14419198036194	1.5601575166027735	1.6
254.1605486869812	1.5601575166027735	1.6
254.1772849559784	1.5601575166027735	1.6
254.19528007507324	1.56038658735956	1.6
254.21239471435547	1.56038658735956	1.6
254.23010277748108	1.5604641500610752	1.6
254.2451047897339	1.5604641500610752	1.6
254.2611107826233	1.5604641500610752	1.6
254.27752256393433	1.5610525649474223	1.6
254.29088497161865	1.5610525649474223	1.6
254.30689978599548	1.5615170949504058	1.6
254.3202040195465	1.5615170949504058	1.6
254.33417391777039	1.5615170949504058	1.6
254.35245013237	1.5620193022242086	1.6
254.36683249473572	1.5620193022242086	1.6
254.38371562957764	1.562711932586957	1.6
254.39636731147766	1.562711932586957	1.6
254.40903329849243	1.562711932586957	1.6
254.42262649536133	1.562711932586957	1.6
254.43848729133606	1.5631863775497117	1.6
254.45404744148254	1.5631863775497117	1.6
254.47163033485413	1.5631863775497117	1.6
254.487868309021	1.5643523931747114	1.6
254.50211763381958	1.5643523931747114	1.6
254.518168926239	1.5661358698845687	1.6
254.53668117523193	1.5661358698845687	1.6
254.5618793964386	1.5679434734661721	1.6
254.58356761932373	1.5679434734661721	1.6
254.60343885421753	1.568711484331602	1.6
254.62097549438477	1.568711484331602	1.6
254.6395297050476	1.5698174417437816	1.6
254.6543323993683	1.5698174417437816	1.6
254.67121267318726	1.5715855713225362	1.6
254.68638491630554	1.5715855713225362	1.6
254.70089840888977	1.5715855713225362	1.6
254.72026753425598	1.572200468303977	1.6
254.73485732078552	1.572200468303977	1.6
254.7523593902588	1.5729561757737844	1.6
254.76621341705322	1.5729561757737844	1.6
254.7798752784729	1.5729561757737844	1.6
254.8000133037567	1.5729561757737844	1.6
254.819757938385	1.5732236269041195	1.6
254.83617091178894	1.573998821334056	1.6
254.84941792488098	1.573998821334056	1.6
254.8617033958435	1.573998821334056	1.6
254.8760166168213	1.573998821334056	1.6
254.89049434661865	1.5741161295726926	1.6
254.9054946899414	1.5741161295726926	1.6
254.92009496688843	1.5738882195525923	1.6
254.93577337265015	1.5738882195525923	1.6
254.95292735099792	1.5738882195525923	1.6
254.9679446220398	1.574042980792516	1.6
254.9824674129486	1.574042980792516	1.6
254.99717807769775	1.5743050930154516	1.6
255.01119112968445	1.5743050930154516	1.6
255.02568984031677	1.5743050930154516	1.6
255.04157423973083	1.5738846918235465	1.6
255.05525922775269	1.5738846918235465	1.6
255.07116436958313	1.5736994659959147	1.6
255.08359169960022	1.5736994659959147	1.6
255.09673714637756	1.5736994659959147	1.6
255.10982966423035	1.5736994659959147	1.6
255.12701296806335	1.5739459917219278	1.6
255.14170050621033	1.5739459917219278	1.6
255.15912866592407	1.5740639788700208	1.6
255.17488956451416	1.5740639788700208	1.6
255.19017624855042	1.5740639788700208	1.6
255.20529294013977	1.5744844935036562	1.6
255.21777248382568	1.5744844935036562	1.6
255.23091673851013	1.5744844935036562	1.6
255.24857544898987	1.5743942714891668	1.6
255.26666474342346	1.5743942714891668	1.6
255.28179144859314	1.5742246692164397	1.6
255.29540395736694	1.5742246692164397	1.6
255.30993795394897	1.5742246692164397	1.6
255.32667112350464	1.5740549806080606	1.6
255.33952283859253	1.5740549806080606	1.6
255.353590965271	1.5740549806080606	1.6
255.36728525161743	1.5734065299692013	1.6
255.3805603981018	1.5734065299692013	1.6
255.3927001953125	1.5734065299692013	1.6
255.4088532924652	1.573273282538672	1.6
255.4217369556427	1.573273282538672	1.6
255.43613529205322	1.573273282538672	1.6
255.44976782798767	1.5741220051250155	1.6
255.46852827072144	1.5741220051250155	1.6
255.48949027061462	1.5737655800237358	1.6
255.50416326522827	1.5737655800237358	1.6
255.52253603935242	1.5743278708892947	1.6
255.53776359558105	1.5743278708892947	1.6
255.55000114440918	1.5743278708892947	1.6
255.56779956817627	1.5743822006349737	1.6
255.58154797554016	1.5743822006349737	1.6
255.59554958343506	1.5743822006349737	1.6
255.61094880104065	1.5741183332316588	1.6
255.62375473976135	1.5741183332316588	1.6
255.63992834091187	1.5741183332316588	1.6
255.65545558929443	1.574144476163871	1.6
255.66875743865967	1.574144476163871	1.6
255.6851670742035	1.5748007855646973	1.6
255.69828033447266	1.5748007855646973	1.6
255.71678805351257	1.5748007855646973	1.6
255.73601269721985	1.5748181020777423	1.6
255.75538802146912	1.5748181020777423	1.6
255.76989793777466	1.575836437103453	1.6
255.78774666786194	1.575836437103453	1.6
255.80216670036316	1.575836437103453	1.6
255.8200602531433	1.5763730133463623	1.6
255.83497595787048	1.5763730133463623	1.6
255.84926438331604	1.5765785950392268	1.6
255.86143469810486	1.5765785950392268	1.6
255.87391448020935	1.5765785950392268	1.6
255.8911383152008	1.5776762387761436	1.6
255.90464043617249	1.5776762387761436	1.6
255.9217689037323	1.5784282043106093	1.6
255.93536257743835	1.5784282043106093	1.6
255.94820952415466	1.5784282043106093	1.6
255.9639413356781	1.5784282043106093	1.6
255.9776690006256	1.5798777062628189	1.6
255.9905138015747	1.5798777062628189	1.6
256.0064206123352	1.5798777062628189	1.6
256.0214924812317	1.5817393191660447	1.6
256.0344867706299	1.5817393191660447	1.6
256.0495824813843	1.5832461676664835	1.6
256.06311321258545	1.5832461676664835	1.6
256.07817029953003	1.5832461676664835	1.6
256.09500789642334	1.5841761449528935	1.6
256.10782170295715	1.5841761449528935	1.6
256.1225543022156	1.5841761449528935	1.6
256.1364014148712	1.5861887752679826	1.6
256.14954590797424	1.5861887752679826	1.6
256.1620628833771	1.5861887752679826	1.6
256.17715787887573	1.5872077621513276	1.6
256.1901216506958	1.5872077621513276	1.6
256.2059693336487	1.5872077621513276	1.6
256.2190978527069	1.588002308616335	1.6
256.2317581176758	1.588002308616335	1.6
256.24394845962524	1.588002308616335	1.6
256.2587881088257	1.58926582314401	1.6
256.2716944217682	1.58926582314401	1.6
256.28781962394714	1.5895942264607137	1.6
256.3013894557953	1.5895942264607137	1.6
256.3156599998474	1.5895942264607137	1.6
256.3318700790405	1.5895942264607137	1.6
256.345942735672	1.5898270309478932	1.6
256.358514547348	1.5898270309478932	1.6
256.37240624427795	1.5902799080358228	1.6
256.3854627609253	1.5902799080358228	1.6
256.3994584083557	1.5902799080358228	1.6
256.41396403312683	1.5902799080358228	1.6
256.42693424224854	1.5901853259449217	1.6
256.4398241043091	1.5901853259449217	1.6
256.45496821403503	1.590484233444284	1.6
256.4683082103729	1.590484233444284	1.6
256.4811408519745	1.590484233444284	1.6
256.4968333244324	1.5900916988898621	1.6
256.5096523761749	1.5900916988898621	1.6
256.52690982818604	1.5891479852949615	1.6
256.5394752025604	1.5891479852949615	1.6
256.5525653362274	1.5891479852949615	1.6
256.5657992362976	1.5891479852949615	1.6
256.5798020362854	1.588464999417605	1.6
256.5920059680939	1.588464999417605	1.6
256.60760259628296	1.587716293934493	1.6
256.6208424568176	1.587716293934493	1.6
256.63421416282654	1.587716293934493	1.6
256.6481742858887	1.587716293934493	1.6
256.66189885139465	1.5863896770741701	1.6
256.6753611564636	1.5863896770741701	1.6
256.6874144077301	1.5863896770741701	1.6
256.70303082466125	1.5857030614216774	1.6
256.71530532836914	1.5857030614216774	1.6
256.73055028915405	1.5857030614216774	1.6
256.744211435318	1.584698595355336	1.6
256.75644087791443	1.584698595355336	1.6
256.768483877182	1.584698595355336	1.6
256.78537774086	1.5832036643864136	1.6
256.79753065109253	1.5832036643864136	1.6
256.81414699554443	1.5818230973422043	1.6
256.8289256095886	1.5818230973422043	1.6
256.84176206588745	1.5818230973422043	1.6
256.859925031662	1.5818230973422043	1.6
256.87432765960693	1.5802639367356952	1.6
256.8869802951813	1.5802639367356952	1.6
256.9006350040436	1.579418627646118	1.6
256.9139516353607	1.579418627646118	1.6
256.92782831192017	1.579418627646118	1.6
256.943332195282	1.5784557521467117	1.6
256.9562511444092	1.5784557521467117	1.6
256.9722692966461	1.5784557521467117	1.6
256.9856810569763	1.5777589940092915	1.6
256.9978928565979	1.5777589940092915	1.6
257.01069617271423	1.5777589940092915	1.6
257.02566289901733	1.5777703438794506	1.6
257.0385935306549	1.5777703438794506	1.6
257.0551815032959	1.577851510562478	1.6
257.0681266784668	1.577851510562478	1.6
257.0806882381439	1.577851510562478	1.6
257.09403347969055	1.577851510562478	1.6
257.1091067790985	1.5773504025146439	1.6
257.12184047698975	1.5773504025146439	1.6
257.1372723579407	1.5772217531047943	1.6
257.15002036094666	1.5772217531047943	1.6
257.16229581832886	1.5772217531047943	1.6
257.17851853370667	1.5772217531047943	1.6
257.1926691532135	1.5772502742996053	1.6
257.20658016204834	1.5772502742996053	1.6
257.2241060733795	1.5774560724362512	1.6
257.23671984672546	1.5774560724362512	1.6
257.2496440410614	1.5774560724362512	1.6
257.2650339603424	1.5776545154153183	1.6
257.27769684791565	1.5776545154153183	1.6
257.2922010421753	1.5776545154153183	1.6
257.3058681488037	1.5784608912003333	1.6
257.31831765174866	1.5784608912003333	1.6
257.3304777145386	1.5784608912003333	1.6
257.3469936847687	1.5793229089999348	1.6
257.36277294158936	1.5793229089999348	1.6
257.378525018692	1.5797427985633075	1.6
257.3907709121704	1.5797427985633075	1.6
257.4034252166748	1.5797427985633075	1.6
257.4188735485077	1.5797427985633075	1.6
257.4331605434418	1.5804023495255315	1.6
257.44624638557434	1.5804023495255315	1.6
257.4592459201813	1.5804023495255315	1.6
257.47517681121826	1.5813130885890223	1.6
257.48803305625916	1.5813130885890223	1.6
257.5023398399353	1.5813130885890223	1.6
257.516699552536	1.5829005984388878	1.6
257.5297152996063	1.5829005984388878	1.6
257.5428309440613	1.5829005984388878	1.6
257.557639837265	1.5841694308144443	1.6
257.5699520111084	1.5841694308144443	1.6
257.5859863758087	1.5859060088726773	1.6
257.6002793312073	1.5859060088726773	1.6
257.613098859787	1.5859060088726773	1.6
257.6273024082184	1.5859060088726773	1.6
257.64103412628174	1.5882722136345822	1.6
257.6551237106323	1.5882722136345822	1.6
257.6702449321747	1.590646295652895	1.6
257.68302154541016	1.590646295652895	1.6
257.6954925060272	1.590646295652895	1.6
257.71078515052795	1.591998938862052	1.6
257.7234687805176	1.591998938862052	1.6
257.7401371002197	1.591998938862052	1.6
257.7538893222809	1.5937432203673416	1.6
257.76672196388245	1.5937432203673416	1.6
257.7790632247925	1.5937432203673416	1.6
257.79295206069946	1.5953203598994066	1.6
257.8069179058075	1.5953203598994066	1.6
257.8240430355072	1.5965663351328137	1.6
257.8366575241089	1.5965663351328137	1.6
257.8491623401642	1.5965663351328137	1.6
257.8620698451996	1.5965663351328137	1.6
257.8765845298767	1.597830341258204	1.6
257.8900034427643	1.597830341258204	1.6
257.90576243400574	1.598715451836773	1.6
257.91822385787964	1.598715451836773	1.6
257.9307527542114	1.598715451836773	1.6
257.94635462760925	1.598715451836773	1.6
257.9602451324463	1.5994651664850261	1.6
257.97442746162415	1.5994651664850261	1.6
257.989280462265	1.5999738850074443	1.6
258.001496553421	1.5999738850074443	1.6
258.01608538627625	1.5999738850074443	1.6
258.0321297645569	1.5996193545109905	1.6
258.04448342323303	1.5996193545109905	1.6
258.0578489303589	1.5996193545109905	1.6
258.0719630718231	1.5991517535257687	1.6
258.08701038360596	1.5991517535257687	1.6
258.0992839336395	1.5991517535257687	1.6
258.113995552063	1.5993136720101264	1.6
258.1266553401947	1.5993136720101264	1.6
258.1418137550354	1.5993136720101264	1.6
258.1551253795624	1.597860777778992	1.6
258.16718769073486	1.597860777778992	1.6
258.17931604385376	1.597860777778992	1.6
258.19602727890015	1.5974965061074713	1.6
258.21334981918335	1.5974965061074713	1.6
258.22583866119385	1.5974965061074713	1.6
258.24384689331055	1.5966942017098789	1.6
258.2565793991089	1.5966942017098789	1.6
258.2725901603699	1.594881571275096	1.6
258.2859513759613	1.594881571275096	1.6
258.2987711429596	1.594881571275096	1.6
258.31283020973206	1.594881571275096	1.6
258.3278298377991	1.592936604563618	1.6
258.3410851955414	1.592936604563618	1.6
258.35734462738037	1.590211977275564	1.6
258.36959862709045	1.590211977275564	1.6
258.3829264640808	1.590211977275564	1.6
258.400595664978	1.5877780671822646	1.6
258.4152991771698	1.5877780671822646	1.6
258.43215918540955	1.585152500577269	1.6
258.4449186325073	1.585152500577269	1.6
258.4586229324341	1.585152500577269	1.6
258.47709608078003	1.585152500577269	1.6
258.4905650615692	1.5830373243741618	1.6
258.5050137042999	1.5830373243741618	1.6
258.5198645591736	1.580117029404343	1.6
258.53206062316895	1.580117029404343	1.6
258.5443136692047	1.580117029404343	1.6
258.5599796772003	1.5784100720782972	1.6
258.57585048675537	1.5784100720782972	1.6
258.5916404724121	1.5755237372884985	1.6
258.60549759864807	1.5755237372884985	1.6
258.61839985847473	1.5755237372884985	1.6
258.6324689388275	1.5755237372884985	1.6
258.64874386787415	1.573809692896146	1.6
258.6620578765869	1.573809692896146	1.6
258.67629861831665	1.571481095881221	1.6
258.68934512138367	1.571481095881221	1.6
258.70148849487305	1.571481095881221	1.6
258.7160770893097	1.571481095881221	1.6
258.72974920272827	1.5693231298797428	1.6
258.7436263561249	1.5693231298797428	1.6
258.75728011131287	1.5682341440990528	1.6
258.7696735858917	1.5682341440990528	1.6
258.78217339515686	1.5682341440990528	1.6
258.7967994213104	1.5682341440990528	1.6
258.8098728656769	1.566523508279097	1.6
258.8229238986969	1.566523508279097	1.6
258.8365566730499	1.5657325553805461	1.6
258.84955620765686	1.5657325553805461	1.6
258.8620812892914	1.5657325553805461	1.6
258.8765528202057	1.5657325553805461	1.6
258.8892779350281	1.5644394356371756	1.6
258.9038681983948	1.5644394356371756	1.6
258.918203830719	1.5639888222983531	1.6
258.9318552017212	1.5639888222983531	1.6
258.94474601745605	1.5639888222983531	1.6
258.9592502117157	1.562830858515657	1.6
258.9724290370941	1.562830858515657	1.6
258.985289812088	1.562830858515657	1.6
258.99854826927185	1.562830858515657	1.6
259.01369285583496	1.5622366360427962	1.6
259.02595591545105	1.5622366360427962	1.6
259.0412929058075	1.5607540304428444	1.6
259.053759098053	1.5607540304428444	1.6
259.06662821769714	1.5607540304428444	1.6
259.0798819065094	1.5607540304428444	1.6
259.09547209739685	1.5606043832717236	1.6
259.109876871109	1.5606043832717236	1.6
259.1263437271118	1.5606901879449617	1.6
259.13876390457153	1.5606901879449617	1.6
259.15129828453064	1.5606901879449617	1.6
259.16607117652893	1.5606392920851342	1.6
259.1799852848053	1.5606392920851342	1.6
259.1944725513458	1.5606392920851342	1.6
259.20893383026123	1.5602866722482174	1.6
259.22123193740845	1.5602866722482174	1.6
259.23388290405273	1.5602866722482174	1.6
259.2501766681671	1.5598479259416616	1.6
259.263130903244	1.5598479259416616	1.6
259.278085231781	1.559349396021698	1.6
259.2912366390228	1.559349396021698	1.6
259.3041498661041	1.559349396021698	1.6
259.31778049468994	1.559349396021698	1.6
259.33255887031555	1.5585658797538955	1.6
259.34482192993164	1.5585658797538955	1.6
259.3589577674866	1.5582317623483126	1.6
259.37138295173645	1.5582317623483126	1.6
259.38411378860474	1.5582317623483126	1.6
259.39863657951355	1.5582317623483126	1.6
259.41596961021423	1.5577282125602505	1.6
259.42913579940796	1.5577282125602505	1.6
259.444349527359	1.5571138163384948	1.6
259.45736026763916	1.5571138163384948	1.6
259.4719762802124	1.5571138163384948	1.6
259.4878945350647	1.5558713635548442	1.6
259.50045895576477	1.5558713635548442	1.6
259.51586961746216	1.5558713635548442	1.6
259.5307013988495	1.5543789159802897	1.6
259.5442087650299	1.5543789159802897	1.6
259.5577440261841	1.5543789159802897	1.6
259.57205152511597	1.5528654099773216	1.6
259.58458137512207	1.5528654099773216	1.6
259.599436044693	1.551918342853313	1.6
259.6134715080261	1.551918342853313	1.6
259.62601232528687	1.551918342853313	1.6
259.63898158073425	1.551918342853313	1.6
259.6535475254059	1.550682172493202	1.6
259.6684310436249	1.550682172493202	1.6
259.68361830711365	1.5496989792098925	1.6
259.69618034362793	1.5496989792098925	1.6
259.7089354991913	1.5496989792098925	1.6
259.72175002098083	1.5496989792098925	1.6
259.7362415790558	1.5489698991312875	1.6
259.7482981681824	1.5489698991312875	1.6
259.7616264820099	1.5489698991312875	1.6
259.77705788612366	1.548046598954453	1.6
259.789803981781	1.548046598954453	1.6
259.80576181411743	1.5469166390956273	1.6
259.8188650608063	1.5469166390956273	1.6
259.8318061828613	1.5469166390956273	1.6
259.844886302948	1.5469166390956273	1.6
259.86048913002014	1.5457805832508875	1.6
259.87327694892883	1.5457805832508875	1.6
259.88966155052185	1.5453391446273637	1.6
259.9024291038513	1.5453391446273637	1.6
259.91459107398987	1.5453391446273637	1.6
259.9269950389862	1.5453391446273637	1.6
259.94513511657715	1.5449698632862559	1.6
259.9666175842285	1.5453967661146206	1.6
259.9846704006195	1.5453967661146206	1.6
260.0053017139435	1.5453967661146206	1.6
260.0275139808655	1.5456130484914614	1.6
260.0478913784027	1.5458306096535412	1.6
260.06226086616516	1.5458306096535412	1.6
260.07622265815735	1.5458306096535412	1.6
260.090633392334	1.5458306096535412	1.6
260.1051506996155	1.545781060307272	1.6
260.11932134628296	1.545781060307272	1.6
260.13587164878845	1.5455892836461051	1.6
260.1506025791168	1.5455892836461051	1.6
260.1644241809845	1.5455892836461051	1.6
260.1800045967102	1.5458491477640233	1.6
260.1937131881714	1.5458491477640233	1.6
260.20947432518005	1.546239895073985	1.6
260.22277426719666	1.546239895073985	1.6
260.23694038391113	1.546239895073985	1.6
260.2530333995819	1.546239895073985	1.6
260.26874923706055	1.5471239145562112	1.6
260.28634762763977	1.5476936975482753	1.6
260.3003053665161	1.5476936975482753	1.6
260.3136088848114	1.5476936975482753	1.6
260.32706451416016	1.5476936975482753	1.6
260.3418164253235	1.5483127108226118	1.6
260.35563373565674	1.5483127108226118	1.6
260.3710837364197	1.5482843494582077	1.6
260.38926005363464	1.5482843494582077	1.6
260.4029755592346	1.5482843494582077	1.6
260.4192979335785	1.5482086073990622	1.6
260.43311643600464	1.5482086073990622	1.6
260.4501852989197	1.5478154580016885	1.6
260.4657564163208	1.5478154580016885	1.6
260.47910499572754	1.5478154580016885	1.6
260.49521112442017	1.5476106466859039	1.6
260.5083374977112	1.5476106466859039	1.6
260.52124667167664	1.5476106466859039	1.6
260.53538942337036	1.5476106466859039	1.6
260.5505394935608	1.5475473922159741	1.6
260.56314063072205	1.5475473922159741	1.6
260.57804679870605	1.5475360581599484	1.6
260.5906400680542	1.5475360581599484	1.6
260.6035797595978	1.5475360581599484	1.6
260.61635065078735	1.5475360581599484	1.6
260.63113379478455	1.5477877091847223	1.6
260.6437635421753	1.5477877091847223	1.6
260.65922260284424	1.5481030720124376	1.6
260.6716277599335	1.5481030720124376	1.6
260.68780755996704	1.5481030720124376	1.6
260.7091689109802	1.5485434353374543	1.6
260.7339413166046	1.5485434353374543	1.6
260.75400042533875	1.5489238939732304	1.6
260.7732992172241	1.5489238939732304	1.6
260.79806637763977	1.5494044355905263	1.6
260.82119369506836	1.5501246335126497	1.6
260.84259057044983	1.5501246335126497	1.6
260.8626699447632	1.5508699843177762	1.6
260.877073764801	1.5508699843177762	1.6
260.89308190345764	1.5508699843177762	1.6
260.90725684165955	1.5517589371769305	1.6
260.91974925994873	1.5517589371769305	1.6
260.9334325790405	1.5517589371769305	1.6
260.95006823539734	1.5530911541837331	1.6
260.9633164405823	1.5530911541837331	1.6
260.97910499572754	1.5543606369423537	1.6
260.99138355255127	1.5543606369423537	1.6
261.0039527416229	1.5543606369423537	1.6
261.018901348114	1.5543606369423537	1.6
261.0325939655304	1.5546764104887372	1.6
261.04557633399963	1.5546764104887372	1.6
261.06159353256226	1.555449650141981	1.6
261.07598400115967	1.555449650141981	1.6
261.08881187438965	1.555449650141981	1.6
261.10656905174255	1.5563380144181205	1.6
261.1197278499603	1.5563380144181205	1.6
261.1362371444702	1.5582889454729676	1.6
261.149507522583	1.5582889454729676	1.6
261.1695747375488	1.5582889454729676	1.6
261.1883020401001	1.5599418683308461	1.6
261.2068922519684	1.5599418683308461	1.6
261.22786808013916	1.5599418683308461	1.6
261.2482178211212	1.5616762686931651	1.6
261.2680432796478	1.5639888050509465	1.6
261.28911328315735	1.5639888050509465	1.6
261.30813670158386	1.5639888050509465	1.6
261.33277678489685	1.5663332002575656	1.6
261.3531286716461	1.56870693404752	1.6
261.3740839958191	1.56870693404752	1.6
261.3936984539032	1.571748726284963	1.6
261.4124059677124	1.571748726284963	1.6
261.4346616268158	1.5745393676843797	1.6
261.4540457725525	1.5745393676843797	1.6
261.47294569015503	1.5776919540428507	1.6
261.4906861782074	1.5776919540428507	1.6
261.5100951194763	1.5805496949848794	1.6
261.5305302143097	1.5805496949848794	1.6
261.5527424812317	1.5829935150116097	1.6
261.5719347000122	1.5829935150116097	1.6
261.59347677230835	1.5852552776086077	1.6
261.6140031814575	1.5852552776086077	1.6
261.63346123695374	1.5881459619850584	1.6
261.6481976509094	1.5881459619850584	1.6
261.66438579559326	1.5909519461899746	1.6
261.6777653694153	1.5909519461899746	1.6
261.68992948532104	1.5909519461899746	1.6
261.7057387828827	1.5909519461899746	1.6
261.7195973396301	1.5941819403827737	1.6
261.7323181629181	1.5941819403827737	1.6
261.7475759983063	1.5970551732594862	1.6
261.76040506362915	1.5970551732594862	1.6
261.7734491825104	1.5970551732594862	1.6
261.79526448249817	1.5991886235772785	1.6
261.80963468551636	1.5991886235772785	1.6
261.8278160095215	1.6021088869646847	1.6
261.8481469154358	1.6021088869646847	1.6
261.87016463279724	1.6044609111302752	1.6
261.89173889160156	1.6044609111302752	1.6
261.91191267967224	1.6071712425566673	1.6
261.9354155063629	1.6071712425566673	1.6
261.95714569091797	1.608533039321816	1.6
261.9762489795685	1.608533039321816	1.6
261.9934878349304	1.608533039321816	1.6
262.0076856613159	1.6103707582467208	1.6
262.0225946903229	1.6103707582467208	1.6
262.0377867221832	1.6112488865730605	1.6
262.0509777069092	1.6112488865730605	1.6
262.0644338130951	1.6112488865730605	1.6
262.0809907913208	1.6121897561015945	1.6
262.09640741348267	1.6121897561015945	1.6
262.1137068271637	1.6125423024401595	1.6
262.12739849090576	1.6125423024401595	1.6
262.1421980857849	1.6125423024401595	1.6
262.1601197719574	1.6130988723610038	1.6
262.17444252967834	1.6130988723610038	1.6
262.19148540496826	1.6136330345676733	1.6
262.2076416015625	1.6136330345676733	1.6
262.22159481048584	1.6136330345676733	1.6
262.23829197883606	1.6143742394648783	1.6
262.25279688835144	1.6143742394648783	1.6
262.270379781723	1.6143697889087854	1.6
262.2857995033264	1.6143697889087854	1.6
262.2989869117737	1.6143697889087854	1.6
262.31431794166565	1.6143697889087854	1.6
262.32773756980896	1.6139994070165549	1.6
262.3420612812042	1.6139994070165549	1.6
262.35621786117554	1.613909887259716	1.6
262.369327545166	1.613909887259716	1.6
262.38236451148987	1.613909887259716	1.6
262.39723110198975	1.613909887259716	1.6
262.4114022254944	1.614126443616772	1.6
262.42561864852905	1.614126443616772	1.6
262.4408919811249	1.6144732631702308	1.6
262.45451974868774	1.6144732631702308	1.6
262.473206281662	1.6144732631702308	1.6
262.49085688591003	1.6140936854371204	1.6
262.5087239742279	1.6140936854371204	1.6
262.5227267742157	1.613932049667661	1.6
262.5366096496582	1.613932049667661	1.6
262.5501232147217	1.613932049667661	1.6
262.5660066604614	1.613767951969039	1.6
262.5795819759369	1.613767951969039	1.6
262.595577955246	1.613992311131727	1.6
262.6091432571411	1.613992311131727	1.6
262.6226432323456	1.613992311131727	1.6
262.6387257575989	1.6149385617602625	1.6
262.65701246261597	1.6149385617602625	1.6
262.6721422672272	1.6161263746131707	1.6
262.6851530075073	1.6161263746131707	1.6
262.6975977420807	1.6161263746131707	1.6
262.71107292175293	1.6161263746131707	1.6
262.72547483444214	1.617403980778771	1.6
262.73770785331726	1.617403980778771	1.6
262.7501790523529	1.617403980778771	1.6
262.7632701396942	1.617403980778771	1.6
262.7766320705414	1.6194448877555154	1.6
262.7895448207855	1.6194448877555154	1.6
262.80398201942444	1.6208353612111697	1.6
262.81670570373535	1.6208353612111697	1.6
262.8290433883667	1.6208353612111697	1.6
262.8422636985779	1.6208353612111697	1.6
262.85659098625183	1.6220464693205332	1.6
262.86958837509155	1.6220464693205332	1.6
262.8854684829712	1.6230071799079	1.6
262.8981785774231	1.6230071799079	1.6
262.9104540348053	1.6230071799079	1.6
262.9257962703705	1.6230071799079	1.6
262.9381368160248	1.6236024505472542	1.6
262.95096611976624	1.6236024505472542	1.6
262.96485352516174	1.6246314068964605	1.6
262.9774205684662	1.6246314068964605	1.6
262.989515542984	1.6246314068964605	1.6
263.00231647491455	1.6246314068964605	1.6
263.0153338909149	1.6253431104515421	1.6
263.027539730072	1.6253431104515421	1.6
263.04123091697693	1.6256998927072843	1.6
263.053471326828	1.6256998927072843	1.6
263.06558442115784	1.6256998927072843	1.6
263.0787024497986	1.6256998927072843	1.6
263.0926105976105	1.6252245788480597	1.6
263.1059639453888	1.6252245788480597	1.6
263.12189078330994	1.6247740639014254	1.6
263.1358242034912	1.6247740639014254	1.6
263.14827489852905	1.6247740639014254	1.6
263.1606500148773	1.6247740639014254	1.6
263.17411184310913	1.6237925392776222	1.6
263.18619441986084	1.6237925392776222	1.6
263.200562953949	1.6226358506791942	1.6
263.2137191295624	1.6226358506791942	1.6
263.22828578948975	1.6226358506791942	1.6
263.24223494529724	1.6226358506791942	1.6
263.25674510002136	1.6215001397547664	1.6
263.2706546783447	1.6215001397547664	1.6
263.28540325164795	1.6210881021618835	1.6
263.29830980300903	1.6210881021618835	1.6
263.310670375824	1.6210881021618835	1.6
263.32422161102295	1.6210881021618835	1.6
263.33711862564087	1.6200845656495129	1.6
263.3504981994629	1.6200845656495129	1.6
263.36413621902466	1.6184568905794847	1.6
263.3762962818146	1.6184568905794847	1.6
263.3889720439911	1.6184568905794847	1.6
263.40229296684265	1.6184568905794847	1.6
263.41622853279114	1.61626160937432	1.6
263.4287464618683	1.61626160937432	1.6
263.4420602321625	1.6129936755891419	1.6
263.4541916847229	1.6129936755891419	1.6
263.4662055969238	1.6129936755891419	1.6
263.4784038066864	1.6129936755891419	1.6
263.49159955978394	1.61040117578377	1.6
263.505494594574	1.61040117578377	1.6
263.51790380477905	1.61040117578377	1.6
263.5324273109436	1.61040117578377	1.6
263.54558300971985	1.608475306922441	1.6
263.5585458278656	1.608475306922441	1.6
263.572363615036	1.6061066568099371	1.6
263.58683943748474	1.6061066568099371	1.6
263.59987330436707	1.6061066568099371	1.6
263.6156804561615	1.6034999191320476	1.6
263.62993717193604	1.6034999191320476	1.6
263.643274307251	1.6034999191320476	1.6
263.6562578678131	1.6008045864540148	1.6
263.6685321331024	1.6008045864540148	1.6
263.68120312690735	1.6008045864540148	1.6
263.69612097740173	1.5978145292222674	1.6
263.70892095565796	1.5978145292222674	1.6
263.72221207618713	1.5978145292222674	1.6
263.7353539466858	1.5952366313525936	1.6
263.7473647594452	1.5952366313525936	1.6
263.75931906700134	1.5952366313525936	1.6
263.7733654975891	1.5952366313525936	1.6
263.785516500473	1.5924916066647523	1.6
263.7984619140625	1.5924916066647523	1.6
263.8123939037323	1.5896811307289234	1.6
263.8258624076843	1.5896811307289234	1.6
263.8384394645691	1.5896811307289234	1.6
263.8521418571472	1.5896811307289234	1.6
263.8648180961609	1.5871242372837542	1.6
263.8772625923157	1.5871242372837542	1.6
263.89121675491333	1.5844175380356338	1.6
263.90347385406494	1.5844175380356338	1.6
263.9160759449005	1.5844175380356338	1.6
263.93005537986755	1.5844175380356338	1.6
263.9438269138336	1.5808539488319429	1.6
263.9566957950592	1.5808539488319429	1.6
263.97183299064636	1.5777776664560044	1.6
263.9846761226654	1.5777776664560044	1.6
263.9966413974762	1.5777776664560044	1.6
264.0096080303192	1.5777776664560044	1.6
264.0225660800934	1.575176688926149	1.6
264.03481459617615	1.575176688926149	1.6
264.04885029792786	1.5728794370740644	1.6
264.06175422668457	1.5728794370740644	1.6
264.07393503189087	1.5728794370740644	1.6
264.0861294269562	1.5728794370740644	1.6
264.10130190849304	1.5698124198527617	1.6
264.11330008506775	1.5698124198527617	1.6
264.1273522377014	1.5671722534367214	1.6
264.13942885398865	1.5671722534367214	1.6
264.1521215438843	1.5671722534367214	1.6
264.1656720638275	1.5671722534367214	1.6
264.17977595329285	1.5646952468453843	1.6
264.1931667327881	1.5646952468453843	1.6
264.2077214717865	1.5608189495501816	1.6
264.21992588043213	1.5608189495501816	1.6
264.23267245292664	1.5608189495501816	1.6
264.2461111545563	1.5608189495501816	1.6
264.2600042819977	1.565887974064473	1.6
264.27203464508057	1.565887974064473	1.6
264.2850034236908	1.565887974064473	1.6
264.2987596988678	1.565887974064473	1.6
264.3127863407135	1.573376040358527	1.6
264.325777053833	1.573376040358527	1.6
264.33906269073486	nan	1.6
264.350980758667	nan	1.6
264.3640501499176	nan	1.6
264.37635684013367	nan	1.6
264.39040064811707	nan	1.6
264.4033603668213	nan	1.6
264.41700625419617	nan	1.6
264.4289925098419	nan	1.6
264.44161891937256	nan	1.6
264.4546573162079	nan	1.6
264.4679801464081	nan	1.6
264.47990822792053	nan	1.6
264.4952070713043	nan	1.6
264.5075809955597	nan	1.6
264.519513130188	nan	1.6
264.5316786766052	nan	1.6
264.5456519126892	nan	1.6
264.55821466445923	nan	1.6
264.5720808506012	nan	1.6
264.5849459171295	nan	1.6
264.5969123840332	nan	1.6
264.6095321178436	nan	1.6
264.6240909099579	nan	1.6
264.63613963127136	nan	1.6
264.64949226379395	nan	1.6
264.6620578765869	nan	1.6
264.67471861839294	nan	1.6
264.68696689605713	nan	1.6
264.70032691955566	nan	1.6
264.71411204338074	nan	1.6
264.7264838218689	nan	1.6
264.7400040626526	nan	1.6
264.75208806991577	nan	1.6
264.7647647857666	nan	1.6
264.77765798568726	nan	1.6
264.79040145874023	nan	1.6
264.80236315727234	nan	1.6
264.8163800239563	nan	1.6
264.8288049697876	nan	1.6
264.84156489372253	nan	1.6
264.85464358329773	nan	1.6
264.8682541847229	nan	1.6
264.8804519176483	nan	1.6
264.8944003582001	nan	1.6
264.90650486946106	nan	1.6
264.91884183883667	nan	1.6
264.9311509132385	nan	1.6
264.94499111175537	nan	1.6
264.957248210907	nan	1.6
264.97018098831177	nan	1.6
264.9831347465515	nan	1.6
264.9954719543457	nan	1.6
265.0074133872986	nan	1.6
265.0216121673584	nan	1.6
265.03374671936035	nan	1.6
265.04602098464966	nan	1.6
265.0579426288605	nan	1.6
265.07283449172974	nan	1.6
265.0852391719818	nan	1.6
265.0983715057373	nan	1.6
265.1105320453644	nan	1.6
265.1224830150604	nan	1.6
265.1344313621521	nan	1.6
265.1483223438263	nan	1.6
265.1607129573822	nan	1.6
265.173535823822	nan	1.6
265.1874108314514	nan	1.6
265.19940066337585	nan	1.6
265.2113046646118	nan	1.6
265.22340965270996	nan	1.6
265.2380356788635	nan	1.6
265.25001788139343	nan	1.6
265.26392936706543	nan	1.6
265.27632761001587	nan	1.6
265.2883577346802	nan	1.6
265.3017227649689	nan	1.6
265.315664768219	nan	1.6
265.3284561634064	nan	1.6
265.34355783462524	nan	1.6
265.35627579689026	nan	1.6
265.3686192035675	nan	1.6
265.3816440105438	nan	1.6
265.3960237503052	nan	1.6
265.4085831642151	nan	1.6
265.42250084877014	nan	1.6
265.434645652771	nan	1.6
265.4465582370758	nan	1.6
265.45869731903076	nan	1.6
265.4728116989136	nan	1.6
265.48526096343994	nan	1.6
265.4986107349396	nan	1.6
265.51092553138733	nan	1.6
265.52284026145935	nan	1.6
265.53508710861206	nan	1.6
265.5484507083893	nan	1.6
265.56045794487	nan	1.6
265.5727741718292	nan	1.6
265.58733224868774	nan	1.6
265.5996844768524	nan	1.6
265.61212682724	nan	1.6
265.6249928474426	nan	1.6
265.6379611492157	nan	1.6
265.65021991729736	nan	1.6
265.66506004333496	nan	1.6
265.6771790981293	nan	1.6
265.6896712779999	nan	1.6
265.7023620605469	nan	1.6
265.7162992954254	nan	1.6
265.72857546806335	nan	1.6
265.74056911468506	nan	1.6
265.75384497642517	nan	1.6
265.7671055793762	nan	1.6
265.7797110080719	nan	1.6
265.79435753822327	nan	1.6
265.80640721321106	nan	1.6
265.81838965415955	nan	1.6
265.8312346935272	nan	1.6
265.84500312805176	nan	1.6
265.8574550151825	nan	1.6
265.87134075164795	nan	1.6
265.88339352607727	nan	1.6
265.8956847190857	nan	1.6
265.908451795578	nan	1.6
265.92247128486633	nan	1.6
265.93473839759827	nan	1.6
265.9480605125427	nan	1.6
265.9609327316284	nan	1.6
265.97366094589233	nan	1.6
265.9857473373413	nan	1.6
266.0004711151123	nan	1.6
266.012895822525	nan	1.6
266.0260856151581	nan	1.6
266.0393102169037	nan	1.6
266.051393032074	nan	1.6
266.0642411708832	nan	1.6
266.07767486572266	nan	1.6
266.0901188850403	nan	1.6
266.10234355926514	nan	1.6
266.11614775657654	nan	1.6
266.1285493373871	nan	1.6
266.1407821178436	nan	1.6
266.1548388004303	nan	1.6
266.16814661026	nan	1.6
266.180810213089	nan	1.6
266.19412326812744	nan	1.6
266.20621275901794	nan	1.6
266.2184772491455	nan	1.6
266.23188066482544	nan	1.6
266.24740266799927	nan	1.6
266.2613914012909	nan	1.6
266.27598667144775	nan	1.6
266.28849840164185	nan	1.6
266.300714969635	nan	1.6
266.3149571418762	nan	1.6
266.32819962501526	nan	1.6
266.34142565727234	nan	1.6
266.3567576408386	nan	1.6
266.370459318161	nan	1.6
266.3845465183258	nan	1.6
266.4009265899658	nan	1.6
266.41473722457886	nan	1.6
266.4313414096832	nan	1.6
266.4447090625763	nan	1.6
266.45807361602783	nan	1.6
266.47082352638245	nan	1.6
266.4853718280792	nan	1.6
266.4990339279175	nan	1.6
266.51171946525574	nan	1.6
266.5289032459259	nan	1.6
266.5424385070801	nan	1.6
266.5591793060303	nan	1.6
266.57246947288513	nan	1.6
266.58574986457825	nan	1.6
266.5988199710846	nan	1.6
266.61381220817566	nan	1.6
266.62692952156067	nan	1.6
266.6412179470062	nan	1.6
266.65478134155273	nan	1.6
266.6671054363251	nan	1.6
266.67958641052246	nan	1.6
266.6942205429077	nan	1.6
266.70751118659973	nan	1.6
266.725065946579	nan	1.6
266.74027156829834	nan	1.6
266.7547769546509	nan	1.6
266.7710847854614	nan	1.6
266.78511667251587	nan	1.6
266.80095505714417	nan	1.6
266.8156223297119	nan	1.6
266.8288359642029	nan	1.6
266.84399008750916	nan	1.6
266.8581292629242	nan	1.6
266.8723430633545	nan	1.6
266.8883113861084	nan	1.6
266.9015882015228	nan	1.6
266.9154989719391	nan	1.6
266.93111062049866	nan	1.6
266.94420170783997	nan	1.6
266.9603931903839	nan	1.6
266.9738609790802	nan	1.6
266.9872901439667	nan	1.6
266.99985218048096	nan	1.6
267.0143973827362	1.5249853940955302	1.6
267.0281729698181	1.5249853940955302	1.6
267.0436108112335	1.531515853152602	1.6
267.0570068359375	1.531515853152602	1.6
267.0717062950134	1.531515853152602	1.6
267.0868775844574	1.5390368809533177	1.6
267.1016044616699	1.5390368809533177	1.6
267.1177296638489	1.545253940381167	1.6
267.1322913169861	1.545253940381167	1.6
267.1464776992798	1.545253940381167	1.6
267.1601004600525	1.545253940381167	1.6
267.17409491539	1.5510412770202853	1.6
267.1864285469055	1.5510412770202853	1.6
267.2016713619232	1.5586473628167583	1.6
267.2145936489105	1.5586473628167583	1.6
267.2266285419464	1.5586473628167583	1.6
267.239333152771	1.5586473628167583	1.6
267.25281620025635	1.567932597485344	1.6
267.26512122154236	1.567932597485344	1.6
267.27713346481323	1.567932597485344	1.6
267.29029750823975	1.567932597485344	1.6
267.30269384384155	1.575898767774902	1.6
267.31508111953735	1.575898767774902	1.6
267.32856464385986	1.5835043720884299	1.6
267.34085631370544	1.5835043720884299	1.6
267.3534801006317	1.5835043720884299	1.6
267.3667936325073	1.5835043720884299	1.6
267.38169288635254	1.5900385375390413	1.6
267.3948247432709	1.5900385375390413	1.6
267.41247940063477	1.595467740442087	1.6
267.4275064468384	1.595467740442087	1.6
267.4414904117584	1.595467740442087	1.6
267.4591853618622	1.599319747170763	1.6
267.47392320632935	1.599319747170763	1.6
267.489951133728	1.6004698959089556	1.6
267.50308752059937	1.6004698959089556	1.6
267.51557517051697	1.6004698959089556	1.6
267.52832865715027	1.6004698959089556	1.6
267.54189896583557	1.6014561447393885	1.6
267.55440974235535	1.6014561447393885	1.6
267.5681622028351	1.6025534875965313	1.6
267.5801513195038	1.6025534875965313	1.6
267.5927391052246	1.6025534875965313	1.6
267.605477809906	1.6025534875965313	1.6
267.62080359458923	1.6000580675785092	1.6
267.6332321166992	1.6000580675785092	1.6
267.64715552330017	1.5957413082966827	1.6
267.65913820266724	1.5957413082966827	1.6
267.67107367515564	1.5957413082966827	1.6
267.68354964256287	1.5957413082966827	1.6
267.6976661682129	1.5923355845163614	1.6
267.7099871635437	1.5923355845163614	1.6
267.7241036891937	1.5923355845163614	1.6
267.7388598918915	1.5897348868979901	1.6
267.7522826194763	1.5897348868979901	1.6
267.7658188343048	1.5897348868979901	1.6
267.7801275253296	1.5872419009027674	1.6
267.79366087913513	1.5872419009027674	1.6
267.80973768234253	1.5854349181042255	1.6
267.8221092224121	1.5854349181042255	1.6
267.83466601371765	1.5854349181042255	1.6
267.8474690914154	1.5854349181042255	1.6
267.8616487979889	1.5829802839795701	1.6
267.8741717338562	1.5829802839795701	1.6
267.8882100582123	1.581851808369814	1.6
267.9016942977905	1.581851808369814	1.6
267.9150667190552	1.581851808369814	1.6
267.9276385307312	1.581851808369814	1.6
267.9419038295746	1.5808105176553922	1.6
267.95431995391846	1.5808105176553922	1.6
267.9681797027588	1.579763073305712	1.6
267.98081493377686	1.579763073305712	1.6
267.99326848983765	1.579763073305712	1.6
268.00609588623047	1.579763073305712	1.6
268.0197513103485	1.5802100043359357	1.6
268.0324637889862	1.5802100043359357	1.6
268.04603695869446	1.5802100043359357	1.6
268.0612862110138	1.5802100043359357	1.6
268.07408571243286	1.580663246394245	1.6
268.08699107170105	1.580663246394245	1.6
268.1013855934143	1.5814302430179286	1.6
268.11353492736816	1.5814302430179286	1.6
268.126238822937	1.5814302430179286	1.6
268.14020586013794	1.581730073173528	1.6
268.1536831855774	1.581730073173528	1.6
268.1663384437561	1.581730073173528	1.6
268.18152618408203	1.5810402748238954	1.6
268.1937017440796	1.5810402748238954	1.6
268.2057888507843	1.5810402748238954	1.6
268.219605922699	1.5810402748238954	1.6
268.23215913772583	1.580427428932306	1.6
268.24482464790344	1.580427428932306	1.6
268.258460521698	1.5798986263518884	1.6
268.270560503006	1.5798986263518884	1.6
268.2828710079193	1.5798986263518884	1.6
268.2952547073364	1.5798986263518884	1.6
268.30905175209045	1.5795840719428829	1.6
268.3212249279022	1.5795840719428829	1.6
268.33511781692505	1.5792288362178026	1.6
268.3475532531738	1.5792288362178026	1.6
268.3598384857178	1.5792288362178026	1.6
268.37175488471985	1.5792288362178026	1.6
268.38556838035583	1.579218970458878	1.6
268.398250579834	1.579218970458878	1.6
268.41230821609497	1.579218970458878	1.6
268.4251801967621	1.5792356443290632	1.6
268.43723487854004	1.5792356443290632	1.6
268.4492099285126	1.5792356443290632	1.6
268.4639925956726	1.5790045330518292	1.6
268.4763894081116	1.5790045330518292	1.6
268.4903473854065	1.5790045330518292	1.6
268.5027573108673	1.5792264258539204	1.6
268.5156924724579	1.5792264258539204	1.6
268.5286555290222	1.5792264258539204	1.6
268.5425674915314	1.5815938434896697	1.6
268.55510783195496	1.5815938434896697	1.6
268.56748962402344	1.5815938434896697	1.6
268.5807595252991	1.5848894216120488	1.6
268.59320163726807	1.5848894216120488	1.6
268.60622787475586	1.5848894216120488	1.6
268.62201619148254	nan	1.6
268.6364345550537	nan	1.6
268.6531639099121	nan	1.6
268.6697783470154	nan	1.6
268.6844651699066	nan	1.6
268.7016978263855	nan	1.6
268.7151401042938	nan	1.6
268.7288873195648	nan	1.6
268.7422065734863	nan	1.6
268.75513982772827	nan	1.6
268.76765298843384	nan	1.6
268.7817451953888	nan	1.6
268.7949969768524	nan	1.6
268.8084874153137	nan	1.6
268.8215563297272	nan	1.6
268.83578181266785	nan	1.6
268.8480875492096	nan	1.6
268.8652629852295	nan	1.6
268.88293623924255	nan	1.6
268.89607858657837	nan	1.6
268.9125053882599	nan	1.6
268.92500472068787	nan	1.6
268.9411087036133	nan	1.6
268.9548797607422	nan	1.6
268.9683403968811	nan	1.6
268.98303985595703	nan	1.6
268.9979736804962	nan	1.6
269.0109758377075	nan	1.6
269.0271635055542	nan	1.6
269.04016613960266	nan	1.6
269.0537645816803	nan	1.6
269.0712957382202	1.5875452330824833	1.6
269.08370065689087	1.5875452330824833	1.6
269.0980453491211	1.5875452330824833	1.6
269.11371994018555	1.586033784556482	1.6
269.1273543834686	1.586033784556482	1.6
269.13999795913696	1.586033784556482	1.6
269.15614342689514	1.5856691824769713	1.6
269.1688792705536	1.5856691824769713	1.6
269.1841387748718	1.587023716857023	1.6
269.1980118751526	1.587023716857023	1.6
269.2104275226593	1.587023716857023	1.6
269.22616720199585	1.587023716857023	1.6
269.244163274765	1.587583056474387	1.6
269.259165763855	1.587583056474387	1.6
269.2727801799774	1.587206584473489	1.6
269.28580021858215	1.587206584473489	1.6
269.2980341911316	1.587206584473489	1.6
269.3128297328949	1.5900374845676133	1.6
269.32627153396606	1.5900374845676133	1.6
269.34078311920166	1.590617163264437	1.6
269.35414576530457	1.590617163264437	1.6
269.36703085899353	1.590617163264437	1.6
269.37929105758667	1.590617163264437	1.6
269.3952443599701	1.592152134673863	1.6
269.40801525115967	1.592152134673863	1.6
269.4224956035614	1.592442084153554	1.6
269.434956073761	1.592442084153554	1.6
269.44778394699097	1.592442084153554	1.6
269.46127700805664	1.592442084153554	1.6
269.47699189186096	1.593475782547267	1.6
269.4917006492615	1.593475782547267	1.6
269.51054883003235	1.5934449799576889	1.6
269.523677110672	1.5934449799576889	1.6
269.5367033481598	1.5934449799576889	1.6
269.550901889801	1.59351117525634	1.6
269.56426095962524	1.59351117525634	1.6
269.5770773887634	1.59351117525634	1.6
269.59067487716675	1.59351117525634	1.6
269.6059625148773	1.592167936159255	1.6
269.61874556541443	1.592167936159255	1.6
269.634480714798	1.5920078265810704	1.6
269.6477861404419	1.5920078265810704	1.6
269.6599404811859	1.5920078265810704	1.6
269.6746950149536	1.5920078265810704	1.6
269.68755531311035	1.5926638254016512	1.6
269.70104908943176	1.5926638254016512	1.6
269.7165484428406	1.5924057659032251	1.6
269.72944045066833	1.5924057659032251	1.6
269.74170112609863	1.5924057659032251	1.6
269.7579276561737	1.5919270001702124	1.6
269.7708828449249	1.5919270001702124	1.6
269.7854793071747	1.5919270001702124	1.6
269.79909896850586	1.5915752708584265	1.6
269.8120958805084	1.5915752708584265	1.6
269.82518887519836	1.5915752708584265	1.6
269.83955240249634	1.5913068564686266	1.6
269.85268473625183	1.5913068564686266	1.6
269.86774587631226	1.5913068564686266	1.6
269.88050842285156	1.591122051121015	1.6
269.89330768585205	1.591122051121015	1.6
269.905966758728	1.591122051121015	1.6
269.92327427864075	1.5908244066202446	1.6
269.9366023540497	1.5908244066202446	1.6
269.95417833328247	1.5903257979079388	1.6
269.9664640426636	1.5903257979079388	1.6
269.97965145111084	1.5903257979079388	1.6
269.99481105804443	1.5903257979079388	1.6
270.0090403556824	1.5894716925636105	1.6
270.02231311798096	1.5894716925636105	1.6
270.03623843193054	1.5878883151204026	1.6
270.04953050613403	1.5878883151204026	1.6
270.0623679161072	1.5878883151204026	1.6
270.0780336856842	1.5856566883870644	1.6
270.09030055999756	1.5856566883870644	1.6
270.10402607917786	1.5856566883870644	1.6
270.1189389228821	1.5837741487684	1.6
270.13182067871094	1.5837741487684	1.6
270.14571714401245	1.5837741487684	1.6
270.16346287727356	1.5820513559247091	1.6
270.1794698238373	1.5820513559247091	1.6
270.19561648368835	1.58022552397783	1.6
270.2083775997162	1.58022552397783	1.6
270.22120928764343	1.58022552397783	1.6
270.23623394966125	1.58022552397783	1.6
270.25519275665283	1.578616444903577	1.6
270.27229380607605	1.5771756364011824	1.6
270.2906656265259	1.5771756364011824	1.6
270.30937123298645	1.5771756364011824	1.6
270.32610750198364	1.576101400703242	1.6
270.3394179344177	1.576101400703242	1.6
270.35186672210693	1.576101400703242	1.6
270.3686215877533	1.5751156854894455	1.6
270.3816111087799	1.5751156854894455	1.6
270.3974049091339	1.5746391991177975	1.6
270.41011929512024	1.5746391991177975	1.6
270.42478370666504	1.5746391991177975	1.6
270.43885135650635	1.5746391991177975	1.6
270.45711159706116	1.5747239959191996	1.6
270.47974157333374	1.5752631926044312	1.6
270.5035855770111	1.5752631926044312	1.6
270.5236556529999	1.5752631926044312	1.6
270.53984451293945	1.5762167568083685	1.6
270.5579595565796	1.5771197051131687	1.6
270.5726828575134	1.5771197051131687	1.6
270.59261298179626	1.5771197051131687	1.6
270.6099066734314	1.5785019559075233	1.6
270.6292281150818	1.5785019559075233	1.6
270.6489133834839	1.5803000663771751	1.6
270.6625738143921	1.5803000663771751	1.6
270.67537355422974	1.5803000663771751	1.6
270.69026255607605	1.5820882417434756	1.6
270.7036199569702	1.5820882417434756	1.6
270.7213625907898	1.5840505703764565	1.6
270.7354335784912	1.5840505703764565	1.6
270.7493271827698	1.5840505703764565	1.6
270.7661962509155	1.5864195107987793	1.6
270.7789959907532	1.5864195107987793	1.6
270.79563426971436	1.5864195107987793	1.6
270.81010246276855	1.5892882312129804	1.6
270.82493901252747	1.5892882312129804	1.6
270.84474182128906	1.5924758593519552	1.6
270.86444664001465	1.5924758593519552	1.6
270.88474130630493	1.5952045386997815	1.6
270.9039394855499	1.5952045386997815	1.6
270.92237401008606	1.5952045386997815	1.6
270.93769121170044	1.597276384339522	1.6
270.95596408843994	1.597276384339522	1.6
270.9726974964142	1.600023779469065	1.6
270.9880540370941	1.600023779469065	1.6
271.00585770606995	1.60226419511499	1.6
271.0193078517914	1.60226419511499	1.6
271.03223395347595	1.60226419511499	1.6
271.0472228527069	1.60226419511499	1.6
271.06371903419495	1.6043509511252634	1.6
271.07751846313477	1.6043509511252634	1.6
271.09201765060425	1.6061900201403603	1.6
271.1059286594391	1.6061900201403603	1.6
271.11874890327454	1.6061900201403603	1.6
271.13419699668884	1.607786585508054	1.6
271.14744448661804	1.607786585508054	1.6
271.1637406349182	1.607786585508054	1.6
271.1768012046814	1.6093658601164242	1.6
271.1895878314972	1.6093658601164242	1.6
271.2042090892792	1.6093658601164242	1.6
271.2196843624115	1.6102825076699407	1.6
271.23275685310364	1.6102825076699407	1.6
271.2503352165222	1.6104844413492625	1.6
271.262886762619	1.6104844413492625	1.6
271.27591466903687	1.6104844413492625	1.6
271.2914502620697	1.6104844413492625	1.6
271.30570363998413	1.6115819934965017	1.6
271.3190302848816	1.6115819934965017	1.6
271.33256459236145	1.6130534298229382	1.6
271.35002517700195	1.6130534298229382	1.6
271.3698773384094	1.6130534298229382	1.6
271.39065647125244	1.61353579770739	1.6
271.4099934101105	1.6142208016764692	1.6
271.4294664859772	1.6142208016764692	1.6
271.44665002822876	1.6142208016764692	1.6
271.46267199516296	1.6138600404410515	1.6
271.4788200855255	1.6138600404410515	1.6
271.495813369751	1.613889333814274	1.6
271.5089294910431	1.613889333814274	1.6
271.5234258174896	1.613889333814274	1.6
271.539648771286	1.6134554675352042	1.6
271.55347990989685	1.6134554675352042	1.6
271.57003450393677	1.612842983036724	1.6
271.5850212574005	1.612842983036724	1.6
271.59887051582336	1.612842983036724	1.6
271.6163761615753	1.612476847778289	1.6
271.6303770542145	1.612476847778289	1.6
271.6480197906494	1.6124719320996985	1.6
271.66189980506897	1.6124719320996985	1.6
271.67555713653564	1.6124719320996985	1.6
271.69119787216187	1.6124719320996985	1.6
271.70563197135925	1.6127339033169452	1.6
271.7192060947418	1.6127339033169452	1.6
271.7342915534973	1.612707586038128	1.6
271.74777603149414	1.612707586038128	1.6
271.76112818717957	1.612707586038128	1.6
271.77754521369934	1.612954765801204	1.6
271.79098558425903	1.612954765801204	1.6
271.8052122592926	1.612954765801204	1.6
271.82072019577026	1.612954765801204	1.6
271.8339228630066	1.6128575003237287	1.6
271.8486089706421	1.6128575003237287	1.6
271.8695194721222	1.61379432827962	1.6
271.88294434547424	1.61379432827962	1.6
271.89838552474976	1.61379432827962	1.6
271.9142920970917	1.6144570136366585	1.6
271.92817854881287	1.6144570136366585	1.6
271.9422867298126	1.6155097521354862	1.6
271.9559428691864	1.6155097521354862	1.6
271.9703185558319	1.6155097521354862	1.6
271.9879183769226	1.6159100892082296	1.6
272.00324058532715	1.6159100892082296	1.6
272.019168138504	1.6164216053562612	1.6
272.0325927734375	1.6164216053562612	1.6
272.0457601547241	1.6164216053562612	1.6
272.06192684173584	1.6164216053562612	1.6
272.0763041973114	1.6168704293901233	1.6
272.0918471813202	1.6168704293901233	1.6
272.1065561771393	1.6165118463241448	1.6
272.1203496456146	1.6165118463241448	1.6
272.13548827171326	1.6165118463241448	1.6
272.1506474018097	1.6166323153627906	1.6
272.1654326915741	1.6166323153627906	1.6
272.18091797828674	1.6166269461286098	1.6
272.195237159729	1.6166269461286098	1.6
272.209627866745	1.6166269461286098	1.6
272.2260239124298	1.6175623630080789	1.6
272.23999309539795	1.6175623630080789	1.6
272.25748586654663	1.6183340937698165	1.6
272.2719259262085	1.6183340937698165	1.6
272.28503704071045	1.6183340937698165	1.6
272.2999918460846	1.6183340937698165	1.6
272.31344962120056	1.6191221424835551	1.6
272.32740569114685	1.6191221424835551	1.6
272.34221053123474	1.6196320330136948	1.6
272.3559019565582	1.6196320330136948	1.6
272.3692629337311	1.6196320330136948	1.6
272.3859848976135	1.6210254619641176	1.6
272.3998382091522	1.6210254619641176	1.6
272.41642689704895	1.6222189531839255	1.6
272.43009185791016	1.6222189531839255	1.6
272.44300508499146	1.6222189531839255	1.6
272.4583206176758	1.6222189531839255	1.6
272.47228932380676	1.6234717416219102	1.6
272.4861514568329	1.6234717416219102	1.6
272.5010485649109	1.6251317332119477	1.6
272.5140919685364	1.6251317332119477	1.6
272.52712225914	1.6251317332119477	1.6
272.542831659317	1.6253585864343738	1.6
272.5559298992157	1.6253585864343738	1.6
272.56872272491455	1.6253585864343738	1.6
272.58173084259033	1.6253585864343738	1.6
272.59739327430725	1.6256599827153384	1.6
272.61110615730286	1.6256599827153384	1.6
272.6266565322876	1.6261685859168158	1.6
272.6399462223053	1.6261685859168158	1.6
272.65358090400696	1.6261685859168158	1.6
272.6679344177246	1.6261685859168158	1.6
272.6816499233246	1.6265296614504776	1.6
272.695529460907	1.6265296614504776	1.6
272.7106351852417	1.6263246050422393	1.6
272.7238292694092	1.6263246050422393	1.6
272.7367420196533	1.6263246050422393	1.6
272.7531690597534	1.6271599825926988	1.6
272.7656674385071	1.6271599825926988	1.6
272.7810389995575	1.62783667730628	1.6
272.79420590400696	1.62783667730628	1.6
272.80717515945435	1.62783667730628	1.6
272.82090067863464	1.62783667730628	1.6
272.8359878063202	1.628992080008031	1.6
272.8497221469879	1.628992080008031	1.6
272.8657019138336	1.6297434141399467	1.6
272.87884068489075	1.6297434141399467	1.6
272.8921036720276	1.6297434141399467	1.6
272.90877985954285	1.628411652062723	1.6
272.92194080352783	1.628411652062723	1.6
272.9375650882721	1.628411652062723	1.6
272.9517614841461	1.6292302656990862	1.6
272.9656572341919	1.6292302656990862	1.6
272.9783775806427	1.6292302656990862	1.6
272.993949174881	1.6298679705417176	1.6
273.00703835487366	1.6298679705417176	1.6
273.0223660469055	1.6295408472540462	1.6
273.0362660884857	1.6295408472540462	1.6
273.050062417984	1.6295408472540462	1.6
273.0647327899933	1.6295408472540462	1.6
273.07895398139954	1.6287734333244852	1.6
273.0919258594513	1.6287734333244852	1.6
273.108784198761	1.6282361881454221	1.6
273.12247252464294	1.6282361881454221	1.6
273.1359326839447	1.6282361881454221	1.6
273.1516535282135	1.6274486492580764	1.6
273.165385723114	1.6274486492580764	1.6
273.18102836608887	1.6254273599499	1.6
273.19589138031006	1.6254273599499	1.6
273.2086501121521	1.6254273599499	1.6
273.222403049469	1.6254273599499	1.6
273.23755979537964	1.6230877019118755	1.6
273.2507257461548	1.6230877019118755	1.6
273.26645016670227	1.6201042618910797	1.6
273.27950978279114	1.6201042618910797	1.6
273.2937090396881	1.6201042618910797	1.6
273.30897331237793	1.6201042618910797	1.6
273.32351899147034	1.6189688894653795	1.6
273.3365833759308	1.6189688894653795	1.6
273.34996247291565	1.6189688894653795	1.6
273.3663501739502	1.6163570144653796	1.6
273.37902998924255	1.6163570144653796	1.6
273.3953914642334	1.6128619286447414	1.6
273.4088807106018	1.6128619286447414	1.6
273.423526763916	1.6128619286447414	1.6
273.44010281562805	1.609911877713937	1.6
273.4537310600281	1.609911877713937	1.6
273.46787786483765	1.609911877713937	1.6
273.48240900039673	1.606730878945085	1.6
273.49615716934204	1.606730878945085	1.6
273.51122879981995	1.606730878945085	1.6
273.52560782432556	1.603787979048284	1.6
273.53939509391785	1.603787979048284	1.6
273.5551767349243	1.5998946285621352	1.6
273.5685577392578	1.5998946285621352	1.6
273.58161449432373	1.5998946285621352	1.6
273.5966320037842	1.5998946285621352	1.6
273.6106915473938	1.596909628562135	1.6
273.6263406276703	1.596909628562135	1.6
273.6416189670563	1.5932736659596254	1.6
273.6564121246338	1.5932736659596254	1.6
273.67162346839905	1.5932736659596254	1.6
273.68844962120056	1.5904181905383816	1.6
273.7021675109863	1.5904181905383816	1.6
273.7188444137573	1.5872082646611407	1.6
273.7323889732361	1.5872082646611407	1.6
273.746294260025	1.5872082646611407	1.6
273.7629613876343	1.5842972006029687	1.6
273.77641201019287	1.5842972006029687	1.6
273.7922966480255	1.5827071449338028	1.6
273.80608582496643	1.5827071449338028	1.6
273.8193459510803	1.5827071449338028	1.6
273.8356854915619	1.5827071449338028	1.6
273.85000443458557	1.5807501756387299	1.6
273.86606526374817	1.5807501756387299	1.6
273.8798522949219	1.5792611742322604	1.6
273.89423727989197	1.5792611742322604	1.6
273.9074285030365	1.5792611742322604	1.6
273.9225015640259	1.577755346473961	1.6
273.93551754951477	1.577755346473961	1.6
273.9510200023651	1.5760871536866339	1.6
273.9640393257141	1.5760871536866339	1.6
273.97693514823914	1.5760871536866339	1.6
273.99104046821594	1.5760871536866339	1.6
274.0067093372345	1.5753028595689869	1.6
274.02162528038025	1.5753028595689869	1.6
274.0374026298523	1.5747424572701363	1.6
274.0510673522949	1.5747424572701363	1.6
274.06429529190063	1.5747424572701363	1.6
274.08052158355713	1.574103117245517	1.6
274.09485244750977	1.574103117245517	1.6
274.107417345047	1.574103117245517	1.6
274.1234929561615	1.574103117245517	1.6
274.137140750885	1.573879173913933	1.6
274.15266370773315	1.573879173913933	1.6
274.166996717453	1.5740291129721047	1.6
274.1795303821564	1.5740291129721047	1.6
274.19258761405945	1.5740291129721047	1.6
274.2097008228302	1.5737807500713892	1.6
274.2232096195221	1.5737807500713892	1.6
274.2396402359009	1.5743592213907533	1.6
274.2542202472687	1.5743592213907533	1.6
274.2682292461395	1.5743592213907533	1.6
274.2828755378723	1.5743592213907533	1.6
274.2973039150238	1.574803294481811	1.6
274.3112473487854	1.574803294481811	1.6
274.3262777328491	1.5761308018988154	1.6
274.33934020996094	1.5761308018988154	1.6
274.3523795604706	1.5761308018988154	1.6
274.3681540489197	1.5774335268600557	1.6
274.38136291503906	1.5774335268600557	1.6
274.397278547287	1.5779511495079621	1.6
274.4110667705536	1.5779511495079621	1.6
274.4247419834137	1.5779511495079621	1.6
274.4383919239044	1.5779511495079621	1.6
274.45415687561035	1.5783883286541034	1.6
274.46846199035645	1.5783883286541034	1.6
274.4834334850311	1.5798604637480598	1.6
274.496554851532	1.5798604637480598	1.6
274.5112807750702	1.5798604637480598	1.6
274.5270845890045	1.580606220502771	1.6
274.5409634113312	1.580606220502771	1.6
274.55695247650146	1.5808860134183023	1.6
274.57031893730164	1.5808860134183023	1.6
274.584050655365	1.5808860134183023	1.6
274.59868597984314	1.5808860134183023	1.6
274.61348509788513	1.5815618959889473	1.6
274.6275329589844	1.5815618959889473	1.6
274.64273595809937	1.581097832695354	1.6
274.6571536064148	1.581097832695354	1.6
274.6711277961731	1.581097832695354	1.6
274.68840646743774	1.5810703721218775	1.6
274.702273607254	1.5810703721218775	1.6
274.7186279296875	1.5805269475512296	1.6
274.7323694229126	1.5805269475512296	1.6
274.74577474594116	1.5805269475512296	1.6
274.7604556083679	1.5805269475512296	1.6
274.77714252471924	1.5805644742709466	1.6
274.79279232025146	1.5805644742709466	1.6
274.809109210968	1.580221847987878	1.6
274.822384595871	1.580221847987878	1.6
274.8363399505615	1.580221847987878	1.6
274.8524146080017	1.580149828940259	1.6
274.86767768859863	1.580149828940259	1.6
274.8813533782959	1.580149828940259	1.6
274.89837980270386	1.578944985459581	1.6
274.9113578796387	1.578944985459581	1.6
274.9282293319702	1.578155800528074	1.6
274.9429965019226	1.578155800528074	1.6
274.95661306381226	1.578155800528074	1.6
274.9719707965851	1.578155800528074	1.6
274.986088514328	1.5778668581872553	1.6
274.99945998191833	1.5778668581872553	1.6
275.01442790031433	1.5772007076733676	1.6
275.027485370636	1.5772007076733676	1.6
275.043488740921	1.5772007076733676	1.6
275.063551902771	1.5767489374408377	1.6
275.0785164833069	1.5767489374408377	1.6
275.09347009658813	1.5762790763297265	1.6
275.1072311401367	1.5762790763297265	1.6
275.120484828949	1.5762790763297265	1.6
275.1358435153961	1.5757768666783758	1.6
275.14914560317993	1.5757768666783758	1.6
275.1640844345093	1.5757768666783758	1.6
275.17735862731934	1.5752770319507692	1.6
275.1902906894684	1.5752770319507692	1.6
275.20530915260315	1.5752770319507692	1.6
275.2199754714966	1.5751493988678433	1.6
275.2335124015808	1.5751493988678433	1.6
275.249977350235	1.5750930318727694	1.6
275.26365065574646	1.5750930318727694	1.6
275.2764484882355	1.5750930318727694	1.6
275.2916076183319	1.5750930318727694	1.6
275.3056457042694	1.575475271075373	1.6
275.31955218315125	1.575475271075373	1.6
275.33449697494507	1.5765053887224316	1.6
275.34797382354736	1.5765053887224316	1.6
275.3606493473053	1.5765053887224316	1.6
275.37759804725647	1.5765986226547613	1.6
275.3911781311035	1.5765986226547613	1.6
275.4087083339691	1.5773623391334877	1.6
275.4224941730499	1.5773623391334877	1.6
275.43606090545654	1.5773623391334877	1.6
275.4493899345398	1.5773623391334877	1.6
275.4638514518738	1.5778728992677977	1.6
275.4778754711151	1.5778728992677977	1.6
275.4926242828369	1.5788522597014023	1.6
275.5063166618347	1.5788522597014023	1.6
275.5193588733673	1.5788522597014023	1.6
275.53493332862854	1.5796700897712523	1.6
275.5482988357544	1.5796700897712523	1.6
275.56116461753845	1.5796700897712523	1.6
275.5743863582611	1.5796700897712523	1.6
275.5894887447357	1.580195819704167	1.6
275.6024878025055	1.580195819704167	1.6
275.6190519332886	1.5808292245283413	1.6
275.6319749355316	1.5808292245283413	1.6
275.64610266685486	1.5808292245283413	1.6
275.6625621318817	1.5820665680958625	1.6
275.6764760017395	1.5820665680958625	1.6
275.69105100631714	1.5820665680958625	1.6
275.7048649787903	1.5832936640985715	1.6
275.7177929878235	1.5832936640985715	1.6
275.73090624809265	1.5832936640985715	1.6
275.74761176109314	1.5839910238526427	1.6
275.7605793476105	1.5839910238526427	1.6
275.77687549591064	1.5856827980412525	1.6
275.7908024787903	1.5856827980412525	1.6
275.8042109012604	1.5856827980412525	1.6
275.82008028030396	1.5856827980412525	1.6
275.83384251594543	1.5868463417366236	1.6
275.8472526073456	1.5868463417366236	1.6
275.8613576889038	1.588477036181068	1.6
275.8754451274872	1.588477036181068	1.6
275.88939690589905	1.588477036181068	1.6
275.905650138855	1.5899130046675052	1.6
275.91916131973267	1.5899130046675052	1.6
275.93538546562195	1.5913714134944505	1.6
275.9483458995819	1.5913714134944505	1.6
275.96130537986755	1.5913714134944505	1.6
275.97497844696045	1.5913714134944505	1.6
275.9905834197998	1.5931909951035617	1.6
276.005912065506	1.5931909951035617	1.6
276.02045798301697	1.5952657475302168	1.6
276.03319358825684	1.5952657475302168	1.6
276.04673624038696	1.5952657475302168	1.6
276.06227374076843	1.5963372614339604	1.6
276.07546520233154	1.5963372614339604	1.6
276.0902330875397	1.5963372614339604	1.6
276.1034827232361	1.5975352374051521	1.6
276.11658215522766	1.5975352374051521	1.6
276.1293468475342	1.5975352374051521	1.6
276.1461069583893	1.5988143134164852	1.6
276.15900707244873	1.5988143134164852	1.6
276.17574286460876	1.6003820693041662	1.6
276.18829584121704	1.6003820693041662	1.6
276.2010486125946	1.6003820693041662	1.6
276.2138080596924	1.6003820693041662	1.6
276.22843313217163	1.6019775672395908	1.6
276.24114775657654	1.6019775672395908	1.6
276.257119178772	1.6034232704359375	1.6
276.2697274684906	1.6034232704359375	1.6
276.2832021713257	1.6034232704359375	1.6
276.2985782623291	1.6034232704359375	1.6
276.3126049041748	1.6042471414376493	1.6
276.3261730670929	1.6042471414376493	1.6
276.3392298221588	1.6042471414376493	1.6
276.3542149066925	1.6052518578781403	1.6
276.36744713783264	1.6052518578781403	1.6
276.38245153427124	1.60694524580109	1.6
276.3958549499512	1.60694524580109	1.6
276.4085156917572	1.60694524580109	1.6
276.4216182231903	1.60694524580109	1.6
276.4364857673645	1.606842677922581	1.6
276.4504725933075	1.606842677922581	1.6
276.4674801826477	1.6074540724470765	1.6
276.4812042713165	1.6074540724470765	1.6
276.4943149089813	1.6074540724470765	1.6
276.5103232860565	1.6082013488161029	1.6
276.5244972705841	1.6082013488161029	1.6
276.5390992164612	1.6082013488161029	1.6
276.55293011665344	1.6081409661353472	1.6
276.56689620018005	1.6081409661353472	1.6
276.5795331001282	1.6081409661353472	1.6
276.59529519081116	1.6072291680657753	1.6
276.6079378128052	1.6072291680657753	1.6
276.6242437362671	1.606577638551166	1.6
276.63740491867065	1.606577638551166	1.6
276.65016174316406	1.606577638551166	1.6
276.6645874977112	1.606577638551166	1.6
276.6800138950348	1.6057892016149817	1.6
276.6941876411438	1.6057892016149817	1.6
276.7093369960785	1.6051624519188352	1.6
276.7230167388916	1.6051624519188352	1.6
276.73640537261963	1.6051624519188352	1.6
276.7518632411957	1.6037429958503853	1.6
276.76648902893066	1.6037429958503853	1.6
276.782262802124	1.6012476482028233	1.6
276.7961313724518	1.6012476482028233	1.6
276.8101878166199	1.6012476482028233	1.6
276.8259575366974	1.6012476482028233	1.6
276.8406934738159	1.6008449056967724	1.6
276.8550019264221	1.6008449056967724	1.6
276.87024331092834	1.5995818920233404	1.6
276.88301277160645	1.5995818920233404	1.6
276.89673233032227	1.5995818920233404	1.6
276.9118399620056	1.597427815422603	1.6
276.92569398880005	1.597427815422603	1.6
276.9414756298065	1.597427815422603	1.6
276.9591791629791	1.5943398042653638	1.6
276.97831559181213	1.5943398042653638	1.6
276.9966650009155	1.5923360254874512	1.6
277.01020431518555	1.5923360254874512	1.6
277.0258402824402	1.5890989261429154	1.6
277.0391459465027	1.5890989261429154	1.6
277.05263686180115	1.5890989261429154	1.6
277.06706142425537	1.5890989261429154	1.6
277.0809326171875	1.5860632980593912	1.6
277.09535217285156	1.5860632980593912	1.6
277.108891248703	1.5860632980593912	1.6
277.12441515922546	1.583173299165907	1.6
277.1375253200531	1.583173299165907	1.6
277.1529448032379	1.5808578705989014	1.6
277.16643261909485	1.5808578705989014	1.6
277.17952513694763	1.5808578705989014	1.6
277.1982407569885	1.5787571732228076	1.6
277.21123790740967	1.5787571732228076	1.6
277.2271955013275	1.5787571732228076	1.6
277.2418591976166	1.5763624067767612	1.6
277.25579023361206	1.5763624067767612	1.6
277.26930809020996	1.5763624067767612	1.6
277.2830991744995	1.5745124917659177	1.6
277.297016620636	1.5745124917659177	1.6
277.3131833076477	1.5726327734996637	1.6
277.32655215263367	1.5726327734996637	1.6
277.3398132324219	1.5726327734996637	1.6
277.355268239975	1.5726327734996637	1.6
277.3690152168274	1.5724147941577538	1.6
277.3829026222229	1.5724147941577538	1.6
277.3973047733307	1.5714281800530288	1.6
277.4103271961212	1.5714281800530288	1.6
277.42368388175964	1.5714281800530288	1.6
277.4395706653595	1.5714679546307664	1.6
277.45329093933105	1.5714679546307664	1.6
277.4690773487091	1.5714679546307664	1.6
277.48296213150024	1.5712673222012548	1.6
277.49632477760315	1.5712673222012548	1.6
277.5103144645691	1.5712673222012548	1.6
277.52550625801086	1.570878893815992	1.6
277.5385639667511	1.570878893815992	1.6
277.55518436431885	1.5706276086087374	1.6
277.56845355033875	1.5706276086087374	1.6
277.5813705921173	1.5706276086087374	1.6
277.5988447666168	1.570871912351723	1.6
277.6117534637451	1.570871912351723	1.6
277.62828373908997	1.570871912351723	1.6
277.6422610282898	1.5714079241505208	1.6
277.6561243534088	1.5714079241505208	1.6
277.67098665237427	1.5714079241505208	1.6
277.68664145469666	1.572024093794171	1.6
277.7008786201477	1.572024093794171	1.6
277.7160065174103	1.5738100652109073	1.6
277.72902512550354	1.5738100652109073	1.6
277.7426290512085	1.5738100652109073	1.6
277.75787329673767	1.5750711033691533	1.6
277.7710475921631	1.5750711033691533	1.6
277.7866644859314	1.5750711033691533	1.6
277.8003227710724	1.576214763570365	1.6
277.81362080574036	1.576214763570365	1.6
277.8262894153595	1.576214763570365	1.6
277.8456726074219	1.5776483865780913	1.6
277.8585481643677	1.5776483865780913	1.6
277.87116837501526	1.5776483865780913	1.6
277.8854079246521	1.5792506042741883	1.6
277.89869260787964	1.5792506042741883	1.6
277.91531252861023	1.5792506042741883	1.6
277.92814350128174	1.5805464896866224	1.6
277.94084644317627	1.5805464896866224	1.6
277.95379662513733	1.5805464896866224	1.6
277.9709532260895	1.5817468135541004	1.6
277.98483657836914	1.5817468135541004	1.6
278.000372171402	1.5827238896047906	1.6
278.01342940330505	1.5827238896047906	1.6
278.02690958976746	1.5827238896047906	1.6
278.04294538497925	1.5827238896047906	1.6
278.05597591400146	1.582979390193336	1.6
278.0726013183594	1.582979390193336	1.6
278.0881578922272	1.5830631557964219	1.6
278.101393699646	1.5830631557964219	1.6
278.1147668361664	1.5830631557964219	1.6
278.13077902793884	1.5833422609955177	1.6
278.14486360549927	1.5833422609955177	1.6
278.16118597984314	1.5833894977867857	1.6
278.17508602142334	1.5833894977867857	1.6
278.1883809566498	1.5833894977867857	1.6
278.2045741081238	1.5834583485593552	1.6
278.21768856048584	1.5834583485593552	1.6
278.2331404685974	1.5834583485593552	1.6
278.2490882873535	1.5838591482631685	1.6
278.26382398605347	1.5838591482631685	1.6
278.27801609039307	1.5838591482631685	1.6
278.2930326461792	1.5844126937361005	1.6
278.3064339160919	1.5844126937361005	1.6
278.3206729888916	1.5849218520599586	1.6
278.3351216316223	1.5849218520599586	1.6
278.3484568595886	1.5849218520599586	1.6
278.36402225494385	1.5849218520599586	1.6
278.3784821033478	1.5843614208494579	1.6
278.39314579963684	1.5843614208494579	1.6
278.4094171524048	1.5836337876957036	1.6
278.4232223033905	1.5836337876957036	1.6
278.4368705749512	1.5836337876957036	1.6
278.45136761665344	1.5827818605941897	1.6
278.46513319015503	1.5827818605941897	1.6
278.48246479034424	1.5812385671318665	1.6
278.49578762054443	1.5812385671318665	1.6
278.5081708431244	1.5812385671318665	1.6
278.5248143672943	1.5791755099518794	1.6
278.53762125968933	1.5791755099518794	1.6
278.5524334907532	1.5791755099518794	1.6
278.56869745254517	1.5781672413794934	1.6
278.5821478366852	1.5781672413794934	1.6
278.59486198425293	1.5781672413794934	1.6
278.61075139045715	1.5773834205470438	1.6
278.62456011772156	1.5773834205470438	1.6
278.63766503334045	1.5773834205470438	1.6
278.6539168357849	1.5754977101680256	1.6
278.6673982143402	1.5754977101680256	1.6
278.6837434768677	1.5754977101680256	1.6
278.69726848602295	1.5738247703359116	1.6
278.7106513977051	1.5738247703359116	1.6
278.7255349159241	1.5738247703359116	1.6
278.7410237789154	1.5729131648556982	1.6
278.75458455085754	1.5729131648556982	1.6
278.76985263824463	1.5738651003164539	1.6
278.7835786342621	1.5738651003164539	1.6
278.79709219932556	1.5738651003164539	1.6
278.8142819404602	1.5750901420991836	1.6
278.8276717662811	1.5750901420991836	1.6
278.8441617488861	1.5758152799561396	1.6
278.85796880722046	1.5758152799561396	1.6
278.871701002121	1.5758152799561396	1.6
278.8849093914032	1.5758152799561396	1.6
278.89928364753723	1.5774431273458327	1.6
278.9126298427582	1.5774431273458327	1.6
278.9293882846832	1.5787585578761818	1.6
278.94331073760986	1.5787585578761818	1.6
278.9569709300995	1.5787585578761818	1.6
278.9727120399475	1.5787585578761818	1.6
278.986123085022	1.5796268767309758	1.6
279.00137305259705	1.5796268767309758	1.6
279.0155370235443	1.5804197298093499	1.6
279.0294101238251	1.5804197298093499	1.6
279.04337763786316	1.5804197298093499	1.6
279.0597448348999	1.5816275208321182	1.6
279.07331371307373	1.5816275208321182	1.6
279.08946800231934	1.5833973176346015	1.6
279.10378980636597	1.5833973176346015	1.6
279.11688256263733	1.5833973176346015	1.6
279.13257694244385	1.585479492052578	1.6
279.1465423107147	1.585479492052578	1.6
279.1617169380188	1.585479492052578	1.6
279.1762568950653	1.586906301527813	1.6
279.18896555900574	1.586906301527813	1.6
279.2022590637207	1.586906301527813	1.6
279.2175703048706	1.5883255914962928	1.6
279.231329202652	1.5883255914962928	1.6
279.24654722213745	1.5913232352525366	1.6
279.25991439819336	1.5913232352525366	1.6
279.27339148521423	1.5913232352525366	1.6
279.28673005104065	1.5913232352525366	1.6
279.30175399780273	1.5941699575753203	1.6
279.3151845932007	1.5941699575753203	1.6
279.32977533340454	1.5970672755829831	1.6
279.3433880805969	1.5970672755829831	1.6
279.3572254180908	1.5970672755829831	1.6
279.3739104270935	1.6005856755239076	1.6
279.38782954216003	1.6005856755239076	1.6
279.4013044834137	1.6005856755239076	1.6
279.41554403305054	1.6005856755239076	1.6
279.4300434589386	1.6035635527591006	1.6
279.44383239746094	1.6035635527591006	1.6
279.458598613739	1.6067941607430356	1.6
279.4716215133667	1.6067941607430356	1.6
279.4845356941223	1.6067941607430356	1.6
279.50087332725525	1.6090689556534012	1.6
279.5147793292999	1.6090689556534012	1.6
279.5296015739441	1.6090689556534012	1.6
279.5429108142853	1.6115261601701742	1.6
279.55593943595886	1.6115261601701742	1.6
279.569473028183	1.6115261601701742	1.6
279.5855975151062	1.6135554914362271	1.6
279.59894466400146	1.6135554914362271	1.6
279.6151690483093	1.6152121145395935	1.6
279.6282548904419	1.6152121145395935	1.6
279.6415250301361	1.6152121145395935	1.6
279.6563892364502	1.6152121145395935	1.6
279.6707489490509	1.6166106489944152	1.6
279.684978723526	1.6166106489944152	1.6
279.6991081237793	1.61806839506156	1.6
279.71197724342346	1.61806839506156	1.6
279.7258038520813	1.61806839506156	1.6
279.7409837245941	1.619400357802744	1.6
279.7550058364868	1.619400357802744	1.6
279.767835855484	1.619400357802744	1.6
279.7820897102356	1.620730366009904	1.6
279.7950174808502	1.620730366009904	1.6
279.80857014656067	1.620730366009904	1.6
279.8242042064667	1.6224094902616133	1.6
279.83717131614685	1.6224094902616133	1.6
279.85218358039856	1.6224094902616133	1.6
279.8660771846771	1.6234284056220623	1.6
279.8798289299011	1.6234284056220623	1.6
279.89309310913086	1.6234284056220623	1.6
279.9082467556	1.624471184202119	1.6
279.921288728714	1.624471184202119	1.6
279.936980009079	1.6248924568825562	1.6
279.9505820274353	1.6248924568825562	1.6
279.9640157222748	1.6248924568825562	1.6
279.97927165031433	1.6248924568825562	1.6
279.99267196655273	1.6256781940699203	1.6
280.00677704811096	1.6256781940699203	1.6
280.0217785835266	1.626537761380088	1.6
280.03551602363586	1.626537761380088	1.6
280.04903268814087	1.626537761380088	1.6
280.06456661224365	1.6267398629841225	1.6
280.07798171043396	1.6267398629841225	1.6
280.09423899650574	1.6267398629841225	1.6
280.1100661754608	1.6267785533729708	1.6
280.1235053539276	1.6267785533729708	1.6
280.1392331123352	1.6267785533729708	1.6
280.15355920791626	1.626388787978387	1.6
280.1670472621918	1.626388787978387	1.6
280.1809844970703	1.626388787978387	1.6
280.1964704990387	1.6258651320259887	1.6
280.2098174095154	1.6258651320259887	1.6
280.2256371974945	1.6248683073832724	1.6
280.2387726306915	1.6248683073832724	1.6
280.25199341773987	1.6248683073832724	1.6
280.2691924571991	1.6248683073832724	1.6
280.2838990688324	1.6238128183004623	1.6
280.29881715774536	1.6238128183004623	1.6
280.3143789768219	1.62279763297974	1.6
280.3271486759186	1.62279763297974	1.6
280.34022188186646	1.62279763297974	1.6
280.3562936782837	1.6212523257171703	1.6
280.36909222602844	1.6212523257171703	1.6
280.38572096824646	1.6199653827002294	1.6
280.3990170955658	1.6199653827002294	1.6
280.41481351852417	1.6199653827002294	1.6
280.4319405555725	1.619007540044294	1.6
280.4452049732208	1.619007540044294	1.6
280.46099519729614	1.619007540044294	1.6
280.4751389026642	1.6174905561766195	1.6
280.48766899108887	1.6174905561766195	1.6
280.5012171268463	1.6174905561766195	1.6
280.5162160396576	1.6157526321794347	1.6
280.5293941497803	1.6157526321794347	1.6
280.5464406013489	1.6144021078669	1.6
280.559597492218	1.6144021078669	1.6
280.57227873802185	1.6144021078669	1.6
280.58859157562256	1.6144021078669	1.6
280.60289549827576	1.6126875822509317	1.6
280.61873602867126	1.6126875822509317	1.6
280.63389325141907	1.611728513483871	1.6
280.6471199989319	1.611728513483871	1.6
280.6613597869873	1.611728513483871	1.6
280.6761403083801	1.611230865354715	1.6
280.6888632774353	1.611230865354715	1.6
280.7054979801178	1.6106490796935518	1.6
280.7180995941162	1.6106490796935518	1.6
280.7310016155243	1.6106490796935518	1.6
280.74450302124023	1.6106490796935518	1.6
280.760404586792	1.6104946319323576	1.6
280.7740592956543	1.6104946319323576	1.6
280.78947830200195	1.6094932712017642	1.6
280.8032214641571	1.6094932712017642	1.6
280.81602597236633	1.6094932712017642	1.6
280.831983089447	1.6092716273915344	1.6
280.8461458683014	1.6092716273915344	1.6
280.85877871513367	1.6092716273915344	1.6
280.8719117641449	1.6092716273915344	1.6
280.8870234489441	1.6093123198279464	1.6
280.9006609916687	1.6093123198279464	1.6
280.9157078266144	1.6090614583506124	1.6
280.92911100387573	1.6090614583506124	1.6
280.9425718784332	1.6090614583506124	1.6
280.9589376449585	1.6093653547225177	1.6
280.97202134132385	1.6093653547225177	1.6
280.9869978427887	1.6093653547225177	1.6
281.0006585121155	1.6094658258483476	1.6
281.0140037536621	1.6094658258483476	1.6
281.02690172195435	1.6094658258483476	1.6
281.04192781448364	1.6093345308646836	1.6
281.05630683898926	1.6093345308646836	1.6
281.07341146469116	1.609156535761354	1.6
281.0869770050049	1.609156535761354	1.6
281.09969782829285	1.609156535761354	1.6
281.114235162735	1.609156535761354	1.6
281.12850546836853	1.609359324173015	1.6
281.1427803039551	1.609359324173015	1.6
281.1569707393646	1.6101927922044794	1.6
281.16961693763733	1.6101927922044794	1.6
281.1822693347931	1.6101927922044794	1.6
281.1973443031311	1.6116087537429409	1.6
281.21050548553467	1.6116087537429409	1.6
281.2249948978424	1.6116087537429409	1.6
281.2399241924286	1.6129127274271515	1.6
281.2528603076935	1.6129127274271515	1.6
281.2656137943268	1.6129127274271515	1.6
281.28196144104004	1.6146796263160403	1.6
281.29481077194214	1.6146796263160403	1.6
281.3090305328369	1.6170196200447002	1.6
281.3221607208252	1.6170196200447002	1.6
281.33511328697205	1.6170196200447002	1.6
281.34881043434143	1.6170196200447002	1.6
281.3631703853607	1.6193737276413132	1.6
281.3760266304016	1.6193737276413132	1.6
281.39194416999817	1.621784997074024	1.6
281.4054934978485	1.621784997074024	1.6
281.4180266857147	1.621784997074024	1.6
281.4323980808258	1.621784997074024	1.6
281.4477150440216	1.6242914924920533	1.6
281.4612627029419	1.6242914924920533	1.6
281.4773283004761	1.6267745177386264	1.6
281.49160408973694	1.6267745177386264	1.6
281.50582814216614	1.6267745177386264	1.6
281.5218005180359	1.6290572296140737	1.6
281.53557085990906	1.6290572296140737	1.6
281.5509703159332	1.6305240527172977	1.6
281.5642147064209	1.6305240527172977	1.6
281.57739758491516	1.6305240527172977	1.6
281.59170031547546	1.6305240527172977	1.6
281.6069564819336	1.6321023902442566	1.6
281.6197474002838	1.6321023902442566	1.6
281.63316440582275	1.6321023902442566	1.6
281.64930605888367	1.632701969349678	1.6
281.66299510002136	1.632701969349678	1.6
281.6791112422943	1.6337463953961895	1.6
281.6920254230499	1.6337463953961895	1.6
281.7053244113922	1.6337463953961895	1.6
281.71963834762573	1.6337463953961895	1.6
281.7338032722473	1.633918311323629	1.6
281.74765253067017	1.633918311323629	1.6
281.7624611854553	1.6347411840962536	1.6
281.77508902549744	1.6347411840962536	1.6
281.7878186702728	1.6347411840962536	1.6
281.8038794994354	1.6347411840962536	1.6
281.8170244693756	1.634681211493514	1.6
281.83237648010254	1.634681211493514	1.6
281.84748101234436	1.6339520537782541	1.6
281.8609676361084	1.6339520537782541	1.6
281.8742365837097	1.6339520537782541	1.6
281.8904595375061	1.632846692462654	1.6
281.9050986766815	1.632846692462654	1.6
281.92152643203735	1.6315329175104174	1.6
281.9356961250305	1.6315329175104174	1.6
281.94938468933105	1.6315329175104174	1.6
281.9656686782837	1.6303492719391213	1.6
281.97952103614807	1.6303492719391213	1.6
281.994863986969	1.6303492719391213	1.6
282.00927925109863	1.6287240928737006	1.6
282.022572517395	1.6287240928737006	1.6
282.03676748275757	1.6287240928737006	1.6
282.0520987510681	1.626675255121663	1.6
282.0665605068207	1.626675255121663	1.6
282.08258748054504	1.6245206208958796	1.6
282.09583163261414	1.6245206208958796	1.6
282.1089427471161	1.6245206208958796	1.6
282.1254472732544	1.6227808220516304	1.6
282.1384539604187	1.6227808220516304	1.6
282.1545236110687	1.6227808220516304	1.6
282.1687066555023	1.6204472488846093	1.6
282.18205642700195	1.6204472488846093	1.6
282.1955122947693	1.6204472488846093	1.6
282.2110917568207	1.6192454230419127	1.6
282.2240569591522	1.6192454230419127	1.6
282.2393023967743	1.6186513106998934	1.6
282.253404378891	1.6186513106998934	1.6
282.26651334762573	1.6186513106998934	1.6
282.28001523017883	1.6186513106998934	1.6
282.29593801498413	1.6185841858652055	1.6
282.3107249736786	1.6185841858652055	1.6
282.3264808654785	1.6182632128674492	1.6
282.33974146842957	1.6182632128674492	1.6
282.35280871391296	1.6182632128674492	1.6
282.3683035373688	1.6180538457530815	1.6
282.38141083717346	1.6180538457530815	1.6
282.39410877227783	1.6180538457530815	1.6
282.40696024894714	1.6180538457530815	1.6
282.42188692092896	1.6175947533012913	1.6
282.4359276294708	1.6175947533012913	1.6
282.4504780769348	1.6176943144380036	1.6
282.4638648033142	1.6176943144380036	1.6
282.47673416137695	1.6176943144380036	1.6
282.49128580093384	1.6176943144380036	1.6
282.50568985939026	1.617325963734594	1.6
282.5193626880646	1.617325963734594	1.6
282.5341863632202	1.6174833179374926	1.6
282.5472755432129	1.6174833179374926	1.6
282.56007862091064	1.6174833179374926	1.6
282.576452255249	1.6174635223144143	1.6
282.5906581878662	1.6174635223144143	1.6
282.6068093776703	1.6175527283488045	1.6
282.61961340904236	1.6175527283488045	1.6
282.6333315372467	1.6175527283488045	1.6
282.64615845680237	1.6175527283488045	1.6
282.66170740127563	1.6176650167500584	1.6
282.67630195617676	1.6176650167500584	1.6
282.69083976745605	1.6174830152317958	1.6
282.70440912246704	1.6174830152317958	1.6
282.71680545806885	1.6174830152317958	1.6
282.7318067550659	1.6174830152317958	1.6
282.74548864364624	1.6184138817994325	1.6
282.7596321105957	1.6184138817994325	1.6
282.77367663383484	1.6190488897283166	1.6
282.78640270233154	1.6190488897283166	1.6
282.79898595809937	1.6190488897283166	1.6
282.8143720626831	1.6198963949092107	1.6
282.82718896865845	1.6198963949092107	1.6
282.8416726589203	1.6198963949092107	1.6
282.8569989204407	1.6200891255392982	1.6
282.86968302726746	1.6200891255392982	1.6
282.88254404067993	1.6200891255392982	1.6
282.89854860305786	1.6205704636069327	1.6
282.91146659851074	1.6205704636069327	1.6
282.92676186561584	1.6208000975463268	1.6
282.9397039413452	1.6208000975463268	1.6
282.9529860019684	1.6208000975463268	1.6
282.9671628475189	1.6208000975463268	1.6
282.9822163581848	1.621008894213091	1.6
282.99537777900696	1.621008894213091	1.6
283.009610414505	1.6209367163335362	1.6
283.0238711833954	1.6209367163335362	1.6
283.0365719795227	1.6209367163335362	1.6
283.0512399673462	1.6209367163335362	1.6
283.0655300617218	1.6206153813049284	1.6
283.078631401062	1.6206153813049284	1.6
283.09351229667664	1.6209937798442098	1.6
283.10647320747375	1.6209937798442098	1.6
283.11930751800537	1.6209937798442098	1.6
283.1356735229492	1.6202658637329574	1.6
283.14866280555725	1.6202658637329574	1.6
283.1618459224701	1.6202658637329574	1.6
283.1758608818054	1.6202658637329574	1.6
283.1898956298828	1.6198010009875563	1.6
283.2033460140228	1.6198010009875563	1.6
283.2181980609894	1.6194243227185463	1.6
283.23189878463745	1.6194243227185463	1.6
283.2458345890045	1.6194243227185463	1.6
283.26040625572205	1.6194243227185463	1.6
283.27348041534424	1.619736774995833	1.6
283.28777623176575	1.619736774995833	1.6
283.30238366127014	1.6198434827988315	1.6
283.31600046157837	1.6198434827988315	1.6
283.32882499694824	1.6198434827988315	1.6
283.34586000442505	1.6199992323472963	1.6
283.3587136268616	1.6199992323472963	1.6
283.37485361099243	1.618779072155741	1.6
283.3876757621765	1.618779072155741	1.6
283.400771856308	1.618779072155741	1.6
283.4152100086212	1.618779072155741	1.6
283.43041229248047	1.617864592386955	1.6
283.44306468963623	1.617864592386955	1.6
283.4590439796448	1.6172575079607658	1.6
283.47201561927795	1.6172575079607658	1.6
283.4857041835785	1.6172575079607658	1.6
283.5012607574463	1.6152671561446297	1.6
283.51534152030945	1.6152671561446297	1.6
283.5304388999939	1.6152671561446297	1.6
283.54678320884705	1.6132170304301643	1.6
283.56627202033997	1.6132170304301643	1.6
283.5868740081787	1.6103841474381073	1.6
283.6070411205292	1.6103841474381073	1.6
283.6255578994751	1.608187180247207	1.6
283.63954854011536	1.608187180247207	1.6
283.65371441841125	1.608187180247207	1.6
283.6690731048584	1.6051722764961611	1.6
283.6824240684509	1.6051722764961611	1.6
283.69917035102844	1.6013274739526533	1.6
283.7149233818054	1.6013274739526533	1.6
283.7298378944397	1.6013274739526533	1.6
283.7483825683594	1.5975648494041885	1.6
283.76239705085754	1.5975648494041885	1.6
283.7793662548065	1.5947835874994267	1.6
283.79358959198	1.5947835874994267	1.6
283.80834460258484	1.5947835874994267	1.6
283.82415676116943	1.5915170710842077	1.6
283.83906388282776	1.5915170710842077	1.6
283.85625100135803	1.5873404543177405	1.6
283.86957144737244	1.5873404543177405	1.6
283.88311767578125	1.5873404543177405	1.6
283.89926838874817	1.5873404543177405	1.6
283.9142973423004	1.5842884889728246	1.6
283.9286992549896	1.5842884889728246	1.6
283.9430558681488	1.5842884889728246	1.6
283.9596617221832	1.581201985131774	1.6
283.9746642112732	1.581201985131774	1.6
283.9902608394623	1.5788740330975874	1.6
284.0060455799103	1.5788740330975874	1.6
284.01996183395386	1.5788740330975874	1.6
284.03582191467285	1.5762462117198668	1.6
284.0494501590729	1.5762462117198668	1.6
284.0693025588989	1.5742595938228745	1.6
284.0889627933502	1.5742595938228745	1.6
284.103967666626	1.5742595938228745	1.6
284.1208236217499	1.573038731040321	1.6
284.1361198425293	1.573038731040321	1.6
284.1523094177246	1.571981140875856	1.6
284.1660451889038	1.571981140875856	1.6
284.1794376373291	1.571981140875856	1.6
284.19506454467773	1.5708573085059137	1.6
284.20820569992065	1.5708573085059137	1.6
284.22538208961487	1.5707081161518848	1.6
284.2386164665222	1.5707081161518848	1.6
284.25239872932434	1.5707081161518848	1.6
284.26779532432556	1.5707081161518848	1.6
284.281711101532	1.5712010691931706	1.6
284.2961504459381	1.5712010691931706	1.6
284.3111276626587	1.5718305474186487	1.6
284.3252520561218	1.5718305474186487	1.6
284.33819675445557	1.5718305474186487	1.6
284.35416316986084	1.573006016618937	1.6
284.36775732040405	1.573006016618937	1.6
284.384299993515	1.5743427914365171	1.6
284.3978269100189	1.5743427914365171	1.6
284.41107511520386	1.5743427914365171	1.6
284.42834544181824	1.5743427914365171	1.6
284.4414520263672	1.5755388719347576	1.6
284.45721411705017	1.5755388719347576	1.6
284.47109627723694	1.57715294466858	1.6
284.48542404174805	1.57715294466858	1.6
284.49812602996826	1.57715294466858	1.6
284.51421427726746	1.579287618215022	1.6
284.5282459259033	1.579287618215022	1.6
284.5424098968506	1.5814193561067598	1.6
284.5566146373749	1.5814193561067598	1.6
284.5708966255188	1.5814193561067598	1.6
284.5863530635834	1.5814193561067598	1.6
284.6018559932709	1.5844511150303744	1.6
284.6154797077179	1.5844511150303744	1.6
284.6290192604065	1.5844511150303744	1.6
284.6440255641937	1.5868067751107169	1.6
284.6568670272827	1.5868067751107169	1.6
284.67212653160095	1.5893670090288456	1.6
284.6851863861084	1.5893670090288456	1.6
284.6983859539032	1.5893670090288456	1.6
284.71321654319763	1.5893670090288456	1.6
284.729220867157	1.5918544196308224	1.6
284.74453830718994	1.5918544196308224	1.6
284.75996947288513	1.5942467990322309	1.6
284.77248549461365	1.5942467990322309	1.6
284.78627252578735	1.5942467990322309	1.6
284.80178451538086	1.5964504235625063	1.6
284.8154320716858	1.5964504235625063	1.6
284.8311951160431	1.5993018017629572	1.6
284.8455219268799	1.5993018017629572	1.6
284.8587415218353	1.5993018017629572	1.6
284.87512612342834	1.5993018017629572	1.6
284.88845658302307	1.6017335342359924	1.6
284.9033224582672	1.6017335342359924	1.6
284.91809487342834	1.6041543180666982	1.6
284.9321415424347	1.6041543180666982	1.6
284.9458222389221	1.6041543180666982	1.6
284.9625873565674	1.6058266373438066	1.6
284.9761052131653	1.6058266373438066	1.6
284.9912049770355	1.6071702725185293	1.6
285.00542402267456	1.6071702725185293	1.6
285.0183870792389	1.6071702725185293	1.6
285.034295797348	1.6071702725185293	1.6
285.04858779907227	1.608411526374925	1.6
285.06335639953613	1.608411526374925	1.6
285.07821583747864	1.60949962579013	1.6
285.09140634536743	1.60949962579013	1.6
285.1048595905304	1.60949962579013	1.6
285.12098026275635	1.6100404838314595	1.6
285.13460302352905	1.6100404838314595	1.6
285.14995765686035	1.611029722485607	1.6
285.1649239063263	1.611029722485607	1.6
285.1796450614929	1.611029722485607	1.6
285.1939969062805	1.611029722485607	1.6
285.2090060710907	1.6116396456357893	1.6
285.22228026390076	1.6116396456357893	1.6
285.2373466491699	1.6123504384215122	1.6
285.25358986854553	1.6123504384215122	1.6
285.27195930480957	1.6123504384215122	1.6
285.28861951828003	1.6129744214723594	1.6
285.30664253234863	1.6129744214723594	1.6
285.3204131126404	1.6124470585696842	1.6
285.3348059654236	1.6124470585696842	1.6
285.34733533859253	1.6124470585696842	1.6
285.3627586364746	1.612152431600268	1.6
285.37591791152954	1.612152431600268	1.6
285.38878440856934	1.612152431600268	1.6
285.4045548439026	1.612152431600268	1.6
285.4182069301605	1.61135722444251	1.6
285.43176531791687	1.61135722444251	1.6
285.44755387306213	1.6103070663945878	1.6
285.4611449241638	1.6103070663945878	1.6
285.47629022598267	1.6103070663945878	1.6
285.49764752388	1.608715992183501	1.6
285.51544094085693	1.608715992183501	1.6
285.5306763648987	1.6076756370395393	1.6
285.5456066131592	1.6076756370395393	1.6
285.5623462200165	1.6076756370395393	1.6
285.5769383907318	1.6062704378058232	1.6
285.5932729244232	1.6062704378058232	1.6
285.6084191799164	1.6052454096212156	1.6
285.6224250793457	1.6052454096212156	1.6
285.6371400356293	1.6052454096212156	1.6
285.6522014141083	1.6035178682016134	1.6
285.6659712791443	1.6035178682016134	1.6
285.6814959049225	1.6018809453325396	1.6
285.6946017742157	1.6018809453325396	1.6
285.7081353664398	1.6018809453325396	1.6
285.7248914241791	1.6018809453325396	1.6
285.7386794090271	1.6011003549104619	1.6
285.7553520202637	1.6011003549104619	1.6
285.76892471313477	1.6007031582295916	1.6
285.78447580337524	1.6007031582295916	1.6
285.79834055900574	1.6007031582295916	1.6
285.81432366371155	1.6004556469637976	1.6
285.8280680179596	1.6004556469637976	1.6
285.84336709976196	1.601492579365773	1.6
285.8567273616791	1.601492579365773	1.6
285.86999773979187	1.601492579365773	1.6
285.88651418685913	1.6031576438081199	1.6
285.9002604484558	1.6031576438081199	1.6
285.91523790359497	1.6031576438081199	1.6
285.93039870262146	1.6043330549841	1.6
285.9435844421387	1.6043330549841	1.6
285.95731258392334	1.6043330549841	1.6
285.9721233844757	1.6052900790041413	1.6
285.98640513420105	1.6052900790041413	1.6
286.0023992061615	1.606386014319177	1.6
286.01605463027954	1.606386014319177	1.6
286.0295031070709	1.606386014319177	1.6
286.0455074310303	1.608104084854121	1.6
286.0590093135834	1.608104084854121	1.6
286.0725631713867	1.608104084854121	1.6
286.0879125595093	1.6100550259799973	1.6
286.10125517845154	1.6100550259799973	1.6
286.11601996421814	1.6100550259799973	1.6
286.1307888031006	1.6118521246232536	1.6
286.14565110206604	1.6118521246232536	1.6
286.15945315361023	1.6118521246232536	1.6
286.17649364471436	1.6139131630873405	1.6
286.18963527679443	1.6139131630873405	1.6
286.2065668106079	1.6167981182711622	1.6
286.2197799682617	1.6167981182711622	1.6
286.2328760623932	1.6167981182711622	1.6
286.24673533439636	1.6167981182711622	1.6
286.2611629962921	1.619337471761821	1.6
286.2761240005493	1.619337471761821	1.6
286.29117226600647	1.6219851401249	1.6
286.30591678619385	1.6219851401249	1.6
286.31996178627014	1.6219851401249	1.6
286.336629152298	1.62486532439535	1.6
286.3505959510803	1.62486532439535	1.6
286.365788936615	1.62486532439535	1.6
286.3804988861084	1.6278280446044338	1.6
286.3943943977356	1.6278280446044338	1.6
286.409645318985	1.6278280446044338	1.6
286.42445063591003	1.6304316741308962	1.6
286.43947672843933	1.6304316741308962	1.6
286.4551374912262	1.6322144427409573	1.6
286.4683630466461	1.6322144427409573	1.6
286.4818229675293	1.6322144427409573	1.6
286.49840331077576	1.6346571153082343	1.6
286.512056350708	1.6346571153082343	1.6
286.52879071235657	1.6362721853885625	1.6
286.54212403297424	1.6362721853885625	1.6
286.5559616088867	1.6362721853885625	1.6
286.5712924003601	1.6362721853885625	1.6
286.5857787132263	1.6381929922645742	1.6
286.6018297672272	1.6381929922645742	1.6
286.61648058891296	1.6391223299015638	1.6
286.6297662258148	1.6391223299015638	1.6
286.6440324783325	1.6391223299015638	1.6
286.6602256298065	1.6391525762328005	1.6
286.67365193367004	1.6391525762328005	1.6
286.6895430088043	1.6390102128592727	1.6
286.70351910591125	1.6390102128592727	1.6
286.71623277664185	1.6390102128592727	1.6
286.7322371006012	1.6386837786306774	1.6
286.7458727359772	1.6386837786306774	1.6
286.7605617046356	1.6386837786306774	1.6
286.7751352787018	1.6379804673878895	1.6
286.788138628006	1.6379804673878895	1.6
286.80114221572876	1.6379804673878895	1.6
286.81642746925354	1.637776970212748	1.6
286.8290252685547	1.637776970212748	1.6
286.8462407588959	1.6367985061391621	1.6
286.8602657318115	1.6367985061391621	1.6
286.87520003318787	1.6367985061391621	1.6
286.8888945579529	1.6367985061391621	1.6
286.90474939346313	1.6339400229675747	1.6
286.91811442375183	1.6339400229675747	1.6
286.93240666389465	1.6339400229675747	1.6
286.94843316078186	1.632152878118746	1.6
286.9619743824005	1.632152878118746	1.6
286.97925066947937	1.6295448267693107	1.6
286.9937045574188	1.6295448267693107	1.6
287.0075652599335	1.6295448267693107	1.6
287.0240511894226	1.6266596790829628	1.6
287.0380394458771	1.6266596790829628	1.6
287.05402421951294	1.6238171562329975	1.6
287.0681025981903	1.6238171562329975	1.6
287.08158588409424	1.6238171562329975	1.6
287.0965931415558	1.6238171562329975	1.6
287.1124212741852	1.6208845774265104	1.6
287.1284396648407	1.6208845774265104	1.6
287.14469385147095	1.6176705516697598	1.6
287.15923261642456	1.6176705516697598	1.6
287.1727602481842	1.6176705516697598	1.6
287.1877393722534	1.614838121057236	1.6
287.2014670372009	1.614838121057236	1.6
287.21735286712646	1.6112227134704724	1.6
287.23066544532776	1.6112227134704724	1.6
287.24474239349365	1.6112227134704724	1.6
287.25974130630493	1.6112227134704724	1.6
287.2730848789215	1.6081922661464731	1.6
287.2866337299347	1.6081922661464731	1.6
287.3016748428345	1.6065240711571414	1.6
287.31591725349426	1.6065240711571414	1.6
287.3291046619415	1.6065240711571414	1.6
287.3458378314972	1.6042782278402892	1.6
287.35924911499023	1.6042782278402892	1.6
287.3761737346649	1.601795551126029	1.6
287.3889274597168	1.601795551126029	1.6
287.4045054912567	1.601795551126029	1.6
287.4207122325897	1.599884729353389	1.6
287.43594431877136	1.599884729353389	1.6
287.4502749443054	1.599884729353389	1.6
287.46458768844604	1.5979644251768974	1.6
287.4780855178833	1.5979644251768974	1.6
287.4920766353607	1.5979644251768974	1.6
287.5083508491516	1.59600596035747	1.6
287.5214879512787	1.59600596035747	1.6
287.537633895874	1.5943251057446988	1.6
287.5514283180237	1.5943251057446988	1.6
287.5652401447296	1.5943251057446988	1.6
287.58124566078186	1.5933803646961053	1.6
287.5951952934265	1.5933803646961053	1.6
287.6107177734375	1.5933803646961053	1.6
287.625022649765	1.5929622974692148	1.6
287.638108253479	1.5929622974692148	1.6
287.6511301994324	1.5929622974692148	1.6
287.66618514060974	1.593314276180209	1.6
287.6795675754547	1.593314276180209	1.6
287.6923816204071	1.593314276180209	1.6
287.7076346874237	1.593314276180209	1.6
287.7217197418213	1.5936487946921614	1.6
287.7365257740021	1.5936487946921614	1.6
287.7513256072998	1.5945576423440224	1.6
287.7652151584625	1.5945576423440224	1.6
287.7781367301941	1.5945576423440224	1.6
287.79276609420776	1.5960003795734228	1.6
287.8063051700592	1.5960003795734228	1.6
287.82163548469543	1.597220175869719	1.6
287.8349633216858	1.597220175869719	1.6
287.8479242324829	1.597220175869719	1.6
287.86205768585205	1.597220175869719	1.6
287.8783497810364	1.5987680536105398	1.6
287.892107963562	1.5987680536105398	1.6
287.90730118751526	1.6002280627536958	1.6
287.92006945610046	1.6002280627536958	1.6
287.9335114955902	1.6002280627536958	1.6
287.948828458786	1.6017932710530567	1.6
287.96247386932373	1.6017932710530567	1.6
287.97714471817017	1.6017932710530567	1.6
287.99218344688416	1.6025569881638326	1.6
288.0062756538391	1.6025569881638326	1.6
288.01881432533264	1.6025569881638326	1.6
288.03401279449463	1.603367249169969	1.6
288.0477411746979	1.603367249169969	1.6
288.0629515647888	1.6034125891642343	1.6
288.07724261283875	1.6034125891642343	1.6
288.0902533531189	1.6034125891642343	1.6
288.1054093837738	1.6034125891642343	1.6
288.11884593963623	1.6032552035258454	1.6
288.1335201263428	1.6032552035258454	1.6
288.14904141426086	1.5999337099226503	1.6
288.1623463630676	1.5999337099226503	1.6
288.1764283180237	1.5999337099226503	1.6
288.19262886047363	1.5979331528934726	1.6
288.2070457935333	1.5979331528934726	1.6
288.2220788002014	1.6044669034136558	1.6
288.23527479171753	1.6044669034136558	1.6
288.24825143814087	1.6044669034136558	1.6
288.26185512542725	1.6044669034136558	1.6
288.27741527557373	nan	1.6
288.29047989845276	nan	1.6
288.30569767951965	nan	1.6
288.320187330246	nan	1.6
288.33390378952026	nan	1.6
288.34951543807983	nan	1.6
288.3629856109619	nan	1.6
288.37876892089844	nan	1.6
288.3918640613556	nan	1.6
288.40555453300476	nan	1.6
288.41835045814514	nan	1.6
288.4332823753357	nan	1.6
288.4463918209076	nan	1.6
288.4587564468384	nan	1.6
288.47333002090454	nan	1.6
288.48614597320557	nan	1.6
288.4985930919647	nan	1.6
288.5151455402374	nan	1.6
288.5277349948883	nan	1.6
288.54047107696533	nan	1.6
288.5558247566223	nan	1.6
288.56918144226074	nan	1.6
288.5833857059479	nan	1.6
288.59732961654663	nan	1.6
288.61015272140503	nan	1.6
288.62268686294556	nan	1.6
288.6384298801422	nan	1.6
288.65130281448364	nan	1.6
288.66539669036865	nan	1.6
288.67847204208374	nan	1.6
288.69088315963745	nan	1.6
288.70345163345337	nan	1.6
288.71874833106995	nan	1.6
288.7319486141205	nan	1.6
288.74773478507996	nan	1.6
288.76070976257324	nan	1.6
288.7736053466797	nan	1.6
288.78786277770996	nan	1.6
288.8023564815521	nan	1.6
288.8160183429718	nan	1.6
288.8313522338867	nan	1.6
288.8441662788391	nan	1.6
288.8576765060425	nan	1.6
288.8721966743469	nan	1.6
288.88720965385437	nan	1.6
288.90099930763245	nan	1.6
288.91585636138916	nan	1.6
288.9286587238312	nan	1.6
288.94114995002747	nan	1.6
288.95780658721924	nan	1.6
288.9713909626007	nan	1.6
288.98732686042786	nan	1.6
289.00129675865173	nan	1.6
289.01455187797546	nan	1.6
289.0281903743744	nan	1.6
289.04234623908997	nan	1.6
289.0559039115906	nan	1.6
289.0722303390503	nan	1.6
289.0856339931488	nan	1.6
289.09900426864624	nan	1.6
289.11502718925476	nan	1.6
289.1288502216339	nan	1.6
289.142183303833	nan	1.6
289.15612411499023	nan	1.6
289.1706209182739	nan	1.6
289.1847417354584	nan	1.6
289.20138669013977	nan	1.6
289.2153642177582	nan	1.6
289.2281959056854	nan	1.6
289.24455523490906	nan	1.6
289.259610414505	nan	1.6
289.27285742759705	nan	1.6
289.2883458137512	nan	1.6
289.30179238319397	nan	1.6
289.3162169456482	nan	1.6
289.3310806751251	nan	1.6
289.3438489437103	nan	1.6
289.35985374450684	nan	1.6
289.3733162879944	nan	1.6
289.3863639831543	nan	1.6
289.39979910850525	nan	1.6
289.41452860832214	nan	1.6
289.42792224884033	nan	1.6
289.44282817840576	nan	1.6
289.45629954338074	nan	1.6
289.46913599967957	nan	1.6
289.48391485214233	nan	1.6
289.4978358745575	nan	1.6
289.5137097835541	nan	1.6
289.527174949646	nan	1.6
289.5398418903351	nan	1.6
289.55277490615845	nan	1.6
289.5677707195282	nan	1.6
289.58144545555115	nan	1.6
289.5974283218384	nan	1.6
289.6106858253479	nan	1.6
289.6236083507538	nan	1.6
289.6374216079712	nan	1.6
289.6526701450348	nan	1.6
289.66598415374756	nan	1.6
289.6818871498108	nan	1.6
289.69470620155334	nan	1.6
289.70761942863464	nan	1.6
289.7221448421478	nan	1.6
289.7357966899872	nan	1.6
289.74941325187683	nan	1.6
289.7639510631561	nan	1.6
289.77731108665466	nan	1.6
289.79000997543335	nan	1.6
289.80626702308655	nan	1.6
289.819210767746	nan	1.6
289.8347432613373	nan	1.6
289.84830951690674	nan	1.6
289.86103534698486	nan	1.6
289.87488055229187	nan	1.6
289.8896064758301	nan	1.6
289.90270233154297	nan	1.6
289.9163088798523	nan	1.6
289.93187642097473	nan	1.6
289.9460346698761	nan	1.6
289.9600257873535	nan	1.6
289.97430753707886	nan	1.6
289.98692893981934	nan	1.6
290.00093030929565	nan	1.6
290.01654624938965	nan	1.6
290.0299644470215	nan	1.6
290.045179605484	nan	1.6
290.0583372116089	nan	1.6
290.07217741012573	nan	1.6
290.0866901874542	nan	1.6
290.10093665122986	nan	1.6
290.1136083602905	nan	1.6
290.12881731987	nan	1.6
290.1417820453644	nan	1.6
290.1549699306488	nan	1.6
290.1691279411316	nan	1.6
290.18265867233276	nan	1.6
290.1962366104126	nan	1.6
290.210649728775	nan	1.6
290.2236158847809	nan	1.6
290.23615622520447	nan	1.6
290.25256848335266	nan	1.6
290.2723410129547	nan	1.6
290.2908082008362	nan	1.6
290.3109037876129	nan	1.6
290.3305525779724	nan	1.6
290.35008907318115	nan	1.6
290.3699085712433	nan	1.6
290.38920378685	nan	1.6
290.40892028808594	nan	1.6
290.4249551296234	nan	1.6
290.44318652153015	nan	1.6
290.4605302810669	nan	1.6
290.4739189147949	nan	1.6
290.4868359565735	nan	1.6
290.5028555393219	nan	1.6
290.5166530609131	nan	1.6
290.5313868522644	nan	1.6
290.54472637176514	nan	1.6
290.55739641189575	nan	1.6
290.57268476486206	nan	1.6
290.5861871242523	nan	1.6
290.5991678237915	nan	1.6
290.6132507324219	nan	1.6
290.62712693214417	nan	1.6
290.63978004455566	nan	1.6
290.65612840652466	nan	1.6
290.6687014102936	nan	1.6
290.6819884777069	nan	1.6
290.69616746902466	nan	1.6
290.71122550964355	nan	1.6
290.7242839336395	nan	1.6
290.739985704422	nan	1.6
290.7541584968567	nan	1.6
290.7672002315521	nan	1.6
290.78309416770935	nan	1.6
290.79619812965393	nan	1.6
290.81079053878784	nan	1.6
290.8238174915314	nan	1.6
290.8365430831909	nan	1.6
290.849657535553	nan	1.6
290.86655473709106	nan	1.6
290.88004660606384	nan	1.6
290.8958466053009	nan	1.6
290.9086811542511	nan	1.6
290.92132902145386	nan	1.6
290.93470525741577	nan	1.6
290.9499452114105	1.5760446764702278	1.6
290.96341609954834	1.5760446764702278	1.6
290.9795820713043	1.5804002817809215	1.6
290.9924294948578	1.5804002817809215	1.6
291.0070858001709	1.5804002817809215	1.6
291.0225450992584	1.583594189087099	1.6
291.0362708568573	1.583594189087099	1.6
291.05021142959595	1.583594189087099	1.6
291.0652816295624	1.5865746521262236	1.6
291.0790982246399	1.5865746521262236	1.6
291.0931420326233	1.5865746521262236	1.6
291.10879945755005	1.5896553121164532	1.6
291.12190771102905	1.5896553121164532	1.6
291.13851380348206	1.5909983361268363	1.6
291.1515545845032	1.5909983361268363	1.6
291.1646902561188	1.5909983361268363	1.6
291.1797137260437	1.5909983361268363	1.6
291.19384765625	1.5926596620820033	1.6
291.20954418182373	1.5926596620820033	1.6
291.2231698036194	1.594076782322936	1.6
291.2365212440491	1.594076782322936	1.6
291.24981570243835	1.594076782322936	1.6
291.26574325561523	1.5951319984612646	1.6
291.278844833374	1.5951319984612646	1.6
291.293799161911	1.5951777171323944	1.6
291.307790517807	1.5951777171323944	1.6
291.32031178474426	1.5951777171323944	1.6
291.33580255508423	1.5951777171323944	1.6
291.35105895996094	1.5939607200481007	1.6
291.3649113178253	1.5939607200481007	1.6
291.3795931339264	1.5939829813705644	1.6
291.3924717903137	1.5939829813705644	1.6
291.4064087867737	1.5939829813705644	1.6
291.4224064350128	1.5936389713015835	1.6
291.43561577796936	1.5936389713015835	1.6
291.44835662841797	1.5936389713015835	1.6
291.4637384414673	1.5936389713015835	1.6
291.47888016700745	1.5943989619405392	1.6
291.49254059791565	1.5943989619405392	1.6
291.5080494880676	1.5949806849962167	1.6
291.52094411849976	1.5949806849962167	1.6
291.53524565696716	1.5949806849962167	1.6
291.55172061920166	1.5956346531496357	1.6
291.56582260131836	1.5956346531496357	1.6
291.5821797847748	1.595878459969761	1.6
291.59602451324463	1.595878459969761	1.6
291.60990810394287	1.595878459969761	1.6
291.62396574020386	1.595878459969761	1.6
291.63828134536743	1.5959952033082925	1.6
291.6521325111389	1.5959952033082925	1.6
291.6665313243866	1.596921789869454	1.6
291.6800262928009	1.596921789869454	1.6
291.69264125823975	1.596921789869454	1.6
291.7084240913391	1.596921789869454	1.6
291.7253301143646	1.598593757045428	1.6
291.74710059165955	1.5996460125612302	1.6
291.76746559143066	1.5996460125612302	1.6
291.786856174469	1.5996460125612302	1.6
291.8063259124756	1.5989662597614933	1.6
291.8280119895935	1.5991879577988166	1.6
291.8507435321808	1.5991879577988166	1.6
291.86985206604004	1.5986643048668987	1.6
291.88358783721924	1.5986643048668987	1.6
291.9032835960388	1.5980131675518863	1.6
291.91717004776	1.5980131675518863	1.6
291.93187856674194	1.5980131675518863	1.6
291.9479949474335	1.5980131675518863	1.6
291.9625725746155	1.5975620304605482	1.6
291.9792263507843	1.5975620304605482	1.6
291.99531722068787	1.5970017947120358	1.6
292.0111298561096	1.5970017947120358	1.6
292.02949500083923	1.5965716437793496	1.6
292.0441393852234	1.5965716437793496	1.6
292.0643539428711	1.5953298908801523	1.6
292.084520816803	1.5953298908801523	1.6
292.10598516464233	1.5953298908801523	1.6
292.1267137527466	1.5933819954057198	1.6
292.14965295791626	1.5926287499549339	1.6
292.1712398529053	1.5926287499549339	1.6
292.19559049606323	1.5933116206551794	1.6
292.2150275707245	1.5933116206551794	1.6
292.229731798172	1.5933116206551794	1.6
292.2480618953705	1.5936632764821295	1.6
292.2660131454468	1.5936632764821295	1.6
292.2880697250366	1.5936016915242814	1.6
292.31034326553345	1.5936016915242814	1.6
292.3324873447418	1.593447510277998	1.6
292.3546390533447	1.5938568837730684	1.6
292.37725949287415	1.5938568837730684	1.6
292.39985632896423	1.594285265248841	1.6
292.4187595844269	1.594285265248841	1.6
292.4373424053192	1.5938734514593078	1.6
292.4565703868866	1.5938734514593078	1.6
292.47607827186584	1.5938734514593078	1.6
292.49606347084045	1.5935448901976632	1.6
292.5154709815979	1.5936467164897057	1.6
292.53262424468994	1.5936467164897057	1.6
292.5493905544281	1.5936467164897057	1.6
292.5674183368683	1.5933340585922215	1.6
292.5841348171234	1.5933340585922215	1.6
292.600501537323	1.5921048659660695	1.6
292.6158027648926	1.5921048659660695	1.6
292.6317856311798	1.5921048659660695	1.6
292.6504592895508	1.5905967834603398	1.6
292.66996479034424	1.5895893797414178	1.6
292.6853404045105	1.5895893797414178	1.6
292.69968700408936	1.5895893797414178	1.6
292.71709990501404	1.5895893797414178	1.6
292.73218274116516	1.5891625399378788	1.6
292.7501308917999	1.5880045726201861	1.6
292.76434421539307	1.5880045726201861	1.6
292.7781982421875	1.5880045726201861	1.6
292.79353618621826	1.5880045726201861	1.6
292.81220054626465	1.586702860353884	1.6
292.83205938339233	1.5858857636801171	1.6
292.8513081073761	1.5858857636801171	1.6
292.8705370426178	1.5858857636801171	1.6
292.8906559944153	1.5840566801221656	1.6
292.91012740135193	1.5813325371112301	1.6
292.93107056617737	1.5813325371112301	1.6
292.95376110076904	1.5813325371112301	1.6
292.976505279541	1.5794639009431093	1.6
292.99188566207886	1.5794639009431093	1.6
293.0089626312256	1.5779501205962885	1.6
293.02278566360474	1.5779501205962885	1.6
293.04047107696533	1.5768750565535774	1.6
293.0548803806305	1.5768750565535774	1.6
293.0684597492218	1.5768750565535774	1.6
293.083993434906	1.5768750565535774	1.6
293.09807085990906	1.575808845513766	1.6
293.1133985519409	1.575808845513766	1.6
293.1291575431824	1.5752589732213136	1.6
293.14220571517944	1.5752589732213136	1.6
293.1556758880615	1.5752589732213136	1.6
293.1707694530487	1.574565989869077	1.6
293.1847107410431	1.574565989869077	1.6
293.20027446746826	1.5730860795288724	1.6
293.21438336372375	1.5730860795288724	1.6
293.2270755767822	1.5730860795288724	1.6
293.2422413825989	1.5730860795288724	1.6
293.2570917606354	1.572028560961669	1.6
293.2706184387207	1.572028560961669	1.6
293.2853956222534	1.5717639327395059	1.6
293.2988214492798	1.5717639327395059	1.6
293.311692237854	1.5717639327395059	1.6
293.3274507522583	1.5719938708986894	1.6
293.3405041694641	1.5719938708986894	1.6
293.3557596206665	1.5719938708986894	1.6
293.36914587020874	1.5717466210809412	1.6
293.3827545642853	1.5717466210809412	1.6
293.3981878757477	1.5717466210809412	1.6
293.41313767433167	1.5719770421335728	1.6
293.42624163627625	1.5719770421335728	1.6
293.4416444301605	1.5717129460618362	1.6
293.45651721954346	1.5717129460618362	1.6
293.4693388938904	1.5717129460618362	1.6
293.48582887649536	1.5712992479977763	1.6
293.4993770122528	1.5712992479977763	1.6
293.51745200157166	1.570006024819199	1.6
293.53165555000305	1.570006024819199	1.6
293.54498267173767	1.570006024819199	1.6
293.5597698688507	1.570006024819199	1.6
293.57450318336487	1.569066266620689	1.6
293.5884704589844	1.569066266620689	1.6
293.6035375595093	1.5690527953225237	1.6
293.6163499355316	1.5690527953225237	1.6
293.62950801849365	1.5690527953225237	1.6
293.6453320980072	1.569353148725054	1.6
293.6587631702423	1.569353148725054	1.6
293.6725330352783	1.569353148725054	1.6
293.68703985214233	1.569353148725054	1.6
293.70293068885803	1.5697736351421319	1.6
293.7167739868164	1.5697736351421319	1.6
293.7316827774048	1.56979832697607	1.6
293.7445068359375	1.56979832697607	1.6
293.75793504714966	1.56979832697607	1.6
293.7747333049774	1.5694421749887097	1.6
293.78800106048584	1.5694421749887097	1.6
293.804301738739	1.5694421749887097	1.6
293.8173334598541	1.5691108525276276	1.6
293.83072447776794	1.5691108525276276	1.6
293.8439426422119	1.5691108525276276	1.6
293.8598732948303	1.5682825285205202	1.6
293.8736906051636	1.5682825285205202	1.6
293.8885123729706	1.5680622639886717	1.6
293.90178894996643	1.5680622639886717	1.6
293.91522789001465	1.5680622639886717	1.6
293.93013620376587	1.5680622639886717	1.6
293.94514513015747	1.567406865570767	1.6
293.95982789993286	1.567406865570767	1.6
293.9737722873688	1.5663641546190843	1.6
293.9868383407593	1.5663641546190843	1.6
294.00054574012756	1.5663641546190843	1.6
294.01711988449097	1.5659784090455935	1.6
294.0312912464142	1.5659784090455935	1.6
294.04762840270996	1.56446155253844	1.6
294.0608284473419	1.56446155253844	1.6
294.075181722641	1.56446155253844	1.6
294.08897590637207	1.56446155253844	1.6
294.1046133041382	1.5629572410474617	1.6
294.1194303035736	1.5629572410474617	1.6
294.13437128067017	1.5618154694879949	1.6
294.1481063365936	1.5618154694879949	1.6
294.16131138801575	1.5618154694879949	1.6
294.177357673645	1.560547237994214	1.6
294.190514087677	1.560547237994214	1.6
294.206755399704	1.5593709752235605	1.6
294.2204933166504	1.5593709752235605	1.6
294.2342529296875	1.5593709752235605	1.6
294.24825048446655	1.5593709752235605	1.6
294.26171684265137	1.5589558745429026	1.6
294.27644205093384	1.5589558745429026	1.6
294.2911865711212	1.5578994186605493	1.6
294.3039197921753	1.5578994186605493	1.6
294.3173222541809	1.5578994186605493	1.6
294.33278489112854	1.5572302606293493	1.6
294.345566034317	1.5572302606293493	1.6
294.3585386276245	1.5572302606293493	1.6
294.37267088890076	1.557048678080735	1.6
294.38520073890686	1.557048678080735	1.6
294.3975830078125	1.557048678080735	1.6
294.4141561985016	1.5556960146105108	1.6
294.42721676826477	1.5556960146105108	1.6
294.44015669822693	1.5556960146105108	1.6
294.45583629608154	1.5556960146105108	1.6
294.47102189064026	1.5550778087637436	1.6
294.48444414138794	1.5550778087637436	1.6
294.4991614818573	1.5551371425629517	1.6
294.5122814178467	1.5551371425629517	1.6
294.5251522064209	1.5551371425629517	1.6
294.5407497882843	1.5541030078530205	1.6
294.5553982257843	1.5541030078530205	1.6
294.5696544647217	1.5541030078530205	1.6
294.5883526802063	1.5537219391551187	1.6
294.6022882461548	1.5537219391551187	1.6
294.61735367774963	1.5537219391551187	1.6
294.6324908733368	1.5538286609666219	1.6
294.6472339630127	1.5538286609666219	1.6
294.66179847717285	1.5538026516877248	1.6
294.6755065917969	1.5538026516877248	1.6
294.68868827819824	1.5538026516877248	1.6
294.7044892311096	1.5539232784000538	1.6
294.717969417572	1.5539232784000538	1.6
294.7340204715729	1.5533277300956372	1.6
294.7473156452179	1.5533277300956372	1.6
294.76036310195923	1.5533277300956372	1.6
294.77422547340393	1.5533277300956372	1.6
294.7885525226593	1.5526827638123364	1.6
294.80243253707886	1.5526827638123364	1.6
294.81787157058716	1.552567613994083	1.6
294.8312153816223	1.552567613994083	1.6
294.8453280925751	1.552567613994083	1.6
294.8611695766449	1.5526284368780956	1.6
294.87532687187195	1.5526284368780956	1.6
294.8905792236328	1.5526284368780956	1.6
294.9048945903778	1.5521397563856412	1.6
294.9179759025574	1.5521397563856412	1.6
294.9316437244415	1.5521397563856412	1.6
294.9469504356384	1.5530632738894463	1.6
294.96020555496216	1.5530632738894463	1.6
294.9767687320709	1.5538520017158641	1.6
294.9900698661804	1.5538520017158641	1.6
295.0092775821686	1.5538520017158641	1.6
295.0274395942688	1.5545410106557034	1.6
295.04954051971436	1.5545410106557034	1.6
295.07157707214355	1.5553694563078773	1.6
295.0936131477356	1.5553694563078773	1.6
295.1145431995392	1.5557850240399929	1.6
295.1359257698059	1.5575139664355544	1.6
295.15814113616943	1.5575139664355544	1.6
295.1828935146332	1.5598647903470386	1.6
295.203341960907	1.5598647903470386	1.6
295.2256395816803	1.5598647903470386	1.6
295.24339389801025	1.562997503065355	1.6
295.25876474380493	1.562997503065355	1.6
295.27306151390076	1.5659150025765962	1.6
295.28619623184204	1.5659150025765962	1.6
295.29932975769043	1.5659150025765962	1.6
295.31419348716736	1.5686677938767306	1.6
295.32782220840454	1.5686677938767306	1.6
295.34517788887024	1.5710106905143393	1.6
295.35818099975586	1.5710106905143393	1.6
295.3713285923004	1.5710106905143393	1.6
295.38690972328186	1.5710106905143393	1.6
295.4011199474335	1.5731875149215686	1.6
295.4146900177002	1.5731875149215686	1.6
295.4319212436676	1.574670725439114	1.6
295.4455509185791	1.574670725439114	1.6
295.4604618549347	1.574670725439114	1.6
295.4753279685974	1.576279174630216	1.6
295.4880166053772	1.576279174630216	1.6
295.50491547584534	1.5786640159000573	1.6
295.517715215683	1.5786640159000573	1.6
295.5311939716339	1.5786640159000573	1.6
295.5473036766052	1.5786640159000573	1.6
295.5611834526062	1.5801994469288658	1.6
295.57560563087463	1.5801994469288658	1.6
295.5907361507416	1.5814875275040585	1.6
295.6037747859955	1.5814875275040585	1.6
295.61696791648865	1.5814875275040585	1.6
295.6334249973297	1.5832268837512595	1.6
295.6466407775879	1.5832268837512595	1.6
295.66191935539246	1.5846180189107477	1.6
295.6753513813019	1.5846180189107477	1.6
295.68829441070557	1.5846180189107477	1.6
295.70123839378357	1.5846180189107477	1.6
295.71579027175903	1.586790653779169	1.6
295.72869539260864	1.586790653779169	1.6
295.74403643608093	1.5892150776162013	1.6
295.7567403316498	1.5892150776162013	1.6
295.76910734176636	1.5892150776162013	1.6
295.7835285663605	1.5892150776162013	1.6
295.7986328601837	1.5919727418750576	1.6
295.81219124794006	1.5919727418750576	1.6
295.82717299461365	1.5944150077300596	1.6
295.8398206233978	1.5944150077300596	1.6
295.8523781299591	1.5944150077300596	1.6
295.8689978122711	1.5970731617998273	1.6
295.8824167251587	1.5970731617998273	1.6
295.8978395462036	1.5970731617998273	1.6
295.9118137359619	1.5994820094188749	1.6
295.9249937534332	1.5994820094188749	1.6
295.9378070831299	1.5994820094188749	1.6
295.9534842967987	1.6019438932996999	1.6
295.966513633728	1.6019438932996999	1.6
295.9797968864441	1.6019438932996999	1.6
295.99552631378174	1.6019438932996999	1.6
296.00965332984924	1.6045744245496998	1.6
296.025776386261	1.6045744245496998	1.6
296.0399806499481	1.606527012173696	1.6
296.05374693870544	1.606527012173696	1.6
296.0680832862854	1.606527012173696	1.6
296.08247590065	1.6090120541538684	1.6
296.0962505340576	1.6090120541538684	1.6
296.11172795295715	1.6108831181829202	1.6
296.12583017349243	1.6108831181829202	1.6
296.1395471096039	1.6108831181829202	1.6
296.15595173835754	1.6108831181829202	1.6
296.16965985298157	1.6127645392502632	1.6
296.1838319301605	1.6127645392502632	1.6
296.19927072525024	1.6144606809376079	1.6
296.21230149269104	1.6144606809376079	1.6
296.22618651390076	1.6144606809376079	1.6
296.2415654659271	1.6170233251436605	1.6
296.25423407554626	1.6170233251436605	1.6
296.2700288295746	1.6190956478513967	1.6
296.2832992076874	1.6190956478513967	1.6
296.29627656936646	1.6190956478513967	1.6
296.31004643440247	1.6190956478513967	1.6
296.325400352478	1.6214742926335652	1.6
296.3387680053711	1.6214742926335652	1.6
296.3541829586029	1.6227005978283704	1.6
296.36739134788513	1.6227005978283704	1.6
296.38123416900635	1.6227005978283704	1.6
296.3975212574005	1.623787092081244	1.6
296.4117376804352	1.623787092081244	1.6
296.4293940067291	1.623842280847604	1.6
296.4439928531647	1.623842280847604	1.6
296.4576663970947	1.623842280847604	1.6
296.4712896347046	1.623842280847604	1.6
296.48704981803894	1.6236948112106617	1.6
296.50138330459595	1.6236948112106617	1.6
296.516051530838	1.6233051802050258	1.6
296.5289168357849	1.6233051802050258	1.6
296.54183769226074	1.6233051802050258	1.6
296.55907583236694	1.6229640956761446	1.6
296.5724687576294	1.6229640956761446	1.6
296.5885877609253	1.6229640956761446	1.6
296.60418367385864	1.6223051318624937	1.6
296.6190001964569	1.6223051318624937	1.6
296.63765001296997	1.6209665321752127	1.6
296.6527290344238	1.6209665321752127	1.6
296.66986417770386	1.6191914693648368	1.6
296.68513560295105	1.6191914693648368	1.6
296.69935393333435	1.6191914693648368	1.6
296.7156238555908	1.6191914693648368	1.6
296.7294933795929	1.6166951735644477	1.6
296.74244141578674	1.6166951735644477	1.6
296.7568678855896	1.6166951735644477	1.6
296.7713785171509	1.6152628972486582	1.6
296.78550362586975	1.6152628972486582	1.6
296.8019859790802	1.6137916295818875	1.6
296.81685066223145	1.6137916295818875	1.6
296.8303611278534	1.6137916295818875	1.6
296.8466868400574	1.612604360580694	1.6
296.86066937446594	1.612604360580694	1.6
296.87607073783875	1.612604360580694	1.6
296.890079498291	1.6115006205442008	1.6
296.90299677848816	1.6115006205442008	1.6
296.91624307632446	1.6115006205442008	1.6
296.93099784851074	1.6105155568389666	1.6
296.9444968700409	1.6105155568389666	1.6
296.9621353149414	1.6096793109378253	1.6
296.97549390792847	1.6096793109378253	1.6
296.98815536499023	1.6096793109378253	1.6
297.00390434265137	1.6096793109378253	1.6
297.01773381233215	1.6089561841772617	1.6
297.0354743003845	1.6089561841772617	1.6
297.0493667125702	1.6083105347540507	1.6
297.06327772140503	1.6083105347540507	1.6
297.0765435695648	1.6083105347540507	1.6
297.09214901924133	1.6084031695196113	1.6
297.10632586479187	1.6084031695196113	1.6
297.12183809280396	1.608666792776346	1.6
297.1363022327423	1.608666792776346	1.6
297.1494879722595	1.608666792776346	1.6
297.16630268096924	1.609856697297264	1.6
297.17930841445923	1.609856697297264	1.6
297.1940824985504	1.609856697297264	1.6
297.2079610824585	1.6107973366329489	1.6
297.2212190628052	1.6107973366329489	1.6
297.2356324195862	1.6107973366329489	1.6
297.25165939331055	1.61118082883691	1.6
297.265647649765	1.61118082883691	1.6
297.2813198566437	1.6123599781609623	1.6
297.2940938472748	1.6123599781609623	1.6
297.3083848953247	1.6123599781609623	1.6
297.3231134414673	1.6123599781609623	1.6
297.33722019195557	1.6127414345006756	1.6
297.3511264324188	1.6127414345006756	1.6
297.3665726184845	1.6133999503293535	1.6
297.37937903404236	1.6133999503293535	1.6
297.3922960758209	1.6133999503293535	1.6
297.4084515571594	1.6140276963814233	1.6
297.4220862388611	1.6140276963814233	1.6
297.43872570991516	1.6152750978059605	1.6
297.4538097381592	1.6152750978059605	1.6
297.46796107292175	1.6152750978059605	1.6
297.48379945755005	1.6150734647550606	1.6
297.4982087612152	1.6150734647550606	1.6
297.51147413253784	1.6150734647550606	1.6
297.52441120147705	1.6150734647550606	1.6
297.5389528274536	1.6156427634385324	1.6
297.5517954826355	1.6156427634385324	1.6
297.5683751106262	1.6147428966889301	1.6
297.5810399055481	1.6147428966889301	1.6
297.59349942207336	1.6147428966889301	1.6
297.6077494621277	1.6147428966889301	1.6
297.62130188941956	1.6137815615982416	1.6
297.6344139575958	1.6137815615982416	1.6
297.6486315727234	1.6135514620604376	1.6
297.66119408607483	1.6135514620604376	1.6
297.6738631725311	1.6135514620604376	1.6
297.6876368522644	1.6135514620604376	1.6
297.70206093788147	1.6125291288038448	1.6
297.71564745903015	1.6125291288038448	1.6
297.72980308532715	1.6117446013407726	1.6
297.74279379844666	1.6117446013407726	1.6
297.75671768188477	1.6117446013407726	1.6
297.770583152771	1.6117446013407726	1.6
297.78408551216125	1.6105391645591638	1.6
297.7975673675537	1.6105391645591638	1.6
297.81290078163147	1.6087497207663972	1.6
297.82673168182373	1.6087497207663972	1.6
297.8398370742798	1.6087497207663972	1.6
297.85682487487793	1.6063138010339557	1.6
297.8702850341797	1.6063138010339557	1.6
297.8870747089386	1.604362243017252	1.6
297.9007604122162	1.604362243017252	1.6
297.9155921936035	1.604362243017252	1.6
297.93035912513733	1.604362243017252	1.6
297.9443528652191	1.6012910332063768	1.6
297.9582724571228	1.6012910332063768	1.6
297.9726736545563	1.5979004605726037	1.6
297.9868812561035	1.5979004605726037	1.6
297.99952578544617	1.5979004605726037	1.6
298.01592779159546	1.5954500108225855	1.6
298.0298171043396	1.5954500108225855	1.6
298.04740142822266	1.592108696974162	1.6
298.0612325668335	1.592108696974162	1.6
298.07404041290283	1.592108696974162	1.6
298.0885670185089	1.592108696974162	1.6
298.1042573451996	1.5892042662125143	1.6
298.11733078956604	1.5892042662125143	1.6
298.13271832466125	1.5866474329567155	1.6
298.145977973938	1.5866474329567155	1.6
298.15841031074524	1.5866474329567155	1.6
298.1739227771759	1.583719983820321	1.6
298.1869332790375	1.583719983820321	1.6
298.1997992992401	1.583719983820321	1.6
298.2139003276825	1.583719983820321	1.6
298.22961950302124	1.5808922815845572	1.6
298.24264311790466	1.5808922815845572	1.6
298.258248090744	1.5786019716082134	1.6
298.27112007141113	1.5786019716082134	1.6
298.28452706336975	1.5786019716082134	1.6
298.3008041381836	1.5762793189388216	1.6
298.31431674957275	1.5762793189388216	1.6
298.33090114593506	1.5762793189388216	1.6
298.3447847366333	1.5746414143494496	1.6
298.35846519470215	1.5746414143494496	1.6
298.37179470062256	1.5746414143494496	1.6
298.3877487182617	1.5733360116633905	1.6
298.40087389945984	1.5733360116633905	1.6
298.4164185523987	1.571338413140449	1.6
298.4295790195465	1.571338413140449	1.6
298.4427013397217	1.571338413140449	1.6
298.4586515426636	1.571338413140449	1.6
298.47215580940247	1.570264677840469	1.6
298.48607182502747	1.570264677840469	1.6
298.50134682655334	1.5691116817244972	1.6
298.51476216316223	1.5691116817244972	1.6
298.52817392349243	1.5691116817244972	1.6
298.5434172153473	1.5682060210437148	1.6
298.5580253601074	1.5682060210437148	1.6
298.57288098335266	1.5682060210437148	1.6
298.5860481262207	1.5673552547878051	1.6
298.6001310348511	1.5673552547878051	1.6
298.6152365207672	1.5673552547878051	1.6
298.6315598487854	1.567279102115037	1.6
298.64540433883667	1.567279102115037	1.6
298.6598107814789	1.5671010467067654	1.6
298.6731915473938	1.5671010467067654	1.6
298.68631172180176	1.5671010467067654	1.6
298.7018265724182	1.5681328985586174	1.6
298.7159209251404	1.5681328985586174	1.6
298.73224544525146	1.5681328985586174	1.6
298.74608540534973	1.5690705681630042	1.6
298.75955080986023	1.5690705681630042	1.6
298.77293372154236	1.5690705681630042	1.6
298.7886004447937	1.5706397582177873	1.6
298.80148577690125	1.5706397582177873	1.6
298.81777691841125	1.5726279090907327	1.6
298.83126735687256	1.5726279090907327	1.6
298.84400367736816	1.5726279090907327	1.6
298.8594708442688	1.5741207568919844	1.6
298.8728108406067	1.5741207568919844	1.6
298.88812732696533	1.5741207568919844	1.6
298.90337228775024	1.5753962436662885	1.6
298.9170546531677	1.5753962436662885	1.6
298.93027782440186	1.5753962436662885	1.6
298.9454929828644	1.5770476749325701	1.6
298.95854473114014	1.5770476749325701	1.6
298.97124433517456	1.5770476749325701	1.6
298.98893213272095	1.5791951105676936	1.6
299.002539396286	1.5791951105676936	1.6
299.0177972316742	1.5791951105676936	1.6
299.0322823524475	1.5811779086629318	1.6
299.0451064109802	1.5811779086629318	1.6
299.0577178001404	1.5811779086629318	1.6
299.0732114315033	1.5831895390977142	1.6
299.0871777534485	1.5831895390977142	1.6
299.102840423584	1.585407647395886	1.6
299.1162631511688	1.585407647395886	1.6
299.12892270088196	1.585407647395886	1.6
299.14160084724426	1.585407647395886	1.6
299.15638542175293	1.5876090111071581	1.6
299.1692249774933	1.5876090111071581	1.6
299.1848871707916	1.5898241767077268	1.6
299.1979250907898	1.5898241767077268	1.6
299.2103478908539	1.5898241767077268	1.6
299.2260355949402	1.5898241767077268	1.6
299.24042081832886	1.5917380745266416	1.6
299.25328612327576	1.5917380745266416	1.6
299.2682316303253	1.5940957089916084	1.6
299.28120040893555	1.5940957089916084	1.6
299.29451966285706	1.5940957089916084	1.6
299.30952525138855	1.5971841996135967	1.6
299.3225769996643	1.5971841996135967	1.6
299.3376114368439	1.5971841996135967	1.6
299.35105633735657	1.5987753462612047	1.6
299.3642544746399	1.5987753462612047	1.6
299.37713384628296	1.5987753462612047	1.6
299.3914771080017	1.6001655989757047	1.6
299.40401458740234	1.6001655989757047	1.6
299.42453026771545	1.6001655989757047	1.6
299.44511675834656	1.6013009326362364	1.6
299.46337509155273	1.6013009326362364	1.6
299.4816710948944	1.6020195612647066	1.6
299.50307536125183	1.6020195612647066	1.6
299.5269513130188	1.601477258295024	1.6
299.5511119365692	1.60219132642864	1.6
299.57179617881775	1.60219132642864	1.6
299.59042096138	1.601704833689086	1.6
299.60730504989624	1.601704833689086	1.6
299.6239137649536	1.601704833689086	1.6
299.64717078208923	1.60054339067438	1.6
299.66765308380127	1.5999747801821584	1.6
299.68685126304626	1.5999747801821584	1.6
299.7018687725067	1.5999747801821584	1.6
299.7172236442566	1.5981110432256556	1.6
299.73036336898804	1.5981110432256556	1.6
299.7440514564514	1.5981110432256556	1.6
299.7606728076935	1.5974210454713327	1.6
299.7735421657562	1.5974210454713327	1.6
299.788667678833	1.5974210454713327	1.6
299.8027744293213	1.5962853676985933	1.6
299.8160836696625	1.5962853676985933	1.6
299.8295302391052	1.5962853676985933	1.6
299.84455847740173	1.594194110401698	1.6
299.8578724861145	1.594194110401698	1.6
299.8729577064514	1.5928915843469411	1.6
299.88656663894653	1.5928915843469411	1.6
299.89994978904724	1.5928915843469411	1.6
299.9167048931122	1.591707605346246	1.6
299.9302990436554	1.591707605346246	1.6
299.944433927536	1.591707605346246	1.6
299.95931696891785	1.589418596394839	1.6
299.9724500179291	1.589418596394839	1.6
299.98623991012573	1.589418596394839	1.6
300.0027987957001	1.5880754948210933	1.6
300.01692724227905	1.5880754948210933	1.6
300.0331280231476	1.5870477641276988	1.6
300.046870470047	1.5870477641276988	1.6
300.0604922771454	1.5870477641276988	1.6
300.07696890830994	1.5857667889661884	1.6
300.090190410614	1.5857667889661884	1.6
300.1050534248352	1.5857667889661884	1.6
300.1182749271393	1.5843983725709525	1.6
300.13164019584656	1.5843983725709525	1.6
300.1450753211975	1.5843983725709525	1.6
300.1608691215515	1.5832886708717235	1.6
300.1767520904541	1.5832886708717235	1.6
300.197425365448	1.582335563610305	1.6
300.21489357948303	1.582335563610305	1.6
300.2300138473511	1.582335563610305	1.6
300.24524664878845	1.5829788677228591	1.6
300.26151394844055	1.5829788677228591	1.6
300.2806420326233	1.5835159919420998	1.6
300.29468727111816	1.5835159919420998	1.6
300.3085398674011	1.5835159919420998	1.6
300.3234279155731	1.5840468045031946	1.6
300.3364644050598	1.5840468045031946	1.6
300.35157346725464	1.583864097825929	1.6
300.3649945259094	1.583864097825929	1.6
300.3783178329468	1.583864097825929	1.6
300.39232444763184	1.583864097825929	1.6
300.4081652164459	1.5845097224793316	1.6
300.42145347595215	1.5845097224793316	1.6
300.4369854927063	1.5844720506517183	1.6
300.45042634010315	1.5844720506517183	1.6
300.46402049064636	1.5844720506517183	1.6
300.48313546180725	1.5839317409349039	1.6
300.49927258491516	1.5839317409349039	1.6
300.5190362930298	1.5839317409349039	1.6
300.5357949733734	1.583777996769056	1.6
300.5531795024872	1.583777996769056	1.6
300.56747937202454	1.583947629562525	1.6
300.5839738845825	1.583947629562525	1.6
300.5992257595062	1.583947629562525	1.6
300.61380410194397	1.5838935101194282	1.6
300.6279077529907	1.5838935101194282	1.6
300.6420679092407	1.5837131992728675	1.6
300.65628385543823	1.5837131992728675	1.6
300.6688449382782	1.5837131992728675	1.6
300.684529542923	1.5837131992728675	1.6
300.698548078537	1.583496683014109	1.6
300.7142355442047	1.583496683014109	1.6
300.72901248931885	1.5833911527110789	1.6
300.7422218322754	1.5833911527110789	1.6
300.7575430870056	1.5833911527110789	1.6
300.7723824977875	1.583878212329521	1.6
300.785964012146	1.583878212329521	1.6
300.8013687133789	1.5834989225513145	1.6
300.8153302669525	1.5834989225513145	1.6
300.828280210495	1.5834989225513145	1.6
300.84461307525635	1.5837408524722079	1.6
300.857479095459	1.5837408524722079	1.6
300.8703820705414	1.5837408524722079	1.6
300.88401556015015	1.5844760342193482	1.6
300.89673686027527	1.5844760342193482	1.6
300.90908312797546	1.5844760342193482	1.6
300.9263987541199	1.5853509977609277	1.6
300.9388997554779	1.5853509977609277	1.6
300.95399379730225	1.5853509977609277	1.6
300.9678614139557	1.5855104109538656	1.6
300.9805624485016	1.5855104109538656	1.6
300.99307322502136	1.5855104109538656	1.6
301.00949597358704	1.5861321028934523	1.6
301.02217650413513	1.5861321028934523	1.6
301.0377266407013	1.5865535216509195	1.6
301.051150560379	1.5865535216509195	1.6
301.06386256217957	1.5865535216509195	1.6
301.0772476196289	1.5865535216509195	1.6
301.09218406677246	1.5864682462802067	1.6
301.10513973236084	1.5864682462802067	1.6
301.1201045513153	1.5870151793235785	1.6
301.13348293304443	1.5870151793235785	1.6
301.14666867256165	1.5870151793235785	1.6
301.1627469062805	1.5872851960730576	1.6
301.1756281852722	1.5872851960730576	1.6
301.18900990486145	1.5872851960730576	1.6
301.20461869239807	1.588188724714881	1.6
301.21745109558105	1.588188724714881	1.6
301.23051381111145	1.588188724714881	1.6
301.24743485450745	1.589152514327515	1.6
301.2606565952301	1.589152514327515	1.6
301.2743856906891	1.589152514327515	1.6
301.2901303768158	1.589152514327515	1.6
301.30404591560364	1.590261630901177	1.6
301.3180696964264	1.590261630901177	1.6
301.33211874961853	1.5913750888893428	1.6
301.3454875946045	1.5913750888893428	1.6
301.3584027290344	1.5913750888893428	1.6
301.3740403652191	1.5924415693909435	1.6
301.38693618774414	1.5924415693909435	1.6
301.4032452106476	1.5924415693909435	1.6
301.4191267490387	1.593466773448252	1.6
301.432874917984	1.593466773448252	1.6
301.4486770629883	1.593466773448252	1.6
301.46410036087036	1.5933151265344518	1.6
301.4793281555176	1.5933151265344518	1.6
301.4941177368164	1.5925755513644797	1.6
301.50753831863403	1.5925755513644797	1.6
301.5207486152649	1.5925755513644797	1.6
301.5381324291229	1.5909903657602884	1.6
301.5516531467438	1.5909903657602884	1.6
301.56763219833374	1.589540306024384	1.6
301.58119535446167	1.589540306024384	1.6
301.5937554836273	1.589540306024384	1.6
301.60787057876587	1.589540306024384	1.6
301.62291049957275	1.587687468599102	1.6
301.63647174835205	1.587687468599102	1.6
301.6516156196594	1.5859335321859769	1.6
301.66496205329895	1.5859335321859769	1.6
301.6780409812927	1.5859335321859769	1.6
301.6949336528778	1.582765168113402	1.6
301.7083797454834	1.582765168113402	1.6
301.7244305610657	1.5797856895006857	1.6
301.7373707294464	1.5797856895006857	1.6
301.7505362033844	1.5797856895006857	1.6
301.76460099220276	1.5797856895006857	1.6
301.77997374534607	1.576807799700176	1.6
301.79337763786316	1.576807799700176	1.6
301.80870294570923	1.5740040229205756	1.6
301.82206201553345	1.5740040229205756	1.6
301.8357467651367	1.5740040229205756	1.6
301.85048937797546	1.5740040229205756	1.6
301.8645303249359	1.571694035366693	1.6
301.8797781467438	1.571694035366693	1.6
301.89619278907776	1.570183154525	1.6
301.90984892845154	1.570183154525	1.6
301.9262418746948	1.570183154525	1.6
301.94328570365906	1.5690601309940866	1.6
301.95867562294006	1.5690601309940866	1.6
301.97331643104553	1.5683202591992145	1.6
301.98733472824097	1.5683202591992145	1.6
302.00061535835266	1.5683202591992145	1.6
302.01598358154297	1.567767180180141	1.6
302.0295865535736	1.567767180180141	1.6
302.04211354255676	1.567767180180141	1.6
302.0587728023529	1.567767180180141	1.6
302.07189321517944	1.5674699750817165	1.6
302.08662605285645	1.5674699750817165	1.6
302.1018159389496	1.5681788543553723	1.6
302.1154611110687	1.5681788543553723	1.6
302.1286108493805	1.5681788543553723	1.6
302.1455178260803	1.5687782054955615	1.6
302.1599009037018	1.5687782054955615	1.6
302.17601323127747	1.569959482259518	1.6
302.1886394023895	1.569959482259518	1.6
302.2018096446991	1.569959482259518	1.6
302.2173933982849	1.569959482259518	1.6
302.23118138313293	1.5710885339078695	1.6
302.24592089653015	1.5710885339078695	1.6
302.2602481842041	1.5737845621653264	1.6
302.27313780784607	1.5737845621653264	1.6
302.2861385345459	1.5737845621653264	1.6
302.30226850509644	1.5762337471892334	1.6
302.31551361083984	1.5762337471892334	1.6
302.33089661598206	1.5762337471892334	1.6
302.3438084125519	1.578882424588563	1.6
302.3570976257324	1.578882424588563	1.6
302.37024998664856	1.578882424588563	1.6
302.38650608062744	1.5812973265888313	1.6
302.4001245498657	1.5812973265888313	1.6
302.4155397415161	1.5835677027956028	1.6
302.42882776260376	1.5835677027956028	1.6
302.44223141670227	1.5835677027956028	1.6
302.4582600593567	1.5835677027956028	1.6
302.4719624519348	1.586354412032312	1.6
302.4863862991333	1.586354412032312	1.6
302.50189876556396	1.5892129422505943	1.6
302.5147819519043	1.5892129422505943	1.6
302.52703070640564	1.5892129422505943	1.6
302.5421669483185	1.5921803886420407	1.6
302.55580615997314	1.5921803886420407	1.6
302.57381677627563	1.5945306804157942	1.6
302.5868065357208	1.5945306804157942	1.6
302.5995831489563	1.5945306804157942	1.6
302.61256170272827	1.5945306804157942	1.6
302.62674832344055	1.5976167111850246	1.6
302.6398391723633	1.5976167111850246	1.6
302.65617966651917	1.5993938987355065	1.6
302.6687686443329	1.5993938987355065	1.6
302.681272983551	1.5993938987355065	1.6
302.69646549224854	1.5993938987355065	1.6
302.70964074134827	1.6015758883598505	1.6
302.72229170799255	1.6015758883598505	1.6
302.7354202270508	1.6015758883598505	1.6
302.7513384819031	1.6038031284663954	1.6
302.76414799690247	1.6038031284663954	1.6
302.77864027023315	1.6038031284663954	1.6
302.7916123867035	1.6058329735208736	1.6
302.8045246601105	1.6058329735208736	1.6
302.81679797172546	1.6058329735208736	1.6
302.83163046836853	1.6081906330667242	1.6
302.84737753868103	1.6081906330667242	1.6
302.8630065917969	1.6093408237301148	1.6
302.87616634368896	1.6093408237301148	1.6
302.8891088962555	1.6093408237301148	1.6
302.90508484840393	1.6093408237301148	1.6
302.9187340736389	1.6101882136691867	1.6
302.9327902793884	1.6101882136691867	1.6
302.9489514827728	1.6105463431833162	1.6
302.96235489845276	1.6105463431833162	1.6
302.9765088558197	1.6105463431833162	1.6
302.9962821006775	1.6110112363187643	1.6
303.0102422237396	1.6110112363187643	1.6
303.0250651836395	1.6106465766329001	1.6
303.0382590293884	1.6106465766329001	1.6
303.0535743236542	1.6106465766329001	1.6
303.0688898563385	1.6106465766329001	1.6
303.08328318595886	1.610342555061576	1.6
303.09878063201904	1.610342555061576	1.6
303.1122691631317	1.6096899995476819	1.6
303.12561440467834	1.6096899995476819	1.6
303.1397137641907	1.6096899995476819	1.6
303.155446767807	1.609003201361741	1.6
303.1680226325989	1.609003201361741	1.6
303.1839632987976	1.6076476676924785	1.6
303.1971459388733	1.6076476676924785	1.6
303.2107014656067	1.6076476676924785	1.6
303.2244989871979	1.6076476676924785	1.6
303.23963689804077	1.605676292256705	1.6
303.2535696029663	1.605676292256705	1.6
303.2682263851166	1.6039101645484848	1.6
303.281320810318	1.6039101645484848	1.6
303.29488348960876	1.6039101645484848	1.6
303.3102240562439	1.601498260644581	1.6
303.3230619430542	1.601498260644581	1.6
303.3384976387024	1.601498260644581	1.6
303.35328483581543	1.5992804256261666	1.6
303.36642384529114	1.5992804256261666	1.6
303.38022470474243	1.5992804256261666	1.6
303.39497232437134	1.5968852351368192	1.6
303.40822291374207	1.5968852351368192	1.6
303.4236829280853	1.5944961650929534	1.6
303.43686032295227	1.5944961650929534	1.6
303.4492630958557	1.5944961650929534	1.6
303.4665241241455	1.5944961650929534	1.6
303.48091292381287	1.592817264355943	1.6
303.4951367378235	1.592817264355943	1.6
303.50881481170654	1.592817264355943	1.6
303.52791357040405	1.5911446190117107	1.6
303.5450313091278	1.5911446190117107	1.6
303.56059408187866	1.5893601734435427	1.6
303.57440996170044	1.5893601734435427	1.6
303.588880777359	1.5893601734435427	1.6
303.6038203239441	1.5882971718033023	1.6
303.6182379722595	1.5882971718033023	1.6
303.6340882778168	1.5877467187709078	1.6
303.6469202041626	1.5877467187709078	1.6
303.6600558757782	1.5877467187709078	1.6
303.6768400669098	1.5878206570547984	1.6
303.6900255680084	1.5878206570547984	1.6
303.70392775535583	1.5878206570547984	1.6
303.71871757507324	1.5889223389321154	1.6
303.73371148109436	1.5889223389321154	1.6
303.75431728363037	1.5889223389321154	1.6
303.76799511909485	1.5900608023977043	1.6
303.7817282676697	1.5900608023977043	1.6
303.80569291114807	1.5920858199005217	1.6
303.8295578956604	1.5920858199005217	1.6
303.85366344451904	1.593974595222957	1.6
303.87780380249023	1.595181403413204	1.6
303.9012315273285	1.595181403413204	1.6
303.9226517677307	1.5956633829726035	1.6
303.9501552581787	1.5956633829726035	1.6
303.9730501174927	1.5965165891996311	1.6
303.9911391735077	1.5965165891996311	1.6
304.00729870796204	1.5982198323906687	1.6
304.02259850502014	1.5982198323906687	1.6
304.0439155101776	1.5994191690173447	1.6
304.06441378593445	1.5994191690173447	1.6
304.0857672691345	1.600271035714401	1.6
304.1094753742218	1.6009736425205046	1.6
304.1316158771515	1.6009736425205046	1.6
304.1561334133148	1.6009736425205046	1.6
304.1804881095886	1.602389318740012	1.6
304.2034704685211	1.6035166907297245	1.6
304.22384810447693	1.6035166907297245	1.6
304.24314188957214	1.604670695416349	1.6
304.25933742523193	1.604670695416349	1.6
304.2758390903473	1.604670695416349	1.6
304.29352045059204	1.6059071577129438	1.6
304.3105540275574	1.6059071577129438	1.6
304.326358795166	1.6080729471345325	1.6
304.33964371681213	1.6080729471345325	1.6
304.35193157196045	1.6080729471345325	1.6
304.36776995658875	1.609660003395464	1.6
304.3807907104492	1.609660003395464	1.6
304.39579343795776	1.611345644613029	1.6
304.4086492061615	1.611345644613029	1.6
304.4214434623718	1.611345644613029	1.6
304.43637466430664	1.611345644613029	1.6
304.45217633247375	1.6128165351735724	1.6
304.4700074195862	1.6128165351735724	1.6
304.4877486228943	1.6148286531685911	1.6
304.50572061538696	1.6148286531685911	1.6
304.5245928764343	1.6148286531685911	1.6
304.541410446167	1.6167670328678394	1.6
304.55785059928894	1.6174298245402265	1.6
304.571213722229	1.6174298245402265	1.6
304.58587861061096	1.6174298245402265	1.6
304.6016426086426	1.6174298245402265	1.6
304.61672282218933	1.617922773449956	1.6
304.633278131485	1.617922773449956	1.6
304.64712405204773	1.6186318819007848	1.6
304.65983057022095	1.6186318819007848	1.6
304.67252135276794	1.6186318819007848	1.6
304.68956327438354	1.6198136351777208	1.6
304.70262122154236	1.6198136351777208	1.6
304.7190246582031	1.6201817638704115	1.6
304.7322793006897	1.6201817638704115	1.6
304.74970412254333	1.6201817638704115	1.6
304.772310256958	1.6207358627881465	1.6
304.79046726226807	1.6207358627881465	1.6
304.8065872192383	1.6202965707633137	1.6
304.8192985057831	1.6202965707633137	1.6
304.8329780101776	1.6202965707633137	1.6
304.84816551208496	1.620268726268452	1.6
304.8611116409302	1.620268726268452	1.6
304.8782742023468	1.619379705825881	1.6
304.8915135860443	1.619379705825881	1.6
304.904422044754	1.619379705825881	1.6
304.9195342063904	1.619379705825881	1.6
304.9343886375427	1.6182608758521737	1.6
304.94810128211975	1.6182608758521737	1.6
304.9629895687103	1.6179234929848179	1.6
304.9771373271942	1.6179234929848179	1.6
304.9902696609497	1.6179234929848179	1.6
305.0052454471588	1.6172286128148596	1.6
305.0183141231537	1.6172286128148596	1.6
305.0322573184967	1.6172286128148596	1.6
305.0468957424164	1.6172286128148596	1.6
305.0616512298584	1.6168917833898369	1.6
305.0750021934509	1.6168917833898369	1.6
305.089941740036	1.615775114222545	1.6
305.1035141944885	1.615775114222545	1.6
305.11667466163635	1.615775114222545	1.6
305.1317067146301	1.615775114222545	1.6
305.1466462612152	1.615710381854618	1.6
305.1617202758789	1.615710381854618	1.6
305.1755838394165	1.6154607811179926	1.6
305.19115471839905	1.6154607811179926	1.6
305.2053418159485	1.6154607811179926	1.6
305.2199606895447	1.6156493948482518	1.6
305.23357629776	1.6156493948482518	1.6
305.2495164871216	1.615837139866486	1.6
305.2671682834625	1.615837139866486	1.6
305.28320813179016	1.615837139866486	1.6
305.2983548641205	1.6166762301405797	1.6
305.3118612766266	1.6166762301405797	1.6
305.32768630981445	1.6182685735071438	1.6
305.34154868125916	1.6182685735071438	1.6
305.35474395751953	1.6182685735071438	1.6
305.37142634391785	1.6182685735071438	1.6
305.386794090271	1.6198662415089238	1.6
305.40022373199463	1.6198662415089238	1.6
305.41542959213257	1.6213741450172439	1.6
305.4286296367645	1.6213741450172439	1.6
305.4422974586487	1.6213741450172439	1.6
305.45862221717834	1.6224725677782235	1.6
305.47244906425476	1.6224725677782235	1.6
305.49041867256165	1.6240029077235043	1.6
305.50634574890137	1.6240029077235043	1.6
305.5192506313324	1.6240029077235043	1.6
305.5358211994171	1.6252259196538312	1.6
305.54918479919434	1.6252259196538312	1.6
305.56446504592896	1.6266619621545544	1.6
305.57827854156494	1.6266619621545544	1.6
305.5912170410156	1.6266619621545544	1.6
305.6056761741638	1.6266619621545544	1.6
305.6218686103821	1.6280130358029214	1.6
305.6368291378021	1.6280130358029214	1.6
305.65178060531616	1.629328152494026	1.6
305.66543531417847	1.629328152494026	1.6
305.6781258583069	1.629328152494026	1.6
305.69386410713196	1.6311461011046724	1.6
305.7073609828949	1.6311461011046724	1.6
305.72317481040955	1.6311461011046724	1.6
305.7373881340027	1.632210963249321	1.6
305.750262260437	1.632210963249321	1.6
305.7635815143585	1.632210963249321	1.6
305.78061056137085	1.6334555429890814	1.6
305.7949502468109	1.6334555429890814	1.6
305.80767703056335	1.6334555429890814	1.6
305.82255721092224	1.63484356120455	1.6
305.8374173641205	1.63484356120455	1.6
305.8536105155945	1.63484356120455	1.6
305.8676300048828	1.6357578716384338	1.6
305.8818356990814	1.6357578716384338	1.6
305.89680790901184	1.6357578716384338	1.6
305.91222524642944	1.6368844792014596	1.6
305.92761301994324	1.6368844792014596	1.6
305.94156312942505	1.6375841911950073	1.6
305.9542999267578	1.6375841911950073	1.6
305.966805934906	1.6375841911950073	1.6
305.9817078113556	1.6385771823147999	1.6
305.9957675933838	1.6385771823147999	1.6
306.010324716568	1.6385771823147999	1.6
306.02380990982056	1.639143883844475	1.6
306.0364866256714	1.639143883844475	1.6
306.0490348339081	1.639143883844475	1.6
306.0653998851776	1.6398350168428883	1.6
306.07775044441223	1.6398350168428883	1.6
306.09225845336914	1.6398350168428883	1.6
306.1074216365814	1.6398087440420646	1.6
306.1203851699829	1.6398087440420646	1.6
306.13447093963623	1.6398087440420646	1.6
306.14991760253906	1.6397461342346733	1.6
306.1629867553711	1.6397461342346733	1.6
306.1779384613037	1.6396435299937764	1.6
306.1911721229553	1.6396435299937764	1.6
306.2039451599121	1.6396435299937764	1.6
306.21932792663574	1.6396435299937764	1.6
306.2329206466675	1.6391855560137336	1.6
306.247633934021	1.6391855560137336	1.6
306.2632842063904	1.639230611971034	1.6
306.27762031555176	1.639230611971034	1.6
306.29161858558655	1.639230611971034	1.6
306.30822706222534	1.6386743894577307	1.6
306.3209431171417	1.6386743894577307	1.6
306.33759784698486	1.6384201750035525	1.6
306.35040521621704	1.6384201750035525	1.6
306.363942861557	1.6384201750035525	1.6
306.379656791687	1.6384201750035525	1.6
306.394159078598	1.6374648274595305	1.6
306.41002440452576	1.6374648274595305	1.6
306.42465019226074	1.6367152659641895	1.6
306.4381642341614	1.6367152659641895	1.6
306.4517457485199	1.6367152659641895	1.6
306.46773862838745	1.6354067787537567	1.6
306.48597598075867	1.6354067787537567	1.6
306.50282311439514	1.6341440803245102	1.6
306.51668977737427	1.6341440803245102	1.6
306.5314130783081	1.6341440803245102	1.6
306.5475187301636	1.6329235915623255	1.6
306.56070160865784	1.6329235915623255	1.6
306.5739674568176	1.6329235915623255	1.6
306.589510679245	1.6307054077478291	1.6
306.6025507450104	1.6307054077478291	1.6
306.6172251701355	1.6307054077478291	1.6
306.63229274749756	1.6291766054099406	1.6
306.64672327041626	1.6291766054099406	1.6
306.66041111946106	1.6291766054099406	1.6
306.67480206489563	1.6267743305280589	1.6
306.6884706020355	1.6267743305280589	1.6
306.7027554512024	1.6244311238332447	1.6
306.7180414199829	1.6244311238332447	1.6
306.7323877811432	1.6244311238332447	1.6
306.7478041648865	1.6244311238332447	1.6
306.7622027397156	1.622110854508732	1.6
306.77853322029114	1.622110854508732	1.6
306.79374504089355	1.6199062508113247	1.6
306.80743408203125	1.6199062508113247	1.6
306.8223924636841	1.6199062508113247	1.6
306.83865118026733	1.6174717443152695	1.6
306.85219073295593	1.6174717443152695	1.6
306.87010431289673	1.6147979727655066	1.6
306.8876609802246	1.6147979727655066	1.6
306.908175945282	1.6147979727655066	1.6
306.92868876457214	1.611671231355181	1.6
306.9469385147095	1.6091605118182926	1.6
306.96220541000366	1.6091605118182926	1.6
306.9776518344879	1.6091605118182926	1.6
306.99381923675537	1.6075378534457745	1.6
307.00785398483276	1.6075378534457745	1.6
307.0226049423218	1.6051954101235264	1.6
307.0364508628845	1.6051954101235264	1.6
307.05047035217285	1.6051954101235264	1.6
307.06706380844116	1.6051954101235264	1.6
307.08595085144043	1.6034982197272978	1.6
307.10665822029114	1.6021468344873635	1.6
307.1234793663025	1.6021468344873635	1.6
307.1416139602661	1.6021468344873635	1.6
307.1579473018646	1.6012633501354059	1.6
307.17274737358093	1.6012633501354059	1.6
307.1897041797638	1.6002104637512615	1.6
307.20552468299866	1.6002104637512615	1.6
307.22003412246704	1.6002104637512615	1.6
307.23549938201904	1.5992888344318386	1.6
307.2498495578766	1.5992888344318386	1.6
307.2637994289398	1.5992888344318386	1.6
307.27967715263367	1.599151020054622	1.6
307.2943754196167	1.599151020054622	1.6
307.31108689308167	1.599738598653583	1.6
307.3253996372223	1.599738598653583	1.6
307.3391134738922	1.599738598653583	1.6
307.35630798339844	1.5996318232903235	1.6
307.36963534355164	1.5996318232903235	1.6
307.3867678642273	1.5996318232903235	1.6
307.4055564403534	1.5991199159160887	1.6
307.42146158218384	1.5991199159160887	1.6
307.43860721588135	1.5985145727483867	1.6
307.4517467021942	1.5985145727483867	1.6
307.4705262184143	1.5984219588441206	1.6
307.48585081100464	1.5984219588441206	1.6
307.4999670982361	1.5984219588441206	1.6
307.5159184932709	1.5984219588441206	1.6
307.5294666290283	1.5977155069222817	1.6
307.5448853969574	1.5977155069222817	1.6
307.55853247642517	1.596516453563233	1.6
307.5707552433014	1.596516453563233	1.6
307.58290433883667	1.596516453563233	1.6
307.5991904735565	1.5963237902565064	1.6
307.6125395298004	1.5963237902565064	1.6
307.6283469200134	1.5955251123150629	1.6
307.641761302948	1.5955251123150629	1.6
307.6565008163452	1.5955251123150629	1.6
307.6711633205414	1.5955251123150629	1.6
307.6870062351227	1.5947571367214803	1.6
307.70133686065674	1.5947571367214803	1.6
307.7157576084137	1.593445910437914	1.6
307.72881174087524	1.593445910437914	1.6
307.7424159049988	1.593445910437914	1.6
307.75832438468933	1.5923493188463222	1.6
307.7707710266113	1.5923493188463222	1.6
307.7852816581726	1.5923493188463222	1.6
307.7994270324707	1.5907012218256957	1.6
307.8124589920044	1.5907012218256957	1.6
307.8253643512726	1.5907012218256957	1.6
307.84118247032166	1.5896458400022344	1.6
307.85501885414124	1.5896458400022344	1.6
307.8720452785492	1.5875491679589484	1.6
307.8854932785034	1.5875491679589484	1.6
307.898558139801	1.5875491679589484	1.6
307.9132752418518	1.5875491679589484	1.6
307.9271492958069	1.5859112287265984	1.6
307.94041776657104	1.5859112287265984	1.6
307.95421409606934	1.583963124111976	1.6
307.9665033817291	1.583963124111976	1.6
307.97930788993835	1.583963124111976	1.6
307.99412775039673	1.583963124111976	1.6
308.0080542564392	1.581134718159595	1.6
308.0204212665558	1.581134718159595	1.6
308.035932302475	1.581134718159595	1.6
308.05109691619873	1.5791366982461237	1.6
308.07062673568726	1.5791366982461237	1.6
308.08677101135254	1.5771172727145204	1.6
308.09993290901184	1.5771172727145204	1.6
308.11260509490967	1.5771172727145204	1.6
308.12770080566406	1.5755654091179014	1.6
308.1418607234955	1.5755654091179014	1.6
308.15880727767944	1.5734267309569818	1.6
308.1718838214874	1.5734267309569818	1.6
308.1846981048584	1.5734267309569818	1.6
308.19759583473206	1.5734267309569818	1.6
308.2121510505676	1.5725520268820559	1.6
308.2258257865906	1.5725520268820559	1.6
308.24095845222473	1.5713269634674218	1.6
308.2533531188965	1.5713269634674218	1.6
308.26630091667175	1.5713269634674218	1.6
308.27980303764343	1.5713269634674218	1.6
308.2948853969574	1.571031403928091	1.6
308.3117253780365	1.571031403928091	1.6
308.3279149532318	1.570542483540659	1.6
308.3415570259094	1.570542483540659	1.6
308.3561601638794	1.570542483540659	1.6
308.3703842163086	1.5704454398336576	1.6
308.3837833404541	1.5704454398336576	1.6
308.3986439704895	1.5700320436859851	1.6
308.4135420322418	1.5700320436859851	1.6
308.4261038303375	1.5700320436859851	1.6
308.44158458709717	1.5700320436859851	1.6
308.45485758781433	1.5694797586349174	1.6
308.4677140712738	1.5694797586349174	1.6
308.48277759552	1.5697460575086957	1.6
308.495582818985	1.5697460575086957	1.6
308.50833225250244	1.5697460575086957	1.6
308.52291655540466	1.5697460575086957	1.6
308.5359399318695	1.5694661096395937	1.6
308.54867243766785	1.5694661096395937	1.6
308.5627655982971	1.5701239066964792	1.6
308.57534742355347	1.5701239066964792	1.6
308.58732628822327	1.5701239066964792	1.6
308.6022219657898	1.5701239066964792	1.6
308.6156029701233	1.5708632083724567	1.6
308.62830209732056	1.5708632083724567	1.6
308.6442530155182	1.5718342352730414	1.6
308.657110452652	1.5718342352730414	1.6
308.6699824333191	1.5718342352730414	1.6
308.68669867515564	1.572324342353461	1.6
308.69946336746216	1.572324342353461	1.6
308.7156114578247	1.572324342353461	1.6
308.7290060520172	1.5734356254859914	1.6
308.74167919158936	1.5734356254859914	1.6
308.75433897972107	1.5734356254859914	1.6
308.76857137680054	1.574234959701159	1.6
308.7807252407074	1.574234959701159	1.6
308.7928669452667	1.574234959701159	1.6
308.8061800003052	1.574234959701159	1.6
308.8198449611664	1.5757372183185652	1.6
308.8321740627289	1.5757372183185652	1.6
308.847403049469	1.5773205340103016	1.6
308.8603208065033	1.5773205340103016	1.6
308.8734233379364	1.5773205340103016	1.6
308.88769459724426	1.5773205340103016	1.6
308.90158128738403	1.578327147505188	1.6
308.91419649124146	1.578327147505188	1.6
308.9285373687744	1.5802008070659115	1.6
308.94354009628296	1.5802008070659115	1.6
308.9571361541748	1.5802008070659115	1.6
308.9717938899994	1.5802008070659115	1.6
308.9847745895386	1.581381608804866	1.6
308.9973373413086	1.581381608804866	1.6
309.0106122493744	1.5824412760717455	1.6
309.0240409374237	1.5824412760717455	1.6
309.03628849983215	1.5824412760717455	1.6
309.0517613887787	1.5836863425748544	1.6
309.0652120113373	1.5836863425748544	1.6
309.07993507385254	1.5836863425748544	1.6
309.0926077365875	1.5848800816482809	1.6
309.105357170105	1.5848800816482809	1.6
309.11774945259094	1.5848800816482809	1.6
309.13265228271484	1.5866704712188329	1.6
309.14603972435	1.5866704712188329	1.6
309.16187047958374	1.5866704712188329	1.6
309.1801209449768	1.589188938543443	1.6
309.1943817138672	1.589188938543443	1.6
309.20837926864624	1.589188938543443	1.6
309.2225787639618	1.5915757969528301	1.6
309.2358367443085	1.5915757969528301	1.6
309.2498462200165	1.5946060399732152	1.6
309.2619802951813	1.5946060399732152	1.6
309.2744481563568	1.5946060399732152	1.6
309.28934693336487	1.5946060399732152	1.6
309.3034448623657	1.5973570761081104	1.6
309.3171479701996	1.5973570761081104	1.6
309.33067083358765	1.5992781674656606	1.6
309.34316778182983	1.5992781674656606	1.6
309.3563325405121	1.5992781674656606	1.6
309.3701686859131	1.5992781674656606	1.6
309.38463306427	1.6012616116106142	1.6
309.39714908599854	1.6012616116106142	1.6
309.4110176563263	1.6035144012524878	1.6
309.4233431816101	1.6035144012524878	1.6
309.436194896698	1.6035144012524878	1.6
309.4518611431122	1.606031862531573	1.6
309.46432161331177	1.606031862531573	1.6
309.4767904281616	1.606031862531573	1.6
309.49024844169617	1.608957133919064	1.6
309.50232577323914	1.608957133919064	1.6
309.51547503471375	1.608957133919064	1.6
309.53076791763306	1.6110733241205917	1.6
309.5444393157959	1.6110733241205917	1.6
309.5577709674835	1.6110733241205917	1.6
309.5699517726898	1.6110733241205917	1.6
309.5851991176605	1.6129172176767628	1.6
309.5982313156128	1.6129172176767628	1.6
309.6134569644928	1.6150120753690707	1.6
309.6258146762848	1.6150120753690707	1.6
309.63804364204407	1.6150120753690707	1.6
309.65067982673645	1.6150120753690707	1.6
309.6648762226105	1.6162471964815108	1.6
309.6769075393677	1.6162471964815108	1.6
309.6922001838684	1.617990418867644	1.6
309.7057611942291	1.617990418867644	1.6
309.71806478500366	1.617990418867644	1.6
309.73025727272034	1.617990418867644	1.6
309.74655842781067	1.6195606093817667	1.6
309.75947165489197	1.6195606093817667	1.6
309.7754909992218	1.6215640027319735	1.6
309.7883024215698	1.6215640027319735	1.6
309.80087637901306	1.6215640027319735	1.6
309.81502079963684	1.6215640027319735	1.6
309.8285160064697	1.6227497942324771	1.6
309.8406503200531	1.6227497942324771	1.6
309.85610365867615	1.6234433860613258	1.6
309.8683524131775	1.6234433860613258	1.6
309.88054490089417	1.6234433860613258	1.6
309.89477348327637	1.6234433860613258	1.6
309.910053730011	1.6239401398400262	1.6
309.92214465141296	1.6239401398400262	1.6
309.93732047080994	1.6242430884770376	1.6
309.950101852417	1.6242430884770376	1.6
309.96208000183105	1.6242430884770376	1.6
309.97705006599426	1.6242430884770376	1.6
309.9919617176056	1.6243366523855403	1.6
310.00630402565	1.6243366523855403	1.6
310.02036595344543	1.6242726029843428	1.6
310.0330901145935	1.6242726029843428	1.6
310.0454161167145	1.6242726029843428	1.6
310.06108593940735	1.6244763048802118	1.6
310.074462890625	1.6244763048802118	1.6
310.0871362686157	1.6244763048802118	1.6
310.1014060974121	1.624391954519575	1.6
310.1135039329529	1.624391954519575	1.6
310.12641882896423	1.624391954519575	1.6
310.14255452156067	1.6240567559187202	1.6
310.1554968357086	1.6240567559187202	1.6
310.1710464954376	1.6240567559187202	1.6
310.18468594551086	1.6239140086689552	1.6
310.19758796691895	1.6239140086689552	1.6
310.21094512939453	1.6239140086689552	1.6
310.2259693145752	1.6240177371684517	1.6
310.23861360549927	1.6240177371684517	1.6
310.2539846897125	1.6241610342322428	1.6
310.2669310569763	1.6241610342322428	1.6
310.2791452407837	1.6241610342322428	1.6
310.29168248176575	1.6241610342322428	1.6
310.3058874607086	1.623831717538738	1.6
310.3182246685028	1.623831717538738	1.6
310.3301794528961	1.623831717538738	1.6
310.34281277656555	1.623831717538738	1.6
310.35846161842346	1.6238621730006144	1.6
310.3712799549103	1.6238621730006144	1.6
310.3860070705414	1.6236725913360643	1.6
310.39815402030945	1.6236725913360643	1.6
310.4117841720581	1.6236725913360643	1.6
310.4272518157959	1.6235338138141853	1.6
310.4408495426178	1.6235338138141853	1.6
310.45518159866333	1.6235338138141853	1.6
310.4710078239441	1.6234152502755734	1.6
310.4843168258667	1.6234152502755734	1.6
310.49713134765625	1.6234152502755734	1.6
310.5126793384552	1.6232990170818329	1.6
310.526162147522	1.6232990170818329	1.6
310.5418908596039	1.623906298778302	1.6
310.5561420917511	1.623906298778302	1.6
310.56942415237427	1.623906298778302	1.6
310.5838665962219	1.623906298778302	1.6
310.5991222858429	1.6244028373984392	1.6
310.6126079559326	1.6244028373984392	1.6
310.628169298172	1.6249648549030948	1.6
310.64140152931213	1.6249648549030948	1.6
310.65507340431213	1.6249648549030948	1.6
310.67109966278076	1.625297188156944	1.6
310.68459582328796	1.625297188156944	1.6
310.7005558013916	1.6259046731901283	1.6
310.71406865119934	1.6259046731901283	1.6
310.7266354560852	1.6259046731901283	1.6
310.73943400382996	1.6259046731901283	1.6
310.7537474632263	1.6264149758360145	1.6
310.7657399177551	1.6264149758360145	1.6
310.7798206806183	1.6270107648826677	1.6
310.79199981689453	1.6270107648826677	1.6
310.80412435531616	1.6270107648826677	1.6
310.81640338897705	1.6270107648826677	1.6
310.8327226638794	1.6276272025095568	1.6
310.8459153175354	1.6276272025095568	1.6
310.86077976226807	1.6282911372477744	1.6
310.87342524528503	1.6282911372477744	1.6
310.88599371910095	1.6282911372477744	1.6
310.8981556892395	1.6282911372477744	1.6
310.91326999664307	1.628875958752237	1.6
310.92552065849304	1.628875958752237	1.6
310.94010877609253	1.63008393246614	1.6
310.95226645469666	1.63008393246614	1.6
310.9646751880646	1.63008393246614	1.6
310.97710633277893	1.63008393246614	1.6
310.9938950538635	1.6308675245487403	1.6
311.0079667568207	1.6308675245487403	1.6
311.0254981517792	1.6317369886175839	1.6
311.0397620201111	1.6317369886175839	1.6
311.0539894104004	1.6317369886175839	1.6
311.0701217651367	1.632303294742861	1.6
311.0842764377594	1.632303294742861	1.6
311.0976667404175	1.632303294742861	1.6
311.11444902420044	1.632303294742861	1.6
311.1283919811249	1.6330732292605248	1.6
311.1451425552368	1.6330732292605248	1.6
311.1600203514099	1.6341863174239777	1.6
311.1737220287323	1.6341863174239777	1.6
311.18745613098145	1.6341863174239777	1.6
311.20403361320496	1.635085444598791	1.6
311.2175614833832	1.635085444598791	1.6
311.2320165634155	1.6360043728468203	1.6
311.2459988594055	1.6360043728468203	1.6
311.2593283653259	1.6360043728468203	1.6
311.2766363620758	1.6366469224316014	1.6
311.29048228263855	1.6366469224316014	1.6
311.3044159412384	1.6366469224316014	1.6
311.3206603527069	1.6370547499163748	1.6
311.33393907546997	1.6370547499163748	1.6
311.34761905670166	1.6370547499163748	1.6
311.36316990852356	1.6362176099844525	1.6
311.3762469291687	1.6362176099844525	1.6
311.39291882514954	1.6353865114725594	1.6
311.4120783805847	1.6353865114725594	1.6
311.42881751060486	1.6353865114725594	1.6
311.4450695514679	1.6340428797590043	1.6
311.45868611335754	1.6340428797590043	1.6
311.47262048721313	1.633091963278447	1.6
311.4859902858734	1.633091963278447	1.6
311.4992733001709	1.633091963278447	1.6
311.5139443874359	1.633091963278447	1.6
311.528005361557	1.6320911536309812	1.6
311.5418589115143	1.6320911536309812	1.6
311.55739188194275	1.630471670255022	1.6
311.57072854042053	1.630471670255022	1.6
311.58371472358704	1.630471670255022	1.6
311.599068403244	1.629129638283579	1.6
311.61197233200073	1.629129638283579	1.6
311.62698340415955	1.629129638283579	1.6
311.63986444473267	1.6275400345685065	1.6
311.65303802490234	1.6275400345685065	1.6
311.66740918159485	1.6275400345685065	1.6
311.6825358867645	1.6256709536901415	1.6
311.6957893371582	1.6256709536901415	1.6
311.712100982666	1.6233730773792079	1.6
311.72532868385315	1.6233730773792079	1.6
311.7380385398865	1.6233730773792079	1.6
311.75386929512024	1.6233730773792079	1.6
311.76772809028625	1.6211292609712884	1.6
311.78077268600464	1.6211292609712884	1.6
311.79341077804565	1.6211292609712884	1.6
311.80902075767517	1.6187775426864524	1.6
311.82211470603943	1.6187775426864524	1.6
311.83754301071167	1.6167639606907798	1.6
311.8501648902893	1.6167639606907798	1.6
311.86314368247986	1.6167639606907798	1.6
311.8764100074768	1.6167639606907798	1.6
311.8918209075928	1.6146596363820336	1.6
311.90575075149536	1.6146596363820336	1.6
311.9213140010834	1.6119494325213932	1.6
311.934552192688	1.6119494325213932	1.6
311.94777154922485	1.6119494325213932	1.6
311.9634280204773	1.6093401002140955	1.6
311.9768762588501	1.6093401002140955	1.6
311.9905459880829	1.6093401002140955	1.6
312.0066967010498	1.6071232122731018	1.6
312.01932740211487	1.6071232122731018	1.6
312.03394317626953	1.6071232122731018	1.6
312.04946756362915	1.6051774908917547	1.6
312.06320667266846	1.6051774908917547	1.6
312.07856488227844	1.6025589193573837	1.6
312.0915205478668	1.6025589193573837	1.6
312.1059355735779	1.6025589193573837	1.6
312.1209144592285	1.6025589193573837	1.6
312.13479471206665	1.5968935680740133	1.6
312.14905619621277	1.5968935680740133	1.6
312.16317319869995	1.587708828400817	1.6
312.17626667022705	1.587708828400817	1.6
312.18896865844727	1.587708828400817	1.6
312.20513224601746	1.574935722912738	1.6
312.218909740448	1.574935722912738	1.6
312.23425006866455	1.574935722912738	1.6
312.2484402656555	nan	1.6
312.2614378929138	nan	1.6
312.27521443367004	nan	1.6
312.28956031799316	nan	1.6
312.3026144504547	nan	1.6
312.3178803920746	nan	1.6
312.3310616016388	nan	1.6
312.3438472747803	nan	1.6
312.3585617542267	nan	1.6
312.3734130859375	nan	1.6
312.3873302936554	nan	1.6
312.4016544818878	nan	1.6
312.4143967628479	nan	1.6
312.42685770988464	nan	1.6
312.4416048526764	nan	1.6
312.4559109210968	nan	1.6
312.4701199531555	nan	1.6
312.48445653915405	nan	1.6
312.49691224098206	nan	1.6
312.5091202259064	nan	1.6
312.52441024780273	nan	1.6
312.5372405052185	nan	1.6
312.5497238636017	nan	1.6
312.56277203559875	nan	1.6
312.57727098464966	nan	1.6
312.5901310443878	nan	1.6
312.60586881637573	nan	1.6
312.61831164360046	nan	1.6
312.6307020187378	nan	1.6
312.64411091804504	nan	1.6
312.6581826210022	nan	1.6
312.6707124710083	nan	1.6
312.68609523773193	nan	1.6
312.6985445022583	nan	1.6
312.71100425720215	nan	1.6
312.7244439125061	nan	1.6
312.73979568481445	nan	1.6
312.7532835006714	nan	1.6
312.7695109844208	nan	1.6
312.7833216190338	nan	1.6
312.7962553501129	nan	1.6
312.81217861175537	nan	1.6
312.82520937919617	nan	1.6
312.8388600349426	nan	1.6
312.8543469905853	nan	1.6
312.86741948127747	nan	1.6
312.8801996707916	nan	1.6
312.8961453437805	nan	1.6
312.9089937210083	nan	1.6
312.92410683631897	nan	1.6
312.936954498291	nan	1.6
312.94944286346436	nan	1.6
312.9632189273834	nan	1.6
312.97854804992676	nan	1.6
312.99163126945496	nan	1.6
313.0075433254242	nan	1.6
313.0206468105316	nan	1.6
313.0336093902588	nan	1.6
313.04788041114807	nan	1.6
313.0624327659607	nan	1.6
313.07659220695496	nan	1.6
313.09170365333557	nan	1.6
313.10572028160095	nan	1.6
313.1183578968048	nan	1.6
313.1355321407318	nan	1.6
313.1483027935028	nan	1.6
313.1635551452637	nan	1.6
313.1769998073578	nan	1.6
313.1896369457245	nan	1.6
313.2029685974121	nan	1.6
313.2179753780365	nan	1.6
313.2314147949219	nan	1.6
313.2479419708252	nan	1.6
313.2606780529022	nan	1.6
313.2740695476532	nan	1.6
313.28925251960754	nan	1.6
313.30345153808594	nan	1.6
313.3178508281708	nan	1.6
313.33098244667053	nan	1.6
313.34630274772644	nan	1.6
313.3590364456177	nan	1.6
313.37422251701355	nan	1.6
313.3872151374817	nan	1.6
313.40060591697693	nan	1.6
313.415075302124	nan	1.6
313.4313290119171	nan	1.6
313.44519805908203	nan	1.6
313.4600248336792	nan	1.6
313.4729766845703	nan	1.6
313.4864807128906	nan	1.6
313.5017714500427	nan	1.6
313.51462388038635	nan	1.6
313.52794218063354	nan	1.6
313.5422697067261	nan	1.6
313.5582137107849	nan	1.6
313.57309198379517	nan	1.6
313.59114623069763	nan	1.6
313.61099648475647	nan	1.6
313.6337876319885	nan	1.6
313.6544461250305	nan	1.6
313.6725046634674	nan	1.6
313.6875350475311	nan	1.6
313.7020058631897	nan	1.6
313.7183561325073	nan	1.6
313.73263812065125	nan	1.6
313.7481517791748	nan	1.6
313.76161551475525	nan	1.6
313.77635622024536	nan	1.6
313.7925953865051	nan	1.6
313.8066210746765	nan	1.6
313.8203704357147	nan	1.6
313.83633732795715	nan	1.6
313.849650144577	nan	1.6
313.8648359775543	nan	1.6
313.8797755241394	nan	1.6
313.89385199546814	nan	1.6
313.91410303115845	nan	1.6
313.92871379852295	nan	1.6
313.942969083786	nan	1.6
313.95830631256104	nan	1.6
313.97147130966187	nan	1.6
313.98580026626587	nan	1.6
314.0021460056305	nan	1.6
314.0173890590668	nan	1.6
314.0323133468628	nan	1.6
314.04604172706604	nan	1.6
314.05904269218445	nan	1.6
314.0750594139099	nan	1.6
314.0888352394104	nan	1.6
314.10585141181946	nan	1.6
314.1196880340576	nan	1.6
314.13322257995605	nan	1.6
314.14645171165466	nan	1.6
314.16131925582886	nan	1.6
314.1756043434143	nan	1.6
314.18927574157715	nan	1.6
314.20570826530457	nan	1.6
314.21899580955505	nan	1.6
314.23181891441345	nan	1.6
314.24549889564514	nan	1.6
314.260844707489	nan	1.6
314.2738037109375	nan	1.6
314.2903952598572	nan	1.6
314.3034248352051	nan	1.6
314.31682229042053	nan	1.6
314.3330919742584	nan	1.6
314.3469421863556	nan	1.6
314.36226320266724	nan	1.6
314.3761236667633	nan	1.6
314.3900864124298	nan	1.6
314.40420866012573	nan	1.6
314.4186038970947	nan	1.6
314.4313325881958	nan	1.6
314.4471616744995	nan	1.6
314.4608721733093	nan	1.6
314.4747507572174	nan	1.6
314.49107480049133	nan	1.6
314.5075652599335	nan	1.6
314.5231590270996	nan	1.6
314.5375771522522	nan	1.6
314.55021476745605	nan	1.6
314.56493163108826	nan	1.6
314.57959747314453	nan	1.6
314.594566822052	nan	1.6
314.61049461364746	nan	1.6
314.62365889549255	nan	1.6
314.6369252204895	nan	1.6
314.6532061100006	nan	1.6
314.6683609485626	nan	1.6
314.6840536594391	nan	1.6
314.6985328197479	nan	1.6
314.7122874259949	nan	1.6
314.7293894290924	nan	1.6
314.74334168434143	nan	1.6
314.756281375885	nan	1.6
314.771226644516	nan	1.6
314.785117149353	nan	1.6
314.79845571517944	nan	1.6
314.81413650512695	nan	1.6
314.8284533023834	nan	1.6
314.8450963497162	nan	1.6
314.85841274261475	nan	1.6
314.8716778755188	nan	1.6
314.88569617271423	nan	1.6
314.9003748893738	nan	1.6
314.91354155540466	nan	1.6
314.92855501174927	nan	1.6
314.94236183166504	nan	1.6
314.95619773864746	nan	1.6
314.9725294113159	nan	1.6
314.98660349845886	nan	1.6
314.99960827827454	nan	1.6
315.0134084224701	nan	1.6
315.0286281108856	nan	1.6
315.0421829223633	nan	1.6
315.05863547325134	nan	1.6
315.0719246864319	nan	1.6
315.0844497680664	nan	1.6
315.0997705459595	nan	1.6
315.1143982410431	nan	1.6
315.12838077545166	nan	1.6
315.14507389068604	nan	1.6
315.15904116630554	nan	1.6
315.1735329627991	nan	1.6
315.1905999183655	nan	1.6
315.20844078063965	nan	1.6
315.22311758995056	nan	1.6
315.2360899448395	nan	1.6
315.2486460208893	nan	1.6
315.2658529281616	nan	1.6
315.28087615966797	nan	1.6
315.2953145503998	nan	1.6
315.30815386772156	nan	1.6
315.3207252025604	nan	1.6
315.3356010913849	nan	1.6
315.3523213863373	nan	1.6
315.36723232269287	nan	1.6
315.38211965560913	nan	1.6
315.39562606811523	nan	1.6
315.4106984138489	nan	1.6
315.4300346374512	nan	1.6
315.44849729537964	nan	1.6
315.4632477760315	nan	1.6
315.4796266555786	nan	1.6
315.501051902771	nan	1.6
315.52183723449707	nan	1.6
315.53847885131836	nan	1.6
315.5568194389343	nan	1.6
315.5729956626892	nan	1.6
315.5922589302063	nan	1.6
315.61064767837524	nan	1.6
315.6253001689911	nan	1.6
315.64092898368835	nan	1.6
315.65602922439575	nan	1.6
315.6740369796753	nan	1.6
315.69568610191345	nan	1.6
315.7104094028473	nan	1.6
315.724657535553	nan	1.6
315.74214243888855	nan	1.6
315.7564604282379	nan	1.6
315.7701840400696	nan	1.6
315.78425335884094	nan	1.6
315.7980489730835	nan	1.6
315.8188281059265	nan	1.6
315.8391070365906	nan	1.6
315.8593633174896	nan	1.6
315.88006377220154	nan	1.6
315.8976049423218	nan	1.6
315.91166615486145	nan	1.6
315.9248569011688	nan	1.6
315.9378695487976	nan	1.6
315.95332765579224	nan	1.6
315.96688175201416	nan	1.6
315.98328280448914	nan	1.6
315.9968066215515	nan	1.6
316.0106828212738	nan	1.6
316.0274133682251	nan	1.6
316.04165506362915	nan	1.6
316.05797481536865	nan	1.6
316.07222080230713	nan	1.6
316.08478260040283	nan	1.6
316.099112033844	nan	1.6
316.11465883255005	nan	1.6
316.12789368629456	nan	1.6
316.1436152458191	nan	1.6
316.1567289829254	nan	1.6
316.1701419353485	nan	1.6
316.19332480430603	nan	1.6
316.2175374031067	nan	1.6
316.2400469779968	nan	1.6
316.2566795349121	nan	1.6
316.27520990371704	nan	1.6
316.2898757457733	nan	1.6
316.30699157714844	nan	1.6
316.32066655158997	nan	1.6
316.33438062667847	nan	1.6
316.35067486763	nan	1.6
316.3646442890167	nan	1.6
316.38093423843384	nan	1.6
316.4061954021454	nan	1.6
316.42586874961853	nan	1.6
316.44542121887207	nan	1.6
316.46451592445374	nan	1.6
316.4807279109955	nan	1.6
316.4985861778259	nan	1.6
316.5162763595581	nan	1.6
316.5317716598511	nan	1.6
316.55135202407837	nan	1.6
316.5737843513489	nan	1.6
316.59426498413086	nan	1.6
316.61301350593567	nan	1.6
316.63851952552795	nan	1.6
316.6594817638397	nan	1.6
316.67663073539734	nan	1.6
316.69218373298645	nan	1.6
316.70928478240967	nan	1.6
316.72789692878723	nan	1.6
316.7473158836365	nan	1.6
316.7681441307068	nan	1.6
316.7896583080292	nan	1.6
316.81255984306335	nan	1.6
316.8366038799286	nan	1.6
316.8564758300781	nan	1.6
316.87996768951416	nan	1.6
316.90077328681946	nan	1.6
316.9248459339142	nan	1.6
316.9472599029541	nan	1.6
316.9694764614105	nan	1.6
316.99363350868225	nan	1.6
317.0103917121887	nan	1.6
317.0302789211273	nan	1.6
317.05343556404114	nan	1.6
317.0746417045593	nan	1.6
317.08944272994995	nan	1.6
317.10273241996765	nan	1.6
317.1198093891144	nan	1.6
317.13559436798096	nan	1.6
317.15238881111145	nan	1.6
317.1666042804718	nan	1.6
317.18016147613525	nan	1.6
317.19621777534485	nan	1.6
317.21013283729553	nan	1.6
317.22731494903564	nan	1.6
317.24151492118835	nan	1.6
317.2552709579468	nan	1.6
317.27119541168213	nan	1.6
317.2873146533966	nan	1.6
317.30551505088806	nan	1.6
317.3251304626465	nan	1.6
317.3407030105591	nan	1.6
317.3590807914734	nan	1.6
317.3743553161621	nan	1.6
317.38850951194763	nan	1.6
317.40484976768494	nan	1.6
317.4206917285919	nan	1.6
317.43765354156494	nan	1.6
317.45142436027527	nan	1.6
317.4664795398712	nan	1.6
317.4836094379425	nan	1.6
317.4969608783722	nan	1.6
317.5110991001129	nan	1.6
317.5256760120392	nan	1.6
317.53990960121155	nan	1.6
317.55491852760315	nan	1.6
317.5729970932007	nan	1.6
317.58913350105286	nan	1.6
317.6061542034149	nan	1.6
317.62137150764465	nan	1.6
317.63659930229187	nan	1.6
317.65157294273376	nan	1.6
317.66591811180115	nan	1.6
317.68218088150024	nan	1.6
317.69693398475647	nan	1.6
317.7112498283386	nan	1.6
317.7276871204376	nan	1.6
317.7413206100464	nan	1.6
317.757372379303	nan	1.6
317.77062821388245	nan	1.6
317.7840783596039	nan	1.6
317.798681974411	nan	1.6
317.81608629226685	nan	1.6
317.83286118507385	nan	1.6
317.8496947288513	nan	1.6
317.8655068874359	nan	1.6
317.88447189331055	nan	1.6
317.90149760246277	nan	1.6
317.91888403892517	nan	1.6
317.9326558113098	nan	1.6
317.9466037750244	nan	1.6
317.96151638031006	nan	1.6
317.9754710197449	0.5029752445754486	1.6
317.9885427951813	0.5029752445754486	1.6
318.00332474708557	0.5029752445754486	1.6
318.01933693885803	0.4916217679814773	1.6
318.03217005729675	0.4916217679814773	1.6
318.0456054210663	0.4916217679814773	1.6
318.05876302719116	0.4916217679814773	1.6
318.07455372810364	0.4916217679814773	1.6
318.0904712677002	0.4767731944410859	1.6
318.10573744773865	0.4767731944410859	1.6
318.12173771858215	0.4767731944410859	1.6
318.1390116214752	0.4767731944410859	1.6
318.1559121608734	0.45763447664379947	1.6
318.17277002334595	0.45763447664379947	1.6
318.18875455856323	0.45763447664379947	1.6
318.20559883117676	0.45763447664379947	1.6
318.22177386283875	0.4361733233584829	1.6
318.2368059158325	0.4361733233584829	1.6
318.250860452652	0.4361733233584829	1.6
318.26549768447876	0.4361733233584829	1.6
318.2810800075531	0.4361733233584829	1.6
318.2981014251709	0.415680373034125	1.6
318.3115301132202	0.415680373034125	1.6
318.3268299102783	0.415680373034125	1.6
318.34091997146606	0.415680373034125	1.6
318.3566017150879	0.415680373034125	1.6
318.374169588089	nan	1.6
318.3895688056946	nan	1.6
318.40684247016907	nan	1.6
318.4268276691437	nan	1.6
318.4442811012268	nan	1.6
318.4581518173218	nan	1.6
318.4729781150818	nan	1.6
318.489177942276	nan	1.6
318.50745582580566	nan	1.6
318.5247175693512	nan	1.6
318.5417673587799	nan	1.6
318.5576946735382	nan	1.6
318.5771920681	nan	1.6
318.5935652256012	nan	1.6
318.6071128845215	nan	1.6
318.62386655807495	nan	1.6
318.6377890110016	nan	1.6
318.6545135974884	nan	1.6
318.66872906684875	nan	1.6
318.68297362327576	nan	1.6
318.6971821784973	nan	1.6
318.7132408618927	nan	1.6
318.72735476493835	nan	1.6
318.74191093444824	nan	1.6
318.7559223175049	nan	1.6
318.76849579811096	nan	1.6
318.7807672023773	nan	1.6
318.79663944244385	nan	1.6
318.80963945388794	nan	1.6
318.8228397369385	nan	1.6
318.8354058265686	nan	1.6
318.8476810455322	nan	1.6
318.8625822067261	nan	1.6
318.8765494823456	nan	1.6
318.8892276287079	nan	1.6
318.90174865722656	nan	1.6
318.9145164489746	nan	1.6
318.9268069267273	nan	1.6
318.9417312145233	nan	1.6
318.9553632736206	nan	1.6
318.96824073791504	nan	1.6
318.98071670532227	nan	1.6
318.99350905418396	nan	1.6
319.00880336761475	nan	1.6
319.02199244499207	nan	1.6
319.03486943244934	nan	1.6
319.0473442077637	nan	1.6
319.06008410453796	nan	1.6
319.0726795196533	nan	1.6
319.08814883232117	nan	1.6
319.1010830402374	nan	1.6
319.1145050525665	nan	1.6
319.12732911109924	nan	1.6
319.14088582992554	nan	1.6
319.1559519767761	nan	1.6
319.17274379730225	nan	1.6
319.18622183799744	nan	1.6
319.20423412323	nan	1.6
319.21785402297974	nan	1.6
319.23363971710205	nan	1.6
319.2472884654999	nan	1.6
319.2603974342346	nan	1.6
319.273912191391	nan	1.6
319.287752866745	nan	1.6
319.30232214927673	nan	1.6
319.31544947624207	nan	1.6
319.3279986381531	nan	1.6
319.34350752830505	nan	1.6
319.3606789112091	nan	1.6
319.37996339797974	nan	1.6
319.39388489723206	nan	1.6
319.4117753505707	nan	1.6
319.4285795688629	nan	1.6
319.44428730010986	nan	1.6
319.4631917476654	nan	1.6
319.4816679954529	nan	1.6
319.50008034706116	nan	1.6
319.51824617385864	nan	1.6
319.5345480442047	nan	1.6
319.5520062446594	nan	1.6
319.5664293766022	nan	1.6
319.5836703777313	nan	1.6
319.59768509864807	nan	1.6
319.61091470718384	nan	1.6
319.62462282180786	nan	1.6
319.638099193573	nan	1.6
319.65285754203796	nan	1.6
319.66840624809265	nan	1.6
319.6815004348755	nan	1.6
319.69487023353577	nan	1.6
319.70771741867065	nan	1.6
319.72352623939514	nan	1.6
319.73788928985596	nan	1.6
319.7512629032135	nan	1.6
319.7642116546631	nan	1.6
319.77703857421875	nan	1.6
319.79050517082214	nan	1.6
319.80696630477905	nan	1.6
319.8204483985901	nan	1.6
319.83327651023865	nan	1.6
319.8504800796509	nan	1.6
319.8668203353882	nan	1.6
319.881422996521	nan	1.6
319.89455223083496	nan	1.6
319.9076769351959	nan	1.6
319.9206373691559	nan	1.6
319.93433690071106	nan	1.6
319.94981241226196	nan	1.6
319.9637427330017	nan	1.6
319.97701478004456	nan	1.6
319.99050307273865	nan	1.6
320.0040650367737	nan	1.6
320.0221209526062	nan	1.6
320.0404028892517	nan	1.6
320.05472898483276	nan	1.6
320.07178115844727	nan	1.6
320.0875897407532	nan	1.6
320.10315561294556	nan	1.6
320.11642694473267	nan	1.6
320.1291449069977	nan	1.6
320.1424367427826	nan	1.6
320.15877985954285	nan	1.6
320.1718714237213	nan	1.6
320.18588757514954	nan	1.6
320.19982957839966	nan	1.6
320.2126488685608	nan	1.6
320.2255439758301	nan	1.6
320.2406289577484	nan	1.6
320.2542402744293	nan	1.6
320.26852464675903	nan	1.6
320.28173780441284	nan	1.6
320.29741859436035	nan	1.6
320.312371969223	nan	1.6
320.3259918689728	nan	1.6
320.3394889831543	nan	1.6
320.35290265083313	nan	1.6
320.36848402023315	nan	1.6
320.3878765106201	nan	1.6
320.4052834510803	nan	1.6
320.42517280578613	nan	1.6
320.4472281932831	0.6620186446847647	1.6
320.46753549575806	0.6620186446847647	1.6
320.4832661151886	0.6620186446847647	1.6
320.4989731311798	0.6620186446847647	1.6
320.51213669776917	0.6620186446847647	1.6
320.52943658828735	0.6580279126651047	1.6
320.5426878929138	0.6580279126651047	1.6
320.55652832984924	0.6580279126651047	1.6
320.5690267086029	0.6580279126651047	1.6
320.5841178894043	0.6580279126651047	1.6
320.5990068912506	0.6553261886592547	1.6
320.6118667125702	0.6553261886592547	1.6
320.6246793270111	0.6553261886592547	1.6
320.6369557380676	0.6553261886592547	1.6
320.64964294433594	0.6553261886592547	1.6
320.6646399497986	0.6553261886592547	1.6
320.67928433418274	0.6513252351534224	1.6
320.6923472881317	0.6513252351534224	1.6
320.7048785686493	0.6513252351534224	1.6
320.7178256511688	0.6513252351534224	1.6
320.73298382759094	0.6463001990155897	1.6
320.74561834335327	0.6463001990155897	1.6
320.7594966888428	0.6463001990155897	1.6
320.77223658561707	0.6463001990155897	1.6
320.7844889163971	0.6463001990155897	1.6
320.7967894077301	0.6463001990155897	1.6
320.8112075328827	0.6463001990155897	1.6
320.8246273994446	0.6421672453232402	1.6
320.8370153903961	0.6421672453232402	1.6
320.8496644496918	0.6421672453232402	1.6
320.8629114627838	0.6421672453232402	1.6
320.87850284576416	0.6392212853931609	1.6
320.89156436920166	0.6392212853931609	1.6
320.90458154678345	0.6392212853931609	1.6
320.91743063926697	0.6392212853931609	1.6
320.9296681880951	0.6392212853931609	1.6
320.9423143863678	0.6392212853931609	1.6
320.9582543373108	0.6386729745065166	1.6
320.97136092185974	0.6386729745065166	1.6
320.9849271774292	0.6386729745065166	1.6
320.99777817726135	0.6386729745065166	1.6
321.01041865348816	0.6386729745065166	1.6
321.0262327194214	0.6383783856490023	1.6
321.0398030281067	0.6383783856490023	1.6
321.0532820224762	0.6383783856490023	1.6
321.06714510917664	0.6383783856490023	1.6
321.08002281188965	0.6383783856490023	1.6
321.09447169303894	0.6383783856490023	1.6
321.1099112033844	0.6371811683713017	1.6
321.1230866909027	0.6371811683713017	1.6
321.13607263565063	0.6371811683713017	1.6
321.1489896774292	0.6371811683713017	1.6
321.1648449897766	0.6389008270512294	1.6
321.1779046058655	0.6389008270512294	1.6
321.1907126903534	0.6389008270512294	1.6
321.2036781311035	0.6389008270512294	1.6
321.21663546562195	0.6389008270512294	1.6
321.2290418148041	0.6389008270512294	1.6
321.24484753608704	0.6389008270512294	1.6
321.25822353363037	0.6376142962744421	1.6
321.2712423801422	0.6376142962744421	1.6
321.2853672504425	0.6376142962744421	1.6
321.2993252277374	0.6376142962744421	1.6
321.3137319087982	0.6360874529401931	1.6
321.32700872421265	0.6360874529401931	1.6
321.3402976989746	0.6360874529401931	1.6
321.3535213470459	0.6360874529401931	1.6
321.36669850349426	0.6360874529401931	1.6
321.3801407814026	0.6360874529401931	1.6
321.39537048339844	0.6364203252499271	1.6
321.4148950576782	0.6364203252499271	1.6
321.4344439506531	0.6364203252499271	1.6
321.4535884857178	0.636304801097203	1.6
321.4721019268036	0.636304801097203	1.6
321.49068665504456	0.636304801097203	1.6
321.50829458236694	0.636304801097203	1.6
321.52694153785706	0.636304801097203	1.6
321.5472457408905	0.6334966333132913	1.6
321.5670187473297	0.6334966333132913	1.6
321.5851273536682	0.6334966333132913	1.6
321.601669549942	0.6333378591015796	1.6
321.61524200439453	0.6333378591015796	1.6
321.6277914047241	0.6333378591015796	1.6
321.64090633392334	0.6333378591015796	1.6
321.6540389060974	0.6333378591015796	1.6
321.66714811325073	0.6333378591015796	1.6
321.6813085079193	nan	1.6
321.69513177871704	nan	1.6
321.7077314853668	nan	1.6
321.7209782600403	nan	1.6
321.7360863685608	nan	1.6
321.7513790130615	nan	1.6
321.7646667957306	nan	1.6
321.77815866470337	nan	1.6
321.79144835472107	nan	1.6
321.8049054145813	nan	1.6
321.8217067718506	nan	1.6
321.83540439605713	nan	1.6
321.8480923175812	nan	1.6
321.8610198497772	nan	1.6
321.8745675086975	nan	1.6
321.8894393444061	nan	1.6
321.90291476249695	nan	1.6
321.9154222011566	nan	1.6
321.9279043674469	nan	1.6
321.9422812461853	nan	1.6
321.95684266090393	nan	1.6
321.97153210639954	nan	1.6
321.98485231399536	nan	1.6
321.9984757900238	nan	1.6
322.0125288963318	nan	1.6
322.0280385017395	nan	1.6
322.0415880680084	nan	1.6
322.0548756122589	nan	1.6
322.0675411224365	nan	1.6
322.08024287223816	nan	1.6
322.0935423374176	nan	1.6
322.108847618103	0.5542380745769386	1.6
322.122296333313	0.5542380745769386	1.6
322.1351284980774	0.5542380745769386	1.6
322.14811420440674	0.5542380745769386	1.6
322.16059970855713	0.5542380745769386	1.6
322.1766107082367	0.5519693754075035	1.6
322.1897163391113	0.5519693754075035	1.6
322.2031421661377	0.5519693754075035	1.6
322.21656918525696	0.5519693754075035	1.6
322.2293930053711	0.5519693754075035	1.6
322.241783618927	0.5519693754075035	1.6
322.25680112838745	nan	1.6
322.26938343048096	nan	1.6
322.2820007801056	nan	1.6
322.29525685310364	nan	1.6
322.31190276145935	nan	1.6
322.32612705230713	nan	1.6
322.3392150402069	nan	1.6
322.3514428138733	nan	1.6
322.36362648010254	nan	1.6
322.37602043151855	nan	1.6
322.3902053833008	nan	1.6
322.4066298007965	nan	1.6
322.42081809043884	nan	1.6
322.43374395370483	nan	1.6
322.44616627693176	nan	1.6
322.46187806129456	nan	1.6
322.47506976127625	nan	1.6
322.4876170158386	nan	1.6
322.5001549720764	nan	1.6
322.51235270500183	nan	1.6
322.5248100757599	nan	1.6
322.54044818878174	nan	1.6
322.55419182777405	nan	1.6
322.5669662952423	nan	1.6
322.5800144672394	nan	1.6
322.5935080051422	nan	1.6
322.60845255851746	nan	1.6
322.62162494659424	nan	1.6
322.63477063179016	nan	1.6
322.6476593017578	nan	1.6
322.65981674194336	nan	1.6
322.6729290485382	nan	1.6
322.68818736076355	nan	1.6
322.7019112110138	nan	1.6
322.71533012390137	nan	1.6
322.7282557487488	nan	1.6
322.74239444732666	nan	1.6
322.75727915763855	nan	1.6
322.77029490470886	nan	1.6
322.7830111980438	nan	1.6
322.796594619751	nan	1.6
322.809339761734	nan	1.6
322.82513093948364	nan	1.6
322.83973002433777	0.4799814937936067	1.6
322.85330033302307	0.4799814937936067	1.6
322.86627984046936	0.4799814937936067	1.6
322.8784267902374	0.4799814937936067	1.6
322.89374589920044	0.478628392963042	1.6
322.9068052768707	0.478628392963042	1.6
322.9198796749115	0.478628392963042	1.6
322.9328773021698	0.478628392963042	1.6
322.9459590911865	0.478628392963042	1.6
322.95977687835693	0.478628392963042	1.6
322.9763698577881	0.4762770682016938	1.6
322.9895420074463	0.4762770682016938	1.6
323.00221037864685	0.4762770682016938	1.6
323.0154869556427	0.4762770682016938	1.6
323.02827548980713	0.4762770682016938	1.6
323.0426173210144	0.5351064432016938	1.6
323.0553843975067	0.5351064432016938	1.6
323.0682809352875	0.5351064432016938	1.6
323.08073472976685	0.5351064432016938	1.6
323.0944776535034	0.5351064432016938	1.6
323.1076762676239	0.5351064432016938	1.6
323.1222393512726	nan	1.6
323.13532972335815	nan	1.6
323.1484568119049	nan	1.6
323.1609227657318	nan	1.6
323.17643785476685	nan	1.6
323.19079303741455	nan	1.6
323.20456314086914	nan	1.6
323.2173709869385	nan	1.6
323.2298963069916	nan	1.6
323.242803812027	nan	1.6
323.25881147384644	nan	1.6
323.2721221446991	nan	1.6
323.285347700119	nan	1.6
323.2985351085663	nan	1.6
323.31215715408325	nan	1.6
323.3275797367096	nan	1.6
323.3410747051239	nan	1.6
323.353413105011	nan	1.6
323.3668763637543	nan	1.6
323.37949562072754	nan	1.6
323.3950207233429	nan	1.6
323.4106423854828	nan	1.6
323.4242088794708	nan	1.6
323.437726020813	nan	1.6
323.45552802085876	nan	1.6
323.4724917411804	nan	1.6
323.48859095573425	nan	1.6
323.5068426132202	nan	1.6
323.5230829715729	nan	1.6
323.53942489624023	0.5304304695995257	1.6
323.5523431301117	0.5304304695995257	1.6
323.56692004203796	0.5304304695995257	1.6
323.5798945426941	0.5304304695995257	1.6
323.5934212207794	0.5304304695995257	1.6
323.6090123653412	0.5304304695995257	1.6
323.6235239505768	0.5303863759627789	1.6
323.6364359855652	0.5303863759627789	1.6
323.6491894721985	0.5303863759627789	1.6
323.6624045372009	0.5303863759627789	1.6
323.6781795024872	nan	1.6
323.69090008735657	nan	1.6
323.7038085460663	nan	1.6
323.71687483787537	nan	1.6
323.72903633117676	nan	1.6
323.7419457435608	nan	1.6
323.75764203071594	nan	1.6
323.7711374759674	nan	1.6
323.78420519828796	nan	1.6
323.7983777523041	nan	1.6
323.8120656013489	nan	1.6
323.82672023773193	nan	1.6
323.839727640152	nan	1.6
323.8528697490692	nan	1.6
323.8659040927887	nan	1.6
323.8780426979065	nan	1.6
323.89123344421387	nan	1.6
323.9052269458771	nan	1.6
323.9174702167511	nan	1.6
323.92958998680115	nan	1.6
323.942405462265	nan	1.6
323.957106590271	nan	1.6
323.9710695743561	nan	1.6
323.9842565059662	nan	1.6
323.99737644195557	nan	1.6
324.0104613304138	nan	1.6
324.02366638183594	nan	1.6
324.0381007194519	nan	1.6
324.0528190135956	nan	1.6
324.0653579235077	nan	1.6
324.07788348197937	nan	1.6
324.0902326107025	nan	1.6
324.1050660610199	nan	1.6
324.11831188201904	nan	1.6
324.13120460510254	nan	1.6
324.14388608932495	nan	1.6
324.1560549736023	nan	1.6
324.1687834262848	nan	1.6
324.1831383705139	nan	1.6
324.1966576576233	nan	1.6
324.2095625400543	nan	1.6
324.2224531173706	nan	1.6
324.2349143028259	nan	1.6
324.25000858306885	nan	1.6
324.2636420726776	nan	1.6
324.27612233161926	nan	1.6
324.28832387924194	nan	1.6
324.30068039894104	nan	1.6
324.3138427734375	nan	1.6
324.3280785083771	nan	1.6
324.34347796440125	nan	1.6
324.3567018508911	nan	1.6
324.3699104785919	nan	1.6
324.38305139541626	nan	1.6
324.39914751052856	nan	1.6
324.4129502773285	nan	1.6
324.4261853694916	nan	1.6
324.43957471847534	nan	1.6
324.4524233341217	nan	1.6
324.4703462123871	nan	1.6
324.48457956314087	nan	1.6
324.49767780303955	nan	1.6
324.5109899044037	nan	1.6
324.525927066803	nan	1.6
324.54135179519653	nan	1.6
324.55419301986694	nan	1.6
324.56755018234253	nan	1.6
324.5798921585083	nan	1.6
324.5932819843292	nan	1.6
324.6060562133789	nan	1.6
324.62211060523987	nan	1.6
324.63606309890747	nan	1.6
324.6492474079132	nan	1.6
324.66212582588196	nan	1.6
324.67653489112854	nan	1.6
324.6915988922119	nan	1.6
324.70535016059875	nan	1.6
324.71824765205383	nan	1.6
324.7307412624359	nan	1.6
324.74408769607544	nan	1.6
324.7570662498474	nan	1.6
324.7719724178314	nan	1.6
324.78521704673767	nan	1.6
324.79817843437195	nan	1.6
324.81058382987976	nan	1.6
324.82580828666687	nan	1.6
324.83991861343384	nan	1.6
324.8530786037445	nan	1.6
324.86591935157776	nan	1.6
324.8781216144562	nan	1.6
324.89200139045715	nan	1.6
324.9080502986908	nan	1.6
324.92103576660156	nan	1.6
324.9342074394226	nan	1.6
324.9479203224182	nan	1.6
324.9604697227478	nan	1.6
324.97737407684326	nan	1.6
324.9904909133911	nan	1.6
325.0042202472687	nan	1.6
325.02039790153503	nan	1.6
325.03670167922974	nan	1.6
325.05502915382385	nan	1.6
325.07494735717773	nan	1.6
325.08878684043884	nan	1.6
325.1041057109833	nan	1.6
325.11931467056274	nan	1.6
325.1335074901581	nan	1.6
325.147301197052	nan	1.6
325.1605191230774	nan	1.6
325.174387216568	nan	1.6
325.18886160850525	nan	1.6
325.2068147659302	nan	1.6
325.22264528274536	nan	1.6
325.23780703544617	nan	1.6
325.2517178058624	nan	1.6
325.2679226398468	nan	1.6
325.28235840797424	nan	1.6
325.2963852882385	nan	1.6
325.30963253974915	nan	1.6
325.32311725616455	nan	1.6
325.3388636112213	nan	1.6
325.35408878326416	nan	1.6
325.3675870895386	nan	1.6
325.3814260959625	nan	1.6
325.39623618125916	nan	1.6
325.4140067100525	nan	1.6
325.4318540096283	nan	1.6
325.4519672393799	nan	1.6
325.46666622161865	nan	1.6
325.4837164878845	nan	1.6
325.4978883266449	nan	1.6
325.5110149383545	nan	1.6
325.52485394477844	nan	1.6
325.5379731655121	nan	1.6
325.55475330352783	nan	1.6
325.56786727905273	nan	1.6
325.58083057403564	nan	1.6
325.59452080726624	nan	1.6
325.6073443889618	nan	1.6
325.6206874847412	nan	1.6
325.6354088783264	nan	1.6
325.6482689380646	nan	1.6
325.6610782146454	nan	1.6
325.67477798461914	nan	1.6
325.6896541118622	nan	1.6
325.7033450603485	nan	1.6
325.7165446281433	nan	1.6
325.730251789093	nan	1.6
325.74371790885925	nan	1.6
325.7561001777649	nan	1.6
325.7719793319702	nan	1.6
325.78471994400024	nan	1.6
325.79678606987	nan	1.6
325.8088011741638	nan	1.6
325.8219175338745	nan	1.6
325.8382089138031	nan	1.6
325.8511481285095	nan	1.6
325.86394000053406	nan	1.6
325.87661719322205	nan	1.6
325.8891861438751	nan	1.6
325.9022834300995	nan	1.6
325.9172468185425	nan	1.6
325.9298028945923	nan	1.6
325.942373752594	nan	1.6
325.95452332496643	nan	1.6
325.9666488170624	nan	1.6
325.98269152641296	nan	1.6
325.99552178382874	nan	1.6
326.00832509994507	nan	1.6
326.02087450027466	nan	1.6
326.03317618370056	nan	1.6
326.04537630081177	nan	1.6
326.06016635894775	nan	1.6
326.0729298591614	nan	1.6
326.08520770072937	nan	1.6
326.09816670417786	nan	1.6
326.1101882457733	nan	1.6
326.12561774253845	0.6131560603674516	1.6
326.1383078098297	0.6131560603674516	1.6
326.15047430992126	0.6131560603674516	1.6
326.1630928516388	0.6131560603674516	1.6
326.17525362968445	0.6131560603674516	1.6
326.1874625682831	0.6131560603674516	1.6
326.2019007205963	0.6131560603674516	1.6
326.21489334106445	nan	1.6
326.22706866264343	nan	1.6
326.23961544036865	nan	1.6
326.2519235610962	nan	1.6
326.2673330307007	nan	1.6
326.2799997329712	nan	1.6
326.292578458786	nan	1.6
326.30506205558777	nan	1.6
326.3173396587372	nan	1.6
326.3298349380493	nan	1.6
326.34422039985657	nan	1.6
326.3575794696808	nan	1.6
326.3699071407318	nan	1.6
326.3824212551117	nan	1.6
326.3950309753418	nan	1.6
326.4100344181061	nan	1.6
326.4232723712921	nan	1.6
326.4355547428131	nan	1.6
326.44781017303467	nan	1.6
326.46013283729553	nan	1.6
326.47248125076294	nan	1.6
326.4850859642029	nan	1.6
326.49878001213074	nan	1.6
326.5115327835083	nan	1.6
326.5236020088196	nan	1.6
326.5356388092041	nan	1.6
326.5482885837555	nan	1.6
326.56212425231934	nan	1.6
326.57489037513733	nan	1.6
326.58692812919617	nan	1.6
326.599725484848	nan	1.6
326.61346316337585	nan	1.6
326.62613821029663	nan	1.6
326.6412777900696	nan	1.6
326.65347695350647	nan	1.6
326.6657917499542	nan	1.6
326.67830324172974	nan	1.6
326.69118642807007	nan	1.6
326.70480966567993	nan	1.6
326.7169237136841	nan	1.6
326.7299430370331	nan	1.6
326.7424421310425	nan	1.6
326.7549283504486	nan	1.6
326.76726031303406	nan	1.6
326.78304529190063	nan	1.6
326.79526114463806	nan	1.6
326.80850553512573	nan	1.6
326.82090997695923	nan	1.6
326.83412075042725	nan	1.6
326.8486292362213	nan	1.6
326.86117362976074	nan	1.6
326.8739149570465	nan	1.6
326.88591837882996	nan	1.6
326.8987991809845	nan	1.6
326.91116213798523	nan	1.6
326.9261260032654	nan	1.6
326.9390375614166	nan	1.6
326.9513838291168	nan	1.6
326.96382689476013	nan	1.6
326.97612857818604	nan	1.6
326.9911103248596	nan	1.6
327.0039496421814	nan	1.6
327.0160245895386	nan	1.6
327.02913069725037	nan	1.6
327.04127192497253	nan	1.6
327.0532307624817	nan	1.6
327.0681471824646	nan	1.6
327.0804064273834	nan	1.6
327.09315514564514	nan	1.6
327.1058874130249	nan	1.6
327.11860942840576	nan	1.6
327.1339268684387	nan	1.6
327.1471529006958	nan	1.6
327.16005516052246	nan	1.6
327.1730315685272	nan	1.6
327.1857690811157	nan	1.6
327.1977517604828	nan	1.6
327.21328258514404	nan	1.6
327.2254710197449	nan	1.6
327.2379786968231	nan	1.6
327.24988865852356	nan	1.6
327.2621693611145	nan	1.6
327.2773218154907	nan	1.6
327.28965401649475	nan	1.6
327.3021750450134	nan	1.6
327.3147003650665	nan	1.6
327.3270843029022	nan	1.6
327.3391869068146	nan	1.6
327.35341024398804	nan	1.6
327.366069316864	nan	1.6
327.37825107574463	nan	1.6
327.39085936546326	nan	1.6
327.40345644950867	nan	1.6
327.4178647994995	nan	1.6
327.4314298629761	nan	1.6
327.4440371990204	nan	1.6
327.45631742477417	nan	1.6
327.4689197540283	nan	1.6
327.48092818260193	nan	1.6
327.49345207214355	nan	1.6
327.5082128047943	nan	1.6
327.52068614959717	nan	1.6
327.5330843925476	nan	1.6
327.5458290576935	nan	1.6
327.560261964798	nan	1.6
327.57378339767456	nan	1.6
327.58606481552124	nan	1.6
327.5985977649689	nan	1.6
327.610995054245	nan	1.6
327.6231322288513	nan	1.6
327.6364507675171	nan	1.6
327.6498165130615	nan	1.6
327.66201853752136	nan	1.6
327.67441153526306	nan	1.6
327.6865222454071	nan	1.6
327.6995515823364	nan	1.6
327.71358609199524	nan	1.6
327.72580575942993	nan	1.6
327.73816442489624	nan	1.6
327.7507600784302	nan	1.6
327.7632713317871	nan	1.6
327.7759313583374	nan	1.6
327.79211688041687	nan	1.6
327.8045561313629	nan	1.6
327.8166105747223	nan	1.6
327.82904267311096	nan	1.6
327.84151458740234	nan	1.6
327.85613489151	nan	1.6
327.86822962760925	nan	1.6
327.8802390098572	nan	1.6
327.89238834381104	nan	1.6
327.9045219421387	nan	1.6
327.9172809123993	nan	1.6
327.9330530166626	nan	1.6
327.9458816051483	nan	1.6
327.95794558525085	nan	1.6
327.97022247314453	nan	1.6
327.9821500778198	nan	1.6
327.99665427207947	nan	1.6
328.0087900161743	nan	1.6
328.02132391929626	nan	1.6
328.0338292121887	nan	1.6
328.0461950302124	nan	1.6
328.05906319618225	nan	1.6
328.07485818862915	nan	1.6
328.08770179748535	nan	1.6
328.10017919540405	nan	1.6
328.11257147789	nan	1.6
328.12517380714417	nan	1.6
328.140145778656	nan	1.6
328.1522114276886	nan	1.6
328.1648437976837	nan	1.6
328.17739701271057	nan	1.6
328.18977451324463	nan	1.6
328.2023856639862	nan	1.6
328.2179465293884	nan	1.6
328.2309157848358	nan	1.6
328.2435529232025	nan	1.6
328.2557942867279	nan	1.6
328.2679240703583	nan	1.6
328.2828869819641	nan	1.6
328.29661321640015	nan	1.6
328.3090982437134	nan	1.6
328.32140946388245	nan	1.6
328.3348386287689	nan	1.6
328.3473744392395	nan	1.6
328.3622350692749	nan	1.6
328.3755679130554	nan	1.6
328.3878798484802	nan	1.6
328.4003119468689	nan	1.6
328.4148049354553	nan	1.6
328.4308292865753	nan	1.6
328.4434118270874	nan	1.6
328.4561941623688	nan	1.6
328.4689223766327	nan	1.6
328.48149967193604	nan	1.6
328.49357867240906	nan	1.6
328.50812697410583	nan	1.6
328.5208215713501	nan	1.6
328.5331606864929	nan	1.6
328.54548597335815	nan	1.6
328.558491230011	nan	1.6
328.5756027698517	nan	1.6
328.58842158317566	nan	1.6
328.601683139801	nan	1.6
328.61518478393555	nan	1.6
328.62827229499817	nan	1.6
328.6417155265808	nan	1.6
328.6568284034729	nan	1.6
328.669456243515	nan	1.6
328.682493686676	nan	1.6
328.69594955444336	nan	1.6
328.7103922367096	nan	1.6
328.7258267402649	nan	1.6
328.7387592792511	nan	1.6
328.7518422603607	nan	1.6
328.7653992176056	nan	1.6
328.7782897949219	nan	1.6
328.79479241371155	nan	1.6
328.81011271476746	nan	1.6
328.82635140419006	nan	1.6
328.8410267829895	nan	1.6
328.8581566810608	nan	1.6
328.8751015663147	nan	1.6
328.88907194137573	nan	1.6
328.90317606925964	nan	1.6
328.9183189868927	nan	1.6
328.9354693889618	nan	1.6
328.950035572052	nan	1.6
328.9648332595825	nan	1.6
328.9792220592499	nan	1.6
328.9937756061554	nan	1.6
329.01196336746216	nan	1.6
329.0281412601471	nan	1.6
329.04257678985596	nan	1.6
329.0558514595032	nan	1.6
329.07223534584045	nan	1.6
329.08501529693604	nan	1.6
329.0979745388031	nan	1.6
329.1112012863159	nan	1.6
329.1246290206909	nan	1.6
329.13714575767517	nan	1.6
329.15528655052185	nan	1.6
329.17101216316223	nan	1.6
329.18620586395264	nan	1.6
329.2007668018341	nan	1.6
329.2182524204254	nan	1.6
329.23283100128174	nan	1.6
329.2471718788147	nan	1.6
329.26008200645447	nan	1.6
329.2723774909973	nan	1.6
329.28632140159607	nan	1.6
329.30112385749817	nan	1.6
329.3138909339905	nan	1.6
329.3282063007355	nan	1.6
329.34178495407104	nan	1.6
329.3575756549835	nan	1.6
329.3721442222595	nan	1.6
329.38539242744446	nan	1.6
329.3979332447052	nan	1.6
329.4130825996399	nan	1.6
329.4254221916199	nan	1.6
329.44120025634766	nan	1.6
329.45541524887085	nan	1.6
329.4677333831787	nan	1.6
329.4803533554077	nan	1.6
329.49450945854187	nan	1.6
329.5095684528351	nan	1.6
329.52245116233826	nan	1.6
329.5384783744812	nan	1.6
329.5573055744171	nan	1.6
329.5710973739624	nan	1.6
329.5859441757202	nan	1.6
329.5989637374878	nan	1.6
329.6116850376129	nan	1.6
329.62481331825256	nan	1.6
329.63783025741577	nan	1.6
329.6522526741028	nan	1.6
329.66526651382446	nan	1.6
329.67758345603943	nan	1.6
329.69075751304626	nan	1.6
329.7047679424286	nan	1.6
329.72137928009033	nan	1.6
329.7378046512604	nan	1.6
329.75199341773987	nan	1.6
329.7710430622101	nan	1.6
329.7918474674225	nan	1.6
329.81152081489563	nan	1.6
329.83241057395935	nan	1.6
329.8536739349365	nan	1.6
329.8737483024597	nan	1.6
329.8956928253174	nan	1.6
329.920001745224	nan	1.6
329.9425241947174	nan	1.6
329.9657120704651	nan	1.6
329.98729848861694	nan	1.6
330.0099823474884	nan	1.6
330.03096532821655	0.6329867381167104	1.6
330.0541305541992	0.6329867381167104	1.6
330.07881927490234	0.6372358719185282	1.6
330.10074830055237	0.6372358719185282	1.6
330.12523221969604	0.6372358719185282	1.6
330.150431394577	0.6372358719185282	1.6
330.1738398075104	0.7191381325568259	1.6
330.1956775188446	0.7191381325568259	1.6
330.2184522151947	0.7191381325568259	1.6
330.241099357605	0.7231517525844715	1.6
330.2598888874054	0.7231517525844715	1.6
330.28053975105286	0.7231517525844715	1.6
330.3028955459595	0.7241133292627566	1.6
330.3203990459442	0.7241133292627566	1.6
330.3380072116852	0.7241133292627566	1.6
330.35544085502625	0.7241133292627566	1.6
330.37364745140076	nan	1.6
330.38826727867126	nan	1.6
330.40232396125793	nan	1.6
330.4177007675171	nan	1.6
330.430734872818	nan	1.6
330.4468786716461	nan	1.6
330.4606821537018	nan	1.6
330.47362327575684	nan	1.6
330.48607087135315	nan	1.6
330.50653648376465	nan	1.6
330.5232515335083	nan	1.6
330.5386154651642	nan	1.6
330.55227851867676	nan	1.6
330.5676176548004	nan	1.6
330.58180832862854	nan	1.6
330.59993410110474	nan	1.6
330.61916947364807	nan	1.6
330.6375229358673	nan	1.6
330.653333902359	nan	1.6
330.66652941703796	nan	1.6
330.6788992881775	nan	1.6
330.6914412975311	nan	1.6
330.7038941383362	nan	1.6
330.7161500453949	nan	1.6
330.7325141429901	nan	1.6
330.7468457221985	nan	1.6
330.7591812610626	nan	1.6
330.7723059654236	nan	1.6
330.7857642173767	nan	1.6
330.80028915405273	0.7408447553116034	1.6
330.81493401527405	0.7408447553116034	1.6
330.82762813568115	0.7408447553116034	1.6
330.8401165008545	0.7408447553116034	1.6
330.85351729393005	0.7408447553116034	1.6
330.8671474456787	0.7408447553116034	1.6
330.8830916881561	0.742809878869491	1.6
330.8966233730316	0.742809878869491	1.6
330.909952878952	0.742809878869491	1.6
330.92423701286316	0.742809878869491	1.6
330.9401481151581	nan	1.6
330.9530119895935	nan	1.6
330.96637082099915	nan	1.6
330.979501247406	nan	1.6
330.9921598434448	nan	1.6
331.0057096481323	nan	1.6
331.02093148231506	nan	1.6
331.0343029499054	nan	1.6
331.0472183227539	nan	1.6
331.0595908164978	nan	1.6
331.07306241989136	nan	1.6
331.08821654319763	nan	1.6
331.1014986038208	nan	1.6
331.1142566204071	nan	1.6
331.1265847682953	nan	1.6
331.1403064727783	nan	1.6
331.15551710128784	nan	1.6
331.1714537143707	nan	1.6
331.1852469444275	nan	1.6
331.2007465362549	nan	1.6
331.2159059047699	nan	1.6
331.23476099967957	nan	1.6
331.2512011528015	nan	1.6
331.2687110900879	nan	1.6
331.2837493419647	nan	1.6
331.2999451160431	nan	1.6
331.31880164146423	nan	1.6
331.3369719982147	nan	1.6
331.35364723205566	nan	1.6
331.3688895702362	nan	1.6
331.38311219215393	nan	1.6
331.39700531959534	nan	1.6
331.4104940891266	nan	1.6
331.42577624320984	nan	1.6
331.4397494792938	nan	1.6
331.4574966430664	nan	1.6
331.47235894203186	nan	1.6
331.4870674610138	nan	1.6
331.50096225738525	nan	1.6
331.5171594619751	nan	1.6
331.52990221977234	nan	1.6
331.5434708595276	nan	1.6
331.5566556453705	nan	1.6
331.5699465274811	nan	1.6
331.5842046737671	nan	1.6
331.59963178634644	nan	1.6
331.6127541065216	nan	1.6
331.6265923976898	nan	1.6
331.6395573616028	nan	1.6
331.65437507629395	nan	1.6
331.6683976650238	nan	1.6
331.6807072162628	nan	1.6
331.692994594574	nan	1.6
331.7056186199188	nan	1.6
331.71863555908203	nan	1.6
331.7313709259033	nan	1.6
331.74533343315125	nan	1.6
331.75833463668823	nan	1.6
331.7718653678894	nan	1.6
331.7842698097229	nan	1.6
331.7968978881836	nan	1.6
331.8112540245056	nan	1.6
331.82349371910095	nan	1.6
331.8358278274536	nan	1.6
331.84816908836365	nan	1.6
331.86064100265503	nan	1.6
331.87324833869934	nan	1.6
331.8877136707306	nan	1.6
331.9003527164459	nan	1.6
331.91285610198975	nan	1.6
331.9254860877991	nan	1.6
331.9392237663269	nan	1.6
331.95578026771545	nan	1.6
331.96865582466125	nan	1.6
331.98105120658875	nan	1.6
331.9941825866699	nan	1.6
332.00793719291687	nan	1.6
332.0222792625427	nan	1.6
332.03730750083923	nan	1.6
332.05046820640564	nan	1.6
332.06609535217285	nan	1.6
332.08078241348267	nan	1.6
332.0975420475006	nan	1.6
332.1120619773865	nan	1.6
332.1279628276825	nan	1.6
332.1413712501526	nan	1.6
332.1555564403534	nan	1.6
332.1707742214203	nan	1.6
332.1856834888458	nan	1.6
332.1990268230438	nan	1.6
332.21257519721985	nan	1.6
332.2267315387726	nan	1.6
332.2421805858612	nan	1.6
332.25570034980774	nan	1.6
332.27248764038086	nan	1.6
332.29167222976685	nan	1.6
332.3097267150879	nan	1.6
332.3265392780304	nan	1.6
332.33994722366333	nan	1.6
332.3532512187958	nan	1.6
332.36653900146484	nan	1.6
332.38180780410767	nan	1.6
332.3960032463074	nan	1.6
332.4089343547821	nan	1.6
332.4213457107544	nan	1.6
332.4348452091217	nan	1.6
332.4476249217987	nan	1.6
332.46375012397766	nan	1.6
332.4763116836548	nan	1.6
332.48886227607727	nan	1.6
332.5012557506561	nan	1.6
332.5186610221863	nan	1.6
332.5348093509674	nan	1.6
332.5474216938019	nan	1.6
332.5602159500122	nan	1.6
332.5730254650116	nan	1.6
332.5862076282501	nan	1.6
332.59998869895935	nan	1.6
332.61484813690186	nan	1.6
332.628005027771	nan	1.6
332.6478147506714	nan	1.6
332.6672902107239	nan	1.6
332.6820738315582	0.8806941179809351	1.6
332.69819736480713	0.8806941179809351	1.6
332.7121787071228	0.8806941179809351	1.6
332.7270305156708	0.8806941179809351	1.6
332.7415051460266	0.8806941179809351	1.6
332.7613503932953	0.8839439441534054	1.6
332.7760648727417	0.8839439441534054	1.6
332.78935194015503	0.8839439441534054	1.6
332.80774450302124	0.8839439441534054	1.6
332.8245666027069	0.8860431399512555	1.6
332.8382451534271	0.8860431399512555	1.6
332.85161089897156	0.8860431399512555	1.6
332.8658998012543	0.8860431399512555	1.6
332.87921810150146	0.8860431399512555	1.6
332.89655232429504	0.8895310924054678	1.6
332.9105112552643	0.8895310924054678	1.6
332.9260051250458	0.8895310924054678	1.6
332.9400248527527	0.8895310924054678	1.6
332.95651721954346	0.8926729297994642	1.6
332.9709107875824	0.8926729297994642	1.6
332.98495721817017	0.8926729297994642	1.6
332.99875926971436	0.8926729297994642	1.6
333.0121560096741	0.8926729297994642	1.6
333.0253801345825	0.8926729297994642	1.6
333.0415794849396	0.8931386054261632	1.6
333.05720615386963	0.8931386054261632	1.6
333.07115840911865	0.8931386054261632	1.6
333.0854275226593	0.8931386054261632	1.6
333.1012945175171	nan	1.6
333.1162705421448	nan	1.6
333.1293122768402	nan	1.6
333.1429214477539	nan	1.6
333.1559274196625	nan	1.6
333.16884112358093	nan	1.6
333.18410325050354	nan	1.6
333.197016954422	nan	1.6
333.21244716644287	nan	1.6
333.2261588573456	nan	1.6
333.24155616760254	nan	1.6
333.2559263706207	nan	1.6
333.2689616680145	nan	1.6
333.28275203704834	nan	1.6
333.2970402240753	nan	1.6
333.31160855293274	nan	1.6
333.327490568161	nan	1.6
333.3418519496918	nan	1.6
333.35587644577026	nan	1.6
333.369024515152	nan	1.6
333.38489842414856	nan	1.6
333.3990247249603	nan	1.6
333.41197633743286	nan	1.6
333.42834091186523	nan	1.6
333.4420166015625	nan	1.6
333.4560263156891	nan	1.6
333.47205901145935	nan	1.6
333.4848208427429	nan	1.6
333.49880027770996	nan	1.6
333.5119159221649	nan	1.6
333.5268211364746	nan	1.6
333.54300260543823	0.8136263331944052	1.6
333.5565950870514	0.8136263331944052	1.6
333.57064747810364	0.8136263331944052	1.6
333.5830535888672	0.8136263331944052	1.6
333.5967996120453	0.8136263331944052	1.6
333.6123995780945	0.8142170691394224	1.6
333.62755584716797	0.8142170691394224	1.6
333.64124751091003	0.8142170691394224	1.6
333.6553831100464	0.8142170691394224	1.6
333.66922903060913	0.8142170691394224	1.6
333.6834337711334	0.8153927468887832	1.6
333.6982321739197	0.8153927468887832	1.6
333.71206974983215	0.8153927468887832	1.6
333.7254226207733	0.8153927468887832	1.6
333.74060130119324	0.8153927468887832	1.6
333.7567901611328	nan	1.6
333.7706422805786	nan	1.6
333.78446412086487	nan	1.6
333.7975797653198	nan	1.6
333.81109523773193	nan	1.6
333.82577753067017	nan	1.6
333.8392267227173	nan	1.6
333.8524115085602	nan	1.6
333.86550855636597	nan	1.6
333.8785231113434	nan	1.6
333.8928406238556	nan	1.6
333.9080867767334	nan	1.6
333.92123556137085	nan	1.6
333.9344274997711	nan	1.6
333.94825172424316	nan	1.6
333.9630138874054	nan	1.6
333.97693943977356	nan	1.6
333.9902904033661	nan	1.6
334.0051567554474	nan	1.6
334.0178143978119	nan	1.6
334.0308589935303	nan	1.6
334.0465154647827	nan	1.6
334.05940556526184	nan	1.6
334.07276248931885	nan	1.6
334.0852909088135	nan	1.6
334.0998840332031	nan	1.6
334.11512446403503	nan	1.6
334.12810254096985	nan	1.6
334.1411244869232	nan	1.6
334.15494418144226	nan	1.6
334.17013692855835	nan	1.6
334.1831614971161	nan	1.6
334.1955478191376	nan	1.6
334.2089011669159	nan	1.6
334.22164011001587	nan	1.6
334.2344446182251	nan	1.6
334.24895095825195	nan	1.6
334.2625849246979	nan	1.6
334.27508521080017	nan	1.6
334.2878875732422	nan	1.6
334.30125069618225	nan	1.6
334.31739711761475	nan	1.6
334.33039808273315	nan	1.6
334.344012260437	nan	1.6
334.3567545413971	nan	1.6
334.3692662715912	nan	1.6
334.38204741477966	nan	1.6
334.3976011276245	nan	1.6
334.41116881370544	nan	1.6
334.4261100292206	nan	1.6
334.4391670227051	nan	1.6
334.4532558917999	nan	1.6
334.4680700302124	nan	1.6
334.48088026046753	nan	1.6
334.49377155303955	nan	1.6
334.50652050971985	nan	1.6
334.5195724964142	nan	1.6
334.5347032546997	nan	1.6
334.5506360530853	nan	1.6
334.5641453266144	nan	1.6
334.5775954723358	nan	1.6
334.5928349494934	nan	1.6
334.60965847969055	0.8404734286599232	1.6
334.624311208725	0.8404734286599232	1.6
334.63690209388733	0.8404734286599232	1.6
334.6501474380493	0.8404734286599232	1.6
334.6637885570526	0.8404734286599232	1.6
334.67769980430603	0.8404734286599232	1.6
334.69416403770447	nan	1.6
334.707492351532	nan	1.6
334.7210285663605	nan	1.6
334.7347025871277	nan	1.6
334.7509300708771	nan	1.6
334.764395236969	nan	1.6
334.7781388759613	nan	1.6
334.79102778434753	nan	1.6
334.80472016334534	nan	1.6
334.8191714286804	nan	1.6
334.8352484703064	nan	1.6
334.8489570617676	nan	1.6
334.86344718933105	nan	1.6
334.8778123855591	nan	1.6
334.89480781555176	nan	1.6
334.90833163261414	nan	1.6
334.92131519317627	nan	1.6
334.93492674827576	nan	1.6
334.94777822494507	nan	1.6
334.96105551719666	nan	1.6
334.9779965877533	nan	1.6
334.9911723136902	nan	1.6
335.0042304992676	nan	1.6
335.0171682834625	nan	1.6
335.03236508369446	nan	1.6
335.04675674438477	nan	1.6
335.0601210594177	nan	1.6
335.0731711387634	nan	1.6
335.0868194103241	nan	1.6
335.10039138793945	nan	1.6
335.1154787540436	nan	1.6
335.1292345523834	nan	1.6
335.14269757270813	nan	1.6
335.15611457824707	nan	1.6
335.16860342025757	nan	1.6
335.18482875823975	nan	1.6
335.1977198123932	nan	1.6
335.210898399353	nan	1.6
335.2266047000885	nan	1.6
335.2395396232605	nan	1.6
335.25277853012085	nan	1.6
335.26852679252625	nan	1.6
335.2840690612793	nan	1.6
335.3000030517578	nan	1.6
335.31373834609985	nan	1.6
335.3295006752014	nan	1.6
335.3427176475525	nan	1.6
335.35631465911865	nan	1.6
335.37114548683167	nan	1.6
335.3847463130951	nan	1.6
335.3990218639374	nan	1.6
335.4145097732544	nan	1.6
335.42778873443604	nan	1.6
335.44104743003845	nan	1.6
335.45442295074463	nan	1.6
335.4694149494171	nan	1.6
335.48449993133545	nan	1.6
335.4981470108032	nan	1.6
335.5109190940857	nan	1.6
335.52506947517395	nan	1.6
335.5376977920532	nan	1.6
335.5544331073761	nan	1.6
335.5672528743744	nan	1.6
335.58034443855286	nan	1.6
335.59410095214844	nan	1.6
335.6091938018799	nan	1.6
335.624098777771	nan	1.6
335.6370780467987	nan	1.6
335.65049266815186	nan	1.6
335.6631603240967	nan	1.6
335.6766445636749	nan	1.6
335.69194173812866	nan	1.6
335.70498967170715	nan	1.6
335.71754240989685	nan	1.6
335.73030376434326	nan	1.6
335.74301528930664	nan	1.6
335.75831508636475	nan	1.6
335.77111887931824	nan	1.6
335.7837073802948	nan	1.6
335.7970132827759	nan	1.6
335.80973649024963	nan	1.6
335.8226704597473	nan	1.6
335.83969497680664	0.8677069117502167	1.6
335.8536009788513	0.8677069117502167	1.6
335.8692002296448	0.8677069117502167	1.6
335.8826713562012	0.8677069117502167	1.6
335.90017557144165	0.8701308624675654	1.6
335.9151785373688	0.8701308624675654	1.6
335.92887592315674	0.8701308624675654	1.6
335.9426655769348	0.8701308624675654	1.6
335.9570257663727	0.8701308624675654	1.6
335.9726483821869	0.8701308624675654	1.6
335.9892678260803	0.8729415136635277	1.6
336.00412368774414	0.8729415136635277	1.6
336.01909923553467	0.8729415136635277	1.6
336.0338304042816	0.8729415136635277	1.6
336.04907751083374	0.9671523031372121	1.6
336.0634620189667	0.9671523031372121	1.6
336.07810497283936	0.9671523031372121	1.6
336.0919232368469	0.9671523031372121	1.6
336.10539627075195	0.9671523031372121	1.6
336.1200578212738	0.9671523031372121	1.6
336.1343722343445	0.9675959500444286	1.6
336.1474268436432	0.9675959500444286	1.6
336.1603353023529	0.9675959500444286	1.6
336.17368173599243	0.9675959500444286	1.6
336.19018721580505	nan	1.6
336.20384192466736	nan	1.6
336.2178943157196	nan	1.6
336.2314417362213	nan	1.6
336.2444758415222	nan	1.6
336.2577965259552	nan	1.6
336.27316093444824	nan	1.6
336.2864987850189	nan	1.6
336.2996942996979	nan	1.6
336.3124704360962	nan	1.6
336.32784032821655	nan	1.6
336.34316539764404	nan	1.6
336.3564326763153	nan	1.6
336.3699188232422	nan	1.6
336.38342022895813	nan	1.6
336.39635586738586	nan	1.6
336.412038564682	nan	1.6
336.42577052116394	nan	1.6
336.4391794204712	nan	1.6
336.4528908729553	nan	1.6
336.46719312667847	nan	1.6
336.4812045097351	nan	1.6
336.49538826942444	nan	1.6
336.5079700946808	nan	1.6
336.521497964859	nan	1.6
336.5345504283905	nan	1.6
336.5488567352295	nan	1.6
336.56318759918213	nan	1.6
336.5767230987549	nan	1.6
336.59138798713684	nan	1.6
336.6051263809204	nan	1.6
336.6222050189972	nan	1.6
336.63591861724854	nan	1.6
336.64960956573486	nan	1.6
336.662305355072	nan	1.6
336.6758916378021	nan	1.6
336.68887543678284	nan	1.6
336.7052059173584	nan	1.6
336.71860361099243	nan	1.6
336.73452067375183	nan	1.6
336.7485842704773	nan	1.6
336.76462626457214	nan	1.6
336.7780225276947	nan	1.6
336.79278206825256	nan	1.6
336.806494474411	nan	1.6
336.8196265697479	nan	1.6
336.83267974853516	nan	1.6
336.8502962589264	nan	1.6
336.8637981414795	nan	1.6
336.87734270095825	nan	1.6
336.8908393383026	nan	1.6
336.90869092941284	nan	1.6
336.9224166870117	nan	1.6
336.9357941150665	nan	1.6
336.94952845573425	nan	1.6
336.9646329879761	nan	1.6
336.977662563324	nan	1.6
336.99257135391235	nan	1.6
337.00698590278625	nan	1.6
337.02034187316895	nan	1.6
337.0338554382324	nan	1.6
337.0493543148041	nan	1.6
337.06411385536194	nan	1.6
337.077290058136	nan	1.6
337.090252161026	nan	1.6
337.10380244255066	nan	1.6
337.1164767742157	nan	1.6
337.131991147995	nan	1.6
337.1461851596832	nan	1.6
337.15924882888794	nan	1.6
337.172474861145	nan	1.6
337.18832778930664	nan	1.6
337.20346093177795	nan	1.6
337.2165322303772	nan	1.6
337.22988295555115	nan	1.6
337.24309825897217	nan	1.6
337.256555557251	nan	1.6
337.2709128856659	nan	1.6
337.28561782836914	nan	1.6
337.2985243797302	nan	1.6
337.31282234191895	nan	1.6
337.326824426651	nan	1.6
337.34363651275635	nan	1.6
337.3568332195282	nan	1.6
337.3698227405548	nan	1.6
337.38298201560974	nan	1.6
337.39578080177307	nan	1.6
337.4102392196655	nan	1.6
337.4254412651062	nan	1.6
337.438437461853	nan	1.6
337.451233625412	nan	1.6
337.46360635757446	nan	1.6
337.476788520813	nan	1.6
337.4921598434448	nan	1.6
337.5046718120575	nan	1.6
337.5169243812561	nan	1.6
337.52999091148376	nan	1.6
337.5425660610199	nan	1.6
337.557181596756	nan	1.6
337.5722403526306	nan	1.6
337.5851159095764	nan	1.6
337.5976572036743	nan	1.6
337.6104803085327	nan	1.6
337.62748980522156	nan	1.6
337.64029121398926	nan	1.6
337.6540322303772	nan	1.6
337.6669523715973	nan	1.6
337.6801805496216	nan	1.6
337.6945025920868	nan	1.6
337.7101128101349	nan	1.6
337.72434163093567	nan	1.6
337.73760414123535	nan	1.6
337.75106930732727	nan	1.6
337.7653748989105	nan	1.6
337.7799005508423	nan	1.6
337.7938325405121	nan	1.6
337.8074541091919	nan	1.6
337.8206858634949	nan	1.6
337.83568811416626	nan	1.6
337.85127782821655	nan	1.6
337.8642680644989	nan	1.6
337.87778782844543	nan	1.6
337.8914167881012	nan	1.6
337.9050176143646	nan	1.6
337.92010283470154	nan	1.6
337.9331362247467	nan	1.6
337.9469356536865	nan	1.6
337.9596390724182	nan	1.6
337.974178314209	nan	1.6
337.9883122444153	nan	1.6
338.00497484207153	nan	1.6
338.01896834373474	nan	1.6
338.0320200920105	nan	1.6
338.0454514026642	nan	1.6
338.0611343383789	nan	1.6
338.07697772979736	nan	1.6
338.0910782814026	nan	1.6
338.10467529296875	nan	1.6
338.11767315864563	nan	1.6
338.13149642944336	nan	1.6
338.14704036712646	nan	1.6
338.1598312854767	nan	1.6
338.1739616394043	nan	1.6
338.18733382225037	nan	1.6
338.2032959461212	nan	1.6
338.2168412208557	nan	1.6
338.2295813560486	nan	1.6
338.24346923828125	nan	1.6
338.2568793296814	nan	1.6
338.2701277732849	nan	1.6
338.28662157058716	nan	1.6
338.30126428604126	nan	1.6
338.3160181045532	nan	1.6
338.3286769390106	nan	1.6
338.34527683258057	nan	1.6
338.36027693748474	nan	1.6
338.37471985816956	nan	1.6
338.3880684375763	nan	1.6
338.40165066719055	nan	1.6
338.41451478004456	nan	1.6
338.4304144382477	nan	1.6
338.4441831111908	nan	1.6
338.4581689834595	nan	1.6
338.4741358757019	nan	1.6
338.48955607414246	nan	1.6
338.5060348510742	nan	1.6
338.51919174194336	nan	1.6
338.5339472293854	nan	1.6
338.5472962856293	nan	1.6
338.5607395172119	nan	1.6
338.5779917240143	nan	1.6
338.5921368598938	nan	1.6
338.605596780777	nan	1.6
338.6196823120117	nan	1.6
338.6367766857147	nan	1.6
338.6499729156494	nan	1.6
338.66383123397827	nan	1.6
338.6769564151764	nan	1.6
338.6905508041382	nan	1.6
338.7045497894287	nan	1.6
338.7199008464813	nan	1.6
338.73272681236267	nan	1.6
338.7469165325165	nan	1.6
338.76056003570557	nan	1.6
338.7765681743622	nan	1.6
338.7917664051056	nan	1.6
338.80551290512085	nan	1.6
338.81912541389465	nan	1.6
338.83240008354187	nan	1.6
338.84632110595703	nan	1.6
338.8623366355896	nan	1.6
338.877073764801	nan	1.6
338.8907001018524	nan	1.6
338.9041452407837	nan	1.6
338.9172012805939	nan	1.6
338.9323401451111	nan	1.6
338.9467582702637	nan	1.6
338.9596049785614	nan	1.6
338.9727644920349	nan	1.6
338.98619771003723	nan	1.6
339.0013236999512	nan	1.6
339.015438079834	1.10949844857304	1.6
339.02889823913574	1.10949844857304	1.6
339.04201006889343	1.10949844857304	1.6
339.05536937713623	1.10949844857304	1.6
339.07145285606384	nan	1.6
339.08414483070374	nan	1.6
339.0972316265106	nan	1.6
339.11032128334045	nan	1.6
339.1237835884094	nan	1.6
339.13680815696716	nan	1.6
339.1517255306244	nan	1.6
339.1642870903015	nan	1.6
339.1765832901001	nan	1.6
339.18921852111816	nan	1.6
339.2031865119934	nan	1.6
339.21819829940796	nan	1.6
339.2308437824249	nan	1.6
339.24614095687866	nan	1.6
339.2598133087158	nan	1.6
339.27241468429565	nan	1.6
339.2866060733795	nan	1.6
339.300696849823	nan	1.6
339.313138961792	nan	1.6
339.32542538642883	nan	1.6
339.33854842185974	nan	1.6
339.35454177856445	nan	1.6
339.3674097061157	nan	1.6
339.3807053565979	nan	1.6
339.3960485458374	nan	1.6
339.4092833995819	nan	1.6
339.42285323143005	nan	1.6
339.4398829936981	nan	1.6
339.45426893234253	nan	1.6
339.46814131736755	nan	1.6
339.48111176490784	nan	1.6
339.49643087387085	nan	1.6
339.51094126701355	nan	1.6
339.5269067287445	nan	1.6
339.540803194046	nan	1.6
339.55581188201904	nan	1.6
339.57088804244995	nan	1.6
339.58476066589355	nan	1.6
339.59888911247253	nan	1.6
339.6130940914154	nan	1.6
339.6268320083618	nan	1.6
339.6432378292084	nan	1.6
339.656938791275	nan	1.6
339.6706283092499	nan	1.6
339.6843831539154	nan	1.6
339.6978542804718	nan	1.6
339.71309781074524	nan	1.6
339.7266902923584	nan	1.6
339.73987770080566	nan	1.6
339.7557101249695	nan	1.6
339.76908230781555	nan	1.6
339.7821123600006	nan	1.6
339.79714369773865	nan	1.6
339.8098337650299	nan	1.6
339.82378602027893	nan	1.6
339.8373372554779	nan	1.6
339.8526020050049	nan	1.6
339.86749172210693	nan	1.6
339.8808240890503	nan	1.6
339.89455461502075	nan	1.6
339.9085433483124	nan	1.6
339.92315697669983	nan	1.6
339.9399058818817	nan	1.6
339.95380663871765	nan	1.6
339.9664068222046	nan	1.6
339.9806966781616	nan	1.6
339.9967885017395	nan	1.6
340.01054406166077	nan	1.6
340.02420353889465	nan	1.6
340.03770542144775	nan	1.6
340.0509126186371	nan	1.6
340.0644850730896	nan	1.6
340.07935428619385	nan	1.6
340.0928690433502	nan	1.6
340.1069076061249	nan	1.6
340.1218614578247	nan	1.6
340.13750290870667	nan	1.6
340.1513018608093	nan	1.6
340.16416597366333	nan	1.6
340.17677426338196	nan	1.6
340.1903953552246	nan	1.6
340.20434951782227	nan	1.6
340.2202687263489	nan	1.6
340.23310589790344	nan	1.6
340.24667143821716	nan	1.6
340.2598469257355	nan	1.6
340.2778387069702	nan	1.6
340.2933626174927	nan	1.6
340.30668544769287	nan	1.6
340.32006669044495	nan	1.6
340.3342170715332	nan	1.6
340.34744143486023	nan	1.6
340.36353397369385	nan	1.6
340.37705516815186	nan	1.6
340.39022731781006	nan	1.6
340.4031915664673	nan	1.6
340.4167048931122	nan	1.6
340.4323482513428	nan	1.6
340.44663286209106	nan	1.6
340.46031284332275	nan	1.6
340.4735519886017	nan	1.6
340.48746514320374	nan	1.6
340.5023195743561	nan	1.6
340.5162353515625	nan	1.6
340.5288338661194	nan	1.6
340.54206705093384	nan	1.6
340.5556547641754	nan	1.6
340.57120394706726	nan	1.6
340.5852780342102	nan	1.6
340.5996115207672	nan	1.6
340.61352252960205	nan	1.6
340.6269805431366	nan	1.6
340.640433549881	nan	1.6
340.6568660736084	nan	1.6
340.6704971790314	nan	1.6
340.6851761341095	nan	1.6
340.6983916759491	nan	1.6
340.7136824131012	nan	1.6
340.72720408439636	nan	1.6
340.740451335907	nan	1.6
340.7546055316925	nan	1.6
340.76743483543396	nan	1.6
340.78108382225037	nan	1.6
340.7965588569641	nan	1.6
340.8105351924896	nan	1.6
340.82330107688904	nan	1.6
340.83813405036926	nan	1.6
340.85279631614685	nan	1.6
340.8680191040039	nan	1.6
340.8809406757355	nan	1.6
340.8934750556946	nan	1.6
340.9058554172516	nan	1.6
340.9181008338928	nan	1.6
340.93122363090515	nan	1.6
340.94553208351135	nan	1.6
340.9580647945404	nan	1.6
340.97056317329407	nan	1.6
340.9831688404083	nan	1.6
340.99846720695496	nan	1.6
341.013304233551	nan	1.6
341.02597308158875	nan	1.6
341.0381712913513	nan	1.6
341.05324244499207	nan	1.6
341.0670816898346	nan	1.6
341.08126616477966	nan	1.6
341.0954773426056	nan	1.6
341.1079318523407	nan	1.6
341.1214773654938	nan	1.6
341.13503551483154	nan	1.6
341.15075063705444	nan	1.6
341.1636245250702	nan	1.6
341.17679476737976	nan	1.6
341.1903131008148	nan	1.6
341.2042200565338	nan	1.6
341.2185654640198	nan	1.6
341.23553562164307	nan	1.6
341.2482783794403	nan	1.6
341.26109790802	nan	1.6
341.27442932128906	nan	1.6
341.2886700630188	nan	1.6
341.3037712574005	nan	1.6
341.3166744709015	nan	1.6
341.3303666114807	nan	1.6
341.34433364868164	nan	1.6
341.35687160491943	nan	1.6
341.37197375297546	nan	1.6
341.3854558467865	nan	1.6
341.3989977836609	nan	1.6
341.41242146492004	nan	1.6
341.4266474246979	nan	1.6
341.44178462028503	nan	1.6
341.4581434726715	nan	1.6
341.47732186317444	nan	1.6
341.495322227478	nan	1.6
341.5125353336334	nan	1.6
341.5275173187256	nan	1.6
341.54027676582336	nan	1.6
341.5526964664459	nan	1.6
341.5656590461731	nan	1.6
341.5813994407654	nan	1.6
341.5949833393097	nan	1.6
341.6076600551605	nan	1.6
341.6210398674011	nan	1.6
341.63460636138916	nan	1.6
341.64771938323975	nan	1.6
341.663622379303	nan	1.6
341.67734265327454	nan	1.6
341.69038248062134	nan	1.6
341.7033541202545	nan	1.6
341.7162609100342	nan	1.6
341.7314851284027	nan	1.6
341.7458658218384	nan	1.6
341.76143312454224	nan	1.6
341.77517104148865	nan	1.6
341.7879776954651	nan	1.6
341.8040225505829	nan	1.6
341.8175902366638	nan	1.6
341.8305733203888	nan	1.6
341.84387707710266	nan	1.6
341.85692620277405	nan	1.6
341.8740003108978	nan	1.6
341.88739013671875	nan	1.6
341.9008295536041	nan	1.6
341.9151396751404	nan	1.6
341.92838168144226	nan	1.6
341.94282746315	nan	1.6
341.95922350883484	nan	1.6
341.97202706336975	nan	1.6
341.98578429222107	nan	1.6
341.9985558986664	nan	1.6
342.01456570625305	nan	1.6
342.0275709629059	nan	1.6
342.0403881072998	nan	1.6
342.0538864135742	nan	1.6
342.0667245388031	nan	1.6
342.0797817707062	nan	1.6
342.0971553325653	nan	1.6
342.110303401947	nan	1.6
342.1239092350006	nan	1.6
342.13677287101746	nan	1.6
342.15455174446106	nan	1.6
342.16763639450073	nan	1.6
342.18064999580383	nan	1.6
342.1947045326233	nan	1.6
342.2075319290161	nan	1.6
342.22028970718384	nan	1.6
342.23705220222473	nan	1.6
342.2501494884491	nan	1.6
342.26326727867126	nan	1.6
342.27623677253723	nan	1.6
342.28952527046204	nan	1.6
342.3060405254364	nan	1.6
342.318972826004	nan	1.6
342.3318176269531	nan	1.6
342.34562373161316	nan	1.6
342.3591105937958	nan	1.6
342.37253308296204	nan	1.6
342.387877702713	nan	1.6
342.4012734889984	nan	1.6
342.4146385192871	nan	1.6
342.4286079406738	nan	1.6
342.44554376602173	nan	1.6
342.459677696228	nan	1.6
342.4725787639618	nan	1.6
342.4861190319061	nan	1.6
342.4993517398834	nan	1.6
342.5130145549774	nan	1.6
342.5285918712616	nan	1.6
342.54211950302124	nan	1.6
342.5566792488098	nan	1.6
342.5696351528168	nan	1.6
342.5857582092285	nan	1.6
342.59971022605896	nan	1.6
342.61399006843567	nan	1.6
342.62729716300964	nan	1.6
342.6405863761902	nan	1.6
342.6543478965759	nan	1.6
342.67078733444214	nan	1.6
342.6847014427185	nan	1.6
342.69771790504456	nan	1.6
342.7109398841858	nan	1.6
342.72507095336914	nan	1.6
342.74124789237976	nan	1.6
342.75534987449646	nan	1.6
342.76812529563904	nan	1.6
342.78120017051697	nan	1.6
342.794175863266	nan	1.6
342.80889892578125	nan	1.6
342.824764251709	nan	1.6
342.83766293525696	nan	1.6
342.8503587245941	nan	1.6
342.8632161617279	nan	1.6
342.87822580337524	nan	1.6
342.8916516304016	nan	1.6
342.9053554534912	nan	1.6
342.9183633327484	nan	1.6
342.93121123313904	nan	1.6
342.944406747818	nan	1.6
342.96043634414673	nan	1.6
342.9743015766144	nan	1.6
342.98727464675903	nan	1.6
343.0002419948578	nan	1.6
343.0151505470276	nan	1.6
343.03051257133484	nan	1.6
343.0449721813202	nan	1.6
343.05774569511414	nan	1.6
343.07088136672974	nan	1.6
343.08410120010376	nan	1.6
343.1009113788605	nan	1.6
343.11463594436646	nan	1.6
343.1279606819153	nan	1.6
343.14170241355896	nan	1.6
343.1548285484314	nan	1.6
343.16997599601746	nan	1.6
343.18376636505127	nan	1.6
343.19662499427795	nan	1.6
343.2094886302948	nan	1.6
343.2227373123169	nan	1.6
343.23790669441223	nan	1.6
343.2517273426056	nan	1.6
343.26559233665466	nan	1.6
343.27828097343445	nan	1.6
343.29143810272217	nan	1.6
343.30745244026184	nan	1.6
343.32071566581726	nan	1.6
343.3340654373169	nan	1.6
343.3469924926758	nan	1.6
343.36004543304443	nan	1.6
343.373281955719	nan	1.6
343.38913559913635	nan	1.6
343.4032070636749	nan	1.6
343.41661310195923	nan	1.6
343.4302580356598	nan	1.6
343.4457960128784	nan	1.6
343.4609727859497	nan	1.6
343.47409653663635	nan	1.6
343.48750352859497	nan	1.6
343.5002226829529	nan	1.6
343.5137333869934	nan	1.6
343.52884554862976	nan	1.6
343.543319940567	nan	1.6
343.55667757987976	nan	1.6
343.5693063735962	nan	1.6
343.5826222896576	nan	1.6
343.5981845855713	nan	1.6
343.61178278923035	nan	1.6
343.6252121925354	nan	1.6
343.63835740089417	nan	1.6
343.65104961395264	nan	1.6
343.66448187828064	nan	1.6
343.6796135902405	nan	1.6
343.6935350894928	nan	1.6
343.7073302268982	nan	1.6
343.72037959098816	nan	1.6
343.7366073131561	nan	1.6
343.7511739730835	0.9935815814278216	1.6
343.76470160484314	0.9935815814278216	1.6
343.7782232761383	0.9935815814278216	1.6
343.7913467884064	0.9935815814278216	1.6
343.8039171695709	0.9935815814278216	1.6
343.82020568847656	nan	1.6
343.83324337005615	nan	1.6
343.8466830253601	nan	1.6
343.8598573207855	nan	1.6
343.872282743454	nan	1.6
343.88885045051575	nan	1.6
343.9017918109894	nan	1.6
343.91569232940674	nan	1.6
343.92842411994934	nan	1.6
343.94176149368286	nan	1.6
343.95485973358154	nan	1.6
343.96947741508484	nan	1.6
343.98277401924133	nan	1.6
343.99629521369934	nan	1.6
344.0093023777008	nan	1.6
344.0265293121338	nan	1.6
344.04024958610535	nan	1.6
344.0530686378479	nan	1.6
344.06591796875	nan	1.6
344.07899951934814	nan	1.6
344.0924963951111	nan	1.6
344.10838985443115	nan	1.6
344.12115144729614	nan	1.6
344.1353278160095	nan	1.6
344.1481807231903	nan	1.6
344.162029504776	nan	1.6
344.17750811576843	nan	1.6
344.1908028125763	nan	1.6
344.20390820503235	nan	1.6
344.21656036376953	nan	1.6
344.22899079322815	nan	1.6
344.2426152229309	nan	1.6
344.25698161125183	nan	1.6
344.26987957954407	nan	1.6
344.28283286094666	nan	1.6
344.29610443115234	nan	1.6
344.3094868659973	nan	1.6
344.3239414691925	nan	1.6
344.33675503730774	nan	1.6
344.34923100471497	nan	1.6
344.3615117073059	nan	1.6
344.37423157691956	nan	1.6
344.3880727291107	nan	1.6
344.4021346569061	nan	1.6
344.4149045944214	nan	1.6
344.4274551868439	nan	1.6
344.4400725364685	nan	1.6
344.45398592948914	nan	1.6
344.46881127357483	nan	1.6
344.48174357414246	nan	1.6
344.4943799972534	nan	1.6
344.50679540634155	nan	1.6
344.519296169281	nan	1.6
344.5345366001129	nan	1.6
344.54816460609436	nan	1.6
344.5619053840637	nan	1.6
344.5751540660858	nan	1.6
344.58822202682495	nan	1.6
344.60374307632446	nan	1.6
344.61680459976196	nan	1.6
344.63031482696533	nan	1.6
344.64380860328674	nan	1.6
344.6565854549408	nan	1.6
344.67015171051025	nan	1.6
344.6860041618347	nan	1.6
344.70006132125854	nan	1.6
344.71372389793396	nan	1.6
344.72658467292786	nan	1.6
344.74147152900696	nan	1.6
344.7567322254181	nan	1.6
344.7700865268707	nan	1.6
344.78336787223816	nan	1.6
344.7966969013214	nan	1.6
344.8098499774933	nan	1.6
344.82517290115356	nan	1.6
344.8389492034912	nan	1.6
344.85158109664917	nan	1.6
344.864737033844	nan	1.6
344.8773639202118	nan	1.6
344.8926908969879	nan	1.6
344.90590381622314	nan	1.6
344.91905546188354	nan	1.6
344.93373441696167	nan	1.6
344.9480981826782	nan	1.6
344.96267652511597	nan	1.6
344.9769082069397	nan	1.6
344.9899597167969	nan	1.6
345.0030241012573	nan	1.6
345.01561546325684	nan	1.6
345.0302529335022	nan	1.6
345.04613423347473	nan	1.6
345.0595576763153	nan	1.6
345.0724346637726	nan	1.6
345.08649253845215	nan	1.6
345.1023259162903	nan	1.6
345.1171839237213	nan	1.6
345.13054752349854	nan	1.6
345.144154548645	nan	1.6
345.1573579311371	nan	1.6
345.1705410480499	nan	1.6
345.1869857311249	nan	1.6
345.20611548423767	nan	1.6
345.22278118133545	nan	1.6
345.2388725280762	nan	1.6
345.26116156578064	nan	1.6
345.28112053871155	nan	1.6
345.2979280948639	nan	1.6
345.3123736381531	nan	1.6
345.32887268066406	nan	1.6
345.34245252609253	nan	1.6
345.3570635318756	nan	1.6
345.3702504634857	nan	1.6
345.3883259296417	nan	1.6
345.4029417037964	nan	1.6
345.4172520637512	nan	1.6
345.43096899986267	nan	1.6
345.4456913471222	nan	1.6
345.4620156288147	nan	1.6
345.48459815979004	nan	1.6
345.50270771980286	nan	1.6
345.5222592353821	nan	1.6
345.54079413414	nan	1.6
345.5590262413025	nan	1.6
345.57663655281067	nan	1.6
345.59407901763916	nan	1.6
345.6137878894806	nan	1.6
345.63065576553345	nan	1.6
345.6497139930725	nan	1.6
345.6632556915283	nan	1.6
345.67905044555664	nan	1.6
345.6919689178467	nan	1.6
345.7058207988739	nan	1.6
345.7180154323578	nan	1.6
345.73259949684143	nan	1.6
345.74637150764465	nan	1.6
345.7617220878601	nan	1.6
345.77465748786926	nan	1.6
345.78711438179016	nan	1.6
345.7994408607483	nan	1.6
345.81488275527954	nan	1.6
345.83073377609253	nan	1.6
345.8452842235565	nan	1.6
345.858195066452	nan	1.6
345.8708279132843	nan	1.6
345.88457584381104	nan	1.6
345.9006371498108	nan	1.6
345.91558480262756	nan	1.6
345.9293248653412	nan	1.6
345.94193291664124	nan	1.6
345.95589447021484	nan	1.6
345.97081446647644	nan	1.6
345.98450350761414	nan	1.6
345.9978652000427	nan	1.6
346.0111229419708	nan	1.6
346.0237295627594	nan	1.6
346.03859758377075	nan	1.6
346.0538909435272	nan	1.6
346.0678639411926	nan	1.6
346.08061838150024	nan	1.6
346.0931372642517	nan	1.6
346.1097424030304	nan	1.6
346.123087644577	nan	1.6
346.1374776363373	nan	1.6
346.15136218070984	nan	1.6
346.16406059265137	nan	1.6
346.178587436676	nan	1.6
346.1927435398102	nan	1.6
346.2064907550812	nan	1.6
346.2194449901581	nan	1.6
346.232458114624	nan	1.6
346.2466115951538	nan	1.6
346.26173186302185	nan	1.6
346.2757902145386	nan	1.6
346.2886412143707	nan	1.6
346.30138635635376	nan	1.6
346.31470489501953	nan	1.6
346.3303391933441	nan	1.6
346.3441553115845	nan	1.6
346.357714176178	nan	1.6
346.3709695339203	nan	1.6
346.38644337654114	nan	1.6
346.4019012451172	nan	1.6
346.4160325527191	nan	1.6
346.42952609062195	nan	1.6
346.442405462265	nan	1.6
346.45596981048584	nan	1.6
346.47079062461853	nan	1.6
346.4862484931946	nan	1.6
346.49960827827454	nan	1.6
346.5132670402527	nan	1.6
346.5269842147827	nan	1.6
346.54481649398804	nan	1.6
346.5585858821869	nan	1.6
346.5712013244629	nan	1.6
346.58431482315063	nan	1.6
346.59769773483276	nan	1.6
346.61217761039734	nan	1.6
346.6271011829376	nan	1.6
346.63957953453064	nan	1.6
346.6521077156067	nan	1.6
346.6648108959198	nan	1.6
346.6786298751831	nan	1.6
346.69384717941284	nan	1.6
346.7068991661072	nan	1.6
346.72061252593994	nan	1.6
346.7341876029968	nan	1.6
346.74758648872375	nan	1.6
346.7623634338379	nan	1.6
346.77623200416565	nan	1.6
346.7891414165497	nan	1.6
346.8023524284363	nan	1.6
346.8153052330017	nan	1.6
346.83006477355957	nan	1.6
346.8437514305115	nan	1.6
346.8567214012146	nan	1.6
346.8692169189453	nan	1.6
346.88236021995544	nan	1.6
346.8957676887512	nan	1.6
346.91247844696045	nan	1.6
346.9258997440338	nan	1.6
346.93944334983826	nan	1.6
346.9518370628357	nan	1.6
346.96598744392395	nan	1.6
346.98045539855957	nan	1.6
346.9932289123535	nan	1.6
347.0069947242737	nan	1.6
347.02046513557434	nan	1.6
347.0340292453766	nan	1.6
347.0492808818817	nan	1.6
347.06461453437805	nan	1.6
347.0776331424713	nan	1.6
347.0910131931305	nan	1.6
347.10397934913635	nan	1.6
347.11958479881287	nan	1.6
347.13331747055054	nan	1.6
347.14705419540405	nan	1.6
347.1610486507416	nan	1.6
347.1743323802948	nan	1.6
347.18827629089355	nan	1.6
347.202987909317	nan	1.6
347.2161121368408	nan	1.6
347.229195356369	nan	1.6
347.24188804626465	nan	1.6
347.2578558921814	nan	1.6
347.2720322608948	nan	1.6
347.2863097190857	nan	1.6
347.2989602088928	nan	1.6
347.31319546699524	nan	1.6
347.32636070251465	nan	1.6
347.34153032302856	nan	1.6
347.35558247566223	nan	1.6
347.36818981170654	nan	1.6
347.38158106803894	nan	1.6
347.3945801258087	nan	1.6
347.4103214740753	nan	1.6
347.4233326911926	nan	1.6
347.43650913238525	nan	1.6
347.4496386051178	nan	1.6
347.46291613578796	nan	1.6
347.4773659706116	nan	1.6
347.49180936813354	nan	1.6
347.5063440799713	nan	1.6
347.51944494247437	nan	1.6
347.53289771080017	nan	1.6
347.5491292476654	nan	1.6
347.56385612487793	nan	1.6
347.57743191719055	nan	1.6
347.5910987854004	nan	1.6
347.6050069332123	nan	1.6
347.6194758415222	nan	1.6
347.63453483581543	nan	1.6
347.6481759548187	nan	1.6
347.66159224510193	nan	1.6
347.6751244068146	nan	1.6
347.6904022693634	nan	1.6
347.7046158313751	nan	1.6
347.7176465988159	nan	1.6
347.7304012775421	nan	1.6
347.74292063713074	nan	1.6
347.7567744255066	nan	1.6
347.771311044693	nan	1.6
347.78485345840454	nan	1.6
347.7979910373688	nan	1.6
347.81122303009033	nan	1.6
347.8251705169678	nan	1.6
347.8400127887726	nan	1.6
347.85369658470154	nan	1.6
347.8666617870331	nan	1.6
347.8800094127655	nan	1.6
347.8939299583435	nan	1.6
347.9078800678253	nan	1.6
347.92273902893066	nan	1.6
347.9367320537567	nan	1.6
347.9498379230499	nan	1.6
347.96279764175415	nan	1.6
347.97804832458496	nan	1.6
347.9915826320648	nan	1.6
348.00465846061707	nan	1.6
348.0170216560364	nan	1.6
348.030481338501	nan	1.6
348.043053150177	nan	1.6
348.0588209629059	nan	1.6
348.07314014434814	nan	1.6
348.0871090888977	nan	1.6
348.1009759902954	nan	1.6
348.1166572570801	nan	1.6
348.13196206092834	nan	1.6
348.14595556259155	nan	1.6
348.1599328517914	nan	1.6
348.1734368801117	nan	1.6
348.1862967014313	nan	1.6
348.2011249065399	nan	1.6
348.215496301651	nan	1.6
348.229120016098	nan	1.6
348.2424068450928	nan	1.6
348.25517678260803	nan	1.6
348.2716917991638	nan	1.6
348.28487253189087	nan	1.6
348.2977702617645	nan	1.6
348.31088042259216	nan	1.6
348.32474994659424	nan	1.6
348.3371653556824	nan	1.6
348.3518240451813	nan	1.6
348.3644452095032	nan	1.6
348.37699913978577	nan	1.6
348.38987731933594	nan	1.6
348.4047472476959	nan	1.6
348.4198522567749	nan	1.6
348.4333755970001	nan	1.6
348.4466257095337	nan	1.6
348.46136713027954	nan	1.6
348.47468090057373	nan	1.6
348.4898715019226	nan	1.6
348.50294065475464	nan	1.6
348.515506029129	nan	1.6
348.52782011032104	nan	1.6
348.5413107872009	nan	1.6
348.5572943687439	nan	1.6
348.5697886943817	nan	1.6
348.5826394557953	nan	1.6
348.5951807498932	nan	1.6
348.6075735092163	nan	1.6
348.61989641189575	nan	1.6
348.63548374176025	nan	1.6
348.6487410068512	nan	1.6
348.6625506877899	nan	1.6
348.6758074760437	nan	1.6
348.6895456314087	nan	1.6
348.7051615715027	nan	1.6
348.7183051109314	nan	1.6
348.73160696029663	nan	1.6
348.7448220252991	nan	1.6
348.7579412460327	nan	1.6
348.7711112499237	nan	1.6
348.78677225112915	nan	1.6
348.79964661598206	nan	1.6
348.8130249977112	nan	1.6
348.82622838020325	nan	1.6
348.84120655059814	nan	1.6
348.85492420196533	nan	1.6
348.86792850494385	nan	1.6
348.88108682632446	nan	1.6
348.8942039012909	nan	1.6
348.90775442123413	nan	1.6
348.9226999282837	nan	1.6
348.93629908561707	nan	1.6
348.9496593475342	nan	1.6
348.9632649421692	nan	1.6
348.97640085220337	nan	1.6
348.99149680137634	nan	1.6
349.00531482696533	nan	1.6
349.0179178714752	nan	1.6
349.03083395957947	nan	1.6
349.04350543022156	nan	1.6
349.0569124221802	nan	1.6
349.0735204219818	nan	1.6
349.0866138935089	nan	1.6
349.0998568534851	nan	1.6
349.1125919818878	nan	1.6
349.12778902053833	nan	1.6
349.14153957366943	nan	1.6
349.155739068985	nan	1.6
349.1682159900665	nan	1.6
349.1813244819641	nan	1.6
349.1944348812103	nan	1.6
349.20869159698486	nan	1.6
349.22201561927795	nan	1.6
349.23563742637634	nan	1.6
349.2485544681549	nan	1.6
349.2615246772766	nan	1.6
349.2764937877655	nan	1.6
349.2892527580261	nan	1.6
349.30225110054016	nan	1.6
349.31569147109985	nan	1.6
349.32810521125793	nan	1.6
349.3404817581177	nan	1.6
349.3569538593292	nan	1.6
349.36981201171875	nan	1.6
349.38346123695374	nan	1.6
349.396475315094	nan	1.6
349.41051626205444	nan	1.6
349.4260799884796	nan	1.6
349.43920826911926	nan	1.6
349.4523513317108	nan	1.6
349.4656789302826	nan	1.6
349.4787302017212	nan	1.6
349.492849111557	nan	1.6
349.50882172584534	nan	1.6
349.5216054916382	nan	1.6
349.53502893447876	nan	1.6
349.54821705818176	nan	1.6
349.56362223625183	nan	1.6
349.5770220756531	nan	1.6
349.59027075767517	nan	1.6
349.6040918827057	nan	1.6
349.6166605949402	nan	1.6
349.6303789615631	nan	1.6
349.64631748199463	nan	1.6
349.6603693962097	nan	1.6
349.67320585250854	nan	1.6
349.68702960014343	nan	1.6
349.7007591724396	nan	1.6
349.71632504463196	nan	1.6
349.7291042804718	nan	1.6
349.7419910430908	nan	1.6
349.75568652153015	nan	1.6
349.76810336112976	nan	1.6
349.782114982605	nan	1.6
349.7974410057068	nan	1.6
349.81084847450256	nan	1.6
349.8239345550537	nan	1.6
349.8366951942444	nan	1.6
349.8530514240265	nan	1.6
349.86667823791504	nan	1.6
349.87935757637024	nan	1.6
349.8921744823456	nan	1.6
349.9061532020569	nan	1.6
349.9185674190521	nan	1.6
349.93343782424927	nan	1.6
349.94643998146057	nan	1.6
349.959676027298	nan	1.6
349.9728808403015	nan	1.6
349.9866192340851	nan	1.6
350.00037813186646	nan	1.6
350.01297998428345	nan	1.6
350.02565121650696	nan	1.6
350.0378842353821	nan	1.6
350.0506811141968	nan	1.6
350.0636992454529	nan	1.6
350.07994294166565	nan	1.6
350.0934827327728	nan	1.6
350.10611271858215	nan	1.6
350.11917304992676	nan	1.6
350.132532119751	nan	1.6
350.14782524108887	nan	1.6
350.16043758392334	nan	1.6
350.17358350753784	nan	1.6
350.18637681007385	nan	1.6
350.19878101348877	nan	1.6
350.2117691040039	nan	1.6
350.22666215896606	nan	1.6
350.239376783371	nan	1.6
350.2520740032196	nan	1.6
350.2644500732422	nan	1.6
350.28229451179504	nan	1.6
350.30205821990967	nan	1.6
350.3161635398865	nan	1.6
350.33544754981995	nan	1.6
350.3499913215637	nan	1.6
350.36367678642273	nan	1.6
350.376877784729	nan	1.6
350.3894786834717	nan	1.6
350.40205812454224	nan	1.6
350.41804456710815	nan	1.6
350.4341170787811	nan	1.6
350.4471242427826	nan	1.6
350.46010160446167	nan	1.6
350.47283935546875	nan	1.6
350.4875204563141	nan	1.6
350.5018117427826	nan	1.6
350.5156273841858	nan	1.6
350.52839040756226	nan	1.6
350.5410952568054	nan	1.6
350.55521607398987	nan	1.6
350.5702795982361	nan	1.6
350.5841841697693	nan	1.6
350.5978891849518	nan	1.6
350.61111521720886	nan	1.6
350.6239035129547	nan	1.6
350.63917231559753	nan	1.6
350.65276980400085	nan	1.6
350.66690969467163	nan	1.6
350.680144071579	nan	1.6
350.6931371688843	nan	1.6
350.70702719688416	nan	1.6
350.72147130966187	nan	1.6
350.7349376678467	nan	1.6
350.7478060722351	nan	1.6
350.7608742713928	nan	1.6
350.77541184425354	nan	1.6
350.78991317749023	nan	1.6
350.80335688591003	nan	1.6
350.8165862560272	nan	1.6
350.8299036026001	nan	1.6
350.8440275192261	nan	1.6
350.8595645427704	nan	1.6
350.87271904945374	nan	1.6
350.88620591163635	nan	1.6
350.9003396034241	nan	1.6
350.9149854183197	nan	1.6
350.92931509017944	nan	1.6
350.9422552585602	nan	1.6
350.95654797554016	nan	1.6
350.96935391426086	nan	1.6
350.9823622703552	nan	1.6
350.9950547218323	nan	1.6
351.01096510887146	nan	1.6
351.02385330200195	nan	1.6
351.03679060935974	nan	1.6
351.050110578537	nan	1.6
351.06716442108154	nan	1.6
351.0807888507843	nan	1.6
351.0939130783081	nan	1.6
351.1066153049469	nan	1.6
351.1190404891968	nan	1.6
351.13250827789307	nan	1.6
351.14910221099854	nan	1.6
351.1626546382904	nan	1.6
351.17564821243286	nan	1.6
351.1882064342499	nan	1.6
351.20216155052185	nan	1.6
351.21683955192566	nan	1.6
351.23057770729065	nan	1.6
351.24320220947266	nan	1.6
351.2562403678894	nan	1.6
351.26921916007996	nan	1.6
351.28341460227966	nan	1.6
351.29855465888977	nan	1.6
351.3120946884155	nan	1.6
351.3250951766968	nan	1.6
351.33760714530945	nan	1.6
351.3524932861328	nan	1.6
351.36725187301636	nan	1.6
351.38086342811584	nan	1.6
351.39425110816956	nan	1.6
351.40806889533997	nan	1.6
351.42071318626404	nan	1.6
351.43623065948486	nan	1.6
351.44965171813965	nan	1.6
351.46338653564453	nan	1.6
351.47628235816956	nan	1.6
351.4889178276062	nan	1.6
351.50467252731323	nan	1.6
351.5175189971924	nan	1.6
351.53069043159485	nan	1.6
351.5433909893036	nan	1.6
351.55668926239014	nan	1.6
351.56940603256226	nan	1.6
351.5857398509979	nan	1.6
351.5993676185608	nan	1.6
351.6126480102539	nan	1.6
351.62537026405334	nan	1.6
351.6396110057831	nan	1.6
351.65333676338196	nan	1.6
351.666384935379	nan	1.6
351.67898964881897	nan	1.6
351.69181537628174	nan	1.6
351.70441198349	nan	1.6
351.71790075302124	nan	1.6
351.73193073272705	nan	1.6
351.74455213546753	nan	1.6
351.75695633888245	nan	1.6
351.76952028274536	nan	1.6
351.78469800949097	nan	1.6
351.7979075908661	nan	1.6
351.81068229675293	nan	1.6
351.82331562042236	nan	1.6
351.8355929851532	nan	1.6
351.8477544784546	nan	1.6
351.86273217201233	nan	1.6
351.8760905265808	nan	1.6
351.88914918899536	nan	1.6
351.90189146995544	nan	1.6
351.91515731811523	nan	1.6
351.92985010147095	nan	1.6
351.9426152706146	nan	1.6
351.9554352760315	nan	1.6
351.96780133247375	nan	1.6
351.9804573059082	nan	1.6
351.99388790130615	nan	1.6
352.0090124607086	nan	1.6
352.0226457118988	nan	1.6
352.0358567237854	nan	1.6
352.0487413406372	nan	1.6
352.0618290901184	nan	1.6
352.07706022262573	nan	1.6
352.090283870697	nan	1.6
352.1034646034241	nan	1.6
352.1167097091675	nan	1.6
352.12912464141846	nan	1.6
352.14212799072266	nan	1.6
352.1586215496063	nan	1.6
352.1718089580536	nan	1.6
352.1851623058319	nan	1.6
352.1981203556061	nan	1.6
352.2125356197357	nan	1.6
352.22874307632446	nan	1.6
352.2416524887085	nan	1.6
352.25546503067017	nan	1.6
352.26779198646545	nan	1.6
352.28115034103394	nan	1.6
352.2949740886688	nan	1.6
352.30992317199707	nan	1.6
352.32300901412964	nan	1.6
352.3360071182251	nan	1.6
352.34921956062317	nan	1.6
352.365571975708	nan	1.6
352.3782148361206	nan	1.6
352.39152693748474	nan	1.6
352.405499458313	nan	1.6
352.41807532310486	nan	1.6
352.4313335418701	nan	1.6
352.447557926178	nan	1.6
352.461266040802	nan	1.6
352.47405982017517	nan	1.6
352.48701667785645	nan	1.6
352.49993443489075	nan	1.6
352.5140640735626	nan	1.6
352.52707958221436	nan	1.6
352.5399281978607	nan	1.6
352.55321049690247	nan	1.6
352.56593465805054	nan	1.6
352.5798943042755	nan	1.6
352.59497833251953	nan	1.6
352.6085147857666	nan	1.6
352.6214528083801	nan	1.6
352.6353991031647	nan	1.6
352.6499729156494	nan	1.6
352.66434597969055	nan	1.6
352.677702665329	nan	1.6
352.69047808647156	nan	1.6
352.7046089172363	nan	1.6
352.7173500061035	nan	1.6
352.73274660110474	nan	1.6
352.74635910987854	nan	1.6
352.7599427700043	nan	1.6
352.773978471756	nan	1.6
352.7873845100403	nan	1.6
352.80255484580994	nan	1.6
352.8167099952698	nan	1.6
352.82976508140564	nan	1.6
352.84231305122375	nan	1.6
352.8562059402466	nan	1.6
352.8714511394501	nan	1.6
352.88578176498413	nan	1.6
352.89870953559875	nan	1.6
352.9123990535736	nan	1.6
352.92579674720764	nan	1.6
352.94064116477966	nan	1.6
352.95410108566284	nan	1.6
352.9673180580139	nan	1.6
352.9809010028839	nan	1.6
352.99524092674255	nan	1.6
353.0082964897156	nan	1.6
353.0248222351074	nan	1.6
353.0385522842407	nan	1.6
353.05142855644226	nan	1.6
353.06459641456604	nan	1.6
353.0796642303467	nan	1.6
353.09402990341187	nan	1.6
353.1075077056885	nan	1.6
353.12035298347473	nan	1.6
353.13423228263855	nan	1.6
353.1474664211273	nan	1.6
353.1633241176605	nan	1.6
353.176691532135	nan	1.6
353.18993163108826	nan	1.6
353.20317697525024	nan	1.6
353.2164227962494	nan	1.6
353.2317955493927	nan	1.6
353.2452256679535	nan	1.6
353.25861859321594	nan	1.6
353.27140069007874	nan	1.6
353.2849471569061	nan	1.6
353.29783844947815	nan	1.6
353.3128821849823	nan	1.6
353.3261933326721	nan	1.6
353.33899211883545	nan	1.6
353.3520324230194	nan	1.6
353.3651387691498	nan	1.6
353.38006949424744	nan	1.6
353.3938627243042	nan	1.6
353.40613436698914	nan	1.6
353.4183256626129	nan	1.6
353.4314532279968	nan	1.6
353.44439578056335	nan	1.6
353.4590504169464	nan	1.6
353.4722430706024	nan	1.6
353.4855844974518	nan	1.6
353.49779319763184	nan	1.6
353.5122139453888	nan	1.6
353.52492928504944	nan	1.6
353.5373339653015	nan	1.6
353.55001854896545	nan	1.6
353.56329345703125	nan	1.6
353.5756199359894	nan	1.6
353.5896968841553	nan	1.6
353.6039319038391	nan	1.6
353.6182336807251	nan	1.6
353.6307806968689	nan	1.6
353.6431586742401	nan	1.6
353.6601493358612	nan	1.6
353.67390298843384	nan	1.6
353.68720960617065	nan	1.6
353.6997809410095	nan	1.6
353.7131304740906	nan	1.6
353.72625613212585	nan	1.6
353.7435607910156	nan	1.6
353.7570538520813	nan	1.6
353.76955485343933	nan	1.6
353.7824716567993	nan	1.6
353.79726481437683	nan	1.6
353.81204295158386	nan	1.6
353.82596611976624	nan	1.6
353.8388924598694	nan	1.6
353.8513307571411	nan	1.6
353.8647212982178	nan	1.6
353.87983560562134	nan	1.6
353.89387035369873	nan	1.6
353.90700912475586	nan	1.6
353.92022156715393	nan	1.6
353.93292689323425	nan	1.6
353.9493329524994	nan	1.6
353.96334624290466	nan	1.6
353.97681188583374	nan	1.6
353.9901444911957	nan	1.6
354.00392055511475	nan	1.6
354.01737570762634	nan	1.6
354.0320863723755	nan	1.6
354.0457284450531	nan	1.6
354.05940866470337	nan	1.6
354.072438955307	nan	1.6
354.08815574645996	nan	1.6
354.1025869846344	nan	1.6
354.11592960357666	nan	1.6
354.12852239608765	nan	1.6
354.14185523986816	nan	1.6
354.1551659107208	nan	1.6
354.1706666946411	nan	1.6
354.1850275993347	nan	1.6
354.1983904838562	nan	1.6
354.2117540836334	nan	1.6
354.22741508483887	nan	1.6
354.24222779273987	nan	1.6
354.2549011707306	nan	1.6
354.2670702934265	nan	1.6
354.28065729141235	nan	1.6
354.29412746429443	nan	1.6
354.30760622024536	nan	1.6
354.3218116760254	nan	1.6
354.3352415561676	nan	1.6
354.34785890579224	nan	1.6
354.3608331680298	nan	1.6
354.3757801055908	nan	1.6
354.38984990119934	nan	1.6
354.4028024673462	nan	1.6
354.4166910648346	nan	1.6
354.4299876689911	nan	1.6
354.4446518421173	nan	1.6
354.46040201187134	nan	1.6
354.47445845603943	nan	1.6
354.48776173591614	nan	1.6
354.50084471702576	nan	1.6
354.51432275772095	nan	1.6
354.52935910224915	nan	1.6
354.54338479042053	nan	1.6
354.55673360824585	nan	1.6
354.5691785812378	nan	1.6
354.5825068950653	nan	1.6
354.597806930542	nan	1.6
354.61223125457764	nan	1.6
354.6254107952118	nan	1.6
354.6381859779358	nan	1.6
354.6508455276489	nan	1.6
354.6668725013733	nan	1.6
354.6801941394806	nan	1.6
354.69408655166626	nan	1.6
354.7076816558838	nan	1.6
354.7205009460449	nan	1.6
354.73437213897705	nan	1.6
354.7500169277191	nan	1.6
354.7643532752991	nan	1.6
354.7775146961212	nan	1.6
354.7910170555115	nan	1.6
354.8041865825653	nan	1.6
354.8181595802307	nan	1.6
354.8315510749817	nan	1.6
354.8456087112427	nan	1.6
354.85798811912537	nan	1.6
354.8705804347992	nan	1.6
354.8848514556885	nan	1.6
354.90019059181213	nan	1.6
354.91364574432373	nan	1.6
354.9275047779083	nan	1.6
354.9401214122772	nan	1.6
354.9565284252167	nan	1.6
354.9692087173462	nan	1.6
354.9820065498352	nan	1.6
354.9947786331177	nan	1.6
355.0070149898529	nan	1.6
355.01936316490173	nan	1.6
355.0355577468872	nan	1.6
355.04811835289	nan	1.6
355.06119894981384	nan	1.6
355.0740168094635	nan	1.6
355.08658480644226	nan	1.6
355.10261964797974	nan	1.6
355.11529779434204	nan	1.6
355.1276161670685	nan	1.6
355.14094591140747	nan	1.6
355.15327548980713	nan	1.6
355.1667730808258	nan	1.6
355.18142557144165	nan	1.6
355.1937379837036	nan	1.6
355.20700573921204	nan	1.6
355.2244658470154	nan	1.6
355.2385859489441	nan	1.6
355.25233340263367	nan	1.6
355.2663004398346	nan	1.6
355.279824256897	nan	1.6
355.2925865650177	nan	1.6
355.3061490058899	nan	1.6
355.3207950592041	nan	1.6
355.3337049484253	nan	1.6
355.3470849990845	nan	1.6
355.36047983169556	nan	1.6
355.37430810928345	nan	1.6
355.38940620422363	nan	1.6
355.4032144546509	nan	1.6
355.4169702529907	nan	1.6
355.42960119247437	nan	1.6
355.4423360824585	nan	1.6
355.455361366272	nan	1.6
355.47101402282715	nan	1.6
355.484739780426	nan	1.6
355.49730682373047	nan	1.6
355.5107944011688	nan	1.6
355.52660608291626	nan	1.6
355.54110884666443	nan	1.6
355.5550870895386	nan	1.6
355.5681185722351	nan	1.6
355.58065915107727	nan	1.6
355.5932741165161	nan	1.6
355.6078841686249	nan	1.6
355.622745513916	nan	1.6
355.6364302635193	nan	1.6
355.6495223045349	nan	1.6
355.6632888317108	nan	1.6
355.67878913879395	nan	1.6
355.6922469139099	nan	1.6
355.7060170173645	nan	1.6
355.71985363960266	nan	1.6
355.73302006721497	nan	1.6
355.7476689815521	nan	1.6
355.76071977615356	nan	1.6
355.77407670021057	nan	1.6
355.7872242927551	nan	1.6
355.79990339279175	nan	1.6
355.81614685058594	nan	1.6
355.82989048957825	nan	1.6
355.8442759513855	nan	1.6
355.8583962917328	nan	1.6
355.8729832172394	nan	1.6
355.88892793655396	nan	1.6
355.90144658088684	nan	1.6
355.9158055782318	nan	1.6
355.9281876087189	nan	1.6
355.9413216114044	nan	1.6
355.95417761802673	nan	1.6
355.9689486026764	nan	1.6
355.9818425178528	nan	1.6
355.9955406188965	nan	1.6
356.0084707736969	nan	1.6
356.0233676433563	nan	1.6
356.0382790565491	nan	1.6
356.05090856552124	nan	1.6
356.06444692611694	nan	1.6
356.07733273506165	nan	1.6
356.09070682525635	nan	1.6
356.1058897972107	nan	1.6
356.120582818985	nan	1.6
356.13507437705994	nan	1.6
356.1475977897644	nan	1.6
356.16076588630676	nan	1.6
356.17775893211365	nan	1.6
356.19100403785706	nan	1.6
356.2034420967102	nan	1.6
356.2165162563324	nan	1.6
356.2296071052551	nan	1.6
356.24525237083435	nan	1.6
356.2602508068085	nan	1.6
356.27420377731323	nan	1.6
356.287433385849	nan	1.6
356.30062890052795	nan	1.6
356.31736063957214	nan	1.6
356.33048963546753	nan	1.6
356.3443968296051	nan	1.6
356.3575839996338	nan	1.6
356.37176513671875	nan	1.6
356.38490867614746	nan	1.6
356.39947509765625	nan	1.6
356.4122521877289	nan	1.6
356.4256315231323	nan	1.6
356.43865394592285	nan	1.6
356.45261883735657	nan	1.6
356.4672529697418	nan	1.6
356.4800431728363	nan	1.6
356.4937720298767	nan	1.6
356.5060636997223	nan	1.6
356.5189218521118	nan	1.6
356.533394575119	nan	1.6
356.54835629463196	nan	1.6
356.5615372657776	nan	1.6
356.5750410556793	nan	1.6
356.5875747203827	nan	1.6
356.6019721031189	nan	1.6
356.6158537864685	nan	1.6
356.62829971313477	nan	1.6
356.6410274505615	nan	1.6
356.6535098552704	nan	1.6
356.6661911010742	nan	1.6
356.6809515953064	nan	1.6
356.6939125061035	nan	1.6
356.70655584335327	nan	1.6
356.7201638221741	nan	1.6
356.7330677509308	nan	1.6
356.74906396865845	nan	1.6
356.761771440506	nan	1.6
356.7744605541229	nan	1.6
356.7869758605957	nan	1.6
356.7993965148926	nan	1.6
356.81303310394287	nan	1.6
356.82741713523865	nan	1.6
356.8401892185211	nan	1.6
356.8533387184143	nan	1.6
356.86559772491455	nan	1.6
356.8777539730072	nan	1.6
356.89264392852783	nan	1.6
356.90575551986694	nan	1.6
356.91841101646423	nan	1.6
356.93075704574585	nan	1.6
356.94335317611694	nan	1.6
356.955908536911	nan	1.6
356.9714825153351	nan	1.6
356.9841046333313	nan	1.6
356.99733233451843	nan	1.6
357.01049160957336	nan	1.6
357.02470111846924	nan	1.6
357.0392451286316	nan	1.6
357.0521922111511	nan	1.6
357.0659444332123	nan	1.6
357.07858324050903	nan	1.6
357.09202456474304	nan	1.6
357.1043965816498	nan	1.6
357.1198401451111	nan	1.6
357.1328356266022	nan	1.6
357.1461338996887	nan	1.6
357.1594386100769	nan	1.6
357.1746814250946	nan	1.6
357.19045209884644	nan	1.6
357.20349764823914	nan	1.6
357.2177073955536	nan	1.6
357.230587720871	nan	1.6
357.24363899230957	nan	1.6
357.25905656814575	nan	1.6
357.27262902259827	nan	1.6
357.2862629890442	nan	1.6
357.2988464832306	nan	1.6
357.31197023391724	nan	1.6
357.3282492160797	nan	1.6
357.34188747406006	nan	1.6
357.3553385734558	nan	1.6
357.3685040473938	nan	1.6
357.38138127326965	nan	1.6
357.39535689353943	nan	1.6
357.41055130958557	nan	1.6
357.4242820739746	nan	1.6
357.4375522136688	nan	1.6
357.4506332874298	nan	1.6
357.4657483100891	nan	1.6
357.47956705093384	nan	1.6
357.49332094192505	nan	1.6
357.506227016449	nan	1.6
357.5197992324829	nan	1.6
357.5323600769043	nan	1.6
357.5487003326416	nan	1.6
357.56147360801697	nan	1.6
357.5746295452118	nan	1.6
357.5879361629486	nan	1.6
357.6010377407074	nan	1.6
357.6168704032898	nan	1.6
357.6300644874573	nan	1.6
357.64279103279114	nan	1.6
357.6560175418854	nan	1.6
357.6686980724335	nan	1.6
357.681866645813	nan	1.6
357.6966917514801	nan	1.6
357.710018157959	nan	1.6
357.72402787208557	nan	1.6
357.736492395401	nan	1.6
357.7511086463928	nan	1.6
357.76452708244324	nan	1.6
357.7775499820709	nan	1.6
357.79075503349304	nan	1.6
357.80361700057983	nan	1.6
357.81665778160095	nan	1.6
357.831148147583	nan	1.6
357.8456177711487	nan	1.6
357.85862016677856	nan	1.6
357.8716118335724	nan	1.6
357.8841710090637	nan	1.6
357.89943289756775	nan	1.6
357.9139573574066	nan	1.6
357.9273929595947	nan	1.6
357.9414973258972	nan	1.6
357.9539706707001	nan	1.6
357.96703696250916	nan	1.6
357.98162031173706	nan	1.6
357.99532437324524	nan	1.6
358.0083475112915	nan	1.6
358.0213234424591	nan	1.6
358.0350136756897	nan	1.6
358.0494728088379	nan	1.6
358.0631251335144	nan	1.6
358.07612013816833	nan	1.6
358.0889344215393	nan	1.6
358.1017208099365	nan	1.6
358.11603021621704	nan	1.6
358.1310451030731	nan	1.6
358.1445960998535	nan	1.6
358.1572585105896	nan	1.6
358.17083501815796	nan	1.6
358.18586587905884	nan	1.6
358.1989359855652	nan	1.6
358.21224999427795	nan	1.6
358.2259659767151	nan	1.6
358.23887872695923	nan	1.6
358.251615524292	nan	1.6
358.26847219467163	nan	1.6
358.2815339565277	nan	1.6
358.294029712677	nan	1.6
358.3066523075104	nan	1.6
358.3190133571625	nan	1.6
358.3353283405304	nan	1.6
358.34820199012756	nan	1.6
358.3608374595642	nan	1.6
358.3734440803528	nan	1.6
358.385870218277	nan	1.6
358.39824867248535	nan	1.6
358.41378831863403	nan	1.6
358.4272665977478	nan	1.6
358.439888715744	nan	1.6
358.45283555984497	nan	1.6
358.4662272930145	nan	1.6
358.4808807373047	nan	1.6
358.49524092674255	nan	1.6
358.5078694820404	nan	1.6
358.5202376842499	nan	1.6
358.53264832496643	nan	1.6
358.54609775543213	nan	1.6
358.5606746673584	nan	1.6
358.57372212409973	nan	1.6
358.5861916542053	nan	1.6
358.5986783504486	nan	1.6
358.61311626434326	nan	1.6
358.6280167102814	nan	1.6
358.6411964893341	nan	1.6
358.6546423435211	nan	1.6
358.66719460487366	nan	1.6
358.6800289154053	nan	1.6
358.69547414779663	nan	1.6
358.71018648147583	nan	1.6
358.72340154647827	nan	1.6
358.73595237731934	nan	1.6
358.7483711242676	nan	1.6
358.76533460617065	nan	1.6
358.7780418395996	nan	1.6
358.7912964820862	nan	1.6
358.8041925430298	nan	1.6
358.81771063804626	nan	1.6
358.8304326534271	nan	1.6
358.8464996814728	nan	1.6
358.85987734794617	nan	1.6
358.8731188774109	nan	1.6
358.88604736328125	nan	1.6
358.8988149166107	nan	1.6
358.91474628448486	nan	1.6
358.92808723449707	nan	1.6
358.9410037994385	nan	1.6
358.9548542499542	nan	1.6
358.9676797389984	nan	1.6
358.9822916984558	nan	1.6
358.99732303619385	nan	1.6
359.0099608898163	nan	1.6
359.02328062057495	nan	1.6
359.03653478622437	nan	1.6
359.05207204818726	nan	1.6
359.06597208976746	nan	1.6
359.07869124412537	nan	1.6
359.0918698310852	nan	1.6
359.1050601005554	nan	1.6
359.117791891098	nan	1.6
359.1332640647888	nan	1.6
359.147025346756	nan	1.6
359.1604652404785	nan	1.6
359.174067735672	nan	1.6
359.1885516643524	nan	1.6
359.20296597480774	nan	1.6
359.2164742946625	nan	1.6
359.230309009552	nan	1.6
359.24407482147217	nan	1.6
359.2572100162506	nan	1.6
359.2725863456726	nan	1.6
359.28737711906433	nan	1.6
359.3002278804779	nan	1.6
359.3136353492737	nan	1.6
359.32679414749146	nan	1.6
359.3426070213318	nan	1.6
359.3559250831604	nan	1.6
359.36912393569946	nan	1.6
359.38196897506714	nan	1.6
359.39531803131104	nan	1.6
359.40768814086914	nan	1.6
359.4224808216095	nan	1.6
359.4358651638031	nan	1.6
359.4485139846802	nan	1.6
359.4624698162079	nan	1.6
359.4759078025818	nan	1.6
359.4902286529541	nan	1.6
359.5034897327423	nan	1.6
359.5167348384857	nan	1.6
359.52952432632446	nan	1.6
359.54276514053345	nan	1.6
359.55752635002136	nan	1.6
359.5733540058136	nan	1.6
359.5866975784302	nan	1.6
359.5994038581848	nan	1.6
359.61228013038635	nan	1.6
359.6284420490265	nan	1.6
359.6423316001892	nan	1.6
359.65529561042786	nan	1.6
359.6682629585266	nan	1.6
359.68088817596436	nan	1.6
359.6942596435547	nan	1.6
359.70944356918335	nan	1.6
359.7234477996826	nan	1.6
359.7371609210968	nan	1.6
359.749968290329	nan	1.6
359.76303362846375	nan	1.6
359.7782096862793	nan	1.6
359.790846824646	nan	1.6
359.8043260574341	nan	1.6
359.8172183036804	nan	1.6
359.830007314682	nan	1.6
359.84472727775574	nan	1.6
359.85915517807007	nan	1.6
359.8726074695587	nan	1.6
359.885778427124	nan	1.6
359.8987991809845	nan	1.6
359.91543841362	nan	1.6
359.92904710769653	nan	1.6
359.9421708583832	nan	1.6
359.9551217556	nan	1.6
359.96756744384766	nan	1.6
359.98007798194885	nan	1.6
359.99568605422974	nan	1.6
360.00791454315186	nan	1.6
360.02077531814575	nan	1.6
360.0335524082184	nan	1.6
360.04619669914246	nan	1.6
360.06085729599	nan	1.6
360.07342076301575	nan	1.6
360.0856714248657	nan	1.6
360.09839963912964	nan	1.6
360.1109411716461	nan	1.6
360.12342262268066	nan	1.6
360.13940167427063	nan	1.6
360.15249276161194	nan	1.6
360.1653211116791	nan	1.6
360.1779360771179	nan	1.6
360.19040966033936	nan	1.6
360.2068245410919	nan	1.6
360.2231752872467	nan	1.6
360.2383725643158	nan	1.6
360.25142002105713	nan	1.6
360.26427698135376	nan	1.6
360.27917528152466	nan	1.6
360.2986888885498	nan	1.6
360.3115165233612	nan	1.6
360.3256106376648	nan	1.6
360.3394160270691	nan	1.6
360.35363388061523	nan	1.6
360.3670527935028	nan	1.6
360.3792748451233	nan	1.6
360.3927848339081	nan	1.6
360.40573024749756	nan	1.6
360.42023158073425	nan	1.6
360.4346480369568	nan	1.6
360.4476726055145	nan	1.6
360.46107053756714	nan	1.6
360.4736702442169	nan	1.6
360.48925256729126	nan	1.6
360.5029594898224	nan	1.6
360.5236909389496	nan	1.6
360.5439486503601	nan	1.6
360.56293630599976	nan	1.6
360.58031487464905	nan	1.6
360.593421459198	nan	1.6
360.60928320884705	nan	1.6
360.6241362094879	nan	1.6
360.6401891708374	nan	1.6
360.65412282943726	nan	1.6
360.6676216125488	nan	1.6
360.68035888671875	nan	1.6
360.69395422935486	nan	1.6
360.7078266143799	nan	1.6
360.7226960659027	nan	1.6
360.736789226532	nan	1.6
360.75120878219604	nan	1.6
360.7648186683655	nan	1.6
360.781005859375	nan	1.6
360.7940649986267	nan	1.6
360.80743503570557	nan	1.6
360.82077836990356	nan	1.6
360.8352675437927	nan	1.6
360.84770369529724	nan	1.6
360.8624219894409	nan	1.6
360.8768150806427	nan	1.6
360.8902518749237	nan	1.6
360.90483236312866	nan	1.6
360.9198694229126	nan	1.6
360.93399310112	nan	1.6
360.9478726387024	nan	1.6
360.96077370643616	nan	1.6
360.97451305389404	nan	1.6
360.9895157814026	nan	1.6
361.0035035610199	nan	1.6
361.02020835876465	nan	1.6
361.0400848388672	nan	1.6
361.0613205432892	nan	1.6
361.0821304321289	nan	1.6
361.1020085811615	nan	1.6
361.12040638923645	nan	1.6
361.1393165588379	nan	1.6
361.15309953689575	nan	1.6
361.1665151119232	nan	1.6
361.1797592639923	nan	1.6
361.1930480003357	nan	1.6
361.20676922798157	nan	1.6
361.2211227416992	nan	1.6
361.2349941730499	nan	1.6
361.2485909461975	nan	1.6
361.26279854774475	nan	1.6
361.27882981300354	nan	1.6
361.29446816444397	nan	1.6
361.3084192276001	nan	1.6
361.3236656188965	nan	1.6
361.338303565979	nan	1.6
361.3562605381012	nan	1.6
361.37144136428833	nan	1.6
361.3873748779297	nan	1.6
361.4064223766327	nan	1.6
361.4263026714325	nan	1.6
361.44034600257874	nan	1.6
361.4542489051819	nan	1.6
361.4676058292389	nan	1.6
361.4807336330414	nan	1.6
361.49656224250793	nan	1.6
361.5103702545166	nan	1.6
361.5232238769531	nan	1.6
361.5366334915161	nan	1.6
361.54990243911743	nan	1.6
361.56684279441833	nan	1.6
361.5795421600342	nan	1.6
361.59258103370667	nan	1.6
361.6060371398926	nan	1.6
361.61883306503296	nan	1.6
361.6320149898529	nan	1.6
361.6482379436493	nan	1.6
361.660986661911	nan	1.6
361.67334365844727	nan	1.6
361.6858744621277	nan	1.6
361.69950890541077	nan	1.6
361.71369075775146	nan	1.6
361.7335035800934	nan	1.6
361.7578270435333	nan	1.6
361.7786684036255	nan	1.6
361.7974922657013	nan	1.6
361.8152103424072	nan	1.6
361.8357014656067	nan	1.6
361.8591742515564	nan	1.6
361.88150453567505	nan	1.6
361.89876222610474	nan	1.6
361.91154313087463	nan	1.6
361.9263858795166	nan	1.6
361.9411404132843	nan	1.6
361.9535014629364	nan	1.6
361.9668724536896	nan	1.6
361.981764793396	nan	1.6
361.9992415904999	nan	1.6
362.01500511169434	nan	1.6
362.02804160118103	nan	1.6
362.0409469604492	nan	1.6
362.05390310287476	nan	1.6
362.0715494155884	nan	1.6
362.08568692207336	nan	1.6
362.0982780456543	nan	1.6
362.111998796463	nan	1.6
362.12543177604675	nan	1.6
362.14410638809204	nan	1.6
362.1661322116852	nan	1.6
362.18718671798706	nan	1.6
362.2095482349396	nan	1.6
362.23391103744507	nan	1.6
362.2556335926056	nan	1.6
362.28027081489563	nan	1.6
362.30318570137024	nan	1.6
362.3257825374603	nan	1.6
362.34740447998047	nan	1.6
362.3668403625488	nan	1.6
362.3842918872833	nan	1.6
362.39884543418884	nan	1.6
362.41229605674744	nan	1.6
362.43046617507935	nan	1.6
362.451199054718	nan	1.6
362.4694175720215	nan	1.6
362.48341488838196	nan	1.6
362.4981691837311	nan	1.6
362.5174422264099	nan	1.6
362.5375277996063	nan	1.6
362.5578501224518	nan	1.6
362.580934047699	nan	1.6
362.6017725467682	nan	1.6
362.61986470222473	nan	1.6
362.6362602710724	nan	1.6
362.6554431915283	nan	1.6
362.6704444885254	nan	1.6
362.68578600883484	nan	1.6
362.6993474960327	nan	1.6
362.71647691726685	nan	1.6
362.73041677474976	nan	1.6
362.7453382015228	nan	1.6
362.75912046432495	nan	1.6
362.7738058567047	nan	1.6
362.78810930252075	nan	1.6
362.80359077453613	nan	1.6
362.81968808174133	nan	1.6
362.8329954147339	nan	1.6
362.8481795787811	nan	1.6
362.86541748046875	nan	1.6
362.8793680667877	nan	1.6
362.8933708667755	nan	1.6
362.90665888786316	nan	1.6
362.92079043388367	nan	1.6
362.9342761039734	nan	1.6
363.1760892868042	nan	1.6
363.1886124610901	nan	1.6
363.2018928527832	nan	1.6
363.21451902389526	nan	1.6
363.22981691360474	nan	1.6
363.24224853515625	nan	1.6
363.25499629974365	nan	1.6
363.26772117614746	nan	1.6
363.28073167800903	nan	1.6
363.29497718811035	nan	1.6
363.30906438827515	nan	1.6
363.3220658302307	nan	1.6
363.3352153301239	nan	1.6
363.34733295440674	nan	1.6
363.3602066040039	nan	1.6
363.3742024898529	nan	1.6
363.3869137763977	nan	1.6
363.3990819454193	nan	1.6
363.41140270233154	nan	1.6
363.4238736629486	nan	1.6
363.43740224838257	nan	1.6
363.449501991272	nan	1.6
363.46173310279846	nan	1.6
363.4745366573334	nan	1.6
363.48640513420105	nan	1.6
363.4985423088074	nan	1.6
363.5111756324768	nan	1.6
363.5240659713745	nan	1.6
363.53656125068665	nan	1.6
363.5487377643585	nan	1.6
363.5615313053131	nan	1.6
363.5752227306366	nan	1.6
363.58886528015137	nan	1.6
363.60174775123596	nan	1.6
363.6148262023926	nan	1.6
363.62674593925476	nan	1.6
363.6396515369415	nan	1.6
363.65273118019104	nan	1.6
363.66680455207825	nan	1.6
363.6795959472656	nan	1.6
363.6915578842163	nan	1.6
363.7038559913635	nan	1.6
363.7184224128723	nan	1.6
363.7339186668396	nan	1.6
363.74905371665955	nan	1.6
363.76355266571045	nan	1.6
363.77771615982056	nan	1.6
363.79209566116333	nan	1.6
363.80882024765015	nan	1.6
363.8227128982544	nan	1.6
363.8374869823456	nan	1.6
363.85081577301025	nan	1.6
363.8648102283478	nan	1.6
363.88085103034973	nan	1.6
363.8958957195282	nan	1.6
363.90779852867126	nan	1.6
363.9207456111908	nan	1.6
363.93336725234985	nan	1.6
363.94889998435974	nan	1.6
363.9619116783142	nan	1.6
363.97544407844543	nan	1.6
363.98896622657776	nan	1.6
364.0015597343445	nan	1.6
364.01646399497986	nan	1.6
364.0297038555145	nan	1.6
364.04320216178894	nan	1.6
364.0558702945709	nan	1.6
364.06895208358765	nan	1.6
364.0808584690094	nan	1.6
364.0965931415558	nan	1.6
364.10944867134094	nan	1.6
364.122620344162	nan	1.6
364.13695073127747	nan	1.6
364.15208554267883	nan	1.6
364.1671748161316	nan	1.6
364.17994260787964	nan	1.6
364.19222688674927	nan	1.6
364.204523563385	nan	1.6
364.2165050506592	nan	1.6
364.2290458679199	nan	1.6
364.241810798645	nan	1.6
364.25447130203247	nan	1.6
364.2665927410126	nan	1.6
364.27917075157166	nan	1.6
364.2968544960022	nan	1.6
364.31346917152405	nan	1.6
364.3265504837036	nan	1.6
364.339955329895	nan	1.6
364.35266876220703	nan	1.6
364.3662939071655	nan	1.6
364.3819856643677	nan	1.6
364.3982729911804	nan	1.6
364.41394686698914	nan	1.6
364.4319875240326	nan	1.6
364.4507420063019	nan	1.6
364.469117641449	nan	1.6
364.48452258110046	nan	1.6
364.49719500541687	nan	1.6
364.5108072757721	nan	1.6
364.52481961250305	nan	1.6
364.5372779369354	nan	1.6
364.55003476142883	nan	1.6
364.5629794597626	nan	1.6
364.57557129859924	nan	1.6
364.5893931388855	nan	1.6
364.6018466949463	nan	1.6
364.61518263816833	nan	1.6
364.62857365608215	nan	1.6
364.64201641082764	nan	1.6
364.65454292297363	nan	1.6
364.6693892478943	nan	1.6
364.6818115711212	nan	1.6
364.6947319507599	nan	1.6
364.7071876525879	nan	1.6
364.720192193985	nan	1.6
364.73431849479675	nan	1.6
364.74714064598083	nan	1.6
364.76104068756104	nan	1.6
364.77411913871765	nan	1.6
364.78663778305054	nan	1.6
364.79951763153076	nan	1.6
364.81349301338196	nan	1.6
364.8266587257385	nan	1.6
364.83984422683716	nan	1.6
364.85226941108704	nan	1.6
364.8661916255951	nan	1.6
364.8789348602295	nan	1.6
364.89201378822327	nan	1.6
364.9078097343445	nan	1.6
364.9225709438324	nan	1.6
364.93669843673706	nan	1.6
364.95105600357056	nan	1.6
364.96470975875854	nan	1.6
364.9774754047394	nan	1.6
364.9903037548065	nan	1.6
365.0032744407654	nan	1.6
365.01684617996216	nan	1.6
365.02960443496704	nan	1.6
365.0421860218048	nan	1.6
365.0547523498535	nan	1.6
365.06684923171997	nan	1.6
365.07902479171753	nan	1.6
365.09189796447754	nan	1.6
365.1054184436798	nan	1.6
365.11787700653076	nan	1.6
365.13108086586	nan	1.6
365.14407229423523	nan	1.6
365.157591342926	nan	1.6
365.1710457801819	nan	1.6
365.1841711997986	nan	1.6
365.1969885826111	nan	1.6
365.2121624946594	nan	1.6
365.2275471687317	nan	1.6
365.2424387931824	nan	1.6
365.25789427757263	nan	1.6
365.27366495132446	nan	1.6
365.2893970012665	nan	1.6
365.3071346282959	nan	1.6
365.32296442985535	nan	1.6
365.33888840675354	nan	1.6
365.3535785675049	nan	1.6
365.3687059879303	nan	1.6
365.3853974342346	nan	1.6
365.3981385231018	nan	1.6
365.4106857776642	nan	1.6
365.4231653213501	nan	1.6
365.4365441799164	nan	1.6
365.44966173171997	nan	1.6
365.4620990753174	nan	1.6
365.4753665924072	nan	1.6
365.48851704597473	nan	1.6
365.5040762424469	nan	1.6
365.5204129219055	nan	1.6
365.533709526062	nan	1.6
365.5483856201172	nan	1.6
365.56127882003784	nan	1.6
365.57491517066956	nan	1.6
365.58862352371216	nan	1.6
365.60240840911865	nan	1.6
365.6154818534851	nan	1.6
365.628187417984	nan	1.6
365.6412601470947	nan	1.6
365.654424905777	nan	1.6
365.66866850852966	nan	1.6
365.681663274765	nan	1.6
365.6954257488251	nan	1.6
365.70802545547485	nan	1.6
365.7211525440216	nan	1.6
365.7337419986725	nan	1.6
365.7476122379303	nan	1.6
365.76060914993286	nan	1.6
365.7735905647278	nan	1.6
365.7864110469818	nan	1.6
365.8000056743622	nan	1.6
365.8140196800232	nan	1.6
365.8273808956146	nan	1.6
365.8411703109741	nan	1.6
365.854665517807	nan	1.6
365.8675813674927	nan	1.6
365.8812599182129	nan	1.6
365.894544839859	nan	1.6
365.90721893310547	nan	1.6
365.92007780075073	nan	1.6
365.9341731071472	nan	1.6
365.9465570449829	nan	1.6
365.95950531959534	nan	1.6
365.9725692272186	nan	1.6
365.98663568496704	nan	1.6
365.99898648262024	nan	1.6
366.0125205516815	nan	1.6
366.0282998085022	nan	1.6
366.0406742095947	nan	1.6
366.0544099807739	nan	1.6
366.067045211792	nan	1.6
366.0800268650055	nan	1.6
366.09240102767944	nan	1.6
366.1059980392456	nan	1.6
366.1190183162689	nan	1.6
366.13246870040894	nan	1.6
366.1459903717041	nan	1.6
366.1584975719452	nan	1.6
366.1718318462372	nan	1.6
366.18593525886536	nan	1.6
366.19896936416626	nan	1.6
366.2115812301636	nan	1.6
366.2250728607178	nan	1.6
366.2375524044037	nan	1.6
366.2509825229645	nan	1.6
366.26395201683044	nan	1.6
366.2821865081787	nan	1.6
366.3802435398102	nan	1.6
366.39119815826416	nan	1.6
366.40225553512573	nan	1.6
366.4130506515503	nan	1.6
366.42405366897583	nan	1.6
366.43512201309204	nan	1.6
366.4461860656738	nan	1.6
366.457403421402	nan	1.6
366.4684433937073	nan	1.6
366.47954845428467	nan	1.6
366.4906208515167	nan	1.6
366.50169825553894	nan	1.6
366.5127682685852	nan	1.6
366.52376103401184	nan	1.6
366.53493332862854	nan	1.6
366.5460057258606	nan	1.6
366.55705881118774	nan	1.6
366.5681405067444	nan	1.6
366.5792336463928	nan	1.6
366.59030318260193	nan	1.6
366.6014578342438	nan	1.6
366.6126718521118	nan	1.6
366.6237552165985	nan	1.6
366.6344301700592	nan	1.6
366.6455521583557	nan	1.6
366.6564152240753	nan	1.6
366.6674168109894	nan	1.6
366.67844128608704	nan	1.6
366.68900179862976	nan	1.6
366.6999614238739	nan	1.6
366.7106590270996	nan	1.6
366.7213978767395	nan	1.6
366.7320213317871	nan	1.6
366.74276518821716	nan	1.6
366.7537724971771	nan	1.6
366.764817237854	nan	1.6
366.7753987312317	nan	1.6
366.78628039360046	nan	1.6
366.79724884033203	nan	1.6
366.80790400505066	nan	1.6
366.81892442703247	nan	1.6
366.8295123577118	nan	1.6
366.840145111084	nan	1.6
366.8510160446167	nan	1.6
366.86177110671997	nan	1.6
366.8723957538605	nan	1.6
366.8832767009735	nan	1.6
366.89437651634216	nan	1.6
366.90543723106384	nan	1.6
366.91636395454407	nan	1.6
366.9272766113281	nan	1.6
366.9380588531494	nan	1.6
366.94907689094543	nan	1.6
366.95991349220276	nan	1.6
366.9708595275879	nan	1.6
366.98179054260254	nan	1.6
366.9925067424774	nan	1.6
367.0033676624298	nan	1.6
367.01422691345215	nan	1.6
367.0249001979828	nan	1.6
367.035795211792	nan	1.6
367.04656958580017	nan	1.6
367.0575988292694	nan	1.6
367.06851530075073	nan	1.6
367.0793914794922	nan	1.6
367.09014797210693	nan	1.6
367.1010227203369	nan	1.6
367.111896276474	nan	1.6
367.122816324234	nan	1.6
367.13365721702576	nan	1.6
367.14440393447876	nan	1.6
367.15540981292725	nan	1.6
367.16614532470703	nan	1.6
367.17683029174805	nan	1.6
367.1876554489136	nan	1.6
367.1983094215393	nan	1.6
367.2089567184448	nan	1.6
367.2195098400116	nan	1.6
367.2305202484131	nan	1.6
367.24124813079834	nan	1.6
367.25177574157715	nan	1.6
367.26278281211853	nan	1.6
367.2734010219574	nan	1.6
367.2844021320343	nan	1.6
367.2950177192688	nan	1.6
367.3060178756714	nan	1.6
367.31654930114746	nan	1.6
367.3270890712738	nan	1.6
367.3383071422577	nan	1.6
367.3488516807556	nan	1.6
367.35974621772766	nan	1.6
367.3706634044647	nan	1.6
367.38118529319763	nan	1.6
367.39193081855774	nan	1.6
367.40296745300293	nan	1.6
367.41398096084595	nan	1.6
367.4249413013458	nan	1.6
367.4355125427246	nan	1.6
367.4464409351349	nan	1.6
367.4574513435364	nan	1.6
367.468239068985	nan	1.6
367.4789264202118	nan	1.6
367.4896516799927	nan	1.6
367.5002853870392	nan	1.6
367.5111963748932	nan	1.6
367.52194380760193	nan	1.6
367.5325746536255	nan	1.6
367.5435721874237	nan	1.6
367.55459356307983	nan	1.6
367.5652096271515	nan	1.6
367.5761754512787	nan	1.6
367.58741760253906	nan	1.6
367.59850239753723	nan	1.6
367.6095817089081	nan	1.6
367.6206338405609	nan	1.6
367.6317923069	nan	1.6
367.6428654193878	nan	1.6
367.6538746356964	nan	1.6
367.66459941864014	nan	1.6
367.67561316490173	nan	1.6
367.68667101860046	nan	1.6
367.69747138023376	nan	1.6
367.7084872722626	nan	1.6
367.71901273727417	nan	1.6
367.7297456264496	nan	1.6
367.7404110431671	nan	1.6
367.75110721588135	nan	1.6
367.7617735862732	nan	1.6
367.7728555202484	nan	1.6
367.78386402130127	nan	1.6
367.7949364185333	nan	1.6
367.80550026893616	nan	1.6
367.81643557548523	nan	1.6
367.82700991630554	nan	1.6
367.838294506073	nan	1.6
367.8490209579468	nan	1.6
367.8602693080902	nan	1.6
367.8709924221039	nan	1.6
367.88217520713806	nan	1.6
367.89293098449707	nan	1.6
367.90389347076416	nan	1.6
367.91494274139404	nan	1.6
367.92595314979553	nan	1.6
367.9365427494049	nan	1.6
367.94749784469604	nan	1.6
367.9583206176758	nan	1.6
367.969274520874	nan	1.6
367.9801788330078	nan	1.6
367.99078035354614	nan	1.6
368.0020046234131	nan	1.6
368.01304149627686	nan	1.6
368.0242702960968	nan	1.6
368.0349762439728	nan	1.6
368.0459861755371	nan	1.6
368.05720615386963	nan	1.6
368.0681788921356	nan	1.6
368.078732252121	nan	1.6
368.0896272659302	nan	1.6
368.10042357444763	nan	1.6
368.1110167503357	nan	1.6
368.1220693588257	nan	1.6
368.13303565979004	nan	1.6
368.1440453529358	nan	1.6
368.15504360198975	nan	1.6
368.16603207588196	nan	1.6
368.1768674850464	nan	1.6
368.18791937828064	nan	1.6
368.19874382019043	nan	1.6
368.2094626426697	nan	1.6
368.2201244831085	nan	1.6
368.23082661628723	nan	1.6
368.2419240474701	nan	1.6
368.2530059814453	nan	1.6
368.2639424800873	nan	1.6
368.27498388290405	nan	1.6
368.28580236434937	nan	1.6
368.2965064048767	nan	1.6
368.30731892585754	nan	1.6
368.3178791999817	nan	1.6
368.32852506637573	nan	1.6
368.3390712738037	nan	1.6
368.3500952720642	nan	1.6
368.36082673072815	nan	1.6
368.37145018577576	nan	1.6
368.38214445114136	nan	1.6
368.39316415786743	nan	1.6
368.4041225910187	nan	1.6
368.41491055488586	nan	1.6
368.4256319999695	nan	1.6
368.43655014038086	nan	1.6
368.4472060203552	nan	1.6
368.4580273628235	nan	1.6
368.46902561187744	nan	1.6
368.4799282550812	nan	1.6
368.4910228252411	nan	1.6
368.50177574157715	nan	1.6
368.51251220703125	nan	1.6
368.52316069602966	nan	1.6
368.5340168476105	nan	1.6
368.5449001789093	nan	1.6
368.55564427375793	nan	1.6
368.566650390625	nan	1.6
368.57776641845703	nan	1.6
368.5886437892914	nan	1.6
368.59964179992676	nan	1.6
368.61060428619385	nan	1.6
368.62138652801514	nan	1.6
368.63201808929443	nan	1.6
368.64314556121826	nan	1.6
368.65427470207214	nan	1.6
368.66537737846375	nan	1.6
368.67611050605774	nan	1.6
368.6867206096649	nan	1.6
368.697806596756	nan	1.6
368.7084310054779	nan	1.6
368.7190902233124	nan	1.6
368.7299177646637	nan	1.6
368.7407774925232	nan	1.6
368.7514364719391	nan	1.6
368.7621214389801	nan	1.6
368.77313017845154	nan	1.6
368.7842311859131	nan	1.6
368.7949686050415	nan	1.6
368.8058123588562	nan	1.6
368.81692576408386	nan	1.6
368.8279356956482	nan	1.6
368.8385889530182	nan	1.6
368.84960412979126	nan	1.6
368.860271692276	nan	1.6
368.8711531162262	nan	1.6
368.8818507194519	nan	1.6
368.8928062915802	nan	1.6
368.9043107032776	nan	1.6
368.91486954689026	nan	1.6
368.9257514476776	nan	1.6
368.93641114234924	nan	1.6
368.94698452949524	nan	1.6
368.9578688144684	nan	1.6
368.9686450958252	nan	1.6
368.9793984889984	nan	1.6
368.9903576374054	nan	1.6
369.0009169578552	nan	1.6
369.01158928871155	nan	1.6
369.02262330055237	nan	1.6
369.03344225883484	nan	1.6
369.04430770874023	nan	1.6
369.05491638183594	nan	1.6
369.0654492378235	nan	1.6
369.0762448310852	nan	1.6
369.0874638557434	nan	1.6
369.09825134277344	nan	1.6
369.10916781425476	nan	1.6
369.1201627254486	nan	1.6
369.1307728290558	nan	1.6
369.1414306163788	nan	1.6
369.1521542072296	nan	1.6
369.16316962242126	nan	1.6
369.1741738319397	nan	1.6
369.18517088890076	nan	1.6
369.19604086875916	nan	1.6
369.2068815231323	nan	1.6
369.2179112434387	nan	1.6
369.2286522388458	nan	1.6
369.2394263744354	nan	1.6
369.250529050827	nan	1.6
369.2615809440613	nan	1.6
369.2726423740387	nan	1.6
369.28402853012085	nan	1.6
369.2950208187103	nan	1.6
369.3060188293457	nan	1.6
369.31668066978455	nan	1.6
369.3278832435608	nan	1.6
369.3389768600464	nan	1.6
369.3496026992798	nan	1.6
369.3606276512146	nan	1.6
369.3717119693756	nan	1.6
369.38242197036743	nan	1.6
369.3932764530182	nan	1.6
369.40435552597046	nan	1.6
369.4150688648224	nan	1.6
369.42578530311584	nan	1.6
369.43648982048035	nan	1.6
369.4476704597473	nan	1.6
369.4587688446045	nan	1.6
369.46949434280396	nan	1.6
369.48011541366577	nan	1.6
369.49084973335266	nan	1.6
369.5019226074219	nan	1.6
369.512526512146	nan	1.6
369.52317690849304	nan	1.6
369.5342106819153	nan	1.6
369.5453839302063	nan	1.6
369.555951833725	nan	1.6
369.56663846969604	nan	1.6
369.57771396636963	nan	1.6
369.5885293483734	nan	1.6
369.5996446609497	nan	1.6
369.6105914115906	nan	1.6
369.62173104286194	nan	1.6
369.63239431381226	nan	1.6
369.6431474685669	nan	1.6
369.6540038585663	nan	1.6
369.66516184806824	nan	1.6
369.6763036251068	nan	1.6
369.68728852272034	nan	1.6
369.6987669467926	nan	1.6
369.70984387397766	nan	1.6
369.72060322761536	nan	1.6
369.7313435077667	nan	1.6
369.7424421310425	nan	1.6
369.7530369758606	nan	1.6
369.76437067985535	nan	1.6
369.7751498222351	nan	1.6
369.7857608795166	nan	1.6
369.79669189453125	nan	1.6
369.8074746131897	nan	1.6
369.81839537620544	nan	1.6
369.8292872905731	nan	1.6
369.8399226665497	nan	1.6
369.85110783576965	nan	1.6
369.8618493080139	nan	1.6
369.8726427555084	nan	1.6
369.8836488723755	nan	1.6
369.8946466445923	nan	1.6
369.9057810306549	nan	1.6
369.9169080257416	nan	1.6
369.9276502132416	nan	1.6
369.9382998943329	nan	1.6
369.94939970970154	nan	1.6
369.9603726863861	nan	1.6
369.97119188308716	nan	1.6
369.9818522930145	nan	1.6
369.9929075241089	nan	1.6
370.0039162635803	nan	1.6
370.0149700641632	nan	1.6
370.026141166687	nan	1.6
370.037150144577	nan	1.6
370.04812502861023	nan	1.6
370.05906891822815	nan	1.6
370.0699505805969	nan	1.6
370.0809123516083	nan	1.6
370.09172463417053	nan	1.6
370.1025483608246	nan	1.6
370.11359310150146	nan	1.6
370.1246087551117	nan	1.6
370.13524770736694	nan	1.6
370.1458787918091	nan	1.6
370.15690517425537	nan	1.6
370.1677803993225	nan	1.6
370.1786530017853	nan	1.6
370.1898829936981	nan	1.6
370.20060873031616	nan	1.6
370.2115869522095	nan	1.6
370.2224578857422	nan	1.6
370.2334861755371	nan	1.6
370.2444763183594	nan	1.6
370.2551019191742	nan	1.6
370.26614356040955	nan	1.6
370.2772672176361	nan	1.6
370.2881693840027	nan	1.6
370.2991750240326	nan	1.6
370.3102626800537	nan	1.6
370.32121562957764	nan	1.6
370.33217692375183	nan	1.6
370.3428535461426	nan	1.6
370.35384726524353	nan	1.6
370.36486744880676	nan	1.6
370.3759071826935	nan	1.6
370.3866968154907	nan	1.6
370.39771723747253	nan	1.6
370.4083423614502	nan	1.6
370.419230222702	nan	1.6
370.4301645755768	nan	1.6
370.4412250518799	nan	1.6
370.452285528183	nan	1.6
370.4633357524872	nan	1.6
370.47433614730835	nan	1.6
370.4852752685547	nan	1.6
370.49629068374634	nan	1.6
370.507390499115	nan	1.6
370.51834177970886	nan	1.6
370.52894926071167	nan	1.6
370.53992986679077	nan	1.6
370.55081820487976	nan	1.6
370.5616784095764	nan	1.6
370.5726435184479	nan	1.6
370.5836510658264	nan	1.6
370.59437012672424	nan	1.6
370.60533571243286	nan	1.6
370.616338968277	nan	1.6
370.6270444393158	nan	1.6
370.63795709609985	nan	1.6
370.6486608982086	nan	1.6
370.65941286087036	nan	1.6
370.6702935695648	nan	1.6
370.6809632778168	nan	1.6
370.691846370697	nan	1.6
370.70284819602966	nan	1.6
370.71395349502563	nan	1.6
370.72495222091675	nan	1.6
370.73600792884827	nan	1.6
370.74681425094604	nan	1.6
370.75763630867004	nan	1.6
370.76831912994385	nan	1.6
370.7790780067444	nan	1.6
370.7897033691406	nan	1.6
370.80042004585266	nan	1.6
370.81125807762146	nan	1.6
370.82188725471497	nan	1.6
370.8326096534729	nan	1.6
370.843953371048	nan	1.6
370.85466289520264	nan	1.6
370.86544013023376	nan	1.6
370.87645149230957	nan	1.6
370.8872685432434	nan	1.6
370.89826679229736	nan	1.6
370.9092562198639	nan	1.6
370.9198067188263	nan	1.6
370.93078565597534	nan	1.6
370.94137930870056	nan	1.6
370.9520032405853	nan	1.6
370.963002204895	nan	1.6
370.974157333374	nan	1.6
370.98476338386536	nan	1.6
370.9957010746002	nan	1.6
371.0068345069885	nan	1.6
371.0179171562195	nan	1.6
371.0288803577423	nan	1.6
371.03985381126404	nan	1.6
371.0509123802185	nan	1.6
371.0616629123688	nan	1.6
371.0726840496063	nan	1.6
371.08368730545044	nan	1.6
371.0948209762573	nan	1.6
371.1058189868927	nan	1.6
371.1168529987335	nan	1.6
371.12752628326416	nan	1.6
371.1383047103882	nan	1.6
371.14916586875916	nan	1.6
371.1601860523224	nan	1.6
371.1711804866791	nan	1.6
371.18209624290466	nan	1.6
371.1931571960449	nan	1.6
371.2042508125305	nan	1.6
371.21528482437134	nan	1.6
371.22606229782104	nan	1.6
371.2370994091034	nan	1.6
371.24810576438904	nan	1.6
371.2586817741394	nan	1.6
371.2694685459137	nan	1.6
371.28048396110535	nan	1.6
371.29126238822937	nan	1.6
371.3021547794342	nan	1.6
371.3131694793701	nan	1.6
371.32421350479126	nan	1.6
371.33525347709656	nan	1.6
371.3459918498993	nan	1.6
371.3573043346405	nan	1.6
371.36831164360046	nan	1.6
371.378963470459	nan	1.6
371.389680147171	nan	1.6
371.4006862640381	nan	1.6
371.4114627838135	nan	1.6
371.4225745201111	nan	1.6
371.43358993530273	nan	1.6
371.444619178772	nan	1.6
371.4556050300598	nan	1.6
371.4666292667389	nan	1.6
371.47761392593384	nan	1.6
371.48858976364136	nan	1.6
371.499427318573	nan	1.6
371.5101683139801	nan	1.6
371.5210978984833	nan	1.6
371.5321855545044	nan	1.6
371.54317903518677	nan	1.6
371.55426383018494	nan	1.6
371.5652310848236	nan	1.6
371.57589197158813	nan	1.6
371.5869212150574	nan	1.6
371.59805941581726	nan	1.6
371.6091685295105	nan	1.6
371.62012338638306	nan	1.6
371.6308608055115	nan	1.6
371.6415181159973	nan	1.6
371.65210223197937	nan	1.6
371.663565158844	nan	1.6
371.67479395866394	nan	1.6
371.68582916259766	nan	1.6
371.69653248786926	nan	1.6
371.70753026008606	nan	1.6
371.71816778182983	nan	1.6
371.7291433811188	nan	1.6
371.7400460243225	nan	1.6
371.751149892807	nan	1.6
371.76235127449036	nan	1.6
371.7733919620514	nan	1.6
371.7844338417053	nan	1.6
371.79548382759094	nan	1.6
371.8060519695282	nan	1.6
371.8171739578247	nan	1.6
371.8278458118439	nan	1.6
371.838445186615	nan	1.6
371.8490455150604	nan	1.6
371.85974168777466	nan	1.6
371.87060594558716	nan	1.6
371.88131618499756	nan	1.6
371.891934633255	nan	1.6
371.9026324748993	nan	1.6
371.9135277271271	nan	1.6
371.92485070228577	nan	1.6
371.93565249443054	nan	1.6
371.94625449180603	nan	1.6
371.957323551178	nan	1.6
371.9679126739502	nan	1.6
371.97858929634094	nan	1.6
371.98915457725525	nan	1.6
371.99972105026245	nan	1.6
372.0106587409973	nan	1.6
372.0216586589813	nan	1.6
372.03264117240906	nan	1.6
372.0436692237854	nan	1.6
372.05441999435425	nan	1.6
372.0653874874115	nan	1.6
372.07609367370605	nan	1.6
372.0871801376343	nan	1.6
372.09773993492126	nan	1.6
372.10864996910095	nan	1.6
372.11934638023376	nan	1.6
372.12997937202454	nan	1.6
372.14095973968506	nan	1.6
372.15191197395325	nan	1.6
372.16265535354614	nan	1.6
372.1734127998352	nan	1.6
372.18448281288147	nan	1.6
372.19554567337036	nan	1.6
372.2063322067261	nan	1.6
372.21724009513855	nan	1.6
372.22781205177307	nan	1.6
372.2385985851288	nan	1.6
372.249267578125	nan	1.6
372.2599983215332	nan	1.6
372.27117800712585	nan	1.6
372.28251791000366	nan	1.6
372.2936427593231	nan	1.6
372.30468463897705	nan	1.6
372.3157014846802	nan	1.6
372.3267216682434	nan	1.6
372.33731293678284	nan	1.6
372.3480906486511	nan	1.6
372.3586723804474	nan	1.6
372.36944127082825	nan	1.6
372.3802812099457	nan	1.6
372.3912949562073	nan	1.6
372.4021039009094	nan	1.6
372.412823677063	nan	1.6
372.4238464832306	nan	1.6
372.4347245693207	nan	1.6
372.4456036090851	nan	1.6
372.4566316604614	nan	1.6
372.46726965904236	nan	1.6
372.47814297676086	nan	1.6
372.489399433136	nan	1.6
372.5001356601715	nan	1.6
372.5109007358551	nan	1.6
372.52157759666443	nan	1.6
372.53226590156555	nan	1.6
372.5431454181671	nan	1.6
372.5538971424103	nan	1.6
372.5646479129791	nan	1.6
372.57566380500793	nan	1.6
372.5864408016205	nan	1.6
372.59716272354126	nan	1.6
372.6078989505768	nan	1.6
372.6186559200287	nan	1.6
372.6295008659363	nan	1.6
372.6401219367981	nan	1.6
372.65140557289124	nan	1.6
372.6619610786438	nan	1.6
372.67263627052307	nan	1.6
372.6835250854492	nan	1.6
372.6941452026367	nan	1.6
372.70494961738586	nan	1.6
372.71566581726074	nan	1.6
372.72625041007996	nan	1.6
372.7367923259735	nan	1.6
372.74775862693787	nan	1.6
372.75864338874817	nan	1.6
372.76921486854553	nan	1.6
372.7798743247986	nan	1.6
372.790664434433	nan	1.6
372.8017840385437	nan	1.6
372.8124840259552	nan	1.6
372.82368779182434	nan	1.6
372.8345522880554	nan	1.6
372.8456275463104	nan	1.6
372.8566634654999	nan	1.6
372.86765480041504	nan	1.6
372.8784296512604	nan	1.6
372.88914251327515	nan	1.6
372.90016174316406	nan	1.6
372.91105937957764	nan	1.6
372.92171239852905	nan	1.6
372.9326558113098	nan	1.6
372.94367146492004	nan	1.6
372.9544107913971	nan	1.6
372.96540784835815	nan	1.6
372.97614765167236	nan	1.6
372.9869484901428	nan	1.6
372.9979245662689	nan	1.6
373.00897693634033	nan	1.6
373.02008032798767	nan	1.6
373.03130435943604	nan	1.6
373.0421817302704	nan	1.6
373.053181886673	nan	1.6
373.0641658306122	nan	1.6
373.07570600509644	nan	1.6
373.0869116783142	nan	1.6
373.0980451107025	nan	1.6
373.1092309951782	nan	1.6
373.1202869415283	nan	1.6
373.13139295578003	nan	1.6
373.1421551704407	nan	1.6
373.1531479358673	nan	1.6
373.1641435623169	nan	1.6
373.1751413345337	nan	1.6
373.1860702037811	nan	1.6
373.1971559524536	nan	1.6
373.2079062461853	nan	1.6
373.2187166213989	nan	1.6
373.22981214523315	nan	1.6
373.2406413555145	nan	1.6
373.25165915489197	nan	1.6
373.26233768463135	nan	1.6
373.27306628227234	nan	1.6
373.2839033603668	nan	1.6
373.29504227638245	nan	1.6
373.30611062049866	nan	1.6
373.31681847572327	nan	1.6
373.32773756980896	nan	1.6
373.3386740684509	nan	1.6
373.3495876789093	nan	1.6
373.36034512519836	nan	1.6
373.3708612918854	nan	1.6
373.38147592544556	nan	1.6
373.3920249938965	nan	1.6
373.402606010437	nan	1.6
373.4136724472046	nan	1.6
373.42442178726196	nan	1.6
373.43540835380554	nan	1.6
373.44645285606384	nan	1.6
373.4574706554413	nan	1.6
373.4680321216583	nan	1.6
373.4786651134491	nan	1.6
373.48955035209656	nan	1.6
373.50052547454834	nan	1.6
373.51115107536316	nan	1.6
373.5221438407898	nan	1.6
373.53306436538696	nan	1.6
373.54402899742126	nan	1.6
373.55502939224243	nan	1.6
373.56595516204834	nan	1.6
373.5769512653351	nan	1.6
373.5880300998688	nan	1.6
373.5987710952759	nan	1.6
373.6096112728119	nan	1.6
373.620267868042	nan	1.6
373.6311638355255	nan	1.6
373.64189863204956	nan	1.6
373.6529698371887	nan	1.6
373.66363883018494	nan	1.6
373.6746451854706	nan	1.6
373.68556666374207	nan	1.6
373.6964135169983	nan	1.6
373.70727372169495	nan	1.6
373.7184188365936	nan	1.6
373.7294108867645	nan	1.6
373.7404365539551	nan	1.6
373.7513964176178	nan	1.6
373.76227498054504	nan	1.6
373.7731456756592	nan	1.6
373.783894777298	nan	1.6
373.7946479320526	nan	1.6
373.8057703971863	nan	1.6
373.8169093132019	nan	1.6
373.8276324272156	nan	1.6
373.83841609954834	nan	1.6
373.8495235443115	nan	1.6
373.86026978492737	nan	1.6
373.8712866306305	nan	1.6
373.8822720050812	nan	1.6
373.89291286468506	nan	1.6
373.90390729904175	nan	1.6
373.9146590232849	nan	1.6
373.9254002571106	nan	1.6
373.9359817504883	nan	1.6
373.94706654548645	nan	1.6
373.9579088687897	nan	1.6
373.968789100647	nan	1.6
373.9797008037567	nan	1.6
373.9908230304718	nan	1.6
374.0015621185303	nan	1.6
374.0124740600586	nan	1.6
374.0235674381256	nan	1.6
374.0347490310669	nan	1.6
374.0456075668335	nan	1.6
374.0565502643585	nan	1.6
374.06774616241455	nan	1.6
374.07875633239746	nan	1.6
374.08946466445923	nan	1.6
374.10040068626404	nan	1.6
374.1111857891083	nan	1.6
374.1221354007721	nan	1.6
374.1328992843628	nan	1.6
374.1436755657196	nan	1.6
374.1544029712677	nan	1.6
374.1651656627655	nan	1.6
374.1761598587036	nan	1.6
374.187219619751	nan	1.6
374.1982340812683	nan	1.6
374.2091476917267	nan	1.6
374.2199156284332	nan	1.6
374.2307391166687	nan	1.6
374.24171566963196	nan	1.6
374.2525255680084	nan	1.6
374.26356077194214	nan	1.6
374.2746214866638	nan	1.6
374.28566455841064	nan	1.6
374.29671239852905	nan	1.6
374.3078429698944	nan	1.6
374.3190155029297	nan	1.6
374.33042216300964	nan	1.6
374.3415117263794	nan	1.6
374.3525972366333	nan	1.6
374.3637902736664	nan	1.6
374.37484884262085	nan	1.6
374.38555335998535	nan	1.6
374.396329164505	nan	1.6
374.40745091438293	nan	1.6
374.4184982776642	nan	1.6
374.429532289505	nan	1.6
374.4405641555786	nan	1.6
374.45159125328064	nan	1.6
374.46264719963074	nan	1.6
374.473628282547	nan	1.6
374.48468565940857	nan	1.6
374.4957580566406	nan	1.6
374.50692224502563	nan	1.6
