t_s	measured_width_mm	target_width_mm
0.0012140274047851562	nan	2.0
0.05043315887451172	nan	2.0
0.06389760971069336	nan	2.0
0.07652831077575684	nan	2.0
0.08977746963500977	nan	2.0
0.10347604751586914	nan	2.0
0.11531209945678711	nan	2.0
0.1274268627166748	nan	2.0
0.13971328735351562	nan	2.0
0.15176653861999512	nan	2.0
0.16414165496826172	nan	2.0
0.17637014389038086	nan	2.0
0.18833088874816895	nan	2.0
0.20057415962219238	nan	2.0
0.21251654624938965	nan	2.0
0.2248399257659912	nan	2.0
0.2371981143951416	nan	2.0
0.24861407279968262	nan	2.0
0.25975847244262695	nan	2.0
0.27158331871032715	nan	2.0
0.283184289932251	nan	2.0
0.2943534851074219	nan	2.0
0.30530381202697754	nan	2.0
0.3173201084136963	nan	2.0
0.3299555778503418	nan	2.0
0.34259867668151855	nan	2.0
0.35480475425720215	nan	2.0
0.36754536628723145	nan	2.0
0.38046741485595703	nan	2.0
0.3966085910797119	nan	2.0
0.41078877449035645	nan	2.0
0.42626237869262695	nan	2.0
0.44295358657836914	nan	2.0
0.4589991569519043	nan	2.0
0.47556042671203613	nan	2.0
0.48993921279907227	nan	2.0
0.5058574676513672	nan	2.0
0.5198566913604736	nan	2.0
0.5344738960266113	nan	2.0
0.549598217010498	nan	2.0
0.5667357444763184	nan	2.0
0.581355094909668	nan	2.0
0.5935320854187012	nan	2.0
0.6057608127593994	nan	2.0
0.6211912631988525	nan	2.0
0.634812593460083	nan	2.0
0.6483457088470459	nan	2.0
0.6627707481384277	nan	2.0
0.6753098964691162	nan	2.0
0.6871645450592041	nan	2.0
0.6988699436187744	nan	2.0
0.7099862098693848	nan	2.0
0.7214183807373047	nan	2.0
0.732783317565918	nan	2.0
0.7446355819702148	nan	2.0
0.7560977935791016	nan	2.0
0.7673969268798828	nan	2.0
0.7787055969238281	nan	2.0
0.7906534671783447	nan	2.0
0.8028042316436768	nan	2.0
0.8145027160644531	nan	2.0
0.8266308307647705	nan	2.0
0.8381297588348389	nan	2.0
0.8507235050201416	nan	2.0
0.8629019260406494	nan	2.0
0.8759846687316895	nan	2.0
0.889552116394043	nan	2.0
0.9058487415313721	nan	2.0
0.9177484512329102	nan	2.0
0.9298129081726074	nan	2.0
0.9423987865447998	nan	2.0
0.954862117767334	nan	2.0
0.9680745601654053	nan	2.0
0.9807825088500977	nan	2.0
0.9979362487792969	nan	2.0
1.0164222717285156	nan	2.0
1.0352506637573242	nan	2.0
1.05692720413208	nan	2.0
1.0688374042510986	nan	2.0
1.0823194980621338	nan	2.0
1.096017837524414	nan	2.0
1.108618974685669	nan	2.0
1.1213083267211914	nan	2.0
1.132634162902832	nan	2.0
1.1449663639068604	nan	2.0
1.156930923461914	nan	2.0
1.1690685749053955	nan	2.0
1.1808757781982422	nan	2.0
1.1948516368865967	nan	2.0
1.2064998149871826	nan	2.0
1.2176682949066162	nan	2.0
1.2311296463012695	nan	2.0
1.2435505390167236	nan	2.0
1.254948616027832	nan	2.0
1.2674925327301025	nan	2.0
1.2813727855682373	nan	2.0
1.293729305267334	nan	2.0
1.3080692291259766	nan	2.0
1.3200509548187256	nan	2.0
1.3322229385375977	nan	2.0
1.3445115089416504	nan	2.0
1.358940839767456	nan	2.0
1.3721301555633545	nan	2.0
1.386115312576294	nan	2.0
1.3987376689910889	nan	2.0
1.4115891456604004	nan	2.0
1.424515962600708	nan	2.0
1.4375579357147217	nan	2.0
1.4498329162597656	nan	2.0
1.4630999565124512	nan	2.0
1.4759929180145264	nan	2.0
1.4882941246032715	nan	2.0
1.501128911972046	nan	2.0
1.5146679878234863	nan	2.0
1.5271260738372803	nan	2.0
1.5392284393310547	nan	2.0
1.553623914718628	nan	2.0
1.5661053657531738	nan	2.0
1.5783607959747314	nan	2.0
1.5942485332489014	nan	2.0
1.6080729961395264	nan	2.0
1.6202223300933838	nan	2.0
1.6332945823669434	nan	2.0
1.6475856304168701	nan	2.0
1.6600878238677979	nan	2.0
1.6739609241485596	nan	2.0
1.6857209205627441	nan	2.0
1.6979343891143799	nan	2.0
1.709789514541626	nan	2.0
1.7244007587432861	nan	2.0
1.7369377613067627	nan	2.0
1.748918056488037	nan	2.0
1.763075590133667	nan	2.0
1.7746233940124512	nan	2.0
1.7868380546569824	nan	2.0
1.799776554107666	nan	2.0
1.8125653266906738	nan	2.0
1.8248083591461182	nan	2.0
1.8375275135040283	nan	2.0
1.8498215675354004	nan	2.0
1.8622715473175049	nan	2.0
1.8739023208618164	nan	2.0
1.8870415687561035	nan	2.0
1.898510456085205	nan	2.0
1.91404390335083	nan	2.0
1.9257981777191162	nan	2.0
1.937849998474121	nan	2.0
1.9493231773376465	nan	2.0
1.9631271362304688	nan	2.0
1.9753804206848145	nan	2.0
1.987260341644287	nan	2.0
1.9999194145202637	nan	2.0
2.0122358798980713	nan	2.0
2.02407169342041	nan	2.0
2.0369255542755127	nan	2.0
2.0503594875335693	nan	2.0
2.063451051712036	nan	2.0
2.077057361602783	nan	2.0
2.0887484550476074	nan	2.0
2.100609540939331	nan	2.0
2.1133742332458496	nan	2.0
2.1273226737976074	nan	2.0
2.1397664546966553	nan	2.0
2.1547040939331055	nan	2.0
2.1671371459960938	nan	2.0
2.179499864578247	nan	2.0
2.192483901977539	nan	2.0
2.206287145614624	nan	2.0
2.2188608646392822	nan	2.0
2.2321114540100098	nan	2.0
2.244213581085205	nan	2.0
2.256683588027954	nan	2.0
2.267725706100464	nan	2.0
2.2790329456329346	nan	2.0
2.2903897762298584	nan	2.0
2.3017475605010986	nan	2.0
2.314716100692749	nan	2.0
2.325944423675537	nan	2.0
2.337688446044922	nan	2.0
2.3488662242889404	nan	2.0
2.360550880432129	nan	2.0
2.3720428943634033	nan	2.0
2.383413314819336	nan	2.0
2.394479274749756	nan	2.0
2.4061477184295654	nan	2.0
2.419212579727173	nan	2.0
2.4310381412506104	nan	2.0
2.4445295333862305	nan	2.0
2.4568352699279785	nan	2.0
2.4683806896209717	nan	2.0
2.4797778129577637	nan	2.0
2.495020866394043	nan	2.0
2.5074634552001953	nan	2.0
2.5240395069122314	nan	2.0
2.5369443893432617	nan	2.0
2.549441337585449	nan	2.0
2.5635433197021484	nan	2.0
2.5767552852630615	nan	2.0
2.588738441467285	nan	2.0
2.6031222343444824	nan	2.0
2.6149332523345947	nan	2.0
2.6265883445739746	nan	2.0
2.6381540298461914	nan	2.0
2.6523988246917725	nan	2.0
2.6640050411224365	nan	2.0
2.6760029792785645	nan	2.0
2.688476085662842	nan	2.0
2.7003121376037598	nan	2.0
2.711578130722046	nan	2.0
2.7243285179138184	nan	2.0
2.7381417751312256	nan	2.0
2.7502188682556152	nan	2.0
2.764129638671875	nan	2.0
2.775871753692627	nan	2.0
2.786947727203369	nan	2.0
2.7985098361968994	nan	2.0
2.811824321746826	nan	2.0
2.8230128288269043	nan	2.0
2.8353817462921143	nan	2.0
2.848989725112915	nan	2.0
2.861069440841675	nan	2.0
2.8730051517486572	nan	2.0
2.884824514389038	nan	2.0
2.8983733654022217	nan	2.0
2.9105372428894043	nan	2.0
2.9256176948547363	nan	2.0
2.938091516494751	nan	2.0
2.9506614208221436	nan	2.0
2.963319778442383	nan	2.0
2.9775848388671875	nan	2.0
2.990018367767334	nan	2.0
3.005458354949951	nan	2.0
3.017742395401001	nan	2.0
3.030954360961914	nan	2.0
3.04484224319458	nan	2.0
3.0584497451782227	nan	2.0
3.071704626083374	nan	2.0
3.085578441619873	nan	2.0
3.098076581954956	nan	2.0
3.1109278202056885	nan	2.0
3.1239378452301025	nan	2.0
3.137571096420288	nan	2.0
3.1492838859558105	nan	2.0
3.160867214202881	nan	2.0
3.173532724380493	nan	2.0
3.1861572265625	nan	2.0
3.198068618774414	nan	2.0
3.211521863937378	nan	2.0
3.2236459255218506	nan	2.0
3.2348170280456543	nan	2.0
3.245953321456909	nan	2.0
3.2602124214172363	nan	2.0
3.2728443145751953	nan	2.0
3.285067319869995	nan	2.0
3.298496961593628	nan	2.0
3.311692476272583	nan	2.0
3.3241357803344727	nan	2.0
3.3395445346832275	nan	2.0
3.350921392440796	nan	2.0
3.3643202781677246	nan	2.0
3.376621961593628	nan	2.0
3.387894868850708	nan	2.0
3.3990981578826904	nan	2.0
3.41129207611084	nan	2.0
3.4255690574645996	nan	2.0
3.4371178150177	nan	2.0
3.450796127319336	nan	2.0
3.4626758098602295	nan	2.0
3.4740829467773438	nan	2.0
3.4859533309936523	nan	2.0
3.500636100769043	nan	2.0
3.512481212615967	nan	2.0
3.526562213897705	nan	2.0
3.541452169418335	nan	2.0
3.555438280105591	nan	2.0
3.56990647315979	nan	2.0
3.5853636264801025	nan	2.0
3.5992183685302734	nan	2.0
3.615804433822632	nan	2.0
3.63053035736084	nan	2.0
3.6463029384613037	nan	2.0
3.6660869121551514	nan	2.0
3.6843979358673096	nan	2.0
3.7017905712127686	nan	2.0
3.7141425609588623	nan	2.0
3.7259511947631836	nan	2.0
3.7402682304382324	nan	2.0
3.7524709701538086	nan	2.0
3.7665908336639404	nan	2.0
3.779780626296997	nan	2.0
3.791922092437744	nan	2.0
3.8036067485809326	nan	2.0
3.8171212673187256	nan	2.0
3.8295962810516357	nan	2.0
3.8413517475128174	nan	2.0
3.85310959815979	nan	2.0
3.8671793937683105	nan	2.0
3.87884783744812	nan	2.0
3.891319751739502	nan	2.0
3.9052529335021973	nan	2.0
3.9170947074890137	nan	2.0
3.9289708137512207	nan	2.0
3.9408533573150635	nan	2.0
3.9554710388183594	nan	2.0
3.9673264026641846	nan	2.0
3.982612133026123	nan	2.0
3.9944679737091064	nan	2.0
4.006181240081787	nan	2.0
4.019759178161621	nan	2.0
4.0339577198028564	nan	2.0
4.046757936477661	nan	2.0
4.062860488891602	nan	2.0
4.0763444900512695	nan	2.0
4.0888636112213135	nan	2.0
4.103722810745239	nan	2.0
4.117274045944214	nan	2.0
4.130090236663818	nan	2.0
4.144240140914917	nan	2.0
4.156611919403076	nan	2.0
4.168602228164673	nan	2.0
4.182657957077026	nan	2.0
4.196750640869141	nan	2.0
4.20861554145813	nan	2.0
4.224200248718262	nan	2.0
4.236442804336548	nan	2.0
4.248317003250122	nan	2.0
4.261536359786987	nan	2.0
4.27644157409668	nan	2.0
4.2890050411224365	nan	2.0
4.304153680801392	nan	2.0
4.316380500793457	nan	2.0
4.328821897506714	nan	2.0
4.343439817428589	nan	2.0
4.35797381401062	nan	2.0
4.371449947357178	nan	2.0
4.385527610778809	nan	2.0
4.397829055786133	nan	2.0
4.410258531570435	nan	2.0
4.424007415771484	nan	2.0
4.4368979930877686	nan	2.0
4.449724435806274	nan	2.0
4.465030193328857	nan	2.0
4.477269172668457	nan	2.0
4.4897284507751465	nan	2.0
4.503468751907349	nan	2.0
4.516035795211792	nan	2.0
4.52735447883606	nan	2.0
4.541057825088501	nan	2.0
4.552416801452637	nan	2.0
4.563584566116333	nan	2.0
4.574852466583252	nan	2.0
4.589201211929321	nan	2.0
4.603428602218628	nan	2.0
4.620128631591797	nan	2.0
4.6362693309783936	nan	2.0
4.647868394851685	nan	2.0
4.663013219833374	nan	2.0
4.697811841964722	nan	2.0
4.718454599380493	nan	2.0
4.730693817138672	nan	2.0
4.747876405715942	nan	2.0
4.7636120319366455	nan	2.0
4.775676012039185	nan	2.0
4.7888524532318115	nan	2.0
4.801193714141846	nan	2.0
4.812676668167114	nan	2.0
4.825165033340454	nan	2.0
4.836667060852051	nan	2.0
4.84773063659668	nan	2.0
4.858795642852783	nan	2.0
4.870943069458008	nan	2.0
4.884265422821045	nan	2.0
4.89534592628479	nan	2.0
4.907904386520386	nan	2.0
4.919129371643066	nan	2.0
4.930207252502441	nan	2.0
4.941275119781494	nan	2.0
4.954606533050537	nan	2.0
4.965844392776489	nan	2.0
4.977111577987671	nan	2.0
4.989585638046265	nan	2.0
5.0007758140563965	nan	2.0
5.012483835220337	nan	2.0
5.023597240447998	nan	2.0
5.037465333938599	nan	2.0
5.049835681915283	nan	2.0
5.06298828125	nan	2.0
5.075405836105347	nan	2.0
5.086528539657593	nan	2.0
5.098279714584351	nan	2.0
5.110661745071411	nan	2.0
5.122502326965332	nan	2.0
5.1337878704071045	nan	2.0
5.147874355316162	nan	2.0
5.15901780128479	nan	2.0
5.170130014419556	nan	2.0
5.181429386138916	nan	2.0
5.195426940917969	nan	2.0
5.207586050033569	nan	2.0
5.219293117523193	nan	2.0
5.23211932182312	nan	2.0
5.243767023086548	nan	2.0
5.255022287368774	nan	2.0
5.266632556915283	nan	2.0
5.27975606918335	nan	2.0
5.291011571884155	nan	2.0
5.304556369781494	nan	2.0
5.317115783691406	nan	2.0
5.328409433364868	nan	2.0
5.339495897293091	nan	2.0
5.353325843811035	nan	2.0
5.3683624267578125	nan	2.0
5.382291555404663	nan	2.0
5.396528482437134	nan	2.0
5.4114837646484375	nan	2.0
5.425124645233154	nan	2.0
5.4395668506622314	nan	2.0
5.454301118850708	nan	2.0
5.470215082168579	nan	2.0
5.48618221282959	nan	2.0
5.500290632247925	nan	2.0
5.515767574310303	nan	2.0
5.530764579772949	nan	2.0
5.545185327529907	nan	2.0
5.560981035232544	nan	2.0
5.574427843093872	nan	2.0
5.58868408203125	nan	2.0
5.605299711227417	nan	2.0
5.623461484909058	nan	2.0
5.642921209335327	nan	2.0
5.660183906555176	nan	2.0
5.677386283874512	nan	2.0
5.693292856216431	nan	2.0
5.705470323562622	nan	2.0
5.719405174255371	nan	2.0
5.734034299850464	nan	2.0
5.747028827667236	nan	2.0
5.760571479797363	nan	2.0
5.7732343673706055	nan	2.0
5.785812854766846	nan	2.0
5.7994163036346436	nan	2.0
5.8134119510650635	nan	2.0
5.826231241226196	nan	2.0
5.839895725250244	nan	2.0
5.852201223373413	nan	2.0
5.86445951461792	nan	2.0
5.876424312591553	nan	2.0
5.889854669570923	nan	2.0
5.901922702789307	nan	2.0
5.915703058242798	nan	2.0
5.929099798202515	nan	2.0
5.940813064575195	nan	2.0
5.9529194831848145	nan	2.0
5.9671101570129395	nan	2.0
5.9792938232421875	nan	2.0
5.992614030838013	nan	2.0
6.004962682723999	nan	2.0
6.016895294189453	nan	2.0
6.029151201248169	nan	2.0
6.043677091598511	nan	2.0
6.055633068084717	nan	2.0
6.069103717803955	nan	2.0
6.083242177963257	nan	2.0
6.095409870147705	nan	2.0
6.108184576034546	nan	2.0
6.122385263442993	nan	2.0
6.13443398475647	nan	2.0
6.1462390422821045	nan	2.0
6.159348487854004	nan	2.0
6.174539804458618	nan	2.0
6.186213970184326	nan	2.0
6.200109004974365	nan	2.0
6.21326470375061	nan	2.0
6.225214242935181	nan	2.0
6.237136363983154	nan	2.0
6.251861095428467	nan	2.0
6.264073848724365	nan	2.0
6.275946378707886	nan	2.0
6.289365530014038	nan	2.0
6.301350831985474	nan	2.0
6.313785552978516	nan	2.0
6.326436996459961	nan	2.0
6.340980768203735	nan	2.0
6.353141784667969	nan	2.0
6.367314338684082	nan	2.0
6.380112648010254	nan	2.0
6.391585111618042	nan	2.0
6.4035484790802	nan	2.0
6.417051076889038	nan	2.0
6.428783655166626	nan	2.0
6.444869756698608	nan	2.0
6.460949182510376	nan	2.0
6.480823516845703	nan	2.0
6.500809907913208	nan	2.0
6.523497819900513	nan	2.0
6.5444605350494385	nan	2.0
6.564556121826172	nan	2.0
6.586968660354614	nan	2.0
6.6040074825286865	nan	2.0
6.620732069015503	nan	2.0
6.633247375488281	nan	2.0
6.647223472595215	nan	2.0
6.661088943481445	nan	2.0
6.677138566970825	nan	2.0
6.691795825958252	nan	2.0
6.706199645996094	nan	2.0
6.719102144241333	nan	2.0
6.734184741973877	nan	2.0
6.746342420578003	nan	2.0
6.760360479354858	nan	2.0
6.772991418838501	nan	2.0
6.784801244735718	nan	2.0
6.796645879745483	nan	2.0
6.810746908187866	nan	2.0
6.823302984237671	nan	2.0
6.836009740829468	nan	2.0
6.849761962890625	nan	2.0
6.861372470855713	nan	2.0
6.874190092086792	nan	2.0
6.886061191558838	nan	2.0
6.900089979171753	nan	2.0
6.91239857673645	nan	2.0
6.924888372421265	nan	2.0
6.939959526062012	nan	2.0
6.952686309814453	nan	2.0
6.966714859008789	nan	2.0
6.982132911682129	nan	2.0
6.993277311325073	nan	2.0
7.004616975784302	nan	2.0
7.018599271774292	nan	2.0
7.030774116516113	nan	2.0
7.042961359024048	nan	2.0
7.0572333335876465	nan	2.0
7.0691938400268555	nan	2.0
7.081227779388428	nan	2.0
7.093935489654541	nan	2.0
7.108118534088135	nan	2.0
7.1207568645477295	nan	2.0
7.135743618011475	nan	2.0
7.147739887237549	nan	2.0
7.159990072250366	nan	2.0
7.1737060546875	nan	2.0
7.186665058135986	nan	2.0
7.1985132694244385	nan	2.0
7.212778806686401	nan	2.0
7.226534843444824	nan	2.0
7.243540287017822	nan	2.0
7.259951591491699	nan	2.0
7.27387261390686	nan	2.0
7.28733491897583	nan	2.0
7.3018248081207275	nan	2.0
7.313620328903198	nan	2.0
7.325992584228516	nan	2.0
7.3416430950164795	nan	2.0
7.354263782501221	nan	2.0
7.3671159744262695	nan	2.0
7.380915641784668	nan	2.0
7.393599271774292	nan	2.0
7.405082941055298	nan	2.0
7.420172929763794	nan	2.0
7.43330979347229	nan	2.0
7.448611259460449	nan	2.0
7.461535453796387	nan	2.0
7.474080801010132	nan	2.0
7.485970497131348	nan	2.0
7.5009541511535645	nan	2.0
7.512577533721924	nan	2.0
7.52558708190918	nan	2.0
7.539344549179077	nan	2.0
7.554054021835327	nan	2.0
7.56736421585083	nan	2.0
7.582427740097046	nan	2.0
7.5948474407196045	nan	2.0
7.609585285186768	nan	2.0
7.626086473464966	nan	2.0
7.640674114227295	nan	2.0
7.655586004257202	nan	2.0
7.66996169090271	nan	2.0
7.68472146987915	nan	2.0
7.6985273361206055	nan	2.0
7.7136170864105225	nan	2.0
7.727707862854004	nan	2.0
7.743093252182007	nan	2.0
7.757950782775879	nan	2.0
7.774254560470581	nan	2.0
7.797295093536377	nan	2.0
7.8187947273254395	nan	2.0
7.841469764709473	nan	2.0
7.86368203163147	nan	2.0
7.887760400772095	nan	2.0
7.912688970565796	nan	2.0
7.934496641159058	nan	2.0
7.9568772315979	nan	2.0
7.979402780532837	nan	2.0
7.996594667434692	nan	2.0
8.012234926223755	nan	2.0
8.030729532241821	nan	2.0
8.047194242477417	nan	2.0
8.065089464187622	nan	2.0
8.07961130142212	nan	2.0
8.094563007354736	nan	2.0
8.110162496566772	nan	2.0
8.12592077255249	nan	2.0
8.144354820251465	nan	2.0
8.15991759300232	nan	2.0
8.174872875213623	nan	2.0
8.191283941268921	nan	2.0
8.206074953079224	nan	2.0
8.222493410110474	nan	2.0
8.237123727798462	nan	2.0
8.250730991363525	nan	2.0
8.26567530632019	nan	2.0
8.279046058654785	nan	2.0
8.29512095451355	nan	2.0
8.309343099594116	nan	2.0
8.322415590286255	nan	2.0
8.335211753845215	nan	2.0
8.349989175796509	nan	2.0
8.363188743591309	nan	2.0
8.37641429901123	nan	2.0
8.394696950912476	nan	2.0
8.41288423538208	nan	2.0
8.430543661117554	nan	2.0
8.4459228515625	nan	2.0
8.459786176681519	nan	2.0
8.477298021316528	nan	2.0
8.491753339767456	nan	2.0
8.507487297058105	nan	2.0
8.521499156951904	nan	2.0
8.535123825073242	nan	2.0
8.549835443496704	nan	2.0
8.5648512840271	nan	2.0
8.579635620117188	nan	2.0
8.596117973327637	nan	2.0
8.609287738800049	nan	2.0
8.623958110809326	nan	2.0
8.64500093460083	nan	2.0
8.665475606918335	nan	2.0
8.688113451004028	nan	2.0
8.706700801849365	nan	2.0
8.724857091903687	nan	2.0
8.738895177841187	nan	2.0
8.754685878753662	nan	2.0
8.767865419387817	nan	2.0
8.78179383277893	nan	2.0
8.798252582550049	nan	2.0
8.811678886413574	nan	2.0
8.827160835266113	nan	2.0
8.840644359588623	nan	2.0
8.853840351104736	nan	2.0
8.866979122161865	nan	2.0
8.882096290588379	nan	2.0
8.89523696899414	nan	2.0
8.910956144332886	nan	2.0
8.923665761947632	nan	2.0
8.93712854385376	nan	2.0
8.95327615737915	nan	2.0
8.966807126998901	nan	2.0
8.9847412109375	nan	2.0
8.998382091522217	nan	2.0
9.01149296760559	nan	2.0
9.024335145950317	nan	2.0
9.038130283355713	nan	2.0
9.050189733505249	nan	2.0
9.063175439834595	nan	2.0
9.076626062393188	nan	2.0
9.088497400283813	nan	2.0
9.101841688156128	nan	2.0
9.116534948348999	nan	2.0
9.128931760787964	nan	2.0
9.140180110931396	nan	2.0
9.151665925979614	nan	2.0
9.16602373123169	nan	2.0
9.178086996078491	nan	2.0
9.191731452941895	nan	2.0
9.204309225082397	nan	2.0
9.215871810913086	nan	2.0
9.228161811828613	nan	2.0
9.241562128067017	nan	2.0
9.254382848739624	nan	2.0
9.267307043075562	nan	2.0
9.280508279800415	nan	2.0
9.291972398757935	nan	2.0
9.303411483764648	nan	2.0
9.31481671333313	nan	2.0
9.327988386154175	nan	2.0
9.339120388031006	nan	2.0
9.352355003356934	nan	2.0
9.36458683013916	nan	2.0
9.376426219940186	nan	2.0
9.387792587280273	nan	2.0
9.401012182235718	nan	2.0
9.413873434066772	nan	2.0
9.426085948944092	nan	2.0
9.439113140106201	nan	2.0
9.45228624343872	nan	2.0
9.465027809143066	nan	2.0
9.478376150131226	nan	2.0
9.491613864898682	nan	2.0
9.503198385238647	nan	2.0
9.517376899719238	nan	2.0
9.530338525772095	nan	2.0
9.543334722518921	nan	2.0
9.555036067962646	nan	2.0
9.568810939788818	nan	2.0
9.583635807037354	nan	2.0
9.59769582748413	nan	2.0
9.60950756072998	nan	2.0
9.622318506240845	nan	2.0
9.634525299072266	nan	2.0
9.64858341217041	nan	2.0
9.659836292266846	nan	2.0
9.67525339126587	nan	2.0
9.68665623664856	nan	2.0
9.699012517929077	nan	2.0
9.710238456726074	nan	2.0
9.72488021850586	nan	2.0
9.737374305725098	nan	2.0
9.750991344451904	nan	2.0
9.763097524642944	nan	2.0
9.77436876296997	nan	2.0
9.785874128341675	nan	2.0
9.798601865768433	nan	2.0
9.811207056045532	nan	2.0
9.823244571685791	nan	2.0
9.837224006652832	nan	2.0
9.850056171417236	nan	2.0
9.861381769180298	nan	2.0
9.874847173690796	nan	2.0
9.887834787368774	nan	2.0
9.899930715560913	nan	2.0
9.911380290985107	nan	2.0
9.922952890396118	nan	2.0
9.936180830001831	nan	2.0
9.94797945022583	nan	2.0
9.962149620056152	nan	2.0
9.97529125213623	nan	2.0
9.986859798431396	nan	2.0
9.998036623001099	nan	2.0
10.011443853378296	nan	2.0
10.023977279663086	nan	2.0
10.038197040557861	nan	2.0
10.052901983261108	nan	2.0
10.064833879470825	nan	2.0
10.076950311660767	nan	2.0
10.09142780303955	nan	2.0
10.103269815444946	nan	2.0
10.11626410484314	nan	2.0
10.129179000854492	nan	2.0
10.14110279083252	nan	2.0
10.152859210968018	nan	2.0
10.166085720062256	nan	2.0
10.180412769317627	nan	2.0
10.193071126937866	nan	2.0
10.206550598144531	nan	2.0
10.218680143356323	nan	2.0
10.23023509979248	nan	2.0
10.244262218475342	nan	2.0
10.258105993270874	nan	2.0
10.272086381912231	nan	2.0
10.2876455783844	nan	2.0
10.300392150878906	nan	2.0
10.311882019042969	nan	2.0
10.32357382774353	nan	2.0
10.338406562805176	nan	2.0
10.349852323532104	nan	2.0
10.36438536643982	nan	2.0
10.378433465957642	nan	2.0
10.3906409740448	nan	2.0
10.402971267700195	nan	2.0
10.41663932800293	nan	2.0
10.42789888381958	nan	2.0
10.441470384597778	nan	2.0
10.453923463821411	nan	2.0
10.465943574905396	nan	2.0
10.477896690368652	nan	2.0
10.492989540100098	nan	2.0
10.508264303207397	nan	2.0
10.52691388130188	nan	2.0
10.541105031967163	nan	2.0
10.5539231300354	nan	2.0
10.567507028579712	nan	2.0
10.581226110458374	nan	2.0
10.593558549880981	nan	2.0
10.608534097671509	nan	2.0
10.62118124961853	nan	2.0
10.632965564727783	nan	2.0
10.644162893295288	nan	2.0
10.656909942626953	nan	2.0
10.668446063995361	nan	2.0
10.680619716644287	nan	2.0
10.693554162979126	nan	2.0
10.706766128540039	nan	2.0
10.719239711761475	nan	2.0
10.734421968460083	nan	2.0
10.74705171585083	nan	2.0
10.758325815200806	nan	2.0
10.770827293395996	nan	2.0
10.785095453262329	nan	2.0
10.79691767692566	nan	2.0
10.812660217285156	nan	2.0
10.82518458366394	nan	2.0
10.837038040161133	nan	2.0
10.84939956665039	nan	2.0
10.862546920776367	nan	2.0
10.875084161758423	nan	2.0
10.889598608016968	nan	2.0
10.903095483779907	nan	2.0
10.914915800094604	nan	2.0
10.92837142944336	nan	2.0
10.94159984588623	nan	2.0
10.953875541687012	nan	2.0
10.967689990997314	nan	2.0
10.980214357376099	nan	2.0
10.992286920547485	nan	2.0
11.003859043121338	nan	2.0
11.017848014831543	nan	2.0
11.030571222305298	nan	2.0
11.043611764907837	nan	2.0
11.05707573890686	nan	2.0
11.068608522415161	nan	2.0
11.080666065216064	nan	2.0
11.094088554382324	nan	2.0
11.109198570251465	nan	2.0
11.122358322143555	nan	2.0
11.137809038162231	nan	2.0
11.151123046875	nan	2.0
11.16263723373413	nan	2.0
11.176172256469727	nan	2.0
11.188272714614868	nan	2.0
11.20052170753479	nan	2.0
11.215099096298218	nan	2.0
11.226827144622803	nan	2.0
11.239951848983765	nan	2.0
11.253023624420166	nan	2.0
11.267904281616211	nan	2.0
11.279919385910034	nan	2.0
11.29509949684143	nan	2.0
11.306851863861084	nan	2.0
11.318495988845825	nan	2.0
11.332335710525513	nan	2.0
11.346499919891357	nan	2.0
11.357894659042358	nan	2.0
11.373062133789062	nan	2.0
11.385904550552368	nan	2.0
11.398284196853638	nan	2.0
11.409777641296387	nan	2.0
11.425909996032715	nan	2.0
11.437539339065552	nan	2.0
11.449798822402954	nan	2.0
11.462584018707275	nan	2.0
11.477205991744995	nan	2.0
11.489878416061401	nan	2.0
11.503629446029663	nan	2.0
11.516952753067017	nan	2.0
11.529508829116821	nan	2.0
11.543720245361328	nan	2.0
11.556520938873291	nan	2.0
11.568408250808716	nan	2.0
11.584677696228027	nan	2.0
11.597579717636108	nan	2.0
11.609319925308228	nan	2.0
11.622317790985107	nan	2.0
11.63864254951477	nan	2.0
11.650957345962524	nan	2.0
11.665078401565552	nan	2.0
11.67755651473999	nan	2.0
11.689247369766235	nan	2.0
11.701802968978882	nan	2.0
11.715161085128784	nan	2.0
11.726722478866577	nan	2.0
11.7410888671875	nan	2.0
11.755181312561035	nan	2.0
11.767382144927979	nan	2.0
11.780603647232056	nan	2.0
11.794411659240723	nan	2.0
11.80590009689331	nan	2.0
11.820566654205322	nan	2.0
11.835855722427368	nan	2.0
11.84760594367981	nan	2.0
11.861413955688477	nan	2.0
11.876251697540283	nan	2.0
11.887733221054077	nan	2.0
11.901671409606934	nan	2.0
11.913801670074463	nan	2.0
11.925716876983643	nan	2.0
11.936845302581787	nan	2.0
11.950900316238403	nan	2.0
11.962831020355225	nan	2.0
11.976107120513916	nan	2.0
11.989489793777466	nan	2.0
12.000671148300171	nan	2.0
12.014792442321777	nan	2.0
12.02980351448059	nan	2.0
12.041674375534058	nan	2.0
12.056047677993774	nan	2.0
12.07002067565918	nan	2.0
12.081986665725708	nan	2.0
12.09386658668518	nan	2.0
12.109657049179077	nan	2.0
12.12321662902832	nan	2.0
12.136977434158325	nan	2.0
12.150097846984863	nan	2.0
12.161973476409912	nan	2.0
12.173427820205688	nan	2.0
12.187318086624146	nan	2.0
12.19917917251587	nan	2.0
12.210910558700562	nan	2.0
12.22285008430481	nan	2.0
12.236441850662231	nan	2.0
12.250253438949585	nan	2.0
12.264160394668579	nan	2.0
12.276350498199463	nan	2.0
12.288526058197021	nan	2.0
12.300841331481934	nan	2.0
12.316140174865723	nan	2.0
12.329076290130615	nan	2.0
12.342001676559448	nan	2.0
12.355228900909424	nan	2.0
12.368104696273804	nan	2.0
12.380964517593384	nan	2.0
12.396502494812012	nan	2.0
12.408501625061035	nan	2.0
12.422096252441406	nan	2.0
12.436509132385254	nan	2.0
12.448354244232178	nan	2.0
12.460652112960815	nan	2.0
12.475276708602905	nan	2.0
12.487068176269531	nan	2.0
12.499465227127075	nan	2.0
12.515315055847168	nan	2.0
12.527990579605103	nan	2.0
12.539857149124146	nan	2.0
12.554158210754395	nan	2.0
12.56670880317688	nan	2.0
12.580130338668823	nan	2.0
12.59440803527832	nan	2.0
12.607660055160522	nan	2.0
12.620484828948975	nan	2.0
12.636742115020752	nan	2.0
12.648963451385498	nan	2.0
12.661680221557617	nan	2.0
12.676767826080322	nan	2.0
12.689180612564087	nan	2.0
12.701633930206299	nan	2.0
12.716041564941406	nan	2.0
12.729092597961426	nan	2.0
12.74217414855957	nan	2.0
12.75504994392395	nan	2.0
12.767299175262451	nan	2.0
12.77965497970581	nan	2.0
12.794259786605835	nan	2.0
12.807085752487183	nan	2.0
12.821358919143677	nan	2.0
12.836196660995483	nan	2.0
12.850819110870361	nan	2.0
12.872114658355713	nan	2.0
12.88587212562561	nan	2.0
12.904940128326416	nan	2.0
12.924257040023804	nan	2.0
12.940715789794922	nan	2.0
12.959953784942627	nan	2.0
12.974198579788208	nan	2.0
12.99108076095581	nan	2.0
13.008209228515625	nan	2.0
13.021486043930054	nan	2.0
13.036919116973877	nan	2.0
13.049102783203125	nan	2.0
13.063761234283447	nan	2.0
13.076680660247803	nan	2.0
13.090421199798584	nan	2.0
13.103614568710327	nan	2.0
13.119285583496094	nan	2.0
13.131590843200684	nan	2.0
13.146935939788818	nan	2.0
13.16150975227356	nan	2.0
13.174365520477295	nan	2.0
13.187637567520142	nan	2.0
13.201071500778198	nan	2.0
13.212621688842773	nan	2.0
13.224750280380249	nan	2.0
13.237666606903076	nan	2.0
13.251164674758911	nan	2.0
13.263339042663574	nan	2.0
13.2777681350708	nan	2.0
13.290347576141357	nan	2.0
13.303001165390015	nan	2.0
13.315595149993896	nan	2.0
13.3296377658844	nan	2.0
13.342414617538452	nan	2.0
13.35655426979065	nan	2.0
13.369181394577026	nan	2.0
13.381755590438843	nan	2.0
13.394579410552979	nan	2.0
13.408481121063232	nan	2.0
13.421292781829834	nan	2.0
13.436503648757935	nan	2.0
13.448898077011108	nan	2.0
13.460896730422974	nan	2.0
13.481808185577393	nan	2.0
13.497683048248291	nan	2.0
13.515645265579224	nan	2.0
13.532517671585083	nan	2.0
13.546623468399048	nan	2.0
13.563645362854004	nan	2.0
13.580974817276001	nan	2.0
13.59839153289795	nan	2.0
13.612138986587524	nan	2.0
13.624380350112915	nan	2.0
13.636754035949707	nan	2.0
13.651294231414795	nan	2.0
13.663603067398071	nan	2.0
13.677424192428589	nan	2.0
13.692528009414673	nan	2.0
13.704868078231812	nan	2.0
13.71921706199646	nan	2.0
13.733355522155762	nan	2.0
13.74565601348877	nan	2.0
13.75771951675415	nan	2.0
13.772658109664917	nan	2.0
13.785313606262207	nan	2.0
13.798956155776978	nan	2.0
13.811803340911865	nan	2.0
13.825292587280273	nan	2.0
13.837637424468994	nan	2.0
13.85256838798523	nan	2.0
13.865319013595581	nan	2.0
13.882402896881104	nan	2.0
13.895764350891113	nan	2.0
13.907788753509521	nan	2.0
13.91982650756836	nan	2.0
13.933836460113525	nan	2.0
13.948516845703125	nan	2.0
13.963810443878174	nan	2.0
13.976234674453735	nan	2.0
13.988420486450195	nan	2.0
14.000450134277344	nan	2.0
14.01598048210144	nan	2.0
14.028728008270264	nan	2.0
14.043596029281616	nan	2.0
14.056557178497314	nan	2.0
14.068859815597534	nan	2.0
14.08247184753418	nan	2.0
14.098010301589966	nan	2.0
14.110483646392822	nan	2.0
14.125161170959473	nan	2.0
14.137531518936157	nan	2.0
14.150897741317749	nan	2.0
14.16453218460083	nan	2.0
14.178083896636963	nan	2.0
14.190353870391846	nan	2.0
14.205011129379272	nan	2.0
14.217268705368042	nan	2.0
14.22939920425415	nan	2.0
14.242218732833862	nan	2.0
14.256048202514648	nan	2.0
14.26887583732605	nan	2.0
14.283042907714844	nan	2.0
14.295964479446411	nan	2.0
14.308104038238525	nan	2.0
14.320427179336548	nan	2.0
14.3345947265625	nan	2.0
14.34807562828064	nan	2.0
14.362661361694336	nan	2.0
14.375231981277466	nan	2.0
14.388592720031738	nan	2.0
14.40321135520935	nan	2.0
14.418101787567139	nan	2.0
14.430301666259766	nan	2.0
14.442813873291016	nan	2.0
14.457834005355835	nan	2.0
14.47059941291809	nan	2.0
14.484538793563843	nan	2.0
14.501149892807007	nan	2.0
14.515605211257935	nan	2.0
14.534435033798218	nan	2.0
14.556749105453491	nan	2.0
14.579590082168579	nan	2.0
14.601383924484253	nan	2.0
14.620455026626587	nan	2.0
14.640151739120483	nan	2.0
14.65540337562561	nan	2.0
14.669488906860352	nan	2.0
14.68191385269165	nan	2.0
14.698139905929565	nan	2.0
14.711544752120972	nan	2.0
14.725884199142456	nan	2.0
14.739786148071289	nan	2.0
14.756720066070557	nan	2.0
14.771459341049194	nan	2.0
14.78576397895813	nan	2.0
14.798714399337769	nan	2.0
14.813753128051758	nan	2.0
14.827468156814575	nan	2.0
14.8396315574646	nan	2.0
14.853403329849243	nan	2.0
14.866816997528076	nan	2.0
14.87893271446228	nan	2.0
14.894433975219727	nan	2.0
14.907578229904175	nan	2.0
14.92671513557434	nan	2.0
14.956923961639404	nan	2.0
14.99342942237854	nan	2.0
15.021645307540894	nan	2.0
15.039942979812622	nan	2.0
15.059613227844238	nan	2.0
15.077027559280396	nan	2.0
15.096847534179688	nan	2.0
15.11704683303833	nan	2.0
15.135040998458862	nan	2.0
15.148557901382446	nan	2.0
15.163334608078003	nan	2.0
15.178780794143677	nan	2.0
15.194372415542603	nan	2.0
15.206265449523926	nan	2.0
15.218483924865723	nan	2.0
15.232872247695923	nan	2.0
15.245135307312012	nan	2.0
15.259990453720093	nan	2.0
15.273032426834106	nan	2.0
15.285800695419312	nan	2.0
15.298343658447266	nan	2.0
15.31442904472351	nan	2.0
15.327678203582764	nan	2.0
15.342430591583252	nan	2.0
15.356427907943726	nan	2.0
15.36936330795288	nan	2.0
15.384729385375977	nan	2.0
15.399572134017944	nan	2.0
15.413348197937012	nan	2.0
15.427714586257935	nan	2.0
15.440295219421387	nan	2.0
15.453104734420776	nan	2.0
15.468584537506104	nan	2.0
15.481825590133667	nan	2.0
15.498499870300293	nan	2.0
15.512895822525024	nan	2.0
15.526423931121826	nan	2.0
15.540094375610352	nan	2.0
15.55581521987915	nan	2.0
15.568998336791992	nan	2.0
15.585286855697632	nan	2.0
15.59845781326294	nan	2.0
15.611056566238403	nan	2.0
15.62618112564087	nan	2.0
15.640365362167358	nan	2.0
15.654473304748535	nan	2.0
15.66994595527649	nan	2.0
15.684003591537476	nan	2.0
15.69885540008545	nan	2.0
15.714731454849243	nan	2.0
15.72928500175476	nan	2.0
15.7466459274292	nan	2.0
15.762677669525146	nan	2.0
15.77993130683899	nan	2.0
15.797738552093506	nan	2.0
15.814130544662476	nan	2.0
15.831145763397217	nan	2.0
15.844781875610352	nan	2.0
15.858783483505249	nan	2.0
15.8739492893219	nan	2.0
15.886389255523682	nan	2.0
15.902482271194458	nan	2.0
15.916303634643555	nan	2.0
15.928906202316284	nan	2.0
15.944333791732788	nan	2.0
15.95806074142456	nan	2.0
15.971012830734253	nan	2.0
15.984485387802124	nan	2.0
15.99864935874939	nan	2.0
16.01512861251831	nan	2.0
16.03055453300476	nan	2.0
16.04490828514099	nan	2.0
16.058536529541016	nan	2.0
16.073863983154297	nan	2.0
16.087539434432983	nan	2.0
16.101616144180298	nan	2.0
16.11720609664917	nan	2.0
16.130481243133545	nan	2.0
16.143535375595093	nan	2.0
16.158273220062256	nan	2.0
16.171706438064575	nan	2.0
16.18555760383606	nan	2.0
16.199708700180054	nan	2.0
16.213127374649048	nan	2.0
16.226530075073242	nan	2.0
16.241922855377197	nan	2.0
16.25623607635498	nan	2.0
16.272478818893433	nan	2.0
16.2868332862854	nan	2.0
16.30131220817566	nan	2.0
16.31781792640686	nan	2.0
16.3323757648468	nan	2.0
16.349036931991577	nan	2.0
16.36233878135681	nan	2.0
16.377238988876343	nan	2.0
16.393746614456177	nan	2.0
16.407373189926147	nan	2.0
16.422563314437866	nan	2.0
16.43671178817749	nan	2.0
16.450182914733887	nan	2.0
16.46319556236267	nan	2.0
16.47870373725891	nan	2.0
16.49234914779663	nan	2.0
16.507346868515015	nan	2.0
16.521592378616333	nan	2.0
16.53540015220642	nan	2.0
16.551066160202026	nan	2.0
16.567015171051025	nan	2.0
16.580764293670654	nan	2.0
16.595996379852295	nan	2.0
16.60918951034546	nan	2.0
16.623054027557373	nan	2.0
16.63866114616394	nan	2.0
16.65274739265442	nan	2.0
16.669135570526123	nan	2.0
16.682429313659668	nan	2.0
16.69680094718933	nan	2.0
16.711408138275146	nan	2.0
16.72572660446167	nan	2.0
16.739327907562256	nan	2.0
16.753637552261353	nan	2.0
16.76858687400818	nan	2.0
16.781604051589966	nan	2.0
16.798244953155518	nan	2.0
16.810920000076294	nan	2.0
16.82385230064392	nan	2.0
16.838576555252075	nan	2.0
16.85265612602234	nan	2.0
16.86649751663208	nan	2.0
16.880919933319092	nan	2.0
16.894416570663452	nan	2.0
16.90709137916565	nan	2.0
16.92254114151001	nan	2.0
16.935858726501465	nan	2.0
16.95247530937195	nan	2.0
16.966437578201294	nan	2.0
16.979047298431396	nan	2.0
16.992561101913452	nan	2.0
17.008320808410645	nan	2.0
17.02176308631897	nan	2.0
17.03709125518799	nan	2.0
17.05109214782715	nan	2.0
17.065371990203857	nan	2.0
17.080382347106934	nan	2.0
17.096389055252075	nan	2.0
17.113597631454468	nan	2.0
17.129162549972534	nan	2.0
17.146363735198975	nan	2.0
17.161359548568726	nan	2.0
17.173952341079712	nan	2.0
17.187106609344482	nan	2.0
17.200528621673584	nan	2.0
17.212667226791382	nan	2.0
17.225106477737427	nan	2.0
17.240028619766235	nan	2.0
17.253543853759766	nan	2.0
17.267133951187134	nan	2.0
17.281261920928955	nan	2.0
17.29490876197815	nan	2.0
17.307419776916504	nan	2.0
17.32222294807434	nan	2.0
17.335331916809082	nan	2.0
17.351253032684326	nan	2.0
17.363879680633545	nan	2.0
17.37604522705078	nan	2.0
17.388397693634033	nan	2.0
17.403375387191772	nan	2.0
17.41644263267517	nan	2.0
17.42875337600708	nan	2.0
17.44264030456543	nan	2.0
17.456990480422974	nan	2.0
17.4700984954834	nan	2.0
17.48652672767639	nan	2.0
17.500451803207397	nan	2.0
17.51473093032837	nan	2.0
17.529865980148315	nan	2.0
17.54429292678833	nan	2.0
17.558145999908447	nan	2.0
17.57419753074646	nan	2.0
17.587280750274658	nan	2.0
17.600285053253174	nan	2.0
17.615323066711426	nan	2.0
17.62824583053589	nan	2.0
17.64322304725647	nan	2.0
17.656724214553833	nan	2.0
17.672978401184082	nan	2.0
17.692210912704468	nan	2.0
17.709492683410645	nan	2.0
17.72684621810913	nan	2.0
17.739863872528076	nan	2.0
17.75391936302185	nan	2.0
17.76940107345581	nan	2.0
17.781940460205078	nan	2.0
17.795247554779053	nan	2.0
17.81043839454651	nan	2.0
17.824687957763672	nan	2.0
17.837693214416504	nan	2.0
17.853023529052734	nan	2.0
17.86624813079834	nan	2.0
17.88009476661682	nan	2.0
17.894668102264404	nan	2.0
17.9074490070343	nan	2.0
17.920677185058594	nan	2.0
17.938196420669556	nan	2.0
17.95146131515503	nan	2.0
17.96651029586792	nan	2.0
17.978825569152832	nan	2.0
17.991735219955444	nan	2.0
18.005326986312866	nan	2.0
18.019083261489868	nan	2.0
18.034698486328125	nan	2.0
18.049355506896973	nan	2.0
18.06243348121643	nan	2.0
18.076160430908203	nan	2.0
18.090619564056396	nan	2.0
18.104408264160156	nan	2.0
18.11922812461853	nan	2.0
18.133548736572266	nan	2.0
18.14601731300354	nan	2.0
18.159208297729492	nan	2.0
18.176434993743896	nan	2.0
18.189852952957153	nan	2.0
18.202961206436157	nan	2.0
18.217512369155884	nan	2.0
18.230549097061157	nan	2.0
18.248984336853027	nan	2.0
18.26996874809265	nan	2.0
18.28614616394043	nan	2.0
18.301652431488037	nan	2.0
18.316221714019775	nan	2.0
18.33217215538025	nan	2.0
18.34648299217224	nan	2.0
18.35926628112793	nan	2.0
18.37301802635193	nan	2.0
18.388246536254883	nan	2.0
18.40106749534607	nan	2.0
18.416866064071655	nan	2.0
18.429275512695312	nan	2.0
18.44235110282898	nan	2.0
18.4566810131073	nan	2.0
18.470526456832886	nan	2.0
18.48353862762451	nan	2.0
18.49802327156067	nan	2.0
18.510482788085938	nan	2.0
18.52366852760315	nan	2.0
18.538596391677856	nan	2.0
18.55217146873474	nan	2.0
18.566625833511353	nan	2.0
18.581990480422974	nan	2.0
18.594738960266113	nan	2.0
18.60780143737793	nan	2.0
18.622864246368408	nan	2.0
18.63559913635254	nan	2.0
18.651483058929443	nan	2.0
18.664449214935303	nan	2.0
18.67735242843628	nan	2.0
18.696271896362305	nan	2.0
18.709852695465088	nan	2.0
18.72322726249695	nan	2.0
18.738811254501343	nan	2.0
18.752650499343872	nan	2.0
18.76599431037903	nan	2.0
18.781595945358276	nan	2.0
18.79473376274109	nan	2.0
18.80930995941162	nan	2.0
18.824089288711548	nan	2.0
18.837220907211304	nan	2.0
18.85238003730774	nan	2.0
18.86889958381653	nan	2.0
18.882813453674316	nan	2.0
18.898359298706055	nan	2.0
18.913874626159668	nan	2.0
18.92713189125061	nan	2.0
18.944462537765503	nan	2.0
18.958401679992676	nan	2.0
18.973083972930908	nan	2.0
18.990524291992188	nan	2.0
19.004769325256348	nan	2.0
19.02059268951416	nan	2.0
19.03535223007202	nan	2.0
19.04979944229126	nan	2.0
19.066285371780396	nan	2.0
19.080931425094604	nan	2.0
19.09669780731201	nan	2.0
19.110336303710938	nan	2.0
19.12344479560852	nan	2.0
19.136239528656006	nan	2.0
19.15150237083435	nan	2.0
19.1654212474823	nan	2.0
19.18086838722229	nan	2.0
19.19443678855896	nan	2.0
19.207188844680786	nan	2.0
19.221240282058716	nan	2.0
19.23483395576477	nan	2.0
19.246939659118652	nan	2.0
19.261940240859985	nan	2.0
19.273844242095947	nan	2.0
19.286004066467285	nan	2.0
19.29852819442749	nan	2.0
19.312559604644775	nan	2.0
19.325542211532593	nan	2.0
19.339820623397827	nan	2.0
19.353271484375	nan	2.0
19.366751432418823	nan	2.0
19.37948966026306	nan	2.0
19.393745183944702	nan	2.0
19.40555477142334	nan	2.0
19.420099020004272	nan	2.0
19.433072566986084	nan	2.0
19.446836948394775	nan	2.0
19.464111804962158	nan	2.0
19.478596925735474	nan	2.0
19.4960458278656	nan	2.0
19.51205539703369	nan	2.0
19.5259006023407	nan	2.0
19.538931846618652	nan	2.0
19.553340673446655	nan	2.0
19.565858602523804	nan	2.0
19.58074712753296	nan	2.0
19.5933096408844	nan	2.0
19.608943462371826	nan	2.0
19.628016471862793	nan	2.0
19.646268129348755	nan	2.0
19.66240954399109	nan	2.0
19.67979145050049	nan	2.0
19.696223497390747	nan	2.0
19.710325479507446	nan	2.0
19.722545623779297	nan	2.0
19.74153757095337	nan	2.0
19.75977873802185	nan	2.0
19.778741359710693	nan	2.0
19.793452501296997	nan	2.0
19.81106424331665	nan	2.0
19.82395577430725	nan	2.0
19.838653326034546	nan	2.0
19.8523588180542	nan	2.0
19.867559909820557	nan	2.0
19.88122582435608	nan	2.0
19.895159482955933	nan	2.0
19.909024953842163	nan	2.0
19.924849271774292	nan	2.0
19.939872980117798	nan	2.0
19.95546007156372	nan	2.0
19.968525648117065	nan	2.0
19.981165170669556	nan	2.0
19.997013807296753	nan	2.0
20.009870529174805	nan	2.0
20.025533437728882	nan	2.0
20.039241313934326	nan	2.0
20.052063703536987	nan	2.0
20.065483331680298	nan	2.0
20.080650568008423	nan	2.0
20.094921350479126	nan	2.0
20.110872745513916	nan	2.0
20.12436079978943	nan	2.0
20.13737463951111	nan	2.0
20.153188943862915	nan	2.0
20.168236255645752	nan	2.0
20.185354232788086	nan	2.0
20.19944977760315	nan	2.0
20.213366508483887	nan	2.0
20.226568698883057	nan	2.0
20.242254734039307	nan	2.0
20.255531549453735	nan	2.0
20.271121978759766	nan	2.0
20.284634113311768	nan	2.0
20.297908067703247	nan	2.0
20.314348459243774	nan	2.0
20.327338218688965	nan	2.0
20.341947555541992	nan	2.0
20.358441829681396	nan	2.0
20.372392892837524	nan	2.0
20.38501739501953	nan	2.0
20.39991521835327	nan	2.0
20.41362452507019	nan	2.0
20.428651332855225	nan	2.0
20.442317247390747	nan	2.0
20.454801082611084	nan	2.0
20.468615531921387	nan	2.0
20.483368396759033	nan	2.0
20.497148990631104	nan	2.0
20.51090431213379	nan	2.0
20.52589178085327	nan	2.0
20.539901971817017	nan	2.0
20.556354999542236	nan	2.0
20.57003355026245	nan	2.0
20.58272075653076	nan	2.0
20.595985889434814	nan	2.0
20.61060857772827	nan	2.0
20.623632431030273	nan	2.0
20.63859724998474	nan	2.0
20.651567220687866	nan	2.0
20.66534996032715	nan	2.0
20.67843008041382	nan	2.0
20.693344354629517	nan	2.0
20.70663046836853	nan	2.0
20.72128176689148	nan	2.0
20.734309911727905	nan	2.0
20.74677348136902	nan	2.0
20.7625994682312	nan	2.0
20.775587797164917	nan	2.0
20.789802074432373	nan	2.0
20.803743362426758	nan	2.0
20.8161723613739	nan	2.0
20.828916311264038	nan	2.0
20.845226526260376	nan	2.0
20.858327388763428	nan	2.0
20.874050855636597	nan	2.0
20.888094902038574	nan	2.0
20.901187419891357	nan	2.0
20.915377378463745	nan	2.0
20.929914712905884	nan	2.0
20.943402767181396	nan	2.0
20.958526134490967	nan	2.0
20.971856117248535	nan	2.0
20.984947204589844	nan	2.0
20.9992196559906	nan	2.0
21.01268744468689	nan	2.0
21.02639865875244	nan	2.0
21.041013717651367	nan	2.0
21.05657386779785	nan	2.0
21.069960355758667	nan	2.0
21.086315631866455	nan	2.0
21.101090908050537	nan	2.0
21.117750883102417	nan	2.0
21.130367279052734	nan	2.0
21.143824815750122	nan	2.0
21.158409357070923	nan	2.0
21.172910451889038	nan	2.0
21.186049461364746	nan	2.0
21.199917554855347	nan	2.0
21.212851762771606	nan	2.0
21.225730657577515	nan	2.0
21.23939871788025	nan	2.0
21.252107620239258	nan	2.0
21.264256477355957	nan	2.0
21.276742935180664	nan	2.0
21.291043758392334	nan	2.0
21.30327272415161	nan	2.0
21.317155838012695	nan	2.0
21.332072019577026	nan	2.0
21.344321250915527	nan	2.0
21.356741905212402	nan	2.0
21.371800184249878	nan	2.0
21.38435935974121	nan	2.0
21.398907899856567	nan	2.0
21.412297010421753	nan	2.0
21.42441415786743	nan	2.0
21.43678569793701	nan	2.0
21.452669858932495	nan	2.0
21.466057300567627	nan	2.0
21.480523109436035	nan	2.0
21.494600534439087	nan	2.0
21.507349729537964	nan	2.0
21.520549058914185	nan	2.0
21.535860061645508	nan	2.0
21.549113512039185	nan	2.0
21.565593957901	nan	2.0
21.578688383102417	nan	2.0
21.591359615325928	nan	2.0
21.60451865196228	nan	2.0
21.619084119796753	nan	2.0
21.631565809249878	nan	2.0
21.647369384765625	nan	2.0
21.660477876663208	nan	2.0
21.673553943634033	nan	2.0
21.68710494041443	nan	2.0
21.701486587524414	nan	2.0
21.715089797973633	nan	2.0
21.729058504104614	nan	2.0
21.74276852607727	nan	2.0
21.756031274795532	nan	2.0
21.771204233169556	nan	2.0
21.78424644470215	nan	2.0
21.797708988189697	nan	2.0
21.813313007354736	nan	2.0
21.826629400253296	nan	2.0
21.839506149291992	nan	2.0
21.8557550907135	nan	2.0
21.868746757507324	nan	2.0
21.88445544242859	nan	2.0
21.897674560546875	nan	2.0
21.91077995300293	nan	2.0
21.924593210220337	nan	2.0
21.9395649433136	nan	2.0
21.952988147735596	nan	2.0
21.966487884521484	nan	2.0
21.980809450149536	nan	2.0
21.994409561157227	nan	2.0
22.009140968322754	nan	2.0
22.02306032180786	nan	2.0
22.03629493713379	nan	2.0
22.049116134643555	nan	2.0
22.065410614013672	nan	2.0
22.078073978424072	nan	2.0
22.093451261520386	nan	2.0
22.106734037399292	nan	2.0
22.11962628364563	nan	2.0
22.134177923202515	nan	2.0
22.14925718307495	nan	2.0
22.163482189178467	nan	2.0
22.178597927093506	nan	2.0
22.19161105155945	nan	2.0
22.20432686805725	nan	2.0
22.220452070236206	nan	2.0
22.23355984687805	nan	2.0
22.247639894485474	nan	2.0
22.261512756347656	nan	2.0
22.275404930114746	nan	2.0
22.2899272441864	nan	2.0
22.305373907089233	nan	2.0
22.318325519561768	nan	2.0
22.334473848342896	nan	2.0
22.348538160324097	nan	2.0
22.362913131713867	nan	2.0
22.37846875190735	nan	2.0
22.392746210098267	nan	2.0
22.40784788131714	nan	2.0
22.423304557800293	nan	2.0
22.437725067138672	nan	2.0
22.451393604278564	nan	2.0
22.467495441436768	nan	2.0
22.482325077056885	nan	2.0
22.498592615127563	nan	2.0
22.51250910758972	nan	2.0
22.525805950164795	nan	2.0
22.54117465019226	nan	2.0
22.55646777153015	nan	2.0
22.57154870033264	nan	2.0
22.586172103881836	nan	2.0
22.598398208618164	nan	2.0
22.613730907440186	nan	2.0
22.629406690597534	nan	2.0
22.644275426864624	nan	2.0
22.65988039970398	nan	2.0
22.673949480056763	nan	2.0
22.68663215637207	nan	2.0
22.69966411590576	nan	2.0
22.711089372634888	nan	2.0
22.72280979156494	nan	2.0
22.733904361724854	nan	2.0
22.748360633850098	nan	2.0
22.761409521102905	nan	2.0
22.773940086364746	nan	2.0
22.785907745361328	nan	2.0
22.797560691833496	nan	2.0
22.80861473083496	nan	2.0
22.82152771949768	nan	2.0
22.834321975708008	nan	2.0
22.84569787979126	nan	2.0
22.85960578918457	nan	2.0
22.87076735496521	nan	2.0
22.88213562965393	nan	2.0
22.89339542388916	nan	2.0
22.90779948234558	nan	2.0
22.919009923934937	nan	2.0
22.93104600906372	nan	2.0
22.944403409957886	nan	2.0
22.955560445785522	nan	2.0
22.966731071472168	nan	2.0
22.978055477142334	nan	2.0
22.991164207458496	nan	2.0
23.003512620925903	nan	2.0
23.016685247421265	nan	2.0
23.028568506240845	nan	2.0
23.039795875549316	nan	2.0
23.051721572875977	nan	2.0
23.067546606063843	nan	2.0
23.082439422607422	nan	2.0
23.096731424331665	nan	2.0
23.110478401184082	nan	2.0
23.12304401397705	nan	2.0
23.13613200187683	nan	2.0
23.150288581848145	nan	2.0
23.163580179214478	nan	2.0
23.177757501602173	nan	2.0
23.190316677093506	nan	2.0
23.201818227767944	nan	2.0
23.214175939559937	nan	2.0
23.229137182235718	nan	2.0
23.24108862876892	nan	2.0
23.25465178489685	nan	2.0
23.267274618148804	nan	2.0
23.279483318328857	nan	2.0
23.291673183441162	nan	2.0
23.30605912208557	nan	2.0
23.318451642990112	nan	2.0
23.330698490142822	nan	2.0
23.345845460891724	nan	2.0
23.358586072921753	nan	2.0
23.37106490135193	nan	2.0
23.38632369041443	nan	2.0
23.399686336517334	nan	2.0
23.414285898208618	nan	2.0
23.42848229408264	nan	2.0
23.440585136413574	nan	2.0
23.452439785003662	nan	2.0
23.46816921234131	nan	2.0
23.480287075042725	nan	2.0
23.492398977279663	nan	2.0
23.504544973373413	nan	2.0
23.518245220184326	nan	2.0
23.530261993408203	nan	2.0
23.544679403305054	nan	2.0
23.557151556015015	nan	2.0
23.56892156600952	nan	2.0
23.581068515777588	nan	2.0
23.596280574798584	nan	2.0
23.608510494232178	nan	2.0
23.62091636657715	nan	2.0
23.63413906097412	nan	2.0
23.646207809448242	nan	2.0
23.658157348632812	nan	2.0
23.670270204544067	nan	2.0
23.683762311935425	nan	2.0
23.69541335105896	nan	2.0
23.70994758605957	nan	2.0
23.722143411636353	nan	2.0
23.73355722427368	nan	2.0
23.74564814567566	nan	2.0
23.75965142250061	nan	2.0
23.77102255821228	nan	2.0
23.786261320114136	nan	2.0
23.798431873321533	nan	2.0
23.81068181991577	nan	2.0
23.822527408599854	nan	2.0
23.835798978805542	nan	2.0
23.848082780838013	nan	2.0
23.861217498779297	nan	2.0
23.875205755233765	nan	2.0
23.8864529132843	nan	2.0
23.898536205291748	nan	2.0
23.911672353744507	nan	2.0
23.924650192260742	nan	2.0
23.936126947402954	nan	2.0
23.950610637664795	nan	2.0
23.96292734146118	nan	2.0
23.974642276763916	nan	2.0
23.98629093170166	nan	2.0
23.99947690963745	nan	2.0
24.011696100234985	nan	2.0
24.025859355926514	nan	2.0
24.037344694137573	nan	2.0
24.04923987388611	nan	2.0
24.06119465827942	nan	2.0
24.075412273406982	nan	2.0
24.087382793426514	nan	2.0
24.101216316223145	nan	2.0
24.11517643928528	nan	2.0
24.127134323120117	nan	2.0
24.138772010803223	nan	2.0
24.15199112892151	nan	2.0
24.164297342300415	nan	2.0
24.17615509033203	nan	2.0
24.189226627349854	nan	2.0
24.201558828353882	nan	2.0
24.213617086410522	nan	2.0
24.226863384246826	nan	2.0
24.23973298072815	nan	2.0
24.25171971321106	nan	2.0
24.263243436813354	nan	2.0
24.275629997253418	nan	2.0
24.288923740386963	nan	2.0
24.301860094070435	nan	2.0
24.316996097564697	nan	2.0
24.329105138778687	nan	2.0
24.340973615646362	nan	2.0
24.35355234146118	nan	2.0
24.368115186691284	nan	2.0
24.380592584609985	nan	2.0
24.395384073257446	nan	2.0
24.407601356506348	nan	2.0
24.418907403945923	nan	2.0
24.431745529174805	nan	2.0
24.44517946243286	nan	2.0
24.456843614578247	nan	2.0
24.46946907043457	nan	2.0
24.48309898376465	nan	2.0
24.49439001083374	nan	2.0
24.505523681640625	nan	2.0
24.51868438720703	nan	2.0
24.531617641448975	nan	2.0
24.543055295944214	nan	2.0
24.556643962860107	nan	2.0
24.56805920600891	nan	2.0
24.579716444015503	nan	2.0
24.591107606887817	nan	2.0
24.605063438415527	nan	2.0
24.61664056777954	nan	2.0
24.628921508789062	nan	2.0
24.641958713531494	nan	2.0
24.653255224227905	nan	2.0
24.664580583572388	nan	2.0
24.677865743637085	nan	2.0
24.691007375717163	nan	2.0
24.702247858047485	nan	2.0
24.71508765220642	nan	2.0
24.72641611099243	nan	2.0
24.738261461257935	nan	2.0
24.750491857528687	nan	2.0
24.76455020904541	nan	2.0
24.77627682685852	nan	2.0
24.790529012680054	nan	2.0
24.8033607006073	nan	2.0
24.81546640396118	nan	2.0
24.82732319831848	nan	2.0
24.842472314834595	nan	2.0
24.85553812980652	nan	2.0
24.867884874343872	nan	2.0
24.88065457344055	nan	2.0
24.892545223236084	nan	2.0
24.904771327972412	nan	2.0
24.916956186294556	nan	2.0
24.930005073547363	nan	2.0
24.941282510757446	nan	2.0
24.95593285560608	nan	2.0
24.96734619140625	nan	2.0
24.979442358016968	nan	2.0
24.991139888763428	nan	2.0
25.00633406639099	nan	2.0
25.019088745117188	nan	2.0
25.031909942626953	nan	2.0
25.045021295547485	nan	2.0
25.059239864349365	nan	2.0
25.07108998298645	nan	2.0
25.08492088317871	nan	2.0
25.097172260284424	nan	2.0
25.109517812728882	nan	2.0
25.122751235961914	nan	2.0
25.13580560684204	nan	2.0
25.148261547088623	nan	2.0
25.163471221923828	nan	2.0
25.175605535507202	nan	2.0
25.186981678009033	nan	2.0
25.19905185699463	nan	2.0
25.213120698928833	nan	2.0
25.226035833358765	nan	2.0
25.2379252910614	nan	2.0
25.252396821975708	nan	2.0
25.26442527770996	nan	2.0
25.276052713394165	nan	2.0
25.290404796600342	nan	2.0
25.30312752723694	nan	2.0
25.315380573272705	nan	2.0
25.328758478164673	nan	2.0
25.34106159210205	nan	2.0
25.353705406188965	nan	2.0
25.368454217910767	nan	2.0
25.381542444229126	nan	2.0
25.39408230781555	nan	2.0
25.408523321151733	nan	2.0
25.420332670211792	nan	2.0
25.43241572380066	nan	2.0
25.44813895225525	nan	2.0
25.46125555038452	nan	2.0
25.47420382499695	nan	2.0
25.48737335205078	nan	2.0
25.50033950805664	nan	2.0
25.51261067390442	nan	2.0
25.52508306503296	nan	2.0
25.538498878479004	nan	2.0
25.550931215286255	nan	2.0
25.565026998519897	nan	2.0
25.578092575073242	nan	2.0
25.589709043502808	nan	2.0
25.603179216384888	nan	2.0
25.617079973220825	nan	2.0
25.629966259002686	nan	2.0
25.644787073135376	nan	2.0
25.656795263290405	nan	2.0
25.668476343154907	nan	2.0
25.68078327178955	nan	2.0
25.6961989402771	nan	2.0
25.708782196044922	nan	2.0
25.72355580329895	nan	2.0
25.735889196395874	nan	2.0
25.74807119369507	nan	2.0
25.760497093200684	nan	2.0
25.775134325027466	nan	2.0
25.787434577941895	nan	2.0
25.800031423568726	nan	2.0
25.813086986541748	nan	2.0
25.82776141166687	nan	2.0
25.839435338974	nan	2.0
25.853503704071045	nan	2.0
25.865522384643555	nan	2.0
25.87760615348816	nan	2.0
25.890109062194824	nan	2.0
25.903503894805908	nan	2.0
25.915460109710693	nan	2.0
25.930632829666138	nan	2.0
25.94393277168274	nan	2.0
25.95588231086731	nan	2.0
25.967243909835815	nan	2.0
25.9825541973114	nan	2.0
25.99457573890686	nan	2.0
26.00853419303894	nan	2.0
26.021780967712402	nan	2.0
26.034232139587402	nan	2.0
26.046802282333374	nan	2.0
26.062354803085327	nan	2.0
26.074543714523315	nan	2.0
26.0885808467865	nan	2.0
26.101099491119385	nan	2.0
26.113186597824097	nan	2.0
26.125317335128784	nan	2.0
26.14066219329834	nan	2.0
26.152657508850098	nan	2.0
26.1658296585083	nan	2.0
26.178941011428833	nan	2.0
26.191147565841675	nan	2.0
26.20260524749756	nan	2.0
26.217344045639038	nan	2.0
26.229429960250854	nan	2.0
26.241997480392456	nan	2.0
26.256412982940674	nan	2.0
26.268751859664917	nan	2.0
26.280780792236328	nan	2.0
26.295011043548584	nan	2.0
26.30864644050598	nan	2.0
26.320966482162476	nan	2.0
26.33546257019043	nan	2.0
26.34804129600525	nan	2.0
26.36083197593689	nan	2.0
26.374050855636597	nan	2.0
26.388444185256958	nan	2.0
26.40101385116577	nan	2.0
26.41536831855774	nan	2.0
26.42756485939026	nan	2.0
26.439966440200806	nan	2.0
26.45378565788269	nan	2.0
26.467509746551514	nan	2.0
26.48012638092041	nan	2.0
26.492817878723145	nan	2.0
26.50829243659973	nan	2.0
26.520061492919922	nan	2.0
26.533419370651245	nan	2.0
26.547467947006226	nan	2.0
26.559648752212524	nan	2.0
26.571340799331665	nan	2.0
26.58543109893799	nan	2.0
26.598092317581177	nan	2.0
26.61078977584839	nan	2.0
26.62521004676819	nan	2.0
26.637615442276	nan	2.0
26.649802684783936	nan	2.0
26.664230823516846	nan	2.0
26.676966667175293	nan	2.0
26.688987970352173	nan	2.0
26.70352292060852	nan	2.0
26.715210437774658	nan	2.0
26.727570295333862	nan	2.0
26.739810943603516	nan	2.0
26.75456714630127	nan	2.0
26.76639986038208	nan	2.0
26.779696226119995	nan	2.0
26.79140329360962	nan	2.0
26.803699016571045	nan	2.0
26.81615924835205	nan	2.0
26.83001446723938	nan	2.0
26.84179186820984	nan	2.0
26.854506731033325	nan	2.0
26.868089199066162	nan	2.0
26.88043999671936	nan	2.0
26.89263916015625	nan	2.0
26.906429529190063	nan	2.0
26.919114112854004	nan	2.0
26.931877374649048	nan	2.0
26.946287393569946	nan	2.0
26.957898378372192	nan	2.0
26.970376014709473	nan	2.0
26.98701524734497	nan	2.0
26.999042987823486	nan	2.0
27.01103115081787	nan	2.0
27.025654792785645	nan	2.0
27.037838459014893	nan	2.0
27.05006980895996	nan	2.0
27.06374716758728	nan	2.0
27.076323747634888	nan	2.0
27.08810591697693	nan	2.0
27.101704359054565	nan	2.0
27.114123582839966	nan	2.0
27.126368284225464	nan	2.0
27.13926601409912	nan	2.0
27.152328968048096	nan	2.0
27.165048599243164	nan	2.0
27.180390119552612	nan	2.0
27.192265510559082	nan	2.0
27.20416283607483	nan	2.0
27.215749263763428	nan	2.0
27.230488538742065	nan	2.0
27.242575883865356	nan	2.0
27.25462055206299	nan	2.0
27.267066717147827	nan	2.0
27.280718564987183	nan	2.0
27.29205846786499	nan	2.0
27.30623173713684	nan	2.0
27.318409204483032	nan	2.0
27.330697059631348	nan	2.0
27.342096090316772	nan	2.0
27.356926441192627	nan	2.0
27.369457006454468	nan	2.0
27.383536100387573	nan	2.0
27.39683437347412	nan	2.0
27.408829927444458	nan	2.0
27.42129921913147	nan	2.0
27.436421632766724	nan	2.0
27.44959044456482	nan	2.0
27.462478399276733	nan	2.0
27.476126670837402	nan	2.0
27.4879207611084	nan	2.0
27.49976420402527	nan	2.0
27.514645099639893	nan	2.0
27.527516841888428	nan	2.0
27.53989839553833	nan	2.0
27.555243015289307	nan	2.0
27.568225860595703	nan	2.0
27.581295013427734	nan	2.0
27.596288204193115	nan	2.0
27.608236074447632	nan	2.0
27.620922088623047	nan	2.0
27.635303735733032	nan	2.0
27.647062063217163	nan	2.0
27.658660411834717	nan	2.0
27.672377347946167	nan	2.0
27.684620141983032	nan	2.0
27.69787836074829	nan	2.0
27.71194553375244	nan	2.0
27.72426128387451	nan	2.0
27.73605966567993	nan	2.0
27.74817204475403	nan	2.0
27.76225447654724	nan	2.0
27.773536682128906	nan	2.0
27.78791356086731	nan	2.0
27.79973316192627	nan	2.0
27.81128239631653	nan	2.0
27.823180198669434	nan	2.0
27.836554765701294	nan	2.0
27.8483464717865	nan	2.0
27.86028003692627	nan	2.0
27.873239278793335	nan	2.0
27.88458228111267	nan	2.0
27.895976305007935	nan	2.0
27.908945083618164	nan	2.0
27.92135190963745	nan	2.0
27.933083534240723	nan	2.0
27.948484420776367	nan	2.0
27.960330963134766	nan	2.0
27.97206687927246	nan	2.0
27.983831882476807	nan	2.0
27.99830675125122	nan	2.0
28.009886741638184	nan	2.0
28.02166199684143	nan	2.0
28.034544229507446	nan	2.0
28.047942876815796	nan	2.0
28.060298919677734	nan	2.0
28.074169874191284	nan	2.0
28.086777687072754	nan	2.0
28.099144458770752	nan	2.0
28.110432624816895	nan	2.0
28.125107288360596	nan	2.0
28.1372230052948	nan	2.0
28.152811288833618	nan	2.0
28.16513466835022	nan	2.0
28.176827907562256	nan	2.0
28.190783262252808	nan	2.0
28.205390691757202	nan	2.0
28.222831964492798	nan	2.0
28.239568948745728	nan	2.0
28.258349418640137	nan	2.0
28.27550482749939	nan	2.0
28.293073892593384	nan	2.0
28.30920934677124	nan	2.0
28.32676887512207	nan	2.0
28.33971381187439	nan	2.0
28.3522732257843	nan	2.0
28.3677077293396	nan	2.0
28.380150318145752	nan	2.0
28.39668583869934	nan	2.0
28.40951180458069	nan	2.0
28.422026872634888	nan	2.0
28.438199520111084	nan	2.0
28.453152418136597	nan	2.0
28.466334581375122	nan	2.0
28.48036527633667	nan	2.0
28.49853253364563	nan	2.0
28.519320487976074	nan	2.0
28.54646110534668	nan	2.0
28.5682110786438	nan	2.0
28.588378190994263	nan	2.0
28.60829257965088	nan	2.0
28.624162435531616	nan	2.0
28.639934539794922	nan	2.0
28.65388798713684	nan	2.0
28.6671941280365	nan	2.0
28.68261432647705	nan	2.0
28.69585418701172	nan	2.0
28.709607362747192	nan	2.0
28.724963426589966	nan	2.0
28.738967657089233	nan	2.0
28.75566077232361	nan	2.0
28.769816160202026	nan	2.0
28.78224754333496	nan	2.0
28.794475555419922	nan	2.0
28.8091778755188	nan	2.0
28.822715044021606	nan	2.0
28.83527660369873	nan	2.0
28.849507093429565	nan	2.0
28.861857414245605	nan	2.0
28.874061822891235	nan	2.0
28.889155626296997	nan	2.0
28.90131402015686	nan	2.0
28.914071083068848	nan	2.0
28.927603483200073	nan	2.0
28.94218158721924	nan	2.0
28.955071926116943	nan	2.0
28.96935725212097	nan	2.0
28.981558799743652	nan	2.0
28.994585275650024	nan	2.0
29.008599996566772	nan	2.0
29.020359754562378	nan	2.0
29.032660007476807	nan	2.0
29.044869422912598	nan	2.0
29.05869221687317	nan	2.0
29.07039165496826	nan	2.0
29.0849928855896	nan	2.0
29.097201347351074	nan	2.0
29.110296487808228	nan	2.0
29.122493267059326	nan	2.0
29.136605978012085	nan	2.0
29.14832377433777	nan	2.0
29.162822723388672	nan	2.0
29.178010940551758	nan	2.0
29.19188928604126	nan	2.0
29.209059715270996	nan	2.0
29.221636056900024	nan	2.0
29.234713315963745	nan	2.0
29.24928379058838	nan	2.0
29.261696577072144	nan	2.0
29.274757146835327	nan	2.0
29.29054546356201	nan	2.0
29.30373191833496	nan	2.0
29.318670988082886	nan	2.0
29.332327842712402	nan	2.0
29.344483375549316	nan	2.0
29.35624933242798	nan	2.0
29.371036529541016	nan	2.0
29.383479118347168	nan	2.0
29.39685368537903	nan	2.0
29.411027431488037	nan	2.0
29.423773050308228	nan	2.0
29.435582399368286	nan	2.0
29.450123071670532	nan	2.0
29.462072372436523	nan	2.0
29.47506356239319	nan	2.0
29.488693237304688	nan	2.0
29.500638723373413	nan	2.0
29.512895822525024	nan	2.0
29.527318954467773	nan	2.0
29.541572332382202	nan	2.0
29.55359673500061	nan	2.0
29.565815210342407	nan	2.0
29.57961893081665	nan	2.0
29.592870712280273	nan	2.0
29.606610774993896	nan	2.0
29.62177276611328	nan	2.0
29.635991096496582	nan	2.0
29.648730993270874	nan	2.0
29.663317441940308	nan	2.0
29.675177335739136	nan	2.0
29.689382791519165	nan	2.0
29.70187211036682	nan	2.0
29.71492314338684	nan	2.0
29.726178646087646	nan	2.0
29.74216866493225	nan	2.0
29.756260633468628	nan	2.0
29.77372717857361	nan	2.0
29.790931940078735	nan	2.0
29.80482840538025	nan	2.0
29.820032835006714	nan	2.0
29.832507848739624	nan	2.0
29.844852447509766	nan	2.0
29.85883617401123	nan	2.0
29.871046543121338	nan	2.0
29.88274574279785	nan	2.0
29.89710283279419	nan	2.0
29.90950608253479	nan	2.0
29.92609667778015	nan	2.0
29.946542024612427	nan	2.0
29.96248960494995	nan	2.0
29.979626893997192	nan	2.0
29.996000289916992	nan	2.0
30.012656927108765	nan	2.0
30.029810428619385	nan	2.0
30.045754194259644	nan	2.0
30.06317901611328	nan	2.0
30.080755472183228	nan	2.0
30.099601984024048	nan	2.0
30.116711854934692	nan	2.0
30.13056230545044	nan	2.0
30.144331216812134	nan	2.0
30.15686297416687	nan	2.0
30.171753406524658	nan	2.0
30.18564748764038	nan	2.0
30.19765567779541	nan	2.0
30.210869789123535	nan	2.0
30.22464871406555	nan	2.0
30.237887859344482	nan	2.0
30.253225803375244	nan	2.0
30.265888214111328	nan	2.0
30.27791428565979	nan	2.0
30.290554761886597	nan	2.0
30.304489612579346	nan	2.0
30.317159175872803	nan	2.0
30.329074382781982	nan	2.0
30.342100858688354	nan	2.0
30.357213497161865	nan	2.0
30.371456623077393	nan	2.0
30.385499477386475	nan	2.0
30.39782452583313	nan	2.0
30.41001319885254	nan	2.0
30.42483353614807	nan	2.0
30.437901735305786	nan	2.0
30.450523853302002	nan	2.0
30.46479296684265	nan	2.0
30.476874351501465	nan	2.0
30.489421844482422	nan	2.0
30.50530695915222	nan	2.0
30.518415689468384	nan	2.0
30.5331814289093	nan	2.0
30.547300338745117	nan	2.0
30.559727668762207	nan	2.0
30.571606874465942	nan	2.0
30.586364030838013	nan	2.0
30.598507404327393	nan	2.0
30.61195993423462	nan	2.0
30.625643491744995	nan	2.0
30.638289213180542	nan	2.0
30.652700185775757	nan	2.0
30.666773080825806	nan	2.0
30.67862033843994	nan	2.0
30.691972017288208	nan	2.0
30.70576810836792	nan	2.0
30.7178692817688	nan	2.0
30.729681253433228	nan	2.0
30.7438542842865	nan	2.0
30.7566134929657	nan	2.0
30.768980741500854	nan	2.0
30.783128261566162	nan	2.0
30.79480242729187	nan	2.0
30.807029724121094	nan	2.0
30.81909728050232	nan	2.0
30.832682371139526	nan	2.0
30.844264030456543	nan	2.0
30.858023643493652	nan	2.0
30.870179176330566	nan	2.0
30.882664680480957	nan	2.0
30.89401650428772	nan	2.0
30.908272981643677	nan	2.0
30.920700550079346	nan	2.0
30.934783220291138	nan	2.0
30.94822359085083	nan	2.0
30.960885763168335	nan	2.0
30.97356128692627	nan	2.0
30.987853527069092	nan	2.0
31.000629901885986	nan	2.0
31.01306986808777	nan	2.0
31.025551795959473	nan	2.0
31.04282259941101	nan	2.0
31.061861038208008	nan	2.0
31.078127145767212	nan	2.0
31.094949960708618	nan	2.0
31.113887786865234	nan	2.0
31.13169836997986	nan	2.0
31.148919820785522	nan	2.0
31.16311740875244	nan	2.0
31.175663948059082	nan	2.0
31.189428567886353	nan	2.0
31.2057101726532	nan	2.0
31.21899652481079	nan	2.0
31.232383728027344	nan	2.0
31.244133234024048	nan	2.0
31.25580334663391	nan	2.0
31.26928186416626	nan	2.0
31.283515214920044	nan	2.0
31.298266649246216	nan	2.0
31.31570339202881	nan	2.0
31.3281409740448	nan	2.0
31.34109926223755	nan	2.0
31.356882572174072	nan	2.0
31.375494718551636	nan	2.0
31.39722752571106	nan	2.0
31.41740107536316	nan	2.0
31.4392032623291	nan	2.0
31.457043886184692	nan	2.0
31.472705841064453	nan	2.0
31.48683190345764	nan	2.0
31.500309228897095	nan	2.0
31.516207695007324	nan	2.0
31.52916979789734	nan	2.0
31.544613122940063	nan	2.0
31.55766201019287	nan	2.0
31.570296049118042	nan	2.0
31.582234144210815	nan	2.0
31.597469091415405	nan	2.0
31.610114336013794	nan	2.0
31.626396894454956	nan	2.0
31.639835357666016	nan	2.0
31.65310049057007	nan	2.0
31.665974140167236	nan	2.0
31.68022871017456	nan	2.0
31.693696975708008	nan	2.0
31.707334995269775	nan	2.0
31.720632791519165	nan	2.0
31.73288321495056	nan	2.0
31.74494981765747	nan	2.0
31.75936532020569	nan	2.0
31.771631956100464	nan	2.0
31.78385066986084	nan	2.0
31.796229124069214	nan	2.0
31.811166763305664	nan	2.0
31.823445320129395	nan	2.0
31.83798360824585	nan	2.0
31.849839687347412	nan	2.0
31.862423181533813	nan	2.0
31.874759435653687	nan	2.0
31.88874340057373	nan	2.0
31.90091872215271	nan	2.0
31.917583227157593	nan	2.0
31.93043279647827	nan	2.0
31.9429292678833	nan	2.0
31.955134391784668	nan	2.0
31.970285654067993	nan	2.0
31.987156867980957	nan	2.0
32.00263166427612	nan	2.0
32.021891832351685	nan	2.0
32.04212689399719	nan	2.0
32.0578236579895	nan	2.0
32.077975034713745	nan	2.0
32.093878984451294	nan	2.0
32.10787272453308	nan	2.0
32.12661552429199	nan	2.0
32.14404821395874	nan	2.0
32.16452741622925	nan	2.0
32.18312954902649	nan	2.0
32.2027804851532	nan	2.0
32.21711564064026	nan	2.0
32.23112201690674	nan	2.0
32.243539810180664	nan	2.0
32.25604820251465	nan	2.0
32.26759433746338	nan	2.0
32.28283166885376	nan	2.0
32.29515314102173	nan	2.0
32.30827069282532	nan	2.0
32.321566581726074	nan	2.0
32.33536720275879	nan	2.0
32.349929332733154	nan	2.0
32.36932349205017	nan	2.0
32.39024019241333	nan	2.0
32.40986347198486	nan	2.0
32.4285683631897	nan	2.0
32.44869923591614	nan	2.0
32.4647650718689	nan	2.0
32.48008942604065	nan	2.0
32.49346613883972	nan	2.0
32.50649833679199	nan	2.0
32.521050214767456	nan	2.0
32.534263372421265	nan	2.0
32.54742503166199	nan	2.0
32.56219124794006	nan	2.0
32.57733345031738	nan	2.0
32.592934131622314	nan	2.0
32.610480546951294	nan	2.0
32.62822127342224	nan	2.0
32.64722466468811	nan	2.0
32.66337776184082	nan	2.0
32.680187702178955	nan	2.0
32.69563364982605	nan	2.0
32.70956611633301	nan	2.0
32.72360277175903	nan	2.0
32.738240242004395	nan	2.0
32.75033664703369	nan	2.0
32.765464067459106	nan	2.0
32.77770209312439	nan	2.0
32.79098105430603	nan	2.0
32.80646371841431	nan	2.0
32.820154428482056	nan	2.0
32.832587480545044	nan	2.0
32.848304986953735	nan	2.0
32.86150908470154	nan	2.0
32.87405252456665	nan	2.0
32.88897442817688	nan	2.0
32.90215039253235	nan	2.0
32.91523337364197	nan	2.0
32.92878532409668	nan	2.0
32.94226670265198	nan	2.0
32.95502281188965	nan	2.0
32.970670223236084	nan	2.0
32.98366975784302	nan	2.0
32.99758195877075	nan	2.0
33.01201128959656	nan	2.0
33.024415016174316	nan	2.0
33.03649091720581	nan	2.0
33.0533926486969	nan	2.0
33.06627583503723	nan	2.0
33.08138394355774	nan	2.0
33.09553289413452	nan	2.0
33.109275579452515	nan	2.0
33.12270140647888	nan	2.0
33.138057231903076	nan	2.0
33.150182008743286	nan	2.0
33.164803981781006	nan	2.0
33.177563190460205	nan	2.0
33.19056248664856	nan	2.0
33.20279407501221	nan	2.0
33.218097448349	nan	2.0
33.230087995529175	nan	2.0
33.24598979949951	nan	2.0
33.259052991867065	nan	2.0
33.27192711830139	nan	2.0
33.28563666343689	nan	2.0
33.29976677894592	nan	2.0
33.31296157836914	nan	2.0
33.32518148422241	nan	2.0
33.341667890548706	nan	2.0
33.35438537597656	nan	2.0
33.36968374252319	nan	2.0
33.38317632675171	nan	2.0
33.39511752128601	nan	2.0
33.40764045715332	nan	2.0
33.42371344566345	nan	2.0
33.436479330062866	nan	2.0
33.45171809196472	nan	2.0
33.46440839767456	nan	2.0
33.47639536857605	nan	2.0
33.489526987075806	nan	2.0
33.504721879959106	nan	2.0
33.51753759384155	nan	2.0
33.53268098831177	nan	2.0
33.54517436027527	nan	2.0
33.55822014808655	nan	2.0
33.57135772705078	nan	2.0
33.586562633514404	nan	2.0
33.598716259002686	nan	2.0
33.613871574401855	nan	2.0
33.626163721084595	nan	2.0
33.63911199569702	nan	2.0
33.65142560005188	nan	2.0
33.66599130630493	nan	2.0
33.67808651924133	nan	2.0
33.69278597831726	nan	2.0
33.70534586906433	nan	2.0
33.7181339263916	nan	2.0
33.73189163208008	nan	2.0
33.74666500091553	nan	2.0
33.75962710380554	nan	2.0
33.77579426765442	nan	2.0
33.78909921646118	nan	2.0
33.80130577087402	nan	2.0
33.815704107284546	nan	2.0
33.82913398742676	nan	2.0
33.842602252960205	nan	2.0
33.85794925689697	nan	2.0
33.87103462219238	nan	2.0
33.88377380371094	nan	2.0
33.89837598800659	nan	2.0
33.910675048828125	nan	2.0
33.9250054359436	nan	2.0
33.93823456764221	nan	2.0
33.95030999183655	nan	2.0
33.96260738372803	nan	2.0
33.97645449638367	nan	2.0
33.98939371109009	nan	2.0
34.00221014022827	nan	2.0
34.01716876029968	nan	2.0
34.02929973602295	nan	2.0
34.04265213012695	nan	2.0
34.05645203590393	nan	2.0
34.06942915916443	nan	2.0
34.081568241119385	nan	2.0
34.09418177604675	nan	2.0
34.109792947769165	nan	2.0
34.12228202819824	nan	2.0
34.136358976364136	nan	2.0
34.149186849594116	nan	2.0
34.161771297454834	nan	2.0
34.173922538757324	nan	2.0
34.18789553642273	nan	2.0
34.200159311294556	nan	2.0
34.213200092315674	nan	2.0
34.22672700881958	nan	2.0
34.238927364349365	nan	2.0
34.25131964683533	nan	2.0
34.26691246032715	nan	2.0
34.279173135757446	nan	2.0
34.29333806037903	nan	2.0
34.30792760848999	nan	2.0
34.32040286064148	nan	2.0
34.33327054977417	nan	2.0
34.349565744400024	nan	2.0
34.36251711845398	nan	2.0
34.378056049346924	nan	2.0
34.39102125167847	nan	2.0
34.40308666229248	nan	2.0
34.41649389266968	nan	2.0
34.43209099769592	nan	2.0
34.44433951377869	nan	2.0
34.45911192893982	nan	2.0
34.472275495529175	nan	2.0
34.484580516815186	nan	2.0
34.497517108917236	nan	2.0
34.51381850242615	nan	2.0
34.52594184875488	nan	2.0
34.54083728790283	nan	2.0
34.55633497238159	nan	2.0
34.570379972457886	nan	2.0
34.585450172424316	nan	2.0
34.5983567237854	nan	2.0
34.61278462409973	nan	2.0
34.62716102600098	nan	2.0
34.63989210128784	nan	2.0
34.65310549736023	nan	2.0
34.66756892204285	nan	2.0
34.68018913269043	nan	2.0
34.694977045059204	nan	2.0
34.708776235580444	nan	2.0
34.72148633003235	nan	2.0
34.733299016952515	nan	2.0
34.748228311538696	nan	2.0
34.76669955253601	nan	2.0
34.78276801109314	nan	2.0
34.795965909957886	nan	2.0
34.80850553512573	nan	2.0
34.82245087623596	nan	2.0
34.83582162857056	nan	2.0
34.848024129867554	nan	2.0
34.86052393913269	nan	2.0
34.875372648239136	nan	2.0
34.88804888725281	nan	2.0
34.90234398841858	nan	2.0
34.91643047332764	nan	2.0
34.92874789237976	nan	2.0
34.941163301467896	nan	2.0
34.95598816871643	nan	2.0
34.96861815452576	nan	2.0
34.98377823829651	nan	2.0
34.997581005096436	nan	2.0
35.01012182235718	nan	2.0
35.02329468727112	nan	2.0
35.038923025131226	nan	2.0
35.052051067352295	nan	2.0
35.068119287490845	nan	2.0
35.08079648017883	nan	2.0
35.09418058395386	nan	2.0
35.10798096656799	nan	2.0
35.12338089942932	nan	2.0
35.13609981536865	nan	2.0
35.15198373794556	nan	2.0
35.16504526138306	nan	2.0
35.177664041519165	nan	2.0
35.192896366119385	nan	2.0
35.2064003944397	nan	2.0
35.2213933467865	nan	2.0
35.235177516937256	nan	2.0
35.24744772911072	nan	2.0
35.26035118103027	nan	2.0
35.27701163291931	nan	2.0
35.29035496711731	nan	2.0
35.30535006523132	nan	2.0
35.318684577941895	nan	2.0
35.33094882965088	nan	2.0
35.34402322769165	nan	2.0
35.35990595817566	nan	2.0
35.37332487106323	nan	2.0
35.38786721229553	nan	2.0
35.40071511268616	nan	2.0
35.41454029083252	nan	2.0
35.42793297767639	nan	2.0
35.44252920150757	nan	2.0
35.455105781555176	nan	2.0
35.46941947937012	nan	2.0
35.48202395439148	nan	2.0
35.49480128288269	nan	2.0
35.50935339927673	nan	2.0
35.52440524101257	nan	2.0
35.53736877441406	nan	2.0
35.54963517189026	nan	2.0
35.565571546554565	nan	2.0
35.578357219696045	nan	2.0
35.594706296920776	nan	2.0
35.60786509513855	nan	2.0
35.620649099349976	nan	2.0
35.63361144065857	nan	2.0
35.647655725479126	nan	2.0
35.659932374954224	nan	2.0
35.67655873298645	nan	2.0
35.688915729522705	nan	2.0
35.702043533325195	nan	2.0
35.71545600891113	nan	2.0
35.729920387268066	nan	2.0
35.74248194694519	nan	2.0
35.75807237625122	nan	2.0
35.770873069763184	nan	2.0
35.783270597457886	nan	2.0
35.797396421432495	nan	2.0
35.810795068740845	nan	2.0
35.82323431968689	nan	2.0
35.838897943496704	nan	2.0
35.8513388633728	nan	2.0
35.86372923851013	nan	2.0
35.8784875869751	nan	2.0
35.89175486564636	nan	2.0
35.904051542282104	nan	2.0
35.91970109939575	nan	2.0
35.932379484176636	nan	2.0
35.94491672515869	nan	2.0
35.95923447608948	nan	2.0
35.97280406951904	nan	2.0
35.98570990562439	nan	2.0
36.00070333480835	nan	2.0
36.014622926712036	nan	2.0
36.02701449394226	nan	2.0
36.04253363609314	nan	2.0
36.05530905723572	nan	2.0
36.069581747055054	nan	2.0
36.08435773849487	nan	2.0
36.09690618515015	nan	2.0
36.11092281341553	nan	2.0
36.12672019004822	nan	2.0
36.14093041419983	nan	2.0
36.155556201934814	nan	2.0
36.168647050857544	nan	2.0
36.18139433860779	nan	2.0
36.194783449172974	nan	2.0
36.20917725563049	nan	2.0
36.22270846366882	nan	2.0
36.23820781707764	nan	2.0
36.25072741508484	nan	2.0
36.26419687271118	nan	2.0
36.279571533203125	nan	2.0
36.294541120529175	nan	2.0
36.307612895965576	nan	2.0
36.320497274398804	nan	2.0
36.33667039871216	nan	2.0
36.349250078201294	nan	2.0
36.365195512771606	nan	2.0
36.37762141227722	nan	2.0
36.39038348197937	nan	2.0
36.404295921325684	nan	2.0
36.41953802108765	nan	2.0
36.43285393714905	nan	2.0
36.448376178741455	nan	2.0
36.46104145050049	nan	2.0
36.47389078140259	nan	2.0
36.48958611488342	nan	2.0
36.50262427330017	nan	2.0
36.51620650291443	nan	2.0
36.530296087265015	nan	2.0
36.54380989074707	nan	2.0
36.556524991989136	nan	2.0
36.57191348075867	nan	2.0
36.58484983444214	nan	2.0
36.60036873817444	nan	2.0
36.614622592926025	nan	2.0
36.62717819213867	nan	2.0
36.64019298553467	nan	2.0
36.65622401237488	nan	2.0
36.669249534606934	nan	2.0
36.68539905548096	nan	2.0
36.69767785072327	nan	2.0
36.71043276786804	nan	2.0
36.72439122200012	nan	2.0
36.73870921134949	nan	2.0
36.751147985458374	nan	2.0
36.76747941970825	nan	2.0
36.78001570701599	nan	2.0
36.792940616607666	nan	2.0
36.807692527770996	nan	2.0
36.8208384513855	nan	2.0
36.8332302570343	nan	2.0
36.84897470474243	nan	2.0
36.86216688156128	nan	2.0
36.87535548210144	nan	2.0
36.89156913757324	nan	2.0
36.90453863143921	nan	2.0
36.92119646072388	nan	2.0
36.934818506240845	nan	2.0
36.94823741912842	nan	2.0
36.963507652282715	nan	2.0
36.979292154312134	nan	2.0
36.99367809295654	nan	2.0
37.009467124938965	nan	2.0
37.02284216880798	nan	2.0
37.035396099090576	nan	2.0
37.05130696296692	nan	2.0
37.06460666656494	nan	2.0
37.077282190322876	nan	2.0
37.090487241744995	nan	2.0
37.10550093650818	nan	2.0
37.11815047264099	nan	2.0
37.13392972946167	nan	2.0
37.14668846130371	nan	2.0
37.16013193130493	nan	2.0
37.1743369102478	nan	2.0
37.18932294845581	nan	2.0
37.20627450942993	nan	2.0
37.22001242637634	nan	2.0
37.23261260986328	nan	2.0
37.2450807094574	nan	2.0
37.259958028793335	nan	2.0
37.272329330444336	nan	2.0
37.287877798080444	nan	2.0
37.30159258842468	nan	2.0
37.31365728378296	nan	2.0
37.32609581947327	nan	2.0
37.34243130683899	nan	2.0
37.354761838912964	nan	2.0
37.37122392654419	nan	2.0
37.38401389122009	nan	2.0
37.39658856391907	nan	2.0
37.409703969955444	nan	2.0
37.424317359924316	nan	2.0
37.43653178215027	nan	2.0
37.45179057121277	nan	2.0
37.46410059928894	nan	2.0
37.476680755615234	nan	2.0
37.48977446556091	nan	2.0
37.504902601242065	nan	2.0
37.51734757423401	nan	2.0
37.53233790397644	nan	2.0
37.5448317527771	nan	2.0
37.5574951171875	nan	2.0
37.571372985839844	nan	2.0
37.58728289604187	nan	2.0
37.605396032333374	nan	2.0
37.624995708465576	nan	2.0
37.64292120933533	nan	2.0
37.66017413139343	nan	2.0
37.67966985702515	nan	2.0
37.69750213623047	nan	2.0
37.716442346572876	nan	2.0
37.73536682128906	nan	2.0
37.74867868423462	nan	2.0
37.76730132102966	nan	2.0
37.7825448513031	nan	2.0
37.79580783843994	nan	2.0
37.80867004394531	nan	2.0
37.823723554611206	nan	2.0
37.83629894256592	nan	2.0
37.849063873291016	nan	2.0
37.86317443847656	nan	2.0
37.87687563896179	nan	2.0
37.89005637168884	nan	2.0
37.90499258041382	nan	2.0
37.91803860664368	nan	2.0
37.93060040473938	nan	2.0
37.94583559036255	nan	2.0
37.95946955680847	nan	2.0
37.97394132614136	nan	2.0
37.990553855895996	nan	2.0
38.004629135131836	nan	2.0
38.019872188568115	nan	2.0
38.03594207763672	nan	2.0
38.04908061027527	nan	2.0
38.06489944458008	nan	2.0
38.0777690410614	nan	2.0
38.091007232666016	nan	2.0
38.105987787246704	nan	2.0
38.12086796760559	nan	2.0
38.13637709617615	nan	2.0
38.15015411376953	nan	2.0
38.162813663482666	nan	2.0
38.17594265937805	nan	2.0
38.191343545913696	nan	2.0
38.204890727996826	nan	2.0
38.219703674316406	nan	2.0
38.23206830024719	nan	2.0
38.2447829246521	nan	2.0
38.25794053077698	nan	2.0
38.27342510223389	nan	2.0
38.28650450706482	nan	2.0
38.30349826812744	nan	2.0
38.317545652389526	nan	2.0
38.33221745491028	nan	2.0
38.347304582595825	nan	2.0
38.36081147193909	nan	2.0
38.37605142593384	nan	2.0
38.389809131622314	nan	2.0
38.40219044685364	nan	2.0
38.415364265441895	nan	2.0
38.42998957633972	nan	2.0
38.443068981170654	nan	2.0
38.45774507522583	nan	2.0
38.47108697891235	nan	2.0
38.483400106430054	nan	2.0
38.495928049087524	nan	2.0
38.51106667518616	nan	2.0
38.52387738227844	nan	2.0
38.53987979888916	nan	2.0
38.55318474769592	nan	2.0
38.5663001537323	nan	2.0
38.579686641693115	nan	2.0
38.59511089324951	nan	2.0
38.608152627944946	nan	2.0
38.62122678756714	nan	2.0
38.63679122924805	nan	2.0
38.649454832077026	nan	2.0
38.66603374481201	nan	2.0
38.67938017845154	nan	2.0
38.692145109176636	nan	2.0
38.70614409446716	nan	2.0
38.721717834472656	nan	2.0
38.73450970649719	nan	2.0
38.75064730644226	nan	2.0
38.764551401138306	nan	2.0
38.777507305145264	nan	2.0
38.79413318634033	nan	2.0
38.80790424346924	nan	2.0
38.82312369346619	nan	2.0
38.836565256118774	nan	2.0
38.84900641441345	nan	2.0
38.8616898059845	nan	2.0
38.87851667404175	nan	2.0
38.89115118980408	nan	2.0
38.90937113761902	nan	2.0
38.922425508499146	nan	2.0
38.93627166748047	nan	2.0
38.950703859329224	nan	2.0
38.96451950073242	nan	2.0
38.97807168960571	nan	2.0
38.99846887588501	nan	2.0
39.01942586898804	nan	2.0
39.04154658317566	nan	2.0
39.06439733505249	nan	2.0
39.0855188369751	nan	2.0
39.108705282211304	nan	2.0
39.131892681121826	nan	2.0
39.15113162994385	nan	2.0
39.167200565338135	nan	2.0
39.18057036399841	nan	2.0
39.19603729248047	nan	2.0
39.212019205093384	nan	2.0
39.230700731277466	nan	2.0
39.24368739128113	nan	2.0
39.257139444351196	nan	2.0
39.271958112716675	nan	2.0
39.28647470474243	nan	2.0
39.29976987838745	nan	2.0
39.3140926361084	nan	2.0
39.33026361465454	nan	2.0
39.3530375957489	nan	2.0
39.371387243270874	nan	2.0
39.386260986328125	nan	2.0
39.40200161933899	nan	2.0
39.41736650466919	nan	2.0
39.4355046749115	nan	2.0
39.45069360733032	nan	2.0
39.465904235839844	nan	2.0
39.482755184173584	nan	2.0
39.4983549118042	nan	2.0
39.515596866607666	nan	2.0
39.52880835533142	nan	2.0
39.542317152023315	nan	2.0
39.556843519210815	nan	2.0
39.57214307785034	nan	2.0
39.589733839035034	nan	2.0
39.6104576587677	nan	2.0
39.63272833824158	nan	2.0
39.649730920791626	nan	2.0
39.669023275375366	nan	2.0
39.690423011779785	nan	2.0
39.707727670669556	nan	2.0
39.72632622718811	nan	2.0
39.74342751502991	nan	2.0
39.7638955116272	nan	2.0
39.78207206726074	nan	2.0
39.79712653160095	nan	2.0
39.81469440460205	nan	2.0
39.834086894989014	nan	2.0
39.853654623031616	nan	2.0
39.87160515785217	nan	2.0
39.88851857185364	nan	2.0
39.90215229988098	nan	2.0
39.91905951499939	nan	2.0
39.93363118171692	nan	2.0
39.9468047618866	nan	2.0
39.963346004486084	nan	2.0
39.97792983055115	nan	2.0
39.995054960250854	nan	2.0
40.0091814994812	nan	2.0
40.023908615112305	nan	2.0
40.038877725601196	nan	2.0
40.05772423744202	nan	2.0
40.07279634475708	nan	2.0
40.087761878967285	nan	2.0
40.10207533836365	nan	2.0
40.115243434906006	nan	2.0
40.13303852081299	nan	2.0
40.145878314971924	nan	2.0
40.16169047355652	nan	2.0
40.17733907699585	nan	2.0
40.19210600852966	nan	2.0
40.20820236206055	nan	2.0
40.22106456756592	nan	2.0
40.23352599143982	nan	2.0
40.24918007850647	nan	2.0
40.26213192939758	nan	2.0
40.27527737617493	nan	2.0
40.289562702178955	nan	2.0
40.302162885665894	nan	2.0
40.31523323059082	nan	2.0
40.33111548423767	nan	2.0
40.34402108192444	nan	2.0
40.36039996147156	nan	2.0
40.373650550842285	nan	2.0
40.38628149032593	nan	2.0
40.398924112319946	nan	2.0
40.41521501541138	nan	2.0
40.42871069908142	nan	2.0
40.444047689437866	nan	2.0
40.45673656463623	nan	2.0
40.47302269935608	nan	2.0
40.49189853668213	nan	2.0
40.508222818374634	nan	2.0
40.53087306022644	nan	2.0
40.55485987663269	nan	2.0
40.575172901153564	nan	2.0
40.587992429733276	nan	2.0
40.60430288314819	nan	2.0
40.6175479888916	nan	2.0
40.630253076553345	nan	2.0
40.64517641067505	nan	2.0
40.660114765167236	nan	2.0
40.67393898963928	nan	2.0
40.68946313858032	nan	2.0
40.70240139961243	nan	2.0
40.715157985687256	nan	2.0
40.732138872146606	nan	2.0
40.74507784843445	nan	2.0
40.76312446594238	nan	2.0
40.77591800689697	nan	2.0
40.79504156112671	nan	2.0
40.8154718875885	nan	2.0
40.83052325248718	nan	2.0
40.84652614593506	nan	2.0
40.86376118659973	nan	2.0
40.8781533241272	nan	2.0
40.8964262008667	nan	2.0
40.90931940078735	nan	2.0
40.92232894897461	nan	2.0
40.93959069252014	nan	2.0
40.952900648117065	nan	2.0
40.969491720199585	nan	2.0
40.98298501968384	nan	2.0
40.99786734580994	nan	2.0
41.01117014884949	nan	2.0
41.02614450454712	nan	2.0
41.03906321525574	nan	2.0
41.05499601364136	nan	2.0
41.069183111190796	nan	2.0
41.08170008659363	nan	2.0
41.098143577575684	nan	2.0
41.11048364639282	nan	2.0
41.12372088432312	nan	2.0
41.13835787773132	nan	2.0
41.1507306098938	nan	2.0
41.16425347328186	nan	2.0
41.180583238601685	nan	2.0
41.19329571723938	nan	2.0
41.207545042037964	nan	2.0
41.22103667259216	nan	2.0
41.2335319519043	nan	2.0
41.24643301963806	nan	2.0
41.262054443359375	nan	2.0
41.27463698387146	nan	2.0
41.29100251197815	nan	2.0
41.30486011505127	nan	2.0
41.318325996398926	nan	2.0
41.330923318862915	nan	2.0
41.348665714263916	nan	2.0
41.36271643638611	nan	2.0
41.37744688987732	nan	2.0
41.389728307724	nan	2.0
41.40939116477966	nan	2.0
41.429877281188965	nan	2.0
41.44848895072937	nan	2.0
41.46180248260498	nan	2.0
41.47495698928833	nan	2.0
41.48769021034241	nan	2.0
41.50270366668701	nan	2.0
41.51506209373474	nan	2.0
41.53102135658264	nan	2.0
41.54437279701233	nan	2.0
41.56086730957031	nan	2.0
41.57626509666443	nan	2.0
41.58944511413574	nan	2.0
41.60315775871277	nan	2.0
41.61567807197571	nan	2.0
41.63045859336853	nan	2.0
41.64315843582153	nan	2.0
41.658273220062256	nan	2.0
41.670844078063965	nan	2.0
41.68406963348389	nan	2.0
41.696752071380615	nan	2.0
41.71184802055359	nan	2.0
41.724311113357544	nan	2.0
41.738882303237915	nan	2.0
41.75156903266907	nan	2.0
41.76405382156372	nan	2.0
41.77711319923401	nan	2.0
41.7930383682251	nan	2.0
41.80537796020508	nan	2.0
41.819870471954346	nan	2.0
41.8325834274292	nan	2.0
41.84526610374451	nan	2.0
41.858201026916504	nan	2.0
41.87210249900818	nan	2.0
41.88456654548645	nan	2.0
41.89926791191101	nan	2.0
41.91235685348511	nan	2.0
41.924936056137085	nan	2.0
41.937909841537476	nan	2.0
41.95299553871155	nan	2.0
41.966089487075806	nan	2.0
41.98137807846069	nan	2.0
41.99524807929993	nan	2.0
42.007744550704956	nan	2.0
42.02265381813049	nan	2.0
42.036792278289795	nan	2.0
42.04998993873596	nan	2.0
42.06452441215515	nan	2.0
42.076732873916626	nan	2.0
42.088961601257324	nan	2.0
42.10404014587402	nan	2.0
42.11717772483826	nan	2.0
42.13041424751282	nan	2.0
42.14557075500488	nan	2.0
42.15834593772888	nan	2.0
42.17058277130127	nan	2.0
42.18653607368469	nan	2.0
42.199554443359375	nan	2.0
42.21410131454468	nan	2.0
42.22744035720825	nan	2.0
42.2405948638916	nan	2.0
42.25342297554016	nan	2.0
42.268025398254395	nan	2.0
42.280818462371826	nan	2.0
42.29639196395874	nan	2.0
42.3091185092926	nan	2.0
42.32191514968872	nan	2.0
42.33430051803589	nan	2.0
42.34864687919617	nan	2.0
42.36093068122864	nan	2.0
42.37366199493408	nan	2.0
42.38629674911499	nan	2.0
42.40022611618042	nan	2.0
42.41359257698059	nan	2.0
42.42864966392517	nan	2.0
42.44094252586365	nan	2.0
42.45313477516174	nan	2.0
42.465996980667114	nan	2.0
42.480589151382446	nan	2.0
42.49345898628235	nan	2.0
42.50882816314697	nan	2.0
42.52166724205017	nan	2.0
42.53435039520264	nan	2.0
42.547462463378906	nan	2.0
42.56184196472168	nan	2.0
42.574584007263184	nan	2.0
42.59044122695923	nan	2.0
42.60402536392212	nan	2.0
42.616469383239746	nan	2.0
42.63260197639465	nan	2.0
42.64550256729126	nan	2.0
42.65887403488159	nan	2.0
42.674180030822754	nan	2.0
42.68687415122986	nan	2.0
42.69911241531372	nan	2.0
42.71437215805054	nan	2.0
42.726850271224976	nan	2.0
42.741016149520874	nan	2.0
42.75468039512634	nan	2.0
42.767348766326904	nan	2.0
42.78092312812805	nan	2.0
42.796791791915894	nan	2.0
42.81077218055725	nan	2.0
42.82664704322815	nan	2.0
42.83937740325928	nan	2.0
42.85215878486633	nan	2.0
42.864996671676636	nan	2.0
42.87964367866516	nan	2.0
42.896724462509155	nan	2.0
42.91731119155884	nan	2.0
42.93107008934021	nan	2.0
42.9436674118042	nan	2.0
42.95881485939026	nan	2.0
42.972055435180664	nan	2.0
42.98769164085388	nan	2.0
43.0006377696991	nan	2.0
43.013399839401245	nan	2.0
43.026100873947144	nan	2.0
43.04043650627136	nan	2.0
43.0534143447876	nan	2.0
43.07000803947449	nan	2.0
43.08306002616882	nan	2.0
43.09620690345764	nan	2.0
43.11228680610657	nan	2.0
43.12998986244202	nan	2.0
43.144991874694824	nan	2.0
43.16364622116089	nan	2.0
43.18057060241699	nan	2.0
43.19766616821289	nan	2.0
43.2117600440979	nan	2.0
43.226210832595825	nan	2.0
43.24303936958313	nan	2.0
43.25724768638611	nan	2.0
43.27638840675354	nan	2.0
43.29909062385559	nan	2.0
43.32515239715576	nan	2.0
43.34963631629944	nan	2.0
43.373361110687256	nan	2.0
43.391364097595215	nan	2.0
43.40891098976135	nan	2.0
43.42451238632202	nan	2.0
43.44044470787048	nan	2.0
43.45528769493103	nan	2.0
43.46951127052307	nan	2.0
43.48557233810425	nan	2.0
43.50078845024109	nan	2.0
43.516889333724976	nan	2.0
43.53344368934631	nan	2.0
43.54994750022888	nan	2.0
43.56659817695618	nan	2.0
43.58048391342163	nan	2.0
43.59697771072388	nan	2.0
43.61015319824219	nan	2.0
43.62297773361206	nan	2.0
43.636934995651245	nan	2.0
43.65123534202576	nan	2.0
43.66403603553772	nan	2.0
43.6790132522583	nan	2.0
43.69197916984558	nan	2.0
43.7052047252655	nan	2.0
43.72529458999634	nan	2.0
43.738826513290405	nan	2.0
43.75550127029419	nan	2.0
43.77029514312744	nan	2.0
43.78502297401428	nan	2.0
43.80027770996094	nan	2.0
43.815086364746094	nan	2.0
43.8300244808197	nan	2.0
43.845473289489746	nan	2.0
43.859246015548706	nan	2.0
43.87482833862305	nan	2.0
43.88980722427368	nan	2.0
43.9059944152832	nan	2.0
43.92147874832153	nan	2.0
43.940975189208984	nan	2.0
43.9574773311615	nan	2.0
43.976855754852295	nan	2.0
43.99778366088867	nan	2.0
44.019376039505005	nan	2.0
44.041239500045776	nan	2.0
44.06314420700073	nan	2.0
44.084737062454224	nan	2.0
44.10208749771118	nan	2.0
44.11517667770386	nan	2.0
44.12925696372986	nan	2.0
44.14196968078613	nan	2.0
44.15522480010986	nan	2.0
44.17160367965698	nan	2.0
44.184972047805786	nan	2.0
44.20069169998169	nan	2.0
44.215086221694946	nan	2.0
44.230483531951904	nan	2.0
44.24838662147522	nan	2.0
44.26235890388489	nan	2.0
44.27810072898865	nan	2.0
44.29350233078003	nan	2.0
44.30750823020935	nan	2.0
44.32271957397461	nan	2.0
44.340646743774414	nan	2.0
44.357523918151855	nan	2.0
44.37673258781433	nan	2.0
44.39570331573486	nan	2.0
44.41391396522522	nan	2.0
44.42930030822754	nan	2.0
44.44837927818298	nan	2.0
44.464858055114746	nan	2.0
44.479071617126465	nan	2.0
44.496623277664185	nan	2.0
44.510833978652954	nan	2.0
44.527477741241455	nan	2.0
44.54139518737793	nan	2.0
44.55541634559631	nan	2.0
44.5716917514801	nan	2.0
44.58656406402588	nan	2.0
44.60385203361511	nan	2.0
44.62049150466919	nan	2.0
44.64042925834656	nan	2.0
44.66083884239197	nan	2.0
44.67989802360535	nan	2.0
44.69870591163635	nan	2.0
44.713706970214844	nan	2.0
44.7295298576355	nan	2.0
44.743998289108276	nan	2.0
44.7584388256073	nan	2.0
44.775315284729004	nan	2.0
44.79058313369751	nan	2.0
44.80615162849426	nan	2.0
44.82096719741821	nan	2.0
44.83350348472595	nan	2.0
44.84720063209534	nan	2.0
44.86297869682312	nan	2.0
44.87688326835632	nan	2.0
44.89259195327759	nan	2.0
44.90590572357178	nan	2.0
44.92023253440857	nan	2.0
44.93882751464844	nan	2.0
44.958935022354126	nan	2.0
44.976285457611084	nan	2.0
44.99709892272949	nan	2.0
45.01973557472229	nan	2.0
45.0365047454834	nan	2.0
45.0545597076416	nan	2.0
45.069236755371094	nan	2.0
45.081165075302124	nan	2.0
45.095540285110474	nan	2.0
45.1088764667511	nan	2.0
45.12203574180603	nan	2.0
45.13622283935547	nan	2.0
45.14885592460632	nan	2.0
45.16086530685425	nan	2.0
45.176756620407104	nan	2.0
45.194650650024414	nan	2.0
45.21206331253052	nan	2.0
45.226114988327026	nan	2.0
45.23920035362244	nan	2.0
45.252687215805054	nan	2.0
45.26768660545349	nan	2.0
45.28029227256775	nan	2.0
45.295867681503296	nan	2.0
45.30789351463318	nan	2.0
45.32000374794006	nan	2.0
45.33273148536682	nan	2.0
45.34641075134277	nan	2.0
45.35831689834595	nan	2.0
45.37215065956116	nan	2.0
45.38682579994202	nan	2.0
45.39889717102051	nan	2.0
45.41125774383545	nan	2.0
45.42667055130005	nan	2.0
45.444106101989746	nan	2.0
45.456666231155396	nan	2.0
45.470924615859985	nan	2.0
45.482475996017456	nan	2.0
45.49689745903015	nan	2.0
45.50947904586792	nan	2.0
45.52141880989075	nan	2.0
45.53296136856079	nan	2.0
45.54799222946167	nan	2.0
45.560328006744385	nan	2.0
45.57452845573425	nan	2.0
45.58859920501709	nan	2.0
45.600963830947876	nan	2.0
45.614177227020264	nan	2.0
45.62982225418091	nan	2.0
45.646079540252686	nan	2.0
45.66390776634216	nan	2.0
45.67962336540222	nan	2.0
45.692418813705444	nan	2.0
45.707109212875366	nan	2.0
45.71975588798523	nan	2.0
45.73211193084717	nan	2.0
45.74522829055786	nan	2.0
45.75740051269531	nan	2.0
45.76913332939148	nan	2.0
45.78337073326111	nan	2.0
45.79638957977295	nan	2.0
45.80828356742859	nan	2.0
45.82257890701294	nan	2.0
45.83463168144226	nan	2.0
45.8468337059021	nan	2.0
45.8605694770813	nan	2.0
45.873985052108765	nan	2.0
45.88687753677368	nan	2.0
45.9026939868927	nan	2.0
45.91631722450256	nan	2.0
45.929431676864624	nan	2.0
45.945897817611694	nan	2.0
45.95892095565796	nan	2.0
45.97266602516174	nan	2.0
45.98700428009033	nan	2.0
46.000219106674194	nan	2.0
46.01469397544861	nan	2.0
46.02975606918335	nan	2.0
46.04486155509949	nan	2.0
46.06322145462036	nan	2.0
46.07970333099365	nan	2.0
46.09357023239136	nan	2.0
46.10786461830139	nan	2.0
46.12166094779968	nan	2.0
46.134748458862305	nan	2.0
46.14717364311218	nan	2.0
46.163796186447144	nan	2.0
46.176663637161255	nan	2.0
46.19216966629028	nan	2.0
46.20602035522461	nan	2.0
46.21948289871216	nan	2.0
46.236074686050415	nan	2.0
46.248316526412964	nan	2.0
46.26538109779358	nan	2.0
46.279069900512695	nan	2.0
46.29347229003906	nan	2.0
46.30850553512573	nan	2.0
46.32378578186035	nan	2.0
46.33617329597473	nan	2.0
46.35395312309265	nan	2.0
46.36643147468567	nan	2.0
46.37831783294678	nan	2.0
46.394001722335815	nan	2.0
46.40654277801514	nan	2.0
46.419448137283325	nan	2.0
46.43402886390686	nan	2.0
46.44637846946716	nan	2.0
46.45855379104614	nan	2.0
46.47266125679016	nan	2.0
46.485238790512085	nan	2.0
46.498021364212036	nan	2.0
46.512380838394165	nan	2.0
46.52434945106506	nan	2.0
46.53666353225708	nan	2.0
46.549681186676025	nan	2.0
46.56360578536987	nan	2.0
46.57614755630493	nan	2.0
46.589884996414185	nan	2.0
46.60213327407837	nan	2.0
46.61392903327942	nan	2.0
46.62676787376404	nan	2.0
46.64081859588623	nan	2.0
46.65280890464783	nan	2.0
46.668554067611694	nan	2.0
46.680734634399414	nan	2.0
46.69304299354553	nan	2.0
46.70544147491455	nan	2.0
46.71963715553284	nan	2.0
46.73227858543396	nan	2.0
46.74645638465881	nan	2.0
46.75878548622131	nan	2.0
46.770875215530396	nan	2.0
46.782572507858276	nan	2.0
46.79601812362671	nan	2.0
46.808582067489624	nan	2.0
46.82267498970032	nan	2.0
46.835588216781616	nan	2.0
46.84792351722717	nan	2.0
46.860549449920654	nan	2.0
46.87630772590637	nan	2.0
46.889280557632446	nan	2.0
46.901023864746094	nan	2.0
46.913995027542114	nan	2.0
46.92836594581604	nan	2.0
46.94101667404175	nan	2.0
46.95597219467163	nan	2.0
46.96872520446777	nan	2.0
46.98075461387634	nan	2.0
46.99347996711731	nan	2.0
47.007652282714844	nan	2.0
47.02037048339844	nan	2.0
47.03644132614136	nan	2.0
47.04849028587341	nan	2.0
47.06109142303467	nan	2.0
47.07451581954956	nan	2.0
47.088430404663086	nan	2.0
47.100773096084595	nan	2.0
47.11559844017029	nan	2.0
47.127480030059814	nan	2.0
47.13945484161377	nan	2.0
47.15181088447571	nan	2.0
47.16675281524658	nan	2.0
47.178908348083496	nan	2.0
47.19529151916504	nan	2.0
47.20789337158203	nan	2.0
47.220536947250366	nan	2.0
47.2324652671814	nan	2.0
47.24644160270691	nan	2.0
47.25943470001221	nan	2.0
47.2741482257843	nan	2.0
47.286768198013306	nan	2.0
47.29887008666992	nan	2.0
47.31132173538208	nan	2.0
47.32620286941528	nan	2.0
47.338982343673706	nan	2.0
47.35331892967224	nan	2.0
47.365800619125366	nan	2.0
47.37781000137329	nan	2.0
47.39106202125549	nan	2.0
47.40535926818848	nan	2.0
47.41715335845947	nan	2.0
47.43043351173401	nan	2.0
47.44413781166077	nan	2.0
47.45689654350281	nan	2.0
47.468520164489746	nan	2.0
47.482933044433594	nan	2.0
47.49459481239319	nan	2.0
47.509260416030884	nan	2.0
47.52297925949097	nan	2.0
47.53542375564575	nan	2.0
47.547386169433594	nan	2.0
47.56234335899353	nan	2.0
47.5756049156189	nan	2.0
47.589428186416626	nan	2.0
47.6042914390564	nan	2.0
47.6167209148407	nan	2.0
47.629241943359375	nan	2.0
47.64506506919861	nan	2.0
47.65763998031616	nan	2.0
47.67088580131531	nan	2.0
47.684349060058594	nan	2.0
47.699713468551636	nan	2.0
47.713698387145996	nan	2.0
47.72932553291321	nan	2.0
47.741943359375	nan	2.0
47.75399875640869	nan	2.0
47.7684805393219	nan	2.0
47.782246112823486	nan	2.0
47.79643774032593	nan	2.0
47.811978578567505	nan	2.0
47.8243727684021	nan	2.0
47.836852073669434	nan	2.0
47.85150098800659	nan	2.0
47.86500120162964	nan	2.0
47.88040781021118	nan	2.0
47.8948712348938	nan	2.0
47.907636642456055	nan	2.0
47.92191219329834	nan	2.0
47.93740725517273	nan	2.0
47.94934391975403	nan	2.0
47.9643828868866	nan	2.0
47.97634029388428	nan	2.0
47.989004611968994	nan	2.0
48.00110602378845	nan	2.0
48.01715111732483	nan	2.0
48.02966117858887	nan	2.0
48.044668197631836	nan	2.0
48.05682134628296	nan	2.0
48.069424629211426	nan	2.0
48.08261466026306	nan	2.0
48.09666419029236	nan	2.0
48.10962533950806	nan	2.0
48.12427878379822	nan	2.0
48.137797832489014	nan	2.0
48.15302848815918	nan	2.0
48.169610261917114	nan	2.0
48.181562185287476	nan	2.0
48.194732904434204	nan	2.0
48.209166526794434	nan	2.0
48.22176265716553	nan	2.0
48.23615026473999	nan	2.0
48.25127696990967	nan	2.0
48.26448702812195	nan	2.0
48.28069233894348	nan	2.0
48.29493689537048	nan	2.0
48.30800533294678	nan	2.0
48.321595430374146	nan	2.0
48.33758354187012	nan	2.0
48.3497428894043	nan	2.0
48.36538028717041	nan	2.0
48.37745428085327	nan	2.0
48.38946557044983	nan	2.0
48.40201544761658	nan	2.0
48.417072057724	nan	2.0
48.429020166397095	nan	2.0
48.44155836105347	nan	2.0
48.45549702644348	nan	2.0
48.470409870147705	nan	2.0
48.48397970199585	nan	2.0
48.499985456466675	nan	2.0
48.513341188430786	nan	2.0
48.52566695213318	nan	2.0
48.54095721244812	nan	2.0
48.555466413497925	nan	2.0
48.57025194168091	nan	2.0
48.582507848739624	nan	2.0
48.59509301185608	nan	2.0
48.60748505592346	nan	2.0
48.623607873916626	nan	2.0
48.63701939582825	nan	2.0
48.651573181152344	nan	2.0
48.66380214691162	nan	2.0
48.676025390625	nan	2.0
48.68944692611694	nan	2.0
48.70427656173706	nan	2.0
48.7171745300293	nan	2.0
48.73204302787781	nan	2.0
48.744420528411865	nan	2.0
48.75739884376526	nan	2.0
48.77329611778259	nan	2.0
48.788325548172	nan	2.0
48.80065727233887	nan	2.0
48.8170063495636	nan	2.0
48.82960772514343	nan	2.0
48.84224200248718	nan	2.0
48.8573534488678	nan	2.0
48.870197772979736	nan	2.0
48.883286237716675	nan	2.0
48.89753222465515	nan	2.0
48.91034412384033	nan	2.0
48.923680782318115	nan	2.0
48.93779110908508	nan	2.0
48.95000600814819	nan	2.0
48.963050365448	nan	2.0
48.97721266746521	nan	2.0
48.98977851867676	nan	2.0
49.00234246253967	nan	2.0
49.01680088043213	nan	2.0
49.02972865104675	nan	2.0
49.04388666152954	nan	2.0
49.058141231536865	nan	2.0
49.07096338272095	nan	2.0
49.08325433731079	nan	2.0
49.09756398200989	nan	2.0
49.109681129455566	nan	2.0
49.1212854385376	nan	2.0
49.13311243057251	nan	2.0
49.14650774002075	nan	2.0
49.15827441215515	nan	2.0
49.171647787094116	nan	2.0
49.18485379219055	nan	2.0
49.19658279418945	nan	2.0
49.208195209503174	nan	2.0
49.22079944610596	nan	2.0
49.23345184326172	nan	2.0
49.244856119155884	nan	2.0
49.25931143760681	nan	2.0
49.2709527015686	nan	2.0
49.28386425971985	nan	2.0
49.29647898674011	nan	2.0
49.30984973907471	nan	2.0
49.321776390075684	nan	2.0
49.33464074134827	nan	2.0
49.34785580635071	nan	2.0
49.36075568199158	nan	2.0
49.37329053878784	nan	2.0
49.38675546646118	nan	2.0
49.399298429489136	nan	2.0
49.41135501861572	nan	2.0
49.42443251609802	nan	2.0
49.43671202659607	nan	2.0
49.4491024017334	nan	2.0
49.46475005149841	nan	2.0
49.477834701538086	nan	2.0
49.490273237228394	nan	2.0
49.50417613983154	nan	2.0
49.51673364639282	nan	2.0
49.52841114997864	nan	2.0
49.543166399002075	nan	2.0
49.55667734146118	nan	2.0
49.57065153121948	nan	2.0
49.58545637130737	nan	2.0
49.59780168533325	nan	2.0
49.610740184783936	nan	2.0
49.62584137916565	nan	2.0
49.63918113708496	nan	2.0
49.651466846466064	nan	2.0
49.66644549369812	nan	2.0
49.67834973335266	nan	2.0
49.692569971084595	nan	2.0
49.70807957649231	nan	2.0
49.72072410583496	nan	2.0
49.73756504058838	nan	2.0
49.750269174575806	nan	2.0
49.76514530181885	nan	2.0
49.77793073654175	nan	2.0
49.792166233062744	nan	2.0
49.805667877197266	nan	2.0
49.81951022148132	nan	2.0
49.832489013671875	nan	2.0
49.84561824798584	nan	2.0
49.86131501197815	nan	2.0
49.876177072525024	nan	2.0
49.889835834503174	nan	2.0
49.90382528305054	nan	2.0
49.91978597640991	nan	2.0
49.93621563911438	nan	2.0
49.951353311538696	nan	2.0
49.96529746055603	nan	2.0
49.9789514541626	nan	2.0
49.993640422821045	nan	2.0
50.008931398391724	nan	2.0
50.02606558799744	nan	2.0
50.04049348831177	nan	2.0
50.05513834953308	nan	2.0
50.072874784469604	nan	2.0
50.08769488334656	nan	2.0
50.10374331474304	nan	2.0
50.11749029159546	nan	2.0
50.12999415397644	nan	2.0
50.143470764160156	nan	2.0
50.15943241119385	nan	2.0
50.17288589477539	nan	2.0
50.18851399421692	nan	2.0
50.20087242126465	nan	2.0
50.21282911300659	nan	2.0
50.22605299949646	nan	2.0
50.240339279174805	nan	2.0
50.252328634262085	nan	2.0
50.26718711853027	nan	2.0
50.27930283546448	nan	2.0
50.29223704338074	nan	2.0
50.304752349853516	nan	2.0
50.31838917732239	nan	2.0
50.33029222488403	nan	2.0
50.34464406967163	nan	2.0
50.357128381729126	nan	2.0
50.368791818618774	nan	2.0
50.380709409713745	nan	2.0
50.39514422416687	nan	2.0
50.40703773498535	nan	2.0
50.42107033729553	nan	2.0
50.43319630622864	nan	2.0
50.44525718688965	nan	2.0
50.45696496963501	nan	2.0
50.469552755355835	nan	2.0
50.486886978149414	nan	2.0
50.501445293426514	nan	2.0
50.514923095703125	nan	2.0
50.52758049964905	nan	2.0
50.53982186317444	nan	2.0
50.554405212402344	nan	2.0
50.566511154174805	nan	2.0
50.57935619354248	nan	2.0
50.59280562400818	nan	2.0
50.60449290275574	nan	2.0
50.61885333061218	nan	2.0
50.633673667907715	nan	2.0
50.64543962478638	nan	2.0
50.65739345550537	nan	2.0
50.67016792297363	nan	2.0
50.68529725074768	nan	2.0
50.69734454154968	nan	2.0
50.711195945739746	nan	2.0
50.7243230342865	nan	2.0
50.736441135406494	nan	2.0
50.74823594093323	nan	2.0
50.7638578414917	nan	2.0
50.77619004249573	nan	2.0
50.78932809829712	nan	2.0
50.803094148635864	nan	2.0
50.81523895263672	nan	2.0
50.82728409767151	nan	2.0
50.84180808067322	nan	2.0
50.85387349128723	nan	2.0
50.867228269577026	nan	2.0
50.88097953796387	nan	2.0
50.89432382583618	nan	2.0
50.90639805793762	nan	2.0
50.921146631240845	nan	2.0
50.93362307548523	nan	2.0
50.94608235359192	nan	2.0
50.95902347564697	nan	2.0
50.97123098373413	nan	2.0
50.98328471183777	nan	2.0
50.99596071243286	nan	2.0
51.00959396362305	nan	2.0
51.02152490615845	nan	2.0
51.03561854362488	nan	2.0
51.04831504821777	nan	2.0
51.060365438461304	nan	2.0
51.072312355041504	nan	2.0
51.085822343826294	nan	2.0
51.098074436187744	nan	2.0
51.111632347106934	nan	2.0
51.12467575073242	nan	2.0
51.13630294799805	nan	2.0
51.14810013771057	nan	2.0
51.16262340545654	nan	2.0
51.17418718338013	nan	2.0
51.186838150024414	nan	2.0
51.201040744781494	nan	2.0
51.21254777908325	nan	2.0
51.22435784339905	nan	2.0
51.23721957206726	nan	2.0
51.25320267677307	nan	2.0
51.26553440093994	nan	2.0
51.2794828414917	nan	2.0
51.29102373123169	nan	2.0
51.30295467376709	nan	2.0
51.316734790802	nan	2.0
51.33058452606201	nan	2.0
51.34368085861206	nan	2.0
51.3585262298584	nan	2.0
51.370630502700806	nan	2.0
51.382832050323486	nan	2.0
51.39544868469238	nan	2.0
51.40843319892883	nan	2.0
51.42029690742493	nan	2.0
51.43266010284424	nan	2.0
51.446073055267334	nan	2.0
51.46197485923767	nan	2.0
51.473981618881226	nan	2.0
51.487547397613525	nan	2.0
51.49910116195679	nan	2.0
51.5113160610199	nan	2.0
51.52404832839966	nan	2.0
51.53756499290466	nan	2.0
51.54943633079529	nan	2.0
51.5639214515686	nan	2.0
51.57577323913574	nan	2.0
51.58767032623291	nan	2.0
51.59909415245056	nan	2.0
51.61361575126648	nan	2.0
51.625635385513306	nan	2.0
51.6396906375885	nan	2.0
51.65197253227234	nan	2.0
51.663726806640625	nan	2.0
51.67675757408142	nan	2.0
51.69115233421326	nan	2.0
51.70294976234436	nan	2.0
51.71511459350586	nan	2.0
51.72893834114075	nan	2.0
51.74048638343811	nan	2.0
51.75224184989929	nan	2.0
51.767518281936646	nan	2.0
51.78028059005737	nan	2.0
51.79305815696716	nan	2.0
51.80854654312134	nan	2.0
51.82089710235596	nan	2.0
51.83285188674927	nan	2.0
51.84661841392517	nan	2.0
51.85976791381836	nan	2.0
51.87228727340698	nan	2.0
51.886104106903076	nan	2.0
51.89815282821655	nan	2.0
51.910091400146484	nan	2.0
51.92282557487488	nan	2.0
51.936147928237915	nan	2.0
51.94788479804993	nan	2.0
51.96293616294861	nan	2.0
51.974671840667725	nan	2.0
51.986522912979126	nan	2.0
51.9983925819397	nan	2.0
52.01266288757324	nan	2.0
52.02450942993164	nan	2.0
52.036579608917236	nan	2.0
52.05341076850891	nan	2.0
52.065696716308594	nan	2.0
52.07762432098389	nan	2.0
52.09242486953735	nan	2.0
52.10438585281372	nan	2.0
52.11666393280029	nan	2.0
52.1310179233551	nan	2.0
52.14275765419006	nan	2.0
52.15529131889343	nan	2.0
52.170883655548096	nan	2.0
52.18317770957947	nan	2.0
52.19484758377075	nan	2.0
52.20645809173584	nan	2.0
52.22167944908142	nan	2.0
52.23338603973389	nan	2.0
52.24812936782837	nan	2.0
52.26006507873535	nan	2.0
52.27311611175537	nan	2.0
52.286168813705444	nan	2.0
52.300541400909424	nan	2.0
52.3123984336853	nan	2.0
52.32705330848694	nan	2.0
52.33971118927002	nan	2.0
52.35215091705322	nan	2.0
52.36405348777771	nan	2.0
52.37914228439331	nan	2.0
52.39114427566528	nan	2.0
52.405691623687744	nan	2.0
52.41914963722229	nan	2.0
52.431177854537964	nan	2.0
52.44365191459656	nan	2.0
52.45846509933472	nan	2.0
52.470468282699585	nan	2.0
52.48405361175537	nan	2.0
52.49754619598389	nan	2.0
52.50947642326355	nan	2.0
52.52106857299805	nan	2.0
52.53472375869751	nan	2.0
52.55000162124634	nan	2.0
52.56230902671814	nan	2.0
52.57572102546692	nan	2.0
52.58753776550293	nan	2.0
52.59925889968872	nan	2.0
52.61127734184265	nan	2.0
52.62601828575134	nan	2.0
52.63788676261902	nan	2.0
52.6536169052124	nan	2.0
52.66607189178467	nan	2.0
52.67810797691345	nan	2.0
52.691168785095215	nan	2.0
52.70536708831787	nan	2.0
52.71845746040344	nan	2.0
52.73311233520508	nan	2.0
52.745771646499634	nan	2.0
52.75759816169739	nan	2.0
52.76973223686218	nan	2.0
52.78420424461365	nan	2.0
52.795921325683594	nan	2.0
52.81202793121338	nan	2.0
52.82462501525879	nan	2.0
52.836883544921875	nan	2.0
52.848982095718384	nan	2.0
52.86328983306885	nan	2.0
52.87560486793518	nan	2.0
52.891366958618164	nan	2.0
52.90453267097473	nan	2.0
52.917518854141235	nan	2.0
52.92990708351135	nan	2.0
52.94326376914978	nan	2.0
52.95491886138916	nan	2.0
52.96681451797485	nan	2.0
52.98328471183777	nan	2.0
53.00180149078369	nan	2.0
53.02107763290405	nan	2.0
53.0336811542511	nan	2.0
53.046074628829956	nan	2.0
53.058361530303955	nan	2.0
53.073479890823364	nan	2.0
53.08532929420471	nan	2.0
53.09994697570801	nan	2.0
53.11158895492554	nan	2.0
53.12361001968384	nan	2.0
53.13665437698364	nan	2.0
53.15060377120972	nan	2.0
53.162519693374634	nan	2.0
53.1767942905426	nan	2.0
53.190080881118774	nan	2.0
53.203280448913574	nan	2.0
53.21558332443237	nan	2.0
53.23027586936951	nan	2.0
53.250938177108765	nan	2.0
53.26535701751709	nan	2.0
53.28166079521179	nan	2.0
53.29865121841431	nan	2.0
53.317349910736084	nan	2.0
53.33610820770264	nan	2.0
53.35227131843567	nan	2.0
53.36572313308716	nan	2.0
53.37916541099548	nan	2.0
53.39297103881836	nan	2.0
53.40530180931091	nan	2.0
53.42079186439514	nan	2.0
53.43439245223999	nan	2.0
53.44675946235657	nan	2.0
53.45950484275818	nan	2.0
53.47406721115112	nan	2.0
53.48709487915039	nan	2.0
53.50281238555908	nan	2.0
53.51456332206726	nan	2.0
53.52683162689209	nan	2.0
53.53925681114197	nan	2.0
53.55338954925537	nan	2.0
53.567152976989746	nan	2.0
53.58435416221619	nan	2.0
53.60223197937012	nan	2.0
53.620704650878906	nan	2.0
53.637760639190674	nan	2.0
53.65541887283325	nan	2.0
53.67199921607971	nan	2.0
53.68503546714783	nan	2.0
53.701329469680786	nan	2.0
53.71387052536011	nan	2.0
53.72607135772705	nan	2.0
53.73838520050049	nan	2.0
53.7527289390564	nan	2.0
53.7649040222168	nan	2.0
53.77783799171448	nan	2.0
53.791054248809814	nan	2.0
53.80290937423706	nan	2.0
53.814515113830566	nan	2.0
53.8264000415802	nan	2.0
53.839422941207886	nan	2.0
53.85105538368225	nan	2.0
53.86649703979492	nan	2.0
53.87839484214783	nan	2.0
53.89390230178833	nan	2.0
53.906805753707886	nan	2.0
53.92005515098572	nan	2.0
53.93185257911682	nan	2.0
53.94679307937622	nan	2.0
53.9586615562439	nan	2.0
53.970349073410034	nan	2.0
53.98259210586548	nan	2.0
53.997188568115234	nan	2.0
54.00907850265503	nan	2.0
54.02154731750488	nan	2.0
54.035101890563965	nan	2.0
54.0467209815979	nan	2.0
54.05833101272583	nan	2.0
54.07244539260864	nan	2.0
54.085426568984985	nan	2.0
54.09836673736572	nan	2.0
54.11196708679199	nan	2.0
54.1236298084259	nan	2.0
54.13541221618652	nan	2.0
54.14779448509216	nan	2.0
54.161418199539185	nan	2.0
54.17357087135315	nan	2.0
54.188292264938354	nan	2.0
54.20016646385193	nan	2.0
54.21215105056763	nan	2.0
54.223999977111816	nan	2.0
54.237669944763184	nan	2.0
54.24936032295227	nan	2.0
54.263187408447266	nan	2.0
54.27612376213074	nan	2.0
54.28810501098633	nan	2.0
54.299964904785156	nan	2.0
54.31454253196716	nan	2.0
54.32617259025574	nan	2.0
54.338900566101074	nan	2.0
54.35323238372803	nan	2.0
54.365540742874146	nan	2.0
54.378061294555664	nan	2.0
54.39277386665344	nan	2.0
54.404876708984375	nan	2.0
54.41649866104126	nan	2.0
54.42841148376465	nan	2.0
54.4421169757843	nan	2.0
54.45407748222351	nan	2.0
54.46830081939697	nan	2.0
54.48170518875122	nan	2.0
54.49401259422302	nan	2.0
54.50601029396057	nan	2.0
54.52069568634033	nan	2.0
54.532872915267944	nan	2.0
54.545032024383545	nan	2.0
54.55902433395386	nan	2.0
54.57081079483032	nan	2.0
54.58245801925659	nan	2.0
54.59441876411438	nan	2.0
54.609397172927856	nan	2.0
54.62135982513428	nan	2.0
54.6366491317749	nan	2.0
54.64851188659668	nan	2.0
54.660337686538696	nan	2.0
54.67346215248108	nan	2.0
54.687748193740845	nan	2.0
54.70027017593384	nan	2.0
54.71623754501343	nan	2.0
54.72859168052673	nan	2.0
54.74020171165466	nan	2.0
54.753201961517334	nan	2.0
54.766485929489136	nan	2.0
54.77796459197998	nan	2.0
54.791953325271606	nan	2.0
54.80445718765259	nan	2.0
54.816082239151	nan	2.0
54.827709913253784	nan	2.0
54.84191703796387	nan	2.0
54.85460925102234	nan	2.0
54.86697578430176	nan	2.0
54.88088011741638	nan	2.0
54.892738819122314	nan	2.0
54.904969692230225	nan	2.0
54.91918921470642	nan	2.0
54.93142008781433	nan	2.0
54.94329309463501	nan	2.0
54.957239627838135	nan	2.0
54.968950033187866	nan	2.0
54.980700969696045	nan	2.0
54.994383573532104	nan	2.0
55.0075581073761	nan	2.0
55.01906704902649	nan	2.0
55.03322672843933	nan	2.0
55.04491400718689	nan	2.0
55.05669975280762	nan	2.0
55.0683331489563	nan	2.0
55.08205056190491	nan	2.0
55.09361124038696	nan	2.0
55.10610818862915	nan	2.0
55.120404958724976	nan	2.0
55.1323459148407	nan	2.0
55.14482259750366	nan	2.0
55.15711259841919	nan	2.0
55.170634269714355	nan	2.0
55.18334937095642	nan	2.0
55.19508934020996	nan	2.0
55.20956540107727	nan	2.0
55.22240447998047	nan	2.0
55.23682761192322	nan	2.0
55.249866247177124	nan	2.0
55.26153373718262	nan	2.0
55.273881912231445	nan	2.0
55.28871989250183	nan	2.0
55.30067563056946	nan	2.0
55.31307911872864	nan	2.0
55.326210260391235	nan	2.0
55.337846517562866	nan	2.0
55.34950613975525	nan	2.0
55.362051248550415	nan	2.0
55.374918937683105	nan	2.0
55.38708233833313	nan	2.0
55.40231895446777	nan	2.0
55.414239168167114	nan	2.0
55.42662715911865	nan	2.0
55.43840432167053	nan	2.0
55.45288395881653	nan	2.0
55.46462273597717	nan	2.0
55.47944664955139	nan	2.0
55.492151975631714	nan	2.0
55.50454020500183	nan	2.0
55.516242027282715	nan	2.0
55.529847621917725	nan	2.0
55.54250192642212	nan	2.0
55.55668306350708	nan	2.0
55.570213317871094	nan	2.0
55.58273530006409	nan	2.0
55.59450840950012	nan	2.0
55.609314918518066	nan	2.0
55.620978355407715	nan	2.0
55.63331937789917	nan	2.0
55.64685940742493	nan	2.0
55.65895223617554	nan	2.0
55.670994997024536	nan	2.0
55.68501114845276	nan	2.0
55.69891381263733	nan	2.0
55.71161985397339	nan	2.0
55.72695994377136	nan	2.0
55.73970055580139	nan	2.0
55.75191855430603	nan	2.0
55.76626372337341	nan	2.0
55.779258489608765	nan	2.0
55.790870904922485	nan	2.0
55.804767370224	nan	2.0
55.8163526058197	nan	2.0
55.82793617248535	nan	2.0
55.83986973762512	nan	2.0
55.85493230819702	nan	2.0
55.867369174957275	nan	2.0
55.88228511810303	nan	2.0
55.89401721954346	nan	2.0
55.90629553794861	nan	2.0
55.91797995567322	nan	2.0
55.93194222450256	nan	2.0
55.944103956222534	nan	2.0
55.95673108100891	nan	2.0
55.96960401535034	nan	2.0
55.98350429534912	nan	2.0
55.995784759521484	nan	2.0
56.01065468788147	nan	2.0
56.022780895233154	nan	2.0
56.034393548965454	nan	2.0
56.046061754226685	nan	2.0
56.061426401138306	nan	2.0
56.07383704185486	nan	2.0
56.08772873878479	nan	2.0
56.09989809989929	nan	2.0
56.11160159111023	nan	2.0
56.123313903808594	nan	2.0
56.13833165168762	nan	2.0
56.15013766288757	nan	2.0
56.16361212730408	nan	2.0
56.17763304710388	nan	2.0
56.18946361541748	nan	2.0
56.201425075531006	nan	2.0
56.2163610458374	nan	2.0
56.2285373210907	nan	2.0
56.24069786071777	nan	2.0
56.25405287742615	nan	2.0
56.266440868377686	nan	2.0
56.27906656265259	nan	2.0
56.29320168495178	nan	2.0
56.307188510894775	nan	2.0
56.319663524627686	nan	2.0
56.33468794822693	nan	2.0
56.346867084503174	nan	2.0
56.35911512374878	nan	2.0
56.371970891952515	nan	2.0
56.384955406188965	nan	2.0
56.396761655807495	nan	2.0
56.411311626434326	nan	2.0
56.42390823364258	nan	2.0
56.435636043548584	nan	2.0
56.44722104072571	nan	2.0
56.4614737033844	nan	2.0
56.47337245941162	nan	2.0
56.48838567733765	nan	2.0
56.501628398895264	nan	2.0
56.514044761657715	nan	2.0
56.52565932273865	nan	2.0
56.54007935523987	nan	2.0
56.5518364906311	nan	2.0
56.56665802001953	nan	2.0
56.58005738258362	nan	2.0
56.59159517288208	nan	2.0
56.60318970680237	nan	2.0
56.61697316169739	nan	2.0
56.629361391067505	nan	2.0
56.64137053489685	nan	2.0
56.65490746498108	nan	2.0
56.666542053222656	nan	2.0
56.67872095108032	nan	2.0
56.69290018081665	nan	2.0
56.7068989276886	nan	2.0
56.71950078010559	nan	2.0
56.73127889633179	nan	2.0
56.746583223342896	nan	2.0
56.75897765159607	nan	2.0
56.77287292480469	nan	2.0
56.786993980407715	nan	2.0
56.80008316040039	nan	2.0
56.812723875045776	nan	2.0
56.826953172683716	nan	2.0
56.84302258491516	nan	2.0
56.8602032661438	nan	2.0
56.874977111816406	nan	2.0
56.88795876502991	nan	2.0
56.901678800582886	nan	2.0
56.916887283325195	nan	2.0
56.93037939071655	nan	2.0
56.94480085372925	nan	2.0
56.95811080932617	nan	2.0
56.97159743309021	nan	2.0
56.9874906539917	nan	2.0
57.001113414764404	nan	2.0
57.01632022857666	nan	2.0
57.02991318702698	nan	2.0
57.04308485984802	nan	2.0
57.0572612285614	nan	2.0
57.07133722305298	nan	2.0
57.08479881286621	nan	2.0
57.10079789161682	nan	2.0
57.114362955093384	nan	2.0
57.12718749046326	nan	2.0
57.14345622062683	nan	2.0
57.15733766555786	nan	2.0
57.171950340270996	nan	2.0
57.18744611740112	nan	2.0
57.200183391571045	nan	2.0
57.21337604522705	nan	2.0
57.22819948196411	nan	2.0
57.241260051727295	nan	2.0
57.25580668449402	nan	2.0
57.268887519836426	nan	2.0
57.281511545181274	nan	2.0
57.29377889633179	nan	2.0
57.30917024612427	nan	2.0
57.322752237319946	nan	2.0
57.33754539489746	nan	2.0
57.34998846054077	nan	2.0
57.362433195114136	nan	2.0
57.37483620643616	nan	2.0
57.39006280899048	nan	2.0
57.403156042099	nan	2.0
57.41799736022949	nan	2.0
57.430941581726074	nan	2.0
57.44369125366211	nan	2.0
57.45724081993103	nan	2.0
57.47142195701599	nan	2.0
57.48414969444275	nan	2.0
57.49652171134949	nan	2.0
57.512800216674805	nan	2.0
57.525447368621826	nan	2.0
57.54057264328003	nan	2.0
57.554607629776	nan	2.0
57.567547082901	nan	2.0
57.57980561256409	nan	2.0
57.59443640708923	nan	2.0
57.60752558708191	nan	2.0
57.6224627494812	nan	2.0
57.63613486289978	nan	2.0
57.64862680435181	nan	2.0
57.66149139404297	nan	2.0
57.675981283187866	nan	2.0
57.68931984901428	nan	2.0
57.70331621170044	nan	2.0
57.71742105484009	nan	2.0
57.72950625419617	nan	2.0
57.741859912872314	nan	2.0
57.756714820861816	nan	2.0
57.769108057022095	nan	2.0
57.78390669822693	nan	2.0
57.79662799835205	nan	2.0
57.809489727020264	nan	2.0
57.8226261138916	nan	2.0
57.83764910697937	nan	2.0
57.85319948196411	nan	2.0
57.87044286727905	nan	2.0
57.88551735877991	nan	2.0
57.899566411972046	nan	2.0
57.91675543785095	nan	2.0
57.93011546134949	nan	2.0
57.947253465652466	nan	2.0
57.96188187599182	nan	2.0
57.979106187820435	nan	2.0
57.9980628490448	nan	2.0
58.01798439025879	nan	2.0
58.03866243362427	nan	2.0
58.057626485824585	nan	2.0
58.07609677314758	nan	2.0
58.09092354774475	nan	2.0
58.106895446777344	nan	2.0
58.12128496170044	nan	2.0
58.13638997077942	nan	2.0
58.15713548660278	nan	2.0
58.17693471908569	nan	2.0
58.197107791900635	nan	2.0
58.215768575668335	nan	2.0
58.23246717453003	nan	2.0
58.24792790412903	nan	2.0
58.262534379959106	nan	2.0
58.27750062942505	nan	2.0
58.29387450218201	nan	2.0
58.31007695198059	nan	2.0
58.32800269126892	nan	2.0
58.34658479690552	nan	2.0
58.3654088973999	nan	2.0
58.38073515892029	nan	2.0
58.397950172424316	nan	2.0
58.41168427467346	nan	2.0
58.42435073852539	nan	2.0
58.439987659454346	nan	2.0
58.454177379608154	nan	2.0
58.46680235862732	nan	2.0
58.48115396499634	nan	2.0
58.493600845336914	nan	2.0
58.506585121154785	nan	2.0
58.52176856994629	nan	2.0
58.53560996055603	nan	2.0
58.552671909332275	nan	2.0
58.565812826156616	nan	2.0
58.58119821548462	nan	2.0
58.59901833534241	nan	2.0
58.6192991733551	nan	2.0
58.638893842697144	nan	2.0
58.65659046173096	nan	2.0
58.67237901687622	nan	2.0
58.69078826904297	nan	2.0
58.706599950790405	nan	2.0
58.723567485809326	nan	2.0
58.73678207397461	nan	2.0
58.7496395111084	nan	2.0
58.76681137084961	nan	2.0
58.77910327911377	nan	2.0
58.794084787368774	nan	2.0
58.807902574539185	nan	2.0
58.82409453392029	nan	2.0
58.84252190589905	nan	2.0
58.85658621788025	nan	2.0
58.87339496612549	nan	2.0
58.888556718826294	nan	2.0
58.9009063243866	nan	2.0
58.91375231742859	nan	2.0
58.92813539505005	nan	2.0
58.94076180458069	nan	2.0
58.953776597976685	nan	2.0
58.96923089027405	nan	2.0
58.981791496276855	nan	2.0
58.995370864868164	nan	2.0
59.00978684425354	nan	2.0
59.022465467453	nan	2.0
59.03495979309082	nan	2.0
59.04956555366516	nan	2.0
59.063151121139526	nan	2.0
59.077258586883545	nan	2.0
59.0923273563385	nan	2.0
59.10554480552673	nan	2.0
59.11873149871826	nan	2.0
59.13447952270508	nan	2.0
59.146655559539795	nan	2.0
59.16212487220764	nan	2.0
59.174811601638794	nan	2.0
59.18735647201538	nan	2.0
59.200143814086914	nan	2.0
59.214762687683105	nan	2.0
59.226922273635864	nan	2.0
59.24251127243042	nan	2.0
59.25499963760376	nan	2.0
59.26748275756836	nan	2.0
59.28078603744507	nan	2.0
59.29670190811157	nan	2.0
59.309370279312134	nan	2.0
59.325843334198	nan	2.0
59.338711977005005	nan	2.0
59.352195501327515	nan	2.0
59.368128299713135	nan	2.0
59.381219148635864	nan	2.0
59.39463400840759	nan	2.0
59.40956950187683	nan	2.0
59.42243194580078	nan	2.0
59.434603452682495	nan	2.0
59.452067136764526	nan	2.0
59.466065883636475	nan	2.0
59.48158001899719	nan	2.0
59.494786500930786	nan	2.0
59.50736880302429	nan	2.0
59.52051067352295	nan	2.0
59.53528666496277	nan	2.0
59.54769849777222	nan	2.0
59.561850786209106	nan	2.0
59.574594020843506	nan	2.0
59.586918115615845	nan	2.0
59.599369049072266	nan	2.0
59.61455678939819	nan	2.0
59.632299184799194	nan	2.0
59.65070295333862	nan	2.0
59.66458225250244	nan	2.0
59.67738914489746	nan	2.0
59.693174839019775	nan	2.0
59.70594143867493	nan	2.0
59.7186553478241	nan	2.0
59.734641551971436	nan	2.0
59.75340437889099	nan	2.0
59.77042055130005	nan	2.0
59.78420400619507	nan	2.0
59.79630374908447	nan	2.0
59.809173583984375	nan	2.0
59.824540853500366	nan	2.0
59.838502407073975	nan	2.0
59.853450298309326	nan	2.0
59.86665940284729	nan	2.0
59.87889313697815	nan	2.0
59.892078161239624	nan	2.0
59.90528893470764	nan	2.0
59.91743183135986	nan	2.0
59.93494462966919	nan	2.0
59.95397090911865	nan	2.0
59.975263357162476	nan	2.0
59.9948046207428	nan	2.0
60.01307725906372	nan	2.0
60.02741551399231	nan	2.0
60.04234838485718	nan	2.0
60.06230115890503	nan	2.0
60.075644731521606	nan	2.0
60.091551542282104	nan	2.0
60.10491466522217	nan	2.0
60.11792516708374	nan	2.0
60.13181805610657	nan	2.0
60.14754247665405	nan	2.0
60.16587734222412	nan	2.0
60.18142056465149	nan	2.0
60.19474649429321	nan	2.0
60.20738911628723	nan	2.0
60.22281455993652	nan	2.0
60.236316442489624	nan	2.0
60.25328326225281	nan	2.0
60.26809906959534	nan	2.0
60.28192663192749	nan	2.0
60.298171043395996	nan	2.0
60.31227517127991	nan	2.0
60.32828903198242	nan	2.0
60.3414523601532	nan	2.0
60.355934858322144	nan	2.0
60.371559858322144	nan	2.0
60.38741064071655	nan	2.0
60.40126371383667	nan	2.0
60.41798162460327	nan	2.0
60.43062686920166	nan	2.0
60.443540811538696	nan	2.0
60.459195375442505	nan	2.0
60.47339344024658	nan	2.0
60.487438678741455	nan	2.0
60.50411796569824	nan	2.0
60.51787757873535	nan	2.0
60.530763149261475	nan	2.0
60.547662019729614	nan	2.0
60.56119894981384	nan	2.0
60.5767982006073	nan	2.0
60.593217611312866	nan	2.0
60.60707235336304	nan	2.0
60.623629570007324	nan	2.0
60.63650107383728	nan	2.0
60.64913773536682	nan	2.0
60.66484475135803	nan	2.0
60.67863583564758	nan	2.0
60.695844411849976	nan	2.0
60.710509061813354	nan	2.0
60.723644971847534	nan	2.0
60.737778425216675	nan	2.0
60.75202536582947	nan	2.0
60.766045808792114	nan	2.0
60.781517028808594	nan	2.0
60.79472780227661	nan	2.0
60.807637453079224	nan	2.0
60.82343626022339	nan	2.0
60.83736848831177	nan	2.0
60.85058259963989	nan	2.0
60.86536169052124	nan	2.0
60.878111839294434	nan	2.0
60.89155101776123	nan	2.0
60.90659165382385	nan	2.0
60.920745849609375	nan	2.0
60.93691277503967	nan	2.0
60.95097804069519	nan	2.0
60.96586060523987	nan	2.0
60.98289608955383	nan	2.0
60.995901346206665	nan	2.0
61.00979542732239	nan	2.0
61.02686142921448	nan	2.0
61.04152226448059	nan	2.0
61.055131912231445	nan	2.0
61.070812940597534	nan	2.0
61.08607578277588	nan	2.0
61.10112023353577	nan	2.0
61.114927530288696	nan	2.0
61.128353118896484	nan	2.0
61.14394497871399	nan	2.0
61.15732383728027	nan	2.0
61.17212963104248	nan	2.0
61.1878080368042	nan	2.0
61.20085883140564	nan	2.0
61.21385884284973	nan	2.0
61.22927236557007	nan	2.0
61.2428777217865	nan	2.0
61.25570893287659	nan	2.0
61.27084970474243	nan	2.0
61.28644037246704	nan	2.0
61.3003933429718	nan	2.0
61.314647912979126	nan	2.0
61.32711601257324	nan	2.0
61.34031414985657	nan	2.0
61.35666298866272	nan	2.0
61.36965203285217	nan	2.0
61.38456606864929	nan	2.0
61.397329807281494	nan	2.0
61.41007947921753	nan	2.0
61.423617124557495	nan	2.0
61.43842077255249	nan	2.0
61.45079827308655	nan	2.0
61.46728253364563	nan	2.0
61.48137068748474	nan	2.0
61.49461817741394	nan	2.0
61.507710695266724	nan	2.0
61.52288627624512	nan	2.0
61.53642773628235	nan	2.0
61.55177450180054	nan	2.0
61.56434154510498	nan	2.0
61.57721209526062	nan	2.0
61.591758728027344	nan	2.0
61.60438132286072	nan	2.0
61.61713671684265	nan	2.0
61.6318256855011	nan	2.0
61.645177125930786	nan	2.0
61.65787172317505	nan	2.0
61.67486906051636	nan	2.0
61.68815565109253	nan	2.0
61.704633474349976	nan	2.0
61.718661069869995	nan	2.0
61.73119306564331	nan	2.0
61.743592500686646	nan	2.0
61.75833749771118	nan	2.0
61.770790100097656	nan	2.0
61.7865047454834	nan	2.0
61.79901719093323	nan	2.0
61.811405658721924	nan	2.0
61.826009035110474	nan	2.0
61.839839696884155	nan	2.0
61.85315704345703	nan	2.0
61.86995053291321	nan	2.0
61.88250756263733	nan	2.0
61.89499044418335	nan	2.0
61.9089093208313	nan	2.0
61.9237425327301	nan	2.0
61.93707823753357	nan	2.0
61.95139455795288	nan	2.0
61.96623611450195	nan	2.0
61.97922229766846	nan	2.0
61.99479103088379	nan	2.0
62.00796580314636	nan	2.0
62.02056884765625	nan	2.0
62.034342765808105	nan	2.0
62.04938077926636	nan	2.0
62.06214785575867	nan	2.0
62.078352212905884	nan	2.0
62.0933940410614	nan	2.0
62.1062650680542	nan	2.0
62.12249207496643	nan	2.0
62.13573956489563	nan	2.0
62.151050329208374	nan	2.0
62.16654062271118	nan	2.0
62.17980432510376	nan	2.0
62.192771911621094	nan	2.0
62.207884550094604	nan	2.0
62.220810890197754	nan	2.0
62.236407995224	nan	2.0
62.24899888038635	nan	2.0
62.262149810791016	nan	2.0
62.27596116065979	nan	2.0
62.29182291030884	nan	2.0
62.30485510826111	nan	2.0
62.31914162635803	nan	2.0
62.331583976745605	nan	2.0
62.34425926208496	nan	2.0
62.35855484008789	nan	2.0
62.373451948165894	nan	2.0
62.38823699951172	nan	2.0
62.40230393409729	nan	2.0
62.415350914001465	nan	2.0
62.42785716056824	nan	2.0
62.44329476356506	nan	2.0
62.45683193206787	nan	2.0
62.47291326522827	nan	2.0
62.486202239990234	nan	2.0
62.49851584434509	nan	2.0
62.51194882392883	nan	2.0
62.52691435813904	nan	2.0
62.54039239883423	nan	2.0
62.555607318878174	nan	2.0
62.570754289627075	nan	2.0
62.58382272720337	nan	2.0
62.600462436676025	nan	2.0
62.614529848098755	nan	2.0
62.630481481552124	nan	2.0
62.64523220062256	nan	2.0
62.65856671333313	nan	2.0
62.67255735397339	nan	2.0
62.68759250640869	nan	2.0
62.700385093688965	nan	2.0
62.7139937877655	nan	2.0
62.72850203514099	nan	2.0
62.74163818359375	nan	2.0
62.754833698272705	nan	2.0
62.768895864486694	nan	2.0
62.781044721603394	nan	2.0
62.794326305389404	nan	2.0
62.81004023551941	nan	2.0
62.82326292991638	nan	2.0
62.83802318572998	nan	2.0
62.85179257392883	nan	2.0
62.864816427230835	nan	2.0
62.87712478637695	nan	2.0
62.89264273643494	nan	2.0
62.90563654899597	nan	2.0
62.92008876800537	nan	2.0
62.93332266807556	nan	2.0
62.94572734832764	nan	2.0
62.95868420600891	nan	2.0
62.97419452667236	nan	2.0
62.98729467391968	nan	2.0
63.0023627281189	nan	2.0
63.01568102836609	nan	2.0
63.02802300453186	nan	2.0
63.04152536392212	nan	2.0
63.0565721988678	nan	2.0
63.06976819038391	nan	2.0
63.085243940353394	nan	2.0
63.098323583602905	nan	2.0
63.11151051521301	nan	2.0
63.12648582458496	nan	2.0
63.140565156936646	nan	2.0
63.154786348342896	nan	2.0
63.17013692855835	nan	2.0
63.18456196784973	nan	2.0
63.203065633773804	nan	2.0
63.217408418655396	nan	2.0
63.23505735397339	nan	2.0
63.25159287452698	nan	2.0
63.27119970321655	nan	2.0
63.29011249542236	nan	2.0
63.309598445892334	nan	2.0
63.328768253326416	nan	2.0
63.34644556045532	nan	2.0
63.35987639427185	nan	2.0
63.375723123550415	nan	2.0
63.38921809196472	nan	2.0
63.40533947944641	nan	2.0
63.418946981430054	nan	2.0
63.432634592056274	nan	2.0
63.45011806488037	nan	2.0
63.46437978744507	nan	2.0
63.477402687072754	nan	2.0
63.49264621734619	nan	2.0
63.50903081893921	nan	2.0
63.52360486984253	nan	2.0
63.5385582447052	nan	2.0
63.55151176452637	nan	2.0
63.564574241638184	nan	2.0
63.58009076118469	nan	2.0
63.594082832336426	nan	2.0
63.60897135734558	nan	2.0
63.62315392494202	nan	2.0
63.6359384059906	nan	2.0
63.64941668510437	nan	2.0
63.66374111175537	nan	2.0
63.676780223846436	nan	2.0
63.691827058792114	nan	2.0
63.704976081848145	nan	2.0
63.71809458732605	nan	2.0
63.73254370689392	nan	2.0
63.74802851676941	nan	2.0
63.762680530548096	nan	2.0
63.77686929702759	nan	2.0
63.79038333892822	nan	2.0
63.80352282524109	nan	2.0
63.81895089149475	nan	2.0
63.83253812789917	nan	2.0
63.84729981422424	nan	2.0
63.860984802246094	nan	2.0
63.873852014541626	nan	2.0
63.88703393936157	nan	2.0
63.90152835845947	nan	2.0
63.914363861083984	nan	2.0
63.92998456954956	nan	2.0
63.943320751190186	nan	2.0
63.956517696380615	nan	2.0
63.9693341255188	nan	2.0
63.98373031616211	nan	2.0
63.99652433395386	nan	2.0
64.0120267868042	nan	2.0
64.02529215812683	nan	2.0
64.03833889961243	nan	2.0
64.0513207912445	nan	2.0
64.06635069847107	nan	2.0
64.07950353622437	nan	2.0
64.0935263633728	nan	2.0
64.10646152496338	nan	2.0
64.11908912658691	nan	2.0
64.1341860294342	nan	2.0
64.14895105361938	nan	2.0
64.16234755516052	nan	2.0
64.17829179763794	nan	2.0
64.19162559509277	nan	2.0
64.20431613922119	nan	2.0
64.21959924697876	nan	2.0
64.23228573799133	nan	2.0
64.24487376213074	nan	2.0
64.25790143013	nan	2.0
64.27322006225586	nan	2.0
64.28634667396545	nan	2.0
64.30191254615784	nan	2.0
64.31622743606567	nan	2.0
64.32908248901367	nan	2.0
64.34513401985168	nan	2.0
64.35866498947144	nan	2.0
64.37263703346252	nan	2.0
64.38726425170898	nan	2.0
64.39965486526489	nan	2.0
64.41305994987488	nan	2.0
64.42852854728699	nan	2.0
64.44209837913513	nan	2.0
64.45836734771729	nan	2.0
64.4720733165741	nan	2.0
64.48444032669067	nan	2.0
64.49722003936768	nan	2.0
64.51152777671814	nan	2.0
64.5245373249054	nan	2.0
64.53979969024658	nan	2.0
64.55286955833435	nan	2.0
64.56580996513367	nan	2.0
64.579833984375	nan	2.0
64.59423470497131	nan	2.0
64.60692358016968	nan	2.0
64.62339758872986	nan	2.0
64.63644552230835	nan	2.0
64.64864301681519	nan	2.0
64.66344976425171	nan	2.0
64.67675185203552	nan	2.0
64.69016337394714	nan	2.0
64.70454668998718	nan	2.0
64.71677446365356	nan	2.0
64.7293348312378	nan	2.0
64.7448742389679	nan	2.0
64.76005601882935	nan	2.0
64.7801034450531	nan	2.0
64.79347729682922	nan	2.0
64.80618834495544	nan	2.0
64.82016158103943	nan	2.0
64.83418989181519	nan	2.0
64.84681153297424	nan	2.0
64.86212706565857	nan	2.0
64.87486362457275	nan	2.0
64.88764691352844	nan	2.0
64.90185546875	nan	2.0
64.91650986671448	nan	2.0
64.93013000488281	nan	2.0
64.94459652900696	nan	2.0
64.95711064338684	nan	2.0
64.97154951095581	nan	2.0
64.98697972297668	nan	2.0
64.99956965446472	nan	2.0
65.01279520988464	nan	2.0
65.02668309211731	nan	2.0
65.0411491394043	nan	2.0
65.05483222007751	nan	2.0
65.06946969032288	nan	2.0
65.0835292339325	nan	2.0
65.09808254241943	nan	2.0
65.11519050598145	nan	2.0
65.12861943244934	nan	2.0
65.14535522460938	nan	2.0
65.16174077987671	nan	2.0
65.17500424385071	nan	2.0
65.18912959098816	nan	2.0
65.20319104194641	nan	2.0
65.2164523601532	nan	2.0
65.23184394836426	nan	2.0
65.24512505531311	nan	2.0
65.25796413421631	nan	2.0
65.27386212348938	nan	2.0
65.28710746765137	nan	2.0
65.30209159851074	nan	2.0
65.31624102592468	nan	2.0
65.3290421962738	nan	2.0
65.34182405471802	nan	2.0
65.35774970054626	nan	2.0
65.37170648574829	nan	2.0
65.38652515411377	nan	2.0
65.399254322052	nan	2.0
65.41256546974182	nan	2.0
65.42564535140991	nan	2.0
65.44001150131226	nan	2.0
65.4530348777771	nan	2.0
65.46924042701721	nan	2.0
65.48189091682434	nan	2.0
65.49442768096924	nan	2.0
65.50958847999573	nan	2.0
65.52328944206238	nan	2.0
65.53652834892273	nan	2.0
65.5522871017456	nan	2.0
65.56575536727905	nan	2.0
65.57814359664917	nan	2.0
65.59371662139893	nan	2.0
65.60660219192505	nan	2.0
65.62059450149536	nan	2.0
65.63590836524963	nan	2.0
65.6488049030304	nan	2.0
65.66218304634094	nan	2.0
65.67844271659851	nan	2.0
65.6918556690216	nan	2.0
65.71017503738403	nan	2.0
65.73040461540222	nan	2.0
65.75336027145386	nan	2.0
65.77549862861633	nan	2.0
65.79743933677673	nan	2.0
65.82097864151001	nan	2.0
65.8434157371521	nan	2.0
65.86474800109863	nan	2.0
65.88938474655151	nan	2.0
65.91446208953857	nan	2.0
65.9388747215271	nan	2.0
65.96253871917725	nan	2.0
65.98242354393005	nan	2.0
66.00231528282166	nan	2.0
66.01826310157776	nan	2.0
66.03578114509583	nan	2.0
66.05367231369019	nan	2.0
66.07489585876465	nan	2.0
66.09558129310608	nan	2.0
66.11746835708618	nan	2.0
66.14073872566223	nan	2.0
66.16199469566345	nan	2.0
66.18284893035889	nan	2.0
66.2041687965393	nan	2.0
66.22493171691895	nan	2.0
66.24623084068298	nan	2.0
66.26641201972961	nan	2.0
66.28573369979858	nan	2.0
66.29942965507507	nan	2.0
66.31575083732605	nan	2.0
66.3301637172699	nan	2.0
66.34352540969849	nan	2.0
66.36023044586182	nan	2.0
66.37704229354858	nan	2.0
66.3995406627655	nan	2.0
66.42045259475708	nan	2.0
66.44218730926514	nan	2.0
66.46346688270569	nan	2.0
66.48627614974976	nan	2.0
66.50920486450195	nan	2.0
66.53042435646057	nan	2.0
66.54922556877136	nan	2.0
66.56476306915283	nan	2.0
66.57915878295898	nan	2.0
66.59279441833496	nan	2.0
66.6069507598877	nan	2.0
66.62001204490662	nan	2.0
66.63341403007507	nan	2.0
66.64961004257202	nan	2.0
66.66235423088074	nan	2.0
66.67694568634033	nan	2.0
66.69106078147888	nan	2.0
66.70409393310547	nan	2.0
66.71697783470154	nan	2.0
66.73166990280151	nan	2.0
66.74488425254822	nan	2.0
66.75954174995422	nan	2.0
66.77357935905457	nan	2.0
66.7861852645874	nan	2.0
66.79935789108276	nan	2.0
66.81674861907959	nan	2.0
66.82954120635986	nan	2.0
66.8455159664154	nan	2.0
66.85922646522522	nan	2.0
66.87307333946228	nan	2.0
66.89030265808105	nan	2.0
66.90480184555054	nan	2.0
66.9204032421112	nan	2.0
66.93760848045349	nan	2.0
66.95770168304443	nan	2.0
66.98034000396729	nan	2.0
67.00363087654114	nan	2.0
67.02644300460815	nan	2.0
67.05147886276245	nan	2.0
67.07554936408997	nan	2.0
67.09866547584534	nan	2.0
67.12146663665771	nan	2.0
67.14361238479614	nan	2.0
67.16340279579163	nan	2.0
67.17859601974487	nan	2.0
67.19484376907349	nan	2.0
67.21373748779297	nan	2.0
67.23187518119812	nan	2.0
67.24687814712524	nan	2.0
67.26244735717773	nan	2.0
67.2753517627716	nan	2.0
67.29094362258911	nan	2.0
67.30469799041748	nan	2.0
67.3180570602417	nan	2.0
67.3369710445404	nan	2.0
67.35599970817566	nan	2.0
67.37676453590393	nan	2.0
67.39807724952698	nan	2.0
67.41926908493042	nan	2.0
67.44295930862427	nan	2.0
67.46778225898743	nan	2.0
67.49370837211609	nan	2.0
67.51965188980103	nan	2.0
67.54535412788391	nan	2.0
67.56886053085327	nan	2.0
67.5877377986908	nan	2.0
67.60266590118408	nan	2.0
67.61969661712646	nan	2.0
67.63469505310059	nan	2.0
67.65021228790283	nan	2.0
67.67005777359009	nan	2.0
67.68824362754822	nan	2.0
67.7042088508606	nan	2.0
67.71805810928345	nan	2.0
67.73270463943481	nan	2.0
67.74846482276917	nan	2.0
67.76547169685364	nan	2.0
67.78101396560669	nan	2.0
67.7952389717102	nan	2.0
67.80884432792664	nan	2.0
67.82500457763672	nan	2.0
67.83842444419861	nan	2.0
67.85510635375977	nan	2.0
67.87068748474121	nan	2.0
67.88390827178955	nan	2.0
67.89970469474792	nan	2.0
67.9131805896759	nan	2.0
67.92810416221619	nan	2.0
67.94124007225037	nan	2.0
67.95469999313354	nan	2.0
67.96737504005432	nan	2.0
67.98293280601501	nan	2.0
67.995445728302	nan	2.0
68.01102948188782	nan	2.0
68.03322196006775	nan	2.0
68.05369424819946	nan	2.0
68.07671046257019	nan	2.0
68.09710645675659	nan	2.0
68.11723256111145	nan	2.0
68.1387345790863	nan	2.0
68.16257643699646	nan	2.0
68.18103241920471	nan	2.0
68.20097208023071	nan	2.0
68.21973967552185	nan	2.0
68.23281383514404	nan	2.0
68.24951243400574	nan	2.0
68.2701473236084	nan	2.0
68.28528213500977	nan	2.0
68.30073857307434	nan	2.0
68.31365466117859	nan	2.0
68.32559466362	nan	2.0
68.34049201011658	nan	2.0
68.35470700263977	nan	2.0
68.36662173271179	nan	2.0
68.38081693649292	nan	2.0
68.3929214477539	nan	2.0
68.4048399925232	nan	2.0
68.41720604896545	nan	2.0
68.43135595321655	nan	2.0
68.44378638267517	nan	2.0
68.45868706703186	nan	2.0
68.47073030471802	nan	2.0
68.48753643035889	nan	2.0
68.50044465065002	nan	2.0
68.51415038108826	nan	2.0
68.52708196640015	nan	2.0
68.54167795181274	nan	2.0
68.55416703224182	nan	2.0
68.56609964370728	nan	2.0
68.58211040496826	nan	2.0
68.59571313858032	nan	2.0
68.60822129249573	nan	2.0
68.62278318405151	nan	2.0
68.63477444648743	nan	2.0
68.64680743217468	nan	2.0
68.66034173965454	nan	2.0
68.67429566383362	nan	2.0
68.68638920783997	nan	2.0
68.70095801353455	nan	2.0
68.7138044834137	nan	2.0
68.72790098190308	nan	2.0
68.7407660484314	nan	2.0
68.7549078464508	nan	2.0
68.76762700080872	nan	2.0
68.77972841262817	nan	2.0
68.79499316215515	nan	2.0
68.80797410011292	nan	2.0
68.82406187057495	nan	2.0
68.83708906173706	nan	2.0
68.84971642494202	nan	2.0
68.86214590072632	nan	2.0
68.87638878822327	nan	2.0
68.89022469520569	nan	2.0
68.90671968460083	nan	2.0
68.91977643966675	nan	2.0
68.93616676330566	nan	2.0
68.9578309059143	nan	2.0
68.97779703140259	nan	2.0
68.99866223335266	nan	2.0
69.01845264434814	nan	2.0
69.03927946090698	nan	2.0
69.05908107757568	nan	2.0
69.07699680328369	nan	2.0
69.09226822853088	nan	2.0
69.11410188674927	nan	2.0
69.13614296913147	nan	2.0
69.15960192680359	nan	2.0
69.18213629722595	nan	2.0
69.20343518257141	nan	2.0
69.22719264030457	nan	2.0
69.24961829185486	nan	2.0
69.27191543579102	nan	2.0
69.29655456542969	nan	2.0
69.31826305389404	nan	2.0
69.33744144439697	nan	2.0
69.3577036857605	nan	2.0
69.37597870826721	nan	2.0
69.39490604400635	nan	2.0
69.41590809822083	nan	2.0
69.43603849411011	nan	2.0
69.4544312953949	nan	2.0
69.47357130050659	nan	2.0
69.49242210388184	nan	2.0
69.51317691802979	nan	2.0
69.52968001365662	nan	2.0
69.54478693008423	nan	2.0
69.56201457977295	nan	2.0
69.57624650001526	nan	2.0
69.59187602996826	nan	2.0
69.60568594932556	nan	2.0
69.61876130104065	nan	2.0
69.63371849060059	nan	2.0
69.64889240264893	nan	2.0
69.6640830039978	nan	2.0
69.68053674697876	nan	2.0
69.69467043876648	nan	2.0
69.70864129066467	nan	2.0
69.72887706756592	nan	2.0
69.74234008789062	nan	2.0
69.75825238227844	nan	2.0
69.7717056274414	nan	2.0
69.78428435325623	nan	2.0
69.799880027771	nan	2.0
69.8140115737915	nan	2.0
69.8264148235321	nan	2.0
69.8405442237854	nan	2.0
69.8528425693512	nan	2.0
69.86636018753052	nan	2.0
69.88258147239685	nan	2.0
69.8955671787262	nan	2.0
69.9103353023529	nan	2.0
69.92322659492493	nan	2.0
69.93595933914185	nan	2.0
69.94888997077942	nan	2.0
69.96412992477417	nan	2.0
69.97728419303894	nan	2.0
69.99269986152649	nan	2.0
70.00635361671448	nan	2.0
70.01961612701416	nan	2.0
70.0343189239502	nan	2.0
70.04860305786133	nan	2.0
70.06177306175232	nan	2.0
70.07812690734863	nan	2.0
70.09491777420044	nan	2.0
70.10917401313782	nan	2.0
70.12438726425171	nan	2.0
70.13674926757812	nan	2.0
70.15289306640625	nan	2.0
70.16634273529053	nan	2.0
70.17980718612671	nan	2.0
70.19387722015381	nan	2.0
70.2088782787323	nan	2.0
70.22218561172485	nan	2.0
70.23674392700195	nan	2.0
70.24917817115784	nan	2.0
70.26256203651428	nan	2.0
70.27909708023071	nan	2.0
70.29372119903564	nan	2.0
70.30682563781738	nan	2.0
70.32048845291138	nan	2.0
70.33657336235046	nan	2.0
70.35297751426697	nan	2.0
70.3677933216095	2.134096628137536	2.0
70.38081431388855	2.134096628137536	2.0
70.39559292793274	2.134096628137536	2.0
70.41198468208313	2.135612038891708	2.0
70.42548108100891	2.135612038891708	2.0
70.44059920310974	2.136819119078531	2.0
70.45352244377136	2.136819119078531	2.0
70.46731925010681	2.136819119078531	2.0
70.48240113258362	2.136819119078531	2.0
70.49707388877869	2.1387317373643486	2.0
70.50940227508545	2.1387317373643486	2.0
70.52426052093506	2.1407682508205896	2.0
70.5375623703003	2.1407682508205896	2.0
70.55090069770813	2.1407682508205896	2.0
70.56553506851196	2.1407682508205896	2.0
70.57855319976807	2.142421129110063	2.0
70.59233570098877	2.142421129110063	2.0
70.6073670387268	2.1446319449023488	2.0
70.62039041519165	2.1446319449023488	2.0
70.63321781158447	2.1446319449023488	2.0
70.64878392219543	2.1446319449023488	2.0
70.66162443161011	2.146671359353548	2.0
70.67530655860901	2.146671359353548	2.0
70.68931031227112	2.1484294677578775	2.0
70.70924234390259	2.1484294677578775	2.0
70.73064732551575	2.150154097371991	2.0
70.75042867660522	2.150154097371991	2.0
70.7708215713501	2.1511655611034413	2.0
70.78896522521973	2.1511655611034413	2.0
70.80639672279358	2.1511655611034413	2.0
70.82039022445679	2.1522958492102093	2.0
70.8349244594574	2.1522958492102093	2.0
70.85006284713745	2.1535495276981966	2.0
70.86386299133301	2.1535495276981966	2.0
70.87693405151367	2.1535495276981966	2.0
70.89265727996826	2.1545039581547627	2.0
70.90783882141113	2.1545039581547627	2.0
70.9240665435791	2.1558070504051563	2.0
70.93749642372131	2.1558070504051563	2.0
70.95095014572144	2.1558070504051563	2.0
70.96612620353699	2.1558070504051563	2.0
70.9801983833313	2.157035535660648	2.0
70.99450492858887	2.157035535660648	2.0
71.01011610031128	2.158482593348464	2.0
71.02811527252197	2.158482593348464	2.0
71.04474711418152	2.158482593348464	2.0
71.0595052242279	2.159571914067887	2.0
71.07311081886292	2.159571914067887	2.0
71.0858862400055	2.159571914067887	2.0
71.10395646095276	2.160881376240302	2.0
71.11765050888062	2.160881376240302	2.0
71.1346960067749	2.162419196010938	2.0
71.14814329147339	2.162419196010938	2.0
71.16214084625244	2.162419196010938	2.0
71.17730808258057	2.1635560555008673	2.0
71.1908369064331	2.1635560555008673	2.0
71.20528888702393	2.1635560555008673	2.0
71.21831941604614	2.1647753299394825	2.0
71.23137617111206	2.1647753299394825	2.0
71.2439432144165	2.1647753299394825	2.0
71.25978398323059	2.1666324957929746	2.0
71.27213907241821	2.1666324957929746	2.0
71.28779292106628	2.1666324957929746	2.0
71.3013174533844	2.1687765170552344	2.0
71.31419396400452	2.1687765170552344	2.0
71.3270959854126	2.1687765170552344	2.0
71.34199452400208	2.1701736245462753	2.0
71.35521626472473	2.1701736245462753	2.0
71.37185955047607	2.172656984671508	2.0
71.38591289520264	2.172656984671508	2.0
71.39908742904663	2.172656984671508	2.0
71.41437768936157	2.172656984671508	2.0
71.4275529384613	2.1740704351055884	2.0
71.44178366661072	2.1740704351055884	2.0
71.45587110519409	2.1757047383429016	2.0
71.46948218345642	2.1757047383429016	2.0
71.48284649848938	2.1757047383429016	2.0
71.49717307090759	2.1776251444800123	2.0
71.51059246063232	2.1776251444800123	2.0
71.52400517463684	2.1776251444800123	2.0
71.53875231742859	2.17924193797415	2.0
71.55819463729858	2.17924193797415	2.0
71.58124494552612	2.1815889256356114	2.0
71.60661506652832	2.1815889256356114	2.0
71.6282570362091	2.183541414086362	2.0
71.65274977684021	2.183541414086362	2.0
71.67374563217163	2.1854954760809706	2.0
71.69818472862244	2.1872975081707646	2.0
71.72250294685364	2.1872975081707646	2.0
71.74475502967834	2.189544633026247	2.0
71.7664225101471	2.189544633026247	2.0
71.78924679756165	2.190936400099482	2.0
71.80968809127808	2.190936400099482	2.0
71.8291220664978	2.1928814975353794	2.0
71.84396076202393	2.1928814975353794	2.0
71.86033082008362	2.1928814975353794	2.0
71.87752985954285	2.194537118090145	2.0
71.89532947540283	2.194537118090145	2.0
71.9167833328247	2.1964545907700965	2.0
71.93784093856812	2.1964545907700965	2.0
71.95457673072815	2.198451155818325	2.0
71.96813821792603	2.198451155818325	2.0
71.98404002189636	2.2000205010281966	2.0
71.9993634223938	2.2000205010281966	2.0
72.0169415473938	2.2000205010281966	2.0
72.03655552864075	2.2018737950918443	2.0
72.060049533844	2.203056739536289	2.0
72.07843732833862	2.203056739536289	2.0
72.09622597694397	2.203056739536289	2.0
72.11423873901367	2.2043315818693943	2.0
72.1309404373169	2.2043315818693943	2.0
72.14802384376526	2.2051242803983064	2.0
72.16482043266296	2.2051242803983064	2.0
72.18333768844604	2.2058896968421964	2.0
72.19661068916321	2.2058896968421964	2.0
72.21101069450378	2.2058896968421964	2.0
72.22557210922241	2.2061334348074566	2.0
72.237952709198	2.2061334348074566	2.0
72.2510461807251	2.2061334348074566	2.0
72.26654553413391	2.206115914332437	2.0
72.27887010574341	2.206115914332437	2.0
72.2951922416687	2.206115914332437	2.0
72.30877780914307	2.2055999884065107	2.0
72.3215823173523	2.2055999884065107	2.0
72.33366990089417	2.2055999884065107	2.0
72.34794783592224	2.2050859153737212	2.0
72.36175441741943	2.2050859153737212	2.0
72.37745022773743	2.204651873380908	2.0
72.39161109924316	2.204651873380908	2.0
72.40630841255188	2.204651873380908	2.0
72.42360019683838	2.204651873380908	2.0
72.43874025344849	2.2040378221990555	2.0
72.45622515678406	2.2040378221990555	2.0
72.47008323669434	2.2042478777546113	2.0
72.48486638069153	2.2042478777546113	2.0
72.4981529712677	2.2042478777546113	2.0
72.5138247013092	2.203285868258394	2.0
72.52961611747742	2.203285868258394	2.0
72.54482960700989	2.203285868258394	2.0
72.56187725067139	2.2031813305231425	2.0
72.57629776000977	2.2031813305231425	2.0
72.59250855445862	2.2027840633262064	2.0
72.60557413101196	2.2027840633262064	2.0
72.61912417411804	2.2027840633262064	2.0
72.63478899002075	2.2031394192196756	2.0
72.65201425552368	2.2031394192196756	2.0
72.67561745643616	2.202665131100388	2.0
72.6974036693573	2.202665131100388	2.0
72.71892094612122	2.2019712830018294	2.0
72.73630499839783	2.2019712830018294	2.0
72.7529284954071	2.2007134817294367	2.0
72.77053308486938	2.2007134817294367	2.0
72.79159355163574	2.2007134817294367	2.0
72.81534838676453	2.199604840744365	2.0
72.83664464950562	2.198572704207199	2.0
72.85921478271484	2.198572704207199	2.0
72.8820366859436	2.1963261139493193	2.0
72.9042432308197	2.1956310900375486	2.0
72.92038702964783	2.1956310900375486	2.0
72.9335024356842	2.1956310900375486	2.0
72.94823551177979	2.1956310900375486	2.0
72.96327352523804	2.1938671196971375	2.0
72.97933101654053	2.1938671196971375	2.0
72.99560689926147	2.192107203376949	2.0
73.00944113731384	2.192107203376949	2.0
73.02411437034607	2.192107203376949	2.0
73.0397584438324	2.1903444858637955	2.0
73.05549240112305	2.1903444858637955	2.0
73.0704562664032	2.1893001813257404	2.0
73.08421921730042	2.1893001813257404	2.0
73.09656739234924	2.1893001813257404	2.0
73.11094355583191	2.1893001813257404	2.0
73.12540340423584	2.1887018334129027	2.0
73.1408486366272	2.1887018334129027	2.0
73.15448141098022	2.1883329035059305	2.0
73.16785836219788	2.1883329035059305	2.0
73.18281292915344	2.1883329035059305	2.0
73.19845080375671	2.1879118711909813	2.0
73.21111559867859	2.1879118711909813	2.0
73.22611474990845	2.187342203582081	2.0
73.23883843421936	2.187342203582081	2.0
73.25181031227112	2.187342203582081	2.0
73.26579546928406	2.187342203582081	2.0
73.28604984283447	2.1872125943790444	2.0
73.30527877807617	2.1872125943790444	2.0
73.3266499042511	2.186757434804576	2.0
73.34558486938477	2.186757434804576	2.0
73.36145687103271	2.1863504715223687	2.0
73.37556147575378	2.1863504715223687	2.0
73.38981795310974	2.1863504715223687	2.0
73.40658664703369	2.186763730308311	2.0
73.42109394073486	2.186763730308311	2.0
73.43799662590027	2.1870027693473504	2.0
73.4534113407135	2.1870027693473504	2.0
73.46781420707703	2.1870027693473504	2.0
73.484290599823	2.18711119883453	2.0
73.49814319610596	2.18711119883453	2.0
73.51494574546814	2.1871050757576063	2.0
73.52874445915222	2.1871050757576063	2.0
73.54266023635864	2.1871050757576063	2.0
73.55843091011047	2.1871050757576063	2.0
73.57327675819397	2.186823643171726	2.0
73.58779978752136	2.186823643171726	2.0
73.60338068008423	2.1870785896957905	2.0
73.61689758300781	2.1870785896957905	2.0
73.63104033470154	2.1870785896957905	2.0
73.64821410179138	2.18708325378011	2.0
73.6622359752655	2.18708325378011	2.0
73.67873334884644	2.187458754316295	2.0
73.69181776046753	2.187458754316295	2.0
73.70547866821289	2.187458754316295	2.0
73.72208762168884	2.1872388069478736	2.0
73.73525524139404	2.1872388069478736	2.0
73.75003576278687	2.1872388069478736	2.0
73.76373267173767	2.1872924731286316	2.0
73.77678680419922	2.1872924731286316	2.0
73.79015827178955	2.1872924731286316	2.0
73.80689144134521	2.1865793897952983	2.0
73.81994771957397	2.1865793897952983	2.0
73.83629536628723	2.186323843347211	2.0
73.8502025604248	2.186323843347211	2.0
73.86356258392334	2.186323843347211	2.0
73.87970566749573	2.186397096596245	2.0
73.89455008506775	2.186397096596245	2.0
73.9105064868927	2.186397096596245	2.0
73.9244658946991	2.186255701859403	2.0
73.93712949752808	2.186255701859403	2.0
73.95010709762573	2.186255701859403	2.0
73.96740508079529	2.186691894371196	2.0
73.98083662986755	2.186691894371196	2.0
73.9972996711731	2.185959552599044	2.0
74.01077938079834	2.185959552599044	2.0
74.02358961105347	2.185959552599044	2.0
74.03859806060791	2.185959552599044	2.0
74.05383944511414	2.1860374072793367	2.0
74.06843757629395	2.1860374072793367	2.0
74.08851218223572	2.1860374072793367	2.0
74.109295129776	2.1858136678479028	2.0
74.13048815727234	2.18596479677252	2.0
74.15218257904053	2.18596479677252	2.0
74.17406892776489	2.186525562668474	2.0
74.1946074962616	2.186525562668474	2.0
74.21115827560425	2.187244143239376	2.0
74.22629141807556	2.187244143239376	2.0
74.23916459083557	2.187244143239376	2.0
74.25610542297363	2.187725185438172	2.0
74.26970911026001	2.187725185438172	2.0
74.28610491752625	2.1887123377835436	2.0
74.2993676662445	2.1887123377835436	2.0
74.31286954879761	2.1887123377835436	2.0
74.32818961143494	2.1887123377835436	2.0
74.34252214431763	2.1897263192711742	2.0
74.35677337646484	2.1897263192711742	2.0
74.37079524993896	2.1908736786461738	2.0
74.38451552391052	2.1908736786461738	2.0
74.39770174026489	2.1908736786461738	2.0
74.41540050506592	2.1923038503303496	2.0
74.42840766906738	2.1923038503303496	2.0
74.44400000572205	2.193436196629449	2.0
74.45718002319336	2.193436196629449	2.0
74.47148871421814	2.193436196629449	2.0
74.48745059967041	2.193436196629449	2.0
74.50311613082886	2.19463334884992	2.0
74.51921963691711	2.19463334884992	2.0
74.53389000892639	2.1958201448218135	2.0
74.54763221740723	2.1958201448218135	2.0
74.56190347671509	2.1958201448218135	2.0
74.57729196548462	2.1971124647569225	2.0
74.59049081802368	2.1971124647569225	2.0
74.60673999786377	2.198485135221217	2.0
74.61987900733948	2.198485135221217	2.0
74.63510227203369	2.198485135221217	2.0
74.65284848213196	2.20088973501191	2.0
74.66679954528809	2.20088973501191	2.0
74.68245720863342	2.201414504536812	2.0
74.69567918777466	2.201414504536812	2.0
74.70896673202515	2.201414504536812	2.0
74.72348356246948	2.201414504536812	2.0
74.73763680458069	2.2019128066749127	2.0
74.75059509277344	2.2019128066749127	2.0
74.76840829849243	2.2037523963250583	2.0
74.7893762588501	2.2037523963250583	2.0
74.81002497673035	2.2037523963250583	2.0
74.82854676246643	2.205665690332343	2.0
74.84229731559753	2.205665690332343	2.0
74.85895442962646	2.2073939156313296	2.0
74.87259793281555	2.2073939156313296	2.0
74.88930320739746	2.20927405890988	2.0
74.90305924415588	2.20927405890988	2.0
74.91640639305115	2.20927405890988	2.0
74.93169236183167	2.20927405890988	2.0
74.95208191871643	2.2109884393363353	2.0
74.97234416007996	2.2123023657003946	2.0
74.99246215820312	2.2123023657003946	2.0
75.0120120048523	2.2123023657003946	2.0
75.03075671195984	2.21384863278114	2.0
75.04975295066833	2.2142064723429837	2.0
75.06824588775635	2.2142064723429837	2.0
75.08273100852966	2.2142064723429837	2.0
75.09976005554199	2.2158501997877784	2.0
75.11303973197937	2.2158501997877784	2.0
75.12884330749512	2.21797735777389	2.0
75.14341163635254	2.21797735777389	2.0
75.15997123718262	2.21797735777389	2.0
75.17697978019714	2.2188181345621	2.0
75.19166779518127	2.2188181345621	2.0
75.20737671852112	2.2188181345621	2.0
75.2230703830719	2.219745483696684	2.0
75.23791575431824	2.219745483696684	2.0
75.25354242324829	2.219745483696684	2.0
75.27079343795776	2.220990552719668	2.0
75.28801035881042	2.220990552719668	2.0
75.30357003211975	2.2223744341212854	2.0
75.31735706329346	2.2223744341212854	2.0
75.33370757102966	2.2223744341212854	2.0
75.35110688209534	2.22388152642852	2.0
75.36832404136658	2.22388152642852	2.0
75.38528656959534	2.2254156097390156	2.0
75.39974737167358	2.2254156097390156	2.0
75.41826701164246	2.2274765036761304	2.0
75.43625140190125	2.2274765036761304	2.0
75.45838499069214	2.2294102089514345	2.0
75.48170495033264	2.2294102089514345	2.0
75.50619530677795	2.2311822916674844	2.0
75.52775835990906	2.2311822916674844	2.0
75.54874467849731	2.2327017661600057	2.0
75.57508206367493	2.2327017661600057	2.0
75.59422159194946	2.234184806438067	2.0
75.60765886306763	2.234184806438067	2.0
75.62371110916138	2.234184806438067	2.0
75.6376621723175	2.2355418070683855	2.0
75.65229487419128	2.2355418070683855	2.0
75.66803359985352	2.2365548507358737	2.0
75.68162989616394	2.2365548507358737	2.0
75.6968457698822	2.2365548507358737	2.0
75.71275806427002	2.237601886296083	2.0
75.72694659233093	2.237601886296083	2.0
75.74221062660217	2.2389112984681647	2.0
75.75489068031311	2.2389112984681647	2.0
75.76999068260193	2.2389112984681647	2.0
75.78585910797119	2.2406985953509984	2.0
75.79886364936829	2.2406985953509984	2.0
75.81331729888916	2.2406985953509984	2.0
75.82655668258667	2.241590834937286	2.0
75.83923411369324	2.241590834937286	2.0
75.85216355323792	2.241590834937286	2.0
75.86687970161438	2.2425834522618184	2.0
75.87955713272095	2.2425834522618184	2.0
75.8956847190857	2.2425834522618184	2.0
75.90850710868835	2.243587332009112	2.0
75.92116689682007	2.243587332009112	2.0
75.93613195419312	2.243587332009112	2.0
75.95496273040771	2.2444774459692263	2.0
75.97781181335449	2.2453387892528083	2.0
76.00007700920105	2.2453387892528083	2.0
76.02460670471191	2.2453387892528083	2.0
76.04764127731323	2.2464256584257405	2.0
76.07041835784912	2.247492428917544	2.0
76.09374284744263	2.247492428917544	2.0
76.11427807807922	2.248231108146194	2.0
76.13014888763428	2.248231108146194	2.0
76.14633584022522	2.248640574694055	2.0
76.16135740280151	2.248640574694055	2.0
76.17660665512085	2.248640574694055	2.0
76.19172501564026	2.248773152742621	2.0
76.20438814163208	2.248773152742621	2.0
76.2216272354126	2.249522832143032	2.0
76.23552894592285	2.249522832143032	2.0
76.24881863594055	2.249522832143032	2.0
76.26563382148743	2.250224297153816	2.0
76.27876091003418	2.250224297153816	2.0
76.29321074485779	2.250224297153816	2.0
76.30744647979736	2.250224297153816	2.0
76.32255291938782	2.2509010132005014	2.0
76.33627080917358	2.2509010132005014	2.0
76.35137605667114	2.250963377872866	2.0
76.36458992958069	2.250963377872866	2.0
76.37745594978333	2.250963377872866	2.0
76.39396691322327	2.2509633778728655	2.0
76.40697908401489	2.2509633778728655	2.0
76.42220997810364	2.2509633778728655	2.0
76.43760943412781	2.2508610350157228	2.0
76.45166850090027	2.2508610350157228	2.0
76.46728730201721	2.2508610350157228	2.0
76.48230123519897	2.2507947016823895	2.0
76.49618673324585	2.2507947016823895	2.0
76.51212191581726	2.2507522483490563	2.0
76.52561569213867	2.2507522483490563	2.0
76.5394184589386	2.2507522483490563	2.0
76.55635166168213	2.250511247409661	2.0
76.57096147537231	2.250511247409661	2.0
76.58790898323059	2.2502647380116043	2.0
76.60158109664917	2.2502647380116043	2.0
76.61526417732239	2.2502647380116043	2.0
76.63092350959778	2.2502647380116043	2.0
76.64410495758057	2.2494573016259367	2.0
76.65672850608826	2.2494573016259367	2.0
76.67113137245178	2.248394679470731	2.0
76.68459463119507	2.248394679470731	2.0
76.69695711135864	2.248394679470731	2.0
76.71273136138916	2.247337477203797	2.0
76.72617149353027	2.247337477203797	2.0
76.74109148979187	2.247337477203797	2.0
76.75381636619568	2.2467591866055066	2.0
76.76811146736145	2.2467591866055066	2.0
76.78348064422607	2.2467591866055066	2.0
76.79774141311646	2.2462351925226662	2.0
76.81070637702942	2.2462351925226662	2.0
76.82692551612854	2.2454403877178613	2.0
76.83985328674316	2.2454403877178613	2.0
76.85276055335999	2.2454403877178613	2.0
76.86598610877991	2.2454403877178613	2.0
76.88142919540405	2.244064786624965	2.0
76.89461326599121	2.244064786624965	2.0
76.90942525863647	2.242776494613946	2.0
76.92231011390686	2.242776494613946	2.0
76.9349627494812	2.242776494613946	2.0
76.94999647140503	2.242776494613946	2.0
76.96433424949646	2.241476725013176	2.0
76.97822308540344	2.241476725013176	2.0
76.99529457092285	2.2394865683819285	2.0
77.00883364677429	2.2394865683819285	2.0
77.02243733406067	2.2394865683819285	2.0
77.03776335716248	2.237076414382046	2.0
77.05113744735718	2.237076414382046	2.0
77.06428027153015	2.237076414382046	2.0
77.07937836647034	2.234877527659865	2.0
77.0920057296753	2.234877527659865	2.0
77.10568428039551	2.234877527659865	2.0
77.12069439888	2.2323323386260734	2.0
77.13717865943909	2.2323323386260734	2.0
77.15005445480347	2.2323323386260734	2.0
77.16468620300293	2.229693839451637	2.0
77.1857419013977	2.229693839451637	2.0
77.2091875076294	2.227013306313846	2.0
77.23085975646973	2.227013306313846	2.0
77.25520968437195	2.2242906187639115	2.0
77.2761492729187	2.221984719856807	2.0
77.29382753372192	2.221984719856807	2.0
77.3121645450592	2.221984719856807	2.0
77.32796621322632	2.2190701318678263	2.0
77.34140133857727	2.2190701318678263	2.0
77.35821342468262	2.2162048449667386	2.0
77.37440228462219	2.2162048449667386	2.0
77.39469027519226	2.2162048449667386	2.0
77.41610860824585	2.2132885063124497	2.0
77.43869185447693	2.2105934898755555	2.0
77.45980930328369	2.2105934898755555	2.0
77.4829888343811	2.2071723341430527	2.0
77.50297141075134	2.2071723341430527	2.0
77.5215835571289	2.2039349220037785	2.0
77.53666424751282	2.2039349220037785	2.0
77.55083584785461	2.2039349220037785	2.0
77.56695127487183	2.2007870010327037	2.0
77.5850281715393	2.2007870010327037	2.0
77.60154175758362	2.1970400106381582	2.0
77.61607837677002	2.1970400106381582	2.0
77.6309061050415	2.1970400106381582	2.0
77.64800381660461	2.1934244466926307	2.0
77.66556477546692	2.1934244466926307	2.0
77.6842303276062	2.1888224190852683	2.0
77.69999241828918	2.1888224190852683	2.0
77.71774291992188	2.1888224190852683	2.0
77.7328794002533	2.1846672990852682	2.0
77.7486515045166	2.1846672990852682	2.0
77.76566576957703	2.1803029418305124	2.0
77.7812774181366	2.1803029418305124	2.0
77.79785704612732	2.1803029418305124	2.0
77.81318354606628	2.1766619875713404	2.0
77.82694554328918	2.1766619875713404	2.0
77.84093022346497	2.1766619875713404	2.0
77.85736012458801	2.1734529177180035	2.0
77.87216019630432	2.1734529177180035	2.0
77.89019703865051	2.170893306818997	2.0
77.90623712539673	2.170893306818997	2.0
77.92111706733704	2.170893306818997	2.0
77.93752431869507	2.168359471034683	2.0
77.95388865470886	2.168359471034683	2.0
77.97023820877075	2.1660863888629533	2.0
77.98448014259338	2.1660863888629533	2.0
77.99728751182556	2.1660863888629533	2.0
78.01358461380005	2.164421744315968	2.0
78.02650880813599	2.164421744315968	2.0
78.04203224182129	2.1636014784685846	2.0
78.05674648284912	2.1636014784685846	2.0
78.07014966011047	2.1636014784685846	2.0
78.08493518829346	2.1636014784685846	2.0
78.10178112983704	2.1637316204960095	2.0
78.1148419380188	2.1637316204960095	2.0
78.12990307807922	2.163958700250611	2.0
78.14303064346313	2.163958700250611	2.0
78.15757060050964	2.163958700250611	2.0
78.17358565330505	2.1642198255129186	2.0
78.18635511398315	2.1642198255129186	2.0
78.20546674728394	2.1643884354059493	2.0
78.22644400596619	2.1643884354059493	2.0
78.24365997314453	2.1643884354059493	2.0
78.25951623916626	2.164559313238945	2.0
78.27376985549927	2.164559313238945	2.0
78.28934097290039	2.1641534850815947	2.0
78.30614233016968	2.1641534850815947	2.0
78.31972527503967	2.1641534850815947	2.0
78.33735942840576	2.164164734553277	2.0
78.35843658447266	2.164164734553277	2.0
78.37181401252747	2.1639212311725124	2.0
78.38856101036072	2.1639212311725124	2.0
78.40722608566284	2.1639212311725124	2.0
78.42722868919373	2.1635487164115976	2.0
78.44333696365356	2.1629904624722918	2.0
78.45722150802612	2.1629904624722918	2.0
78.47182512283325	2.1629904624722918	2.0
78.48925137519836	2.1619785483676863	2.0
78.50573086738586	2.1619785483676863	2.0
78.52249908447266	2.1607155965592133	2.0
78.53644323348999	2.1607155965592133	2.0
78.55026340484619	2.1607155965592133	2.0
78.56771874427795	2.1607155965592133	2.0
78.58252906799316	2.1597515412383204	2.0
78.59613752365112	2.1597515412383204	2.0
78.60984635353088	2.1597515412383204	2.0
78.62541270256042	2.158912120116289	2.0
78.63930225372314	2.158912120116289	2.0
78.65569114685059	2.157143807347327	2.0
78.66943049430847	2.157143807347327	2.0
78.68481874465942	2.157143807347327	2.0
78.70286583900452	2.1561848814815265	2.0
78.71760416030884	2.1561848814815265	2.0
78.73586869239807	2.154926231080294	2.0
78.7503776550293	2.154926231080294	2.0
78.76517081260681	2.154926231080294	2.0
78.78054666519165	2.153722703528352	2.0
78.79521822929382	2.153722703528352	2.0
78.81002926826477	2.1524524067672184	2.0
78.82285904884338	2.1524524067672184	2.0
78.8356580734253	2.1524524067672184	2.0
78.84945297241211	2.1524524067672184	2.0
78.86570858955383	2.1508416206494507	2.0
78.87876415252686	2.1508416206494507	2.0
78.89409565925598	2.1496046476067203	2.0
78.9079954624176	2.1496046476067203	2.0
78.92287635803223	2.1496046476067203	2.0
78.93845295906067	2.1485456120518966	2.0
78.95247483253479	2.1485456120518966	2.0
78.96844029426575	2.147488655602545	2.0
78.98248362541199	2.147488655602545	2.0
78.99556183815002	2.147488655602545	2.0
79.00845861434937	2.147488655602545	2.0
79.02422189712524	2.146502010552017	2.0
79.03687787055969	2.146502010552017	2.0
79.05234169960022	2.1460131197403616	2.0
79.06663632392883	2.1460131197403616	2.0
79.07975816726685	2.1460131197403616	2.0
79.09593534469604	2.145745128312929	2.0
79.10937190055847	2.145745128312929	2.0
79.12230396270752	2.145745128312929	2.0
79.13787078857422	2.1455929115136505	2.0
79.15201497077942	2.1455929115136505	2.0
79.16489171981812	2.1455929115136505	2.0
79.18057703971863	2.145563319407473	2.0
79.19372224807739	2.145563319407473	2.0
79.20932221412659	2.1457014066650912	2.0
79.2218987941742	2.1457014066650912	2.0
79.23653316497803	2.1457014066650912	2.0
79.25123763084412	2.1457014066650912	2.0
79.26576733589172	2.145420283615124	2.0
79.27901482582092	2.145420283615124	2.0
79.29370355606079	2.145547215742942	2.0
79.3066976070404	2.145547215742942	2.0
79.3198344707489	2.145547215742942	2.0
79.33682656288147	2.145183418480577	2.0
79.35012435913086	2.145183418480577	2.0
79.36367321014404	2.145183418480577	2.0
79.37917637825012	2.145183418480577	2.0
79.39508748054504	2.1448249633523715	2.0
79.40921545028687	2.1448249633523715	2.0
79.4230101108551	2.144341576544959	2.0
79.43613290786743	2.144341576544959	2.0
79.44863533973694	2.144341576544959	2.0
79.46493983268738	2.1440377858073942	2.0
79.47790169715881	2.1440377858073942	2.0
79.49484014511108	2.1440377858073942	2.0
79.50809073448181	2.143353177803008	2.0
79.52053642272949	2.143353177803008	2.0
79.53396105766296	2.143353177803008	2.0
79.55000901222229	2.1428557668773514	2.0
79.5635678768158	2.1428557668773514	2.0
79.57957100868225	2.14139252387223	2.0
79.59265565872192	2.14139252387223	2.0
79.60589957237244	2.14139252387223	2.0
79.6203145980835	2.14139252387223	2.0
79.6356475353241	2.1403247368294354	2.0
79.64863967895508	2.1403247368294354	2.0
79.66327714920044	2.1395540215421214	2.0
79.67599987983704	2.1395540215421214	2.0
79.68944716453552	2.1395540215421214	2.0
79.70527219772339	2.1382810110777464	2.0
79.71915674209595	2.1382810110777464	2.0
79.73543238639832	2.1382810110777464	2.0
79.74955201148987	2.13713207161891	2.0
79.7637984752655	2.13713207161891	2.0
79.78211641311646	2.13713207161891	2.0
79.79626727104187	2.135748931261004	2.0
79.81679701805115	2.135748931261004	2.0
79.8318862915039	2.134058499768294	2.0
79.84590005874634	2.134058499768294	2.0
79.86247897148132	2.134058499768294	2.0
79.87756776809692	2.1323265762962853	2.0
79.89564919471741	2.1323265762962853	2.0
79.9116723537445	2.1306533280747404	2.0
79.92712879180908	2.1306533280747404	2.0
79.94873785972595	2.128854968887081	2.0
79.97011494636536	2.128854968887081	2.0
79.992103099823	2.12789024946824	2.0
80.00930380821228	2.12789024946824	2.0
80.02761101722717	2.1260921599318476	2.0
80.04200196266174	2.1260921599318476	2.0
80.0600209236145	2.124331360473853	2.0
80.07556796073914	2.124331360473853	2.0
80.0896806716919	2.124331360473853	2.0
80.10680675506592	2.122781990358058	2.0
80.12097907066345	2.122781990358058	2.0
80.13524866104126	2.122781990358058	2.0
80.15319538116455	2.1216968145821347	2.0
80.16732287406921	2.1216968145821347	2.0
80.18242049217224	2.1216968145821347	2.0
80.19902992248535	2.1207620928167836	2.0
80.2139630317688	2.1207620928167836	2.0
80.23149371147156	2.120220303270604	2.0
80.24648594856262	2.120220303270604	2.0
80.26385688781738	2.120220303270604	2.0
80.27872085571289	2.1196531984266658	2.0
80.29171204566956	2.1196531984266658	2.0
80.30575370788574	2.1196531984266658	2.0
80.32204961776733	2.119411447999076	2.0
80.33745765686035	2.119411447999076	2.0
80.35341930389404	2.11884665040166	2.0
80.37197589874268	2.11884665040166	2.0
80.38647079467773	2.11884665040166	2.0
80.40224504470825	2.118503132676142	2.0
80.4168062210083	2.118503132676142	2.0
80.4318778514862	2.1185878091679275	2.0
80.44616031646729	2.1185878091679275	2.0
80.46022582054138	2.1185878091679275	2.0
80.47768211364746	2.118469042589678	2.0
80.49164938926697	2.118469042589678	2.0
80.50834345817566	2.118572933435113	2.0
80.52294039726257	2.118572933435113	2.0
80.53627324104309	2.118572933435113	2.0
80.55263352394104	2.1186036198510934	2.0
80.56657338142395	2.1186036198510934	2.0
80.58359670639038	2.1186036198510934	2.0
80.59918189048767	2.1186235511158222	2.0
80.61315655708313	2.1186235511158222	2.0
80.62709474563599	2.1186235511158222	2.0
80.64291787147522	2.118567809268874	2.0
80.65823936462402	2.118567809268874	2.0
80.67300701141357	2.117958142815902	2.0
80.6873893737793	2.117958142815902	2.0
80.70086145401001	2.117958142815902	2.0
80.71802258491516	2.116813652076408	2.0
80.73217248916626	2.116813652076408	2.0
80.74796843528748	2.1164470783336133	2.0
80.76131463050842	2.1164470783336133	2.0
80.77570676803589	2.1164470783336133	2.0
80.79094910621643	2.1164470783336133	2.0
80.80678343772888	2.1152156803198623	2.0
80.82045650482178	2.1152156803198623	2.0
80.83595633506775	2.1152156803198623	2.0
80.85212111473083	2.114019935508556	2.0
80.86680006980896	2.114019935508556	2.0
80.88286757469177	2.1127369410805157	2.0
80.89638781547546	2.1127369410805157	2.0
80.9098801612854	2.1127369410805157	2.0
80.92735719680786	2.1123008226967577	2.0
80.94076490402222	2.1123008226967577	2.0
80.9570620059967	2.111848043221331	2.0
80.97275900840759	2.111848043221331	2.0
80.98680520057678	2.111848043221331	2.0
81.00222587585449	2.1107889728588574	2.0
81.0159752368927	2.1107889728588574	2.0
81.03244137763977	2.1102860201463747	2.0
81.04644656181335	2.1102860201463747	2.0
81.06022834777832	2.1102860201463747	2.0
81.07513976097107	2.1102860201463747	2.0
81.09006023406982	2.1099512733568515	2.0
81.10448431968689	2.1099512733568515	2.0
81.11940693855286	2.109845269596081	2.0
81.13514924049377	2.109845269596081	2.0
81.14937329292297	2.109845269596081	2.0
81.16541194915771	2.1092918152237154	2.0
81.17928647994995	2.1092918152237154	2.0
81.19627785682678	2.1094903522792157	2.0
81.20999646186829	2.1094903522792157	2.0
81.222971200943	2.1094903522792157	2.0
81.23899626731873	2.1094903522792157	2.0
81.2528350353241	2.1098751782853684	2.0
81.26680421829224	2.1098751782853684	2.0
81.28272128105164	2.1105476341145457	2.0
81.29858183860779	2.1105476341145457	2.0
81.31477618217468	2.1105476341145457	2.0
81.33006191253662	2.110321339446251	2.0
81.34421038627625	2.110321339446251	2.0
81.35984873771667	2.1106717888434012	2.0
81.37403059005737	2.1106717888434012	2.0
81.38689184188843	2.1106717888434012	2.0
81.40212607383728	2.1117085210359994	2.0
81.4151918888092	2.1117085210359994	2.0
81.430260181427	2.1117085210359994	2.0
81.4440267086029	2.11241645128712	2.0
81.45727109909058	2.11241645128712	2.0
81.47082257270813	2.11241645128712	2.0
81.48633313179016	2.113473477261146	2.0
81.50054550170898	2.113473477261146	2.0
81.51626181602478	2.11424859831003	2.0
81.5297999382019	2.11424859831003	2.0
81.54342126846313	2.11424859831003	2.0
81.55999326705933	2.1152743811811865	2.0
81.57519865036011	2.1152743811811865	2.0
81.58812808990479	2.1152743811811865	2.0
81.60286092758179	2.1152743811811865	2.0
81.61871337890625	2.116249384577644	2.0
81.6333258152008	2.116249384577644	2.0
81.64956188201904	2.1165284643953606	2.0
81.66279482841492	2.1165284643953606	2.0
81.67637825012207	2.1165284643953606	2.0
81.69182753562927	2.116479860481563	2.0
81.7061243057251	2.116479860481563	2.0
81.72283959388733	2.1168942883058466	2.0
81.73683977127075	2.1168942883058466	2.0
81.75193071365356	2.1168942883058466	2.0
81.7677538394928	2.1168942883058466	2.0
81.78298544883728	2.1154324314217887	2.0
81.799241065979	2.1144606788210267	2.0
81.81354856491089	2.1144606788210267	2.0
81.82710909843445	2.1144606788210267	2.0
81.84176445007324	2.1144606788210267	2.0
81.85723567008972	2.113260171912679	2.0
81.87516689300537	2.113260171912679	2.0
81.89021754264832	2.1111313735933512	2.0
81.90397119522095	2.1111313735933512	2.0
81.91788387298584	2.1111313735933512	2.0
81.9347517490387	2.1091895143777295	2.0
81.94805145263672	2.1091895143777295	2.0
81.96498107910156	2.106345692367758	2.0
81.97910499572754	2.106345692367758	2.0
81.99260377883911	2.106345692367758	2.0
82.00891327857971	2.1032253977760744	2.0
82.02289080619812	2.1032253977760744	2.0
82.03808283805847	2.1032253977760744	2.0
82.05230951309204	2.099457013247112	2.0
82.0665910243988	2.099457013247112	2.0
82.08123636245728	2.099457013247112	2.0
82.09752249717712	2.095492985401084	2.0
82.11130213737488	2.095492985401084	2.0
82.12730407714844	2.091297498910258	2.0
82.14089703559875	2.091297498910258	2.0
82.15532040596008	2.091297498910258	2.0
82.17067980766296	2.088867049914735	2.0
82.1848132610321	2.088867049914735	2.0
82.20153474807739	2.0854726598138673	2.0
82.2149350643158	2.0854726598138673	2.0
82.22885394096375	2.0854726598138673	2.0
82.24403309822083	2.0854726598138673	2.0
82.25889778137207	2.0816512448561353	2.0
82.27412056922913	2.0816512448561353	2.0
82.28883361816406	2.0790418535294926	2.0
82.3026053905487	2.0790418535294926	2.0
82.31577181816101	2.0790418535294926	2.0
82.33286237716675	2.0765452179863866	2.0
82.34697365760803	2.0765452179863866	2.0
82.36080050468445	2.0765452179863866	2.0
82.37873888015747	2.074847881394208	2.0
82.3921549320221	2.074847881394208	2.0
82.40840649604797	2.074847881394208	2.0
82.42276096343994	2.0740465143691886	2.0
82.43624520301819	2.0740465143691886	2.0
82.4530017375946	2.0740465143691886	2.0
82.46838068962097	2.0745474747063324	2.0
82.48441791534424	2.0745474747063324	2.0
82.49929761886597	2.0755049101769933	2.0
82.51359343528748	2.0755049101769933	2.0
82.52826595306396	2.0755049101769933	2.0
82.5454466342926	2.0760850610669883	2.0
82.56028962135315	2.0760850610669883	2.0
82.5769419670105	2.0764363756585054	2.0
82.59120631217957	2.0764363756585054	2.0
82.60488533973694	2.0764363756585054	2.0
82.62162208557129	2.0771175245981204	2.0
82.6352436542511	2.0771175245981204	2.0
82.65124917030334	2.0782676398085846	2.0
82.66565561294556	2.0782676398085846	2.0
82.68033170700073	2.0782676398085846	2.0
82.69577169418335	2.0792518767004124	2.0
82.70952653884888	2.0792518767004124	2.0
82.725426197052	2.0792518767004124	2.0
82.73974370956421	2.080423568015461	2.0
82.75386834144592	2.080423568015461	2.0
82.76796579360962	2.080423568015461	2.0
82.78390693664551	2.0814360477451905	2.0
82.79791927337646	2.0814360477451905	2.0
82.8143515586853	2.0815541596567964	2.0
82.82845854759216	2.0815541596567964	2.0
82.84304690361023	2.0815541596567964	2.0
82.85864424705505	2.0813203209442506	2.0
82.87228417396545	2.0813203209442506	2.0
82.88793087005615	2.081235377966082	2.0
82.9019763469696	2.081235377966082	2.0
82.91534996032715	2.081235377966082	2.0
82.92902874946594	2.081235377966082	2.0
82.94436645507812	2.0818066795466996	2.0
82.95817708969116	2.0818066795466996	2.0
82.97456359863281	2.081702353990635	2.0
82.98854470252991	2.081702353990635	2.0
83.00341868400574	2.081702353990635	2.0
83.01961946487427	2.0815811988933843	2.0
83.03357791900635	2.0815811988933843	2.0
83.0498275756836	2.081219193654534	2.0
83.06398129463196	2.081219193654534	2.0
83.07817697525024	2.081219193654534	2.0
83.09438967704773	2.081219193654534	2.0
83.10992908477783	2.080221795619681	2.0
83.12447190284729	2.080221795619681	2.0
83.14030313491821	2.080221795619681	2.0
83.15603709220886	2.078727002740247	2.0
83.17221546173096	2.078727002740247	2.0
83.1873152256012	2.0769905017339214	2.0
83.20376014709473	2.0769905017339214	2.0
83.21940636634827	2.0769905017339214	2.0
83.23566484451294	2.075281218438041	2.0
83.25076413154602	2.075281218438041	2.0
83.26765990257263	2.073219520300303	2.0
83.28154134750366	2.073219520300303	2.0
83.29606699943542	2.073219520300303	2.0
83.31091260910034	2.0706359806598664	2.0
83.3249204158783	2.0706359806598664	2.0
83.34004998207092	2.067391557017996	2.0
83.35391473770142	2.067391557017996	2.0
83.36714386940002	2.067391557017996	2.0
83.38729786872864	2.0644763323110915	2.0
83.40560269355774	2.0644763323110915	2.0
83.42462229728699	2.061061576425591	2.0
83.43833374977112	2.061061576425591	2.0
83.45308589935303	2.061061576425591	2.0
83.46826553344727	2.057036494250773	2.0
83.48279142379761	2.057036494250773	2.0
83.49783086776733	2.0536119811529137	2.0
83.51130771636963	2.0536119811529137	2.0
83.5256450176239	2.0536119811529137	2.0
83.54055595397949	2.0536119811529137	2.0
83.55533790588379	2.050777202417452	2.0
83.56971573829651	2.050777202417452	2.0
83.58501410484314	2.0477391427081324	2.0
83.59911346435547	2.0477391427081324	2.0
83.612557888031	2.0477391427081324	2.0
83.6282708644867	2.0446551638986086	2.0
83.64216780662537	2.0446551638986086	2.0
83.65775346755981	2.0422724539003574	2.0
83.67324423789978	2.0422724539003574	2.0
83.68716192245483	2.0422724539003574	2.0
83.70319104194641	2.0422724539003574	2.0
83.71826386451721	2.0404153964339917	2.0
83.73400831222534	2.0404153964339917	2.0
83.74851083755493	2.0393097229124733	2.0
83.76229548454285	2.0393097229124733	2.0
83.77819967269897	2.0393097229124733	2.0
83.79620099067688	2.0384780799135793	2.0
83.81039071083069	2.0384780799135793	2.0
83.82634401321411	2.0382814886173497	2.0
83.83945941925049	2.0382814886173497	2.0
83.85356187820435	2.0382814886173497	2.0
83.86960983276367	2.0384816275262105	2.0
83.88457560539246	2.0384816275262105	2.0
83.90052914619446	2.0384816275262105	2.0
83.91747713088989	2.038663966470718	2.0
83.93190240859985	2.038663966470718	2.0
83.94802641868591	2.038599635170329	2.0
83.96209836006165	2.038599635170329	2.0
83.97600793838501	2.038599635170329	2.0
83.99299788475037	2.038894990546488	2.0
84.00752592086792	2.038894990546488	2.0
84.02451181411743	2.039508078277872	2.0
84.03904438018799	2.039508078277872	2.0
84.05347323417664	2.039508078277872	2.0
84.06856966018677	2.039508078277872	2.0
84.0834698677063	2.0398405729088305	2.0
84.09847497940063	2.0398405729088305	2.0
84.11479115486145	2.0402095068651405	2.0
84.12893342971802	2.0402095068651405	2.0
84.14249563217163	2.0402095068651405	2.0
84.15796279907227	2.0407689213526377	2.0
84.17215180397034	2.0407689213526377	2.0
84.18777680397034	2.0412585434926704	2.0
84.20227909088135	2.0412585434926704	2.0
84.21699380874634	2.0412585434926704	2.0
84.23390579223633	2.041636709245828	2.0
84.24851965904236	2.041636709245828	2.0
84.26562762260437	2.0428910516164125	2.0
84.2813560962677	2.0428910516164125	2.0
84.29594349861145	2.0428910516164125	2.0
84.31302094459534	2.044503553263517	2.0
84.32688784599304	2.044503553263517	2.0
84.3436107635498	2.044503553263517	2.0
84.35744023323059	2.0459874853414184	2.0
84.37157845497131	2.0459874853414184	2.0
84.38691759109497	2.0459874853414184	2.0
84.40395474433899	2.0474136774866074	2.0
84.41830253601074	2.0474136774866074	2.0
84.43435955047607	2.0491351984412915	2.0
84.44830393791199	2.0491351984412915	2.0
84.46421217918396	2.0491351984412915	2.0
84.48024988174438	2.051032424962711	2.0
84.4947018623352	2.051032424962711	2.0
84.51073241233826	2.0530334823904233	2.0
84.52380633354187	2.0530334823904233	2.0
84.53718042373657	2.0530334823904233	2.0
84.55298209190369	2.0540689204235636	2.0
84.5675745010376	2.0540689204235636	2.0
84.5832269191742	2.0540689204235636	2.0
84.59747791290283	2.055145415351574	2.0
84.6113612651825	2.055145415351574	2.0
84.62568068504333	2.055145415351574	2.0
84.64084911346436	2.056419825135124	2.0
84.65486001968384	2.056419825135124	2.0
84.66891622543335	2.056419825135124	2.0
84.68585681915283	2.057337542960092	2.0
84.69911432266235	2.057337542960092	2.0
84.71539330482483	2.058300769718538	2.0
84.72891855239868	2.058300769718538	2.0
84.74200057983398	2.058300769718538	2.0
84.7563488483429	2.058300769718538	2.0
84.77220058441162	2.060038523920798	2.0
84.78697609901428	2.060038523920798	2.0
84.80199360847473	2.0619756503173017	2.0
84.81613230705261	2.0619756503173017	2.0
84.83010172843933	2.0619756503173017	2.0
84.84639739990234	2.0633098763381947	2.0
84.85948061943054	2.0633098763381947	2.0
84.87533688545227	2.0647382196941764	2.0
84.88898634910583	2.0647382196941764	2.0
84.90335774421692	2.0647382196941764	2.0
84.9194974899292	2.065802494238132	2.0
84.93437886238098	2.065802494238132	2.0
84.95019626617432	2.065802494238132	2.0
84.965656042099	2.067670146904615	2.0
84.98012018203735	2.067670146904615	2.0
84.9955575466156	2.067670146904615	2.0
85.01178646087646	2.069365571358498	2.0
85.02651810646057	2.069365571358498	2.0
85.04217982292175	2.070931282878839	2.0
85.05623173713684	2.070931282878839	2.0
85.07006049156189	2.070931282878839	2.0
85.08586359024048	2.072231956755432	2.0
85.09951114654541	2.072231956755432	2.0
85.11763310432434	2.0736803033722855	2.0
85.1318998336792	2.0736803033722855	2.0
85.14552855491638	2.0736803033722855	2.0
85.16307544708252	2.0740619824834226	2.0
85.17795133590698	2.0740619824834226	2.0
85.19451022148132	2.0736000486423944	2.0
85.20837593078613	2.0736000486423944	2.0
85.22232413291931	2.0736000486423944	2.0
85.23684000968933	2.0736000486423944	2.0
85.253084897995	2.0733649077538714	2.0
85.26844596862793	2.0733649077538714	2.0
85.2838180065155	2.0726496750814154	2.0
85.29822373390198	2.0726496750814154	2.0
85.31299042701721	2.0726496750814154	2.0
85.32913565635681	2.072030591154122	2.0
85.34324908256531	2.072030591154122	2.0
85.3575451374054	2.072030591154122	2.0
85.37590098381042	2.070786320102593	2.0
85.39071798324585	2.070786320102593	2.0
85.40688562393188	2.0697080151340037	2.0
85.42035412788391	2.0697080151340037	2.0
85.43507814407349	2.0697080151340037	2.0
85.45120644569397	2.068566474713647	2.0
85.46568369865417	2.068566474713647	2.0
85.482093334198	2.0675283243697233	2.0
85.4963903427124	2.0675283243697233	2.0
85.51030611991882	2.0675283243697233	2.0
85.52604460716248	2.0675283243697233	2.0
85.53959012031555	2.065317144419536	2.0
85.55377221107483	2.065317144419536	2.0
85.56983733177185	2.0634645829467577	2.0
85.58394646644592	2.0634645829467577	2.0
85.59728264808655	2.0634645829467577	2.0
85.61477375030518	2.0623209900951642	2.0
85.63035559654236	2.0623209900951642	2.0
85.64718699455261	2.060837042543879	2.0
85.66145706176758	2.060837042543879	2.0
85.67799735069275	2.060837042543879	2.0
85.6955623626709	2.0593376254315796	2.0
85.70946884155273	2.0593376254315796	2.0
85.72721076011658	2.0578271081705473	2.0
85.74146294593811	2.0578271081705473	2.0
85.75777196884155	2.0578271081705473	2.0
85.77506279945374	2.05665056202041	2.0
85.78901386260986	2.05665056202041	2.0
85.80522441864014	2.054851915981648	2.0
85.8192355632782	2.054851915981648	2.0
85.83344435691833	2.054851915981648	2.0
85.85080480575562	2.0530452692792314	2.0
85.86520266532898	2.0530452692792314	2.0
85.88185477256775	2.051387802595145	2.0
85.89678478240967	2.051387802595145	2.0
85.90992093086243	2.051387802595145	2.0
85.92661261558533	2.051387802595145	2.0
85.94144582748413	2.0504857335618722	2.0
85.95646524429321	2.0504857335618722	2.0
85.9764404296875	2.0495442160288104	2.0
85.99031066894531	2.0495442160288104	2.0
86.00546646118164	2.0495442160288104	2.0
86.02154302597046	2.0484799271118987	2.0
86.03634119033813	2.0484799271118987	2.0
86.05103373527527	2.0476920706452626	2.0
86.06548070907593	2.0476920706452626	2.0
86.08434510231018	2.0476920706452626	2.0
86.09903049468994	2.0473956619341966	2.0
86.11297702789307	2.0473956619341966	2.0
86.12770867347717	2.0473956619341966	2.0
86.1449191570282	2.0470302566228855	2.0
86.16102313995361	2.0470302566228855	2.0
86.17852807044983	2.0461526092246354	2.0
86.19174432754517	2.0461526092246354	2.0
86.20541405677795	2.0461526092246354	2.0
86.22086381912231	2.045854248949008	2.0
86.23466730117798	2.045854248949008	2.0
86.24974799156189	2.0448192047053344	2.0
86.26321697235107	2.0448192047053344	2.0
86.27624297142029	2.0448192047053344	2.0
86.29067349433899	2.0448192047053344	2.0
86.30665755271912	2.0442055739626976	2.0
86.32040452957153	2.0442055739626976	2.0
86.33633708953857	2.042917493573569	2.0
86.35011076927185	2.042917493573569	2.0
86.36523079872131	2.042917493573569	2.0
86.38063216209412	2.041654810394701	2.0
86.39394545555115	2.041654810394701	2.0
86.41009569168091	2.039989227516741	2.0
86.42392206192017	2.039989227516741	2.0
86.4373414516449	2.039989227516741	2.0
86.45378232002258	2.039989227516741	2.0
86.46823215484619	2.038322614175076	2.0
86.485196352005	2.038322614175076	2.0
86.4998517036438	2.0366781688737055	2.0
86.516526222229	2.0366781688737055	2.0
86.53376030921936	2.0366781688737055	2.0
86.55341076850891	2.0346852902823245	2.0
86.5739586353302	2.032981426205695	2.0
86.5926742553711	2.032981426205695	2.0
86.611563205719	2.032981426205695	2.0
86.62938618659973	2.0309925256728034	2.0
86.64980840682983	2.0309925256728034	2.0
86.67213439941406	2.0294649351292993	2.0
86.69291424751282	2.0294649351292993	2.0
86.70877003669739	2.0274203646781155	2.0
86.72590065002441	2.0274203646781155	2.0
86.7415132522583	2.0260812272666606	2.0
86.7564902305603	2.0260812272666606	2.0
86.77214741706848	2.0260812272666606	2.0
86.79023027420044	2.024898894483836	2.0
86.80896282196045	2.0241549206276273	2.0
86.82525539398193	2.0241549206276273	2.0
86.83957409858704	2.0241549206276273	2.0
86.85871815681458	2.0236823786590525	2.0
86.87374520301819	2.0236823786590525	2.0
86.88824391365051	2.0236823786590525	2.0
86.90686106681824	2.022436347005009	2.0
86.9211003780365	2.022436347005009	2.0
86.93709564208984	2.0214999151267024	2.0
86.9522705078125	2.0214999151267024	2.0
86.9662172794342	2.0214999151267024	2.0
86.98215365409851	2.0214999151267024	2.0
86.99779224395752	2.0205291596819306	2.0
87.01335382461548	2.0205291596819306	2.0
87.02940273284912	2.019789532956298	2.0
87.04451060295105	2.019789532956298	2.0
87.05890107154846	2.019789532956298	2.0
87.07494401931763	2.018686797542458	2.0
87.0901050567627	2.018686797542458	2.0
87.10838794708252	2.018375154823386	2.0
87.12770080566406	2.018375154823386	2.0
87.14591979980469	2.0167974928837924	2.0
87.1635069847107	2.0167974928837924	2.0
87.17983937263489	2.0158745432576612	2.0
87.19492554664612	2.0158745432576612	2.0
87.20883703231812	2.0158745432576612	2.0
87.22609376907349	2.0144682115583143	2.0
87.24071550369263	2.0144682115583143	2.0
87.25814843177795	2.0125310283799243	2.0
87.27369046211243	2.0125310283799243	2.0
87.28808689117432	2.0125310283799243	2.0
87.30656671524048	2.0111884827855677	2.0
87.32093262672424	2.0111884827855677	2.0
87.33846664428711	2.0097066047899252	2.0
87.35298752784729	2.0097066047899252	2.0
87.36724591255188	2.0097066047899252	2.0
87.38509440422058	2.007736407305841	2.0
87.39983582496643	2.007736407305841	2.0
87.41678524017334	2.0055958945429038	2.0
87.4300148487091	2.0055958945429038	2.0
87.44561839103699	2.0055958945429038	2.0
87.46145844459534	2.0055958945429038	2.0
87.4757649898529	2.003910966424873	2.0
87.49313712120056	2.003910966424873	2.0
87.50733017921448	2.001496936334116	2.0
87.52225971221924	2.001496936334116	2.0
87.53776097297668	2.001496936334116	2.0
87.55388569831848	2.0003578859889553	2.0
87.56929445266724	2.0003578859889553	2.0
87.585214138031	1.9984375932612342	2.0
87.59921789169312	1.9984375932612342	2.0
87.61236047744751	1.9984375932612342	2.0
87.62944316864014	1.9972630859512925	2.0
87.6447606086731	1.9972630859512925	2.0
87.65862965583801	1.9972630859512925	2.0
87.67480802536011	1.996311380538879	2.0
87.68911719322205	1.996311380538879	2.0
87.70536231994629	1.9950283350813127	2.0
87.71970272064209	1.9950283350813127	2.0
87.73283052444458	1.9950283350813127	2.0
87.74698305130005	1.9950283350813127	2.0
87.76350831985474	1.994667138130281	2.0
87.77879524230957	1.994667138130281	2.0
87.79467749595642	1.994906089706379	2.0
87.80840563774109	1.994906089706379	2.0
87.82428050041199	1.994906089706379	2.0
87.83924722671509	1.9954127806111708	2.0
87.85396027565002	1.9954127806111708	2.0
87.87027740478516	1.996356210580259	2.0
87.8843994140625	1.996356210580259	2.0
87.89949440956116	1.996356210580259	2.0
87.91596746444702	1.9981308045303703	2.0
87.92998194694519	1.9981308045303703	2.0
87.94682955741882	2.000036794558071	2.0
87.96070861816406	2.000036794558071	2.0
87.97449588775635	2.000036794558071	2.0
87.98985934257507	2.000036794558071	2.0
88.00513792037964	2.001760866140166	2.0
88.02035188674927	2.001760866140166	2.0
88.03422284126282	2.003366540116774	2.0
88.04730820655823	2.003366540116774	2.0
88.06057548522949	2.003366540116774	2.0
88.0763156414032	2.0051413355742524	2.0
88.09005451202393	2.0051413355742524	2.0
88.10711169242859	2.0073230278187033	2.0
88.12021970748901	2.0073230278187033	2.0
88.13392686843872	2.0073230278187033	2.0
88.14756774902344	2.0073230278187033	2.0
88.16236734390259	2.00889432035797	2.0
88.17619633674622	2.00889432035797	2.0
88.19066286087036	2.010744949088571	2.0
88.20403122901917	2.010744949088571	2.0
88.21973180770874	2.010744949088571	2.0
88.23761439323425	2.012499159992948	2.0
88.25162625312805	2.012499159992948	2.0
88.26840543746948	2.014282659789496	2.0
88.2816596031189	2.014282659789496	2.0
88.29534363746643	2.014282659789496	2.0
88.3119010925293	2.015556116473558	2.0
88.32519912719727	2.015556116473558	2.0
88.34164118766785	2.015556116473558	2.0
88.35623955726624	2.017227716473558	2.0
88.37097382545471	2.017227716473558	2.0
88.38602328300476	2.017227716473558	2.0
88.40405797958374	2.019057601531029	2.0
88.41917610168457	2.019057601531029	2.0
88.43347406387329	2.019057601531029	2.0
88.44988489151001	2.021511934864362	2.0
88.46405029296875	2.021511934864362	2.0
88.47940421104431	2.023917192316937	2.0
88.49414014816284	2.023917192316937	2.0
88.50767183303833	2.023917192316937	2.0
88.52435374259949	2.0262915090364224	2.0
88.53845143318176	2.0262915090364224	2.0
88.55559825897217	2.0284986898468196	2.0
88.56990623474121	2.0284986898468196	2.0
88.58646202087402	2.0284986898468196	2.0
88.60401749610901	2.0302401578573366	2.0
88.61831831932068	2.0302401578573366	2.0
88.63518190383911	2.031519380815394	2.0
88.65123105049133	2.031519380815394	2.0
88.66550588607788	2.031519380815394	2.0
88.68258905410767	2.0325689870156456	2.0
88.69792246818542	2.0325689870156456	2.0
88.71665954589844	2.0330660035365393	2.0
88.73049759864807	2.0330660035365393	2.0
88.74471139907837	2.0330660035365393	2.0
88.76072263717651	2.0330038160365396	2.0
88.7752730846405	2.0330038160365396	2.0
88.79155135154724	2.033710111373327	2.0
88.80565142631531	2.033710111373327	2.0
88.81915140151978	2.033710111373327	2.0
88.83351826667786	2.033710111373327	2.0
88.85031723976135	2.033539236220702	2.0
88.8648726940155	2.033539236220702	2.0
88.88064432144165	2.033925745407054	2.0
88.8953628540039	2.033925745407054	2.0
88.90924882888794	2.033925745407054	2.0
88.92646837234497	2.034214938889052	2.0
88.94033408164978	2.034214938889052	2.0
88.95648837089539	2.0352846585888584	2.0
88.97033214569092	2.0352846585888584	2.0
88.98385643959045	2.0352846585888584	2.0
89.00148940086365	2.0364862584354837	2.0
89.01661133766174	2.0364862584354837	2.0
89.03308057785034	2.0364862584354837	2.0
89.04682755470276	2.038179522619881	2.0
89.06061625480652	2.038179522619881	2.0
89.07736253738403	2.038179522619881	2.0
89.09173583984375	2.0401418401835265	2.0
89.10760045051575	2.0401418401835265	2.0
89.12299513816833	2.0426027189267764	2.0
89.13643908500671	2.0426027189267764	2.0
89.14983487129211	2.0426027189267764	2.0
89.16631150245667	2.0455782205478137	2.0
89.1801335811615	2.0455782205478137	2.0
89.19359588623047	2.0455782205478137	2.0
89.20952224731445	2.0480075038460415	2.0
89.22327184677124	2.0480075038460415	2.0
89.23980569839478	2.0480075038460415	2.0
89.25437641143799	2.0500188805592154	2.0
89.268550157547	2.0500188805592154	2.0
89.28387475013733	2.0500188805592154	2.0
89.29853677749634	2.0514950265782126	2.0
89.31381726264954	2.0514950265782126	2.0
89.32917141914368	2.052856235477853	2.0
89.34300184249878	2.052856235477853	2.0
89.35691142082214	2.052856235477853	2.0
89.37334418296814	2.054470725017816	2.0
89.38725399971008	2.054470725017816	2.0
89.40342426300049	2.056131849707257	2.0
89.41746068000793	2.056131849707257	2.0
89.4312732219696	2.056131849707257	2.0
89.44690489768982	2.056131849707257	2.0
89.46262907981873	2.0575612024382828	2.0
89.47750234603882	2.0575612024382828	2.0
89.49285078048706	2.0587415045858686	2.0
89.50657629966736	2.0587415045858686	2.0
89.52079916000366	2.0587415045858686	2.0
89.53627467155457	2.059678068470272	2.0
89.55158853530884	2.059678068470272	2.0
89.56786942481995	2.0613556087796145	2.0
89.5837082862854	2.0613556087796145	2.0
89.59738850593567	2.0613556087796145	2.0
89.61339116096497	2.062158354751929	2.0
89.62714529037476	2.062158354751929	2.0
89.6443293094635	2.063673214302491	2.0
89.65999746322632	2.063673214302491	2.0
89.6740083694458	2.063673214302491	2.0
89.69064688682556	2.0646787750595843	2.0
89.70413732528687	2.0646787750595843	2.0
89.72261047363281	2.066023940283382	2.0
89.73623585700989	2.066023940283382	2.0
89.74986672401428	2.066023940283382	2.0
89.76541638374329	2.066023940283382	2.0
89.78357362747192	2.0664693340478046	2.0
89.80205345153809	2.066692600814059	2.0
89.81651473045349	2.066692600814059	2.0
89.82983374595642	2.066692600814059	2.0
89.8465633392334	2.066692600814059	2.0
89.8605260848999	2.0671384637287855	2.0
89.87597107887268	2.0671384637287855	2.0
89.89164352416992	2.0671384637287855	2.0
89.90699601173401	2.0677368769384556	2.0
89.92064356803894	2.0677368769384556	2.0
89.9369010925293	2.0681325924419793	2.0
89.95710492134094	2.0681325924419793	2.0
89.9753839969635	2.0681325924419793	2.0
89.9939272403717	2.0684172380115995	2.0
90.01495671272278	2.0689296020270245	2.0
90.03404951095581	2.0689296020270245	2.0
90.05212473869324	2.0689296020270245	2.0
90.06733679771423	2.0692208215392194	2.0
90.0810546875	2.0692208215392194	2.0
90.09591722488403	2.0701080610633205	2.0
90.10911893844604	2.0701080610633205	2.0
90.12161827087402	2.0701080610633205	2.0
90.13726139068604	2.0709518311334274	2.0
90.1502685546875	2.0709518311334274	2.0
90.16456890106201	2.0709518311334274	2.0
90.17897248268127	2.0714356501294886	2.0
90.19364523887634	2.0714356501294886	2.0
90.21322131156921	2.0714356501294886	2.0
90.22740602493286	2.0719639009252546	2.0
90.24611735343933	2.0719639009252546	2.0
90.26018619537354	2.072183528237963	2.0
90.27381896972656	2.072183528237963	2.0
90.28681588172913	2.072183528237963	2.0
90.30193018913269	2.0717298615194073	2.0
90.3149573802948	2.0717298615194073	2.0
90.32927203178406	2.071652238931961	2.0
90.34337544441223	2.071652238931961	2.0
90.35674381256104	2.071652238931961	2.0
90.37172079086304	2.071652238931961	2.0
90.38540697097778	2.0700707126161717	2.0
90.39767169952393	2.0700707126161717	2.0
90.41248178482056	2.068849783351706	2.0
90.4251708984375	2.068849783351706	2.0
90.43845558166504	2.068849783351706	2.0
90.45340371131897	2.068849783351706	2.0
90.46746635437012	2.0677773436803593	2.0
90.48028779029846	2.0677773436803593	2.0
90.49381875991821	2.0667283614903185	2.0
90.50637483596802	2.0667283614903185	2.0
90.51927185058594	2.0667283614903185	2.0
90.53482842445374	2.0667283614903185	2.0
90.54801344871521	2.0655540871805274	2.0
90.56327962875366	2.0655540871805274	2.0
90.57771039009094	2.06420362697551	2.0
90.5909354686737	2.06420362697551	2.0
90.60324811935425	2.06420362697551	2.0
90.618155002594	2.062947700173486	2.0
90.63067531585693	2.062947700173486	2.0
90.6432683467865	2.062947700173486	2.0
90.65629601478577	2.062947700173486	2.0
90.67094802856445	2.062314241998181	2.0
90.68362188339233	2.062314241998181	2.0
90.69972825050354	2.061795028212399	2.0
90.71283006668091	2.061795028212399	2.0
90.72569942474365	2.061795028212399	2.0
90.74019718170166	2.061795028212399	2.0
90.75534772872925	2.0608720380785854	2.0
90.76969337463379	2.0608720380785854	2.0
90.78376245498657	2.0602173216888047	2.0
90.79583644866943	2.0602173216888047	2.0
90.80895352363586	2.0602173216888047	2.0
90.82436347007751	2.059454114962095	2.0
90.83806538581848	2.059454114962095	2.0
90.85326409339905	2.059454114962095	2.0
90.86739253997803	2.0576899862840365	2.0
90.88119196891785	2.0576899862840365	2.0
90.89502549171448	2.0576899862840365	2.0
90.90936851501465	2.055607826713026	2.0
90.92475819587708	2.055607826713026	2.0
90.93979787826538	2.053790281340975	2.0
90.95249485969543	2.053790281340975	2.0
90.96573734283447	2.053790281340975	2.0
90.98055338859558	2.053790281340975	2.0
90.99435329437256	2.0517592293042037	2.0
91.00814986228943	2.0517592293042037	2.0
91.02222919464111	2.050236022188099	2.0
91.03468608856201	2.050236022188099	2.0
91.04679203033447	2.050236022188099	2.0
91.06323075294495	2.0480289922681663	2.0
91.07605457305908	2.0480289922681663	2.0
91.08941888809204	2.0480289922681663	2.0
91.10469055175781	2.046107076712784	2.0
91.11711978912354	2.046107076712784	2.0
91.12996935844421	2.046107076712784	2.0
91.1456093788147	2.0446599743221805	2.0
91.15841794013977	2.0446599743221805	2.0
91.17450952529907	2.0446599743221805	2.0
91.18812489509583	2.043212333794217	2.0
91.20108938217163	2.043212333794217	2.0
91.22087502479553	2.043212333794217	2.0
91.23506593704224	2.04127608336044	2.0
91.24813866615295	2.04127608336044	2.0
91.26360511779785	2.039897966288559	2.0
91.27594065666199	2.039897966288559	2.0
91.28834891319275	2.039897966288559	2.0
91.30423092842102	2.038813717019791	2.0
91.31678891181946	2.038813717019791	2.0
91.33130311965942	2.038813717019791	2.0
91.34577560424805	2.037186390035202	2.0
91.3584246635437	2.037186390035202	2.0
91.37060236930847	2.037186390035202	2.0
91.38597130775452	2.035956998673833	2.0
91.39838433265686	2.035956998673833	2.0
91.41052198410034	2.035956998673833	2.0
91.42269849777222	2.035956998673833	2.0
91.43639540672302	2.03427446874959	2.0
91.44854688644409	2.03427446874959	2.0
91.46237134933472	2.03427446874959	2.0
91.47525668144226	2.0330336991643367	2.0
91.48741483688354	2.0330336991643367	2.0
91.49966716766357	2.0330336991643367	2.0
91.5146324634552	2.032024709812022	2.0
91.5291178226471	2.032024709812022	2.0
91.54377126693726	2.032024709812022	2.0
91.55635380744934	2.0285326039662883	2.0
91.57576704025269	2.0285326039662883	2.0
91.59455752372742	2.024234933787358	2.0
91.61338090896606	2.024234933787358	2.0
91.63022041320801	2.0286185886447705	2.0
91.64894318580627	2.0286185886447705	2.0
91.66785430908203	2.0286185886447705	2.0
91.68457198143005	nan	2.0
91.69911432266235	nan	2.0
91.71369481086731	nan	2.0
91.72657322883606	nan	2.0
91.73950982093811	nan	2.0
91.75570154190063	nan	2.0
91.7716166973114	nan	2.0
91.78724336624146	nan	2.0
91.8008759021759	nan	2.0
91.8154296875	nan	2.0
91.83199882507324	nan	2.0
91.8465645313263	nan	2.0
91.86258840560913	nan	2.0
91.87825918197632	nan	2.0
91.89210748672485	nan	2.0
91.90623998641968	nan	2.0
91.92148232460022	nan	2.0
91.93542337417603	nan	2.0
91.95022964477539	nan	2.0
91.96742033958435	nan	2.0
91.98111367225647	nan	2.0
91.99718570709229	nan	2.0
92.01126480102539	nan	2.0
92.0278000831604	nan	2.0
92.04101157188416	nan	2.0
92.054203748703	nan	2.0
92.07194709777832	nan	2.0
92.08604717254639	nan	2.0
92.10133862495422	nan	2.0
92.11597657203674	nan	2.0
92.12919044494629	nan	2.0
92.14340782165527	nan	2.0
92.15902423858643	nan	2.0
92.17308378219604	nan	2.0
92.186039686203	nan	2.0
92.20181226730347	nan	2.0
92.21548271179199	nan	2.0
92.231609582901	nan	2.0
92.24537467956543	nan	2.0
92.2587354183197	nan	2.0
92.27302598953247	nan	2.0
92.28741645812988	nan	2.0
92.30037784576416	nan	2.0
92.31609654426575	nan	2.0
92.32928824424744	nan	2.0
92.34290504455566	nan	2.0
92.35907030105591	nan	2.0
92.37212538719177	nan	2.0
92.3846926689148	nan	2.0
92.39852547645569	nan	2.0
92.4114158153534	nan	2.0
92.4240984916687	nan	2.0
92.43861627578735	nan	2.0
92.45167636871338	nan	2.0
92.4644124507904	nan	2.0
92.4784038066864	nan	2.0
92.49084091186523	nan	2.0
92.50359964370728	nan	2.0
92.51865267753601	nan	2.0
92.53257656097412	nan	2.0
92.54658913612366	nan	2.0
92.56025815010071	nan	2.0
92.57315349578857	nan	2.0
92.58547472953796	nan	2.0
92.6001467704773	nan	2.0
92.61291289329529	nan	2.0
92.62572622299194	nan	2.0
92.63996839523315	nan	2.0
92.65261745452881	nan	2.0
92.665109872818	nan	2.0
92.68080568313599	nan	2.0
92.6938648223877	nan	2.0
92.70888328552246	nan	2.0
92.72185397148132	nan	2.0
92.73543739318848	nan	2.0
92.74761748313904	nan	2.0
92.76354432106018	nan	2.0
92.77660894393921	nan	2.0
92.79209446907043	nan	2.0
92.80565333366394	nan	2.0
92.81855154037476	nan	2.0
92.8327226638794	nan	2.0
92.84762501716614	nan	2.0
92.86054730415344	nan	2.0
92.875657081604	nan	2.0
92.88882398605347	nan	2.0
92.90219235420227	nan	2.0
92.91699385643005	nan	2.0
92.9310085773468	nan	2.0
92.94355607032776	nan	2.0
92.95631217956543	nan	2.0
92.97115278244019	nan	2.0
92.98384261131287	nan	2.0
92.99885034561157	nan	2.0
93.012624502182	nan	2.0
93.02640509605408	nan	2.0
93.03946352005005	nan	2.0
93.05389332771301	nan	2.0
93.0664632320404	nan	2.0
93.08260726928711	nan	2.0
93.09663367271423	nan	2.0
93.11060309410095	nan	2.0
93.12848615646362	nan	2.0
93.14430093765259	nan	2.0
93.16373372077942	nan	2.0
93.18101358413696	nan	2.0
93.19954538345337	nan	2.0
93.21871399879456	nan	2.0
93.24065375328064	nan	2.0
93.25876808166504	nan	2.0
93.2775068283081	nan	2.0
93.29688429832458	nan	2.0
93.31375741958618	nan	2.0
93.33042025566101	nan	2.0
93.34523510932922	nan	2.0
93.3617205619812	nan	2.0
93.38189387321472	nan	2.0
93.40109419822693	nan	2.0
93.41370105743408	nan	2.0
93.42865061759949	nan	2.0
93.45159840583801	nan	2.0
93.47350239753723	nan	2.0
93.49560832977295	nan	2.0
93.5164475440979	nan	2.0
93.5358214378357	nan	2.0
93.55622482299805	nan	2.0
93.5762255191803	nan	2.0
93.5963523387909	nan	2.0
93.61747574806213	nan	2.0
93.64068269729614	nan	2.0
93.66104316711426	nan	2.0
93.68400025367737	nan	2.0
93.70693683624268	nan	2.0
93.7278938293457	nan	2.0
93.75051236152649	nan	2.0
93.77393865585327	nan	2.0
93.7957878112793	nan	2.0
93.81840562820435	nan	2.0
93.83673453330994	nan	2.0
93.85535430908203	nan	2.0
93.86814498901367	nan	2.0
93.88195252418518	nan	2.0
93.89736533164978	nan	2.0
93.91065764427185	nan	2.0
93.92492651939392	nan	2.0
93.94074654579163	nan	2.0
93.95466804504395	nan	2.0
93.96929597854614	nan	2.0
93.9851393699646	nan	2.0
93.9980947971344	nan	2.0
94.01413917541504	nan	2.0
94.02748823165894	nan	2.0
94.04069447517395	nan	2.0
94.05729866027832	nan	2.0
94.07058954238892	nan	2.0
94.08728742599487	nan	2.0
94.10103607177734	nan	2.0
94.11443591117859	nan	2.0
94.12750148773193	nan	2.0
94.14349389076233	1.9796646081045488	2.0
94.15717101097107	1.9796646081045488	2.0
94.17431282997131	1.9855710167222174	2.0
94.18722748756409	1.9855710167222174	2.0
94.20030331611633	1.9855710167222174	2.0
94.22067952156067	1.9912598809881452	2.0
94.2404363155365	1.9912598809881452	2.0
94.2620153427124	1.9949925688494168	2.0
94.28092122077942	1.9949925688494168	2.0
94.29944038391113	1.998689062000102	2.0
94.3157606124878	1.998689062000102	2.0
94.33346605300903	2.0020907580556684	2.0
94.3464527130127	2.0020907580556684	2.0
94.3591160774231	2.0020907580556684	2.0
94.37274837493896	2.0020907580556684	2.0
94.38722610473633	2.0052040544835887	2.0
94.40148282051086	2.0052040544835887	2.0
94.41529273986816	2.0052040544835887	2.0
94.43083786964417	2.007896407424765	2.0
94.44572567939758	2.007896407424765	2.0
94.46251559257507	2.0095240623351223	2.0
94.47578358650208	2.0095240623351223	2.0
94.48873567581177	2.0095240623351223	2.0
94.5040876865387	2.0121861626362447	2.0
94.51704859733582	2.0121861626362447	2.0
94.5315465927124	2.0121861626362447	2.0
94.54578948020935	2.014911366486699	2.0
94.55915594100952	2.014911366486699	2.0
94.57287240028381	2.014911366486699	2.0
94.5896966457367	2.0177191655662194	2.0
94.60743999481201	2.0177191655662194	2.0
94.62394762039185	2.0195342205112743	2.0
94.63846135139465	2.0195342205112743	2.0
94.652752161026	2.0195342205112743	2.0
94.66866445541382	2.022583983824884	2.0
94.68267726898193	2.022583983824884	2.0
94.69815421104431	2.0253822471302065	2.0
94.71147274971008	2.0253822471302065	2.0
94.72506618499756	2.0253822471302065	2.0
94.73832297325134	2.0253822471302065	2.0
94.7533609867096	2.027886555667656	2.0
94.76640105247498	2.027886555667656	2.0
94.78532385826111	2.0299862288134998	2.0
94.80163884162903	2.0299862288134998	2.0
94.819983959198	2.0299862288134998	2.0
94.83553409576416	2.0324559467170102	2.0
94.84892416000366	2.0324559467170102	2.0
94.86379671096802	2.034781581822231	2.0
94.8762719631195	2.034781581822231	2.0
94.88890743255615	2.034781581822231	2.0
94.90561175346375	2.0372361169847384	2.0
94.91891145706177	2.0372361169847384	2.0
94.93342876434326	2.0372361169847384	2.0
94.94856262207031	2.0383292673015303	2.0
94.96257662773132	2.0383292673015303	2.0
94.97588229179382	2.0383292673015303	2.0
94.98983478546143	2.03998775522735	2.0
95.00275754928589	2.03998775522735	2.0
95.0188193321228	2.0420212288108233	2.0
95.03278517723083	2.0420212288108233	2.0
95.04515528678894	2.0420212288108233	2.0
95.05998468399048	2.0420212288108233	2.0
95.07434129714966	2.042574529564066	2.0
95.0871570110321	2.042574529564066	2.0
95.10284066200256	2.0438066460055797	2.0
95.11564922332764	2.0438066460055797	2.0
95.12851071357727	2.0438066460055797	2.0
95.14301872253418	2.044874660663101	2.0
95.15659260749817	2.044874660663101	2.0
95.16930532455444	2.044874660663101	2.0
95.18434739112854	2.044874660663101	2.0
95.19907331466675	2.04690512826605	2.0
95.21618175506592	2.04690512826605	2.0
95.2381067276001	2.0486194972119396	2.0
95.26024270057678	2.0486194972119396	2.0
95.2810332775116	2.0504775846665977	2.0
95.30190968513489	2.0504775846665977	2.0
95.32294249534607	2.0518423278690148	2.0
95.34338068962097	2.0518423278690148	2.0
95.36250257492065	2.053637525640548	2.0
95.3842511177063	2.054340423196366	2.0
95.40541958808899	2.054340423196366	2.0
95.4252016544342	2.054340423196366	2.0
95.44519186019897	2.054321049186788	2.0
95.4670946598053	2.0546401362827256	2.0
95.48717284202576	2.0546401362827256	2.0
95.50798630714417	2.0546401362827256	2.0
95.52899074554443	2.0540237385718183	2.0
95.54982662200928	2.0534974527740397	2.0
95.56707334518433	2.0534974527740397	2.0
95.58069205284119	2.0534974527740397	2.0
95.59723043441772	2.051986376019162	2.0
95.61181354522705	2.051986376019162	2.0
95.62959551811218	2.050530067807533	2.0
95.64355039596558	2.050530067807533	2.0
95.658198595047	2.050530067807533	2.0
95.67533564567566	2.048957332005347	2.0
95.69286847114563	2.048957332005347	2.0
95.71434593200684	2.047484881895675	2.0
95.73544645309448	2.047484881895675	2.0
95.75833749771118	2.0463593805841045	2.0
95.77858853340149	2.0463593805841045	2.0
95.80052471160889	2.045254640247581	2.0
95.81931257247925	2.045254640247581	2.0
95.83990335464478	2.044318462607243	2.0
95.86132311820984	2.044318462607243	2.0
95.88212990760803	2.043413408218646	2.0
95.90161943435669	2.043413408218646	2.0
95.92209720611572	2.043799102558123	2.0
95.94301295280457	2.043799102558123	2.0
95.96426224708557	2.0431817728622788	2.0
95.98769497871399	2.0431817728622788	2.0
96.01079297065735	2.0431453748399537	2.0
96.03284859657288	2.0431453748399537	2.0
96.05453658103943	2.0435275466317924	2.0
96.07754683494568	2.0440270240070126	2.0
96.09713220596313	2.0440270240070126	2.0
96.11994671821594	2.0443178291095707	2.0
96.14080214500427	2.0443178291095707	2.0
96.16231322288513	2.0438423135612895	2.0
96.18362951278687	2.0438423135612895	2.0
96.20638728141785	2.043669177626107	2.0
96.22572803497314	2.043669177626107	2.0
96.24613213539124	2.0442352889827893	2.0
96.26538944244385	2.0442352889827893	2.0
96.28593468666077	2.0451981922085953	2.0
96.3069097995758	2.0451981922085953	2.0
96.3268461227417	2.0445094977453357	2.0
96.34687185287476	2.0445094977453357	2.0
96.36845684051514	2.0444743622811044	2.0
96.38949608802795	2.0444743622811044	2.0
96.41010069847107	2.044675515372858	2.0
96.43160033226013	2.044675515372858	2.0
96.45243668556213	2.0438405384802207	2.0
96.47333335876465	2.043110141894341	2.0
96.4940071105957	2.043110141894341	2.0
96.51512312889099	2.043110141894341	2.0
96.53459358215332	2.042254576399036	2.0
96.55747532844543	2.0417511888250712	2.0
96.57735276222229	2.0417511888250712	2.0
96.59676480293274	2.0417511888250712	2.0
96.61727738380432	2.0402738725684535	2.0
96.63800692558289	2.0383995101817236	2.0
96.65864777565002	2.0383995101817236	2.0
96.68070030212402	2.036235044428299	2.0
96.70096158981323	2.036235044428299	2.0
96.72458791732788	2.036235044428299	2.0
96.74562358856201	2.0337027568781716	2.0
96.7654013633728	2.0322155670269035	2.0
96.78196430206299	2.0322155670269035	2.0
96.80031442642212	2.0322155670269035	2.0
96.81977534294128	2.0294756511712913	2.0
96.84192538261414	2.0266878485026654	2.0
96.86436772346497	2.0266878485026654	2.0
96.88505005836487	2.0266878485026654	2.0
96.90095067024231	2.0236320561776466	2.0
96.91469955444336	2.0236320561776466	2.0
96.93077087402344	2.0208475748371653	2.0
96.94354391098022	2.0208475748371653	2.0
96.95573592185974	2.0208475748371653	2.0
96.97213745117188	2.0182259343088593	2.0
96.98510646820068	2.0182259343088593	2.0
96.99960708618164	2.0167363763549857	2.0
97.01208972930908	2.0167363763549857	2.0
97.02492833137512	2.0167363763549857	2.0
97.03964638710022	2.0167363763549857	2.0
97.05389833450317	2.0154586477516014	2.0
97.0664267539978	2.0154586477516014	2.0
97.08214902877808	2.014099486838359	2.0
97.09558820724487	2.014099486838359	2.0
97.10803294181824	2.014099486838359	2.0
97.12227129936218	2.014099486838359	2.0
97.13864517211914	2.0136371667453465	2.0
97.15315580368042	2.0136371667453465	2.0
97.16736841201782	2.0129491852848354	2.0
97.17983675003052	2.0129491852848354	2.0
97.19225454330444	2.0129491852848354	2.0
97.20714402198792	2.0129491852848354	2.0
97.2208309173584	2.0129078341550204	2.0
97.23419046401978	2.0129078341550204	2.0
97.24920845031738	2.0136768737257786	2.0
97.2614393234253	2.0136768737257786	2.0
97.27664279937744	2.0136768737257786	2.0
97.29306268692017	2.0145962831543676	2.0
97.30541229248047	2.0145962831543676	2.0
97.32031750679016	2.015817711738527	2.0
97.33292698860168	2.015817711738527	2.0
97.3452730178833	2.015817711738527	2.0
97.35735249519348	2.015817711738527	2.0
97.37261748313904	2.0168304110279918	2.0
97.38457655906677	2.0168304110279918	2.0
97.39902663230896	2.0168304110279918	2.0
97.41151928901672	2.018478212688959	2.0
97.42362356185913	2.018478212688959	2.0
97.43561291694641	2.018478212688959	2.0
97.45042085647583	2.0193520286967925	2.0
97.4627046585083	2.0193520286967925	2.0
97.47485828399658	2.0193520286967925	2.0
97.4872555732727	2.0193520286967925	2.0
97.50154042243958	2.019911571279375	2.0
97.5135486125946	2.019911571279375	2.0
97.52784276008606	2.020930557511936	2.0
97.54051899909973	2.020930557511936	2.0
97.55288934707642	2.020930557511936	2.0
97.56494164466858	2.020930557511936	2.0
97.58010911941528	2.02119852186596	2.0
97.59312176704407	2.02119852186596	2.0
97.60808300971985	2.0212105856072515	2.0
97.62045001983643	2.0212105856072515	2.0
97.63308596611023	2.0212105856072515	2.0
97.64506268501282	2.0212105856072515	2.0
97.65963864326477	2.0219896879330217	2.0
97.67235708236694	2.0219896879330217	2.0
97.68678021430969	2.0219896879330217	2.0
97.70025038719177	2.022138576929412	2.0
97.71276211738586	2.022138576929412	2.0
97.72620177268982	2.022138576929412	2.0
97.74095177650452	2.021817349547482	2.0
97.75351691246033	2.021817349547482	2.0
97.77016425132751	2.0212770164169678	2.0
97.78331875801086	2.0212770164169678	2.0
97.79566621780396	2.0212770164169678	2.0
97.80792713165283	2.0212770164169678	2.0
97.82203364372253	2.0199941793073544	2.0
97.83448505401611	2.0199941793073544	2.0
97.84931945800781	2.019332496489125	2.0
97.86166644096375	2.019332496489125	2.0
97.87463974952698	2.019332496489125	2.0
97.888188123703	2.019332496489125	2.0
97.90367341041565	2.0187946252659463	2.0
97.91597986221313	2.0187946252659463	2.0
97.931307554245	2.0180889238552875	2.0
97.94421482086182	2.0180889238552875	2.0
97.95632243156433	2.0180889238552875	2.0
97.96939539909363	2.0180889238552875	2.0
97.98329710960388	2.0176043121810414	2.0
97.9957013130188	2.0176043121810414	2.0
98.01087737083435	2.017446579292276	2.0
98.02422046661377	2.017446579292276	2.0
98.0366039276123	2.017446579292276	2.0
98.05003929138184	2.017446579292276	2.0
98.06536865234375	2.0167574688270173	2.0
98.0781717300415	2.0167574688270173	2.0
98.09223771095276	2.0174730112331645	2.0
98.1048731803894	2.0174730112331645	2.0
98.11765503883362	2.0174730112331645	2.0
98.13290739059448	2.0174730112331645	2.0
98.146799325943	2.0185007888134465	2.0
98.16001152992249	2.0185007888134465	2.0
98.17385387420654	2.0206801879362537	2.0
98.18596482276917	2.0206801879362537	2.0
98.19884037971497	2.0206801879362537	2.0
98.21512603759766	2.022140904331301	2.0
98.22992134094238	2.022140904331301	2.0
98.24236035346985	2.022140904331301	2.0
98.25531768798828	2.022140904331301	2.0
98.27061057090759	2.0235385223627755	2.0
98.28337335586548	2.0235385223627755	2.0
98.29783177375793	2.0253890746849637	2.0
98.31051516532898	2.0253890746849637	2.0
98.32315444946289	2.0253890746849637	2.0
98.33692216873169	2.0253890746849637	2.0
98.35073161125183	2.027875353897396	2.0
98.36387705802917	2.027875353897396	2.0
98.37954640388489	2.0301013983166833	2.0
98.3921308517456	2.0301013983166833	2.0
98.40412616729736	2.0301013983166833	2.0
98.41846084594727	2.0301013983166833	2.0
98.43462324142456	2.032443235087351	2.0
98.44807815551758	2.032443235087351	2.0
98.46626234054565	2.035146526980316	2.0
98.47972321510315	2.035146526980316	2.0
98.49266147613525	2.035146526980316	2.0
98.50991010665894	2.037353916508684	2.0
98.52335906028748	2.037353916508684	2.0
98.53883719444275	2.0393751728900305	2.0
98.55210041999817	2.0393751728900305	2.0
98.56443190574646	2.0393751728900305	2.0
98.57923698425293	2.0393751728900305	2.0
98.59329771995544	2.040688177639599	2.0
98.60555577278137	2.040688177639599	2.0
98.62027621269226	2.0430012726727056	2.0
98.63332200050354	2.0430012726727056	2.0
98.64652919769287	2.0430012726727056	2.0
98.66163873672485	2.0430012726727056	2.0
98.6757333278656	2.0458695954315194	2.0
98.68832039833069	2.0458695954315194	2.0
98.70320057868958	2.0484212365118326	2.0
98.715904712677	2.0484212365118326	2.0
98.72816848754883	2.0484212365118326	2.0
98.74346852302551	2.0503927382084908	2.0
98.75639390945435	2.0503927382084908	2.0
98.77054977416992	2.0503927382084908	2.0
98.78498148918152	2.052494645990946	2.0
98.79798316955566	2.052494645990946	2.0
98.81046724319458	2.052494645990946	2.0
98.82670426368713	2.054214090131642	2.0
98.83947396278381	2.054214090131642	2.0
98.8539297580719	2.054214090131642	2.0
98.86827445030212	2.05530562924127	2.0
98.88095545768738	2.05530562924127	2.0
98.89324879646301	2.05530562924127	2.0
98.90744876861572	2.05630780852693	2.0
98.92020869255066	2.05630780852693	2.0
98.93286180496216	2.05630780852693	2.0
98.9458954334259	2.05630780852693	2.0
98.96067953109741	2.0580489364866543	2.0
98.97338080406189	2.0580489364866543	2.0
98.98796010017395	2.059803848403753	2.0
99.0003809928894	2.059803848403753	2.0
99.01269102096558	2.059803848403753	2.0
99.02633929252625	2.059803848403753	2.0
99.04045677185059	2.0611882183377443	2.0
99.0532112121582	2.0611882183377443	2.0
99.0683901309967	2.061875647112673	2.0
99.08090043067932	2.061875647112673	2.0
99.09460592269897	2.061875647112673	2.0
99.10907793045044	2.061875647112673	2.0
99.1226692199707	2.0625008845217576	2.0
99.13542819023132	2.0625008845217576	2.0
99.14991617202759	2.0631791270614404	2.0
99.16324090957642	2.0631791270614404	2.0
99.17580151557922	2.0631791270614404	2.0
99.19126653671265	2.0647843707526823	2.0
99.20508551597595	2.0647843707526823	2.0
99.21946501731873	2.0647843707526823	2.0
99.23420000076294	2.0666850957488645	2.0
99.24667501449585	2.0666850957488645	2.0
99.25907325744629	2.0666850957488645	2.0
99.27506637573242	2.068342733764239	2.0
99.28770422935486	2.068342733764239	2.0
99.30420255661011	2.0703438681103252	2.0
99.31686019897461	2.0703438681103252	2.0
99.32997488975525	2.0703438681103252	2.0
99.34424257278442	2.0703438681103252	2.0
99.35929751396179	2.071595082907186	2.0
99.37226176261902	2.071595082907186	2.0
99.3880558013916	2.072760654335757	2.0
99.4010751247406	2.072760654335757	2.0
99.4132661819458	2.072760654335757	2.0
99.42713069915771	2.072760654335757	2.0
99.44171452522278	2.074227743610557	2.0
99.45472073554993	2.074227743610557	2.0
99.46871376037598	2.0762772899426034	2.0
99.48126292228699	2.0762772899426034	2.0
99.4967885017395	2.0762772899426034	2.0
99.51273727416992	2.078126464787931	2.0
99.5254180431366	2.078126464787931	2.0
99.53821396827698	2.078126464787931	2.0
99.55370020866394	2.079832810819677	2.0
99.56612825393677	2.079832810819677	2.0
99.5805094242096	2.079832810819677	2.0
99.59530591964722	2.080568162226589	2.0
99.60789966583252	2.080568162226589	2.0
99.62330865859985	2.080568162226589	2.0
99.63675665855408	2.08182670276713	2.0
99.64971566200256	2.08182670276713	2.0
99.66445469856262	2.08182670276713	2.0
99.68171334266663	2.082700065429351	2.0
99.69477820396423	2.082700065429351	2.0
99.70815801620483	2.082700065429351	2.0
99.7254409790039	2.0836897159669854	2.0
99.7389268875122	2.0836897159669854	2.0
99.75763392448425	2.084726174300319	2.0
99.7717764377594	2.084726174300319	2.0
99.78603172302246	2.084726174300319	2.0
99.80298256874084	2.085749602871747	2.0
99.81766510009766	2.085749602871747	2.0
99.83520603179932	2.087172397812984	2.0
99.84898710250854	2.087172397812984	2.0
99.86596822738647	2.087172397812984	2.0
99.8812108039856	2.087599822380409	2.0
99.89578914642334	2.087599822380409	2.0
99.91270685195923	2.0880575621406487	2.0
99.92604899406433	2.0880575621406487	2.0
99.93858909606934	2.0880575621406487	2.0
99.95310711860657	2.0880575621406487	2.0
99.96767044067383	2.0886474755982056	2.0
99.98038959503174	2.0886474755982056	2.0
99.99738144874573	2.0890222929620577	2.0
100.01011204719543	2.0890222929620577	2.0
100.02485227584839	2.0890222929620577	2.0
100.0404703617096	2.0885234373762267	2.0
100.05448794364929	2.0885234373762267	2.0
100.07013392448425	2.0885234373762267	2.0
100.0851047039032	2.088565803328809	2.0
100.0979917049408	2.088565803328809	2.0
100.1135663986206	2.088565803328809	2.0
100.12804985046387	2.0877137798683982	2.0
100.14091801643372	2.0877137798683982	2.0
100.15674901008606	2.086821710902881	2.0
100.16990089416504	2.086821710902881	2.0
100.18363285064697	2.086821710902881	2.0
100.19893264770508	2.086821710902881	2.0
100.21251511573792	2.0859424085772993	2.0
100.2263240814209	2.0859424085772993	2.0
100.24067711830139	2.084483297028277	2.0
100.2545006275177	2.084483297028277	2.0
100.26704549789429	2.084483297028277	2.0
100.28203630447388	2.083202726933096	2.0
100.29570603370667	2.083202726933096	2.0
100.31079363822937	2.083202726933096	2.0
100.323903799057	2.0820307081759912	2.0
100.33629274368286	2.0820307081759912	2.0
100.34917664527893	2.0820307081759912	2.0
100.36432814598083	2.080778212130385	2.0
100.37764978408813	2.080778212130385	2.0
100.39300513267517	2.079350084235439	2.0
100.40551042556763	2.079350084235439	2.0
100.41794323921204	2.079350084235439	2.0
100.43095469474792	2.079350084235439	2.0
100.44618916511536	2.0782129559937763	2.0
100.45889973640442	2.0782129559937763	2.0
100.47116041183472	2.0782129559937763	2.0
100.4867684841156	2.0782129559937763	2.0
100.50152277946472	2.076854158921318	2.0
100.51546835899353	2.076854158921318	2.0
100.5298593044281	2.0761196344365227	2.0
100.54373836517334	2.0761196344365227	2.0
100.55746030807495	2.0761196344365227	2.0
100.57358169555664	2.0754889685954105	2.0
100.58646512031555	2.0754889685954105	2.0
100.60280060768127	2.074897853166423	2.0
100.6160900592804	2.074897853166423	2.0
100.62897658348083	2.074897853166423	2.0
100.6430037021637	2.074897853166423	2.0
100.65816330909729	2.0743955788010764	2.0
100.67137432098389	2.0743955788010764	2.0
100.68686532974243	2.0743909911836	2.0
100.69979810714722	2.0743909911836	2.0
100.7131576538086	2.0743909911836	2.0
100.72963523864746	2.0744822909898444	2.0
100.74207377433777	2.0744822909898444	2.0
100.75698518753052	2.0744822909898444	2.0
100.77051591873169	2.0741052625888825	2.0
100.78366088867188	2.0741052625888825	2.0
100.79710745811462	2.0741052625888825	2.0
100.81146621704102	2.0741745974714063	2.0
100.82359671592712	2.0741745974714063	2.0
100.83742594718933	2.0741745974714063	2.0
100.85159063339233	2.0747186657144843	2.0
100.86398124694824	2.0747186657144843	2.0
100.87624430656433	2.0747186657144843	2.0
100.89099335670471	2.0746900324066044	2.0
100.90453290939331	2.0746900324066044	2.0
100.91946578025818	2.0750029803518095	2.0
100.93316006660461	2.0750029803518095	2.0
100.94590067863464	2.0750029803518095	2.0
100.95908451080322	2.0750029803518095	2.0
100.97279214859009	2.0751284811158865	2.0
100.98550343513489	2.0751284811158865	2.0
101.00138521194458	2.0751282830346787	2.0
101.01415014266968	2.0751282830346787	2.0
101.02694892883301	2.0751282830346787	2.0
101.04147672653198	2.0751282830346787	2.0
101.0572657585144	2.0747046035239567	2.0
101.07047915458679	2.0747046035239567	2.0
101.08471727371216	2.0739342021018494	2.0
101.09781050682068	2.0739342021018494	2.0
101.11077737808228	2.0739342021018494	2.0
101.12732315063477	2.073325607865897	2.0
101.1404721736908	2.073325607865897	2.0
101.15482115745544	2.073325607865897	2.0
101.16959404945374	2.0731389342281163	2.0
101.18291473388672	2.0731389342281163	2.0
101.19518566131592	2.0731389342281163	2.0
101.20908427238464	2.07139310855922	2.0
101.22138524055481	2.07139310855922	2.0
101.23370218276978	2.07139310855922	2.0
101.24652242660522	2.07139310855922	2.0
101.26045083999634	2.06945210629661	2.0
101.2735641002655	2.06945210629661	2.0
101.2875747680664	2.06945210629661	2.0
101.30266404151917	2.067640478247829	2.0
101.31556797027588	2.067640478247829	2.0
101.33061194419861	2.067640478247829	2.0
101.34599161148071	2.064912388874532	2.0
101.35932922363281	2.064912388874532	2.0
101.37318873405457	2.0616662895837523	2.0
101.38510036468506	2.0616662895837523	2.0
101.39698624610901	2.0616662895837523	2.0
101.41248059272766	2.0616662895837523	2.0
101.42541527748108	2.058370800447154	2.0
101.43836331367493	2.058370800447154	2.0
101.45288300514221	2.054901594797472	2.0
101.46514797210693	2.054901594797472	2.0
101.47730946540833	2.054901594797472	2.0
101.49105548858643	2.054901594797472	2.0
101.50475096702576	2.051556856586484	2.0
101.51682376861572	2.051556856586484	2.0
101.53153657913208	2.0477958934845453	2.0
101.54440522193909	2.0477958934845453	2.0
101.55666303634644	2.0477958934845453	2.0
101.5700204372406	2.0477958934845453	2.0
101.58453321456909	2.043510091736441	2.0
101.59660768508911	2.043510091736441	2.0
101.61099553108215	2.0405525504500437	2.0
101.62326431274414	2.0405525504500437	2.0
101.63599157333374	2.0405525504500437	2.0
101.6487684249878	2.0405525504500437	2.0
101.6632912158966	2.0370324823815764	2.0
101.67554020881653	2.0370324823815764	2.0
101.6909282207489	2.033513342509403	2.0
101.70291090011597	2.033513342509403	2.0
101.71571278572083	2.033513342509403	2.0
101.73016715049744	2.033513342509403	2.0
101.74527430534363	2.0306197097538488	2.0
101.76265907287598	2.0306197097538488	2.0
101.7851939201355	2.0282421442107776	2.0
101.80483675003052	2.0282421442107776	2.0
101.82483744621277	2.0260184430889705	2.0
101.84586644172668	2.0260184430889705	2.0
101.86660504341125	2.0242976927070533	2.0
101.88613843917847	2.0242976927070533	2.0
101.90874671936035	2.0224665021078794	2.0
101.93083810806274	2.021301859216974	2.0
101.95204997062683	2.021301859216974	2.0
101.97483539581299	2.021301859216974	2.0
101.99449396133423	2.0209552692931694	2.0
102.01506543159485	2.0209552692931694	2.0
102.0336742401123	2.020657567636235	2.0
102.05688881874084	2.020236643103967	2.0
102.07638311386108	2.020236643103967	2.0
102.0974383354187	2.020236643103967	2.0
102.11828088760376	2.0203772451582016	2.0
102.1397442817688	2.0203735341378817	2.0
102.16075921058655	2.0203735341378817	2.0
102.1847710609436	2.02047655000593	2.0
102.20550894737244	2.02047655000593	2.0
102.22792267799377	2.020812641016314	2.0
102.24738264083862	2.020812641016314	2.0
102.26812267303467	2.020972572777514	2.0
102.28971767425537	2.020972572777514	2.0
102.30890917778015	2.0212685680246034	2.0
102.3250138759613	2.0212685680246034	2.0
102.34140038490295	2.0212685680246034	2.0
102.35774660110474	2.021030904168326	2.0
102.37083196640015	2.021030904168326	2.0
102.38518023490906	2.021068822613831	2.0
102.39896655082703	2.021068822613831	2.0
102.41352677345276	2.021068822613831	2.0
102.42815351486206	2.0208050405004494	2.0
102.44153141975403	2.0208050405004494	2.0
102.45646834373474	2.0208050405004494	2.0
102.46939396858215	2.020876464037216	2.0
102.48454403877258	2.020876464037216	2.0
102.49942970275879	2.020876464037216	2.0
102.51385116577148	2.020983372984481	2.0
102.52732014656067	2.020983372984481	2.0
102.54133343696594	2.020359645570271	2.0
102.554363489151	2.020359645570271	2.0
102.56664061546326	2.020359645570271	2.0
102.58186531066895	2.020359645570271	2.0
102.59576845169067	2.0198255022628384	2.0
102.60886740684509	2.0198255022628384	2.0
102.62509322166443	2.018735521694463	2.0
102.63769555091858	2.018735521694463	2.0
102.6508059501648	2.018735521694463	2.0
102.66718173027039	2.017483707196747	2.0
102.68166780471802	2.017483707196747	2.0
102.69630408287048	2.016246661148504	2.0
102.70988726615906	2.016246661148504	2.0
102.72404050827026	2.016246661148504	2.0
102.73928928375244	2.016246661148504	2.0
102.75499033927917	2.0149829917991005	2.0
102.76713585853577	2.0149829917991005	2.0
102.78046464920044	2.0149829917991005	2.0
102.79600763320923	2.0135764401819918	2.0
102.80940103530884	2.0135764401819918	2.0
102.82581043243408	2.011910749854089	2.0
102.83890533447266	2.011910749854089	2.0
102.85202550888062	2.011910749854089	2.0
102.8655514717102	2.011910749854089	2.0
102.88043403625488	2.010102044712103	2.0
102.89292788505554	2.010102044712103	2.0
102.90742826461792	2.007969171909417	2.0
102.9204626083374	2.007969171909417	2.0
102.93357801437378	2.007969171909417	2.0
102.9502010345459	2.007969171909417	2.0
102.96337103843689	2.0067464061570077	2.0
102.97676730155945	2.0067464061570077	2.0
102.9904453754425	2.005429631303207	2.0
103.00375461578369	2.005429631303207	2.0
103.01630449295044	2.005429631303207	2.0
103.0328688621521	2.0046152089778526	2.0
103.04559111595154	2.0046152089778526	2.0
103.05958604812622	2.0046152089778526	2.0
103.07236051559448	2.0046513321905426	2.0
103.08483338356018	2.0046513321905426	2.0
103.09780812263489	2.0046513321905426	2.0
103.11371755599976	2.0052667944033473	2.0
103.126629114151	2.0052667944033473	2.0
103.14190244674683	2.0052667944033473	2.0
103.15483164787292	2.005227764371104	2.0
103.16754388809204	2.005227764371104	2.0
103.18073272705078	2.005227764371104	2.0
103.19589233398438	2.004942366803904	2.0
103.2084972858429	2.004942366803904	2.0
103.22529768943787	2.0053989912488466	2.0
103.23853516578674	2.0053989912488466	2.0
103.25388932228088	2.0053989912488466	2.0
103.26891613006592	2.0053989912488466	2.0
103.28380966186523	2.006199658439949	2.0
103.29745626449585	2.006199658439949	2.0
103.31187963485718	2.0075625246500977	2.0
103.32464647293091	2.0075625246500977	2.0
103.33760452270508	2.0075625246500977	2.0
103.35427474975586	2.0085454504296942	2.0
103.36718654632568	2.0085454504296942	2.0
103.3835780620575	2.0100841262074347	2.0
103.39680218696594	2.0100841262074347	2.0
103.40985989570618	2.0100841262074347	2.0
103.42525863647461	2.0100841262074347	2.0
103.43976354598999	2.011197945404475	2.0
103.45300483703613	2.011197945404475	2.0
103.46594381332397	2.011197945404475	2.0
103.48154091835022	2.011085275134283	2.0
103.49436640739441	2.011085275134283	2.0
103.5088312625885	2.011085275134283	2.0
103.52225685119629	2.0108219618491665	2.0
103.53462934494019	2.0108219618491665	2.0
103.54835844039917	2.0108219618491665	2.0
103.56497359275818	2.0112304585524634	2.0
103.57773756980896	2.0112304585524634	2.0
103.59401750564575	2.0112827346516764	2.0
103.60674262046814	2.0112827346516764	2.0
103.6196711063385	2.0112827346516764	2.0
103.6331033706665	2.0112827346516764	2.0
103.64900326728821	2.011172501415525	2.0
103.66198945045471	2.011172501415525	2.0
103.676522731781	2.0108662520838547	2.0
103.68908023834229	2.0108662520838547	2.0
103.7021234035492	2.0108662520838547	2.0
103.71568036079407	2.0108662520838547	2.0
103.73126220703125	2.010732309504738	2.0
103.74452614784241	2.010732309504738	2.0
103.75866317749023	2.0104413852367538	2.0
103.77122855186462	2.0104413852367538	2.0
103.78364729881287	2.0104413852367538	2.0
103.79832172393799	2.0104413852367538	2.0
103.81152200698853	2.009744585420847	2.0
103.8249249458313	2.009744585420847	2.0
103.83975267410278	2.0086109069933578	2.0
103.8529531955719	2.0086109069933578	2.0
103.86533379554749	2.0086109069933578	2.0
103.88040161132812	2.008122071724852	2.0
103.89340591430664	2.008122071724852	2.0
103.90677785873413	2.008122071724852	2.0
103.92303514480591	2.0071615143206514	2.0
103.9355890750885	2.0071615143206514	2.0
103.94799757003784	2.0071615143206514	2.0
103.96270823478699	2.006595319862935	2.0
103.97575116157532	2.006595319862935	2.0
103.98979592323303	2.006595319862935	2.0
104.00402307510376	2.0061162688136496	2.0
104.01670479774475	2.0061162688136496	2.0
104.02940607070923	2.0061162688136496	2.0
104.04482793807983	2.006173125956507	2.0
104.05788373947144	2.006173125956507	2.0
104.07360243797302	2.006116932791005	2.0
104.0882830619812	2.006116932791005	2.0
104.10129737854004	2.006116932791005	2.0
104.11641573905945	2.006116932791005	2.0
104.13084030151367	2.0058922475815493	2.0
104.14598679542542	2.0058922475815493	2.0
104.16081166267395	2.0057678473136806	2.0
104.17446255683899	2.0057678473136806	2.0
104.18852686882019	2.0057678473136806	2.0
104.20472931861877	2.0054269272175693	2.0
104.22441339492798	2.0054269272175693	2.0
104.24169087409973	2.0054269272175693	2.0
104.26086759567261	2.0056889220208545	2.0
104.27631831169128	2.0056889220208545	2.0
104.29024457931519	2.006295762680195	2.0
104.30447316169739	2.006295762680195	2.0
104.31687927246094	2.006295762680195	2.0
104.33162522315979	2.0074674099434864	2.0
104.34888577461243	2.0074674099434864	2.0
104.36561799049377	2.008530271473742	2.0
104.38012075424194	2.008530271473742	2.0
104.3940417766571	2.008530271473742	2.0
104.41040658950806	2.010027778365827	2.0
104.42508316040039	2.010027778365827	2.0
104.44392347335815	2.011159293231672	2.0
104.46070289611816	2.011159293231672	2.0
104.47409105300903	2.011159293231672	2.0
104.48977375030518	2.0127192579797564	2.0
104.50629472732544	2.0127192579797564	2.0
104.52311611175537	2.0140499037101725	2.0
104.53666400909424	2.0140499037101725	2.0
104.55320239067078	2.0140499037101725	2.0
104.56995368003845	2.0152130787822187	2.0
104.58445167541504	2.0152130787822187	2.0
104.59971070289612	2.0152130787822187	2.0
104.61393022537231	2.016684886350237	2.0
104.62649607658386	2.016684886350237	2.0
104.6418445110321	2.016684886350237	2.0
104.65918374061584	2.0179849118816136	2.0
104.6787269115448	2.0179849118816136	2.0
104.69483089447021	2.0189128633640934	2.0
104.70974373817444	2.0189128633640934	2.0
104.72438192367554	2.0189128633640934	2.0
104.73824381828308	2.01862780011623	2.0
104.751882314682	2.01862780011623	2.0
104.7671468257904	2.0186762703360657	2.0
104.78386545181274	2.0186762703360657	2.0
104.80468463897705	2.0186762703360657	2.0
104.824955701828	2.0185317181454767	2.0
104.84424328804016	2.0180191951933786	2.0
104.86469864845276	2.0180191951933786	2.0
104.886075258255	2.0180191951933786	2.0
104.90725302696228	2.0168169169054684	2.0
104.92559576034546	2.0151399189297594	2.0
104.94622993469238	2.0151399189297594	2.0
104.97126746177673	2.013178753013844	2.0
104.99507808685303	2.013178753013844	2.0
105.01688289642334	2.011201672470123	2.0
105.03963017463684	2.011201672470123	2.0
105.05905866622925	2.0096906777764865	2.0
105.0807740688324	2.0096906777764865	2.0
105.10134673118591	2.007054443161477	2.0
105.12307000160217	2.007054443161477	2.0
105.14629888534546	2.006029279758862	2.0
105.16460013389587	2.006029279758862	2.0
105.18070602416992	2.004101540986335	2.0
105.19300031661987	2.004101540986335	2.0
105.21017265319824	2.002199928589877	2.0
105.22258996963501	2.002199928589877	2.0
105.23470878601074	2.002199928589877	2.0
105.24940299987793	2.002199928589877	2.0
105.264643907547	2.000796595584638	2.0
105.27947044372559	2.000796595584638	2.0
105.30077743530273	1.9997306922729876	2.0
105.32190823554993	1.9997306922729876	2.0
105.34212017059326	1.999570069252671	2.0
105.36315774917603	1.999570069252671	2.0
105.38628911972046	1.9996641001845614	2.0
105.40607380867004	1.9996641001845614	2.0
105.42276215553284	1.9995774494872336	2.0
105.43524217605591	1.9995774494872336	2.0
105.45042300224304	1.9993799883557724	2.0
105.46303987503052	1.9993799883557724	2.0
105.47720074653625	1.9993799883557724	2.0
105.49571180343628	1.9993799883557724	2.0
105.51499247550964	2.000307534025176	2.0
105.5349063873291	2.000462933485482	2.0
105.55576276779175	2.000462933485482	2.0
105.57819628715515	2.001088792845479	2.0
105.59871459007263	2.001088792845479	2.0
105.61870288848877	2.0014812650677016	2.0
105.63800573348999	2.0014812650677016	2.0
105.66150045394897	2.00185339187348	2.0
105.68323802947998	2.00185339187348	2.0
105.70498323440552	2.0021504371951173	2.0
105.72567701339722	2.0021504371951173	2.0
105.74876499176025	2.002066092379177	2.0
105.77064895629883	2.002066092379177	2.0
105.79273724555969	2.001951764345451	2.0
105.81641125679016	2.001951764345451	2.0
105.83590888977051	2.001892069036635	2.0
105.85499310493469	2.001892069036635	2.0
105.87533450126648	2.002260650672377	2.0
105.89532685279846	2.002260650672377	2.0
105.91454124450684	2.0024404194745355	2.0
105.93473768234253	2.0024404194745355	2.0
105.95604991912842	2.0025679210284024	2.0
105.97680974006653	2.002000191349638	2.0
105.99708080291748	2.002000191349638	2.0
106.01569724082947	2.002000191349638	2.0
106.03484296798706	2.0016320170517146	2.0
106.05079770088196	2.0016320170517146	2.0
106.06479597091675	2.000784813317948	2.0
106.07894563674927	2.000784813317948	2.0
106.09872627258301	2.000784813317948	2.0
106.11971879005432	1.9996304368006743	2.0
106.1418137550354	1.9985806209541874	2.0
106.1618971824646	1.9985806209541874	2.0
106.18292236328125	1.9985806209541874	2.0
106.20385313034058	1.9978309365360414	2.0
106.22234392166138	1.9964228940466875	2.0
106.23476505279541	1.9964228940466875	2.0
106.25345134735107	1.9964228940466875	2.0
106.26852369308472	1.9937562700195373	2.0
106.28144717216492	1.9937562700195373	2.0
106.2958152294159	1.9937562700195373	2.0
106.30947256088257	1.991700319761587	2.0
106.32181215286255	1.991700319761587	2.0
106.33402109146118	1.991700319761587	2.0
106.34838962554932	1.989405261572566	2.0
106.3610634803772	1.989405261572566	2.0
106.37562489509583	1.987625345192097	2.0
106.38798570632935	1.987625345192097	2.0
106.40062928199768	1.987625345192097	2.0
106.41298961639404	1.987625345192097	2.0
106.4294331073761	1.9858906877906748	2.0
106.44743585586548	1.9858906877906748	2.0
106.46399402618408	1.984126429730421	2.0
106.47759795188904	1.984126429730421	2.0
106.48973321914673	1.984126429730421	2.0
106.50552487373352	1.98264273618136	2.0
106.51758050918579	1.98264273618136	2.0
106.52981925010681	1.98264273618136	2.0
106.54225254058838	1.98264273618136	2.0
106.55611968040466	1.9811677021779968	2.0
106.56918597221375	1.9811677021779968	2.0
106.58420324325562	1.9797110702021299	2.0
106.59655046463013	1.9797110702021299	2.0
106.6089882850647	1.9797110702021299	2.0
106.62113213539124	1.9797110702021299	2.0
106.63570713996887	1.9787732493418697	2.0
106.64796376228333	1.9787732493418697	2.0
106.66271996498108	1.9787732493418697	2.0
106.67484927177429	1.9794135596595723	2.0
106.68712782859802	1.9794135596595723	2.0
106.69931721687317	1.9794135596595723	2.0
106.71437954902649	1.9791754374826005	2.0
106.72650122642517	1.9791754374826005	2.0
106.74110746383667	1.9791754374826005	2.0
106.7539324760437	1.980212585851626	2.0
106.76600050926208	1.980212585851626	2.0
106.77850556373596	1.980212585851626	2.0
106.79427933692932	1.9813211293951696	2.0
106.80676937103271	1.9813211293951696	2.0
106.82258653640747	1.982438509074314	2.0
106.83577132225037	1.982438509074314	2.0
106.84899258613586	1.982438509074314	2.0
106.86143589019775	1.982438509074314	2.0
106.87765336036682	1.98346174200536	2.0
106.88994812965393	1.98346174200536	2.0
106.90493726730347	1.984984953670611	2.0
106.91792011260986	1.984984953670611	2.0
106.9302864074707	1.984984953670611	2.0
106.9430160522461	1.984984953670611	2.0
106.95694780349731	1.9855953383720828	2.0
106.96910905838013	1.9855953383720828	2.0
106.98373055458069	1.9866273400793617	2.0
106.99599933624268	1.9866273400793617	2.0
107.00852847099304	1.9866273400793617	2.0
107.02076530456543	1.9866273400793617	2.0
107.03536915779114	1.9873284701838252	2.0
107.0476815700531	1.9873284701838252	2.0
107.0613181591034	1.9873284701838252	2.0
107.07455563545227	1.987347795807007	2.0
107.08679842948914	1.987347795807007	2.0
107.09948778152466	1.987347795807007	2.0
107.11441135406494	1.9882258721332497	2.0
107.12645602226257	1.9882258721332497	2.0
107.14017152786255	1.9882258721332497	2.0
107.1534652709961	1.9878538892956183	2.0
107.16552066802979	1.9878538892956183	2.0
107.17755174636841	1.9878538892956183	2.0
107.1930799484253	1.987535367925951	2.0
107.2054033279419	1.987535367925951	2.0
107.21901178359985	1.987535367925951	2.0
107.23408269882202	1.9869459157886848	2.0
107.24603939056396	1.9869459157886848	2.0
107.2584114074707	1.9869459157886848	2.0
107.27308177947998	1.986171533173541	2.0
107.28535008430481	1.986171533173541	2.0
107.29785132408142	1.986171533173541	2.0
107.31029915809631	1.986171533173541	2.0
107.32532405853271	1.984854169352403	2.0
107.3375883102417	1.984854169352403	2.0
107.35274004936218	1.984515002022149	2.0
107.36535477638245	1.984515002022149	2.0
107.37756896018982	1.984515002022149	2.0
107.39046573638916	1.984515002022149	2.0
107.4042809009552	1.9835415297266343	2.0
107.41616225242615	1.9835415297266343	2.0
107.43292546272278	1.983101501067022	2.0
107.4450421333313	1.983101501067022	2.0
107.45785665512085	1.983101501067022	2.0
107.4705491065979	1.983101501067022	2.0
107.48529958724976	1.9820393790394877	2.0
107.49790382385254	1.9820393790394877	2.0
107.51137447357178	1.9820393790394877	2.0
107.52446174621582	1.9802135851884461	2.0
107.53639006614685	1.9802135851884461	2.0
107.54948115348816	1.9802135851884461	2.0
107.56422352790833	1.978918931049669	2.0
107.57616090774536	1.978918931049669	2.0
107.59165358543396	1.9778947413701782	2.0
107.60422015190125	1.9778947413701782	2.0
107.61653661727905	1.9778947413701782	2.0
107.62902188301086	1.9778947413701782	2.0
107.64311742782593	1.9769672220935894	2.0
107.65669989585876	1.9769672220935894	2.0
107.67370867729187	1.97658591900588	2.0
107.68695712089539	1.97658591900588	2.0
107.69988560676575	1.97658591900588	2.0
107.71433877944946	1.97658591900588	2.0
107.7290186882019	1.9764912373362429	2.0
107.74183702468872	1.9764912373362429	2.0
107.75727534294128	1.976886272989478	2.0
107.77087140083313	1.976886272989478	2.0
107.78392004966736	1.976886272989478	2.0
107.79885053634644	1.976886272989478	2.0
107.81305742263794	1.9775786386404477	2.0
107.82661318778992	1.9775786386404477	2.0
107.843101978302	1.9781464203864796	2.0
107.85619235038757	1.9781464203864796	2.0
107.8697452545166	1.9781464203864796	2.0
107.89056277275085	1.9793446455866188	2.0
107.90383386611938	1.9793446455866188	2.0
107.91906595230103	1.980884689921594	2.0
107.93260908126831	1.980884689921594	2.0
107.94546627998352	1.980884689921594	2.0
107.96169924736023	1.9822993393910102	2.0
107.97429847717285	1.9822993393910102	2.0
107.98650193214417	1.9822993393910102	2.0
107.9992241859436	1.9822993393910102	2.0
108.01504063606262	1.983492381041854	2.0
108.02764129638672	1.983492381041854	2.0
108.04325008392334	1.9851690739954306	2.0
108.05543684959412	1.9851690739954306	2.0
108.0680570602417	1.9851690739954306	2.0
108.08099746704102	1.9851690739954306	2.0
108.09796786308289	1.9873648827273005	2.0
108.11374378204346	1.9873648827273005	2.0
108.12767791748047	1.9905083579404816	2.0
108.13998746871948	1.9905083579404816	2.0
108.15182614326477	1.9905083579404816	2.0
108.16649580001831	1.9905083579404816	2.0
108.17903470993042	1.9932984096371722	2.0
108.1925539970398	1.9932984096371722	2.0
108.20686721801758	1.995557230615729	2.0
108.21933460235596	1.995557230615729	2.0
108.23128056526184	1.995557230615729	2.0
108.24610877037048	1.995557230615729	2.0
108.2595579624176	1.9981323956868053	2.0
108.27371716499329	1.9981323956868053	2.0
108.28888416290283	2.0010565223774224	2.0
108.30110216140747	2.0010565223774224	2.0
108.31310105323792	2.0010565223774224	2.0
108.3276526927948	2.0040598579649123	2.0
108.34034705162048	2.0040598579649123	2.0
108.35356211662292	2.0040598579649123	2.0
108.36736488342285	2.006858790097025	2.0
108.38012957572937	2.006858790097025	2.0
108.39332556724548	2.006858790097025	2.0
108.4083685874939	2.0095968909500495	2.0
108.42043232917786	2.0095968909500495	2.0
108.43494439125061	2.0095968909500495	2.0
108.4506847858429	2.0120267538259125	2.0
108.46342945098877	2.0120267538259125	2.0
108.47614598274231	2.0120267538259125	2.0
108.49115180969238	2.0141540781138287	2.0
108.5039279460907	2.0141540781138287	2.0
108.51800537109375	2.0141540781138287	2.0
108.53061962127686	2.0153010087387218	2.0
108.54337239265442	2.0153010087387218	2.0
108.55554842948914	2.0153010087387218	2.0
108.57035231590271	2.016528296557486	2.0
108.58277368545532	2.016528296557486	2.0
108.59828186035156	2.016528296557486	2.0
108.61096429824829	2.0169534966349087	2.0
108.62334060668945	2.0169534966349087	2.0
108.63651728630066	2.0169534966349087	2.0
108.65132188796997	2.017588792401719	2.0
108.66343545913696	2.017588792401719	2.0
108.67798924446106	2.017588792401719	2.0
108.69096064567566	2.017391465252893	2.0
108.7029595375061	2.017391465252893	2.0
108.71493911743164	2.017391465252893	2.0
108.7303352355957	2.016914439456736	2.0
108.74315333366394	2.016914439456736	2.0
108.75592851638794	2.016914439456736	2.0
108.77011346817017	2.016914439456736	2.0
108.78469324111938	2.016747349263711	2.0
108.79756736755371	2.016747349263711	2.0
108.81366920471191	2.0164536925837746	2.0
108.82562470436096	2.0164536925837746	2.0
108.83822298049927	2.0164536925837746	2.0
108.85356426239014	2.0164536925837746	2.0
108.86644577980042	2.0156513908581033	2.0
108.87956976890564	2.0156513908581033	2.0
108.8953652381897	2.0148411090465967	2.0
108.90815353393555	2.0148411090465967	2.0
108.92141461372375	2.0148411090465967	2.0
108.93660259246826	2.0140713936857493	2.0
108.95218110084534	2.0140713936857493	2.0
108.96875166893005	2.0130531188319476	2.0
108.98106908798218	2.0130531188319476	2.0
108.99307799339294	2.0130531188319476	2.0
109.0058982372284	2.0130531188319476	2.0
109.02004528045654	2.0137272637705688	2.0
109.03308320045471	2.0137272637705688	2.0
109.04727172851562	2.01375903271744	2.0
109.06027364730835	2.01375903271744	2.0
109.07254528999329	2.01375903271744	2.0
109.08519959449768	2.01375903271744	2.0
109.10024523735046	2.014018161108502	2.0
109.11320686340332	2.014018161108502	2.0
109.1285629272461	2.0144836237746295	2.0
109.14084029197693	2.0144836237746295	2.0
109.1533739566803	2.0144836237746295	2.0
109.16621899604797	2.0144836237746295	2.0
109.18037009239197	2.015199745539575	2.0
109.19472622871399	2.015199745539575	2.0
109.2100601196289	2.0157801830720796	2.0
109.22349286079407	2.0157801830720796	2.0
109.23598456382751	2.0157801830720796	2.0
109.24843287467957	2.0157801830720796	2.0
109.2626359462738	2.01745933457484	2.0
109.27457404136658	2.01745933457484	2.0
109.29135274887085	2.0185279684211084	2.0
109.30474042892456	2.0185279684211084	2.0
109.31725311279297	2.0185279684211084	2.0
109.33210515975952	2.0185279684211084	2.0
109.34554624557495	2.019724956810258	2.0
109.35863876342773	2.019724956810258	2.0
109.37438797950745	2.0208056505901624	2.0
109.38684487342834	2.0208056505901624	2.0
109.39889669418335	2.0208056505901624	2.0
109.41521215438843	2.0208056505901624	2.0
109.4292733669281	2.0220097946202684	2.0
109.44487524032593	2.0220097946202684	2.0
109.45762753486633	2.0233523336042785	2.0
109.47034311294556	2.0233523336042785	2.0
109.48285508155823	2.0233523336042785	2.0
109.4987678527832	2.0241537820251154	2.0
109.51202368736267	2.0241537820251154	2.0
109.52406144142151	2.0241537820251154	2.0
109.53665542602539	2.0241537820251154	2.0
109.55142211914062	2.025334276484949	2.0
109.5641131401062	2.025334276484949	2.0
109.5794141292572	2.02590412950992	2.0
109.59140491485596	2.02590412950992	2.0
109.60413694381714	2.02590412950992	2.0
109.61650896072388	2.02590412950992	2.0
109.6302273273468	2.0268145397958217	2.0
109.64333724975586	2.0268145397958217	2.0
109.65884017944336	2.026619105897353	2.0
109.671226978302	2.026619105897353	2.0
109.68312406539917	2.026619105897353	2.0
109.69573283195496	2.026619105897353	2.0
109.70937776565552	2.027127718963448	2.0
109.7213842868805	2.027127718963448	2.0
109.73699879646301	2.0271939960430876	2.0
109.75022673606873	2.0271939960430876	2.0
109.7624773979187	2.0271939960430876	2.0
109.77492427825928	2.0271939960430876	2.0
109.79009747505188	2.0270440389500335	2.0
109.80315041542053	2.0270440389500335	2.0
109.81851363182068	2.025950700552464	2.0
109.831050157547	2.025950700552464	2.0
109.84323406219482	2.025950700552464	2.0
109.85708928108215	2.025950700552464	2.0
109.87180376052856	2.024449014404778	2.0
109.88380932807922	2.024449014404778	2.0
109.89844989776611	2.0232290935772586	2.0
109.91084909439087	2.0232290935772586	2.0
109.92552781105042	2.0232290935772586	2.0
109.94097232818604	2.0232290935772586	2.0
109.95487952232361	2.0213153187234574	2.0
109.96731090545654	2.0213153187234574	2.0
109.98080587387085	2.0188834300982665	2.0
109.9930031299591	2.0188834300982665	2.0
110.0057725906372	2.0188834300982665	2.0
110.01967000961304	2.0188834300982665	2.0
110.03702688217163	2.016466165392384	2.0
110.05514621734619	2.0137917696684733	2.0
110.07027912139893	2.0137917696684733	2.0
110.08269476890564	2.0137917696684733	2.0
110.09531807899475	2.0137917696684733	2.0
110.11000776290894	2.0104296827523114	2.0
110.12275910377502	2.0104296827523114	2.0
110.13837599754333	2.0066286639969833	2.0
110.15067887306213	2.0066286639969833	2.0
110.16265749931335	2.0066286639969833	2.0
110.17615103721619	2.0066286639969833	2.0
110.18961501121521	2.0027677601274707	2.0
110.20212411880493	2.0027677601274707	2.0
110.2169337272644	1.9996043069073353	2.0
110.22900676727295	1.9996043069073353	2.0
110.24134278297424	1.9996043069073353	2.0
110.25468444824219	1.9996043069073353	2.0
110.26919436454773	1.9968964628483445	2.0
110.2823441028595	1.9968964628483445	2.0
110.29454445838928	1.9968964628483445	2.0
110.30801439285278	1.9968964628483445	2.0
110.32137775421143	1.9943147876259903	2.0
110.33379888534546	1.9943147876259903	2.0
110.34743046760559	1.9918132440824465	2.0
110.35961294174194	1.9918132440824465	2.0
110.37276530265808	1.9918132440824465	2.0
110.38666772842407	1.9918132440824465	2.0
110.39975786209106	1.990143475144612	2.0
110.41280436515808	1.990143475144612	2.0
110.42838191986084	1.988337652115117	2.0
110.44048857688904	1.988337652115117	2.0
110.45273733139038	1.988337652115117	2.0
110.46652555465698	1.988337652115117	2.0
110.48118448257446	1.986896805120582	2.0
110.4930956363678	1.986896805120582	2.0
110.50888347625732	1.9860662768405022	2.0
110.52096033096313	1.9860662768405022	2.0
110.5337347984314	1.9860662768405022	2.0
110.54866790771484	1.9860662768405022	2.0
110.56297469139099	1.9855967270633321	2.0
110.57694625854492	1.9855967270633321	2.0
110.59203863143921	1.98526220262257	2.0
110.60539364814758	1.98526220262257	2.0
110.61844873428345	1.98526220262257	2.0
110.63503623008728	1.9846588170983235	2.0
110.64720582962036	1.9846588170983235	2.0
110.66211128234863	1.9846588170983235	2.0
110.67475962638855	1.983670286138571	2.0
110.68722581863403	1.983670286138571	2.0
110.70180106163025	1.983670286138571	2.0
110.71572208404541	1.9825725954374593	2.0
110.72776675224304	1.9825725954374593	2.0
110.74446773529053	1.9811267237763244	2.0
110.75648307800293	1.9811267237763244	2.0
110.76887941360474	1.9811267237763244	2.0
110.78131031990051	1.9811267237763244	2.0
110.79621744155884	1.9793235140693646	2.0
110.80902314186096	1.9793235140693646	2.0
110.82304048538208	1.977508036268618	2.0
110.83598947525024	1.977508036268618	2.0
110.84828162193298	1.977508036268618	2.0
110.86061716079712	1.977508036268618	2.0
110.87607836723328	1.9765156478171744	2.0
110.8890392780304	1.9765156478171744	2.0
110.90485906600952	1.9751410138688752	2.0
110.91775226593018	1.9751410138688752	2.0
110.92998909950256	1.9751410138688752	2.0
110.94372653961182	1.9751410138688752	2.0
110.95745348930359	1.9733397494830203	2.0
110.97014284133911	1.9733397494830203	2.0
110.98599743843079	1.971504723697538	2.0
110.99890542030334	1.971504723697538	2.0
111.01197409629822	1.971504723697538	2.0
111.0249707698822	1.971504723697538	2.0
111.03904128074646	1.9696023552451147	2.0
111.05150628089905	1.9696023552451147	2.0
111.06388545036316	1.9696023552451147	2.0
111.0790319442749	1.9681688758710039	2.0
111.0936119556427	1.9681688758710039	2.0
111.10825228691101	1.9681688758710039	2.0
111.12092518806458	1.96602321202381	2.0
111.1328797340393	1.96602321202381	2.0
111.14560174942017	1.96602321202381	2.0
111.1607985496521	1.9646179190709638	2.0
111.17307686805725	1.9646179190709638	2.0
111.1872091293335	1.9646179190709638	2.0
111.19977927207947	1.9632755758519338	2.0
111.21208715438843	1.9632755758519338	2.0
111.22412037849426	1.9632755758519338	2.0
111.23792123794556	1.9632755758519338	2.0
111.25089573860168	1.962249807193757	2.0
111.26402807235718	1.962249807193757	2.0
111.27765822410583	1.9608179802320158	2.0
111.28957414627075	1.9608179802320158	2.0
111.30168080329895	1.9608179802320158	2.0
111.31547451019287	1.9608179802320158	2.0
111.33092975616455	1.9597448043813614	2.0
111.34428882598877	1.9597448043813614	2.0
111.35854744911194	1.959555298478471	2.0
111.37105226516724	1.959555298478471	2.0
111.38311433792114	1.959555298478471	2.0
111.39668321609497	1.959555298478471	2.0
111.40966296195984	1.9596374571129203	2.0
111.42243719100952	1.9596374571129203	2.0
111.43751096725464	1.9598587948187347	2.0
111.44973373413086	1.9598587948187347	2.0
111.4617190361023	1.9598587948187347	2.0
111.47528958320618	1.9598587948187347	2.0
111.48859667778015	1.9601906836013228	2.0
111.50063061714172	1.9601906836013228	2.0
111.51533341407776	1.9616262306527434	2.0
111.52804756164551	1.9616262306527434	2.0
111.5403380393982	1.9616262306527434	2.0
111.55481171607971	1.9616262306527434	2.0
111.56787610054016	1.9628642237027905	2.0
111.5800564289093	1.9628642237027905	2.0
111.59442782402039	1.9643090297009766	2.0
111.60738253593445	1.9643090297009766	2.0
111.61974215507507	1.9643090297009766	2.0
111.63331341743469	1.9643090297009766	2.0
111.64670968055725	1.9654780089395967	2.0
111.65902185440063	1.9654780089395967	2.0
111.6735291481018	1.966886842602316	2.0
111.68604111671448	1.966886842602316	2.0
111.69858431816101	1.966886842602316	2.0
111.71123003959656	1.966886842602316	2.0
111.72702932357788	1.9682456687603014	2.0
111.74135756492615	1.9682456687603014	2.0
111.7560362815857	1.9698522356802186	2.0
111.76813745498657	1.9698522356802186	2.0
111.78043818473816	1.9698522356802186	2.0
111.79529023170471	1.9698522356802186	2.0
111.80885577201843	1.9722885380879531	2.0
111.82147312164307	1.9722885380879531	2.0
111.83355617523193	1.9722885380879531	2.0
111.8476939201355	1.9740596443189655	2.0
111.86050534248352	1.9740596443189655	2.0
111.8737051486969	1.9740596443189655	2.0
111.88683581352234	1.9755415548429727	2.0
111.89893102645874	1.9755415548429727	2.0
111.9109194278717	1.9755415548429727	2.0
111.92593026161194	1.9755415548429727	2.0
111.93948483467102	1.9777049730123717	2.0
111.95315861701965	1.9777049730123717	2.0
111.96748375892639	1.9804441789987883	2.0
111.97971725463867	1.9804441789987883	2.0
111.99162483215332	1.9804441789987883	2.0
112.00549054145813	1.9804441789987883	2.0
112.01826405525208	1.9830362281404597	2.0
112.0314474105835	1.9830362281404597	2.0
112.04513716697693	1.9855296864574854	2.0
112.05749464035034	1.9855296864574854	2.0
112.06968235969543	1.9855296864574854	2.0
112.08368062973022	1.9855296864574854	2.0
112.0975706577301	1.9879005754543275	2.0
112.11042547225952	1.9879005754543275	2.0
112.1251266002655	1.989892943535383	2.0
112.13768291473389	1.989892943535383	2.0
112.15003752708435	1.989892943535383	2.0
112.16468501091003	1.989892943535383	2.0
112.17947673797607	1.9916727092481863	2.0
112.19203352928162	1.9916727092481863	2.0
112.20678400993347	1.992712567390433	2.0
112.21882748603821	1.992712567390433	2.0
112.23083019256592	1.992712567390433	2.0
112.24467372894287	1.992712567390433	2.0
112.25733971595764	1.9944904876904874	2.0
112.26959156990051	1.9944904876904874	2.0
112.28522515296936	1.996747882439444	2.0
112.29755401611328	1.996747882439444	2.0
112.30992102622986	1.996747882439444	2.0
112.32346081733704	1.996747882439444	2.0
112.33810353279114	1.9981458030678596	2.0
112.35084199905396	1.9981458030678596	2.0
112.36511039733887	1.9988876223232306	2.0
112.3780300617218	1.9988876223232306	2.0
112.38988924026489	1.9988876223232306	2.0
112.40341019630432	1.9988876223232306	2.0
112.41693329811096	2.00007427333396	2.0
112.42925000190735	2.00007427333396	2.0
112.44387078285217	2.001395291868966	2.0
112.45611834526062	2.001395291868966	2.0
112.46807146072388	2.001395291868966	2.0
112.48123002052307	2.001395291868966	2.0
112.49457240104675	2.002455423511478	2.0
112.5065188407898	2.002455423511478	2.0
112.51880407333374	2.002455423511478	2.0
112.53409719467163	2.002455423511478	2.0
112.54716157913208	2.003770119300616	2.0
112.56010961532593	2.003770119300616	2.0
112.57468891143799	2.004822240895301	2.0
112.5870451927185	2.004822240895301	2.0
112.59926199913025	2.004822240895301	2.0
112.61352705955505	2.004822240895301	2.0
112.62654972076416	2.0059355714083638	2.0
112.63936614990234	2.0059355714083638	2.0
112.65376257896423	2.006808142663953	2.0
112.66577053070068	2.006808142663953	2.0
112.67823696136475	2.006808142663953	2.0
112.69261240959167	2.006808142663953	2.0
112.7063090801239	2.0076593388659156	2.0
112.7189691066742	2.0076593388659156	2.0
112.73366618156433	2.008438996758627	2.0
112.74603223800659	2.008438996758627	2.0
112.7582893371582	2.008438996758627	2.0
112.77238249778748	2.008438996758627	2.0
112.78536009788513	2.009364883924421	2.0
112.80164504051208	2.009364883924421	2.0
112.82187128067017	2.011226130435274	2.0
112.84238910675049	2.011226130435274	2.0
112.86477589607239	2.0133002600657632	2.0
112.8851706981659	2.0133002600657632	2.0
112.90688157081604	2.0160158608462964	2.0
112.92636489868164	2.0160158608462964	2.0
112.94661498069763	2.019169876058046	2.0
112.96637058258057	2.019169876058046	2.0
112.98616886138916	2.0224501400398083	2.0
113.00801753997803	2.0224501400398083	2.0
113.02708196640015	2.025959543242356	2.0
113.04496788978577	2.025959543242356	2.0
113.06047439575195	2.0302522817031674	2.0
113.07285141944885	2.0302522817031674	2.0
113.08536982536316	2.0302522817031674	2.0
113.10255312919617	2.0341758298840924	2.0
113.11533236503601	2.0341758298840924	2.0
113.13048815727234	2.0383376556830783	2.0
113.14265060424805	2.0383376556830783	2.0
113.15542483329773	2.0383376556830783	2.0
113.17702388763428	2.043634985483245	2.0
113.19156646728516	2.043634985483245	2.0
113.2091133594513	2.0475506041063714	2.0
113.22535133361816	2.0475506041063714	2.0
113.24029588699341	2.0475506041063714	2.0
113.2557122707367	2.0475506041063714	2.0
113.2707667350769	2.050693498465793	2.0
113.28634476661682	2.050693498465793	2.0
113.30316138267517	2.053322007224044	2.0
113.31785678863525	2.053322007224044	2.0
113.33383393287659	2.053322007224044	2.0
113.34777545928955	2.0563413112816353	2.0
113.36164712905884	2.0563413112816353	2.0
113.37549591064453	2.0563413112816353	2.0
113.39044117927551	2.0586775456745516	2.0
113.4041838645935	2.0586775456745516	2.0
113.41984057426453	2.060546566220569	2.0
113.43363285064697	2.060546566220569	2.0
113.4463095664978	2.060546566220569	2.0
113.46053671836853	2.060546566220569	2.0
113.47489309310913	2.062144719290545	2.0
113.48843336105347	2.062144719290545	2.0
113.50380373001099	2.0640195768555567	2.0
113.51652431488037	2.0640195768555567	2.0
113.52938461303711	2.0640195768555567	2.0
113.54532146453857	2.0661950753718554	2.0
113.55816841125488	2.0661950753718554	2.0
113.57284903526306	2.0661950753718554	2.0
113.58606219291687	2.066723543499941	2.0
113.5989875793457	2.066723543499941	2.0
113.61136627197266	2.066723543499941	2.0
113.62753009796143	2.0672814541567006	2.0
113.64034485816956	2.0672814541567006	2.0
113.65680360794067	2.068520455165409	2.0
113.67041897773743	2.068520455165409	2.0
113.68335962295532	2.068520455165409	2.0
113.69601583480835	2.068520455165409	2.0
113.70976090431213	2.070076854885884	2.0
113.7236909866333	2.070076854885884	2.0
113.73781490325928	2.070365064132459	2.0
113.75127482414246	2.070365064132459	2.0
113.7651526927948	2.070365064132459	2.0
113.78012776374817	2.070365064132459	2.0
113.79509091377258	2.072625029494044	2.0
113.80901050567627	2.072625029494044	2.0
113.82307171821594	2.07368410025665	2.0
113.8356602191925	2.07368410025665	2.0
113.84860801696777	2.07368410025665	2.0
113.86446619033813	2.074125753467279	2.0
113.87760496139526	2.074125753467279	2.0
113.89258766174316	2.074125753467279	2.0
113.90625619888306	2.0741415160713492	2.0
113.91899514198303	2.0741415160713492	2.0
113.93205261230469	2.0741415160713492	2.0
113.9477117061615	2.0743846913994943	2.0
113.96024751663208	2.0743846913994943	2.0
113.97659039497375	2.0748476497849455	2.0
113.98916578292847	2.0748476497849455	2.0
114.00208139419556	2.0748476497849455	2.0
114.01526641845703	2.0748476497849455	2.0
114.03042364120483	2.0755274934167796	2.0
114.0437388420105	2.0755274934167796	2.0
114.05600190162659	2.0755274934167796	2.0
114.07079792022705	2.0755274934167796	2.0
114.08576607704163	2.0752918391688686	2.0
114.10060238838196	2.0752918391688686	2.0
114.11506986618042	2.0747001206107383	2.0
114.1278305053711	2.0747001206107383	2.0
114.14030003547668	2.0747001206107383	2.0
114.15542125701904	2.074355980303557	2.0
114.1681067943573	2.074355980303557	2.0
114.18374276161194	2.0726249122382887	2.0
114.19666957855225	2.0726249122382887	2.0
114.20936703681946	2.0726249122382887	2.0
114.22245669364929	2.0726249122382887	2.0
114.2377200126648	2.071960617405616	2.0
114.25001835823059	2.071960617405616	2.0
114.26602125167847	2.0713193124796523	2.0
114.27880382537842	2.0713193124796523	2.0
114.29148364067078	2.0713193124796523	2.0
114.30409455299377	2.0713193124796523	2.0
114.31946849822998	2.0707783454549165	2.0
114.33254742622375	2.0707783454549165	2.0
114.34784626960754	2.0695650502849388	2.0
114.36066913604736	2.0695650502849388	2.0
114.37315845489502	2.0695650502849388	2.0
114.38771152496338	2.0695650502849388	2.0
114.40179514884949	2.067746817476923	2.0
114.41480326652527	2.067746817476923	2.0
114.42889475822449	2.0659236159477663	2.0
114.44152784347534	2.0659236159477663	2.0
114.45384478569031	2.0659236159477663	2.0
114.46880626678467	2.0659236159477663	2.0
114.48294973373413	2.0642020646471884	2.0
114.49558115005493	2.0642020646471884	2.0
114.51018857955933	2.062245191264404	2.0
114.5224814414978	2.062245191264404	2.0
114.53529763221741	2.062245191264404	2.0
114.55054020881653	2.062245191264404	2.0
114.56375098228455	2.0598811080594737	2.0
114.57940173149109	2.0598811080594737	2.0
114.59246301651001	2.057383113984647	2.0
114.60485076904297	2.057383113984647	2.0
114.61716103553772	2.057383113984647	2.0
114.632328748703	2.054929270106204	2.0
114.64475607872009	2.054929270106204	2.0
114.65901923179626	2.054929270106204	2.0
114.67399954795837	2.052317976277676	2.0
114.68666505813599	2.052317976277676	2.0
114.69940423965454	2.052317976277676	2.0
114.71535849571228	2.0495415745953176	2.0
114.7280695438385	2.0495415745953176	2.0
114.74341154098511	2.046498031720101	2.0
114.75696134567261	2.046498031720101	2.0
114.76974844932556	2.046498031720101	2.0
114.78307151794434	2.046498031720101	2.0
114.79846382141113	2.0432026846516833	2.0
114.81103467941284	2.0432026846516833	2.0
114.82399797439575	2.0432026846516833	2.0
114.83889818191528	2.0397339377340975	2.0
114.85234236717224	2.0397339377340975	2.0
114.86538910865784	2.0397339377340975	2.0
114.87936568260193	2.0364767842474416	2.0
114.8928906917572	2.0364767842474416	2.0
114.90554237365723	2.0364767842474416	2.0
114.92241954803467	2.033243675831372	2.0
114.9348692893982	2.033243675831372	2.0
114.94995999336243	2.033243675831372	2.0
114.96405911445618	2.0302180611455407	2.0
114.97689175605774	2.0302180611455407	2.0
114.98947620391846	2.0302180611455407	2.0
115.00402092933655	2.0274788262442156	2.0
115.0168125629425	2.0274788262442156	2.0
115.03219842910767	2.0248076066070486	2.0
115.04520893096924	2.0248076066070486	2.0
115.0581419467926	2.0248076066070486	2.0
115.0718207359314	2.0248076066070486	2.0
115.08596539497375	2.0227633263482936	2.0
115.09929275512695	2.0227633263482936	2.0
115.11589050292969	2.021153764273582	2.0
115.12954592704773	2.021153764273582	2.0
115.14276123046875	2.021153764273582	2.0
115.1587655544281	2.021153764273582	2.0
115.17296266555786	2.019763266943976	2.0
115.18783116340637	2.019763266943976	2.0
115.2021005153656	2.019525758473444	2.0
115.21505212783813	2.019525758473444	2.0
115.22799968719482	2.019525758473444	2.0
115.24230480194092	2.0184585414158747	2.0
115.25506687164307	2.0184585414158747	2.0
115.26986503601074	2.0184585414158747	2.0
115.28355979919434	2.0179076388087425	2.0
115.29639172554016	2.0179076388087425	2.0
115.30948233604431	2.0179076388087425	2.0
115.32423615455627	2.0176452638467097	2.0
115.33709359169006	2.0176452638467097	2.0
115.35495734214783	2.017691405786904	2.0
115.36937236785889	2.017691405786904	2.0
115.38279843330383	2.017691405786904	2.0
115.39962959289551	2.017803582861057	2.0
115.41343522071838	2.017803582861057	2.0
115.43079042434692	2.0178337818233993	2.0
115.44444274902344	2.0178337818233993	2.0
115.45727944374084	2.0178337818233993	2.0
115.47098660469055	2.0178337818233993	2.0
115.48683261871338	2.0174785438547937	2.0
115.50163626670837	2.0174785438547937	2.0
115.51634430885315	2.0134050765423774	2.0
115.5299961566925	2.0134050765423774	2.0
115.54222297668457	2.0134050765423774	2.0
115.55794405937195	2.0134050765423774	2.0
115.57198071479797	2.012185446718236	2.0
115.5850739479065	2.012185446718236	2.0
115.59835362434387	2.012185446718236	2.0
115.61417031288147	2.019641769965751	2.0
115.62715268135071	2.019641769965751	2.0
115.64333820343018	nan	2.0
115.65630841255188	nan	2.0
115.66886353492737	nan	2.0
115.68405604362488	nan	2.0
115.69735646247864	nan	2.0
115.71050834655762	nan	2.0
115.72463202476501	nan	2.0
115.73691964149475	nan	2.0
115.75005078315735	nan	2.0
115.76581311225891	nan	2.0
115.77882838249207	nan	2.0
115.79261374473572	nan	2.0
115.80695056915283	nan	2.0
115.81956672668457	nan	2.0
115.83304977416992	nan	2.0
115.84903883934021	nan	2.0
115.86167359352112	nan	2.0
115.87502932548523	nan	2.0
115.88910055160522	nan	2.0
115.90253925323486	nan	2.0
115.91518139839172	nan	2.0
115.93004989624023	nan	2.0
115.94277787208557	nan	2.0
115.9569001197815	nan	2.0
115.97063446044922	nan	2.0
115.98413443565369	nan	2.0
115.99650359153748	nan	2.0
116.01102209091187	nan	2.0
116.02390122413635	nan	2.0
116.03804469108582	nan	2.0
116.05119776725769	nan	2.0
116.06333923339844	nan	2.0
116.07565355300903	nan	2.0
116.09065198898315	nan	2.0
116.10385084152222	nan	2.0
116.1192102432251	nan	2.0
116.13161396980286	nan	2.0
116.14457631111145	nan	2.0
116.15728282928467	nan	2.0
116.17199921607971	nan	2.0
116.18539762496948	nan	2.0
116.20027589797974	nan	2.0
116.21326518058777	nan	2.0
116.22629451751709	nan	2.0
116.24071764945984	nan	2.0
116.25487685203552	nan	2.0
116.26733183860779	nan	2.0
116.28329491615295	nan	2.0
116.29580450057983	nan	2.0
116.30864262580872	nan	2.0
116.32511830329895	nan	2.0
116.3386378288269	nan	2.0
116.35224938392639	nan	2.0
116.3649594783783	nan	2.0
116.38066005706787	nan	2.0
116.39413833618164	nan	2.0
116.40973591804504	nan	2.0
116.42497324943542	nan	2.0
116.43824338912964	nan	2.0
116.45557808876038	nan	2.0
116.46922779083252	nan	2.0
116.4853982925415	nan	2.0
116.50034928321838	nan	2.0
116.51387739181519	nan	2.0
116.52722811698914	nan	2.0
116.54200220108032	nan	2.0
116.55509948730469	nan	2.0
116.57227158546448	nan	2.0
116.58629941940308	nan	2.0
116.59939956665039	nan	2.0
116.61461400985718	nan	2.0
116.62954878807068	nan	2.0
116.64479756355286	nan	2.0
116.65818190574646	nan	2.0
116.67196774482727	nan	2.0
116.6847755908966	nan	2.0
116.70001745223999	nan	2.0
116.7133116722107	nan	2.0
116.72901844978333	nan	2.0
116.74182343482971	nan	2.0
116.75547671318054	nan	2.0
116.7686676979065	nan	2.0
116.78378677368164	nan	2.0
116.79674506187439	nan	2.0
116.81125569343567	nan	2.0
116.82465553283691	nan	2.0
116.83769464492798	nan	2.0
116.85238647460938	nan	2.0
116.86673641204834	nan	2.0
116.88260650634766	nan	2.0
116.89636874198914	nan	2.0
116.90920424461365	nan	2.0
116.92264342308044	nan	2.0
116.93748641014099	nan	2.0
116.9508318901062	nan	2.0
116.96693921089172	nan	2.0
116.98046588897705	nan	2.0
116.99329566955566	nan	2.0
117.00652074813843	nan	2.0
117.02066659927368	nan	2.0
117.03423142433167	nan	2.0
117.04703116416931	nan	2.0
117.0626928806305	nan	2.0
117.0768666267395	nan	2.0
117.09129643440247	nan	2.0
117.10501599311829	nan	2.0
117.11793947219849	nan	2.0
117.13082432746887	nan	2.0
117.14642357826233	nan	2.0
117.1588523387909	nan	2.0
117.17376017570496	nan	2.0
117.18778729438782	nan	2.0
117.20079684257507	nan	2.0
117.21367383003235	nan	2.0
117.22797775268555	nan	2.0
117.24101853370667	nan	2.0
117.2571280002594	nan	2.0
117.26973462104797	nan	2.0
117.28211951255798	nan	2.0
117.29546737670898	nan	2.0
117.31041407585144	nan	2.0
117.32332992553711	nan	2.0
117.33785367012024	nan	2.0
117.35030627250671	nan	2.0
117.36387896537781	nan	2.0
117.37849593162537	nan	2.0
117.39314532279968	nan	2.0
117.40651416778564	nan	2.0
117.4208619594574	nan	2.0
117.43336939811707	nan	2.0
117.44551038742065	nan	2.0
117.46168661117554	nan	2.0
117.474693775177	nan	2.0
117.487375497818	nan	2.0
117.50202083587646	nan	2.0
117.51505613327026	nan	2.0
117.52766180038452	nan	2.0
117.54445052146912	nan	2.0
117.55882167816162	nan	2.0
117.5745415687561	nan	2.0
117.58750987052917	nan	2.0
117.60001707077026	nan	2.0
117.61343598365784	nan	2.0
117.62765550613403	nan	2.0
117.64059162139893	nan	2.0
117.65590786933899	nan	2.0
117.66839122772217	nan	2.0
117.6819052696228	nan	2.0
117.69656991958618	nan	2.0
117.71015954017639	nan	2.0
117.7244644165039	nan	2.0
117.7389349937439	nan	2.0
117.75205707550049	nan	2.0
117.76532340049744	nan	2.0
117.78012561798096	nan	2.0
117.7949767112732	nan	2.0
117.8075008392334	nan	2.0
117.8208601474762	nan	2.0
117.83586478233337	nan	2.0
117.84894251823425	nan	2.0
117.8634831905365	nan	2.0
117.87700986862183	nan	2.0
117.89017462730408	nan	2.0
117.90360927581787	nan	2.0
117.91845512390137	nan	2.0
117.93158531188965	nan	2.0
117.94631862640381	nan	2.0
117.95906329154968	nan	2.0
117.9724543094635	nan	2.0
117.98538899421692	nan	2.0
117.99942874908447	nan	2.0
118.01534533500671	nan	2.0
118.03098368644714	nan	2.0
118.04460883140564	nan	2.0
118.05690550804138	nan	2.0
118.07270550727844	nan	2.0
118.08547568321228	nan	2.0
118.1001570224762	nan	2.0
118.11477446556091	nan	2.0
118.12774419784546	nan	2.0
118.14083886146545	nan	2.0
118.15618705749512	nan	2.0
118.16924023628235	nan	2.0
118.1846227645874	nan	2.0
118.19783806800842	nan	2.0
118.2103521823883	nan	2.0
118.22414779663086	nan	2.0
118.23936152458191	1.954206846129266	2.0
118.2539234161377	1.954206846129266	2.0
118.26937341690063	1.956939235403714	2.0
118.28243637084961	1.956939235403714	2.0
118.29653334617615	1.956939235403714	2.0
118.31240844726562	1.959475508735034	2.0
118.32647228240967	1.959475508735034	2.0
118.34011602401733	1.959475508735034	2.0
118.35489773750305	1.9614969782334963	2.0
118.367431640625	1.9614969782334963	2.0
118.38061571121216	1.9614969782334963	2.0
118.39509963989258	1.9636191136263261	2.0
118.40799832344055	1.9636191136263261	2.0
118.42396211624146	1.9654150992459194	2.0
118.43676853179932	1.9654150992459194	2.0
118.44990515708923	1.9654150992459194	2.0
118.46245527267456	1.9654150992459194	2.0
118.47741723060608	1.9669652122935986	2.0
118.4899513721466	1.9669652122935986	2.0
118.50618982315063	1.9681757464668528	2.0
118.51984906196594	1.9681757464668528	2.0
118.53342175483704	1.9681757464668528	2.0
118.54822206497192	1.9681757464668528	2.0
118.56132555007935	1.9700827152427578	2.0
118.57476592063904	1.9700827152427578	2.0
118.58768796920776	1.9700827152427578	2.0
118.60407876968384	1.9711938088762984	2.0
118.617422580719	1.9711938088762984	2.0
118.6328284740448	1.972752076654497	2.0
118.64577078819275	1.972752076654497	2.0
118.65858483314514	1.972752076654497	2.0
118.67298769950867	1.972752076654497	2.0
118.68771886825562	1.974603772196803	2.0
118.70064568519592	1.974603772196803	2.0
118.71627712249756	1.9759224832575542	2.0
118.72932481765747	1.9759224832575542	2.0
118.74270105361938	1.9759224832575542	2.0
118.7569899559021	1.9759224832575542	2.0
118.77073669433594	1.978035449924493	2.0
118.78418254852295	1.978035449924493	2.0
118.79864239692688	1.9793395754012284	2.0
118.81210565567017	1.9793395754012284	2.0
118.8250527381897	1.9793395754012284	2.0
118.84062576293945	1.9805532734509737	2.0
118.85376024246216	1.9805532734509737	2.0
118.86871099472046	1.9805532734509737	2.0
118.88181900978088	1.982083557110407	2.0
118.8941605091095	1.982083557110407	2.0
118.90653085708618	1.982083557110407	2.0
118.92295956611633	1.9838871133171594	2.0
118.93552541732788	1.9838871133171594	2.0
118.95017910003662	1.9838871133171594	2.0
118.96367645263672	1.9852520599028316	2.0
118.97606420516968	1.9852520599028316	2.0
118.98869752883911	1.9852520599028316	2.0
119.00468325614929	1.9874327251625723	2.0
119.0173990726471	1.9874327251625723	2.0
119.03267502784729	1.989443032781199	2.0
119.04489827156067	1.989443032781199	2.0
119.0572075843811	1.989443032781199	2.0
119.07041668891907	1.989443032781199	2.0
119.08421683311462	1.9911583073847345	2.0
119.09698748588562	1.9911583073847345	2.0
119.11160683631897	1.99324805917261	2.0
119.12459206581116	1.99324805917261	2.0
119.13704776763916	1.99324805917261	2.0
119.14975070953369	1.99324805917261	2.0
119.16537928581238	1.9945022729200044	2.0
119.17800712585449	1.9945022729200044	2.0
119.19368624687195	1.9955890094383733	2.0
119.2067711353302	1.9955890094383733	2.0
119.21958351135254	1.9955890094383733	2.0
119.23323798179626	1.9955890094383733	2.0
119.24877572059631	1.9967746415304173	2.0
119.26259779930115	1.9967746415304173	2.0
119.27745604515076	1.9975846960009591	2.0
119.29030060768127	1.9975846960009591	2.0
119.30311369895935	1.9975846960009591	2.0
119.31813883781433	1.9975846960009591	2.0
119.33181285858154	1.9986407952121727	2.0
119.34454011917114	1.9986407952121727	2.0
119.35834169387817	1.9986407952121727	2.0
119.37246942520142	1.9993619027390543	2.0
119.38552594184875	1.9993619027390543	2.0
119.40033102035522	2.0001288261521792	2.0
119.4134910106659	2.0001288261521792	2.0
119.42666673660278	2.0001288261521792	2.0
119.43963384628296	2.0001288261521792	2.0
119.45444226264954	2.000501988401356	2.0
119.46715950965881	2.000501988401356	2.0
119.48241233825684	2.001486957260949	2.0
119.49593019485474	2.001486957260949	2.0
119.50884222984314	2.001486957260949	2.0
119.52411437034607	2.001486957260949	2.0
119.53982472419739	2.0020579455098977	2.0
119.56090521812439	2.002855743093948	2.0
119.58085298538208	2.002855743093948	2.0
119.60147666931152	2.002855743093948	2.0
119.6202380657196	2.0029639651736444	2.0
119.6345648765564	2.0029639651736444	2.0
119.65088772773743	2.003087514105965	2.0
119.66409659385681	2.003087514105965	2.0
119.67748427391052	2.003087514105965	2.0
119.69391465187073	2.0038172637930742	2.0
119.70696711540222	2.0038172637930742	2.0
119.7268340587616	2.003683538660101	2.0
119.74587225914001	2.003683538660101	2.0
119.76945614814758	2.0034144487445515	2.0
119.79062294960022	2.0034144487445515	2.0
119.81304931640625	2.0035246406500207	2.0
119.83598589897156	2.0035246406500207	2.0
119.85793948173523	2.0039341685001615	2.0
119.88021850585938	2.004016067247305	2.0
119.90185928344727	2.004016067247305	2.0
119.91565489768982	2.004016067247305	2.0
119.93121433258057	2.0043395490325655	2.0
119.94443702697754	2.0043395490325655	2.0
119.96290874481201	2.004413468227851	2.0
119.9834794998169	2.004413468227851	2.0
120.00640058517456	2.004413468227851	2.0
120.02613592147827	2.0062778914969916	2.0
120.04644227027893	2.0080924280578847	2.0
120.06908082962036	2.0080924280578847	2.0
120.08689284324646	2.0080924280578847	2.0
120.10767006874084	2.009296774032296	2.0
120.12395405769348	2.009296774032296	2.0
120.13983821868896	2.011366575968711	2.0
120.15379977226257	2.011366575968711	2.0
120.17148184776306	2.0134532419100046	2.0
120.18489646911621	2.0134532419100046	2.0
120.20062756538391	2.0134532419100046	2.0
120.21762466430664	2.0148647985079444	2.0
120.23185658454895	2.0148647985079444	2.0
120.2486686706543	2.0161858625299596	2.0
120.26241731643677	2.0161858625299596	2.0
120.27768325805664	2.0161858625299596	2.0
120.2974362373352	2.017108994923222	2.0
120.31168055534363	2.017108994923222	2.0
120.32876825332642	2.0178221879579477	2.0
120.34318161010742	2.0178221879579477	2.0
120.35653614997864	2.0178221879579477	2.0
120.37333798408508	2.0178221879579477	2.0
120.38821983337402	2.018364320352407	2.0
120.40602803230286	2.018364320352407	2.0
120.41986608505249	2.0182799291075373	2.0
120.43354940414429	2.0182799291075373	2.0
120.44749569892883	2.0182799291075373	2.0
120.46271109580994	2.017559566750385	2.0
120.47579598426819	2.017559566750385	2.0
120.49666094779968	2.0165548428717663	2.0
120.51455402374268	2.0165548428717663	2.0
120.53060412406921	2.0165548428717663	2.0
120.54762053489685	2.0148741390594496	2.0
120.56562423706055	2.0148741390594496	2.0
120.58054232597351	2.013293774854888	2.0
120.5937888622284	2.013293774854888	2.0
120.60829496383667	2.013293774854888	2.0
120.62231945991516	2.011938873119675	2.0
120.63530397415161	2.011938873119675	2.0
120.6503677368164	2.010314447574156	2.0
120.66306471824646	2.010314447574156	2.0
120.67654538154602	2.010314447574156	2.0
120.69143271446228	2.010314447574156	2.0
120.70609784126282	2.0088672321314576	2.0
120.71974563598633	2.0088672321314576	2.0
120.73564004898071	2.006691737252475	2.0
120.74919843673706	2.006691737252475	2.0
120.76338005065918	2.006691737252475	2.0
120.77925419807434	2.0049468319350985	2.0
120.79273581504822	2.0049468319350985	2.0
120.80864357948303	2.00295818913885	2.0
120.82228207588196	2.00295818913885	2.0
120.83755230903625	2.00295818913885	2.0
120.85528063774109	2.00295818913885	2.0
120.86930203437805	2.0010130214654316	2.0
120.88323450088501	2.0010130214654316	2.0
120.89681124687195	2.0010130214654316	2.0
120.91755890846252	1.9993790670494769	2.0
120.93637824058533	1.9984352882981082	2.0
120.95654964447021	1.9984352882981082	2.0
120.97927021980286	1.9984352882981082	2.0
121.00245380401611	1.997338067673811	2.0
121.02394104003906	1.9963690830696508	2.0
121.04445219039917	1.9963690830696508	2.0
121.06400918960571	1.9957169212330306	2.0
121.0839159488678	1.9957169212330306	2.0
121.10467553138733	1.9943895211150888	2.0
121.12408399581909	1.9943895211150888	2.0
121.14570999145508	1.9946508017481726	2.0
121.16797375679016	1.9946508017481726	2.0
121.18867182731628	1.9946429391237523	2.0
121.21000814437866	1.9946429391237523	2.0
121.23243188858032	1.9946655494536016	2.0
121.25427460670471	1.9946655494536016	2.0
121.2760865688324	1.9949929167163494	2.0
121.29836821556091	1.9949929167163494	2.0
121.32126450538635	1.995476759853604	2.0
121.3424744606018	1.995804317014064	2.0
121.36390590667725	1.995804317014064	2.0
121.38638496398926	1.9963651482550404	2.0
121.4081380367279	1.9963651482550404	2.0
121.43040633201599	1.99683529828394	2.0
121.44952750205994	1.99683529828394	2.0
121.47022676467896	1.9969847828714464	2.0
121.49244213104248	1.9969847828714464	2.0
121.5141088962555	1.9976969727396081	2.0
121.53570890426636	1.9976969727396081	2.0
121.55812811851501	1.9980016519589494	2.0
121.57736659049988	1.9980016519589494	2.0
121.59617805480957	1.9979657546143414	2.0
121.6093258857727	1.9979657546143414	2.0
121.62849855422974	1.9979070060245483	2.0
121.64134907722473	1.9979070060245483	2.0
121.65416979789734	1.9979070060245483	2.0
121.67003512382507	1.9979070060245483	2.0
121.68362212181091	1.998178243498207	2.0
121.70140314102173	1.998178243498207	2.0
121.72258710861206	1.9979562193454996	2.0
121.74329805374146	1.9979562193454996	2.0
121.76550555229187	1.997726424893628	2.0
121.78667426109314	1.997171092218256	2.0
121.80664372444153	1.997171092218256	2.0
121.82711434364319	1.997171092218256	2.0
121.84800457954407	1.9963017559523712	2.0
121.86753988265991	1.9955667204793301	2.0
121.88821935653687	1.9955667204793301	2.0
121.9092345237732	1.9955667204793301	2.0
121.93135690689087	1.9951593129547276	2.0
121.95379590988159	1.9937920247610272	2.0
121.97406005859375	1.9937920247610272	2.0
121.99461603164673	1.9934500003977937	2.0
122.01411604881287	1.9934500003977937	2.0
122.03495121002197	1.992214748262026	2.0
122.05143547058105	1.992214748262026	2.0
122.06462502479553	1.992214748262026	2.0
122.07908630371094	1.991477016489617	2.0
122.09188532829285	1.991477016489617	2.0
122.10634446144104	1.9911442894590923	2.0
122.11905431747437	1.9911442894590923	2.0
122.13215470314026	1.9911442894590923	2.0
122.14484000205994	1.9911442894590923	2.0
122.15925335884094	1.9903030621863649	2.0
122.1733148097992	1.9903030621863649	2.0
122.18900799751282	1.9901806633329664	2.0
122.20289778709412	1.9901806633329664	2.0
122.2155876159668	1.9901806633329664	2.0
122.23121619224548	1.9901806633329664	2.0
122.24600481987	1.9905811435382446	2.0
122.26156663894653	1.9905811435382446	2.0
122.27438235282898	1.9912138489634124	2.0
122.28752136230469	1.9912138489634124	2.0
122.30068898200989	1.9912138489634124	2.0
122.3169322013855	1.9917172859180983	2.0
122.33217144012451	1.9917172859180983	2.0
122.34683346748352	1.9917172859180983	2.0
122.36531853675842	1.9926957946413342	2.0
122.38063526153564	1.9926957946413342	2.0
122.39681386947632	1.9933174497480934	2.0
122.41020655632019	1.9933174497480934	2.0
122.42411947250366	1.9933174497480934	2.0
122.43858528137207	1.9933174497480934	2.0
122.45203399658203	1.9948596145349597	2.0
122.46536993980408	1.9948596145349597	2.0
122.48028111457825	1.9966757717684298	2.0
122.49360513687134	1.9966757717684298	2.0
122.50657296180725	1.9966757717684298	2.0
122.52235960960388	1.9978475220296628	2.0
122.5352668762207	1.9978475220296628	2.0
122.54966759681702	1.9997055300010758	2.0
122.56228566169739	1.9997055300010758	2.0
122.5753185749054	1.9997055300010758	2.0
122.58774018287659	1.9997055300010758	2.0
122.60241937637329	2.0012963901267224	2.0
122.61548948287964	2.0012963901267224	2.0
122.6306095123291	2.0028381906631423	2.0
122.64347290992737	2.0028381906631423	2.0
122.65609073638916	2.0028381906631423	2.0
122.67012596130371	2.0028381906631423	2.0
122.68387985229492	2.005763016093342	2.0
122.69686627388	2.005763016093342	2.0
122.71197175979614	2.008609149487172	2.0
122.72515678405762	2.008609149487172	2.0
122.73733520507812	2.008609149487172	2.0
122.75038933753967	2.008609149487172	2.0
122.76442170143127	2.0116026612222013	2.0
122.77696228027344	2.0116026612222013	2.0
122.79220962524414	2.0146370526270703	2.0
122.80467462539673	2.0146370526270703	2.0
122.81804323196411	2.0146370526270703	2.0
122.8322958946228	2.0146370526270703	2.0
122.84813189506531	2.017739268858251	2.0
122.86533522605896	2.017739268858251	2.0
122.88308882713318	2.0204691820060123	2.0
122.9009382724762	2.0204691820060123	2.0
122.91540718078613	2.0204691820060123	2.0
122.9290816783905	2.02388119327061	2.0
122.94326877593994	2.02388119327061	2.0
122.95790100097656	2.0272156700117256	2.0
122.97137570381165	2.0272156700117256	2.0
122.9841673374176	2.0272156700117256	2.0
123.00085926055908	2.030436636980553	2.0
123.01457905769348	2.030436636980553	2.0
123.02981996536255	2.030436636980553	2.0
123.04293751716614	2.033537126071173	2.0
123.05502438545227	2.033537126071173	2.0
123.06793284416199	2.033537126071173	2.0
123.08488726615906	2.0351083786677027	2.0
123.09928250312805	2.0351083786677027	2.0
123.11238861083984	2.0351083786677027	2.0
123.12654995918274	2.0351083786677027	2.0
123.13979172706604	2.036826594475529	2.0
123.15511965751648	2.036826594475529	2.0
123.16941976547241	2.038196958632649	2.0
123.18324446678162	2.038196958632649	2.0
123.19574189186096	2.038196958632649	2.0
123.21084403991699	2.039169474144754	2.0
123.22354698181152	2.039169474144754	2.0
123.23806285858154	2.0408271814379435	2.0
123.2506537437439	2.0408271814379435	2.0
123.26341009140015	2.0408271814379435	2.0
123.27526545524597	2.0408271814379435	2.0
123.29073071479797	2.042122867462654	2.0
123.30601215362549	2.042122867462654	2.0
123.32122802734375	2.043115110448894	2.0
123.33341932296753	2.043115110448894	2.0
123.34632778167725	2.043115110448894	2.0
123.360036611557	2.043115110448894	2.0
123.3737964630127	2.0441325963246006	2.0
123.38638210296631	2.0441325963246006	2.0
123.40147233009338	2.0449266317009887	2.0
123.41385769844055	2.0449266317009887	2.0
123.42681574821472	2.0449266317009887	2.0
123.44058799743652	2.0449266317009887	2.0
123.45540356636047	2.0461484995510872	2.0
123.4684910774231	2.0461484995510872	2.0
123.48287653923035	2.0471172963283437	2.0
123.49693536758423	2.0471172963283437	2.0
123.51020932197571	2.0471172963283437	2.0
123.52600741386414	2.0471172963283437	2.0
123.53974485397339	2.048076607045716	2.0
123.55522346496582	2.048076607045716	2.0
123.5692229270935	2.04971453012264	2.0
123.58220148086548	2.04971453012264	2.0
123.59477353096008	2.04971453012264	2.0
123.60941410064697	2.051640657261393	2.0
123.62203693389893	2.051640657261393	2.0
123.6371259689331	2.051640657261393	2.0
123.65102767944336	2.0527049295528457	2.0
123.66320657730103	2.0527049295528457	2.0
123.67675232887268	2.0527049295528457	2.0
123.6938579082489	2.0536195101857087	2.0
123.70651030540466	2.0536195101857087	2.0
123.72155499458313	2.054707370241354	2.0
123.73408007621765	2.054707370241354	2.0
123.74662065505981	2.054707370241354	2.0
123.75914597511292	2.054707370241354	2.0
123.7733793258667	2.0558018702413543	2.0
123.78600931167603	2.0558018702413543	2.0
123.80099511146545	2.0569776716226356	2.0
123.81325769424438	2.0569776716226356	2.0
123.8266384601593	2.0569776716226356	2.0
123.84000754356384	2.0569776716226356	2.0
123.85442090034485	2.0578999298209437	2.0
123.86788129806519	2.0578999298209437	2.0
123.88146376609802	2.0578999298209437	2.0
123.8967125415802	2.05913771245386	2.0
123.9096622467041	2.05913771245386	2.0
123.92572903633118	2.05913771245386	2.0
123.93992376327515	2.0601610640248245	2.0
123.95480799674988	2.0601610640248245	2.0
123.96991658210754	2.0601610640248245	2.0
123.98576927185059	2.0612982068819674	2.0
124.00070881843567	2.0612982068819674	2.0
124.01521253585815	2.0620183057269843	2.0
124.02836728096008	2.0620183057269843	2.0
124.04087376594543	2.0620183057269843	2.0
124.0573980808258	2.0629236936165487	2.0
124.07089853286743	2.0629236936165487	2.0
124.08557772636414	2.0629236936165487	2.0
124.099782705307	2.0634173370274014	2.0
124.11182308197021	2.0634173370274014	2.0
124.12453269958496	2.0634173370274014	2.0
124.14005756378174	2.064144639955834	2.0
124.15335512161255	2.064144639955834	2.0
124.16855931282043	2.064594379955834	2.0
124.1815972328186	2.064594379955834	2.0
124.19441509246826	2.064594379955834	2.0
124.20751214027405	2.064594379955834	2.0
124.22179770469666	2.065079066941771	2.0
124.23460364341736	2.065079066941771	2.0
124.25143790245056	2.0650465470887105	2.0
124.26441884040833	2.0650465470887105	2.0
124.27721524238586	2.0650465470887105	2.0
124.29283833503723	2.0650465470887105	2.0
124.31113576889038	2.064766697311622	2.0
124.33347463607788	2.0646782083780204	2.0
124.35588049888611	2.0646782083780204	2.0
124.37951517105103	2.0633763020800173	2.0
124.400390625	2.0633763020800173	2.0
124.41690182685852	2.062649390287599	2.0
124.43021893501282	2.062649390287599	2.0
124.44435405731201	2.062649390287599	2.0
124.4599997997284	2.0617175733550295	2.0
124.47486329078674	2.0617175733550295	2.0
124.49078845977783	2.061175623183208	2.0
124.50386428833008	2.061175623183208	2.0
124.51611399650574	2.061175623183208	2.0
124.53128695487976	2.061175623183208	2.0
124.54589772224426	2.0600747770663697	2.0
124.56037497520447	2.0600747770663697	2.0
124.57466959953308	2.058733934856425	2.0
124.58751177787781	2.058733934856425	2.0
124.59959077835083	2.058733934856425	2.0
124.61377739906311	2.0574885122078017	2.0
124.6270215511322	2.0574885122078017	2.0
124.6390609741211	2.0574885122078017	2.0
124.6519284248352	2.0574885122078017	2.0
124.66692519187927	2.056421911140661	2.0
124.68058681488037	2.056421911140661	2.0
124.69611978530884	2.0545246616098707	2.0
124.70842456817627	2.0545246616098707	2.0
124.72153067588806	2.0545246616098707	2.0
124.73386120796204	2.0545246616098707	2.0
124.74752926826477	2.0530334232328635	2.0
124.7604250907898	2.0530334232328635	2.0
124.77501630783081	2.0518421267934848	2.0
124.7928786277771	2.0518421267934848	2.0
124.80886197090149	2.0518421267934848	2.0
124.82561612129211	2.0512255675072737	2.0
124.83783292770386	2.0512255675072737	2.0
124.85175633430481	2.0512255675072737	2.0
124.86549639701843	2.0509603003253574	2.0
124.87756776809692	2.0509603003253574	2.0
124.89004731178284	2.0509603003253574	2.0
124.91084408760071	2.050671750050351	2.0
124.92752957344055	2.050671750050351	2.0
124.94328665733337	2.0502821231441635	2.0
124.95539236068726	2.0502821231441635	2.0
124.96788716316223	2.0502821231441635	2.0
124.98622512817383	2.050202287445612	2.0
125.00208067893982	2.050202287445612	2.0
125.01876139640808	2.050473641589575	2.0
125.03351140022278	2.050473641589575	2.0
125.04884505271912	2.050473641589575	2.0
125.06642246246338	2.0504109548443976	2.0
125.08102464675903	2.0504109548443976	2.0
125.0989089012146	2.0513957137929544	2.0
125.11472392082214	2.0513957137929544	2.0
125.13005018234253	2.0513957137929544	2.0
125.14712405204773	2.0517065484432537	2.0
125.16586899757385	2.0517065484432537	2.0
125.18228220939636	2.052504302767938	2.0
125.19991135597229	2.052504302767938	2.0
125.21805262565613	2.052504302767938	2.0
125.23383069038391	2.0522685590744776	2.0
125.25260019302368	2.0522685590744776	2.0
125.27085542678833	2.051747203219745	2.0
125.28801608085632	2.051747203219745	2.0
125.30559539794922	2.051172484368326	2.0
125.32104420661926	2.051172484368326	2.0
125.33874988555908	2.0507926446078475	2.0
125.35520935058594	2.0507926446078475	2.0
125.36884927749634	2.0507926446078475	2.0
125.3847918510437	2.0503864120617985	2.0
125.39768099784851	2.0503864120617985	2.0
125.41039252281189	2.0503864120617985	2.0
125.42483234405518	2.0503864120617985	2.0
125.43866205215454	2.0489723408310008	2.0
125.45100116729736	2.0489723408310008	2.0
125.46707725524902	2.048420856338719	2.0
125.48017454147339	2.048420856338719	2.0
125.49330067634583	2.048420856338719	2.0
125.50751328468323	2.048420856338719	2.0
125.52176976203918	2.047770610884421	2.0
125.5365617275238	2.047770610884421	2.0
125.55123901367188	2.0460696102527756	2.0
125.5642786026001	2.0460696102527756	2.0
125.57711505889893	2.0460696102527756	2.0
125.59156084060669	2.0444981924040753	2.0
125.60426545143127	2.0444981924040753	2.0
125.61871910095215	2.0444981924040753	2.0
125.63251543045044	2.0430045286613856	2.0
125.64550614356995	2.0430045286613856	2.0
125.65770149230957	2.0430045286613856	2.0
125.67358374595642	2.0412230487407825	2.0
125.68635964393616	2.0412230487407825	2.0
125.70181512832642	2.0412230487407825	2.0
125.71486783027649	2.0383103039040074	2.0
125.72769784927368	2.0383103039040074	2.0
125.73991703987122	2.0383103039040074	2.0
125.75502061843872	2.0353541650083016	2.0
125.76812982559204	2.0353541650083016	2.0
125.78563785552979	2.0320933881693994	2.0
125.79933834075928	2.0320933881693994	2.0
125.81206846237183	2.0320933881693994	2.0
125.82557964324951	2.0320933881693994	2.0
125.84065341949463	2.029553290014435	2.0
125.854163646698	2.029553290014435	2.0
125.86919236183167	2.025943573308318	2.0
125.88257789611816	2.025943573308318	2.0
125.89614462852478	2.025943573308318	2.0
125.91161370277405	2.025943573308318	2.0
125.92499828338623	2.0229235075507113	2.0
125.94169044494629	2.0200586473428155	2.0
125.95451498031616	2.0200586473428155	2.0
125.96755242347717	2.0200586473428155	2.0
125.98233294487	2.0200586473428155	2.0
125.99734807014465	2.016779188928889	2.0
126.0102903842926	2.016779188928889	2.0
126.02725791931152	2.013630091119336	2.0
126.04030895233154	2.013630091119336	2.0
126.05325055122375	2.013630091119336	2.0
126.06851077079773	2.013630091119336	2.0
126.08149266242981	2.010940718887091	2.0
126.09498047828674	2.010940718887091	2.0
126.10834240913391	2.010940718887091	2.0
126.12332606315613	2.0093152163554455	2.0
126.136221408844	2.0093152163554455	2.0
126.15188097953796	2.0078827419178173	2.0
126.16408061981201	2.0078827419178173	2.0
126.17685961723328	2.0078827419178173	2.0
126.18992257118225	2.0078827419178173	2.0
126.2036190032959	2.0069341732961457	2.0
126.21551418304443	2.0069341732961457	2.0
126.23061800003052	2.0069341732961457	2.0
126.24319839477539	2.0056142795208194	2.0
126.25525712966919	2.0056142795208194	2.0
126.2673590183258	2.0056142795208194	2.0
126.28460693359375	2.004920008798964	2.0
126.29698252677917	2.004920008798964	2.0
126.31221318244934	2.0041026892302196	2.0
126.32412648200989	2.0041026892302196	2.0
126.33594751358032	2.0041026892302196	2.0
126.34823513031006	2.0041026892302196	2.0
126.36332035064697	2.0041316522091672	2.0
126.37621402740479	2.0041316522091672	2.0
126.39242887496948	2.004484193001708	2.0
126.40535116195679	2.004484193001708	2.0
126.41809558868408	2.004484193001708	2.0
126.4305112361908	2.004484193001708	2.0
126.44546556472778	2.0047601443875096	2.0
126.45798921585083	2.0047601443875096	2.0
126.4737491607666	2.0050343060919404	2.0
126.48732471466064	2.0050343060919404	2.0
126.50028586387634	2.0050343060919404	2.0
126.51358342170715	2.0050343060919404	2.0
126.52784204483032	2.005133699674828	2.0
126.54113101959229	2.005133699674828	2.0
126.55680632591248	2.005447438413567	2.0
126.56968832015991	2.005447438413567	2.0
126.5832748413086	2.005447438413567	2.0
126.5980019569397	2.005447438413567	2.0
126.61260724067688	2.0055166246583567	2.0
126.62798237800598	2.0055166246583567	2.0
126.64233899116516	2.0057477481057697	2.0
126.65558314323425	2.0057477481057697	2.0
126.66876935958862	2.0057477481057697	2.0
126.6841504573822	2.0058847063497045	2.0
126.69690370559692	2.0058847063497045	2.0
126.71219635009766	2.0054578554881477	2.0
126.72518754005432	2.0054578554881477	2.0
126.73732304573059	2.0054578554881477	2.0
126.75102186203003	2.0054578554881477	2.0
126.76655459403992	2.00522535223548	2.0
126.7793984413147	2.00522535223548	2.0
126.79622435569763	2.0045580938528373	2.0
126.80846285820007	2.0045580938528373	2.0
126.8218731880188	2.0045580938528373	2.0
126.83731579780579	2.0045580938528373	2.0
126.8510513305664	2.0034852797502736	2.0
126.86384797096252	2.0034852797502736	2.0
126.87626814842224	2.0034852797502736	2.0
126.89330983161926	2.0017985473645057	2.0
126.90631818771362	2.0017985473645057	2.0
126.92218565940857	2.0003640446907087	2.0
126.9347836971283	2.0003640446907087	2.0
126.94748568534851	2.0003640446907087	2.0
126.96211218833923	2.0003640446907087	2.0
126.98137664794922	1.9988845075487762	2.0
126.99712443351746	1.9988845075487762	2.0
127.01057004928589	1.997279656059686	2.0
127.02408146858215	1.997279656059686	2.0
127.03648734092712	1.997279656059686	2.0
127.05178546905518	1.995709658630981	2.0
127.0647144317627	1.995709658630981	2.0
127.08031582832336	1.9941924640298527	2.0
127.09315586090088	1.9941924640298527	2.0
127.105548620224	1.9941924640298527	2.0
127.12063717842102	1.9941924640298527	2.0
127.13563299179077	1.9928369312232672	2.0
127.14837074279785	1.9928369312232672	2.0
127.16441226005554	1.9918386395381398	2.0
127.1772928237915	1.9918386395381398	2.0
127.18972086906433	1.9918386395381398	2.0
127.203284740448	1.9918386395381398	2.0
127.21916842460632	1.9914116298555142	2.0
127.2334566116333	1.9914116298555142	2.0
127.24797320365906	1.991311995758479	2.0
127.26072287559509	1.991311995758479	2.0
127.2735047340393	1.991311995758479	2.0
127.28942799568176	1.99150226870658	2.0
127.30244302749634	1.99150226870658	2.0
127.31716203689575	1.99150226870658	2.0
127.33015179634094	1.9920182173455117	2.0
127.34260606765747	1.9920182173455117	2.0
127.35516262054443	1.9920182173455117	2.0
127.37028670310974	1.9924482174293776	2.0
127.38304400444031	1.9924482174293776	2.0
127.39888334274292	1.9924482174293776	2.0
127.41166710853577	1.9928692898931455	2.0
127.42481541633606	1.9928692898931455	2.0
127.43687415122986	1.9928692898931455	2.0
127.45220851898193	1.9942723840960443	2.0
127.46436858177185	1.9942723840960443	2.0
127.47967743873596	1.99509428504263	2.0
127.49236583709717	1.99509428504263	2.0
127.5047914981842	1.99509428504263	2.0
127.5176203250885	1.99509428504263	2.0
127.53206658363342	1.9963075928166962	2.0
127.5440309047699	1.9963075928166962	2.0
127.55914545059204	1.9963075928166962	2.0
127.57180309295654	1.9970588074736608	2.0
127.58415269851685	1.9970588074736608	2.0
127.59657526016235	1.9970588074736608	2.0
127.61133766174316	1.9972843766305766	2.0
127.62413311004639	1.9972843766305766	2.0
127.63602495193481	1.9972843766305766	2.0
127.65041661262512	1.9972843766305766	2.0
127.66360926628113	1.997552441450503	2.0
127.67648887634277	1.997552441450503	2.0
127.69040441513062	1.9979994166162485	2.0
127.70271015167236	1.9979994166162485	2.0
127.71475076675415	1.9979994166162485	2.0
127.72820210456848	1.9979994166162485	2.0
127.74367237091064	1.9985684689902314	2.0
127.75607013702393	1.9985684689902314	2.0
127.77132439613342	1.9989311423095593	2.0
127.78355669975281	1.9989311423095593	2.0
127.79597067832947	1.9989311423095593	2.0
127.80981683731079	1.9989311423095593	2.0
127.82423257827759	1.9997136779715035	2.0
127.83730030059814	1.9997136779715035	2.0
127.85235595703125	1.999233699984082	2.0
127.86558270454407	1.999233699984082	2.0
127.87774872779846	1.999233699984082	2.0
127.89297556877136	1.999233699984082	2.0
127.90653491020203	1.9999986074456058	2.0
127.9205207824707	1.9999986074456058	2.0
127.93559288978577	1.9994869227114211	2.0
127.94886708259583	1.9994869227114211	2.0
127.9610857963562	1.9994869227114211	2.0
127.97629499435425	1.9989099077541561	2.0
127.98863697052002	1.9989099077541561	2.0
128.0049443244934	1.9989099077541561	2.0
128.0181953907013	1.9986429413818432	2.0
128.0317952632904	1.9986429413818432	2.0
128.0454819202423	1.9986429413818432	2.0
128.06101489067078	1.9981265425286394	2.0
128.07448315620422	1.9981265425286394	2.0
128.09027194976807	1.9979379929315297	2.0
128.1034801006317	1.9979379929315297	2.0
128.1164255142212	1.9979379929315297	2.0
128.13306879997253	1.9979379929315297	2.0
128.14839482307434	1.996644642611591	2.0
128.16417169570923	1.996644642611591	2.0
128.1790690422058	1.995229042897431	2.0
128.1913788318634	1.995229042897431	2.0
128.20526885986328	1.995229042897431	2.0
128.22097373008728	1.9933921437089164	2.0
128.23357796669006	1.9933921437089164	2.0
128.2498369216919	1.9918001805198675	2.0
128.26206707954407	1.9918001805198675	2.0
128.27515864372253	1.9918001805198675	2.0
128.28822374343872	1.9918001805198675	2.0
128.30311512947083	1.989805773288229	2.0
128.31740617752075	1.989805773288229	2.0
128.33246850967407	1.987852935271815	2.0
128.3452627658844	1.987852935271815	2.0
128.35765862464905	1.987852935271815	2.0
128.37426042556763	1.985702075258306	2.0
128.38684487342834	1.985702075258306	2.0
128.39969778060913	1.985702075258306	2.0
128.41228580474854	1.985702075258306	2.0
128.42669010162354	1.9837695142506964	2.0
128.43942523002625	1.9837695142506964	2.0
128.4558289051056	1.981806476428627	2.0
128.46877431869507	1.981806476428627	2.0
128.48181056976318	1.981806476428627	2.0
128.49571537971497	1.981806476428627	2.0
128.51014709472656	1.9798792035977446	2.0
128.5235047340393	1.9798792035977446	2.0
128.53859567642212	1.97866244791117	2.0
128.55271697044373	1.97866244791117	2.0
128.5653464794159	1.97866244791117	2.0
128.5804295539856	1.97866244791117	2.0
128.59398889541626	1.9775937367278942	2.0
128.60786032676697	1.9775937367278942	2.0
128.62313055992126	1.977033207533686	2.0
128.63539004325867	1.977033207533686	2.0
128.6479139328003	1.977033207533686	2.0
128.66281747817993	1.977033207533686	2.0
128.6760184764862	1.9764485562246072	2.0
128.69006609916687	1.9764485562246072	2.0
128.70462822914124	1.9763806410964022	2.0
128.7174654006958	1.9763806410964022	2.0
128.73053336143494	1.9763806410964022	2.0
128.74609518051147	1.9770284671503042	2.0
128.75869178771973	1.9770284671503042	2.0
128.774569272995	1.9781711318233115	2.0
128.78719878196716	1.9781711318233115	2.0
128.800598859787	1.9781711318233115	2.0
128.81464195251465	1.9781711318233115	2.0
128.82947945594788	1.9791178689597124	2.0
128.84207463264465	1.9791178689597124	2.0
128.85742139816284	1.9808000528400211	2.0
128.87083101272583	1.9808000528400211	2.0
128.88391184806824	1.9808000528400211	2.0
128.89880418777466	1.9808000528400211	2.0
128.9125850200653	1.9824375004333032	2.0
128.92621731758118	1.9824375004333032	2.0
128.9405927658081	1.984129598787473	2.0
128.95382857322693	1.984129598787473	2.0
128.96703934669495	1.984129598787473	2.0
128.9830973148346	1.9860294809214678	2.0
128.99610304832458	1.9860294809214678	2.0
129.00929403305054	1.9860294809214678	2.0
129.02462911605835	1.988275982337899	2.0
129.03785872459412	1.988275982337899	2.0
129.06012177467346	1.988275982337899	2.0
129.0815737247467	1.990168465849089	2.0
129.10536646842957	1.9915077066915796	2.0
129.1280598640442	1.9915077066915796	2.0
129.14942455291748	1.9928805231971094	2.0
129.17086148262024	1.9928805231971094	2.0
129.19025182724	1.9941194586809807	2.0
129.20492601394653	1.9941194586809807	2.0
129.21935415267944	1.9941194586809807	2.0
129.23479890823364	1.9952558405591758	2.0
129.24777173995972	1.9952558405591758	2.0
129.26361632347107	1.9952558405591758	2.0
129.27914309501648	1.9954345986777593	2.0
129.29293012619019	1.9954345986777593	2.0
129.30818963050842	1.9956343620658212	2.0
129.3206398487091	1.9956343620658212	2.0
129.33336448669434	1.9956343620658212	2.0
129.3487389087677	1.9956343620658212	2.0
129.361567735672	1.9955160375726948	2.0
129.37629055976868	1.9955160375726948	2.0
129.3909571170807	1.995198538502322	2.0
129.4047348499298	1.995198538502322	2.0
129.4185333251953	1.995198538502322	2.0
129.4348485469818	1.9944529813992578	2.0
129.4515380859375	1.9944529813992578	2.0
129.47052645683289	1.993698203633285	2.0
129.48714518547058	1.993698203633285	2.0
129.50685787200928	1.993698203633285	2.0
129.52820682525635	1.9922483464904281	2.0
129.55052542686462	1.9909415793768317	2.0
129.57333898544312	1.9909415793768317	2.0
129.59496784210205	1.989508764951315	2.0
129.6114182472229	1.989508764951315	2.0
129.62722945213318	1.9875612485447527	2.0
129.64113020896912	1.9875612485447527	2.0
129.6554856300354	1.9875612485447527	2.0
129.6706473827362	1.9859591619047692	2.0
129.68487191200256	1.9859591619047692	2.0
129.7007372379303	1.9859591619047692	2.0
129.71700167655945	1.9840768912280773	2.0
129.73167943954468	1.9840768912280773	2.0
129.7458426952362	1.9840768912280773	2.0
129.76059770584106	1.9824325266611222	2.0
129.77748942375183	1.9824325266611222	2.0
129.79371047019958	1.981032658390399	2.0
129.80930137634277	1.981032658390399	2.0
129.82447934150696	1.981032658390399	2.0
129.84065103530884	1.9795667929582517	2.0
129.8562309741974	1.9795667929582517	2.0
129.87169790267944	1.9784541740005779	2.0
129.8852517604828	1.9784541740005779	2.0
129.899076461792	1.9784541740005779	2.0
129.91509437561035	1.9782267454291493	2.0
129.92821383476257	1.9782267454291493	2.0
129.94090580940247	1.9782267454291493	2.0
129.9553418159485	1.9782267454291493	2.0
129.96953439712524	1.9777940891884314	2.0
129.98299741744995	1.9777940891884314	2.0
129.99792623519897	1.977291181085755	2.0
130.01040840148926	1.977291181085755	2.0
130.02363967895508	1.977291181085755	2.0
130.0382056236267	1.977291181085755	2.0
130.05185294151306	1.9772302324583038	2.0
130.06608200073242	1.9772302324583038	2.0
130.0809988975525	1.9774772748428204	2.0
130.09423971176147	1.9774772748428204	2.0
130.1072232723236	1.9774772748428204	2.0
130.1224594116211	1.9777518186790466	2.0
130.13506054878235	1.9777518186790466	2.0
130.1526575088501	1.9779936508747133	2.0
130.1741020679474	1.9779936508747133	2.0
130.1952679157257	1.9779936508747133	2.0
130.21392393112183	1.9782812720672005	2.0
130.23174405097961	1.978323539477758	2.0
130.2513873577118	1.978323539477758	2.0
130.2727415561676	1.978323539477758	2.0
130.29401969909668	1.9784560089438799	2.0
130.31524181365967	1.9781263959407842	2.0
130.3344657421112	1.9781263959407842	2.0
130.34687423706055	1.9781263959407842	2.0
130.3626947402954	1.977907565608201	2.0
130.37572741508484	1.977907565608201	2.0
130.39497065544128	1.977987094169071	2.0
130.4158637523651	1.977987094169071	2.0
130.43565726280212	1.977987094169071	2.0
130.45356369018555	1.9779541852002462	2.0
130.47198748588562	1.9772638451843492	2.0
130.48540139198303	1.9772638451843492	2.0
130.49837136268616	1.9772638451843492	2.0
130.51253175735474	1.9772638451843492	2.0
130.52617812156677	1.97664815849098	2.0
130.53822994232178	1.97664815849098	2.0
130.55387163162231	1.9766128316092924	2.0
130.57393074035645	1.9766128316092924	2.0
130.59440660476685	1.9766128316092924	2.0
130.60980486869812	1.9764579236175617	2.0
130.62572741508484	1.9764579236175617	2.0
130.6388292312622	1.9764579236175617	2.0
130.65284657478333	1.9756538191551951	2.0
130.66559553146362	1.9756538191551951	2.0
130.68071150779724	1.975250419216866	2.0
130.6939263343811	1.975250419216866	2.0
130.70600295066833	1.975250419216866	2.0
130.71855235099792	1.975250419216866	2.0
130.7331726551056	1.9748460158265195	2.0
130.74534821510315	1.9748460158265195	2.0
130.75971293449402	1.9743849368204665	2.0
130.7725110054016	1.9743849368204665	2.0
130.78499460220337	1.9743849368204665	2.0
130.79824686050415	1.9743849368204665	2.0
130.8134868144989	1.9732925828764754	2.0
130.82568836212158	1.9732925828764754	2.0
130.8409926891327	1.972485874769277	2.0
130.85480785369873	1.972485874769277	2.0
130.86774682998657	1.972485874769277	2.0
130.88186860084534	1.972485874769277	2.0
130.89536428451538	1.9724609796793662	2.0
130.90831446647644	1.9724609796793662	2.0
130.9225628376007	1.9724768934992418	2.0
130.93491077423096	1.9724768934992418	2.0
130.9471378326416	1.9724768934992418	2.0
130.96142077445984	1.9724768934992418	2.0
130.9761414527893	1.9717876944682189	2.0
130.99068689346313	1.9717876944682189	2.0
131.0049021244049	1.971876915908378	2.0
131.01825857162476	1.971876915908378	2.0
131.03082919120789	1.971876915908378	2.0
131.045969247818	1.9727173037005268	2.0
131.0594437122345	1.9727173037005268	2.0
131.07536435127258	1.9727173037005268	2.0
131.08944082260132	1.973279145629902	2.0
131.10328006744385	1.973279145629902	2.0
131.11594104766846	1.973279145629902	2.0
131.13153100013733	1.974896298118019	2.0
131.1450970172882	1.974896298118019	2.0
131.16028594970703	1.9763553754863383	2.0
131.17422199249268	1.9763553754863383	2.0
131.18766832351685	1.9763553754863383	2.0
131.2021279335022	1.9763553754863383	2.0
131.2170705795288	1.9785174527504878	2.0
131.23009490966797	1.9785174527504878	2.0
131.2451455593109	1.9802846935644687	2.0
131.25774145126343	1.9802846935644687	2.0
131.27065229415894	1.9802846935644687	2.0
131.2873203754425	1.9814590976900426	2.0
131.30024886131287	1.9814590976900426	2.0
131.3155872821808	1.9814590976900426	2.0
131.32972192764282	1.9826061195371492	2.0
131.34331846237183	1.9826061195371492	2.0
131.35633158683777	1.9826061195371492	2.0
131.37087225914001	1.9843476780982308	2.0
131.38326692581177	1.9843476780982308	2.0
131.39661407470703	1.9843476780982308	2.0
131.41121768951416	1.9843476780982308	2.0
131.42523527145386	1.9848639681332805	2.0
131.43835949897766	1.9848639681332805	2.0
131.45254969596863	1.9853442249856237	2.0
131.46520042419434	1.9853442249856237	2.0
131.47762298583984	1.9853442249856237	2.0
131.49381184577942	1.9853442249856237	2.0
131.50701236724854	1.9858510976198134	2.0
131.52106952667236	1.9858510976198134	2.0
131.53582978248596	1.9859629615251386	2.0
131.54912948608398	1.9859629615251386	2.0
131.56154656410217	1.9859629615251386	2.0
131.5773048400879	1.9855492364186857	2.0
131.59109735488892	1.9855492364186857	2.0
131.606281042099	1.9855492364186857	2.0
131.62005853652954	1.9853584469281942	2.0
131.63385391235352	1.9853584469281942	2.0
131.6478078365326	1.9853584469281942	2.0
131.66286873817444	1.985572893666427	2.0
131.67567014694214	1.985572893666427	2.0
131.69083404541016	1.9859934828556163	2.0
131.7048463821411	1.9859934828556163	2.0
131.7184762954712	1.9859934828556163	2.0
131.7355809211731	1.9862261316042187	2.0
131.74914503097534	1.9862261316042187	2.0
131.76282453536987	1.9862261316042187	2.0
131.7759747505188	1.9858843081703177	2.0
131.789155960083	1.9858843081703177	2.0
131.80228352546692	1.9858843081703177	2.0
131.81806755065918	1.985838416144513	2.0
131.8313717842102	1.985838416144513	2.0
131.84762859344482	1.985786183526066	2.0
131.86216473579407	1.985786183526066	2.0
131.8755931854248	1.985786183526066	2.0
131.89042973518372	1.985786183526066	2.0
131.90539145469666	1.9856377834318348	2.0
131.92056035995483	1.9856377834318348	2.0
131.9347231388092	1.9852555235448288	2.0
131.94778680801392	1.9852555235448288	2.0
131.96074199676514	1.9852555235448288	2.0
131.97628140449524	1.985137777398838	2.0
131.9892451763153	1.985137777398838	2.0
132.0031795501709	1.985137777398838	2.0
132.01739597320557	1.9849673234898269	2.0
132.03024744987488	1.9849673234898269	2.0
132.0429105758667	1.9849673234898269	2.0
132.05792617797852	1.9847282832483781	2.0
132.07019209861755	1.9847282832483781	2.0
132.08606958389282	1.9848767470085964	2.0
132.10000610351562	1.9848767470085964	2.0
132.11342644691467	1.9848767470085964	2.0
132.12742686271667	1.9848767470085964	2.0
132.14155912399292	1.9850526040780803	2.0
132.15432953834534	1.9850526040780803	2.0
132.16821384429932	1.9850526040780803	2.0
132.1824803352356	1.9850526040780803	2.0
132.19544529914856	1.9852995917007863	2.0
132.21028232574463	1.9852995917007863	2.0
132.22443675994873	1.9858585793910748	2.0
132.2379972934723	1.9858585793910748	2.0
132.25040888786316	1.9858585793910748	2.0
132.2651481628418	1.9864890537326771	2.0
132.27861094474792	1.9864890537326771	2.0
132.29454159736633	1.9876381275612165	2.0
132.30846548080444	1.9876381275612165	2.0
132.32254266738892	1.9876381275612165	2.0
132.33548188209534	1.9876381275612165	2.0
132.34987902641296	1.988577587448222	2.0
132.3639600276947	1.988577587448222	2.0
132.37867283821106	1.99006129507872	2.0
132.3913242816925	1.99006129507872	2.0
132.40422177314758	1.99006129507872	2.0
132.41790890693665	1.99006129507872	2.0
132.43166589736938	1.9913793620875886	2.0
132.44470763206482	1.9913793620875886	2.0
132.45967292785645	1.9932996388417692	2.0
132.47189450263977	1.9932996388417692	2.0
132.48439860343933	1.9932996388417692	2.0
132.49963307380676	1.9932996388417692	2.0
132.51374769210815	1.9952287350815516	2.0
132.5284070968628	1.9952287350815516	2.0
132.5436134338379	1.9972737071303175	2.0
132.556058883667	1.9972737071303175	2.0
132.56928825378418	1.9972737071303175	2.0
132.58610343933105	1.9998144331469607	2.0
132.59919548034668	1.9998144331469607	2.0
132.6158013343811	2.001993213398228	2.0
132.628235578537	2.001993213398228	2.0
132.64079642295837	2.001993213398228	2.0
132.65521597862244	2.001993213398228	2.0
132.6703691482544	2.0045071060981208	2.0
132.68327379226685	2.0045071060981208	2.0
132.69763469696045	2.0071833307997293	2.0
132.71007537841797	2.0071833307997293	2.0
132.72340989112854	2.0071833307997293	2.0
132.73924708366394	2.0071833307997293	2.0
132.7541699409485	2.009383165840161	2.0
132.7678427696228	2.009383165840161	2.0
132.7823028564453	2.011414817474966	2.0
132.79515409469604	2.011414817474966	2.0
132.80776286125183	2.011414817474966	2.0
132.8248164653778	2.013149836982008	2.0
132.83768963813782	2.013149836982008	2.0
132.85308599472046	2.013149836982008	2.0
132.86739563941956	2.014355951082652	2.0
132.88064002990723	2.014355951082652	2.0
132.89505791664124	2.014355951082652	2.0
132.90991139411926	2.01548015492446	2.0
132.92453265190125	2.01548015492446	2.0
132.9382028579712	2.01548015492446	2.0
132.95431399345398	2.0163583467175017	2.0
132.968359708786	2.0163583467175017	2.0
132.9846429824829	2.0170825990558368	2.0
132.99796772003174	2.0170825990558368	2.0
133.01179766654968	2.0170825990558368	2.0
133.02651572227478	2.0170825990558368	2.0
133.0408318042755	2.0178458310269907	2.0
133.05511355400085	2.0178458310269907	2.0
133.06918668746948	2.017960300310516	2.0
133.08284974098206	2.017960300310516	2.0
133.09556078910828	2.017960300310516	2.0
133.11063504219055	2.017960300310516	2.0
133.12436819076538	2.0174809288704694	2.0
133.1381232738495	2.0174809288704694	2.0
133.15303325653076	2.0171593298765496	2.0
133.1664535999298	2.0171593298765496	2.0
133.17989778518677	2.0171593298765496	2.0
133.1955051422119	2.016698187084293	2.0
133.20836639404297	2.016698187084293	2.0
133.22525358200073	2.016433275178167	2.0
133.23915719985962	2.016433275178167	2.0
133.25286173820496	2.016433275178167	2.0
133.2673146724701	2.016433275178167	2.0
133.28090906143188	2.016081374088601	2.0
133.2944712638855	2.016081374088601	2.0
133.30895352363586	2.015190891211941	2.0
133.3227677345276	2.015190891211941	2.0
133.33654618263245	2.015190891211941	2.0
133.35380268096924	2.0145728799765252	2.0
133.36727476119995	2.0145728799765252	2.0
133.38253903388977	2.0145728799765252	2.0
133.39553546905518	2.012922631225277	2.0
133.40868020057678	2.012922631225277	2.0
133.42254614830017	2.012922631225277	2.0
133.43792939186096	2.011976367116449	2.0
133.4519898891449	2.011976367116449	2.0
133.46768236160278	2.0107238935039193	2.0
133.48028826713562	2.0107238935039193	2.0
133.49418807029724	2.0107238935039193	2.0
133.50895881652832	2.0107238935039193	2.0
133.52143549919128	2.0095225485666752	2.0
133.53413271903992	2.0095225485666752	2.0
133.55074000358582	2.008444453560626	2.0
133.56338715553284	2.008444453560626	2.0
133.57703733444214	2.008444453560626	2.0
133.59170699119568	2.0075655972243487	2.0
133.60474586486816	2.0075655972243487	2.0
133.6189136505127	2.0075655972243487	2.0
133.63491487503052	2.00684106492064	2.0
133.64797472953796	2.00684106492064	2.0
133.660569190979	2.00684106492064	2.0
133.6755919456482	2.0057992555801762	2.0
133.6893332004547	2.0057992555801762	2.0
133.70326280593872	2.0057992555801762	2.0
133.71892857551575	2.004936830296847	2.0
133.73330307006836	2.004936830296847	2.0
133.74747824668884	2.004936830296847	2.0
133.76125478744507	2.0038383533566715	2.0
133.7744312286377	2.0038383533566715	2.0
133.78736925125122	2.0038383533566715	2.0
133.8018937110901	2.0032551824650633	2.0
133.8150007724762	2.0032551824650633	2.0
133.83069252967834	2.0025868714074706	2.0
133.84428668022156	2.0025868714074706	2.0
133.85735845565796	2.0025868714074706	2.0
133.87236952781677	2.0025868714074706	2.0
133.88658094406128	2.002075882571745	2.0
133.89998579025269	2.002075882571745	2.0
133.91628408432007	2.0005035836582286	2.0
133.93007254600525	2.0005035836582286	2.0
133.9448094367981	2.0005035836582286	2.0
133.96386814117432	1.9991969432547094	2.0
133.9830994606018	1.9991969432547094	2.0
134.00489449501038	1.9982913099721755	2.0
134.01711344718933	1.9982913099721755	2.0
134.03047895431519	1.9982913099721755	2.0
134.0448546409607	1.9965670266531117	2.0
134.0579640865326	1.9965670266531117	2.0
134.07360792160034	1.9948815433129223	2.0
134.08737206459045	1.9948815433129223	2.0
134.0999846458435	1.9948815433129223	2.0
134.1152536869049	1.9948815433129223	2.0
134.12909698486328	1.9930444259289761	2.0
134.14316296577454	1.9930444259289761	2.0
134.1585762500763	1.9906654691275456	2.0
134.17123937606812	1.9906654691275456	2.0
134.1842176914215	1.9906654691275456	2.0
134.19926118850708	1.988357841202586	2.0
134.21284413337708	1.988357841202586	2.0
134.2279133796692	1.988357841202586	2.0
134.24137330055237	1.9854259183044292	2.0
134.25400257110596	1.9854259183044292	2.0
134.26643180847168	1.9854259183044292	2.0
134.28272414207458	1.9823876672695384	2.0
134.29763960838318	1.9823876672695384	2.0
134.3163890838623	1.9799462704369593	2.0
134.3332335948944	1.9799462704369593	2.0
134.34815382957458	1.9799462704369593	2.0
134.3630609512329	1.9773603643205646	2.0
134.3773651123047	1.9773603643205646	2.0
134.3940999507904	1.9740078927296552	2.0
134.41204476356506	1.9740078927296552	2.0
134.43019032478333	1.9740078927296552	2.0
134.44626998901367	1.9706112829361573	2.0
134.45940470695496	1.9706112829361573	2.0
134.47175288200378	1.9706112829361573	2.0
134.4879732131958	1.9672253601355536	2.0
134.50151324272156	1.9672253601355536	2.0
134.51690030097961	1.9672253601355536	2.0
134.53067564964294	1.9639918218376813	2.0
134.54389810562134	1.9639918218376813	2.0
134.5570662021637	1.9639918218376813	2.0
134.5716621875763	1.960853075481996	2.0
134.5841212272644	1.960853075481996	2.0
134.59974217414856	1.958041647988642	2.0
134.61762189865112	1.958041647988642	2.0
134.63481092453003	1.958041647988642	2.0
134.65285897254944	1.955533041046499	2.0
134.6696319580078	1.955533041046499	2.0
134.68523597717285	1.952987022908457	2.0
134.69801235198975	1.952987022908457	2.0
134.7108190059662	1.952987022908457	2.0
134.72660636901855	1.950872036683587	2.0
134.73962807655334	1.950872036683587	2.0
134.75413942337036	1.950872036683587	2.0
134.76795864105225	1.9489794921630392	2.0
134.78042006492615	1.9489794921630392	2.0
134.79582953453064	1.9489794921630392	2.0
134.81141638755798	1.9472645597570832	2.0
134.83005905151367	1.9472645597570832	2.0
134.84551429748535	1.9461376728641144	2.0
134.8581826686859	1.9461376728641144	2.0
134.87180495262146	1.9461376728641144	2.0
134.88681983947754	1.945481943696508	2.0
134.901291847229	1.945481943696508	2.0
134.91963052749634	1.9456927761289406	2.0
134.93255472183228	1.9456927761289406	2.0
134.94491505622864	1.9456927761289406	2.0
134.9569432735443	1.9456927761289406	2.0
134.9751570224762	1.9466897593006085	2.0
134.99630737304688	1.9466897593006085	2.0
135.01207423210144	1.947335891288186	2.0
135.03284192085266	1.947335891288186	2.0
135.05095505714417	1.9480229239838596	2.0
135.0693016052246	1.9480229239838596	2.0
135.08798122406006	1.949442875300217	2.0
135.101243019104	1.949442875300217	2.0
135.1136748790741	1.949442875300217	2.0
135.12869119644165	1.9508825435979162	2.0
135.14155292510986	1.9508825435979162	2.0
135.1541666984558	1.9508825435979162	2.0
135.16761207580566	1.9508825435979162	2.0
135.18272805213928	1.9525064560629022	2.0
135.19524931907654	1.9525064560629022	2.0
135.21178436279297	1.9547123580766397	2.0
135.22490763664246	1.9547123580766397	2.0
135.23745250701904	1.9547123580766397	2.0
135.2534580230713	1.9547123580766397	2.0
135.26615595817566	1.957450716893656	2.0
135.28141260147095	1.957450716893656	2.0
135.29729056358337	1.9598075976504183	2.0
135.31036233901978	1.9598075976504183	2.0
135.32287764549255	1.9598075976504183	2.0
135.33859014511108	1.9614477622329112	2.0
135.35104632377625	1.9614477622329112	2.0
135.36646509170532	1.9626753642413104	2.0
135.3797252178192	1.9626753642413104	2.0
135.39226269721985	1.9626753642413104	2.0
135.40530824661255	1.9626753642413104	2.0
135.41949796676636	1.9642977545742344	2.0
135.43237614631653	1.9642977545742344	2.0
135.44840908050537	1.965880498760281	2.0
135.4614131450653	1.965880498760281	2.0
135.47435855865479	1.965880498760281	2.0
135.48819756507874	1.965880498760281	2.0
135.5030975341797	1.9674729452718267	2.0
135.51541113853455	1.9674729452718267	2.0
135.53084444999695	1.9695021034654907	2.0
135.54356932640076	1.9695021034654907	2.0
135.55788564682007	1.9695021034654907	2.0
135.57273888587952	1.9695021034654907	2.0
135.58721566200256	1.9708410798893936	2.0
135.60143065452576	1.9708410798893936	2.0
135.61622738838196	1.9715883375871825	2.0
135.62941718101501	1.9715883375871825	2.0
135.64228057861328	1.9715883375871825	2.0
135.65759754180908	1.971379493618862	2.0
135.67024970054626	1.971379493618862	2.0
135.68646717071533	1.9709079401098322	2.0
135.69934391975403	1.9709079401098322	2.0
135.7123839855194	1.9709079401098322	2.0
135.72556519508362	1.9709079401098322	2.0
135.7405869960785	1.969999234986799	2.0
135.75422143936157	1.969999234986799	2.0
135.76935577392578	1.969691460980746	2.0
135.78194427490234	1.969691460980746	2.0
135.79521942138672	1.969691460980746	2.0
135.81049370765686	1.969691460980746	2.0
135.82409715652466	1.9693112145138436	2.0
135.8375768661499	1.9693112145138436	2.0
135.8518705368042	1.9684712326297853	2.0
135.86482763290405	1.9684712326297853	2.0
135.8777003288269	1.9684712326297853	2.0
135.8942813873291	1.9674682237264407	2.0
135.90845775604248	1.9674682237264407	2.0
135.92078924179077	1.9674682237264407	2.0
135.93438124656677	1.9674682237264407	2.0
135.94862699508667	1.966087281797543	2.0
135.96123337745667	1.966087281797543	2.0
135.9773280620575	1.9650755769745885	2.0
135.99003219604492	1.9650755769745885	2.0
136.00380039215088	1.9650755769745885	2.0
136.01832580566406	1.9650755769745885	2.0
136.03251457214355	1.964096027237261	2.0
136.0455882549286	1.964096027237261	2.0
136.06071043014526	1.9636321555268328	2.0
136.07357716560364	1.9636321555268328	2.0
136.08680605888367	1.9636321555268328	2.0
136.1019423007965	1.9636321555268328	2.0
136.11500668525696	1.9633139985193604	2.0
136.13006567955017	1.9633139985193604	2.0
136.14531183242798	1.9635034109752947	2.0
136.1583411693573	1.9635034109752947	2.0
136.1710319519043	1.9635034109752947	2.0
136.1869797706604	1.9631360275059528	2.0
136.1996238231659	1.9631360275059528	2.0
136.21503257751465	1.9628029101376279	2.0
136.22815799713135	1.9628029101376279	2.0
136.24076414108276	1.9628029101376279	2.0
136.25355339050293	1.9628029101376279	2.0
136.2681953907013	1.9627175420216858	2.0
136.28157925605774	1.9627175420216858	2.0
136.29654097557068	1.9625785219705303	2.0
136.30902194976807	1.9625785219705303	2.0
136.321706533432	1.9625785219705303	2.0
136.33433771133423	1.9625785219705303	2.0
136.3484387397766	1.9622216197966171	2.0
136.36097407341003	1.9622216197966171	2.0
136.37684965133667	1.9613207135084612	2.0
136.38970232009888	1.9613207135084612	2.0
136.40216946601868	1.9613207135084612	2.0
136.41520810127258	1.9613207135084612	2.0
136.4296543598175	1.9606981517817066	2.0
136.44233012199402	1.9606981517817066	2.0
136.45667791366577	1.9598724285404017	2.0
136.46933126449585	1.9598724285404017	2.0
136.48193407058716	1.9598724285404017	2.0
136.49468517303467	1.9598724285404017	2.0
136.50912308692932	1.959499144869908	2.0
136.52166891098022	1.959499144869908	2.0
136.5368731021881	1.9589292454807599	2.0
136.54978775978088	1.9589292454807599	2.0
136.56181049346924	1.9589292454807599	2.0
136.57475686073303	1.9589292454807599	2.0
136.58908653259277	1.9585023104060202	2.0
136.60339903831482	1.9585023104060202	2.0
136.61797785758972	1.957887835495626	2.0
136.63092708587646	1.957887835495626	2.0
136.6434977054596	1.957887835495626	2.0
136.65650963783264	1.957887835495626	2.0
136.6718819141388	1.957106057974012	2.0
136.68419003486633	1.957106057974012	2.0
136.6961374282837	1.957106057974012	2.0
136.71217513084412	1.95655052260931	2.0
136.7251193523407	1.95655052260931	2.0
136.73795127868652	1.95655052260931	2.0
136.75279593467712	1.9559022329213012	2.0
136.76525139808655	1.9559022329213012	2.0
136.7782666683197	1.9559022329213012	2.0
136.79336214065552	1.955646031110374	2.0
136.8061821460724	1.955646031110374	2.0
136.8207516670227	1.955646031110374	2.0
136.83390378952026	1.955171226193396	2.0
136.84641027450562	1.955171226193396	2.0
136.85931515693665	1.955171226193396	2.0
136.874449968338	1.955114717032582	2.0
136.88764095306396	1.955114717032582	2.0
136.9026129245758	1.955114717032582	2.0
136.91531085968018	1.9547088628112086	2.0
136.92881774902344	1.9547088628112086	2.0
136.94313168525696	1.9547088628112086	2.0
136.9579358100891	1.9544494922364848	2.0
136.97091221809387	1.9544494922364848	2.0
136.98556780815125	1.9542078198316513	2.0
136.99818968772888	1.9542078198316513	2.0
137.0108983516693	1.9542078198316513	2.0
137.02519965171814	1.9542078198316513	2.0
137.04169178009033	1.9540711241724353	2.0
137.05494046211243	1.9540711241724353	2.0
137.0697844028473	1.9538685301031404	2.0
137.08305597305298	1.9538685301031404	2.0
137.09563159942627	1.9538685301031404	2.0
137.11190104484558	1.9541870593346231	2.0
137.12630009651184	1.9541870593346231	2.0
137.1427402496338	1.954088307665262	2.0
137.15632915496826	1.954088307665262	2.0
137.1689269542694	1.954088307665262	2.0
137.18241262435913	1.954088307665262	2.0
137.1976134777069	1.9539780833933265	2.0
137.21075868606567	1.9539780833933265	2.0
137.2271807193756	1.9540563808466485	2.0
137.2401921749115	1.9540563808466485	2.0
137.25327396392822	1.9540563808466485	2.0
137.26807761192322	1.9540563808466485	2.0
137.28638100624084	1.9546804225540941	2.0
137.303608417511	1.9555256446262532	2.0
137.32188963890076	1.9555256446262532	2.0
137.33956384658813	1.9555256446262532	2.0
137.3559272289276	1.9571614813907587	2.0
137.36912631988525	1.9571614813907587	2.0
137.38519406318665	1.9594293892052481	2.0
137.39828157424927	1.9594293892052481	2.0
137.41125559806824	1.9594293892052481	2.0
137.4249050617218	1.9594293892052481	2.0
137.43966436386108	1.9623076976339502	2.0
137.4529721736908	1.9623076976339502	2.0
137.465345621109	1.9623076976339502	2.0
137.48189187049866	1.9663380317626236	2.0
137.4954071044922	1.9663380317626236	2.0
137.51022362709045	1.9663380317626236	2.0
137.52316689491272	1.970366332233565	2.0
137.5364170074463	1.970366332233565	2.0
137.54946112632751	1.970366332233565	2.0
137.56465911865234	1.9749817064713695	2.0
137.57733249664307	1.9749817064713695	2.0
137.5927107334137	1.9807777922764545	2.0
137.60529088974	1.9807777922764545	2.0
137.61786913871765	1.9807777922764545	2.0
137.63193345069885	1.9807777922764545	2.0
137.6471664905548	1.9872849887166624	2.0
137.6609547138214	1.9872849887166624	2.0
137.6763038635254	1.9934605815675774	2.0
137.68932914733887	1.9934605815675774	2.0
137.70169377326965	1.9934605815675774	2.0
137.71575927734375	1.9934605815675774	2.0
137.72853255271912	1.9990651256230485	2.0
137.74150681495667	1.9990651256230485	2.0
137.75627732276917	2.0003897892935307	2.0
137.76894617080688	2.0003897892935307	2.0
137.7820327281952	2.0003897892935307	2.0
137.79675579071045	1.9999906618701613	2.0
137.80930304527283	1.9999906618701613	2.0
137.82215881347656	1.9999906618701613	2.0
137.8369755744934	1.997423624036076	2.0
137.84912133216858	1.997423624036076	2.0
137.86154079437256	1.997423624036076	2.0
137.87527203559875	1.997423624036076	2.0
137.88802194595337	1.9868253425793927	2.0
137.90045928955078	1.9868253425793927	2.0
137.91609621047974	1.9709672786222772	2.0
137.92817306518555	1.9709672786222772	2.0
137.94066762924194	1.9709672786222772	2.0
137.95474982261658	1.9709672786222772	2.0
137.96924233436584	nan	2.0
137.98284673690796	nan	2.0
137.99743390083313	nan	2.0
138.0099275112152	nan	2.0
138.02228426933289	nan	2.0
138.0368571281433	nan	2.0
138.05045914649963	nan	2.0
138.06318140029907	nan	2.0
138.07739567756653	nan	2.0
138.09064745903015	nan	2.0
138.1030993461609	nan	2.0
138.11911535263062	nan	2.0
138.1321587562561	nan	2.0
138.14747738838196	nan	2.0
138.16053795814514	nan	2.0
138.173841714859	nan	2.0
138.1857569217682	nan	2.0
138.20129489898682	nan	2.0
138.2147216796875	nan	2.0
138.22752833366394	nan	2.0
138.2436809539795	nan	2.0
138.25669050216675	nan	2.0
138.26981472969055	nan	2.0
138.28648400306702	nan	2.0
138.29926562309265	nan	2.0
138.3122432231903	nan	2.0
138.32798075675964	nan	2.0
138.3429470062256	nan	2.0
138.35814428329468	nan	2.0
138.37094378471375	nan	2.0
138.38458847999573	nan	2.0
138.40594696998596	1.2730042284382082	2.0
138.41864657402039	1.2730042284382082	2.0
138.4382517337799	1.4010705382973632	2.0
138.45192074775696	1.4010705382973632	2.0
138.46646308898926	1.4010705382973632	2.0
138.4795253276825	1.4010705382973632	2.0
138.49305415153503	1.3671129842629999	2.0
138.50624752044678	1.3671129842629999	2.0
138.52149319648743	1.3386289882199978	2.0
138.53498768806458	1.3386289882199978	2.0
138.5476884841919	1.3386289882199978	2.0
138.56320691108704	1.3386289882199978	2.0
138.5769922733307	1.3173556054173354	2.0
138.59155797958374	1.3173556054173354	2.0
138.6062786579132	1.3020322570279799	2.0
138.61921763420105	1.3020322570279799	2.0
138.6321976184845	1.3020322570279799	2.0
138.64922094345093	1.2893685855022265	2.0
138.66291642189026	1.2893685855022265	2.0
138.67738389968872	nan	2.0
138.69080138206482	nan	2.0
138.70428228378296	nan	2.0
138.71757650375366	nan	2.0
138.73175883293152	nan	2.0
138.74518060684204	nan	2.0
138.76095032691956	nan	2.0
138.77410697937012	nan	2.0
138.7868049144745	nan	2.0
138.79992580413818	nan	2.0
138.81515789031982	nan	2.0
138.82855534553528	nan	2.0
138.8439769744873	nan	2.0
138.8571424484253	nan	2.0
138.8692181110382	nan	2.0
138.88465881347656	nan	2.0
138.89846277236938	nan	2.0
138.9148781299591	nan	2.0
138.92842364311218	nan	2.0
138.94175267219543	nan	2.0
138.95534920692444	nan	2.0
138.97004413604736	nan	2.0
138.9834098815918	nan	2.0
138.99631881713867	nan	2.0
139.00990843772888	nan	2.0
139.02430057525635	nan	2.0
139.0378234386444	nan	2.0
139.0518720149994	nan	2.0
139.06454849243164	nan	2.0
139.07670259475708	nan	2.0
139.09213614463806	nan	2.0
139.10584664344788	nan	2.0
139.12047457695007	nan	2.0
139.13463521003723	nan	2.0
139.14677929878235	nan	2.0
139.15893983840942	nan	2.0
139.17372369766235	nan	2.0
139.1871519088745	nan	2.0
139.20144414901733	nan	2.0
139.21531558036804	nan	2.0
139.22807955741882	nan	2.0
139.24119424819946	nan	2.0
139.2555284500122	nan	2.0
139.26844954490662	nan	2.0
139.28233528137207	nan	2.0
139.29776620864868	nan	2.0
139.31160402297974	nan	2.0
139.32467985153198	nan	2.0
139.3387532234192	nan	2.0
139.35204887390137	nan	2.0
139.36733293533325	nan	2.0
139.37988710403442	nan	2.0
139.39249229431152	nan	2.0
139.40594172477722	nan	2.0
139.42023372650146	nan	2.0
139.43355989456177	nan	2.0
139.44887399673462	nan	2.0
139.4623532295227	nan	2.0
139.47507238388062	nan	2.0
139.4888927936554	nan	2.0
139.50394678115845	nan	2.0
139.52295923233032	nan	2.0
139.54350423812866	nan	2.0
139.56467866897583	nan	2.0
139.58454370498657	nan	2.0
139.60631465911865	nan	2.0
139.62830305099487	nan	2.0
139.6493194103241	nan	2.0
139.67293310165405	nan	2.0
139.69396042823792	nan	2.0
139.71446990966797	nan	2.0
139.72942733764648	nan	2.0
139.7448124885559	nan	2.0
139.7586772441864	nan	2.0
139.77169799804688	nan	2.0
139.78935647010803	1.0937481671075984	2.0
139.80574345588684	1.0937481671075984	2.0
139.82064533233643	1.2163365648976536	2.0
139.83442544937134	1.2163365648976536	2.0
139.8469786643982	1.2163365648976536	2.0
139.8651568889618	1.2177805515703102	2.0
139.88691091537476	1.2177805515703102	2.0
139.90937447547913	1.220401438528769	2.0
139.93128490447998	1.220401438528769	2.0
139.95546197891235	1.2241103242971756	2.0
139.97615694999695	1.2290604589349126	2.0
139.989403963089	1.2290604589349126	2.0
140.00266432762146	1.2290604589349126	2.0
140.01705527305603	1.2290604589349126	2.0
140.03140234947205	1.236025408333116	2.0
140.04753303527832	1.236025408333116	2.0
140.06725907325745	1.2451956017495953	2.0
140.08223271369934	1.2451956017495953	2.0
140.09776830673218	1.2451956017495953	2.0
140.11394953727722	1.2579555546062005	2.0
140.12739896774292	1.2579555546062005	2.0
140.14234328269958	1.2757832319278086	2.0
140.15523862838745	1.2757832319278086	2.0
140.16749620437622	1.2757832319278086	2.0
140.18347573280334	nan	2.0
140.19670009613037	nan	2.0
140.21328806877136	nan	2.0
140.22731757164001	nan	2.0
140.24087691307068	nan	2.0
140.25446701049805	nan	2.0
140.26940655708313	nan	2.0
140.28338313102722	nan	2.0
140.2979233264923	nan	2.0
140.31189513206482	nan	2.0
140.32814073562622	nan	2.0
140.34737944602966	nan	2.0
140.3657102584839	nan	2.0
140.38632655143738	nan	2.0
140.40485787391663	nan	2.0
140.4251492023468	nan	2.0
140.4406819343567	nan	2.0
140.4550666809082	nan	2.0
140.46996784210205	nan	2.0
140.48459839820862	nan	2.0
140.49864768981934	nan	2.0
140.51338720321655	nan	2.0
140.52673816680908	nan	2.0
140.53893327713013	nan	2.0
140.5551335811615	nan	2.0
140.56754398345947	nan	2.0
140.58375096321106	nan	2.0
140.59742903709412	nan	2.0
140.61068272590637	nan	2.0
140.62364768981934	nan	2.0
140.63898301124573	nan	2.0
140.6516978740692	nan	2.0
140.66725516319275	nan	2.0
140.6801519393921	nan	2.0
140.6929669380188	nan	2.0
140.7076997756958	nan	2.0
140.7210991382599	nan	2.0
140.73427891731262	nan	2.0
140.74883222579956	nan	2.0
140.76279258728027	nan	2.0
140.77497005462646	nan	2.0
140.79020023345947	nan	2.0
140.80291867256165	nan	2.0
140.81552386283875	nan	2.0
140.82923984527588	nan	2.0
140.84165453910828	nan	2.0
140.85396695137024	nan	2.0
140.86875891685486	nan	2.0
140.88264179229736	nan	2.0
140.89716291427612	nan	2.0
140.91258549690247	nan	2.0
140.92533087730408	nan	2.0
140.93818712234497	nan	2.0
140.95352697372437	nan	2.0
140.96560621261597	nan	2.0
140.98261976242065	1.9604597478423007	2.0
140.9951674938202	1.9604597478423007	2.0
141.0076105594635	1.9604597478423007	2.0
141.01962304115295	1.9604597478423007	2.0
141.03477597236633	1.960940059993368	2.0
141.04702591896057	1.960940059993368	2.0
141.0611925125122	1.960940059993368	2.0
141.0750298500061	1.961085510013835	2.0
141.0883767604828	1.961085510013835	2.0
141.101802110672	1.961085510013835	2.0
141.11556792259216	1.960778481442406	2.0
141.12837266921997	1.960778481442406	2.0
141.14483857154846	1.9606618676043923	2.0
141.1587200164795	1.9606618676043923	2.0
141.1718487739563	1.9606618676043923	2.0
141.1852285861969	1.9606618676043923	2.0
141.20082592964172	1.960445810461535	2.0
141.21424651145935	1.960445810461535	2.0
141.22715830802917	1.960445810461535	2.0
141.242844581604	1.960288972721052	2.0
141.25582194328308	1.960288972721052	2.0
141.27151036262512	1.9599819441496238	2.0
141.2862033843994	1.9599819441496238	2.0
141.29898285865784	1.9599819441496238	2.0
141.3123893737793	1.9599819441496238	2.0
141.32736229896545	1.9597174362495007	2.0
141.34161353111267	1.9597174362495007	2.0
141.3569085597992	1.9594302833801478	2.0
141.37011075019836	1.9594302833801478	2.0
141.38410258293152	1.9594302833801478	2.0
141.4002296924591	1.958603469422841	2.0
141.41364121437073	1.958603469422841	2.0
141.42895698547363	1.958603469422841	2.0
141.4421911239624	1.958222526565698	2.0
141.45538330078125	1.958222526565698	2.0
141.4677791595459	1.958222526565698	2.0
141.48424243927002	1.9575312479738027	2.0
141.49654245376587	1.9575312479738027	2.0
141.51220726966858	1.9569967908309458	2.0
141.52544379234314	1.9569967908309458	2.0
141.53837060928345	1.9569967908309458	2.0
141.55351543426514	1.9569967908309458	2.0
141.5686173439026	1.9565419336880887	2.0
141.58458518981934	1.9565419336880887	2.0
141.59982013702393	1.9562876893982808	2.0
141.6135537624359	1.9562876893982808	2.0
141.62649297714233	1.9562876893982808	2.0
141.6422414779663	1.9558702699959067	2.0
141.65527987480164	1.9558702699959067	2.0
141.67030215263367	1.9555506065038433	2.0
141.68364334106445	1.9555506065038433	2.0
141.69593620300293	1.9555506065038433	2.0
141.71018481254578	1.9555506065038433	2.0
141.7260866165161	1.9526491549165417	2.0
141.739426612854	1.9526491549165417	2.0
141.75567722320557	1.9498333755953106	2.0
141.76881289482117	1.9498333755953106	2.0
141.78254461288452	1.9498333755953106	2.0
141.79841256141663	1.9472301846970121	2.0
141.81148099899292	1.9472301846970121	2.0
141.8268918991089	1.9472301846970121	2.0
141.84074711799622	1.9443730661492613	2.0
141.8544306755066	1.9443730661492613	2.0
141.86722993850708	1.9443730661492613	2.0
141.88226532936096	1.9418286381318495	2.0
141.89510941505432	1.9418286381318495	2.0
141.9109492301941	1.9393090813836253	2.0
141.92440605163574	1.9393090813836253	2.0
141.93760752677917	1.9393090813836253	2.0
141.95020842552185	1.9393090813836253	2.0
141.96551370620728	1.9368933458078437	2.0
141.9786081314087	1.9368933458078437	2.0
141.99161291122437	1.9368933458078437	2.0
142.00716924667358	1.9341734732792897	2.0
142.01981163024902	1.9341734732792897	2.0
142.03460693359375	1.9341734732792897	2.0
142.04929327964783	1.9314772510219889	2.0
142.0624876022339	1.9314772510219889	2.0
142.0754370689392	1.9314772510219889	2.0
142.0908875465393	1.9286756936197116	2.0
142.10375237464905	1.9286756936197116	2.0
142.1206874847412	1.9286922769530448	2.0
142.13426160812378	1.9286922769530448	2.0
142.14668607711792	1.9286922769530448	2.0
142.16313242912292	1.9286922769530448	2.0
142.17870831489563	1.9286533394559142	2.0
142.19252228736877	1.9286533394559142	2.0
142.20701503753662	1.928267466879737	2.0
142.21960997581482	1.928267466879737	2.0
142.23186540603638	1.928267466879737	2.0
142.24667239189148	1.9281620447864114	2.0
142.25977087020874	1.9281620447864114	2.0
142.27523016929626	1.9281620447864114	2.0
142.28960609436035	1.9277100226257464	2.0
142.30227780342102	1.9277100226257464	2.0
142.31484413146973	1.9277100226257464	2.0
142.32893252372742	1.9275993773953395	2.0
142.34202551841736	1.9275993773953395	2.0
142.3565890789032	1.9275993773953395	2.0
142.37022995948792	1.9271363303039273	2.0
142.38350892066956	1.9271363303039273	2.0
142.3972828388214	1.9271363303039273	2.0
142.41315269470215	1.9267890449853673	2.0
142.42680144309998	1.9267890449853673	2.0
142.4437141418457	1.9266779733764234	2.0
142.4564244747162	1.9266779733764234	2.0
142.46884536743164	1.9266779733764234	2.0
142.48597478866577	1.9265346492767006	2.0
142.49864888191223	1.9265346492767006	2.0
142.51326727867126	1.9265346492767006	2.0
142.52937364578247	1.9262693159433675	2.0
142.54180693626404	1.9262693159433675	2.0
142.55448246002197	1.9262693159433675	2.0
142.56952571868896	1.9259040232379196	2.0
142.58188199996948	1.9259040232379196	2.0
142.59828543663025	1.9258310136965222	2.0
142.6109311580658	1.9258310136965222	2.0
142.62410140037537	1.9258310136965222	2.0
142.6370062828064	1.9258310136965222	2.0
142.6523506641388	1.9256601272699292	2.0
142.66473126411438	1.9256601272699292	2.0
142.68036103248596	1.9258078766543556	2.0
142.69320368766785	1.9258078766543556	2.0
142.70606303215027	1.9258078766543556	2.0
142.71988677978516	1.9258078766543556	2.0
142.73528909683228	1.9253999542166818	2.0
142.74844908714294	1.9253999542166818	2.0
142.7624056339264	1.9253999542166818	2.0
142.77934169769287	1.925278679978455	2.0
142.79262280464172	1.925278679978455	2.0
142.80781149864197	1.9251943392582334	2.0
142.82042503356934	1.9251943392582334	2.0
142.83464932441711	1.9251943392582334	2.0
142.8479402065277	1.9251943392582334	2.0
142.86324286460876	1.9251943392582334	2.0
142.8762228488922	1.9251943392582334	2.0
142.89244318008423	1.925073065020006	2.0
142.908775806427	1.925073065020006	2.0
142.92166709899902	1.925073065020006	2.0
142.9368085861206	1.9246607019852262	2.0
142.94958353042603	1.9246607019852262	2.0
142.96561455726624	1.9246607019852262	2.0
142.97907066345215	1.9245298728070175	2.0
142.9919285774231	1.9245298728070175	2.0
143.00551509857178	1.9245298728070175	2.0
143.02060747146606	1.924272134425977	2.0
143.0339663028717	1.924272134425977	2.0
143.05056190490723	1.9241839349799938	2.0
143.0634787082672	1.9241839349799938	2.0
143.0765573978424	1.9241839349799938	2.0
143.0902509689331	1.9241839349799938	2.0
143.10819935798645	1.9239149113573404	2.0
143.12486219406128	1.9239149113573404	2.0
143.1385097503662	1.9237385124653739	2.0
143.15298080444336	1.9237385124653739	2.0
143.16822457313538	1.9237385124653739	2.0
143.1841835975647	1.9235312924962886	2.0
143.19919347763062	1.9235312924962886	2.0
143.2176432609558	1.9233455224131863	2.0
143.23189663887024	1.9233455224131863	2.0
143.2467827796936	1.9233455224131863	2.0
143.26112914085388	1.9230147744907486	2.0
143.2739953994751	1.9230147744907486	2.0
143.28793478012085	1.9229743191198652	2.0
143.30080199241638	1.9229743191198652	2.0
143.31387400627136	1.9229743191198652	2.0
143.32728004455566	1.9229743191198652	2.0
143.3418424129486	1.9229555154879787	2.0
143.3561999797821	1.9229555154879787	2.0
143.37140107154846	1.9228011664575075	2.0
143.38482117652893	1.9228011664575075	2.0
143.39813613891602	1.9228011664575075	2.0
143.4139325618744	1.9227956539921336	2.0
143.4276466369629	1.9227956539921336	2.0
143.44138097763062	1.9227956539921336	2.0
143.45707321166992	1.9227055098708656	2.0
143.46947503089905	1.9227055098708656	2.0
143.48258256912231	1.9227055098708656	2.0
143.49819326400757	1.9224574489290371	2.0
143.51165771484375	1.9224574489290371	2.0
143.5245041847229	1.9224574489290371	2.0
143.54068303108215	1.9224574489290371	2.0
143.55434918403625	1.9225192990976343	2.0
143.56870985031128	1.9225192990976343	2.0
143.58345866203308	1.9224564082633955	2.0
143.59622263908386	1.9224564082633955	2.0
143.6090521812439	1.9224564082633955	2.0
143.6250216960907	1.9222826590094815	2.0
143.63768458366394	1.9222826590094815	2.0
143.65311932563782	1.9222826590094815	2.0
143.66597151756287	1.9222826590094815	2.0
143.67937183380127	1.9222826590094815	2.0
143.69296431541443	1.9222826590094815	2.0
143.70744252204895	1.9222974100153618	2.0
143.72028017044067	1.9222974100153618	2.0
143.73680090904236	1.92215368779314	2.0
143.74957489967346	1.92215368779314	2.0
143.76198863983154	1.92215368779314	2.0
143.77506637573242	1.92215368779314	2.0
143.79068183898926	1.922236374773749	2.0
143.8028905391693	1.922236374773749	2.0
143.81727933883667	1.9222453478423855	2.0
143.82989239692688	1.9222453478423855	2.0
143.84220099449158	1.9222453478423855	2.0
143.85568141937256	1.9222453478423855	2.0
143.8698980808258	1.9221237367312747	2.0
143.8823630809784	1.9221237367312747	2.0
143.89640545845032	1.9222517057742459	2.0
143.90902161598206	1.9222517057742459	2.0
143.9218635559082	1.9222517057742459	2.0
143.93442940711975	1.9222517057742459	2.0
143.95166158676147	1.9220714447869351	2.0
143.96480870246887	1.9220714447869351	2.0
143.98056602478027	nan	2.0
143.99420499801636	nan	2.0
144.00773549079895	nan	2.0
144.022376537323	nan	2.0
144.0355565547943	nan	2.0
144.04921960830688	nan	2.0
144.06386375427246	nan	2.0
144.07682633399963	nan	2.0
144.0895631313324	nan	2.0
144.10415291786194	nan	2.0
144.11644220352173	nan	2.0
144.13153433799744	nan	2.0
144.14492654800415	nan	2.0
144.15825939178467	nan	2.0
144.17095971107483	nan	2.0
144.18769693374634	nan	2.0
144.20074725151062	nan	2.0
144.21423959732056	nan	2.0
144.22979307174683	nan	2.0
144.24341654777527	nan	2.0
144.25775933265686	nan	2.0
144.27153325080872	nan	2.0
144.28469944000244	nan	2.0
144.29821228981018	nan	2.0
144.3141667842865	nan	2.0
144.3271939754486	nan	2.0
144.3429572582245	nan	2.0
144.3562572002411	nan	2.0
144.36941528320312	nan	2.0
144.38384342193604	nan	2.0
144.39837765693665	nan	2.0
144.4125518798828	nan	2.0
144.42745971679688	nan	2.0
144.44055581092834	nan	2.0
144.45356464385986	nan	2.0
144.46872687339783	nan	2.0
144.482239484787	nan	2.0
144.49535012245178	nan	2.0
144.5111756324768	nan	2.0
144.5243217945099	nan	2.0
144.53706002235413	nan	2.0
144.55409789085388	nan	2.0
144.56684589385986	nan	2.0
144.58195638656616	nan	2.0
144.59482860565186	nan	2.0
144.6074502468109	nan	2.0
144.62014818191528	nan	2.0
144.63614463806152	nan	2.0
144.64898920059204	nan	2.0
144.66473817825317	nan	2.0
144.6780834197998	nan	2.0
144.69114995002747	nan	2.0
144.70435452461243	nan	2.0
144.7193021774292	nan	2.0
144.7333996295929	nan	2.0
144.7488329410553	nan	2.0
144.76214361190796	nan	2.0
144.77524518966675	nan	2.0
144.79056572914124	nan	2.0
144.80391812324524	nan	2.0
144.81748390197754	nan	2.0
144.83191919326782	nan	2.0
144.8443899154663	nan	2.0
144.8570578098297	nan	2.0
144.87307000160217	nan	2.0
144.88610291481018	nan	2.0
144.9005434513092	nan	2.0
144.91408777236938	nan	2.0
144.92674326896667	nan	2.0
144.9395923614502	nan	2.0
144.95510458946228	nan	2.0
144.9678978919983	nan	2.0
144.98121404647827	nan	2.0
144.9971058368683	nan	2.0
145.009868144989	nan	2.0
145.02312779426575	nan	2.0
145.03802752494812	nan	2.0
145.05076456069946	nan	2.0
145.06291937828064	nan	2.0
145.07766795158386	nan	2.0
145.0902018547058	nan	2.0
145.10318112373352	nan	2.0
145.1179060935974	nan	2.0
145.1310830116272	nan	2.0
145.14343190193176	nan	2.0
145.15911078453064	nan	2.0
145.17149686813354	nan	2.0
145.18590903282166	nan	2.0
145.19945883750916	nan	2.0
145.21269941329956	nan	2.0
145.22527241706848	nan	2.0
145.24033188819885	nan	2.0
145.2531294822693	nan	2.0
145.26820373535156	nan	2.0
145.28099942207336	nan	2.0
145.29368925094604	nan	2.0
145.3062539100647	nan	2.0
145.3212878704071	nan	2.0
145.33369827270508	nan	2.0
145.34793710708618	nan	2.0
145.36163020133972	nan	2.0
145.37385606765747	nan	2.0
145.38622736930847	nan	2.0
145.40161848068237	nan	2.0
145.4143726825714	nan	2.0
145.43009734153748	nan	2.0
145.4424159526825	nan	2.0
145.45494890213013	nan	2.0
145.46711206436157	nan	2.0
145.48199605941772	nan	2.0
145.49478220939636	nan	2.0
145.5094029903412	nan	2.0
145.52172255516052	nan	2.0
145.53465294837952	nan	2.0
145.54672408103943	nan	2.0
145.5636706352234	nan	2.0
145.57708477973938	nan	2.0
145.59322476387024	nan	2.0
145.6061930656433	nan	2.0
145.61841654777527	nan	2.0
145.63200616836548	nan	2.0
145.64699411392212	nan	2.0
145.65958976745605	nan	2.0
145.6746826171875	nan	2.0
145.68712210655212	nan	2.0
145.69976377487183	nan	2.0
145.71405339241028	nan	2.0
145.72793245315552	nan	2.0
145.74100399017334	nan	2.0
145.75416374206543	nan	2.0
145.77112245559692	nan	2.0
145.7846438884735	nan	2.0
145.80039238929749	nan	2.0
145.8136065006256	nan	2.0
145.8271679878235	nan	2.0
145.84159564971924	nan	2.0
145.8568012714386	nan	2.0
145.87015628814697	nan	2.0
145.8860502243042	nan	2.0
145.89892959594727	nan	2.0
145.91193222999573	nan	2.0
145.92769694328308	nan	2.0
145.94629454612732	nan	2.0
145.96343207359314	nan	2.0
145.97889161109924	nan	2.0
145.99547934532166	nan	2.0
146.01193642616272	nan	2.0
146.02691507339478	nan	2.0
146.04414653778076	nan	2.0
146.05726170539856	nan	2.0
146.06981444358826	nan	2.0
146.08627128601074	nan	2.0
146.10044646263123	nan	2.0
146.11618947982788	nan	2.0
146.12942051887512	nan	2.0
146.14358711242676	nan	2.0
146.1579098701477	nan	2.0
146.1743323802948	nan	2.0
146.18900179862976	nan	2.0
146.20446252822876	nan	2.0
146.21670699119568	nan	2.0
146.22966885566711	nan	2.0
146.24691677093506	nan	2.0
146.2599115371704	nan	2.0
146.27708983421326	nan	2.0
146.29267239570618	nan	2.0
146.3068835735321	nan	2.0
146.3209981918335	nan	2.0
146.33793091773987	nan	2.0
146.35130643844604	nan	2.0
146.36749815940857	nan	2.0
146.38773584365845	nan	2.0
146.40862894058228	nan	2.0
146.42929673194885	nan	2.0
146.45011615753174	nan	2.0
146.46731567382812	nan	2.0
146.4841549396515	nan	2.0
146.4999270439148	nan	2.0
146.51428318023682	nan	2.0
146.52747559547424	nan	2.0
146.54247069358826	nan	2.0
146.55545258522034	nan	2.0
146.57010340690613	nan	2.0
146.5848526954651	nan	2.0
146.5993070602417	nan	2.0
146.61842226982117	nan	2.0
146.63507962226868	nan	2.0
146.65163683891296	nan	2.0
146.66719007492065	nan	2.0
146.6829924583435	nan	2.0
146.7011227607727	nan	2.0
146.71607875823975	nan	2.0
146.73210740089417	nan	2.0
146.74640798568726	nan	2.0
146.75994038581848	nan	2.0
146.77679061889648	nan	2.0
146.79035925865173	nan	2.0
146.80585837364197	nan	2.0
146.81979370117188	nan	2.0
146.83377194404602	nan	2.0
146.84774136543274	nan	2.0
146.86319947242737	nan	2.0
146.8772337436676	nan	2.0
146.89251732826233	nan	2.0
146.90511059761047	nan	2.0
146.91772365570068	nan	2.0
146.9325807094574	nan	2.0
146.94605994224548	nan	2.0
146.9612958431244	nan	2.0
146.97583055496216	nan	2.0
146.99000144004822	nan	2.0
147.00499844551086	nan	2.0
147.02050137519836	nan	2.0
147.03431510925293	nan	2.0
147.05064988136292	nan	2.0
147.06385612487793	nan	2.0
147.07711172103882	nan	2.0
147.09204769134521	nan	2.0
147.10538530349731	nan	2.0
147.11886191368103	nan	2.0
147.1345818042755	nan	2.0
147.1475384235382	nan	2.0
147.16086888313293	nan	2.0
147.1777012348175	nan	2.0
147.19088625907898	nan	2.0
147.2063069343567	nan	2.0
147.21898674964905	nan	2.0
147.23354172706604	nan	2.0
147.2465922832489	nan	2.0
147.26137804985046	nan	2.0
147.27511954307556	nan	2.0
147.28909492492676	nan	2.0
147.3049099445343	nan	2.0
147.31741786003113	nan	2.0
147.333922624588	nan	2.0
147.3476595878601	nan	2.0
147.36169958114624	nan	2.0
147.37582421302795	nan	2.0
147.39174032211304	nan	2.0
147.40716075897217	nan	2.0
147.4221851825714	nan	2.0
147.43576312065125	nan	2.0
147.44880390167236	nan	2.0
147.46446919441223	nan	2.0
147.47770261764526	nan	2.0
147.49529600143433	nan	2.0
147.50828337669373	nan	2.0
147.52197122573853	nan	2.0
147.53703689575195	nan	2.0
147.55304837226868	nan	2.0
147.56724762916565	nan	2.0
147.5819001197815	nan	2.0
147.59523510932922	nan	2.0
147.6086299419403	nan	2.0
147.62535309791565	nan	2.0
147.6432945728302	nan	2.0
147.65787386894226	nan	2.0
147.67097806930542	nan	2.0
147.6848108768463	nan	2.0
147.69986486434937	nan	2.0
147.71408557891846	nan	2.0
147.7274374961853	nan	2.0
147.7429220676422	nan	2.0
147.7556188106537	nan	2.0
147.76857352256775	nan	2.0
147.7845594882965	nan	2.0
147.79712009429932	nan	2.0
147.81189155578613	nan	2.0
147.8249626159668	nan	2.0
147.83829760551453	nan	2.0
147.85146641731262	nan	2.0
147.8662748336792	nan	2.0
147.8795349597931	nan	2.0
147.89520931243896	nan	2.0
147.90908765792847	nan	2.0
147.92226433753967	nan	2.0
147.93592858314514	nan	2.0
147.95003962516785	nan	2.0
147.96301555633545	nan	2.0
147.97901487350464	nan	2.0
147.99304699897766	nan	2.0
148.00622177124023	nan	2.0
148.02089524269104	nan	2.0
148.03328394889832	nan	2.0
148.04603505134583	nan	2.0
148.05925011634827	nan	2.0
148.0740087032318	nan	2.0
148.0869436264038	nan	2.0
148.1025846004486	nan	2.0
148.11560726165771	nan	2.0
148.12883949279785	nan	2.0
148.14160585403442	nan	2.0
148.15702772140503	nan	2.0
148.17060232162476	nan	2.0
148.18602395057678	nan	2.0
148.19910764694214	nan	2.0
148.21314358711243	nan	2.0
148.22764039039612	nan	2.0
148.2409679889679	nan	2.0
148.25409841537476	nan	2.0
148.26789379119873	nan	2.0
148.28074502944946	nan	2.0
148.2938928604126	nan	2.0
148.30873370170593	nan	2.0
148.32242512702942	nan	2.0
148.33563041687012	nan	2.0
148.3501193523407	nan	2.0
148.3640022277832	nan	2.0
148.37695240974426	nan	2.0
148.39185070991516	nan	2.0
148.40485072135925	nan	2.0
148.41924357414246	nan	2.0
148.43324279785156	nan	2.0
148.44586634635925	nan	2.0
148.45855355262756	nan	2.0
148.4731104373932	nan	2.0
148.48602318763733	nan	2.0
148.50035977363586	nan	2.0
148.51633882522583	nan	2.0
148.53142142295837	nan	2.0
148.54914164543152	nan	2.0
148.56753754615784	nan	2.0
148.58554816246033	nan	2.0
148.6003565788269	nan	2.0
148.61376357078552	nan	2.0
148.62986207008362	nan	2.0
148.64371418952942	nan	2.0
148.65955924987793	nan	2.0
148.67411875724792	nan	2.0
148.6884162425995	nan	2.0
148.70467162132263	nan	2.0
148.72053170204163	nan	2.0
148.73492622375488	nan	2.0
148.75026774406433	nan	2.0
148.76496028900146	nan	2.0
148.78040504455566	nan	2.0
148.79629731178284	nan	2.0
148.81084179878235	nan	2.0
148.8240463733673	nan	2.0
148.84101462364197	nan	2.0
148.8566756248474	nan	2.0
148.87493658065796	nan	2.0
148.89367961883545	nan	2.0
148.9144263267517	nan	2.0
148.93280720710754	nan	2.0
148.94818902015686	nan	2.0
148.96330976486206	nan	2.0
148.97705245018005	nan	2.0
148.99163126945496	nan	2.0
149.00715827941895	nan	2.0
149.02055501937866	nan	2.0
149.03777599334717	nan	2.0
149.05308198928833	nan	2.0
149.06654167175293	nan	2.0
149.08429408073425	nan	2.0
149.09918117523193	nan	2.0
149.11687779426575	nan	2.0
149.1315815448761	nan	2.0
149.14513659477234	nan	2.0
149.16361927986145	nan	2.0
149.17802214622498	nan	2.0
149.19535422325134	nan	2.0
149.2095947265625	nan	2.0
149.22338247299194	nan	2.0
149.23980855941772	nan	2.0
149.25585675239563	nan	2.0
149.27257800102234	nan	2.0
149.29458951950073	nan	2.0
149.31637859344482	nan	2.0
149.3356773853302	nan	2.0
149.3523771762848	nan	2.0
149.36827278137207	nan	2.0
149.38503432273865	nan	2.0
149.4062488079071	nan	2.0
149.4279146194458	nan	2.0
149.44175243377686	nan	2.0
149.45524525642395	nan	2.0
149.46757817268372	nan	2.0
149.48363518714905	nan	2.0
149.49634075164795	nan	2.0
149.50865507125854	nan	2.0
149.52512073516846	nan	2.0
149.5376284122467	nan	2.0
149.55165362358093	nan	2.0
149.56527757644653	nan	2.0
149.57791948318481	nan	2.0
149.59136772155762	nan	2.0
149.60603141784668	nan	2.0
149.6184504032135	nan	2.0
149.6329071521759	nan	2.0
149.64615488052368	nan	2.0
149.6592571735382	nan	2.0
149.67299938201904	nan	2.0
149.69208192825317	nan	2.0
149.71179795265198	nan	2.0
149.72628951072693	nan	2.0
149.73860716819763	nan	2.0
149.7511396408081	nan	2.0
149.76729226112366	nan	2.0
149.7803692817688	nan	2.0
149.79633450508118	nan	2.0
149.81499552726746	nan	2.0
149.83446145057678	nan	2.0
149.85059142112732	nan	2.0
149.86304140090942	nan	2.0
149.87784242630005	nan	2.0
149.89071702957153	nan	2.0
149.90309357643127	nan	2.0
149.91600489616394	nan	2.0
149.93198084831238	nan	2.0
149.94451212882996	nan	2.0
149.95972180366516	nan	2.0
149.97855877876282	nan	2.0
149.9950864315033	nan	2.0
150.01500034332275	nan	2.0
150.03284573554993	nan	2.0
150.05531454086304	nan	2.0
150.07377409934998	nan	2.0
150.08962440490723	nan	2.0
150.1023187637329	nan	2.0
150.11914801597595	nan	2.0
150.13270545005798	nan	2.0
150.14554405212402	nan	2.0
150.16020917892456	nan	2.0
150.17944145202637	nan	2.0
150.19382071495056	nan	2.0
150.2100703716278	nan	2.0
150.22398114204407	nan	2.0
150.23775386810303	nan	2.0
150.2544174194336	nan	2.0
150.26704716682434	nan	2.0
150.28057765960693	nan	2.0
150.29703879356384	nan	2.0
150.31151700019836	nan	2.0
150.32972502708435	nan	2.0
150.344544172287	nan	2.0
150.3585922718048	nan	2.0
150.375235080719	nan	2.0
150.38896560668945	nan	2.0
150.40403699874878	nan	2.0
150.4172887802124	nan	2.0
150.43087697029114	nan	2.0
150.44349718093872	nan	2.0
150.45861291885376	nan	2.0
150.47156596183777	nan	2.0
150.48898482322693	nan	2.0
150.5041105747223	nan	2.0
150.51793479919434	nan	2.0
150.53319764137268	nan	2.0
150.54663825035095	nan	2.0
150.56256008148193	nan	2.0
150.57736587524414	nan	2.0
150.5909743309021	nan	2.0
150.6044361591339	nan	2.0
150.61970019340515	nan	2.0
150.63349103927612	nan	2.0
150.64914894104004	nan	2.0
150.662770986557	nan	2.0
150.6762294769287	nan	2.0
150.6928038597107	nan	2.0
150.70721626281738	nan	2.0
150.7231707572937	nan	2.0
150.7371244430542	nan	2.0
150.74996280670166	nan	2.0
150.76305103302002	nan	2.0
150.77820491790771	nan	2.0
150.7908787727356	nan	2.0
150.80738949775696	nan	2.0
150.82008981704712	nan	2.0
150.83368349075317	nan	2.0
150.8476483821869	nan	2.0
150.86250925064087	nan	2.0
150.87560415267944	nan	2.0
150.8911497592926	nan	2.0
150.9042158126831	nan	2.0
150.91703486442566	nan	2.0
150.93153381347656	nan	2.0
150.9447147846222	nan	2.0
150.95818185806274	nan	2.0
150.9729676246643	nan	2.0
150.9858796596527	nan	2.0
150.99831128120422	nan	2.0
151.0133571624756	nan	2.0
151.02599000930786	nan	2.0
151.03854417800903	nan	2.0
151.05167698860168	nan	2.0
151.06733179092407	nan	2.0
151.08014154434204	nan	2.0
151.09646224975586	nan	2.0
151.10941553115845	nan	2.0
151.12267684936523	nan	2.0
151.1359429359436	nan	2.0
151.15171933174133	nan	2.0
151.16478514671326	nan	2.0
151.1807041168213	nan	2.0
151.19345951080322	nan	2.0
151.20600771903992	nan	2.0
151.2209153175354	nan	2.0
151.23412895202637	nan	2.0
151.247079372406	nan	2.0
151.26258611679077	nan	2.0
151.27497911453247	nan	2.0
151.28749060630798	nan	2.0
151.30253267288208	nan	2.0
151.3148136138916	nan	2.0
151.3289713859558	nan	2.0
151.34392285346985	nan	2.0
151.35615611076355	nan	2.0
151.36886382102966	nan	2.0
151.38411736488342	nan	2.0
151.39667320251465	nan	2.0
151.4128851890564	nan	2.0
151.42564368247986	nan	2.0
151.43874955177307	nan	2.0
151.45166778564453	nan	2.0
151.46598768234253	nan	2.0
151.4791557788849	nan	2.0
151.49510526657104	nan	2.0
151.5075523853302	nan	2.0
151.5203971862793	nan	2.0
151.53596925735474	nan	2.0
151.55031609535217	nan	2.0
151.563467502594	nan	2.0
151.57867288589478	nan	2.0
151.592027425766	nan	2.0
151.60510993003845	nan	2.0
151.61909461021423	nan	2.0
151.63377571105957	nan	2.0
151.64691185951233	nan	2.0
151.66284036636353	nan	2.0
151.6757791042328	nan	2.0
151.68877005577087	nan	2.0
151.70463252067566	nan	2.0
151.7176856994629	nan	2.0
151.73280262947083	nan	2.0
151.74565076828003	nan	2.0
151.75853824615479	nan	2.0
151.7712743282318	nan	2.0
151.78762364387512	nan	2.0
151.80047154426575	nan	2.0
151.81393790245056	nan	2.0
151.83032178878784	1.9849812253192787	2.0
151.84393882751465	1.9849812253192787	2.0
151.85897397994995	1.9849812253192787	2.0
151.8731563091278	1.9840117381397913	2.0
151.88643074035645	1.9840117381397913	2.0
151.89917469024658	1.9840117381397913	2.0
151.9151575565338	1.982873550921298	2.0
151.92872071266174	1.982873550921298	2.0
151.94422101974487	1.9822033617020263	2.0
151.9572229385376	1.9822033617020263	2.0
151.96994304656982	1.9822033617020263	2.0
151.9844844341278	1.9822033617020263	2.0
152.00023651123047	1.9802531312899885	2.0
152.0146598815918	1.9802531312899885	2.0
152.02878284454346	1.977221112768594	2.0
152.04219722747803	1.977221112768594	2.0
152.05521440505981	1.977221112768594	2.0
152.07107019424438	1.9743668088760935	2.0
152.08447909355164	1.9743668088760935	2.0
152.10002160072327	1.9743668088760935	2.0
152.11381769180298	1.9716695588387996	2.0
152.12649607658386	1.9716695588387996	2.0
152.1394624710083	1.9716695588387996	2.0
152.1551549434662	1.9689733009441128	2.0
152.16809344291687	1.9689733009441128	2.0
152.18397855758667	1.9660611491583986	2.0
152.19674038887024	1.9660611491583986	2.0
152.20988273620605	1.9660611491583986	2.0
152.2238748073578	1.9660611491583986	2.0
152.23923897743225	1.9621777180444837	2.0
152.2526092529297	1.9621777180444837	2.0
152.26789808273315	1.9593670684976559	2.0
152.28107833862305	1.9593670684976559	2.0
152.29449892044067	1.9593670684976559	2.0
152.30905652046204	1.9593670684976559	2.0
152.32293891906738	1.9561800256842001	2.0
152.33745336532593	1.9561800256842001	2.0
152.35143756866455	1.953504703029274	2.0
152.36430597305298	1.953504703029274	2.0
152.37704372406006	1.953504703029274	2.0
152.39288449287415	1.9516410720361885	2.0
152.40573120117188	1.9516410720361885	2.0
152.42030572891235	1.9516410720361885	2.0
152.43525624275208	1.9511516220110265	2.0
152.44800472259521	1.9511516220110265	2.0
152.4618375301361	1.9511516220110265	2.0
152.47753024101257	1.950870477848572	2.0
152.49154233932495	1.950870477848572	2.0
152.50634908676147	1.9503187430090727	2.0
152.51922416687012	1.9503187430090727	2.0
152.53191828727722	1.9503187430090727	2.0
152.54485392570496	1.9503187430090727	2.0
152.5596466064453	1.9495655310703839	2.0
152.57262897491455	1.9495655310703839	2.0
152.58495092391968	1.9495655310703839	2.0
152.59925985336304	1.948908496111385	2.0
152.61248636245728	1.948908496111385	2.0
152.62763595581055	1.948908496111385	2.0
152.64055943489075	1.948617014929414	2.0
152.65315866470337	1.948617014929414	2.0
152.66631698608398	1.948617014929414	2.0
152.6815218925476	1.9479586104221878	2.0
152.69422245025635	1.9479586104221878	2.0
152.71121382713318	1.9478621255737028	2.0
152.72461485862732	1.9478621255737028	2.0
152.73753833770752	1.9478621255737028	2.0
152.75259613990784	1.9478621255737028	2.0
152.77046489715576	1.947352491427361	2.0
152.7845163345337	1.947352491427361	2.0
152.80025124549866	1.9469430926838285	2.0
152.81342101097107	1.9469430926838285	2.0
152.82585763931274	1.9469430926838285	2.0
152.8426640033722	1.9468019845432678	2.0
152.85562181472778	1.9468019845432678	2.0
152.8717839717865	1.946180973641568	2.0
152.8844850063324	1.946180973641568	2.0
152.8974380493164	1.946180973641568	2.0
152.91132950782776	1.946180973641568	2.0
152.92646169662476	1.945472278612229	2.0
152.93929958343506	1.945472278612229	2.0
152.95515251159668	1.9452227679088654	2.0
152.96815299987793	1.9452227679088654	2.0
152.98079562187195	1.9452227679088654	2.0
152.99552512168884	1.9452227679088654	2.0
153.00916576385498	1.9450286686687295	2.0
153.0237100124359	1.9450286686687295	2.0
153.0388674736023	1.9445939496090046	2.0
153.05538201332092	1.9445939496090046	2.0
153.06906294822693	1.9445939496090046	2.0
153.08547711372375	1.9444327612388164	2.0
153.09880995750427	1.9444327612388164	2.0
153.1146433353424	1.9440046097236645	2.0
153.1276204586029	1.9440046097236645	2.0
153.1410174369812	1.9440046097236645	2.0
153.1548409461975	1.9440046097236645	2.0
153.16891026496887	1.9436096616453202	2.0
153.18397545814514	1.9436096616453202	2.0
153.19813513755798	1.9434468434635022	2.0
153.21131539344788	1.9434468434635022	2.0
153.22451782226562	1.9434468434635022	2.0
153.2401258945465	1.9422177853083493	2.0
153.25405740737915	1.9422177853083493	2.0
153.27151370048523	1.9416040344665983	2.0
153.2849941253662	1.9416040344665983	2.0
153.2982804775238	1.9416040344665983	2.0
153.3122522830963	1.9416040344665983	2.0
153.32816767692566	1.9413287729618443	2.0
153.34114456176758	1.9413287729618443	2.0
153.35424065589905	1.9413287729618443	2.0
153.37052059173584	1.9418959771885196	2.0
153.3846459388733	1.9418959771885196	2.0
153.39996552467346	1.9420547638756154	2.0
153.41342997550964	1.9420547638756154	2.0
153.42666268348694	1.9420547638756154	2.0
153.44005608558655	1.9420547638756154	2.0
153.45703554153442	1.9423985505927317	2.0
153.46978497505188	1.9423985505927317	2.0
153.48593139648438	1.943633626811988	2.0
153.49947118759155	1.943633626811988	2.0
153.51216316223145	1.943633626811988	2.0
153.52783060073853	1.9456277151530255	2.0
153.54058718681335	1.9456277151530255	2.0
153.55660605430603	1.949078999983841	2.0
153.56927609443665	1.949078999983841	2.0
153.5828721523285	1.949078999983841	2.0
153.59572982788086	1.949078999983841	2.0
153.61101913452148	1.9534619402612505	2.0
153.62450075149536	1.9534619402612505	2.0
153.63906812667847	1.95874985005511	2.0
153.65304374694824	1.95874985005511	2.0
153.6654281616211	1.95874985005511	2.0
153.67913579940796	1.95874985005511	2.0
153.69426155090332	1.9645828745565346	2.0
153.7071771621704	1.9645828745565346	2.0
153.72259044647217	1.969107153580206	2.0
153.735502243042	1.969107153580206	2.0
153.74888134002686	1.969107153580206	2.0
153.76550602912903	1.9730432941907032	2.0
153.77880024909973	1.9730432941907032	2.0
153.79645776748657	1.9767157093007586	2.0
153.80977845191956	1.9767157093007586	2.0
153.82282423973083	1.9767157093007586	2.0
153.83529686927795	1.9767157093007586	2.0
153.85273623466492	1.9805155808877448	2.0
153.86603307724	1.9805155808877448	2.0
153.88293957710266	1.983595778245379	2.0
153.8961865901947	1.983595778245379	2.0
153.90959930419922	1.983595778245379	2.0
153.92759704589844	1.9861038072806363	2.0
153.940345287323	1.9861038072806363	2.0
153.95629477500916	1.9861038072806363	2.0
153.96935319900513	1.987119094926177	2.0
153.98246240615845	1.987119094926177	2.0
153.99472045898438	1.987119094926177	2.0
154.00864362716675	1.9876616838294627	2.0
154.02181601524353	1.9876616838294627	2.0
154.03508043289185	1.9876616838294627	2.0
154.05075216293335	1.9876616838294627	2.0
154.0635929107666	1.9893376552131365	2.0
154.07677960395813	1.9893376552131365	2.0
154.09268760681152	1.9905548284013634	2.0
154.10581874847412	1.9905548284013634	2.0
154.1190083026886	1.9905548284013634	2.0
154.13423991203308	1.9927822619956526	2.0
154.14732909202576	1.9927822619956526	2.0
154.16273713111877	1.9927822619956526	2.0
154.17664337158203	1.995191823421786	2.0
154.18986177444458	1.995191823421786	2.0
154.20319509506226	1.995191823421786	2.0
154.2188844680786	1.9980830328104482	2.0
154.23228788375854	1.9980830328104482	2.0
154.24684023857117	2.0005643353019087	2.0
154.25994062423706	2.0005643353019087	2.0
154.272807598114	2.0005643353019087	2.0
154.28700399398804	2.0005643353019087	2.0
154.30190181732178	2.0021311462545244	2.0
154.31770873069763	2.0021311462545244	2.0
154.33552742004395	2.002544102741866	2.0
154.35376572608948	2.002544102741866	2.0
154.37617135047913	2.003404409614556	2.0
154.39148831367493	2.003404409614556	2.0
154.40924334526062	2.002639789524769	2.0
154.42269349098206	2.002639789524769	2.0
154.43585777282715	2.002639789524769	2.0
154.4510841369629	2.002639789524769	2.0
154.46413731575012	2.000632774619425	2.0
154.47694754600525	2.000632774619425	2.0
154.49392676353455	1.9982154783542754	2.0
154.5069179534912	1.9982154783542754	2.0
154.51972484588623	1.9982154783542754	2.0
154.53666639328003	1.9958423677542911	2.0
154.5499348640442	1.9958423677542911	2.0
154.56699419021606	1.992990689767258	2.0
154.5797963142395	1.992990689767258	2.0
154.59470319747925	1.992990689767258	2.0
154.6088683605194	1.992990689767258	2.0
154.62521719932556	1.9903587050479448	2.0
154.64032554626465	1.9903587050479448	2.0
154.65623688697815	1.987880695728009	2.0
154.66960740089417	1.987880695728009	2.0
154.68284606933594	1.987880695728009	2.0
154.69938588142395	1.985680899776592	2.0
154.71194744110107	1.985680899776592	2.0
154.72968316078186	1.9846392782275124	2.0
154.74365067481995	1.9846392782275124	2.0
154.7565414905548	1.9846392782275124	2.0
154.77451348304749	1.9830520217222891	2.0
154.7891809940338	1.9830520217222891	2.0
154.81041026115417	1.9830520217222891	2.0
154.83133816719055	1.982887168775645	2.0
154.8525207042694	1.982887168775645	2.0
154.869149684906	1.9823347104266766	2.0
154.88475966453552	1.9823347104266766	2.0
154.9020130634308	1.9817652642728305	2.0
154.91922211647034	1.9817652642728305	2.0
154.93779253959656	1.9813855853357634	2.0
154.95649600028992	1.9813855853357634	2.0
154.97356414794922	1.9813855853357634	2.0
154.9919970035553	1.980990667260049	2.0
155.00646424293518	1.980990667260049	2.0
155.02203845977783	1.9802444101506715	2.0
155.03635931015015	1.9802444101506715	2.0
155.04981398582458	1.9802444101506715	2.0
155.06631588935852	1.9793782475536357	2.0
155.08036732673645	1.9793782475536357	2.0
155.09844708442688	1.9791210783228663	2.0
155.11366367340088	1.9791210783228663	2.0
155.1277780532837	1.9791210783228663	2.0
155.14436507225037	1.9788470550548731	2.0
155.15799474716187	1.9788470550548731	2.0
155.17486023902893	1.9786531387205897	2.0
155.19073605537415	1.9786531387205897	2.0
155.20698308944702	1.9786531387205897	2.0
155.22430515289307	1.9779633534445165	2.0
155.23775458335876	1.9779633534445165	2.0
155.25469732284546	1.9777504271781	2.0
155.26853013038635	1.9777504271781	2.0
155.28149580955505	1.9777504271781	2.0
155.2957820892334	1.9777504271781	2.0
155.31223559379578	1.9774782630437824	2.0
155.32598853111267	1.9774782630437824	2.0
155.34006452560425	1.977221324356067	2.0
155.35295391082764	1.977221324356067	2.0
155.36599373817444	1.977221324356067	2.0
155.38366603851318	1.9768306495094414	2.0
155.39689111709595	1.9768306495094414	2.0
155.41184401512146	1.9768306495094414	2.0
155.42662692070007	1.9764314710520279	2.0
155.44044828414917	1.9764314710520279	2.0
155.4575183391571	1.9764314710520279	2.0
155.4734649658203	1.9759599941289512	2.0
155.48891830444336	1.9759599941289512	2.0
155.50525641441345	1.9753837675126225	2.0
155.51837706565857	1.9753837675126225	2.0
155.53195762634277	1.9753837675126225	2.0
155.54765820503235	1.9740790274612745	2.0
155.56089806556702	1.9740790274612745	2.0
155.57369828224182	1.9740790274612745	2.0
155.59029960632324	1.9740790274612745	2.0
155.60479640960693	1.9742412478679559	2.0
155.6236891746521	1.9743867933990518	2.0
155.63921689987183	1.9743867933990518	2.0
155.653742313385	1.9743867933990518	2.0
155.66901206970215	1.975243100575674	2.0
155.68451857566833	1.975243100575674	2.0
155.70416736602783	1.976479102011238	2.0
155.7190535068512	1.976479102011238	2.0
155.732679605484	1.976479102011238	2.0
155.74828839302063	1.976479102011238	2.0
155.7631115913391	1.978011570606038	2.0
155.77740097045898	1.978011570606038	2.0
155.79204559326172	1.9797992276971392	2.0
155.8043966293335	1.9797992276971392	2.0
155.81731629371643	1.9797992276971392	2.0
155.83205914497375	1.9827963726386006	2.0
155.8455286026001	1.9827963726386006	2.0
155.86297297477722	1.9865390988654894	2.0
155.87699484825134	1.9865390988654894	2.0
155.89195489883423	1.9865390988654894	2.0
155.9096486568451	1.9918109268196105	2.0
155.92475128173828	1.9918109268196105	2.0
155.94110894203186	1.9918109268196105	2.0
155.95698618888855	1.9976422045715125	2.0
155.97080612182617	1.9976422045715125	2.0
155.98838090896606	1.9976422045715125	2.0
156.00260949134827	2.0025919095260494	2.0
156.018000125885	2.0025919095260494	2.0
156.03144097328186	2.0068625683246006	2.0
156.04501795768738	2.0068625683246006	2.0
156.0578236579895	2.0068625683246006	2.0
156.07447838783264	2.009510574609517	2.0
156.08769965171814	2.009510574609517	2.0
156.10423254966736	2.011770646295077	2.0
156.11798214912415	2.011770646295077	2.0
156.13199067115784	2.011770646295077	2.0
156.14697003364563	2.011770646295077	2.0
156.16039896011353	2.013476660460237	2.0
156.17402267456055	2.013476660460237	2.0
156.18817853927612	2.0146238859450407	2.0
156.2010416984558	2.0146238859450407	2.0
156.21354007720947	2.0146238859450407	2.0
156.23007345199585	2.014334840824744	2.0
156.24502778053284	2.014334840824744	2.0
156.26305031776428	2.014334840824744	2.0
156.27861213684082	2.0130923051685743	2.0
156.2938027381897	2.0130923051685743	2.0
156.3102309703827	2.0106261372525323	2.0
156.32438230514526	2.0106261372525323	2.0
156.33713245391846	2.0106261372525323	2.0
156.35325074195862	2.0106261372525323	2.0
156.36969661712646	2.008923869960534	2.0
156.38334560394287	2.008923869960534	2.0
156.39996075630188	2.0070901058053936	2.0
156.41450810432434	2.0070901058053936	2.0
156.42756414413452	2.0070901058053936	2.0
156.44373321533203	2.005862114786888	2.0
156.45784306526184	2.005862114786888	2.0
156.4774272441864	2.0049666147868876	2.0
156.49594569206238	2.0049666147868876	2.0
156.51051568984985	2.0049666147868876	2.0
156.5306751728058	2.0037650706352474	2.0
156.54604053497314	2.0037650706352474	2.0
156.56100940704346	2.0038284389105634	2.0
156.57498168945312	2.0038284389105634	2.0
156.592134475708	2.0038284389105634	2.0
156.6088035106659	2.002558165728332	2.0
156.62429881095886	2.002558165728332	2.0
156.64222359657288	2.0011347672423065	2.0
156.66119503974915	2.0011347672423065	2.0
156.68087100982666	2.0002499694793987	2.0
156.69472408294678	2.0002499694793987	2.0
156.710684299469	1.9990185975961094	2.0
156.72496914863586	1.9990185975961094	2.0
156.73802423477173	1.9990185975961094	2.0
156.75268125534058	1.9990185975961094	2.0
156.7687804698944	1.9970221456157382	2.0
156.78282356262207	1.9970221456157382	2.0
156.7973186969757	1.9945915770022526	2.0
156.81091356277466	1.9945915770022526	2.0
156.82343649864197	1.9945915770022526	2.0
156.83974981307983	1.9924137450288701	2.0
156.8530330657959	1.9924137450288701	2.0
156.86831378936768	1.9924137450288701	2.0
156.8814661502838	1.9904629855303895	2.0
156.89392971992493	1.9904629855303895	2.0
156.90691828727722	1.9904629855303895	2.0
156.92104625701904	1.9888348829887594	2.0
156.9333517551422	1.9888348829887594	2.0
156.948495388031	1.9888348829887594	2.0
156.9629397392273	1.9860713779733274	2.0
156.9754672050476	1.9860713779733274	2.0
156.98909997940063	1.9860713779733274	2.0
157.0033495426178	1.984990038612688	2.0
157.01633381843567	1.984990038612688	2.0
157.0327272415161	1.984037501611154	2.0
157.04517221450806	1.984037501611154	2.0
157.0575451850891	1.984037501611154	2.0
157.07179856300354	1.984037501611154	2.0
157.08698344230652	1.9832211703418043	2.0
157.09946751594543	1.9832211703418043	2.0
157.1128852367401	1.9832211703418043	2.0
157.12986540794373	1.98230423491978	2.0
157.14294743537903	1.98230423491978	2.0
157.1590232849121	1.9812499611580663	2.0
157.17298793792725	1.9812499611580663	2.0
157.18601965904236	1.9812499611580663	2.0
157.20256805419922	1.9812499611580663	2.0
157.21707487106323	1.9809512378135097	2.0
157.23155117034912	1.9809512378135097	2.0
157.24554300308228	1.9798615006475295	2.0
157.25842356681824	1.9798615006475295	2.0
157.27141165733337	1.9798615006475295	2.0
157.28699803352356	1.9794606159152406	2.0
157.30116772651672	1.9794606159152406	2.0
157.31985521316528	1.9787219962833391	2.0
157.3344326019287	1.9787219962833391	2.0
157.34920382499695	1.9787219962833391	2.0
157.3676953315735	1.9779788172709931	2.0
157.38348126411438	1.9779788172709931	2.0
157.4023997783661	1.9774997469880848	2.0
157.41741132736206	1.9774997469880848	2.0
157.4322030544281	1.9774997469880848	2.0
157.44946765899658	1.9774427735729518	2.0
157.46489477157593	1.9774427735729518	2.0
157.48355841636658	1.9770198225026152	2.0
157.49670457839966	1.9770198225026152	2.0
157.50968980789185	1.9770198225026152	2.0
157.52678728103638	1.9765128438533455	2.0
157.5399944782257	1.9765128438533455	2.0
157.55368995666504	1.9765128438533455	2.0
157.57003355026245	1.976297757268474	2.0
157.58246779441833	1.976297757268474	2.0
157.59521532058716	1.976297757268474	2.0
157.61087274551392	1.9751406812777978	2.0
157.62415075302124	1.9751406812777978	2.0
157.63891077041626	1.9748225299297932	2.0
157.65133142471313	1.9748225299297932	2.0
157.66493320465088	1.9748225299297932	2.0
157.67792868614197	1.9748225299297932	2.0
157.69270658493042	1.9738871420608644	2.0
157.70579171180725	1.9738871420608644	2.0
157.72184467315674	1.9734475208530071	2.0
157.73468947410583	1.9734475208530071	2.0
157.7476990222931	1.9734475208530071	2.0
157.76192831993103	1.9734475208530071	2.0
157.776624917984	1.972987152734128	2.0
157.79164958000183	1.972987152734128	2.0
157.80673360824585	1.9721926230170368	2.0
157.81985592842102	1.9721926230170368	2.0
157.83306574821472	1.9721926230170368	2.0
157.8476996421814	1.9713232245949464	2.0
157.86084389686584	1.9713232245949464	2.0
157.8736891746521	1.9713232245949464	2.0
157.8882119655609	1.9713232245949464	2.0
157.90298652648926	1.9708737269849308	2.0
157.9168152809143	1.9708737269849308	2.0
157.93117499351501	1.9705207889456617	2.0
157.9442822933197	1.9705207889456617	2.0
157.9582850933075	1.9705207889456617	2.0
157.97498607635498	1.970631759175611	2.0
157.98899579048157	1.970631759175611	2.0
158.00444626808167	1.970631759175611	2.0
158.01867532730103	1.9714995767282482	2.0
158.03115916252136	1.9714995767282482	2.0
158.0449230670929	1.9714995767282482	2.0
158.05984687805176	1.972443116399586	2.0
158.07335877418518	1.972443116399586	2.0
158.08963108062744	1.9743427215867158	2.0
158.1041898727417	1.9743427215867158	2.0
158.12137389183044	1.9743427215867158	2.0
158.13721799850464	1.9765428557125717	2.0
158.15113496780396	1.9765428557125717	2.0
158.16812086105347	1.9795172443837945	2.0
158.18230509757996	1.9795172443837945	2.0
158.19665813446045	1.9795172443837945	2.0
158.21349096298218	1.9795172443837945	2.0
158.22741842269897	1.9831890194969168	2.0
158.24526000022888	1.9831890194969168	2.0
158.2597382068634	1.9873750845856741	2.0
158.27489638328552	1.9873750845856741	2.0
158.29146122932434	1.9873750845856741	2.0
158.30822372436523	1.9917949245703734	2.0
158.32610607147217	1.9969603977049295	2.0
158.34044241905212	1.9969603977049295	2.0
158.35584712028503	1.9969603977049295	2.0
158.37216901779175	1.9969603977049295	2.0
158.39151525497437	2.000166918645938	2.0
158.40748524665833	2.0031924508627745	2.0
158.42369151115417	2.0031924508627745	2.0
158.4379017353058	2.0031924508627745	2.0
158.45573616027832	2.005796350222908	2.0
158.4701166152954	2.005796350222908	2.0
158.48850917816162	2.0071899958854766	2.0
158.50302577018738	2.0071899958854766	2.0
158.51686263084412	2.0071899958854766	2.0
158.53348517417908	2.0090410868516555	2.0
158.54717326164246	2.0090410868516555	2.0
158.56049847602844	2.0090410868516555	2.0
158.5752854347229	2.0090410868516555	2.0
158.59215641021729	2.0100149381209764	2.0
158.60573649406433	2.0100149381209764	2.0
158.61963605880737	2.0110531612607057	2.0
158.63217401504517	2.0110531612607057	2.0
158.6445608139038	2.0110531612607057	2.0
158.6586880683899	2.0110531612607057	2.0
158.67119336128235	2.012189426692804	2.0
158.6840181350708	2.012189426692804	2.0
158.69914174079895	2.0121353842981136	2.0
158.71184301376343	2.0121353842981136	2.0
158.7250256538391	2.0121353842981136	2.0
158.74121975898743	2.0121353842981136	2.0
158.75387144088745	2.011315138915147	2.0
158.76845502853394	2.011315138915147	2.0
158.78253388404846	2.0119893102923565	2.0
158.79475235939026	2.0119893102923565	2.0
158.8078212738037	2.0119893102923565	2.0
158.8224811553955	2.0124350200715364	2.0
158.83514046669006	2.0124350200715364	2.0
158.8495683670044	2.0124350200715364	2.0
158.86363315582275	2.0128844160453525	2.0
158.87598180770874	2.0128844160453525	2.0
158.8885042667389	2.0128844160453525	2.0
158.90265274047852	2.0140077695003216	2.0
158.9150493144989	2.0140077695003216	2.0
158.92879796028137	2.0140077695003216	2.0
158.9437358379364	2.0130391529038714	2.0
158.95583510398865	2.0130391529038714	2.0
158.96801018714905	2.0130391529038714	2.0
158.98314023017883	2.0125468916773217	2.0
158.99604201316833	2.0125468916773217	2.0
159.01054763793945	2.0125468916773217	2.0
159.0243067741394	2.011176487195117	2.0
159.0383539199829	2.011176487195117	2.0
159.05097007751465	2.011176487195117	2.0
159.06657433509827	2.0091734119470677	2.0
159.07931852340698	2.0091734119470677	2.0
159.09571933746338	2.008067446938339	2.0
159.10798835754395	2.008067446938339	2.0
159.1201138496399	2.008067446938339	2.0
159.13520622253418	2.008067446938339	2.0
159.15028834342957	2.0068094097588522	2.0
159.16278386116028	2.0068094097588522	2.0
159.17801189422607	2.0054166656769277	2.0
159.19096612930298	2.0054166656769277	2.0
159.20331621170044	2.0054166656769277	2.0
159.2183403968811	2.0054166656769277	2.0
159.23217964172363	2.0040717907436596	2.0
159.24516081809998	2.0040717907436596	2.0
159.2599813938141	2.0027611965357437	2.0
159.27247285842896	2.0027611965357437	2.0
159.2848744392395	2.0027611965357437	2.0
159.3001401424408	2.0027611965357437	2.0
159.31318259239197	2.001628860441886	2.0
159.32549691200256	2.001628860441886	2.0
159.33815360069275	2.001628860441886	2.0
159.3537139892578	2.001547106605885	2.0
159.36606431007385	2.001547106605885	2.0
159.3834719657898	2.000940724405832	2.0
159.39610958099365	2.000940724405832	2.0
159.4083092212677	2.000940724405832	2.0
159.42126774787903	2.000940724405832	2.0
159.43698740005493	2.000654492548881	2.0
159.4497673511505	2.000654492548881	2.0
159.46635222434998	2.0003503572428807	2.0
159.47933530807495	2.0003503572428807	2.0
159.49170327186584	2.0003503572428807	2.0
159.50554084777832	2.0003503572428807	2.0
159.5203685760498	1.9998186788634247	2.0
159.53459882736206	1.9998186788634247	2.0
159.54933333396912	1.999252022735455	2.0
159.5615520477295	1.999252022735455	2.0
159.57515835762024	1.999252022735455	2.0
159.59300422668457	1.998783073688172	2.0
159.60782718658447	1.998783073688172	2.0
159.62637567520142	1.9982212624820939	2.0
159.6403193473816	1.9982212624820939	2.0
159.65380454063416	1.9982212624820939	2.0
159.67302584648132	1.9979510155685134	2.0
159.68802332878113	1.9979510155685134	2.0
159.7070939540863	1.9972186275343258	2.0
159.71989631652832	1.9972186275343258	2.0
159.73267340660095	1.9972186275343258	2.0
159.74833703041077	1.9972186275343258	2.0
159.76186227798462	1.996791993058227	2.0
159.77581119537354	1.996791993058227	2.0
159.79135012626648	1.996486548632894	2.0
159.8039493560791	1.996486548632894	2.0
159.8170680999756	1.996486548632894	2.0
159.83308601379395	1.995992632873044	2.0
159.84640550613403	1.995992632873044	2.0
159.8635115623474	1.9956741301422345	2.0
159.87624764442444	1.9956741301422345	2.0
159.8895697593689	1.9956741301422345	2.0
159.90359210968018	1.9956741301422345	2.0
159.9179332256317	1.995303270774608	2.0
159.93126487731934	1.995303270774608	2.0
159.94630026817322	1.9951729569703822	2.0
159.9591736793518	1.9951729569703822	2.0
159.9727005958557	1.9951729569703822	2.0
159.98977875709534	1.9951729569703822	2.0
160.00652170181274	1.9946986140875098	2.0
160.02398777008057	1.9940909176012802	2.0
160.0376431941986	1.9940909176012802	2.0
160.051753282547	1.9940909176012802	2.0
160.06801557540894	1.9940909176012802	2.0
160.08264255523682	1.9931450534037491	2.0
160.09657263755798	1.9931450534037491	2.0
160.11154961585999	1.9931450534037491	2.0
160.13001585006714	1.9925939764806722	2.0
160.1520836353302	1.9920038579203336	2.0
160.1724569797516	1.9920038579203336	2.0
160.19266843795776	1.9920038579203336	2.0
160.21127367019653	1.9914036581799959	2.0
160.22863245010376	1.9914036581799959	2.0
160.24383854866028	1.9917286400465444	2.0
160.26010298728943	1.9917286400465444	2.0
160.27863907814026	1.9917286400465444	2.0
160.29648303985596	1.9916834268823558	2.0
160.31406569480896	1.99230775900149	2.0
160.3283462524414	1.99230775900149	2.0
160.34182953834534	1.99230775900149	2.0
160.35830736160278	1.993654285343942	2.0
160.3730583190918	1.993654285343942	2.0
160.39036536216736	1.9958228991675893	2.0
160.40731978416443	1.9958228991675893	2.0
160.4206988811493	1.9958228991675893	2.0
160.4385690689087	1.9981786654220428	2.0
160.45577931404114	1.9981786654220428	2.0
160.4722831249237	2.0018232190782634	2.0
160.4894609451294	2.0018232190782634	2.0
160.50490856170654	2.0018232190782634	2.0
160.52607035636902	2.0060975027489785	2.0
160.54265189170837	2.0060975027489785	2.0
160.5598919391632	2.0112548932294656	2.0
160.57650351524353	2.0112548932294656	2.0
160.58973670005798	2.0112548932294656	2.0
160.60482382774353	2.0165549709241946	2.0
160.6174464225769	2.0165549709241946	2.0
160.63295817375183	2.0213028143289264	2.0
160.64615321159363	2.0213028143289264	2.0
160.65920519828796	2.0213028143289264	2.0
160.6746096611023	2.0213028143289264	2.0
160.6912808418274	2.0256940882491015	2.0
160.708660364151	2.0256940882491015	2.0
160.7239851951599	2.0295962358547146	2.0
160.74072861671448	2.0295962358547146	2.0
160.76066637039185	2.0326658788620753	2.0
160.77794528007507	2.0326658788620753	2.0
160.79688167572021	2.0346037002378154	2.0
160.8148262500763	2.0346037002378154	2.0
160.83156538009644	2.0346037002378154	2.0
160.85201621055603	2.036567450014993	2.0
160.86792016029358	2.036567450014993	2.0
160.88937091827393	2.037894364722971	2.0
160.90969443321228	2.037894364722971	2.0
160.92970252037048	2.0389539635608296	2.0
160.9447536468506	2.0389539635608296	2.0
160.96074151992798	2.0389539635608296	2.0
160.97730660438538	2.039161206142932	2.0
160.9999623298645	2.039161206142932	2.0
161.018483877182	2.039745133317345	2.0
161.03411030769348	2.039745133317345	2.0
161.0521697998047	2.040387243622988	2.0
161.0667531490326	2.040387243622988	2.0
161.08194661140442	2.041746207043749	2.0
161.09745597839355	2.041746207043749	2.0
161.1137068271637	2.041746207043749	2.0
161.13153982162476	2.0427624597815077	2.0
161.1465184688568	2.0427624597815077	2.0
161.16339683532715	2.044986505179944	2.0
161.17944169044495	2.044986505179944	2.0
161.19631576538086	2.044986505179944	2.0
161.21615648269653	2.047948179900391	2.0
161.2355456352234	2.047948179900391	2.0
161.25351905822754	2.0508347576819794	2.0
161.2690086364746	2.0508347576819794	2.0
161.28929710388184	2.052303556031036	2.0
161.30677700042725	2.052303556031036	2.0
161.3246099948883	2.0531011914064705	2.0
161.33943104743958	2.0531011914064705	2.0
161.35549569129944	2.0531011914064705	2.0
161.37190771102905	2.0533836617092653	2.0
161.3877923488617	2.0533836617092653	2.0
161.4052402973175	2.053465013910524	2.0
161.42171669006348	2.053465013910524	2.0
161.43818354606628	2.053465013910524	2.0
161.4552481174469	2.053494034743857	2.0
161.47167992591858	2.053494034743857	2.0
161.4863941669464	2.0531458169104355	2.0
161.4992640018463	2.0531458169104355	2.0
161.51171970367432	2.0531458169104355	2.0
161.5259292125702	2.052736073185049	2.0
161.53875708580017	2.052736073185049	2.0
161.55250453948975	2.052736073185049	2.0
161.56688356399536	2.0518270591858565	2.0
161.57954955101013	2.0518270591858565	2.0
161.59180426597595	2.0518270591858565	2.0
161.6086390018463	2.0500120593867925	2.0
161.62258386611938	2.0500120593867925	2.0
161.6361780166626	2.0500120593867925	2.0
161.65171933174133	2.0500120593867925	2.0
161.66545009613037	2.048755917742276	2.0
161.67903327941895	2.048755917742276	2.0
161.6935474872589	2.048214817407238	2.0
161.70659136772156	2.048214817407238	2.0
161.71977186203003	2.048214817407238	2.0
161.73629140853882	2.0476729033693837	2.0
161.7498438358307	2.0476729033693837	2.0
161.76778197288513	2.0474739033693834	2.0
161.7820065021515	2.0474739033693834	2.0
161.79702639579773	2.0474739033693834	2.0
161.81393027305603	2.0470546266398233	2.0
161.82726216316223	2.0470546266398233	2.0
161.84348893165588	2.0470546266398233	2.0
161.85813450813293	2.0463246500043097	2.0
161.87389087677002	2.0463246500043097	2.0
161.89060759544373	2.0463246500043097	2.0
161.90725874900818	2.0463246500043097	2.0
161.9266335964203	2.0463246500043097	2.0
161.94325923919678	2.0463246500043097	2.0
161.95573496818542	2.0463246500043097	2.0
161.97495794296265	2.0463246500043097	2.0
161.99012422561646	2.0463246500043097	2.0
162.00493264198303	2.0463246500043097	2.0
162.02312445640564	2.0463246500043097	2.0
162.03867530822754	2.0463246500043097	2.0
162.05427026748657	2.0463246500043097	2.0
162.06812834739685	2.0463246500043097	2.0
162.08423256874084	2.0463246500043097	2.0
162.09731125831604	2.0463246500043097	2.0
162.11072158813477	2.0463246500043097	2.0
162.1284945011139	2.0463246500043097	2.0
162.1438798904419	2.0463246500043097	2.0
162.15951085090637	2.0463246500043097	2.0
162.17494702339172	2.0463246500043097	2.0
162.1882004737854	2.0463246500043097	2.0
162.20372128486633	2.0463246500043097	2.0
162.2179090976715	2.0463246500043097	2.0
162.23255681991577	2.0463246500043097	2.0
162.24599289894104	2.0463246500043097	2.0
162.2592077255249	2.0463246500043097	2.0
162.27385592460632	2.0463246500043097	2.0
162.28830814361572	2.0463246500043097	2.0
162.30253529548645	2.0463246500043097	2.0
162.31697177886963	2.0463246500043097	2.0
162.33074426651	2.0463246500043097	2.0
162.34517788887024	2.0463246500043097	2.0
162.3585901260376	2.0463246500043097	2.0
162.37484765052795	2.0463246500043097	2.0
162.38849520683289	2.0463246500043097	2.0
162.40356063842773	2.0463246500043097	2.0
162.4177930355072	2.0463246500043097	2.0
162.43111944198608	2.0463246500043097	2.0
162.447767496109	2.0463246500043097	2.0
162.46354699134827	2.0463246500043097	2.0
162.4776256084442	2.0463246500043097	2.0
162.49235153198242	2.0463246500043097	2.0
162.50569224357605	2.0463246500043097	2.0
162.51863598823547	2.0463246500043097	2.0
162.5315079689026	2.0463246500043097	2.0
162.54405689239502	2.0463246500043097	2.0
162.5569884777069	2.0463246500043097	2.0
162.5730516910553	2.0463246500043097	2.0
162.58828949928284	2.0463246500043097	2.0
162.60369229316711	2.0463246500043097	2.0
162.61904907226562	2.0463246500043097	2.0
162.63559484481812	2.0463246500043097	2.0
162.65314364433289	2.0463246500043097	2.0
162.67034554481506	2.0463246500043097	2.0
162.68724465370178	2.0463246500043097	2.0
162.70317459106445	2.0463246500043097	2.0
162.7206654548645	2.0463246500043097	2.0
162.73731064796448	2.0463246500043097	2.0
162.75336074829102	2.0463246500043097	2.0
162.76842403411865	2.0463246500043097	2.0
162.7847490310669	2.0463246500043097	2.0
162.8000898361206	2.0463246500043097	2.0
162.81469535827637	2.0463246500043097	2.0
162.82944250106812	2.0463246500043097	2.0
162.8452594280243	2.0463246500043097	2.0
162.86152267456055	2.0463246500043097	2.0
162.8784122467041	2.0463246500043097	2.0
162.89505195617676	2.0463246500043097	2.0
162.90862703323364	2.0463246500043097	2.0
162.92424964904785	2.0463246500043097	2.0
162.9375822544098	2.0463246500043097	2.0
162.95165586471558	2.0463246500043097	2.0
162.97114753723145	2.0463246500043097	2.0
162.98828411102295	2.0463246500043097	2.0
163.00426840782166	2.0463246500043097	2.0
163.01883673667908	2.0463246500043097	2.0
163.0338191986084	2.0463246500043097	2.0
163.04922461509705	2.0463246500043097	2.0
163.0667917728424	2.0463246500043097	2.0
163.08534455299377	2.0463246500043097	2.0
163.09907388687134	2.0463246500043097	2.0
163.11408352851868	2.0463246500043097	2.0
163.12782192230225	2.0463246500043097	2.0
163.1432225704193	2.0463246500043097	2.0
163.15768146514893	2.0463246500043097	2.0
163.17286682128906	2.0463246500043097	2.0
163.18728876113892	2.0463246500043097	2.0
163.20065021514893	2.0463246500043097	2.0
163.21578073501587	2.0463246500043097	2.0
163.22973704338074	2.0463246500043097	2.0
163.24409437179565	2.0463246500043097	2.0
163.25959992408752	2.0463246500043097	2.0
163.2746181488037	2.0463246500043097	2.0
163.28796935081482	2.0463246500043097	2.0
163.30331802368164	2.0463246500043097	2.0
163.31809067726135	2.0463246500043097	2.0
163.33319997787476	2.0463246500043097	2.0
163.34748435020447	2.0463246500043097	2.0
163.36168241500854	2.0463246500043097	2.0
163.37560486793518	2.0463246500043097	2.0
163.39222955703735	2.0463246500043097	2.0
163.4061324596405	2.0463246500043097	2.0
163.41950345039368	2.0463246500043097	2.0
163.43306803703308	2.0463246500043097	2.0
163.44626426696777	2.0463246500043097	2.0
163.46011972427368	2.0463246500043097	2.0
163.4760708808899	2.0463246500043097	2.0
163.48992562294006	2.0463246500043097	2.0
163.50379061698914	2.0463246500043097	2.0
163.5165994167328	2.0463246500043097	2.0
163.52956700325012	2.0463246500043097	2.0
163.54381561279297	2.0463246500043097	2.0
163.55716013908386	2.0463246500043097	2.0
163.57020115852356	2.0463246500043097	2.0
163.5850372314453	2.0463246500043097	2.0
163.60040950775146	2.0463246500043097	2.0
163.61553478240967	2.0463246500043097	2.0
163.63029623031616	2.0463246500043097	2.0
163.6467001438141	2.0463246500043097	2.0
163.66432666778564	2.0463246500043097	2.0
163.68002200126648	2.0463246500043097	2.0
163.69787549972534	2.0463246500043097	2.0
163.71370005607605	2.0463246500043097	2.0
163.728661775589	2.0463246500043097	2.0
163.74373960494995	2.0463246500043097	2.0
163.7587695121765	2.0463246500043097	2.0
163.77680206298828	2.0463246500043097	2.0
163.7927267551422	2.0463246500043097	2.0
163.80929493904114	2.0463246500043097	2.0
163.8256757259369	2.0463246500043097	2.0
163.8426821231842	2.0463246500043097	2.0
163.85752844810486	2.0463246500043097	2.0
163.8724901676178	2.0463246500043097	2.0
163.88820147514343	2.0463246500043097	2.0
163.90257334709167	2.0463246500043097	2.0
163.91649413108826	2.0463246500043097	2.0
163.93143963813782	2.0463246500043097	2.0
163.94546484947205	2.0463246500043097	2.0
163.96060752868652	2.0463246500043097	2.0
163.9791224002838	2.0463246500043097	2.0
163.99546647071838	2.0463246500043097	2.0
164.00994777679443	2.0463246500043097	2.0
164.02408576011658	2.0463246500043097	2.0
164.0379626750946	2.0463246500043097	2.0
164.05467009544373	2.0463246500043097	2.0
164.0714032649994	2.0463246500043097	2.0
164.0894923210144	2.0463246500043097	2.0
164.10689234733582	2.0463246500043097	2.0
164.12385964393616	2.0463246500043097	2.0
164.14246559143066	2.0463246500043097	2.0
164.1584460735321	2.0463246500043097	2.0
164.17443370819092	2.0463246500043097	2.0
164.1889705657959	2.0463246500043097	2.0
164.20364665985107	2.0463246500043097	2.0
164.2187991142273	2.0463246500043097	2.0
164.23418354988098	2.0463246500043097	2.0
164.24965977668762	2.0463246500043097	2.0
164.2646234035492	2.0463246500043097	2.0
164.27808094024658	2.0463246500043097	2.0
164.29284524917603	2.0463246500043097	2.0
164.30857396125793	2.0463246500043097	2.0
164.3244113922119	2.0463246500043097	2.0
164.34071946144104	2.0463246500043097	2.0
164.35539293289185	2.0463246500043097	2.0
164.3689625263214	2.0463246500043097	2.0
164.38532304763794	2.0463246500043097	2.0
164.39910531044006	2.0463246500043097	2.0
164.41345834732056	2.0463246500043097	2.0
164.42850613594055	2.0463246500043097	2.0
164.44533967971802	2.0463246500043097	2.0
164.45911145210266	2.0463246500043097	2.0
164.47449111938477	2.0463246500043097	2.0
164.48857712745667	2.0463246500043097	2.0
164.50136756896973	2.0463246500043097	2.0
164.51667380332947	2.0463246500043097	2.0
164.53115010261536	2.0463246500043097	2.0
164.5453052520752	2.0463246500043097	2.0
164.55941009521484	2.0463246500043097	2.0
164.57241821289062	2.0463246500043097	2.0
164.58444261550903	2.0463246500043097	2.0
164.59900331497192	2.0463246500043097	2.0
164.61260294914246	2.0463246500043097	2.0
164.6253731250763	2.0463246500043097	2.0
164.64045786857605	2.0463246500043097	2.0
164.65490078926086	2.0463246500043097	2.0
164.66790795326233	2.0463246500043097	2.0
164.68150973320007	2.0463246500043097	2.0
164.6959331035614	2.0463246500043097	2.0
164.70997405052185	2.0463246500043097	2.0
164.72665238380432	2.0463246500043097	2.0
164.74077701568604	2.0463246500043097	2.0
164.75415754318237	2.0463246500043097	2.0
164.76825594902039	2.0463246500043097	2.0
164.78145289421082	2.0463246500043097	2.0
164.79500436782837	2.0463246500043097	2.0
164.80885338783264	2.0463246500043097	2.0
164.82239151000977	2.0463246500043097	2.0
164.8353579044342	2.0463246500043097	2.0
164.84788966178894	2.0463246500043097	2.0
164.8607475757599	2.0463246500043097	2.0
164.87366890907288	2.0463246500043097	2.0
164.88703680038452	2.0463246500043097	2.0
164.90135788917542	2.0463246500043097	2.0
164.91513967514038	2.0463246500043097	2.0
164.92885780334473	2.0463246500043097	2.0
164.94155097007751	2.0463246500043097	2.0
164.95533847808838	2.0463246500043097	2.0
164.974511384964	2.0463246500043097	2.0
164.9907672405243	2.0463246500043097	2.0
165.0056335926056	2.0463246500043097	2.0
165.02098560333252	2.0463246500043097	2.0
165.0356307029724	2.0463246500043097	2.0
165.05009722709656	2.0463246500043097	2.0
165.0660903453827	2.0463246500043097	2.0
165.08016157150269	2.0463246500043097	2.0
165.09664487838745	2.0463246500043097	2.0
165.11271166801453	2.0463246500043097	2.0
165.12772250175476	2.0463246500043097	2.0
165.14619851112366	2.0463246500043097	2.0
165.16081976890564	2.0463246500043097	2.0
165.17549800872803	2.0463246500043097	2.0
165.19071412086487	2.0463246500043097	2.0
165.20642495155334	2.0463246500043097	2.0
165.22155380249023	2.0463246500043097	2.0
165.23674964904785	2.0463246500043097	2.0
165.25108647346497	2.0463246500043097	2.0
165.26611232757568	2.0463246500043097	2.0
165.2805552482605	2.0463246500043097	2.0
165.29576349258423	2.0463246500043097	2.0
165.3112359046936	2.0463246500043097	2.0
165.32532405853271	2.0463246500043097	2.0
165.33890914916992	2.0463246500043097	2.0
165.35471987724304	2.0463246500043097	2.0
165.36947178840637	2.0463246500043097	2.0
165.3846197128296	2.0463246500043097	2.0
165.398122549057	2.0463246500043097	2.0
165.4122302532196	2.0463246500043097	2.0
165.4262125492096	2.0463246500043097	2.0
165.44245529174805	2.0463246500043097	2.0
165.45637702941895	2.0463246500043097	2.0
165.47184324264526	2.0463246500043097	2.0
165.48567056655884	2.0463246500043097	2.0
165.4980809688568	2.0463246500043097	2.0
165.51063537597656	2.0463246500043097	2.0
165.5255947113037	2.0463246500043097	2.0
165.53812909126282	2.0463246500043097	2.0
165.5544581413269	2.0463246500043097	2.0
165.5671100616455	2.0463246500043097	2.0
165.57963180541992	2.0463246500043097	2.0
165.5924735069275	2.0463246500043097	2.0
165.60670971870422	2.0463246500043097	2.0
165.62108373641968	2.0463246500043097	2.0
165.63642811775208	2.0463246500043097	2.0
165.65114498138428	2.0463246500043097	2.0
165.66403698921204	2.0463246500043097	2.0
165.67659974098206	2.0463246500043097	2.0
165.69093465805054	2.0463246500043097	2.0
165.70345735549927	2.0463246500043097	2.0
165.717059135437	2.0463246500043097	2.0
165.73010897636414	2.0463246500043097	2.0
165.742369890213	2.0463246500043097	2.0
165.75466918945312	2.0463246500043097	2.0
165.76687932014465	2.0463246500043097	2.0
165.77937388420105	2.0463246500043097	2.0
165.79203629493713	2.0463246500043097	2.0
165.8046531677246	2.0463246500043097	2.0
165.81877088546753	2.0463246500043097	2.0
165.83234310150146	2.0463246500043097	2.0
165.84649014472961	2.0463246500043097	2.0
165.86027812957764	2.0463246500043097	2.0
165.87281489372253	2.0463246500043097	2.0
165.8855323791504	2.0463246500043097	2.0
165.89821600914001	2.0463246500043097	2.0
165.91201066970825	2.0463246500043097	2.0
165.9256615638733	2.0463246500043097	2.0
165.9391918182373	2.0463246500043097	2.0
165.95175671577454	2.0463246500043097	2.0
165.96458530426025	2.0463246500043097	2.0
165.9778299331665	2.0463246500043097	2.0
165.9967963695526	2.0463246500043097	2.0
166.0112247467041	2.0463246500043097	2.0
166.02800011634827	2.0463246500043097	2.0
166.0436553955078	2.0463246500043097	2.0
166.0578157901764	2.0463246500043097	2.0
166.07424974441528	2.0463246500043097	2.0
166.08841037750244	2.0463246500043097	2.0
166.10532212257385	2.0463246500043097	2.0
166.11966228485107	2.0463246500043097	2.0
166.13559484481812	2.0463246500043097	2.0
166.1506326198578	2.0463246500043097	2.0
166.16658329963684	2.0463246500043097	2.0
166.18337750434875	2.0463246500043097	2.0
166.19727873802185	2.0463246500043097	2.0
166.2120156288147	2.0463246500043097	2.0
166.22554349899292	2.0463246500043097	2.0
166.2408483028412	2.0463246500043097	2.0
166.25522255897522	2.0463246500043097	2.0
166.27077269554138	2.0463246500043097	2.0
166.28784108161926	2.0463246500043097	2.0
166.303386926651	2.0463246500043097	2.0
166.31742691993713	2.0463246500043097	2.0
166.33216071128845	2.0463246500043097	2.0
166.34786987304688	2.0463246500043097	2.0
166.36353850364685	2.0463246500043097	2.0
166.37809872627258	2.0463246500043097	2.0
166.39368414878845	2.0463246500043097	2.0
166.40900707244873	2.0463246500043097	2.0
166.423433303833	2.0463246500043097	2.0
166.43920350074768	2.0463246500043097	2.0
166.4555220603943	2.0463246500043097	2.0
166.46929216384888	2.0463246500043097	2.0
166.4850287437439	2.0463246500043097	2.0
166.49892687797546	2.0463246500043097	2.0
166.51124453544617	2.0463246500043097	2.0
166.52452325820923	2.0463246500043097	2.0
166.53970074653625	2.0463246500043097	2.0
166.55714678764343	2.0463246500043097	2.0
166.57625150680542	2.0463246500043097	2.0
166.58986616134644	2.0463246500043097	2.0
166.6027569770813	2.0463246500043097	2.0
166.6157147884369	2.0463246500043097	2.0
166.62983512878418	2.0463246500043097	2.0
166.64395380020142	2.0463246500043097	2.0
166.65637922286987	2.0463246500043097	2.0
166.66890215873718	2.0463246500043097	2.0
166.68168354034424	2.0463246500043097	2.0
166.69455337524414	2.0463246500043097	2.0
166.70692133903503	2.0463246500043097	2.0
166.71947741508484	2.0463246500043097	2.0
166.73232555389404	2.0463246500043097	2.0
166.74673748016357	2.0463246500043097	2.0
166.7590787410736	2.0463246500043097	2.0
166.7721860408783	2.0463246500043097	2.0
166.78426694869995	2.0463246500043097	2.0
166.79911708831787	2.0463246500043097	2.0
166.81262016296387	2.0463246500043097	2.0
166.82580089569092	2.0463246500043097	2.0
166.83853030204773	2.0463246500043097	2.0
166.8520667552948	2.0463246500043097	2.0
166.86434745788574	2.0463246500043097	2.0
166.8770718574524	2.0463246500043097	2.0
166.8894670009613	2.0463246500043097	2.0
166.90509128570557	2.0463246500043097	2.0
166.9188883304596	2.0463246500043097	2.0
166.9314477443695	2.0463246500043097	2.0
166.94414353370667	2.0463246500043097	2.0
166.9592204093933	2.0463246500043097	2.0
166.97847294807434	2.0463246500043097	2.0
166.99516105651855	2.0463246500043097	2.0
167.00898623466492	2.0463246500043097	2.0
167.0245018005371	2.0463246500043097	2.0
167.03948259353638	2.0463246500043097	2.0
167.05459117889404	2.0463246500043097	2.0
167.06941723823547	2.0463246500043097	2.0
167.08456230163574	2.0463246500043097	2.0
167.0976438522339	2.0463246500043097	2.0
167.11368322372437	2.0463246500043097	2.0
167.12699675559998	2.0463246500043097	2.0
167.14242839813232	2.0463246500043097	2.0
167.1562192440033	2.0463246500043097	2.0
167.16986203193665	2.0463246500043097	2.0
167.18419313430786	2.0463246500043097	2.0
167.19735598564148	2.0463246500043097	2.0
167.210773229599	2.0463246500043097	2.0
167.22610712051392	2.0463246500043097	2.0
167.2407364845276	2.0463246500043097	2.0
167.25683665275574	2.0463246500043097	2.0
167.27118015289307	2.0463246500043097	2.0
167.28768515586853	2.0463246500043097	2.0
167.30194401741028	2.0463246500043097	2.0
167.3155641555786	2.0463246500043097	2.0
167.32956314086914	2.0463246500043097	2.0
167.3439257144928	2.0463246500043097	2.0
167.35831141471863	2.0463246500043097	2.0
167.37323927879333	2.0463246500043097	2.0
167.38824129104614	2.0463246500043097	2.0
167.4036660194397	2.0463246500043097	2.0
167.4185390472412	2.0463246500043097	2.0
167.43310165405273	2.0463246500043097	2.0
167.44717979431152	2.0463246500043097	2.0
167.4631233215332	2.0463246500043097	2.0
167.47795128822327	2.0463246500043097	2.0
167.49334335327148	2.0463246500043097	2.0
167.50809812545776	2.0463246500043097	2.0
167.52041578292847	2.0463246500043097	2.0
167.5337255001068	2.0463246500043097	2.0
167.54747033119202	2.0463246500043097	2.0
167.56007933616638	2.0463246500043097	2.0
167.57437753677368	2.0463246500043097	2.0
167.58787512779236	2.0463246500043097	2.0
167.60049629211426	2.0463246500043097	2.0
167.61309099197388	2.0463246500043097	2.0
167.62519073486328	2.0463246500043097	2.0
167.6390881538391	2.0463246500043097	2.0
167.65190029144287	2.0463246500043097	2.0
167.666574716568	2.0463246500043097	2.0
167.68056297302246	2.0463246500043097	2.0
167.69276571273804	2.0463246500043097	2.0
167.70630550384521	2.0463246500043097	2.0
167.72098898887634	2.0463246500043097	2.0
167.7360556125641	2.0463246500043097	2.0
167.74996995925903	2.0463246500043097	2.0
167.76348209381104	2.0463246500043097	2.0
167.7759268283844	2.0463246500043097	2.0
167.79069709777832	2.0463246500043097	2.0
167.80408096313477	2.0463246500043097	2.0
167.8161735534668	2.0463246500043097	2.0
167.83023834228516	2.0463246500043097	2.0
167.84349870681763	2.0463246500043097	2.0
167.85700869560242	2.0463246500043097	2.0
167.87019658088684	2.0463246500043097	2.0
167.8829345703125	2.0463246500043097	2.0
167.89564538002014	2.0463246500043097	2.0
167.9096839427948	2.0463246500043097	2.0
167.92266821861267	2.0463246500043097	2.0
167.93525218963623	2.0463246500043097	2.0
167.95032143592834	2.0463246500043097	2.0
167.96359610557556	2.0463246500043097	2.0
167.98112201690674	2.0463246500043097	2.0
167.99744319915771	2.0463246500043097	2.0
168.0120451450348	2.0463246500043097	2.0
168.0253164768219	2.0463246500043097	2.0
168.0404999256134	2.0463246500043097	2.0
168.05782079696655	2.0463246500043097	2.0
168.0725998878479	2.0463246500043097	2.0
168.08677124977112	2.0463246500043097	2.0
168.10186624526978	2.0463246500043097	2.0
168.11888599395752	2.0463246500043097	2.0
168.13530349731445	2.0463246500043097	2.0
168.15006828308105	2.0463246500043097	2.0
168.1649603843689	2.0463246500043097	2.0
168.18185830116272	2.0463246500043097	2.0
168.1980278491974	2.0463246500043097	2.0
168.2130355834961	2.0463246500043097	2.0
168.22942209243774	2.0463246500043097	2.0
168.2443971633911	2.0463246500043097	2.0
168.26003742218018	2.0463246500043097	2.0
168.27630639076233	2.0463246500043097	2.0
168.2929105758667	2.0463246500043097	2.0
168.30979108810425	2.0463246500043097	2.0
168.3241741657257	2.0463246500043097	2.0
168.34032821655273	2.0463246500043097	2.0
168.3576443195343	2.0463246500043097	2.0
168.37182116508484	2.0463246500043097	2.0
168.38720726966858	2.0463246500043097	2.0
168.40319156646729	2.0463246500043097	2.0
168.4194209575653	2.0463246500043097	2.0
168.4376106262207	2.0463246500043097	2.0
168.45355248451233	2.0463246500043097	2.0
168.468111038208	2.0463246500043097	2.0
168.48364973068237	2.0463246500043097	2.0
168.49724435806274	2.0463246500043097	2.0
168.51156640052795	2.0463246500043097	2.0
168.5238881111145	2.0463246500043097	2.0
168.5364134311676	2.0463246500043097	2.0
168.5491590499878	2.0463246500043097	2.0
168.56166648864746	2.0463246500043097	2.0
168.57419729232788	2.0463246500043097	2.0
168.58675289154053	2.0463246500043097	2.0
168.5993115901947	2.0463246500043097	2.0
168.6121051311493	2.0463246500043097	2.0
168.62532496452332	2.0463246500043097	2.0
168.6398479938507	2.0463246500043097	2.0
168.65532183647156	2.0463246500043097	2.0
168.67152214050293	2.0463246500043097	2.0
168.6869397163391	2.0463246500043097	2.0
168.70206832885742	2.0463246500043097	2.0
168.7181589603424	2.0463246500043097	2.0
168.7341570854187	2.0463246500043097	2.0
168.7497832775116	2.0463246500043097	2.0
168.76443600654602	2.0463246500043097	2.0
168.7789022922516	2.0463246500043097	2.0
168.79230856895447	2.0463246500043097	2.0
168.80895256996155	2.0463246500043097	2.0
168.82226586341858	2.0463246500043097	2.0
168.8368878364563	2.0463246500043097	2.0
168.8510982990265	2.0463246500043097	2.0
168.86483716964722	2.0463246500043097	2.0
168.87839889526367	2.0463246500043097	2.0
168.89367580413818	2.0463246500043097	2.0
168.9060413837433	2.0463246500043097	2.0
168.923109292984	2.0463246500043097	2.0
168.93724942207336	2.0463246500043097	2.0
168.95138430595398	2.0463246500043097	2.0
168.9660460948944	2.0463246500043097	2.0
168.98202300071716	2.0463246500043097	2.0
168.99910283088684	2.0463246500043097	2.0
169.01857948303223	2.0463246500043097	2.0
169.03769826889038	2.0463246500043097	2.0
169.05427646636963	2.0463246500043097	2.0
169.06964206695557	2.0463246500043097	2.0
169.08582520484924	2.0463246500043097	2.0
169.1008026599884	2.0463246500043097	2.0
169.116370677948	2.0463246500043097	2.0
169.1321485042572	2.0463246500043097	2.0
169.14587235450745	2.0463246500043097	2.0
169.15971064567566	2.0463246500043097	2.0
169.174476146698	2.0463246500043097	2.0
169.18848252296448	2.0463246500043097	2.0
169.202712059021	2.0463246500043097	2.0
169.21788382530212	2.0463246500043097	2.0
169.23356914520264	2.0463246500043097	2.0
169.24824953079224	2.0463246500043097	2.0
169.26385879516602	2.0463246500043097	2.0
169.27822589874268	2.0463246500043097	2.0
169.29382014274597	2.0463246500043097	2.0
169.3089199066162	2.0463246500043097	2.0
169.32814645767212	2.0463246500043097	2.0
169.34471583366394	2.0463246500043097	2.0
169.36230897903442	2.0463246500043097	2.0
169.38221669197083	2.0463246500043097	2.0
169.39663910865784	2.0463246500043097	2.0
169.4100284576416	2.0463246500043097	2.0
169.4226109981537	2.0463246500043097	2.0
169.43507862091064	2.0463246500043097	2.0
169.44813537597656	2.0463246500043097	2.0
169.4633753299713	2.0463246500043097	2.0
169.47615790367126	2.0463246500043097	2.0
169.4891939163208	2.0463246500043097	2.0
169.50215435028076	2.0463246500043097	2.0
169.51572918891907	2.0463246500043097	2.0
169.528404712677	2.0463246500043097	2.0
169.54037284851074	2.0463246500043097	2.0
169.55316829681396	2.0463246500043097	2.0
169.5659077167511	2.0463246500043097	2.0
169.57843828201294	2.0463246500043097	2.0
169.59031534194946	2.0463246500043097	2.0
169.60231184959412	2.0463246500043097	2.0
169.61455583572388	2.0463246500043097	2.0
169.62685751914978	2.0463246500043097	2.0
169.639408826828	2.0463246500043097	2.0
169.65132403373718	2.0463246500043097	2.0
169.66353726387024	2.0463246500043097	2.0
169.6763756275177	2.0463246500043097	2.0
169.68928718566895	2.0463246500043097	2.0
169.70411205291748	2.0463246500043097	2.0
169.71881365776062	2.0463246500043097	2.0
169.73434329032898	2.0463246500043097	2.0
169.74918246269226	2.0463246500043097	2.0
169.76482343673706	2.0463246500043097	2.0
169.77823209762573	2.0463246500043097	2.0
169.7911455631256	2.0463246500043097	2.0
169.80518770217896	2.0463246500043097	2.0
169.81918096542358	2.0463246500043097	2.0
169.83399629592896	2.0463246500043097	2.0
169.8476164340973	2.0463246500043097	2.0
169.86088109016418	2.0463246500043097	2.0
169.8742356300354	2.0463246500043097	2.0
169.88714027404785	2.0463246500043097	2.0
169.90026879310608	2.0463246500043097	2.0
169.91446256637573	2.0463246500043097	2.0
169.92760276794434	2.0463246500043097	2.0
169.94047713279724	2.0463246500043097	2.0
169.95337390899658	2.0463246500043097	2.0
169.96540665626526	2.0463246500043097	2.0
169.9786343574524	2.0463246500043097	2.0
169.99159288406372	2.0463246500043097	2.0
170.00416088104248	2.0463246500043097	2.0
170.01665043830872	2.0463246500043097	2.0
170.02974820137024	2.0463246500043097	2.0
170.04259943962097	2.0463246500043097	2.0
170.05619978904724	2.0463246500043097	2.0
170.07039070129395	2.0463246500043097	2.0
170.0846598148346	2.0463246500043097	2.0
170.09845495224	2.0463246500043097	2.0
170.11251306533813	2.0463246500043097	2.0
170.1260871887207	2.0463246500043097	2.0
170.13931274414062	2.0463246500043097	2.0
170.15376377105713	2.0463246500043097	2.0
170.16683506965637	2.0463246500043097	2.0
170.18035221099854	2.0463246500043097	2.0
170.1926577091217	2.0463246500043097	2.0
170.2052412033081	2.0463246500043097	2.0
170.2181830406189	2.0463246500043097	2.0
170.23175835609436	2.0463246500043097	2.0
170.24449133872986	2.0463246500043097	2.0
170.25790667533875	2.0463246500043097	2.0
170.27006769180298	2.0463246500043097	2.0
170.28385543823242	2.0463246500043097	2.0
170.29638409614563	2.0463246500043097	2.0
170.30931901931763	2.0463246500043097	2.0
170.32172560691833	2.0463246500043097	2.0
170.33517050743103	2.0463246500043097	2.0
170.49295711517334	2.0463246500043097	2.0
170.50384163856506	2.0463246500043097	2.0
170.51487255096436	2.0463246500043097	2.0
170.52598023414612	2.0463246500043097	2.0
170.5365707874298	2.0463246500043097	2.0
170.5473461151123	2.0463246500043097	2.0
170.55789184570312	2.0463246500043097	2.0
170.56852436065674	2.0463246500043097	2.0
170.57919931411743	2.0463246500043097	2.0
170.5899007320404	2.0463246500043097	2.0
170.60059118270874	2.0463246500043097	2.0
170.61180448532104	2.0463246500043097	2.0
170.622722864151	2.0463246500043097	2.0
170.63388109207153	2.0463246500043097	2.0
170.64497137069702	2.0463246500043097	2.0
170.6558964252472	2.0463246500043097	2.0
170.66707181930542	2.0463246500043097	2.0
170.67770504951477	2.0463246500043097	2.0
170.6886010169983	2.0463246500043097	2.0
170.69960260391235	2.0463246500043097	2.0
170.71031427383423	2.0463246500043097	2.0
170.72133326530457	2.0463246500043097	2.0
170.7320659160614	2.0463246500043097	2.0
170.7430613040924	2.0463246500043097	2.0
170.75376725196838	2.0463246500043097	2.0
170.764634847641	2.0463246500043097	2.0
170.7752013206482	2.0463246500043097	2.0
170.78653049468994	2.0463246500043097	2.0
170.79743671417236	2.0463246500043097	2.0
170.80801796913147	2.0463246500043097	2.0
170.81920266151428	2.0463246500043097	2.0
170.82979607582092	2.0463246500043097	2.0
170.84086775779724	2.0463246500043097	2.0
170.85174822807312	2.0463246500043097	2.0
170.86242723464966	2.0463246500043097	2.0
170.87308406829834	2.0463246500043097	2.0
170.88417840003967	2.0463246500043097	2.0
170.89546179771423	2.0463246500043097	2.0
170.9061233997345	2.0463246500043097	2.0
170.9171371459961	2.0463246500043097	2.0
170.92768478393555	2.0463246500043097	2.0
170.93836903572083	2.0463246500043097	2.0
170.9495072364807	2.0463246500043097	2.0
170.96006894111633	2.0463246500043097	2.0
170.97111177444458	2.0463246500043097	2.0
170.98195362091064	2.0463246500043097	2.0
170.99292421340942	2.0463246500043097	2.0
171.00396037101746	2.0463246500043097	2.0
171.01491570472717	2.0463246500043097	2.0
171.02593851089478	2.0463246500043097	2.0
171.03693175315857	2.0463246500043097	2.0
171.04768180847168	2.0463246500043097	2.0
171.05832982063293	2.0463246500043097	2.0
171.06905674934387	2.0463246500043097	2.0
171.07991814613342	2.0463246500043097	2.0
171.09054470062256	2.0463246500043097	2.0
171.1014528274536	2.0463246500043097	2.0
171.11232709884644	2.0463246500043097	2.0
171.12318062782288	2.0463246500043097	2.0
171.13392305374146	2.0463246500043097	2.0
171.14461135864258	2.0463246500043097	2.0
171.15554904937744	2.0463246500043097	2.0
171.16652822494507	2.0463246500043097	2.0
171.17758083343506	2.0463246500043097	2.0
171.18843007087708	2.0463246500043097	2.0
171.1995780467987	2.0463246500043097	2.0
171.21042466163635	2.0463246500043097	2.0
171.22117257118225	2.0463246500043097	2.0
171.23204374313354	2.0463246500043097	2.0
171.242684841156	2.0463246500043097	2.0
171.25342082977295	2.0463246500043097	2.0
171.26444029808044	2.0463246500043097	2.0
171.27519583702087	2.0463246500043097	2.0
171.28617978096008	2.0463246500043097	2.0
171.2968933582306	2.0463246500043097	2.0
171.30743598937988	2.0463246500043097	2.0
171.31829404830933	2.0463246500043097	2.0
171.32933521270752	2.0463246500043097	2.0
171.34049558639526	2.0463246500043097	2.0
171.35164952278137	2.0463246500043097	2.0
171.3628227710724	2.0463246500043097	2.0
171.3736755847931	2.0463246500043097	2.0
171.3846790790558	2.0463246500043097	2.0
171.39567828178406	2.0463246500043097	2.0
171.40638518333435	2.0463246500043097	2.0
171.41717791557312	2.0463246500043097	2.0
171.42816734313965	2.0463246500043097	2.0
171.4395089149475	2.0463246500043097	2.0
171.45042634010315	2.0463246500043097	2.0
171.46146488189697	2.0463246500043097	2.0
171.47236514091492	2.0463246500043097	2.0
171.4834749698639	2.0463246500043097	2.0
171.494530916214	2.0463246500043097	2.0
171.50558495521545	2.0463246500043097	2.0
171.51655888557434	2.0463246500043097	2.0
171.52758836746216	2.0463246500043097	2.0
171.53862047195435	2.0463246500043097	2.0
171.54965353012085	2.0463246500043097	2.0
171.56061029434204	2.0463246500043097	2.0
171.57151627540588	2.0463246500043097	2.0
171.5821692943573	2.0463246500043097	2.0
171.59296917915344	2.0463246500043097	2.0
171.60363101959229	2.0463246500043097	2.0
171.61443710327148	2.0463246500043097	2.0
171.6253538131714	2.0463246500043097	2.0
171.63647055625916	2.0463246500043097	2.0
171.64736676216125	2.0463246500043097	2.0
171.65802812576294	2.0463246500043097	2.0
171.66903734207153	2.0463246500043097	2.0
171.67988991737366	2.0463246500043097	2.0
171.69092798233032	2.0463246500043097	2.0
171.70193481445312	2.0463246500043097	2.0
171.71267127990723	2.0463246500043097	2.0
171.72341418266296	2.0463246500043097	2.0
171.7341685295105	2.0463246500043097	2.0
171.74491834640503	2.0463246500043097	2.0
171.7561800479889	2.0463246500043097	2.0
171.76718616485596	2.0463246500043097	2.0
171.7781732082367	2.0463246500043097	2.0
171.78913760185242	2.0463246500043097	2.0
171.8001685142517	2.0463246500043097	2.0
171.81093215942383	2.0463246500043097	2.0
171.8219289779663	2.0463246500043097	2.0
171.8327260017395	2.0463246500043097	2.0
171.84331798553467	2.0463246500043097	2.0
171.8543426990509	2.0463246500043097	2.0
171.86518001556396	2.0463246500043097	2.0
171.87618231773376	2.0463246500043097	2.0
171.8871841430664	2.0463246500043097	2.0
171.89776253700256	2.0463246500043097	2.0
171.908793926239	2.0463246500043097	2.0
171.9198658466339	2.0463246500043097	2.0
171.9309847354889	2.0463246500043097	2.0
171.9419343471527	2.0463246500043097	2.0
171.9529128074646	2.0463246500043097	2.0
171.96368265151978	2.0463246500043097	2.0
171.97443771362305	2.0463246500043097	2.0
171.98518657684326	2.0463246500043097	2.0
171.99588227272034	2.0463246500043097	2.0
172.00677251815796	2.0463246500043097	2.0
172.01777458190918	2.0463246500043097	2.0
172.02880549430847	2.0463246500043097	2.0
172.0399363040924	2.0463246500043097	2.0
172.0506772994995	2.0463246500043097	2.0
172.06144428253174	2.0463246500043097	2.0
172.07217502593994	2.0463246500043097	2.0
172.0829050540924	2.0463246500043097	2.0
172.09367728233337	2.0463246500043097	2.0
172.10467767715454	2.0463246500043097	2.0
172.11567664146423	2.0463246500043097	2.0
172.12629747390747	2.0463246500043097	2.0
172.13683986663818	2.0463246500043097	2.0
172.14766359329224	2.0463246500043097	2.0
172.15842199325562	2.0463246500043097	2.0
172.16940188407898	2.0463246500043097	2.0
172.18000388145447	2.0463246500043097	2.0
172.19055581092834	2.0463246500043097	2.0
172.2011902332306	2.0463246500043097	2.0
172.21232199668884	2.0463246500043097	2.0
172.2231764793396	2.0463246500043097	2.0
172.23392605781555	2.0463246500043097	2.0
172.24470615386963	2.0463246500043097	2.0
172.2554178237915	2.0463246500043097	2.0
172.26621079444885	2.0463246500043097	2.0
172.27692246437073	2.0463246500043097	2.0
172.2879331111908	2.0463246500043097	2.0
172.29891872406006	2.0463246500043097	2.0
172.30992460250854	2.0463246500043097	2.0
172.32059240341187	2.0463246500043097	2.0
172.3314230442047	2.0463246500043097	2.0
172.3421721458435	2.0463246500043097	2.0
172.3529510498047	2.0463246500043097	2.0
172.36361074447632	2.0463246500043097	2.0
172.37469816207886	2.0463246500043097	2.0
172.38543701171875	2.0463246500043097	2.0
172.39618825912476	2.0463246500043097	2.0
172.40683150291443	2.0463246500043097	2.0
172.4176733493805	2.0463246500043097	2.0
172.42847347259521	2.0463246500043097	2.0
172.43918681144714	2.0463246500043097	2.0
172.45027661323547	2.0463246500043097	2.0
172.46118354797363	2.0463246500043097	2.0
172.4722819328308	2.0463246500043097	2.0
172.4833962917328	2.0463246500043097	2.0
172.49443173408508	2.0463246500043097	2.0
172.5054211616516	2.0463246500043097	2.0
172.51648044586182	2.0463246500043097	2.0
172.52717399597168	2.0463246500043097	2.0
172.5381898880005	2.0463246500043097	2.0
172.54872012138367	2.0463246500043097	2.0
172.55931186676025	2.0463246500043097	2.0
172.57030367851257	2.0463246500043097	2.0
172.58139610290527	2.0463246500043097	2.0
172.59242391586304	2.0463246500043097	2.0
172.60329747200012	2.0463246500043097	2.0
172.61396384239197	2.0463246500043097	2.0
172.6248278617859	2.0463246500043097	2.0
172.63575649261475	2.0463246500043097	2.0
172.64684438705444	2.0463246500043097	2.0
172.6573576927185	2.0463246500043097	2.0
172.6678924560547	2.0463246500043097	2.0
172.6786072254181	2.0463246500043097	2.0
172.689306974411	2.0463246500043097	2.0
172.70046305656433	2.0463246500043097	2.0
172.71160459518433	2.0463246500043097	2.0
172.72232604026794	2.0463246500043097	2.0
172.7334690093994	2.0463246500043097	2.0
172.74451160430908	2.0463246500043097	2.0
172.75506687164307	2.0463246500043097	2.0
172.76599717140198	2.0463246500043097	2.0
172.7768576145172	2.0463246500043097	2.0
172.78766775131226	2.0463246500043097	2.0
172.79842019081116	2.0463246500043097	2.0
172.8089737892151	2.0463246500043097	2.0
172.81969785690308	2.0463246500043097	2.0
172.8303039073944	2.0463246500043097	2.0
172.84135556221008	2.0463246500043097	2.0
172.85232996940613	2.0463246500043097	2.0
172.8633155822754	2.0463246500043097	2.0
172.87384271621704	2.0463246500043097	2.0
172.8846743106842	2.0463246500043097	2.0
172.89544034004211	2.0463246500043097	2.0
172.90643072128296	2.0463246500043097	2.0
172.9174246788025	2.0463246500043097	2.0
172.92822575569153	2.0463246500043097	2.0
172.93891549110413	2.0463246500043097	2.0
172.94952535629272	2.0463246500043097	2.0
172.96038603782654	2.0463246500043097	2.0
172.97141695022583	2.0463246500043097	2.0
172.98245286941528	2.0463246500043097	2.0
172.99329113960266	2.0463246500043097	2.0
173.00424122810364	2.0463246500043097	2.0
173.0153226852417	2.0463246500043097	2.0
173.02588367462158	2.0463246500043097	2.0
173.0365288257599	2.0463246500043097	2.0
173.04765391349792	2.0463246500043097	2.0
173.0585536956787	2.0463246500043097	2.0
173.06932091712952	2.0463246500043097	2.0
173.07988166809082	2.0463246500043097	2.0
173.0905556678772	2.0463246500043097	2.0
173.10141730308533	2.0463246500043097	2.0
173.1123490333557	2.0463246500043097	2.0
173.12290334701538	2.0463246500043097	2.0
173.13390564918518	2.0463246500043097	2.0
173.14485931396484	2.0463246500043097	2.0
173.15543794631958	2.0463246500043097	2.0
173.1667206287384	2.0463246500043097	2.0
173.17741918563843	2.0463246500043097	2.0
173.18795204162598	2.0463246500043097	2.0
173.19880652427673	2.0463246500043097	2.0
173.2096290588379	2.0463246500043097	2.0
173.2203826904297	2.0463246500043097	2.0
173.2315821647644	2.0463246500043097	2.0
173.24260306358337	2.0463246500043097	2.0
173.25363159179688	2.0463246500043097	2.0
173.2642514705658	2.0463246500043097	2.0
173.27492928504944	2.0463246500043097	2.0
173.2860779762268	2.0463246500043097	2.0
173.2967836856842	2.0463246500043097	2.0
173.30741453170776	2.0463246500043097	2.0
173.31840777397156	2.0463246500043097	2.0
173.3293652534485	2.0463246500043097	2.0
173.3404302597046	2.0463246500043097	2.0
173.35145163536072	2.0463246500043097	2.0
173.36232328414917	2.0463246500043097	2.0
173.37318682670593	2.0463246500043097	2.0
173.38397598266602	2.0463246500043097	2.0
173.394606590271	2.0463246500043097	2.0
173.40532755851746	2.0463246500043097	2.0
173.41673851013184	2.0463246500043097	2.0
173.42777490615845	2.0463246500043097	2.0
173.43846702575684	2.0463246500043097	2.0
173.44902873039246	2.0463246500043097	2.0
173.459858417511	2.0463246500043097	2.0
173.4709792137146	2.0463246500043097	2.0
173.48202872276306	2.0463246500043097	2.0
173.49268007278442	2.0463246500043097	2.0
173.50345039367676	2.0463246500043097	2.0
173.5142056941986	2.0463246500043097	2.0
173.52500438690186	2.0463246500043097	2.0
173.53605222702026	2.0463246500043097	2.0
173.5470893383026	2.0463246500043097	2.0
173.55770802497864	2.0463246500043097	2.0
173.56888246536255	2.0463246500043097	2.0
173.579909324646	2.0463246500043097	2.0
173.59043717384338	2.0463246500043097	2.0
173.60146689414978	2.0463246500043097	2.0
173.61249709129333	2.0463246500043097	2.0
173.62352585792542	2.0463246500043097	2.0
173.63407564163208	2.0463246500043097	2.0
173.64503931999207	2.0463246500043097	2.0
173.65569019317627	2.0463246500043097	2.0
173.6667022705078	2.0463246500043097	2.0
173.67744183540344	2.0463246500043097	2.0
173.68845748901367	2.0463246500043097	2.0
173.69926166534424	2.0463246500043097	2.0
173.70998692512512	2.0463246500043097	2.0
173.72087240219116	2.0463246500043097	2.0
173.7315320968628	2.0463246500043097	2.0
173.7423985004425	2.0463246500043097	2.0
173.75340008735657	2.0463246500043097	2.0
173.76441860198975	2.0463246500043097	2.0
173.775484085083	2.0463246500043097	2.0
173.78649425506592	2.0463246500043097	2.0
173.79741954803467	2.0463246500043097	2.0
173.8079535961151	2.0463246500043097	2.0
173.8188979625702	2.0463246500043097	2.0
173.82981300354004	2.0463246500043097	2.0
173.84037137031555	2.0463246500043097	2.0
173.85152101516724	2.0463246500043097	2.0
173.86242246627808	2.0463246500043097	2.0
173.87301015853882	2.0463246500043097	2.0
173.88389658927917	2.0463246500043097	2.0
173.8948245048523	2.0463246500043097	2.0
173.9053931236267	2.0463246500043097	2.0
173.91595911979675	2.0463246500043097	2.0
173.92649936676025	2.0463246500043097	2.0
173.93757128715515	2.0463246500043097	2.0
173.94842863082886	2.0463246500043097	2.0
173.9595594406128	2.0463246500043097	2.0
173.97045373916626	2.0463246500043097	2.0
173.9813151359558	2.0463246500043097	2.0
173.99218487739563	2.0463246500043097	2.0
174.00304007530212	2.0463246500043097	2.0
174.01374578475952	2.0463246500043097	2.0
174.02433133125305	2.0463246500043097	2.0
174.0350935459137	2.0463246500043097	2.0
174.04605722427368	2.0463246500043097	2.0
174.0568425655365	2.0463246500043097	2.0
174.06745314598083	2.0463246500043097	2.0
174.0785584449768	2.0463246500043097	2.0
174.08922123908997	2.0463246500043097	2.0
174.10040950775146	2.0463246500043097	2.0
174.11136531829834	2.0463246500043097	2.0
174.1219837665558	2.0463246500043097	2.0
174.13308429718018	2.0463246500043097	2.0
174.14382696151733	2.0463246500043097	2.0
174.15450525283813	2.0463246500043097	2.0
174.16510367393494	2.0463246500043097	2.0
174.1757299900055	2.0463246500043097	2.0
174.1864619255066	2.0463246500043097	2.0
174.1974229812622	2.0463246500043097	2.0
174.20826959609985	2.0463246500043097	2.0
174.21931219100952	2.0463246500043097	2.0
174.22988367080688	2.0463246500043097	2.0
174.24045705795288	2.0463246500043097	2.0
174.25115180015564	2.0463246500043097	2.0
174.26222014427185	2.0463246500043097	2.0
174.2732310295105	2.0463246500043097	2.0
174.28430938720703	2.0463246500043097	2.0
174.29531168937683	2.0463246500043097	2.0
174.30589723587036	2.0463246500043097	2.0
174.3168921470642	2.0463246500043097	2.0
174.32814002037048	2.0463246500043097	2.0
174.33918857574463	2.0463246500043097	2.0
174.35045504570007	2.0463246500043097	2.0
174.36151933670044	2.0463246500043097	2.0
174.37246656417847	2.0463246500043097	2.0
174.38367652893066	2.0463246500043097	2.0
174.39488339424133	2.0463246500043097	2.0
174.4060778617859	2.0463246500043097	2.0
174.4178113937378	2.0463246500043097	2.0
174.42858290672302	2.0463246500043097	2.0
174.439626455307	2.0463246500043097	2.0
174.45053386688232	2.0463246500043097	2.0
174.46180534362793	2.0463246500043097	2.0
174.47289657592773	2.0463246500043097	2.0
174.48384165763855	2.0463246500043097	2.0
174.49488019943237	2.0463246500043097	2.0
174.50584721565247	2.0463246500043097	2.0
174.51650595664978	2.0463246500043097	2.0
174.5274269580841	2.0463246500043097	2.0
174.5379877090454	2.0463246500043097	2.0
174.54881763458252	2.0463246500043097	2.0
174.5594344139099	2.0463246500043097	2.0
174.57033157348633	2.0463246500043097	2.0
174.58105993270874	2.0463246500043097	2.0
174.59186434745789	2.0463246500043097	2.0
174.6028230190277	2.0463246500043097	2.0
174.6133577823639	2.0463246500043097	2.0
174.62412905693054	2.0463246500043097	2.0
174.6350235939026	2.0463246500043097	2.0
174.64568758010864	2.0463246500043097	2.0
174.65675377845764	2.0463246500043097	2.0
174.66768288612366	2.0463246500043097	2.0
174.67866730690002	2.0463246500043097	2.0
174.6892910003662	2.0463246500043097	2.0
174.7003252506256	2.0463246500043097	2.0
174.71118140220642	2.0463246500043097	2.0
174.72222256660461	2.0463246500043097	2.0
174.73313403129578	2.0463246500043097	2.0
174.74397325515747	2.0463246500043097	2.0
174.75471425056458	2.0463246500043097	2.0
174.76533842086792	2.0463246500043097	2.0
174.77589988708496	2.0463246500043097	2.0
174.78667378425598	2.0463246500043097	2.0
174.79724550247192	2.0463246500043097	2.0
174.80778646469116	2.0463246500043097	2.0
174.81893229484558	2.0463246500043097	2.0
174.8294599056244	2.0463246500043097	2.0
174.8404335975647	2.0463246500043097	2.0
174.85148811340332	2.0463246500043097	2.0
174.8620946407318	2.0463246500043097	2.0
174.8729145526886	2.0463246500043097	2.0
174.88344264030457	2.0463246500043097	2.0
174.89417386054993	2.0463246500043097	2.0
174.90469527244568	2.0463246500043097	2.0
174.91539430618286	2.0463246500043097	2.0
174.9265055656433	2.0463246500043097	2.0
174.93750715255737	2.0463246500043097	2.0
174.94851517677307	2.0463246500043097	2.0
174.95926976203918	2.0463246500043097	2.0
174.96983122825623	2.0463246500043097	2.0
174.98056316375732	2.0463246500043097	2.0
174.99170851707458	2.0463246500043097	2.0
175.0025761127472	2.0463246500043097	2.0
175.0136125087738	2.0463246500043097	2.0
175.0244746208191	2.0463246500043097	2.0
175.03536224365234	2.0463246500043097	2.0
175.0464859008789	2.0463246500043097	2.0
175.05748224258423	2.0463246500043097	2.0
175.06805086135864	2.0463246500043097	2.0
175.07872867584229	2.0463246500043097	2.0
175.08943223953247	2.0463246500043097	2.0
175.10039138793945	2.0463246500043097	2.0
175.11153149604797	2.0463246500043097	2.0
175.12231755256653	2.0463246500043097	2.0
175.13299822807312	2.0463246500043097	2.0
175.1440498828888	2.0463246500043097	2.0
175.1549391746521	2.0463246500043097	2.0
175.16575050354004	2.0463246500043097	2.0
175.17631816864014	2.0463246500043097	2.0
175.18715715408325	2.0463246500043097	2.0
175.19803738594055	2.0463246500043097	2.0
175.20865440368652	2.0463246500043097	2.0
175.21926379203796	2.0463246500043097	2.0
175.23038744926453	2.0463246500043097	2.0
175.24141550064087	2.0463246500043097	2.0
175.25246739387512	2.0463246500043097	2.0
175.26338291168213	2.0463246500043097	2.0
175.2743170261383	2.0463246500043097	2.0
175.28533172607422	2.0463246500043097	2.0
175.29645800590515	2.0463246500043097	2.0
175.3073489665985	2.0463246500043097	2.0
175.31790328025818	2.0463246500043097	2.0
175.3286154270172	2.0463246500043097	2.0
175.33933877944946	2.0463246500043097	2.0
175.349956035614	2.0463246500043097	2.0
175.3604884147644	2.0463246500043097	2.0
175.37125492095947	2.0463246500043097	2.0
175.38228273391724	2.0463246500043097	2.0
175.39283895492554	2.0463246500043097	2.0
175.40382599830627	2.0463246500043097	2.0
175.41483402252197	2.0463246500043097	2.0
175.42561721801758	2.0463246500043097	2.0
175.43661522865295	2.0463246500043097	2.0
175.44744777679443	2.0463246500043097	2.0
175.4581480026245	2.0463246500043097	2.0
175.46930527687073	2.0463246500043097	2.0
175.48017930984497	2.0463246500043097	2.0
175.49139261245728	2.0463246500043097	2.0
175.5020034313202	2.0463246500043097	2.0
175.51280665397644	2.0463246500043097	2.0
175.52370357513428	2.0463246500043097	2.0
175.53424334526062	2.0463246500043097	2.0
175.5453188419342	2.0463246500043097	2.0
175.55666136741638	2.0463246500043097	2.0
175.56755781173706	2.0463246500043097	2.0
175.57826352119446	2.0463246500043097	2.0
175.58909344673157	2.0463246500043097	2.0
175.59977459907532	2.0463246500043097	2.0
175.61085987091064	2.0463246500043097	2.0
175.62187314033508	2.0463246500043097	2.0
175.63282203674316	2.0463246500043097	2.0
175.64381074905396	2.0463246500043097	2.0
175.65459179878235	2.0463246500043097	2.0
175.66538429260254	2.0463246500043097	2.0
175.67634057998657	2.0463246500043097	2.0
175.6874725818634	2.0463246500043097	2.0
175.69867849349976	2.0463246500043097	2.0
175.70945382118225	2.0463246500043097	2.0
175.72008323669434	2.0463246500043097	2.0
175.73140001296997	2.0463246500043097	2.0
175.74232149124146	2.0463246500043097	2.0
175.75319528579712	2.0463246500043097	2.0
175.76423382759094	2.0463246500043097	2.0
175.7752115726471	2.0463246500043097	2.0
175.7862265110016	2.0463246500043097	2.0
175.79733657836914	2.0463246500043097	2.0
175.80834245681763	2.0463246500043097	2.0
175.81935024261475	2.0463246500043097	2.0
175.83033752441406	2.0463246500043097	2.0
175.84134984016418	2.0463246500043097	2.0
175.85215520858765	2.0463246500043097	2.0
175.86313652992249	2.0463246500043097	2.0
175.87397575378418	2.0463246500043097	2.0
175.8848340511322	2.0463246500043097	2.0
175.8954291343689	2.0463246500043097	2.0
175.90612649917603	2.0463246500043097	2.0
175.91689014434814	2.0463246500043097	2.0
175.92751741409302	2.0463246500043097	2.0
175.93820476531982	2.0463246500043097	2.0
175.9488775730133	2.0463246500043097	2.0
175.95961213111877	2.0463246500043097	2.0
175.97015047073364	2.0463246500043097	2.0
175.98132491111755	2.0463246500043097	2.0
175.9920675754547	2.0463246500043097	2.0
176.00280261039734	2.0463246500043097	2.0
176.01382780075073	2.0463246500043097	2.0
176.0248305797577	2.0463246500043097	2.0
176.03581190109253	2.0463246500043097	2.0
176.04684591293335	2.0463246500043097	2.0
176.05756402015686	2.0463246500043097	2.0
176.06845593452454	2.0463246500043097	2.0
176.0790500640869	2.0463246500043097	2.0
176.08994460105896	2.0463246500043097	2.0
176.1009168624878	2.0463246500043097	2.0
176.11187076568604	2.0463246500043097	2.0
176.12289953231812	2.0463246500043097	2.0
176.1338291168213	2.0463246500043097	2.0
176.1448585987091	2.0463246500043097	2.0
176.15553331375122	2.0463246500043097	2.0
176.16696906089783	2.0463246500043097	2.0
176.17770195007324	2.0463246500043097	2.0
176.18828320503235	2.0463246500043097	2.0
176.19898629188538	2.0463246500043097	2.0
176.21004128456116	2.0463246500043097	2.0
176.22058582305908	2.0463246500043097	2.0
176.23142647743225	2.0463246500043097	2.0
176.242036819458	2.0463246500043097	2.0
176.25282502174377	2.0463246500043097	2.0
176.26380491256714	2.0463246500043097	2.0
176.27460193634033	2.0463246500043097	2.0
176.28566670417786	2.0463246500043097	2.0
176.29666709899902	2.0463246500043097	2.0
176.30770659446716	2.0463246500043097	2.0
176.3185522556305	2.0463246500043097	2.0
176.32931184768677	2.0463246500043097	2.0
176.3403604030609	2.0463246500043097	2.0
176.35160541534424	2.0463246500043097	2.0
176.36232829093933	2.0463246500043097	2.0
176.37331700325012	2.0463246500043097	2.0
176.38435530662537	2.0463246500043097	2.0
176.39534068107605	2.0463246500043097	2.0
176.4063436985016	2.0463246500043097	2.0
176.4175043106079	2.0463246500043097	2.0
176.42840766906738	2.0463246500043097	2.0
176.4392328262329	2.0463246500043097	2.0
176.45002508163452	2.0463246500043097	2.0
176.46109795570374	2.0463246500043097	2.0
176.4721953868866	2.0463246500043097	2.0
176.4828188419342	2.0463246500043097	2.0
176.49343729019165	2.0463246500043097	2.0
176.50403213500977	2.0463246500043097	2.0
176.5145878791809	2.0463246500043097	2.0
176.52527618408203	2.0463246500043097	2.0
176.5358645915985	2.0463246500043097	2.0
176.54652953147888	2.0463246500043097	2.0
176.5570776462555	2.0463246500043097	2.0
176.56792211532593	2.0463246500043097	2.0
176.57843589782715	2.0463246500043097	2.0
176.5891706943512	2.0463246500043097	2.0
176.60036325454712	2.0463246500043097	2.0
176.61139822006226	2.0463246500043097	2.0
176.62231588363647	2.0463246500043097	2.0
176.63319635391235	2.0463246500043097	2.0
176.64398193359375	2.0463246500043097	2.0
176.65488624572754	2.0463246500043097	2.0
176.6659038066864	2.0463246500043097	2.0
176.67703294754028	2.0463246500043097	2.0
176.68791818618774	2.0463246500043097	2.0
176.69880151748657	2.0463246500043097	2.0
176.71007132530212	2.0463246500043097	2.0
176.72132873535156	2.0463246500043097	2.0
176.73196268081665	2.0463246500043097	2.0
176.74254870414734	2.0463246500043097	2.0
176.75367712974548	2.0463246500043097	2.0
176.76447105407715	2.0463246500043097	2.0
176.7751829624176	2.0463246500043097	2.0
176.78596758842468	2.0463246500043097	2.0
176.7967472076416	2.0463246500043097	2.0
176.80768656730652	2.0463246500043097	2.0
176.81852650642395	2.0463246500043097	2.0
176.82933163642883	2.0463246500043097	2.0
176.83994841575623	2.0463246500043097	2.0
176.85067582130432	2.0463246500043097	2.0
176.86169981956482	2.0463246500043097	2.0
176.87261128425598	2.0463246500043097	2.0
176.88320922851562	2.0463246500043097	2.0
176.89420771598816	2.0463246500043097	2.0
176.90493774414062	2.0463246500043097	2.0
176.91592836380005	2.0463246500043097	2.0
176.92667651176453	2.0463246500043097	2.0
176.93768501281738	2.0463246500043097	2.0
176.94842171669006	2.0463246500043097	2.0
176.95895838737488	2.0463246500043097	2.0
176.97001767158508	2.0463246500043097	2.0
176.9807026386261	2.0463246500043097	2.0
176.99176478385925	2.0463246500043097	2.0
177.0027129650116	2.0463246500043097	2.0
177.01329565048218	2.0463246500043097	2.0
177.02392578125	2.0463246500043097	2.0
177.03479194641113	2.0463246500043097	2.0
177.04533195495605	2.0463246500043097	2.0
177.05619311332703	2.0463246500043097	2.0
177.06720805168152	2.0463246500043097	2.0
177.0780634880066	2.0463246500043097	2.0
177.08861088752747	2.0463246500043097	2.0
177.09932780265808	2.0463246500043097	2.0
177.11036038398743	2.0463246500043097	2.0
177.12137651443481	2.0463246500043097	2.0
177.132470369339	2.0463246500043097	2.0
177.14331936836243	2.0463246500043097	2.0
177.15436172485352	2.0463246500043097	2.0
177.16532135009766	2.0463246500043097	2.0
177.17591333389282	2.0463246500043097	2.0
177.18690466880798	2.0463246500043097	2.0
177.19778084754944	2.0463246500043097	2.0
177.20831036567688	2.0463246500043097	2.0
177.219464302063	2.0463246500043097	2.0
177.2301540374756	2.0463246500043097	2.0
177.24073553085327	2.0463246500043097	2.0
177.25146508216858	2.0463246500043097	2.0
177.2624969482422	2.0463246500043097	2.0
177.27331638336182	2.0463246500043097	2.0
177.28427362442017	2.0463246500043097	2.0
177.2951672077179	2.0463246500043097	2.0
177.30589818954468	2.0463246500043097	2.0
177.31681990623474	2.0463246500043097	2.0
177.32773971557617	2.0463246500043097	2.0
177.3382773399353	2.0463246500043097	2.0
177.34904146194458	2.0463246500043097	2.0
177.35987448692322	2.0463246500043097	2.0
177.37053775787354	2.0463246500043097	2.0
177.38178896903992	2.0463246500043097	2.0
177.39235281944275	2.0463246500043097	2.0
177.40293145179749	2.0463246500043097	2.0
177.41353750228882	2.0463246500043097	2.0
177.42427492141724	2.0463246500043097	2.0
177.4350163936615	2.0463246500043097	2.0
177.44567847251892	2.0463246500043097	2.0
177.4563808441162	2.0463246500043097	2.0
177.4669909477234	2.0463246500043097	2.0
177.4779281616211	2.0463246500043097	2.0
177.48885869979858	2.0463246500043097	2.0
177.49975562095642	2.0463246500043097	2.0
177.51035976409912	2.0463246500043097	2.0
177.5215504169464	2.0463246500043097	2.0
177.53232383728027	2.0463246500043097	2.0
177.54299664497375	2.0463246500043097	2.0
177.55395197868347	2.0463246500043097	2.0
177.56494784355164	2.0463246500043097	2.0
177.5759642124176	2.0463246500043097	2.0
177.5869915485382	2.0463246500043097	2.0
177.59793615341187	2.0463246500043097	2.0
177.60850024223328	2.0463246500043097	2.0
177.61942052841187	2.0463246500043097	2.0
177.63044452667236	2.0463246500043097	2.0
177.6414771080017	2.0463246500043097	2.0
177.65239763259888	2.0463246500043097	2.0
177.6635618209839	2.0463246500043097	2.0
177.67443776130676	2.0463246500043097	2.0
177.68534207344055	2.0463246500043097	2.0
177.69636917114258	2.0463246500043097	2.0
177.70725274085999	2.0463246500043097	2.0
177.71781301498413	2.0463246500043097	2.0
177.72887182235718	2.0463246500043097	2.0
177.73991799354553	2.0463246500043097	2.0
177.7509686946869	2.0463246500043097	2.0
177.76172709465027	2.0463246500043097	2.0
177.7723195552826	2.0463246500043097	2.0
177.78344893455505	2.0463246500043097	2.0
177.7942578792572	2.0463246500043097	2.0
177.8052957057953	2.0463246500043097	2.0
177.81624674797058	2.0463246500043097	2.0
177.82680201530457	2.0463246500043097	2.0
177.83746075630188	2.0463246500043097	2.0
177.84820246696472	2.0463246500043097	2.0
177.85887932777405	2.0463246500043097	2.0
177.87004041671753	2.0463246500043097	2.0
177.88109636306763	2.0463246500043097	2.0
177.892324924469	2.0463246500043097	2.0
177.90330410003662	2.0463246500043097	2.0
177.9141387939453	2.0463246500043097	2.0
177.9251368045807	2.0463246500043097	2.0
177.9360649585724	2.0463246500043097	2.0
177.9467692375183	2.0463246500043097	2.0
177.95745396614075	2.0463246500043097	2.0
177.96799898147583	2.0463246500043097	2.0
177.97902131080627	2.0463246500043097	2.0
177.98954916000366	2.0463246500043097	2.0
178.0002954006195	2.0463246500043097	2.0
178.01092338562012	2.0463246500043097	2.0
178.02155685424805	2.0463246500043097	2.0
178.03230738639832	2.0463246500043097	2.0
178.04334330558777	2.0463246500043097	2.0
178.0543200969696	2.0463246500043097	2.0
178.06508708000183	2.0463246500043097	2.0
178.07582235336304	2.0463246500043097	2.0
178.0870382785797	2.0463246500043097	2.0
178.09779119491577	2.0463246500043097	2.0
178.10870456695557	2.0463246500043097	2.0
178.11945152282715	2.0463246500043097	2.0
178.13019967079163	2.0463246500043097	2.0
178.14087319374084	2.0463246500043097	2.0
178.15189456939697	2.0463246500043097	2.0
178.16260528564453	2.0463246500043097	2.0
178.17356300354004	2.0463246500043097	2.0
178.18431854248047	2.0463246500043097	2.0
178.1950626373291	2.0463246500043097	2.0
178.20559453964233	2.0463246500043097	2.0
178.2163281440735	2.0463246500043097	2.0
178.2268660068512	2.0463246500043097	2.0
178.2379035949707	2.0463246500043097	2.0
178.24844622612	2.0463246500043097	2.0
178.2591574192047	2.0463246500043097	2.0
178.26988339424133	2.0463246500043097	2.0
178.2807114124298	2.0463246500043097	2.0
178.2913556098938	2.0463246500043097	2.0
178.302312374115	2.0463246500043097	2.0
178.3133189678192	2.0463246500043097	2.0
178.3243339061737	2.0463246500043097	2.0
178.33510208129883	2.0463246500043097	2.0
178.346275806427	2.0463246500043097	2.0
178.35747528076172	2.0463246500043097	2.0
178.36869764328003	2.0463246500043097	2.0
178.37931632995605	2.0463246500043097	2.0
178.3903455734253	2.0463246500043097	2.0
178.40138959884644	2.0463246500043097	2.0
178.41199564933777	2.0463246500043097	2.0
178.42283296585083	2.0463246500043097	2.0
178.43397879600525	2.0463246500043097	2.0
178.4446530342102	2.0463246500043097	2.0
178.45564007759094	2.0463246500043097	2.0
178.46642756462097	2.0463246500043097	2.0
178.47729873657227	2.0463246500043097	2.0
178.48790550231934	2.0463246500043097	2.0
178.4985454082489	2.0463246500043097	2.0
178.50927186012268	2.0463246500043097	2.0
178.51990246772766	2.0463246500043097	2.0
178.53059005737305	2.0463246500043097	2.0
178.54132771492004	2.0463246500043097	2.0
178.5523190498352	2.0463246500043097	2.0
178.56292748451233	2.0463246500043097	2.0
178.5736141204834	2.0463246500043097	2.0
178.58428192138672	2.0463246500043097	2.0
178.59514093399048	2.0463246500043097	2.0
178.60602736473083	2.0463246500043097	2.0
178.61684846878052	2.0463246500043097	2.0
178.62746047973633	2.0463246500043097	2.0
178.63814544677734	2.0463246500043097	2.0
178.6487283706665	2.0463246500043097	2.0
178.65941333770752	2.0463246500043097	2.0
178.67048811912537	2.0463246500043097	2.0
178.68105816841125	2.0463246500043097	2.0
178.69164443016052	2.0463246500043097	2.0
178.70231890678406	2.0463246500043097	2.0
178.71316075325012	2.0463246500043097	2.0
178.72397589683533	2.0463246500043097	2.0
178.73465585708618	2.0463246500043097	2.0
178.74567794799805	2.0463246500043097	2.0
178.75670766830444	2.0463246500043097	2.0
178.76733088493347	2.0463246500043097	2.0
178.77815079689026	2.0463246500043097	2.0
178.78874850273132	2.0463246500043097	2.0
178.79972529411316	2.0463246500043097	2.0
178.8103427886963	2.0463246500043097	2.0
178.8209891319275	2.0463246500043097	2.0
178.83210730552673	2.0463246500043097	2.0
178.84305477142334	2.0463246500043097	2.0
178.85365676879883	2.0463246500043097	2.0
178.8648326396942	2.0463246500043097	2.0
178.87568187713623	2.0463246500043097	2.0
178.8867015838623	2.0463246500043097	2.0
178.89743423461914	2.0463246500043097	2.0
178.9081289768219	2.0463246500043097	2.0
178.91867423057556	2.0463246500043097	2.0
178.92944812774658	2.0463246500043097	2.0
178.9402027130127	2.0463246500043097	2.0
178.9511399269104	2.0463246500043097	2.0
178.962007522583	2.0463246500043097	2.0
178.97255539894104	2.0463246500043097	2.0
178.9835033416748	2.0463246500043097	2.0
178.99466395378113	2.0463246500043097	2.0
179.00531363487244	2.0463246500043097	2.0
179.01603627204895	2.0463246500043097	2.0
179.0268394947052	2.0463246500043097	2.0
179.0375874042511	2.0463246500043097	2.0
179.04860997200012	2.0463246500043097	2.0
179.05948042869568	2.0463246500043097	2.0
179.0702030658722	2.0463246500043097	2.0
179.0808789730072	2.0463246500043097	2.0
179.09162521362305	2.0463246500043097	2.0
179.10231232643127	2.0463246500043097	2.0
179.1133120059967	2.0463246500043097	2.0
179.1243269443512	2.0463246500043097	2.0
179.13496613502502	2.0463246500043097	2.0
179.14582085609436	2.0463246500043097	2.0
179.15683722496033	2.0463246500043097	2.0
179.16754865646362	2.0463246500043097	2.0
179.17845249176025	2.0463246500043097	2.0
179.18940711021423	2.0463246500043097	2.0
179.20007967948914	2.0463246500043097	2.0
179.21069622039795	2.0463246500043097	2.0
179.22173643112183	2.0463246500043097	2.0
179.23244333267212	2.0463246500043097	2.0
179.24332094192505	2.0463246500043097	2.0
179.25432777404785	2.0463246500043097	2.0
179.26532530784607	2.0463246500043097	2.0
179.27623677253723	2.0463246500043097	2.0
179.28693270683289	2.0463246500043097	2.0
179.297669172287	2.0463246500043097	2.0
179.3082275390625	2.0463246500043097	2.0
179.31894087791443	2.0463246500043097	2.0
179.32946181297302	2.0463246500043097	2.0
179.34047436714172	2.0463246500043097	2.0
179.35108184814453	2.0463246500043097	2.0
179.3616166114807	2.0463246500043097	2.0
179.3721890449524	2.0463246500043097	2.0
179.38281226158142	2.0463246500043097	2.0
179.3933699131012	2.0463246500043097	2.0
179.40409541130066	2.0463246500043097	2.0
179.41496205329895	2.0463246500043097	2.0
179.42583107948303	2.0463246500043097	2.0
179.43687891960144	2.0463246500043097	2.0
179.44741821289062	2.0463246500043097	2.0
179.45848202705383	2.0463246500043097	2.0
179.46956038475037	2.0463246500043097	2.0
179.48032474517822	2.0463246500043097	2.0
179.49145817756653	2.0463246500043097	2.0
179.50230932235718	2.0463246500043097	2.0
179.512877702713	2.0463246500043097	2.0
179.52357959747314	2.0463246500043097	2.0
179.53443455696106	2.0463246500043097	2.0
179.54509806632996	2.0463246500043097	2.0
179.55564785003662	2.0463246500043097	2.0
179.56643652915955	2.0463246500043097	2.0
179.57748007774353	2.0463246500043097	2.0
179.58841705322266	2.0463246500043097	2.0
179.59949803352356	2.0463246500043097	2.0
179.61028909683228	2.0463246500043097	2.0
179.6213128566742	2.0463246500043097	2.0
179.63243412971497	2.0463246500043097	2.0
179.64344811439514	2.0463246500043097	2.0
179.65410470962524	2.0463246500043097	2.0
179.66477060317993	2.0463246500043097	2.0
179.67568564414978	2.0463246500043097	2.0
179.68670201301575	2.0463246500043097	2.0
179.69795298576355	2.0463246500043097	2.0
179.70893621444702	2.0463246500043097	2.0
179.7198441028595	2.0463246500043097	2.0
179.73086166381836	2.0463246500043097	2.0
179.74186825752258	2.0463246500043097	2.0
179.75282764434814	2.0463246500043097	2.0
179.76385498046875	2.0463246500043097	2.0
179.77470088005066	2.0463246500043097	2.0
179.78555965423584	2.0463246500043097	2.0
179.79670572280884	2.0463246500043097	2.0
179.80741715431213	2.0463246500043097	2.0
179.81804609298706	2.0463246500043097	2.0
179.8287558555603	2.0463246500043097	2.0
179.83938884735107	2.0463246500043097	2.0
179.8505802154541	2.0463246500043097	2.0
179.86152005195618	2.0463246500043097	2.0
179.87232851982117	2.0463246500043097	2.0
179.88353657722473	2.0463246500043097	2.0
179.89438366889954	2.0463246500043097	2.0
179.9051444530487	2.0463246500043097	2.0
179.91571426391602	2.0463246500043097	2.0
179.92647886276245	2.0463246500043097	2.0
179.93741488456726	2.0463246500043097	2.0
179.94855189323425	2.0463246500043097	2.0
179.9591019153595	2.0463246500043097	2.0
179.96964621543884	2.0463246500043097	2.0
179.98041462898254	2.0463246500043097	2.0
179.9913592338562	2.0463246500043097	2.0
180.00217866897583	2.0463246500043097	2.0
180.01276874542236	2.0463246500043097	2.0
180.02379941940308	2.0463246500043097	2.0
180.03467965126038	2.0463246500043097	2.0
180.0458266735077	2.0463246500043097	2.0
180.05695700645447	2.0463246500043097	2.0
180.06774592399597	2.0463246500043097	2.0
180.07836413383484	2.0463246500043097	2.0
180.0893154144287	2.0463246500043097	2.0
180.09999418258667	2.0463246500043097	2.0
180.11054921150208	2.0463246500043097	2.0
180.12125730514526	2.0463246500043097	2.0
180.13209986686707	2.0463246500043097	2.0
180.1429214477539	2.0463246500043097	2.0
180.15349626541138	2.0463246500043097	2.0
180.16431045532227	2.0463246500043097	2.0
180.17531895637512	2.0463246500043097	2.0
180.18663144111633	2.0463246500043097	2.0
180.1971800327301	2.0463246500043097	2.0
180.20771527290344	2.0463246500043097	2.0
180.2182741165161	2.0463246500043097	2.0
180.22892332077026	2.0463246500043097	2.0
180.24001264572144	2.0463246500043097	2.0
180.25093507766724	2.0463246500043097	2.0
180.26193714141846	2.0463246500043097	2.0
180.27281498908997	2.0463246500043097	2.0
180.28381609916687	2.0463246500043097	2.0
180.29466891288757	2.0463246500043097	2.0
180.30563116073608	2.0463246500043097	2.0
180.31656527519226	2.0463246500043097	2.0
180.32730555534363	2.0463246500043097	2.0
180.33794450759888	2.0463246500043097	2.0
180.34882378578186	2.0463246500043097	2.0
180.35956382751465	2.0463246500043097	2.0
180.37080359458923	2.0463246500043097	2.0
180.381760597229	2.0463246500043097	2.0
180.39245629310608	2.0463246500043097	2.0
180.40322589874268	2.0463246500043097	2.0
180.41407752037048	2.0463246500043097	2.0
180.42486333847046	2.0463246500043097	2.0
180.4357533454895	2.0463246500043097	2.0
180.4463188648224	2.0463246500043097	2.0
180.45697927474976	2.0463246500043097	2.0
180.46800351142883	2.0463246500043097	2.0
180.47858262062073	2.0463246500043097	2.0
180.4895362854004	2.0463246500043097	2.0
180.50011157989502	2.0463246500043097	2.0
180.51094675064087	2.0463246500043097	2.0
180.5217137336731	2.0463246500043097	2.0
180.532320022583	2.0463246500043097	2.0
180.5433099269867	2.0463246500043097	2.0
180.55433320999146	2.0463246500043097	2.0
180.56540393829346	2.0463246500043097	2.0
180.5763075351715	2.0463246500043097	2.0
180.5868592262268	2.0463246500043097	2.0
180.59782814979553	2.0463246500043097	2.0
180.60842776298523	2.0463246500043097	2.0
180.61915922164917	2.0463246500043097	2.0
180.63012742996216	2.0463246500043097	2.0
180.64067673683167	2.0463246500043097	2.0
180.65170431137085	2.0463246500043097	2.0
180.66288828849792	2.0463246500043097	2.0
180.6734402179718	2.0463246500043097	2.0
180.6844198703766	2.0463246500043097	2.0
180.69516587257385	2.0463246500043097	2.0
180.70612502098083	2.0463246500043097	2.0
180.71721744537354	2.0463246500043097	2.0
180.72785210609436	2.0463246500043097	2.0
180.7385332584381	2.0463246500043097	2.0
180.74971222877502	2.0463246500043097	2.0
180.76027059555054	2.0463246500043097	2.0
180.77129006385803	2.0463246500043097	2.0
180.78231477737427	2.0463246500043097	2.0
180.79299473762512	2.0463246500043097	2.0
180.8038547039032	2.0463246500043097	2.0
180.8145248889923	2.0463246500043097	2.0
180.8255786895752	2.0463246500043097	2.0
180.8366894721985	2.0463246500043097	2.0
180.84768438339233	2.0463246500043097	2.0
180.85840511322021	2.0463246500043097	2.0
180.86943864822388	2.0463246500043097	2.0
180.88032341003418	2.0463246500043097	2.0
180.89096522331238	2.0463246500043097	2.0
180.90197157859802	2.0463246500043097	2.0
180.91284275054932	2.0463246500043097	2.0
180.9238724708557	2.0463246500043097	2.0
180.93501901626587	2.0463246500043097	2.0
180.94556665420532	2.0463246500043097	2.0
180.95641613006592	2.0463246500043097	2.0
180.9673137664795	2.0463246500043097	2.0
180.97833514213562	2.0463246500043097	2.0
180.98895907402039	2.0463246500043097	2.0
180.99967098236084	2.0463246500043097	2.0
181.0109031200409	2.0463246500043097	2.0
181.021586894989	2.0463246500043097	2.0
181.03231644630432	2.0463246500043097	2.0
181.04336404800415	2.0463246500043097	2.0
181.05438494682312	2.0463246500043097	2.0
181.0653419494629	2.0463246500043097	2.0
181.07633900642395	2.0463246500043097	2.0
181.086909532547	2.0463246500043097	2.0
181.09744787216187	2.0463246500043097	2.0
181.1083950996399	2.0463246500043097	2.0
181.11941075325012	2.0463246500043097	2.0
181.13045144081116	2.0463246500043097	2.0
181.1415660381317	2.0463246500043097	2.0
181.15243649482727	2.0463246500043097	2.0
181.1633973121643	2.0463246500043097	2.0
181.17440128326416	2.0463246500043097	2.0
181.18533945083618	2.0463246500043097	2.0
181.19598054885864	2.0463246500043097	2.0
181.20684266090393	2.0463246500043097	2.0
181.21770238876343	2.0463246500043097	2.0
181.22850251197815	2.0463246500043097	2.0
181.2391288280487	2.0463246500043097	2.0
181.25021696090698	2.0463246500043097	2.0
181.26086521148682	2.0463246500043097	2.0
181.27149295806885	2.0463246500043097	2.0
181.2823097705841	2.0463246500043097	2.0
181.29335689544678	2.0463246500043097	2.0
181.3039243221283	2.0463246500043097	2.0
181.3149757385254	2.0463246500043097	2.0
181.3255684375763	2.0463246500043097	2.0
181.3368203639984	2.0463246500043097	2.0
181.3473973274231	2.0463246500043097	2.0
181.35802268981934	2.0463246500043097	2.0
181.36872959136963	2.0463246500043097	2.0
181.37939596176147	2.0463246500043097	2.0
181.39049291610718	2.0463246500043097	2.0
181.4011607170105	2.0463246500043097	2.0
181.41168332099915	2.0463246500043097	2.0
181.4223084449768	2.0463246500043097	2.0
181.4333381652832	2.0463246500043097	2.0
181.44435834884644	2.0463246500043097	2.0
181.45533061027527	2.0463246500043097	2.0
181.46661925315857	2.0463246500043097	2.0
181.47743105888367	2.0463246500043097	2.0
181.488422870636	2.0463246500043097	2.0
181.4991738796234	2.0463246500043097	2.0
181.5098180770874	2.0463246500043097	2.0
181.52056407928467	2.0463246500043097	2.0
181.53158473968506	2.0463246500043097	2.0
181.542249917984	2.0463246500043097	2.0
181.5527789592743	2.0463246500043097	2.0
181.56354331970215	2.0463246500043097	2.0
181.57455921173096	2.0463246500043097	2.0
181.5851435661316	2.0463246500043097	2.0
181.5962429046631	2.0463246500043097	2.0
181.60693407058716	2.0463246500043097	2.0
181.6174726486206	2.0463246500043097	2.0
181.6282069683075	2.0463246500043097	2.0
181.63908743858337	2.0463246500043097	2.0
181.650146484375	2.0463246500043097	2.0
181.6608338356018	2.0463246500043097	2.0
181.6718246936798	2.0463246500043097	2.0
181.68283009529114	2.0463246500043097	2.0
181.69367361068726	2.0463246500043097	2.0
181.70423579216003	2.0463246500043097	2.0
181.71493649482727	2.0463246500043097	2.0
181.72576260566711	2.0463246500043097	2.0
181.736337184906	2.0463246500043097	2.0
181.74694752693176	2.0463246500043097	2.0
181.75767946243286	2.0463246500043097	2.0
181.7684609889984	2.0463246500043097	2.0
181.7796609401703	2.0463246500043097	2.0
181.79036736488342	2.0463246500043097	2.0
181.801411151886	2.0463246500043097	2.0
181.8123173713684	2.0463246500043097	2.0
181.8234896659851	2.0463246500043097	2.0
181.83427262306213	2.0463246500043097	2.0
181.8453288078308	2.0463246500043097	2.0
181.85633778572083	2.0463246500043097	2.0
181.8674099445343	2.0463246500043097	2.0
181.87805247306824	2.0463246500043097	2.0
181.88874053955078	2.0463246500043097	2.0
181.8998622894287	2.0463246500043097	2.0
181.91047477722168	2.0463246500043097	2.0
181.92178416252136	2.0463246500043097	2.0
181.9326193332672	2.0463246500043097	2.0
181.94382214546204	2.0463246500043097	2.0
181.95498728752136	2.0463246500043097	2.0
181.96603631973267	2.0463246500043097	2.0
181.9767451286316	2.0463246500043097	2.0
181.98753380775452	2.0463246500043097	2.0
181.99866819381714	2.0463246500043097	2.0
182.00960564613342	2.0463246500043097	2.0
182.02040004730225	2.0463246500043097	2.0
182.03153038024902	2.0463246500043097	2.0
182.04230666160583	2.0463246500043097	2.0
182.05331110954285	2.0463246500043097	2.0
182.0641107559204	2.0463246500043097	2.0
182.07499265670776	2.0463246500043097	2.0
182.08553075790405	2.0463246500043097	2.0
182.09632849693298	2.0463246500043097	2.0
182.10711121559143	2.0463246500043097	2.0
182.11767768859863	2.0463246500043097	2.0
182.12820291519165	2.0463246500043097	2.0
182.13891863822937	2.0463246500043097	2.0
182.1499798297882	2.0463246500043097	2.0
182.16067814826965	2.0463246500043097	2.0
182.17179036140442	2.0463246500043097	2.0
182.18281412124634	2.0463246500043097	2.0
182.1933958530426	2.0463246500043097	2.0
182.2043194770813	2.0463246500043097	2.0
182.21491312980652	2.0463246500043097	2.0
182.22598958015442	2.0463246500043097	2.0
182.236958026886	2.0463246500043097	2.0
182.24755883216858	2.0463246500043097	2.0
182.25828909873962	2.0463246500043097	2.0
182.2689332962036	2.0463246500043097	2.0
182.27963972091675	2.0463246500043097	2.0
182.29033374786377	2.0463246500043097	2.0
182.3011758327484	2.0463246500043097	2.0
182.31223702430725	2.0463246500043097	2.0
182.32327270507812	2.0463246500043097	2.0
182.33386898040771	2.0463246500043097	2.0
182.34444785118103	2.0463246500043097	2.0
182.35548210144043	2.0463246500043097	2.0
182.3661379814148	2.0463246500043097	2.0
182.37714052200317	2.0463246500043097	2.0
182.38803458213806	2.0463246500043097	2.0
182.39905309677124	2.0463246500043097	2.0
182.4097442626953	2.0463246500043097	2.0
182.4207751750946	2.0463246500043097	2.0
182.43179416656494	2.0463246500043097	2.0
182.4426884651184	2.0463246500043097	2.0
182.45371103286743	2.0463246500043097	2.0
182.464435338974	2.0463246500043097	2.0
182.4753062725067	2.0463246500043097	2.0
182.48631834983826	2.0463246500043097	2.0
182.49703645706177	2.0463246500043097	2.0
182.50762295722961	2.0463246500043097	2.0
182.51834440231323	2.0463246500043097	2.0
182.52898955345154	2.0463246500043097	2.0
182.53966307640076	2.0463246500043097	2.0
182.5503270626068	2.0463246500043097	2.0
182.5615749359131	2.0463246500043097	2.0
182.57231044769287	2.0463246500043097	2.0
182.58302879333496	2.0463246500043097	2.0
182.59354710578918	2.0463246500043097	2.0
182.60426354408264	2.0463246500043097	2.0
182.61509370803833	2.0463246500043097	2.0
182.62563133239746	2.0463246500043097	2.0
182.63642168045044	2.0463246500043097	2.0
182.64742183685303	2.0463246500043097	2.0
182.65820336341858	2.0463246500043097	2.0
182.66930222511292	2.0463246500043097	2.0
182.6802577972412	2.0463246500043097	2.0
182.6912829875946	2.0463246500043097	2.0
182.7022750377655	2.0463246500043097	2.0
182.7128129005432	2.0463246500043097	2.0
182.72360396385193	2.0463246500043097	2.0
182.73472332954407	2.0463246500043097	2.0
182.74583292007446	2.0463246500043097	2.0
182.75637435913086	2.0463246500043097	2.0
182.76744532585144	2.0463246500043097	2.0
182.77799487113953	2.0463246500043097	2.0
182.7887351512909	2.0463246500043097	2.0
182.79945063591003	2.0463246500043097	2.0
182.8105709552765	2.0463246500043097	2.0
182.82158422470093	2.0463246500043097	2.0
182.8321726322174	2.0463246500043097	2.0
182.84318685531616	2.0463246500043097	2.0
182.85434865951538	2.0463246500043097	2.0
182.86505484580994	2.0463246500043097	2.0
182.87593626976013	2.0463246500043097	2.0
182.88694047927856	2.0463246500043097	2.0
182.89793229103088	2.0463246500043097	2.0
182.90916395187378	2.0463246500043097	2.0
182.92010068893433	2.0463246500043097	2.0
182.93117761611938	2.0463246500043097	2.0
182.9421467781067	2.0463246500043097	2.0
182.95317149162292	2.0463246500043097	2.0
182.9641945362091	2.0463246500043097	2.0
182.97546100616455	2.0463246500043097	2.0
182.9863362312317	2.0463246500043097	2.0
182.9969174861908	2.0463246500043097	2.0
183.00746893882751	2.0463246500043097	2.0
183.01838421821594	2.0463246500043097	2.0
183.02905416488647	2.0463246500043097	2.0
183.0400047302246	2.0463246500043097	2.0
183.05103874206543	2.0463246500043097	2.0
183.06176161766052	2.0463246500043097	2.0
183.07249093055725	2.0463246500043097	2.0
183.08343935012817	2.0463246500043097	2.0
183.09431147575378	2.0463246500043097	2.0
183.10531091690063	2.0463246500043097	2.0
183.11634469032288	2.0463246500043097	2.0
183.1271984577179	2.0463246500043097	2.0
183.13806653022766	2.0463246500043097	2.0
183.148823261261	2.0463246500043097	2.0
183.15956449508667	2.0463246500043097	2.0
183.17044496536255	2.0463246500043097	2.0
183.181086063385	2.0463246500043097	2.0
183.19230818748474	2.0463246500043097	2.0
183.20331192016602	2.0463246500043097	2.0
183.21429467201233	2.0463246500043097	2.0
183.22512435913086	2.0463246500043097	2.0
183.23616409301758	2.0463246500043097	2.0
183.24679493904114	2.0463246500043097	2.0
183.25738072395325	2.0463246500043097	2.0
183.26793813705444	2.0463246500043097	2.0
183.27859735488892	2.0463246500043097	2.0
183.28981637954712	2.0463246500043097	2.0
183.30042123794556	2.0463246500043097	2.0
183.31161832809448	2.0463246500043097	2.0
183.3224813938141	2.0463246500043097	2.0
183.33332300186157	2.0463246500043097	2.0
183.3443820476532	2.0463246500043097	2.0
183.3551242351532	2.0463246500043097	2.0
183.36610102653503	2.0463246500043097	2.0
183.37674069404602	2.0463246500043097	2.0
183.38742661476135	2.0463246500043097	2.0
183.39803957939148	2.0463246500043097	2.0
183.40856337547302	2.0463246500043097	2.0
183.41922402381897	2.0463246500043097	2.0
183.42993354797363	2.0463246500043097	2.0
183.44078040122986	2.0463246500043097	2.0
183.45153498649597	2.0463246500043097	2.0
183.46230483055115	2.0463246500043097	2.0
183.47332334518433	2.0463246500043097	2.0
183.4844377040863	2.0463246500043097	2.0
183.4953179359436	2.0463246500043097	2.0
183.50633573532104	2.0463246500043097	2.0
183.5170600414276	2.0463246500043097	2.0
183.52792072296143	2.0463246500043097	2.0
183.53850603103638	2.0463246500043097	2.0
183.54947996139526	2.0463246500043097	2.0
183.56006979942322	2.0463246500043097	2.0
183.57061004638672	2.0463246500043097	2.0
183.5817370414734	2.0463246500043097	2.0
183.59277749061584	2.0463246500043097	2.0
183.60331296920776	2.0463246500043097	2.0
183.61434936523438	2.0463246500043097	2.0
183.62538886070251	2.0463246500043097	2.0
183.63637375831604	2.0463246500043097	2.0
183.6470353603363	2.0463246500043097	2.0
183.65772366523743	2.0463246500043097	2.0
183.66848230361938	2.0463246500043097	2.0
183.67935633659363	2.0463246500043097	2.0
183.6904616355896	2.0463246500043097	2.0
183.70153498649597	2.0463246500043097	2.0
183.7126214504242	2.0463246500043097	2.0
183.72354078292847	2.0463246500043097	2.0
183.73455691337585	2.0463246500043097	2.0
183.74517464637756	2.0463246500043097	2.0
183.75574898719788	2.0463246500043097	2.0
183.7664337158203	2.0463246500043097	2.0
183.77706170082092	2.0463246500043097	2.0
183.78759121894836	2.0463246500043097	2.0
183.79856538772583	2.0463246500043097	2.0
183.80947732925415	2.0463246500043097	2.0
183.82052445411682	2.0463246500043097	2.0
183.83148550987244	2.0463246500043097	2.0
183.84247970581055	2.0463246500043097	2.0
183.85323691368103	2.0463246500043097	2.0
183.86426615715027	2.0463246500043097	2.0
183.87532997131348	2.0463246500043097	2.0
183.8863480091095	2.0463246500043097	2.0
183.89739537239075	2.0463246500043097	2.0
183.90816926956177	2.0463246500043097	2.0
183.918931722641	2.0463246500043097	2.0
183.92947006225586	2.0463246500043097	2.0
183.94049549102783	2.0463246500043097	2.0
183.95151710510254	2.0463246500043097	2.0
183.96231341362	2.0463246500043097	2.0
183.9728446006775	2.0463246500043097	2.0
183.98355174064636	2.0463246500043097	2.0
183.99452137947083	2.0463246500043097	2.0
184.0055637359619	2.0463246500043097	2.0
184.01637840270996	2.0463246500043097	2.0
184.0274052619934	2.0463246500043097	2.0
184.03839206695557	2.0463246500043097	2.0
184.04948711395264	2.0463246500043097	2.0
184.06051540374756	2.0463246500043097	2.0
184.07118558883667	2.0463246500043097	2.0
184.08221673965454	2.0463246500043097	2.0
184.0930438041687	2.0463246500043097	2.0
184.10381841659546	2.0463246500043097	2.0
184.11482048034668	2.0463246500043097	2.0
184.12572312355042	2.0463246500043097	2.0
184.13670897483826	2.0463246500043097	2.0
184.14763522148132	2.0463246500043097	2.0
184.15835738182068	2.0463246500043097	2.0
184.16889023780823	2.0463246500043097	2.0
184.1795952320099	2.0463246500043097	2.0
184.19030618667603	2.0463246500043097	2.0
184.20147490501404	2.0463246500043097	2.0
184.2121889591217	2.0463246500043097	2.0
184.22280883789062	2.0463246500043097	2.0
184.23385500907898	2.0463246500043097	2.0
184.24453401565552	2.0463246500043097	2.0
184.25515580177307	2.0463246500043097	2.0
184.26618671417236	2.0463246500043097	2.0
184.27684354782104	2.0463246500043097	2.0
184.28742384910583	2.0463246500043097	2.0
184.29851269721985	2.0463246500043097	2.0
184.30949783325195	2.0463246500043097	2.0
184.32012033462524	2.0463246500043097	2.0
184.33127999305725	2.0463246500043097	2.0
184.34241199493408	2.0463246500043097	2.0
184.35330820083618	2.0463246500043097	2.0
184.36430191993713	2.0463246500043097	2.0
184.37508893013	2.0463246500043097	2.0
184.38582038879395	2.0463246500043097	2.0
184.39707398414612	2.0463246500043097	2.0
184.40805435180664	2.0463246500043097	2.0
184.41861367225647	2.0463246500043097	2.0
184.42958569526672	2.0463246500043097	2.0
184.44065189361572	2.0463246500043097	2.0
184.4517045021057	2.0463246500043097	2.0
184.4627561569214	2.0463246500043097	2.0
184.47381138801575	2.0463246500043097	2.0
184.48481941223145	2.0463246500043097	2.0
184.49541568756104	2.0463246500043097	2.0
184.50635862350464	2.0463246500043097	2.0
184.51731657981873	2.0463246500043097	2.0
184.528076171875	2.0463246500043097	2.0
184.5392861366272	2.0463246500043097	2.0
184.55005717277527	2.0463246500043097	2.0
184.56070733070374	2.0463246500043097	2.0
184.57182931900024	2.0463246500043097	2.0
184.58238315582275	2.0463246500043097	2.0
184.59297060966492	2.0463246500043097	2.0
184.60396552085876	2.0463246500043097	2.0
184.61450481414795	2.0463246500043097	2.0
184.62518525123596	2.0463246500043097	2.0
184.63610243797302	2.0463246500043097	2.0
184.64713215827942	2.0463246500043097	2.0
184.65834069252014	2.0463246500043097	2.0
184.6692111492157	2.0463246500043097	2.0
184.68027138710022	2.0463246500043097	2.0
184.69132566452026	2.0463246500043097	2.0
184.70192050933838	2.0463246500043097	2.0
184.71294856071472	2.0463246500043097	2.0
184.72398138046265	2.0463246500043097	2.0
184.73501014709473	2.0463246500043097	2.0
184.74603390693665	2.0463246500043097	2.0
184.75706028938293	2.0463246500043097	2.0
184.76811456680298	2.0463246500043097	2.0
184.77918934822083	2.0463246500043097	2.0
184.79004955291748	2.0463246500043097	2.0
184.80107712745667	2.0463246500043097	2.0
184.81212902069092	2.0463246500043097	2.0
184.82311344146729	2.0463246500043097	2.0
184.8341510295868	2.0463246500043097	2.0
184.84485363960266	2.0463246500043097	2.0
184.85538840293884	2.0463246500043097	2.0
184.86642694473267	2.0463246500043097	2.0
184.87714743614197	2.0463246500043097	2.0
184.88768100738525	2.0463246500043097	2.0
184.898362159729	2.0463246500043097	2.0
184.9090075492859	2.0463246500043097	2.0
184.91959738731384	2.0463246500043097	2.0
184.93027901649475	2.0463246500043097	2.0
184.94123339653015	2.0463246500043097	2.0
184.95232939720154	2.0463246500043097	2.0
184.96302962303162	2.0463246500043097	2.0
184.97406220436096	2.0463246500043097	2.0
184.98510599136353	2.0463246500043097	2.0
184.99586534500122	2.0463246500043097	2.0
185.006493806839	2.0463246500043097	2.0
185.01740407943726	2.0463246500043097	2.0
185.02806425094604	2.0463246500043097	2.0
185.03893089294434	2.0463246500043097	2.0
185.04977202415466	2.0463246500043097	2.0
185.06062412261963	2.0463246500043097	2.0
185.0714693069458	2.0463246500043097	2.0
185.08246660232544	2.0463246500043097	2.0
185.09332609176636	2.0463246500043097	2.0
185.10423827171326	2.0463246500043097	2.0
185.1148443222046	2.0463246500043097	2.0
185.12586450576782	2.0463246500043097	2.0
185.1368706226349	2.0463246500043097	2.0
185.14750576019287	2.0463246500043097	2.0
185.15842938423157	2.0463246500043097	2.0
185.16947174072266	2.0463246500043097	2.0
185.1803333759308	2.0463246500043097	2.0
185.1910126209259	2.0463246500043097	2.0
185.2017765045166	2.0463246500043097	2.0
185.21280789375305	2.0463246500043097	2.0
185.22375392913818	2.0463246500043097	2.0
185.2343180179596	2.0463246500043097	2.0
185.24532508850098	2.0463246500043097	2.0
185.25635886192322	2.0463246500043097	2.0
185.26736903190613	2.0463246500043097	2.0
185.2783989906311	2.0463246500043097	2.0
185.28931212425232	2.0463246500043097	2.0
185.3002908229828	2.0463246500043097	2.0
185.31099152565002	2.0463246500043097	2.0
185.32173013687134	2.0463246500043097	2.0
185.33266806602478	2.0463246500043097	2.0
185.3433382511139	2.0463246500043097	2.0
185.35390973091125	2.0463246500043097	2.0
185.36475110054016	2.0463246500043097	2.0
185.37530994415283	2.0463246500043097	2.0
185.3860239982605	2.0463246500043097	2.0
185.3968243598938	2.0463246500043097	2.0
185.40738224983215	2.0463246500043097	2.0
185.41792178153992	2.0463246500043097	2.0
185.4291672706604	2.0463246500043097	2.0
185.4397611618042	2.0463246500043097	2.0
185.4504692554474	2.0463246500043097	2.0
185.46123600006104	2.0463246500043097	2.0
185.47181463241577	2.0463246500043097	2.0
185.48284578323364	2.0463246500043097	2.0
185.49342012405396	2.0463246500043097	2.0
185.50407648086548	2.0463246500043097	2.0
185.5148959159851	2.0463246500043097	2.0
185.5255651473999	2.0463246500043097	2.0
185.53622794151306	2.0463246500043097	2.0
185.54695391654968	2.0463246500043097	2.0
185.55756330490112	2.0463246500043097	2.0
185.56821489334106	2.0463246500043097	2.0
185.57877373695374	2.0463246500043097	2.0
185.58945035934448	2.0463246500043097	2.0
185.6001091003418	2.0463246500043097	2.0
185.61105060577393	2.0463246500043097	2.0
185.62224197387695	2.0463246500043097	2.0
185.6335301399231	2.0463246500043097	2.0
185.64438104629517	2.0463246500043097	2.0
185.6553177833557	2.0463246500043097	2.0
185.66587281227112	2.0463246500043097	2.0
185.67691683769226	2.0463246500043097	2.0
185.68792819976807	2.0463246500043097	2.0
185.69848942756653	2.0463246500043097	2.0
185.7096345424652	2.0463246500043097	2.0
185.72047758102417	2.0463246500043097	2.0
185.7313096523285	2.0463246500043097	2.0
185.74230694770813	2.0463246500043097	2.0
185.75345754623413	2.0463246500043097	2.0
185.7645194530487	2.0463246500043097	2.0
185.7755253314972	2.0463246500043097	2.0
185.78662180900574	2.0463246500043097	2.0
185.7975559234619	2.0463246500043097	2.0
185.80831027030945	2.0463246500043097	2.0
185.81900429725647	2.0463246500043097	2.0
185.830317735672	2.0463246500043097	2.0
185.8414695262909	2.0463246500043097	2.0
185.85247564315796	2.0463246500043097	2.0
185.86330914497375	2.0463246500043097	2.0
185.8742060661316	2.0463246500043097	2.0
185.88493847846985	2.0463246500043097	2.0
185.89573335647583	2.0463246500043097	2.0
185.90674757957458	2.0463246500043097	2.0
185.9177327156067	2.0463246500043097	2.0
185.92882180213928	2.0463246500043097	2.0
185.9399344921112	2.0463246500043097	2.0
185.95095562934875	2.0463246500043097	2.0
185.96180510520935	2.0463246500043097	2.0
185.9726963043213	2.0463246500043097	2.0
185.9832706451416	2.0463246500043097	2.0
185.99425077438354	2.0463246500043097	2.0
186.00487422943115	2.0463246500043097	2.0
186.0155999660492	2.0463246500043097	2.0
186.02663660049438	2.0463246500043097	2.0
186.03743982315063	2.0463246500043097	2.0
186.04834055900574	2.0463246500043097	2.0
186.05893874168396	2.0463246500043097	2.0
186.0699338912964	2.0463246500043097	2.0
186.08098673820496	2.0463246500043097	2.0
186.0921323299408	2.0463246500043097	2.0
186.10270595550537	2.0463246500043097	2.0
186.1136758327484	2.0463246500043097	2.0
186.12449526786804	2.0463246500043097	2.0
186.13531732559204	2.0463246500043097	2.0
186.14627838134766	2.0463246500043097	2.0
186.15696096420288	2.0463246500043097	2.0
186.16796612739563	2.0463246500043097	2.0
186.17850923538208	2.0463246500043097	2.0
186.189284324646	2.0463246500043097	2.0
186.19999313354492	2.0463246500043097	2.0
186.21082091331482	2.0463246500043097	2.0
186.2215633392334	2.0463246500043097	2.0
186.23259019851685	2.0463246500043097	2.0
186.24314999580383	2.0463246500043097	2.0
186.2538034915924	2.0463246500043097	2.0
186.26447820663452	2.0463246500043097	2.0
186.27531003952026	2.0463246500043097	2.0
186.28646612167358	2.0463246500043097	2.0
186.29751133918762	2.0463246500043097	2.0
186.30824637413025	2.0463246500043097	2.0
186.31880688667297	2.0463246500043097	2.0
186.32965731620789	2.0463246500043097	2.0
186.34043431282043	2.0463246500043097	2.0
186.35122847557068	2.0463246500043097	2.0
186.36177492141724	2.0463246500043097	2.0
186.3726143836975	2.0463246500043097	2.0
186.38374781608582	2.0463246500043097	2.0
186.39446139335632	2.0463246500043097	2.0
186.40550827980042	2.0463246500043097	2.0
186.41632914543152	2.0463246500043097	2.0
186.42733812332153	2.0463246500043097	2.0
186.43797779083252	2.0463246500043097	2.0
186.4486792087555	2.0463246500043097	2.0
186.45980191230774	2.0463246500043097	2.0
186.47050404548645	2.0463246500043097	2.0
186.48171997070312	2.0463246500043097	2.0
186.49240684509277	2.0463246500043097	2.0
186.50333738327026	2.0463246500043097	2.0
186.51444149017334	2.0463246500043097	2.0
186.52507519721985	2.0463246500043097	2.0
186.5357105731964	2.0463246500043097	2.0
186.54656052589417	2.0463246500043097	2.0
186.55742406845093	2.0463246500043097	2.0
186.56795144081116	2.0463246500043097	2.0
186.5786578655243	2.0463246500043097	2.0
186.58932638168335	2.0463246500043097	2.0
186.60010981559753	2.0463246500043097	2.0
186.61112308502197	2.0463246500043097	2.0
186.6217122077942	2.0463246500043097	2.0
186.63266849517822	2.0463246500043097	2.0
186.6434690952301	2.0463246500043097	2.0
186.65440845489502	2.0463246500043097	2.0
186.6649603843689	2.0463246500043097	2.0
186.67599725723267	2.0463246500043097	2.0
186.68685460090637	2.0463246500043097	2.0
186.6974391937256	2.0463246500043097	2.0
186.7079677581787	2.0463246500043097	2.0
186.71870517730713	2.0463246500043097	2.0
186.72960662841797	2.0463246500043097	2.0
186.74016499519348	2.0463246500043097	2.0
186.75118613243103	2.0463246500043097	2.0
186.76204872131348	2.0463246500043097	2.0
186.77308678627014	2.0463246500043097	2.0
186.78360843658447	2.0463246500043097	2.0
186.7944095134735	2.0463246500043097	2.0
186.80506086349487	2.0463246500043097	2.0
186.81582975387573	2.0463246500043097	2.0
186.82641124725342	2.0463246500043097	2.0
186.83742141723633	2.0463246500043097	2.0
186.84795212745667	2.0463246500043097	2.0
186.85850739479065	2.0463246500043097	2.0
186.86934113502502	2.0463246500043097	2.0
186.88007616996765	2.0463246500043097	2.0
186.890860080719	2.0463246500043097	2.0
186.90163588523865	2.0463246500043097	2.0
186.91265487670898	2.0463246500043097	2.0
186.9234263896942	2.0463246500043097	2.0
186.93447518348694	2.0463246500043097	2.0
186.94532322883606	2.0463246500043097	2.0
186.95633840560913	2.0463246500043097	2.0
186.96696543693542	2.0463246500043097	2.0
186.97797989845276	2.0463246500043097	2.0
186.9889805316925	2.0463246500043097	2.0
186.99953937530518	2.0463246500043097	2.0
187.0106282234192	2.0463246500043097	2.0
187.02154731750488	2.0463246500043097	2.0
187.0321502685547	2.0463246500043097	2.0
187.04316639900208	2.0463246500043097	2.0
187.05401825904846	2.0463246500043097	2.0
187.06489872932434	2.0463246500043097	2.0
187.07546830177307	2.0463246500043097	2.0
187.08639097213745	2.0463246500043097	2.0
187.09693384170532	2.0463246500043097	2.0
187.1074616909027	2.0463246500043097	2.0
187.1182405948639	2.0463246500043097	2.0
187.12923097610474	2.0463246500043097	2.0
187.14050102233887	2.0463246500043097	2.0
187.15112805366516	2.0463246500043097	2.0
187.1621253490448	2.0463246500043097	2.0
187.1729338169098	2.0463246500043097	2.0
187.18380618095398	2.0463246500043097	2.0
187.19445204734802	2.0463246500043097	2.0
187.20547008514404	2.0463246500043097	2.0
187.2165322303772	2.0463246500043097	2.0
187.22768020629883	2.0463246500043097	2.0
187.23879957199097	2.0463246500043097	2.0
187.24993777275085	2.0463246500043097	2.0
187.26092219352722	2.0463246500043097	2.0
187.27217149734497	2.0463246500043097	2.0
187.28317594528198	2.0463246500043097	2.0
187.29407286643982	2.0463246500043097	2.0
187.30509638786316	2.0463246500043097	2.0
187.3158302307129	2.0463246500043097	2.0
187.32685923576355	2.0463246500043097	2.0
187.3379864692688	2.0463246500043097	2.0
187.34902954101562	2.0463246500043097	2.0
187.35991382598877	2.0463246500043097	2.0
187.3711941242218	2.0463246500043097	2.0
187.38229322433472	2.0463246500043097	2.0
187.39337015151978	2.0463246500043097	2.0
187.4043047428131	2.0463246500043097	2.0
187.41541957855225	2.0463246500043097	2.0
187.4261498451233	2.0463246500043097	2.0
187.4373071193695	2.0463246500043097	2.0
187.44834184646606	2.0463246500043097	2.0
187.45945739746094	2.0463246500043097	2.0
187.47059988975525	2.0463246500043097	2.0
187.48157358169556	2.0463246500043097	2.0
187.4926245212555	2.0463246500043097	2.0
187.5035102367401	2.0463246500043097	2.0
187.51442408561707	2.0463246500043097	2.0
187.52500987052917	2.0463246500043097	2.0
187.536057472229	2.0463246500043097	2.0
187.54704451560974	2.0463246500043097	2.0
187.55758380889893	2.0463246500043097	2.0
187.5682499408722	2.0463246500043097	2.0
187.57937717437744	2.0463246500043097	2.0
187.59033703804016	2.0463246500043097	2.0
187.60121655464172	2.0463246500043097	2.0
187.61188101768494	2.0463246500043097	2.0
187.62286639213562	2.0463246500043097	2.0
187.63340020179749	2.0463246500043097	2.0
187.64432334899902	2.0463246500043097	2.0
187.65531158447266	2.0463246500043097	2.0
187.66586899757385	2.0463246500043097	2.0
187.67686104774475	2.0463246500043097	2.0
187.68740010261536	2.0463246500043097	2.0
187.69799971580505	2.0463246500043097	2.0
187.7087619304657	2.0463246500043097	2.0
187.71978878974915	2.0463246500043097	2.0
187.7303547859192	2.0463246500043097	2.0
187.7411458492279	2.0463246500043097	2.0
187.75218415260315	2.0463246500043097	2.0
187.7632806301117	2.0463246500043097	2.0
187.77391171455383	2.0463246500043097	2.0
187.78489637374878	2.0463246500043097	2.0
187.79540753364563	2.0463246500043097	2.0
187.80658864974976	2.0463246500043097	2.0
187.8174455165863	2.0463246500043097	2.0
187.82858753204346	2.0463246500043097	2.0
187.83971405029297	2.0463246500043097	2.0
187.85087203979492	2.0463246500043097	2.0
187.86189794540405	2.0463246500043097	2.0
187.87256026268005	2.0463246500043097	2.0
187.88312005996704	2.0463246500043097	2.0
187.89398908615112	2.0463246500043097	2.0
187.90469479560852	2.0463246500043097	2.0
187.915358543396	2.0463246500043097	2.0
187.9263379573822	2.0463246500043097	2.0
187.93732476234436	2.0463246500043097	2.0
187.9483139514923	2.0463246500043097	2.0
187.95928597450256	2.0463246500043097	2.0
187.97002172470093	2.0463246500043097	2.0
187.980966091156	2.0463246500043097	2.0
187.99197936058044	2.0463246500043097	2.0
188.00256490707397	2.0463246500043097	2.0
188.01324367523193	2.0463246500043097	2.0
188.02420115470886	2.0463246500043097	2.0
188.03515481948853	2.0463246500043097	2.0
188.04584741592407	2.0463246500043097	2.0
188.0568127632141	2.0463246500043097	2.0
188.06753849983215	2.0463246500043097	2.0
188.07819271087646	2.0463246500043097	2.0
188.088787317276	2.0463246500043097	2.0
188.09951949119568	2.0463246500043097	2.0
188.11027789115906	2.0463246500043097	2.0
188.12131524085999	2.0463246500043097	2.0
188.13232851028442	2.0463246500043097	2.0
188.14289951324463	2.0463246500043097	2.0
188.15369296073914	2.0463246500043097	2.0
188.1647880077362	2.0463246500043097	2.0
188.17535281181335	2.0463246500043097	2.0
188.18640160560608	2.0463246500043097	2.0
188.1973135471344	2.0463246500043097	2.0
188.2083604335785	2.0463246500043097	2.0
188.21894907951355	2.0463246500043097	2.0
188.2298231124878	2.0463246500043097	2.0
188.24044752120972	2.0463246500043097	2.0
188.2511341571808	2.0463246500043097	2.0
188.261873960495	2.0463246500043097	2.0
188.2728033065796	2.0463246500043097	2.0
188.2841272354126	2.0463246500043097	2.0
188.29481482505798	2.0463246500043097	2.0
188.30554056167603	2.0463246500043097	2.0
188.31636357307434	2.0463246500043097	2.0
188.32723212242126	2.0463246500043097	2.0
188.3377981185913	2.0463246500043097	2.0
188.3487741947174	2.0463246500043097	2.0
188.35945391654968	2.0463246500043097	2.0
188.37014269828796	2.0463246500043097	2.0
188.38111543655396	2.0463246500043097	2.0
188.3921344280243	2.0463246500043097	2.0
188.40279960632324	2.0463246500043097	2.0
188.41386890411377	2.0463246500043097	2.0
188.42445921897888	2.0463246500043097	2.0
188.43552446365356	2.0463246500043097	2.0
188.44671201705933	2.0463246500043097	2.0
188.45742344856262	2.0463246500043097	2.0
188.46806383132935	2.0463246500043097	2.0
188.47977304458618	2.0463246500043097	2.0
188.49055337905884	2.0463246500043097	2.0
188.50158834457397	2.0463246500043097	2.0
188.51283049583435	2.0463246500043097	2.0
188.5238037109375	2.0463246500043097	2.0
188.53435063362122	2.0463246500043097	2.0
188.54501223564148	2.0463246500043097	2.0
188.5555682182312	2.0463246500043097	2.0
188.5663595199585	2.0463246500043097	2.0
188.57739114761353	2.0463246500043097	2.0
188.5881838798523	2.0463246500043097	2.0
188.5987787246704	2.0463246500043097	2.0
188.60994815826416	2.0463246500043097	2.0
188.62063121795654	2.0463246500043097	2.0
188.63128972053528	2.0463246500043097	2.0
188.6424524784088	2.0463246500043097	2.0
188.65348291397095	2.0463246500043097	2.0
188.66453886032104	2.0463246500043097	2.0
188.67570757865906	2.0463246500043097	2.0
188.68640899658203	2.0463246500043097	2.0
188.6974275112152	2.0463246500043097	2.0
188.70848417282104	2.0463246500043097	2.0
188.71933817863464	2.0463246500043097	2.0
188.73033571243286	2.0463246500043097	2.0
188.74135661125183	2.0463246500043097	2.0
188.75248622894287	2.0463246500043097	2.0
188.76334404945374	2.0463246500043097	2.0
188.7739441394806	2.0463246500043097	2.0
188.78486728668213	2.0463246500043097	2.0
188.79550123214722	2.0463246500043097	2.0
188.80637001991272	2.0463246500043097	2.0
188.81740188598633	2.0463246500043097	2.0
188.82806301116943	2.0463246500043097	2.0
188.83867979049683	2.0463246500043097	2.0
188.84936475753784	2.0463246500043097	2.0
188.8605363368988	2.0463246500043097	2.0
188.8715682029724	2.0463246500043097	2.0
188.88255620002747	2.0463246500043097	2.0
188.89310336112976	2.0463246500043097	2.0
188.9038121700287	2.0463246500043097	2.0
188.914479970932	2.0463246500043097	2.0
188.92517113685608	2.0463246500043097	2.0
188.93637371063232	2.0463246500043097	2.0
188.9469132423401	2.0463246500043097	2.0
188.95784783363342	2.0463246500043097	2.0
188.96867632865906	2.0463246500043097	2.0
188.97972106933594	2.0463246500043097	2.0
188.9902322292328	2.0463246500043097	2.0
189.00118947029114	2.0463246500043097	2.0
189.01230144500732	2.0463246500043097	2.0
189.0232708454132	2.0463246500043097	2.0
189.03439617156982	2.0463246500043097	2.0
189.0451729297638	2.0463246500043097	2.0
189.05619955062866	2.0463246500043097	2.0
189.0668170452118	2.0463246500043097	2.0
189.0777177810669	2.0463246500043097	2.0
189.08853387832642	2.0463246500043097	2.0
189.09943675994873	2.0463246500043097	2.0
189.11031031608582	2.0463246500043097	2.0
189.12132334709167	2.0463246500043097	2.0
189.13234281539917	2.0463246500043097	2.0
189.14337134361267	2.0463246500043097	2.0
189.15424156188965	2.0463246500043097	2.0
189.16523790359497	2.0463246500043097	2.0
189.17586970329285	2.0463246500043097	2.0
189.18681645393372	2.0463246500043097	2.0
189.19768524169922	2.0463246500043097	2.0
189.20823740959167	2.0463246500043097	2.0
189.21894478797913	2.0463246500043097	2.0
189.23008131980896	2.0463246500043097	2.0
189.2415132522583	2.0463246500043097	2.0
189.25229930877686	2.0463246500043097	2.0
189.26285815238953	2.0463246500043097	2.0
189.27342796325684	2.0463246500043097	2.0
189.28451418876648	2.0463246500043097	2.0
189.29533076286316	2.0463246500043097	2.0
189.30650162696838	2.0463246500043097	2.0
189.31732320785522	2.0463246500043097	2.0
189.32812547683716	2.0463246500043097	2.0
189.338876247406	2.0463246500043097	2.0
189.3497233390808	2.0463246500043097	2.0
189.36036705970764	2.0463246500043097	2.0
189.37110209465027	2.0463246500043097	2.0
189.38185954093933	2.0463246500043097	2.0
189.39294028282166	2.0463246500043097	2.0
189.40362405776978	2.0463246500043097	2.0
189.41479229927063	2.0463246500043097	2.0
189.42536044120789	2.0463246500043097	2.0
189.4364185333252	2.0463246500043097	2.0
189.44752740859985	2.0463246500043097	2.0
189.45825242996216	2.0463246500043097	2.0
189.4688379764557	2.0463246500043097	2.0
189.47943878173828	2.0463246500043097	2.0
189.49056386947632	2.0463246500043097	2.0
189.50117206573486	2.0463246500043097	2.0
189.5120029449463	2.0463246500043097	2.0
189.52284336090088	2.0463246500043097	2.0
189.53396821022034	2.0463246500043097	2.0
189.54505062103271	2.0463246500043097	2.0
189.55625987052917	2.0463246500043097	2.0
189.56727480888367	2.0463246500043097	2.0
189.57819771766663	2.0463246500043097	2.0
189.58900833129883	2.0463246500043097	2.0
189.59989285469055	2.0463246500043097	2.0
189.61061334609985	2.0463246500043097	2.0
189.62171173095703	2.0463246500043097	2.0
189.6325249671936	2.0463246500043097	2.0
189.64306950569153	2.0463246500043097	2.0
189.6536865234375	2.0463246500043097	2.0
189.66479468345642	2.0463246500043097	2.0
189.6759352684021	2.0463246500043097	2.0
189.6870014667511	2.0463246500043097	2.0
189.69799613952637	2.0463246500043097	2.0
189.7085325717926	2.0463246500043097	2.0
189.71965980529785	2.0463246500043097	2.0
189.73030400276184	2.0463246500043097	2.0
189.74147725105286	2.0463246500043097	2.0
189.75229215621948	2.0463246500043097	2.0
189.76314973831177	2.0463246500043097	2.0
189.7739133834839	2.0463246500043097	2.0
189.7848253250122	2.0463246500043097	2.0
189.7958686351776	2.0463246500043097	2.0
189.80690264701843	2.0463246500043097	2.0
189.81745314598083	2.0463246500043097	2.0
189.82842779159546	2.0463246500043097	2.0
189.83906841278076	2.0463246500043097	2.0
189.84961771965027	2.0463246500043097	2.0
189.86026740074158	2.0463246500043097	2.0
189.8710434436798	2.0463246500043097	2.0
189.88177585601807	2.0463246500043097	2.0
189.89278626441956	2.0463246500043097	2.0
189.90334463119507	2.0463246500043097	2.0
189.9140989780426	2.0463246500043097	2.0
189.9251458644867	2.0463246500043097	2.0
189.93578553199768	2.0463246500043097	2.0
189.94676208496094	2.0463246500043097	2.0
189.9575424194336	2.0463246500043097	2.0
189.9682059288025	2.0463246500043097	2.0
189.9790074825287	2.0463246500043097	2.0
189.98954272270203	2.0463246500043097	2.0
190.0001950263977	2.0463246500043097	2.0
190.01129269599915	2.0463246500043097	2.0
190.0225830078125	2.0463246500043097	2.0
190.0333867073059	2.0463246500043097	2.0
190.04410123825073	2.0463246500043097	2.0
190.05485582351685	2.0463246500043097	2.0
190.06544542312622	2.0463246500043097	2.0
190.07636332511902	2.0463246500043097	2.0
190.0874330997467	2.0463246500043097	2.0
190.0979721546173	2.0463246500043097	2.0
190.10850167274475	2.0463246500043097	2.0
190.1191382408142	2.0463246500043097	2.0
190.12994384765625	2.0463246500043097	2.0
190.14065432548523	2.0463246500043097	2.0
190.1514801979065	2.0463246500043097	2.0
190.16227388381958	2.0463246500043097	2.0
190.17303276062012	2.0463246500043097	2.0
190.18408465385437	2.0463246500043097	2.0
190.19478702545166	2.0463246500043097	2.0
190.20580744743347	2.0463246500043097	2.0
190.21638417243958	2.0463246500043097	2.0
190.22742223739624	2.0463246500043097	2.0
190.23860454559326	2.0463246500043097	2.0
190.24953770637512	2.0463246500043097	2.0
190.26013493537903	2.0463246500043097	2.0
190.27121567726135	2.0463246500043097	2.0
190.2820496559143	2.0463246500043097	2.0
190.29277563095093	2.0463246500043097	2.0
190.3039379119873	2.0463246500043097	2.0
190.31479024887085	2.0463246500043097	2.0
190.32541584968567	2.0463246500043097	2.0
190.33663058280945	2.0463246500043097	2.0
190.3473253250122	2.0463246500043097	2.0
190.35830950737	2.0463246500043097	2.0
190.36944103240967	2.0463246500043097	2.0
190.38029193878174	2.0463246500043097	2.0
190.3913116455078	2.0463246500043097	2.0
190.4020745754242	2.0463246500043097	2.0
190.41265106201172	2.0463246500043097	2.0
190.42370009422302	2.0463246500043097	2.0
190.43424439430237	2.0463246500043097	2.0
190.44531965255737	2.0463246500043097	2.0
190.45634484291077	2.0463246500043097	2.0
190.46714091300964	2.0463246500043097	2.0
190.47772526741028	2.0463246500043097	2.0
190.48832488059998	2.0463246500043097	2.0
190.49886631965637	2.0463246500043097	2.0
190.50957465171814	2.0463246500043097	2.0
190.52022862434387	2.0463246500043097	2.0
190.53123688697815	2.0463246500043097	2.0
190.54221653938293	2.0463246500043097	2.0
190.55319738388062	2.0463246500043097	2.0
190.56392765045166	2.0463246500043097	2.0
190.5745072364807	2.0463246500043097	2.0
190.58553433418274	2.0463246500043097	2.0
190.59660720825195	2.0463246500043097	2.0
190.60742616653442	2.0463246500043097	2.0
190.6182758808136	2.0463246500043097	2.0
190.62908267974854	2.0463246500043097	2.0
190.63962292671204	2.0463246500043097	2.0
190.6508469581604	2.0463246500043097	2.0
190.66191744804382	2.0463246500043097	2.0
190.6725742816925	2.0463246500043097	2.0
190.68357396125793	2.0463246500043097	2.0
190.69432163238525	2.0463246500043097	2.0
190.70503902435303	2.0463246500043097	2.0
190.71586155891418	2.0463246500043097	2.0
190.7265429496765	2.0463246500043097	2.0
190.73718237876892	2.0463246500043097	2.0
190.74772000312805	2.0463246500043097	2.0
190.75859117507935	2.0463246500043097	2.0
190.76963567733765	2.0463246500043097	2.0
190.78046941757202	2.0463246500043097	2.0
190.79138374328613	2.0463246500043097	2.0
190.80248832702637	2.0463246500043097	2.0
190.8132667541504	2.0463246500043097	2.0
190.8243124485016	2.0463246500043097	2.0
190.83531546592712	2.0463246500043097	2.0
190.8460168838501	2.0463246500043097	2.0
190.85694456100464	2.0463246500043097	2.0
190.86745834350586	2.0463246500043097	2.0
190.87843680381775	2.0463246500043097	2.0
190.88951539993286	2.0463246500043097	2.0
190.90020322799683	2.0463246500043097	2.0
190.91121912002563	2.0463246500043097	2.0
190.92221927642822	2.0463246500043097	2.0
190.93330717086792	2.0463246500043097	2.0
190.9443211555481	2.0463246500043097	2.0
190.9553198814392	2.0463246500043097	2.0
190.96622776985168	2.0463246500043097	2.0
190.9769275188446	2.0463246500043097	2.0
190.98746013641357	2.0463246500043097	2.0
190.9980297088623	2.0463246500043097	2.0
191.00893092155457	2.0463246500043097	2.0
191.01993989944458	2.0463246500043097	2.0
191.03098154067993	2.0463246500043097	2.0
191.04177713394165	2.0463246500043097	2.0
191.05276036262512	2.0463246500043097	2.0
191.0636785030365	2.0463246500043097	2.0
191.07428979873657	2.0463246500043097	2.0
191.08526492118835	2.0463246500043097	2.0
191.09628033638	2.0463246500043097	2.0
191.10704970359802	2.0463246500043097	2.0
191.11764764785767	2.0463246500043097	2.0
191.12818026542664	2.0463246500043097	2.0
191.1388874053955	2.0463246500043097	2.0
191.15002584457397	2.0463246500043097	2.0
191.1605315208435	2.0463246500043097	2.0
191.17120480537415	2.0463246500043097	2.0
191.18229055404663	2.0463246500043097	2.0
191.1928515434265	2.0463246500043097	2.0
191.20354509353638	2.0463246500043097	2.0
191.21442937850952	2.0463246500043097	2.0
191.22532749176025	2.0463246500043097	2.0
191.23631381988525	2.0463246500043097	2.0
191.2468695640564	2.0463246500043097	2.0
191.2574303150177	2.0463246500043097	2.0
191.2682340145111	2.0463246500043097	2.0
191.27883195877075	2.0463246500043097	2.0
191.2895004749298	2.0463246500043097	2.0
191.30030846595764	2.0463246500043097	2.0
191.31137466430664	2.0463246500043097	2.0
191.32194685935974	2.0463246500043097	2.0
191.33292031288147	2.0463246500043097	2.0
191.3438847064972	2.0463246500043097	2.0
191.35497665405273	2.0463246500043097	2.0
191.3658685684204	2.0463246500043097	2.0
191.3767125606537	2.0463246500043097	2.0
191.38727283477783	2.0463246500043097	2.0
191.39815187454224	2.0463246500043097	2.0
191.40870094299316	2.0463246500043097	2.0
191.4198043346405	2.0463246500043097	2.0
191.43068623542786	2.0463246500043097	2.0
191.4413981437683	2.0463246500043097	2.0
191.45213866233826	2.0463246500043097	2.0
191.46295189857483	2.0463246500043097	2.0
191.47383904457092	2.0463246500043097	2.0
191.48495292663574	2.0463246500043097	2.0
191.49600172042847	2.0463246500043097	2.0
191.5067069530487	2.0463246500043097	2.0
191.51761984825134	2.0463246500043097	2.0
191.5281686782837	2.0463246500043097	2.0
191.53899312019348	2.0463246500043097	2.0
191.54984188079834	2.0463246500043097	2.0
191.5604829788208	2.0463246500043097	2.0
191.57162857055664	2.0463246500043097	2.0
191.58222126960754	2.0463246500043097	2.0
191.59278059005737	2.0463246500043097	2.0
191.603364944458	2.0463246500043097	2.0
191.61426997184753	2.0463246500043097	2.0
191.62504243850708	2.0463246500043097	2.0
191.63561177253723	2.0463246500043097	2.0
191.64650201797485	2.0463246500043097	2.0
191.657044172287	2.0463246500043097	2.0
191.6683485507965	2.0463246500043097	2.0
191.6793074607849	2.0463246500043097	2.0
191.6899425983429	2.0463246500043097	2.0
191.70132875442505	2.0463246500043097	2.0
191.71230697631836	2.0463246500043097	2.0
191.7230134010315	2.0463246500043097	2.0
191.73380517959595	2.0463246500043097	2.0
191.74437737464905	2.0463246500043097	2.0
191.755375623703	2.0463246500043097	2.0
191.76644372940063	2.0463246500043097	2.0
191.77737092971802	2.0463246500043097	2.0
191.78790068626404	2.0463246500043097	2.0
191.7985920906067	2.0463246500043097	2.0
191.80914092063904	2.0463246500043097	2.0
191.8201720714569	2.0463246500043097	2.0
191.8313925266266	2.0463246500043097	2.0
191.8423047065735	2.0463246500043097	2.0
191.85321974754333	2.0463246500043097	2.0
191.86395621299744	2.0463246500043097	2.0
191.87451934814453	2.0463246500043097	2.0
191.8852298259735	2.0463246500043097	2.0
191.89635586738586	2.0463246500043097	2.0
191.90753316879272	2.0463246500043097	2.0
191.91818523406982	2.0463246500043097	2.0
191.9289312362671	2.0463246500043097	2.0
191.93972778320312	2.0463246500043097	2.0
191.95074105262756	2.0463246500043097	2.0
191.9617621898651	2.0463246500043097	2.0
191.97270965576172	2.0463246500043097	2.0
191.98344492912292	2.0463246500043097	2.0
191.9941370487213	2.0463246500043097	2.0
192.00497937202454	2.0463246500043097	2.0
192.01584124565125	2.0463246500043097	2.0
192.0267140865326	2.0463246500043097	2.0
192.03781747817993	2.0463246500043097	2.0
192.0486238002777	2.0463246500043097	2.0
192.0592806339264	2.0463246500043097	2.0
192.07031321525574	2.0463246500043097	2.0
192.0811321735382	2.0463246500043097	2.0
192.092298746109	2.0463246500043097	2.0
192.10290241241455	2.0463246500043097	2.0
192.11379837989807	2.0463246500043097	2.0
192.12441182136536	2.0463246500043097	2.0
192.13515853881836	2.0463246500043097	2.0
192.1462607383728	2.0463246500043097	2.0
192.15734839439392	2.0463246500043097	2.0
192.16837120056152	2.0463246500043097	2.0
192.17931032180786	2.0463246500043097	2.0
192.19033646583557	2.0463246500043097	2.0
192.2012176513672	2.0463246500043097	2.0
192.2122881412506	2.0463246500043097	2.0
192.22324466705322	2.0463246500043097	2.0
192.23430728912354	2.0463246500043097	2.0
192.24501585960388	2.0463246500043097	2.0
192.25618267059326	2.0463246500043097	2.0
192.26681303977966	2.0463246500043097	2.0
192.2774589061737	2.0463246500043097	2.0
192.28815126419067	2.0463246500043097	2.0
192.29915142059326	2.0463246500043097	2.0
192.3099503517151	2.0463246500043097	2.0
192.32069182395935	2.0463246500043097	2.0
192.33175945281982	2.0463246500043097	2.0
192.34279441833496	2.0463246500043097	2.0
192.35344743728638	2.0463246500043097	2.0
192.36418914794922	2.0463246500043097	2.0
192.3747751712799	2.0463246500043097	2.0
192.38531517982483	2.0463246500043097	2.0
192.39599108695984	2.0463246500043097	2.0
192.40705966949463	2.0463246500043097	2.0
192.4175922870636	2.0463246500043097	2.0
192.42824482917786	2.0463246500043097	2.0
192.4388518333435	2.0463246500043097	2.0
192.44938898086548	2.0463246500043097	2.0
192.4602665901184	2.0463246500043097	2.0
192.4713954925537	2.0463246500043097	2.0
192.48228788375854	2.0463246500043097	2.0
192.4930658340454	2.0463246500043097	2.0
192.50380396842957	2.0463246500043097	2.0
192.5148093700409	2.0463246500043097	2.0
192.52544975280762	2.0463246500043097	2.0
192.5361623764038	2.0463246500043097	2.0
192.54734230041504	2.0463246500043097	2.0
192.55788159370422	2.0463246500043097	2.0
192.56840991973877	2.0463246500043097	2.0
192.57909226417542	2.0463246500043097	2.0
192.59022450447083	2.0463246500043097	2.0
192.60103607177734	2.0463246500043097	2.0
192.61197233200073	2.0463246500043097	2.0
192.62291860580444	2.0463246500043097	2.0
192.6335985660553	2.0463246500043097	2.0
192.64464855194092	2.0463246500043097	2.0
192.65531969070435	2.0463246500043097	2.0
192.66625380516052	2.0463246500043097	2.0
192.67702436447144	2.0463246500043097	2.0
192.6880645751953	2.0463246500043097	2.0
192.69867515563965	2.0463246500043097	2.0
192.70974779129028	2.0463246500043097	2.0
192.7204294204712	2.0463246500043097	2.0
192.7312364578247	2.0463246500043097	2.0
192.74224090576172	2.0463246500043097	2.0
192.75304794311523	2.0463246500043097	2.0
192.76365184783936	2.0463246500043097	2.0
192.77472853660583	2.0463246500043097	2.0
192.78529477119446	2.0463246500043097	2.0
192.79620599746704	2.0463246500043097	2.0
192.8070046901703	2.0463246500043097	2.0
192.81763792037964	2.0463246500043097	2.0
192.82848191261292	2.0463246500043097	2.0
192.83911418914795	2.0463246500043097	2.0
192.8502779006958	2.0463246500043097	2.0
192.86138677597046	2.0463246500043097	2.0
192.87229895591736	2.0463246500043097	2.0
192.8829321861267	2.0463246500043097	2.0
192.89361715316772	2.0463246500043097	2.0
192.90431880950928	2.0463246500043097	2.0
192.91499590873718	2.0463246500043097	2.0
192.9255485534668	2.0463246500043097	2.0
192.9367082118988	2.0463246500043097	2.0
192.94742465019226	2.0463246500043097	2.0
192.95841670036316	2.0463246500043097	2.0
192.9691972732544	2.0463246500043097	2.0
192.97972583770752	2.0463246500043097	2.0
192.99040579795837	2.0463246500043097	2.0
193.0014476776123	2.0463246500043097	2.0
193.01244139671326	2.0463246500043097	2.0
193.0233073234558	2.0463246500043097	2.0
193.03435850143433	2.0463246500043097	2.0
193.04505395889282	2.0463246500043097	2.0
193.0560736656189	2.0463246500043097	2.0
193.06707000732422	2.0463246500043097	2.0
193.07809376716614	2.0463246500043097	2.0
193.0888068675995	2.0463246500043097	2.0
193.0999743938446	2.0463246500043097	2.0
193.1108157634735	2.0463246500043097	2.0
193.12155318260193	2.0463246500043097	2.0
193.13230347633362	2.0463246500043097	2.0
193.14324927330017	2.0463246500043097	2.0
193.15418457984924	2.0463246500043097	2.0
193.16479992866516	2.0463246500043097	2.0
193.1753876209259	2.0463246500043097	2.0
193.18643760681152	2.0463246500043097	2.0
193.1974699497223	2.0463246500043097	2.0
193.20844197273254	2.0463246500043097	2.0
193.21896195411682	2.0463246500043097	2.0
193.22981810569763	2.0463246500043097	2.0
193.24043607711792	2.0463246500043097	2.0
193.25151586532593	2.0463246500043097	2.0
193.26229071617126	2.0463246500043097	2.0
193.27330112457275	2.0463246500043097	2.0
193.28424406051636	2.0463246500043097	2.0
193.29528498649597	2.0463246500043097	2.0
193.30635976791382	2.0463246500043097	2.0
193.31731128692627	2.0463246500043097	2.0
193.32802081108093	2.0463246500043097	2.0
193.33855271339417	2.0463246500043097	2.0
193.3492615222931	2.0463246500043097	2.0
193.36004066467285	2.0463246500043097	2.0
193.37067580223083	2.0463246500043097	2.0
193.38151621818542	2.0463246500043097	2.0
193.39255738258362	2.0463246500043097	2.0
193.4032940864563	2.0463246500043097	2.0
193.41429901123047	2.0463246500043097	2.0
193.4252655506134	2.0463246500043097	2.0
193.43606185913086	2.0463246500043097	2.0
193.44671416282654	2.0463246500043097	2.0
193.4573438167572	2.0463246500043097	2.0
193.4683015346527	2.0463246500043097	2.0
193.47933316230774	2.0463246500043097	2.0
193.49022722244263	2.0463246500043097	2.0
193.50118589401245	2.0463246500043097	2.0
193.51221299171448	2.0463246500043097	2.0
193.5230574607849	2.0463246500043097	2.0
193.53429794311523	2.0463246500043097	2.0
193.5453062057495	2.0463246500043097	2.0
193.55632257461548	2.0463246500043097	2.0
193.56729292869568	2.0463246500043097	2.0
193.57815194129944	2.0463246500043097	2.0
193.58882975578308	2.0463246500043097	2.0
193.59956574440002	2.0463246500043097	2.0
193.6102397441864	2.0463246500043097	2.0
193.62140655517578	2.0463246500043097	2.0
193.63214373588562	2.0463246500043097	2.0
193.64315676689148	2.0463246500043097	2.0
193.653813123703	2.0463246500043097	2.0
193.66472005844116	2.0463246500043097	2.0
193.6752905845642	2.0463246500043097	2.0
193.68632555007935	2.0463246500043097	2.0
193.69718027114868	2.0463246500043097	2.0
193.70771956443787	2.0463246500043097	2.0
193.71842885017395	2.0463246500043097	2.0
193.72930240631104	2.0463246500043097	2.0
193.740083694458	2.0463246500043097	2.0
193.75081253051758	2.0463246500043097	2.0
193.76180338859558	2.0463246500043097	2.0
193.77269864082336	2.0463246500043097	2.0
193.78347635269165	2.0463246500043097	2.0
193.79452323913574	2.0463246500043097	2.0
193.8054177761078	2.0463246500043097	2.0
193.8163139820099	2.0463246500043097	2.0
193.826984167099	2.0463246500043097	2.0
193.83762431144714	2.0463246500043097	2.0
193.84831976890564	2.0463246500043097	2.0
193.85909342765808	2.0463246500043097	2.0
193.87012147903442	2.0463246500043097	2.0
193.88117098808289	2.0463246500043097	2.0
193.89230513572693	2.0463246500043097	2.0
193.90329241752625	2.0463246500043097	2.0
193.91430258750916	2.0463246500043097	2.0
193.92533111572266	2.0463246500043097	2.0
193.93621230125427	2.0463246500043097	2.0
193.9471492767334	2.0463246500043097	2.0
193.95769667625427	2.0463246500043097	2.0
193.9684293270111	2.0463246500043097	2.0
193.9791042804718	2.0463246500043097	2.0
193.98973321914673	2.0463246500043097	2.0
194.00040221214294	2.0463246500043097	2.0
194.0111916065216	2.0463246500043097	2.0
194.02223873138428	2.0463246500043097	2.0
194.0329887866974	2.0463246500043097	2.0
194.04371643066406	2.0463246500043097	2.0
194.0547754764557	2.0463246500043097	2.0
194.0656943321228	2.0463246500043097	2.0
194.076721906662	2.0463246500043097	2.0
194.08742690086365	2.0463246500043097	2.0
194.09801626205444	2.0463246500043097	2.0
194.10879063606262	2.0463246500043097	2.0
194.11960577964783	2.0463246500043097	2.0
194.1302056312561	2.0463246500043097	2.0
194.14090299606323	2.0463246500043097	2.0
194.15183424949646	2.0463246500043097	2.0
194.16279292106628	2.0463246500043097	2.0
194.1734368801117	2.0463246500043097	2.0
194.1842999458313	2.0463246500043097	2.0
194.19532895088196	2.0463246500043097	2.0
194.20614194869995	2.0463246500043097	2.0
194.21690797805786	2.0463246500043097	2.0
194.2278037071228	2.0463246500043097	2.0
194.2384421825409	2.0463246500043097	2.0
194.2499327659607	2.0463246500043097	2.0
194.2609579563141	2.0463246500043097	2.0
194.27200269699097	2.0463246500043097	2.0
194.2829041481018	2.0463246500043097	2.0
194.2935905456543	2.0463246500043097	2.0
194.3043098449707	2.0463246500043097	2.0
194.31529808044434	2.0463246500043097	2.0
194.32633090019226	2.0463246500043097	2.0
194.33703684806824	2.0463246500043097	2.0
194.34782075881958	2.0463246500043097	2.0
194.358731508255	2.0463246500043097	2.0
194.36964321136475	2.0463246500043097	2.0
194.38044452667236	2.0463246500043097	2.0
194.39127111434937	2.0463246500043097	2.0
194.4022421836853	2.0463246500043097	2.0
194.41312289237976	2.0463246500043097	2.0
194.4241807460785	2.0463246500043097	2.0
194.43476247787476	2.0463246500043097	2.0
194.4457278251648	2.0463246500043097	2.0
194.4562590122223	2.0463246500043097	2.0
194.46706295013428	2.0463246500043097	2.0
194.47781777381897	2.0463246500043097	2.0
194.488787651062	2.0463246500043097	2.0
194.49967288970947	2.0463246500043097	2.0
194.5104625225067	2.0463246500043097	2.0
194.52126789093018	2.0463246500043097	2.0
194.53202486038208	2.0463246500043097	2.0
194.54290914535522	2.0463246500043097	2.0
194.5536687374115	2.0463246500043097	2.0
194.56467533111572	2.0463246500043097	2.0
194.57575297355652	2.0463246500043097	2.0
194.5866415500641	2.0463246500043097	2.0
194.59756016731262	2.0463246500043097	2.0
194.60815691947937	2.0463246500043097	2.0
194.61911153793335	2.0463246500043097	2.0
194.62999844551086	2.0463246500043097	2.0
194.640554189682	2.0463246500043097	2.0
194.65142917633057	2.0463246500043097	2.0
194.6624562740326	2.0463246500043097	2.0
194.6729998588562	2.0463246500043097	2.0
194.68402361869812	2.0463246500043097	2.0
194.6948320865631	2.0463246500043097	2.0
194.7058868408203	2.0463246500043097	2.0
194.71675777435303	2.0463246500043097	2.0
194.7272982597351	2.0463246500043097	2.0
194.7380383014679	2.0463246500043097	2.0
194.74865317344666	2.0463246500043097	2.0
194.75970578193665	2.0463246500043097	2.0
194.77042818069458	2.0463246500043097	2.0
194.78145813941956	2.0463246500043097	2.0
194.79247283935547	2.0463246500043097	2.0
194.8031942844391	2.0463246500043097	2.0
194.81411170959473	2.0463246500043097	2.0
194.8250834941864	2.0463246500043097	2.0
194.83563613891602	2.0463246500043097	2.0
194.84632110595703	2.0463246500043097	2.0
194.85713076591492	2.0463246500043097	2.0
194.8676700592041	2.0463246500043097	2.0
194.87820148468018	2.0463246500043097	2.0
194.8892741203308	2.0463246500043097	2.0
194.90008091926575	2.0463246500043097	2.0
194.9110870361328	2.0463246500043097	2.0
194.92209315299988	2.0463246500043097	2.0
194.93279504776	2.0463246500043097	2.0
194.94340467453003	2.0463246500043097	2.0
194.95396947860718	2.0463246500043097	2.0
194.9649748802185	2.0463246500043097	2.0
194.9755437374115	2.0463246500043097	2.0
194.9867308139801	2.0463246500043097	2.0
194.9976143836975	2.0463246500043097	2.0
195.00820326805115	2.0463246500043097	2.0
195.01909637451172	2.0463246500043097	2.0
195.0297122001648	2.0463246500043097	2.0
195.04088139533997	2.0463246500043097	2.0
195.05162954330444	2.0463246500043097	2.0
195.06243801116943	2.0463246500043097	2.0
195.07356190681458	2.0463246500043097	2.0
195.08461475372314	2.0463246500043097	2.0
195.09566926956177	2.0463246500043097	2.0
195.10671091079712	2.0463246500043097	2.0
195.117737531662	2.0463246500043097	2.0
195.12870025634766	2.0463246500043097	2.0
195.13932871818542	2.0463246500043097	2.0
195.15033841133118	2.0463246500043097	2.0
195.16089749336243	2.0463246500043097	2.0
195.17190623283386	2.0463246500043097	2.0
195.1826331615448	2.0463246500043097	2.0
195.1932966709137	2.0463246500043097	2.0
195.2042965888977	2.0463246500043097	2.0
195.21506428718567	2.0463246500043097	2.0
195.2257468700409	2.0463246500043097	2.0
195.2364284992218	2.0463246500043097	2.0
195.24738597869873	2.0463246500043097	2.0
195.25794792175293	2.0463246500043097	2.0
195.2688283920288	2.0463246500043097	2.0
195.2793972492218	2.0463246500043097	2.0
195.29012370109558	2.0463246500043097	2.0
195.30148458480835	2.0463246500043097	2.0
195.31224012374878	2.0463246500043097	2.0
195.3227858543396	2.0463246500043097	2.0
195.33332586288452	2.0463246500043097	2.0
195.34409880638123	2.0463246500043097	2.0
195.35466814041138	2.0463246500043097	2.0
195.36523175239563	2.0463246500043097	2.0
195.3757839202881	2.0463246500043097	2.0
195.38701009750366	2.0463246500043097	2.0
195.3979208469391	2.0463246500043097	2.0
195.40864968299866	2.0463246500043097	2.0
195.4197702407837	2.0463246500043097	2.0
195.4304323196411	2.0463246500043097	2.0
195.44149780273438	2.0463246500043097	2.0
195.4523515701294	2.0463246500043097	2.0
195.46329402923584	2.0463246500043097	2.0
195.47430086135864	2.0463246500043097	2.0
195.4849569797516	2.0463246500043097	2.0
195.4959683418274	2.0463246500043097	2.0
195.50706362724304	2.0463246500043097	2.0
195.51763892173767	2.0463246500043097	2.0
195.52820682525635	2.0463246500043097	2.0
195.53896832466125	2.0463246500043097	2.0
195.54962825775146	2.0463246500043097	2.0
195.56063795089722	2.0463246500043097	2.0
195.57141184806824	2.0463246500043097	2.0
195.58243894577026	2.0463246500043097	2.0
195.5932972431183	2.0463246500043097	2.0
195.60413670539856	2.0463246500043097	2.0
195.61532163619995	2.0463246500043097	2.0
195.62633609771729	2.0463246500043097	2.0
195.63698172569275	2.0463246500043097	2.0
195.64779615402222	2.0463246500043097	2.0
195.65859174728394	2.0463246500043097	2.0
195.6693947315216	2.0463246500043097	2.0
195.68038606643677	2.0463246500043097	2.0
195.69108605384827	2.0463246500043097	2.0
195.7021839618683	2.0463246500043097	2.0
195.7132213115692	2.0463246500043097	2.0
195.7242181301117	2.0463246500043097	2.0
195.73523449897766	2.0463246500043097	2.0
195.7461051940918	2.0463246500043097	2.0
195.7569854259491	2.0463246500043097	2.0
195.76760172843933	2.0463246500043097	2.0
195.77853417396545	2.0463246500043097	2.0
195.78908896446228	2.0463246500043097	2.0
195.8001046180725	2.0463246500043097	2.0
195.81111884117126	2.0463246500043097	2.0
195.8223865032196	2.0463246500043097	2.0
195.83290219306946	2.0463246500043097	2.0
195.8440601825714	2.0463246500043097	2.0
195.85475158691406	2.0463246500043097	2.0
195.86558866500854	2.0463246500043097	2.0
195.8763885498047	2.0463246500043097	2.0
195.88699865341187	2.0463246500043097	2.0
195.89756107330322	2.0463246500043097	2.0
195.90863251686096	2.0463246500043097	2.0
195.9196538925171	2.0463246500043097	2.0
195.9306607246399	2.0463246500043097	2.0
195.94166660308838	2.0463246500043097	2.0
195.9526710510254	2.0463246500043097	2.0
195.96356344223022	2.0463246500043097	2.0
195.97460103034973	2.0463246500043097	2.0
195.98528218269348	2.0463246500043097	2.0
195.99581837654114	2.0463246500043097	2.0
196.00713682174683	2.0463246500043097	2.0
196.01769876480103	2.0463246500043097	2.0
196.02828788757324	2.0463246500043097	2.0
196.0389347076416	2.0463246500043097	2.0
196.04995346069336	2.0463246500043097	2.0
196.06106615066528	2.0463246500043097	2.0
196.07163739204407	2.0463246500043097	2.0
196.08230638504028	2.0463246500043097	2.0
196.09332966804504	2.0463246500043097	2.0
196.10436987876892	2.0463246500043097	2.0
196.11549878120422	2.0463246500043097	2.0
196.1262927055359	2.0463246500043097	2.0
196.13714361190796	2.0463246500043097	2.0
196.14781284332275	2.0463246500043097	2.0
196.1587107181549	2.0463246500043097	2.0
196.16970658302307	2.0463246500043097	2.0
196.18029856681824	2.0463246500043097	2.0
196.19134616851807	2.0463246500043097	2.0
196.20228695869446	2.0463246500043097	2.0
196.21293663978577	2.0463246500043097	2.0
196.22380208969116	2.0463246500043097	2.0
196.23442435264587	2.0463246500043097	2.0
196.24509143829346	2.0463246500043097	2.0
196.25582337379456	2.0463246500043097	2.0
196.26657605171204	2.0463246500043097	2.0
196.27759456634521	2.0463246500043097	2.0
196.28843665122986	2.0463246500043097	2.0
196.29955434799194	2.0463246500043097	2.0
196.31030011177063	2.0463246500043097	2.0
196.3212103843689	2.0463246500043097	2.0
196.3320550918579	2.0463246500043097	2.0
196.34260320663452	2.0463246500043097	2.0
196.35330152511597	2.0463246500043097	2.0
196.36384773254395	2.0463246500043097	2.0
196.37480187416077	2.0463246500043097	2.0
196.38564324378967	2.0463246500043097	2.0
196.39669346809387	2.0463246500043097	2.0
196.40734839439392	2.0463246500043097	2.0
196.4182984828949	2.0463246500043097	2.0
196.4288787841797	2.0463246500043097	2.0
196.43952012062073	2.0463246500043097	2.0
196.45005321502686	2.0463246500043097	2.0
196.46087312698364	2.0463246500043097	2.0
196.47151732444763	2.0463246500043097	2.0
196.48208093643188	2.0463246500043097	2.0
196.49304103851318	2.0463246500043097	2.0
196.50408816337585	2.0463246500043097	2.0
196.51487803459167	2.0463246500043097	2.0
196.5258011817932	2.0463246500043097	2.0
196.53689122200012	2.0463246500043097	2.0
196.5479018688202	2.0463246500043097	2.0
196.55846095085144	2.0463246500043097	2.0
196.569322347641	2.0463246500043097	2.0
196.58012676239014	2.0463246500043097	2.0
196.59089875221252	2.0463246500043097	2.0
196.60190534591675	2.0463246500043097	2.0
196.61247158050537	2.0463246500043097	2.0
196.62301635742188	2.0463246500043097	2.0
196.63403415679932	2.0463246500043097	2.0
196.64505910873413	2.0463246500043097	2.0
196.6556260585785	2.0463246500043097	2.0
196.66656589508057	2.0463246500043097	2.0
196.67752480506897	2.0463246500043097	2.0
196.6885495185852	2.0463246500043097	2.0
196.69956040382385	2.0463246500043097	2.0
196.7104513645172	2.0463246500043097	2.0
196.72131991386414	2.0463246500043097	2.0
196.73233246803284	2.0463246500043097	2.0
196.74334287643433	2.0463246500043097	2.0
196.75423407554626	2.0463246500043097	2.0
196.76508259773254	2.0463246500043097	2.0
196.77574372291565	2.0463246500043097	2.0
196.78706669807434	2.0463246500043097	2.0
196.79766488075256	2.0463246500043097	2.0
196.80820727348328	2.0463246500043097	2.0
196.81890559196472	2.0463246500043097	2.0
196.8297085762024	2.0463246500043097	2.0
196.84023118019104	2.0463246500043097	2.0
196.85152053833008	2.0463246500043097	2.0
196.86237001419067	2.0463246500043097	2.0
196.87342977523804	2.0463246500043097	2.0
196.88406562805176	2.0463246500043097	2.0
196.89479994773865	2.0463246500043097	2.0
196.90534496307373	2.0463246500043097	2.0
196.91647624969482	2.0463246500043097	2.0
196.92751383781433	2.0463246500043097	2.0
196.93806743621826	2.0463246500043097	2.0
196.94873356819153	2.0463246500043097	2.0
196.95972156524658	2.0463246500043097	2.0
196.97026872634888	2.0463246500043097	2.0
196.98145461082458	2.0463246500043097	2.0
196.99228477478027	2.0463246500043097	2.0
197.0028417110443	2.0463246500043097	2.0
197.0134575366974	2.0463246500043097	2.0
197.02411556243896	2.0463246500043097	2.0
197.03504300117493	2.0463246500043097	2.0
197.04584908485413	2.0463246500043097	2.0
197.05683970451355	2.0463246500043097	2.0
197.0675768852234	2.0463246500043097	2.0
197.0781955718994	2.0463246500043097	2.0
197.08904457092285	2.0463246500043097	2.0
197.0996959209442	2.0463246500043097	2.0
197.11027073860168	2.0463246500043097	2.0
197.12098503112793	2.0463246500043097	2.0
197.13178706169128	2.0463246500043097	2.0
197.14281725883484	2.0463246500043097	2.0
197.1539285182953	2.0463246500043097	2.0
197.16480016708374	2.0463246500043097	2.0
197.17586708068848	2.0463246500043097	2.0
197.18640565872192	2.0463246500043097	2.0
197.1974368095398	2.0463246500043097	2.0
197.2080373764038	2.0463246500043097	2.0
197.21868300437927	2.0463246500043097	2.0
197.22959327697754	2.0463246500043097	2.0
197.24013590812683	2.0463246500043097	2.0
197.2513301372528	2.0463246500043097	2.0
197.2623782157898	2.0463246500043097	2.0
197.27329850196838	2.0463246500043097	2.0
197.28430366516113	2.0463246500043097	2.0
197.29484152793884	2.0463246500043097	2.0
197.3053913116455	2.0463246500043097	2.0
197.31644463539124	2.0463246500043097	2.0
197.32700276374817	2.0463246500043097	2.0
197.33801698684692	2.0463246500043097	2.0
197.34887290000916	2.0463246500043097	2.0
197.35944890975952	2.0463246500043097	2.0
197.3704752922058	2.0463246500043097	2.0
197.38134145736694	2.0463246500043097	2.0
197.39229822158813	2.0463246500043097	2.0
197.403315782547	2.0463246500043097	2.0
197.41434407234192	2.0463246500043097	2.0
197.42495107650757	2.0463246500043097	2.0
197.4356074333191	2.0463246500043097	2.0
197.44642519950867	2.0463246500043097	2.0
197.45750737190247	2.0463246500043097	2.0
197.46829962730408	2.0463246500043097	2.0
197.47907161712646	2.0463246500043097	2.0
197.49005222320557	2.0463246500043097	2.0
197.5007815361023	2.0463246500043097	2.0
197.51153898239136	2.0463246500043097	2.0
197.52255249023438	2.0463246500043097	2.0
197.5335340499878	2.0463246500043097	2.0
197.54425239562988	2.0463246500043097	2.0
197.55480694770813	2.0463246500043097	2.0
197.56542944908142	2.0463246500043097	2.0
197.5761857032776	2.0463246500043097	2.0
197.58705735206604	2.0463246500043097	2.0
197.59802556037903	2.0463246500043097	2.0
197.60858702659607	2.0463246500043097	2.0
197.6193985939026	2.0463246500043097	2.0
197.63024735450745	2.0463246500043097	2.0
197.64105463027954	2.0463246500043097	2.0
197.65185356140137	2.0463246500043097	2.0
197.66256070137024	2.0463246500043097	2.0
197.6733033657074	2.0463246500043097	2.0
197.6842918395996	2.0463246500043097	2.0
197.6953239440918	2.0463246500043097	2.0
197.7060525417328	2.0463246500043097	2.0
197.71680855751038	2.0463246500043097	2.0
197.7275252342224	2.0463246500043097	2.0
197.73820185661316	2.0463246500043097	2.0
197.7490656375885	2.0463246500043097	2.0
197.76008200645447	2.0463246500043097	2.0
197.77081561088562	2.0463246500043097	2.0
197.781800031662	2.0463246500043097	2.0
197.79282689094543	2.0463246500043097	2.0
197.80356693267822	2.0463246500043097	2.0
197.81430768966675	2.0463246500043097	2.0
197.8253161907196	2.0463246500043097	2.0
197.836092710495	2.0463246500043097	2.0
197.84681344032288	2.0463246500043097	2.0
197.85768747329712	2.0463246500043097	2.0
197.8683226108551	2.0463246500043097	2.0
197.87906002998352	2.0463246500043097	2.0
197.88980174064636	2.0463246500043097	2.0
197.90056777000427	2.0463246500043097	2.0
197.9113049507141	2.0463246500043097	2.0
197.92203545570374	2.0463246500043097	2.0
197.93330025672913	2.0463246500043097	2.0
197.94405841827393	2.0463246500043097	2.0
197.9550642967224	2.0463246500043097	2.0
197.96609616279602	2.0463246500043097	2.0
197.97691583633423	2.0463246500043097	2.0
197.98756384849548	2.0463246500043097	2.0
197.99830436706543	2.0463246500043097	2.0
198.00912046432495	2.0463246500043097	2.0
198.02005457878113	2.0463246500043097	2.0
198.03068447113037	2.0463246500043097	2.0
198.0415620803833	2.0463246500043097	2.0
198.05255842208862	2.0463246500043097	2.0
198.0633430480957	2.0463246500043097	2.0
198.07396411895752	2.0463246500043097	2.0
198.08505368232727	2.0463246500043097	2.0
198.09597659111023	2.0463246500043097	2.0
198.10680747032166	2.0463246500043097	2.0
198.11782908439636	2.0463246500043097	2.0
198.12840151786804	2.0463246500043097	2.0
198.1389274597168	2.0463246500043097	2.0
198.14996671676636	2.0463246500043097	2.0
198.1605019569397	2.0463246500043097	2.0
198.17147016525269	2.0463246500043097	2.0
198.18215084075928	2.0463246500043097	2.0
198.1928267478943	2.0463246500043097	2.0
198.203617811203	2.0463246500043097	2.0
198.21465706825256	2.0463246500043097	2.0
198.22569632530212	2.0463246500043097	2.0
198.2366759777069	2.0463246500043097	2.0
198.2477250099182	2.0463246500043097	2.0
198.25873804092407	2.0463246500043097	2.0
198.26962304115295	2.0463246500043097	2.0
198.2803053855896	2.0463246500043097	2.0
198.29101872444153	2.0463246500043097	2.0
198.30211925506592	2.0463246500043097	2.0
198.31279134750366	2.0463246500043097	2.0
198.3238160610199	2.0463246500043097	2.0
198.33485388755798	2.0463246500043097	2.0
198.34645795822144	2.0463246500043097	2.0
198.35753870010376	2.0463246500043097	2.0
198.36811709403992	2.0463246500043097	2.0
198.37919235229492	2.0463246500043097	2.0
198.3900454044342	2.0463246500043097	2.0
198.40063405036926	2.0463246500043097	2.0
198.41147994995117	2.0463246500043097	2.0
198.42216396331787	2.0463246500043097	2.0
198.4330587387085	2.0463246500043097	2.0
198.4439342021942	2.0463246500043097	2.0
198.45470547676086	2.0463246500043097	2.0
198.46560287475586	2.0463246500043097	2.0
198.47632765769958	2.0463246500043097	2.0
198.48711442947388	2.0463246500043097	2.0
198.49805164337158	2.0463246500043097	2.0
198.50868010520935	2.0463246500043097	2.0
198.5193076133728	2.0463246500043097	2.0
198.5301742553711	2.0463246500043097	2.0
198.54094314575195	2.0463246500043097	2.0
198.55161833763123	2.0463246500043097	2.0
198.56261563301086	2.0463246500043097	2.0
198.5735764503479	2.0463246500043097	2.0
198.5846300125122	2.0463246500043097	2.0
198.5956687927246	2.0463246500043097	2.0
198.6063163280487	2.0463246500043097	2.0
198.6169629096985	2.0463246500043097	2.0
198.6277186870575	2.0463246500043097	2.0
198.63832592964172	2.0463246500043097	2.0
198.64933156967163	2.0463246500043097	2.0
198.65995001792908	2.0463246500043097	2.0
198.67071747779846	2.0463246500043097	2.0
198.68180513381958	2.0463246500043097	2.0
198.69288206100464	2.0463246500043097	2.0
198.70390605926514	2.0463246500043097	2.0
198.7147934436798	2.0463246500043097	2.0
198.7258563041687	2.0463246500043097	2.0
198.73668336868286	2.0463246500043097	2.0
198.74735760688782	2.0463246500043097	2.0
198.75793743133545	2.0463246500043097	2.0
198.76854991912842	2.0463246500043097	2.0
198.77925658226013	2.0463246500043097	2.0
198.78989458084106	2.0463246500043097	2.0
198.80071330070496	2.0463246500043097	2.0
198.81195449829102	2.0463246500043097	2.0
198.82276487350464	2.0463246500043097	2.0
198.83377480506897	2.0463246500043097	2.0
198.84472179412842	2.0463246500043097	2.0
198.8558337688446	2.0463246500043097	2.0
198.86685132980347	2.0463246500043097	2.0
198.8774049282074	2.0463246500043097	2.0
198.88838458061218	2.0463246500043097	2.0
198.8989462852478	2.0463246500043097	2.0
198.9099428653717	2.0463246500043097	2.0
198.9209325313568	2.0463246500043097	2.0
198.9319293498993	2.0463246500043097	2.0
198.9424729347229	2.0463246500043097	2.0
198.9530646800995	2.0463246500043097	2.0
198.96406149864197	2.0463246500043097	2.0
198.97470712661743	2.0463246500043097	2.0
198.98560881614685	2.0463246500043097	2.0
198.9968764781952	2.0463246500043097	2.0
199.00780582427979	2.0463246500043097	2.0
199.01861786842346	2.0463246500043097	2.0
199.02936792373657	2.0463246500043097	2.0
199.04006266593933	2.0463246500043097	2.0
199.05116415023804	2.0463246500043097	2.0
199.0619113445282	2.0463246500043097	2.0
199.07297086715698	2.0463246500043097	2.0
199.08380913734436	2.0463246500043097	2.0
199.09473609924316	2.0463246500043097	2.0
199.10565447807312	2.0463246500043097	2.0
