t_s	measured_width_mm	target_width_mm
0.0012753009796142578	nan	2.0
0.06060957908630371	nan	2.0
0.07422614097595215	nan	2.0
0.08704209327697754	nan	2.0
0.09984517097473145	nan	2.0
0.1119375228881836	nan	2.0
0.12408971786499023	nan	2.0
0.1352078914642334	nan	2.0
0.14632010459899902	nan	2.0
0.1580793857574463	nan	2.0
0.16975927352905273	nan	2.0
0.18214130401611328	nan	2.0
0.19592666625976562	nan	2.0
0.2118544578552246	nan	2.0
0.22400665283203125	nan	2.0
0.23803997039794922	nan	2.0
0.2500455379486084	nan	2.0
0.26120424270629883	nan	2.0
0.2728285789489746	nan	2.0
0.2848055362701416	nan	2.0
0.29845452308654785	nan	2.0
0.3094141483306885	nan	2.0
0.3210875988006592	nan	2.0
0.3316981792449951	nan	2.0
0.3450191020965576	nan	2.0
0.3575451374053955	nan	2.0
0.3685758113861084	nan	2.0
0.37924814224243164	nan	2.0
0.3941836357116699	nan	2.0
0.40569233894348145	nan	2.0
0.4174201488494873	nan	2.0
0.4285275936126709	nan	2.0
0.44437718391418457	nan	2.0
0.4578824043273926	nan	2.0
0.46912622451782227	nan	2.0
0.48047471046447754	nan	2.0
0.49260926246643066	nan	2.0
0.5035176277160645	nan	2.0
0.5151140689849854	nan	2.0
0.5287919044494629	nan	2.0
0.5396623611450195	nan	2.0
0.550147294998169	nan	2.0
0.5631349086761475	nan	2.0
0.5766003131866455	nan	2.0
0.5868828296661377	nan	2.0
0.5973787307739258	nan	2.0
0.60799241065979	nan	2.0
0.6218395233154297	nan	2.0
0.6334395408630371	nan	2.0
0.6444888114929199	nan	2.0
0.6576647758483887	nan	2.0
0.6686673164367676	nan	2.0
0.6789519786834717	nan	2.0
0.6924285888671875	nan	2.0
0.7056481838226318	nan	2.0
0.7174692153930664	nan	2.0
0.7295334339141846	nan	2.0
0.7422037124633789	nan	2.0
0.7530720233917236	nan	2.0
0.7651989459991455	nan	2.0
0.7786662578582764	nan	2.0
0.7929601669311523	nan	2.0
0.8036811351776123	nan	2.0
0.814943790435791	nan	2.0
0.8281185626983643	nan	2.0
0.8392491340637207	nan	2.0
0.8502748012542725	nan	2.0
0.8638272285461426	nan	2.0
0.8777706623077393	nan	2.0
0.8890664577484131	nan	2.0
0.901355504989624	nan	2.0
0.9133610725402832	nan	2.0
0.9242160320281982	nan	2.0
0.9347937107086182	nan	2.0
0.945918083190918	nan	2.0
0.9587986469268799	nan	2.0
0.9693591594696045	nan	2.0
0.9794063568115234	nan	2.0
0.9922559261322021	nan	2.0
1.0047805309295654	nan	2.0
1.0168776512145996	nan	2.0
1.0284669399261475	nan	2.0
1.0422656536102295	nan	2.0
1.0525946617126465	nan	2.0
1.0635311603546143	nan	2.0
1.0763592720031738	nan	2.0
1.0906660556793213	nan	2.0
1.1022825241088867	nan	2.0
1.1148934364318848	nan	2.0
1.1272780895233154	nan	2.0
1.139632225036621	nan	2.0
1.1502807140350342	nan	2.0
1.1619861125946045	nan	2.0
1.174793004989624	nan	2.0
1.1851115226745605	nan	2.0
1.1958253383636475	nan	2.0
1.2085628509521484	nan	2.0
1.2237255573272705	nan	2.0
1.2357358932495117	nan	2.0
1.2473857402801514	nan	2.0
1.260134220123291	nan	2.0
1.271768569946289	nan	2.0
1.2829530239105225	nan	2.0
1.2968032360076904	nan	2.0
1.3108584880828857	nan	2.0
1.322026252746582	nan	2.0
1.3331000804901123	nan	2.0
1.3433349132537842	nan	2.0
1.3555512428283691	nan	2.0
1.3665826320648193	nan	2.0
1.3793933391571045	nan	2.0
1.3925302028656006	nan	2.0
1.4046909809112549	nan	2.0
1.4169552326202393	nan	2.0
1.4292240142822266	nan	2.0
1.4406521320343018	nan	2.0
1.4518170356750488	nan	2.0
1.4654641151428223	nan	2.0
1.4794697761535645	nan	2.0
1.4904065132141113	nan	2.0
1.5016658306121826	nan	2.0
1.5141777992248535	nan	2.0
1.5255582332611084	nan	2.0
1.5369021892547607	nan	2.0
1.5501296520233154	nan	2.0
1.563502550125122	nan	2.0
1.5741889476776123	nan	2.0
1.5848102569580078	nan	2.0
1.5985002517700195	nan	2.0
1.6106412410736084	nan	2.0
1.6219062805175781	nan	2.0
1.637519359588623	nan	2.0
1.650113582611084	nan	2.0
1.660829782485962	nan	2.0
1.6727395057678223	nan	2.0
1.686737298965454	nan	2.0
1.6982018947601318	nan	2.0
1.7104260921478271	nan	2.0
1.7249078750610352	nan	2.0
1.7371139526367188	nan	2.0
1.74761962890625	nan	2.0
1.7587366104125977	nan	2.0
1.778113842010498	nan	2.0
1.7898030281066895	nan	2.0
1.8018431663513184	nan	2.0
1.8144595623016357	nan	2.0
1.825742244720459	nan	2.0
1.8364946842193604	nan	2.0
1.848646640777588	nan	2.0
1.8621437549591064	nan	2.0
1.8740217685699463	nan	2.0
1.8850338459014893	nan	2.0
1.8978354930877686	nan	2.0
1.9097669124603271	nan	2.0
1.9207382202148438	nan	2.0
1.9324593544006348	nan	2.0
1.9443140029907227	nan	2.0
1.9552497863769531	nan	2.0
1.9675850868225098	nan	2.0
1.9820728302001953	nan	2.0
1.994636058807373	nan	2.0
2.0054590702056885	nan	2.0
2.018004894256592	nan	2.0
2.030836343765259	nan	2.0
2.0424437522888184	nan	2.0
2.053863286972046	nan	2.0
2.0688514709472656	nan	2.0
2.081092119216919	nan	2.0
2.093510627746582	nan	2.0
2.105924367904663	nan	2.0
2.119032144546509	nan	2.0
2.131415843963623	nan	2.0
2.1437859535217285	nan	2.0
2.156372547149658	nan	2.0
2.1691958904266357	nan	2.0
2.18036150932312	nan	2.0
2.192514657974243	nan	2.0
2.2059695720672607	nan	2.0
2.2174484729766846	nan	2.0
2.229384422302246	nan	2.0
2.2441482543945312	nan	2.0
2.2570641040802	nan	2.0
2.2671566009521484	nan	2.0
2.27752947807312	nan	2.0
2.2910821437835693	nan	2.0
2.302180051803589	nan	2.0
2.312574625015259	nan	2.0
2.325594663619995	nan	2.0
2.3378384113311768	nan	2.0
2.347917318344116	nan	2.0
2.357966661453247	nan	2.0
2.3714146614074707	nan	2.0
2.385493040084839	nan	2.0
2.4004759788513184	nan	2.0
2.413156747817993	nan	2.0
2.426720380783081	nan	2.0
2.4386961460113525	nan	2.0
2.4524221420288086	nan	2.0
2.4658210277557373	nan	2.0
2.479038953781128	nan	2.0
2.492910146713257	nan	2.0
2.5078675746917725	nan	2.0
2.521845817565918	nan	2.0
2.535782814025879	nan	2.0
2.5496673583984375	nan	2.0
2.563730478286743	nan	2.0
2.5776727199554443	nan	2.0
2.593657970428467	nan	2.0
2.6082704067230225	nan	2.0
2.6218819618225098	nan	2.0
2.6333303451538086	nan	2.0
2.649597406387329	nan	2.0
2.6645450592041016	nan	2.0
2.6796703338623047	nan	2.0
2.6963820457458496	nan	2.0
2.7115495204925537	nan	2.0
2.7271196842193604	nan	2.0
2.742156505584717	nan	2.0
2.7579493522644043	nan	2.0
2.7736568450927734	nan	2.0
2.7864444255828857	nan	2.0
2.800136089324951	nan	2.0
2.8125314712524414	nan	2.0
2.825528383255005	nan	2.0
2.8386614322662354	nan	2.0
2.852834939956665	nan	2.0
2.868441581726074	nan	2.0
2.879120111465454	nan	2.0
2.893096685409546	nan	2.0
2.9067201614379883	nan	2.0
2.9178786277770996	nan	2.0
2.931825876235962	nan	2.0
2.944981098175049	nan	2.0
2.955678939819336	nan	2.0
2.9667656421661377	nan	2.0
2.9808733463287354	nan	2.0
2.9936628341674805	nan	2.0
3.0043656826019287	nan	2.0
3.0190374851226807	nan	2.0
3.033273696899414	nan	2.0
3.04824161529541	nan	2.0
3.063610553741455	nan	2.0
3.0780701637268066	nan	2.0
3.090942859649658	nan	2.0
3.104248046875	nan	2.0
3.11810564994812	nan	2.0
3.1292898654937744	nan	2.0
3.143275499343872	nan	2.0
3.157778739929199	nan	2.0
3.1718082427978516	nan	2.0
3.1844482421875	nan	2.0
3.198308229446411	nan	2.0
3.210650682449341	nan	2.0
3.224071979522705	nan	2.0
3.238116979598999	nan	2.0
3.253169536590576	nan	2.0
3.2661476135253906	nan	2.0
3.27770733833313	nan	2.0
3.2928309440612793	nan	2.0
3.3066213130950928	nan	2.0
3.3192641735076904	nan	2.0
3.333542585372925	nan	2.0
3.3465073108673096	nan	2.0
3.35715389251709	nan	2.0
3.3690097332000732	nan	2.0
3.383462905883789	nan	2.0
3.395512104034424	nan	2.0
3.4071133136749268	nan	2.0
3.4212872982025146	nan	2.0
3.43507981300354	nan	2.0
3.4460361003875732	nan	2.0
3.4593584537506104	nan	2.0
3.473515272140503	nan	2.0
3.484548330307007	nan	2.0
3.495084524154663	nan	2.0
3.509150981903076	nan	2.0
3.523672103881836	nan	2.0
3.5372116565704346	nan	2.0
3.5516135692596436	nan	2.0
3.565101146697998	nan	2.0
3.5759377479553223	nan	2.0
3.5902657508850098	nan	2.0
3.604865789413452	nan	2.0
3.6183037757873535	nan	2.0
3.6321628093719482	nan	2.0
3.645691394805908	nan	2.0
3.6593880653381348	nan	2.0
3.673985719680786	nan	2.0
3.6887004375457764	nan	2.0
3.70328950881958	nan	2.0
3.7166450023651123	nan	2.0
3.7305989265441895	nan	2.0
3.745060920715332	nan	2.0
3.7585206031799316	nan	2.0
3.77356219291687	nan	2.0
3.788625955581665	nan	2.0
3.800001621246338	nan	2.0
3.8132035732269287	nan	2.0
3.827977180480957	nan	2.0
3.8413913249969482	nan	2.0
3.8559412956237793	nan	2.0
3.871373414993286	nan	2.0
3.8829972743988037	nan	2.0
3.8939170837402344	nan	2.0
3.9098763465881348	nan	2.0
3.9241714477539062	nan	2.0
3.9375481605529785	nan	2.0
3.9537904262542725	nan	2.0
3.966418981552124	nan	2.0
3.977243185043335	nan	2.0
3.990410804748535	nan	2.0
4.004703760147095	nan	2.0
4.018534421920776	nan	2.0
4.033617734909058	nan	2.0
4.0483763217926025	nan	2.0
4.061799049377441	nan	2.0
4.076318979263306	nan	2.0
4.092711448669434	nan	2.0
4.107712745666504	nan	2.0
4.121751070022583	nan	2.0
4.136546850204468	nan	2.0
4.152230262756348	nan	2.0
4.165677309036255	nan	2.0
4.182576656341553	nan	2.0
4.198044300079346	nan	2.0
4.209360122680664	nan	2.0
4.222647428512573	nan	2.0
4.237295389175415	nan	2.0
4.251100778579712	nan	2.0
4.263755559921265	nan	2.0
4.279639482498169	nan	2.0
4.291903257369995	nan	2.0
4.303452253341675	nan	2.0
4.3193278312683105	nan	2.0
4.332055330276489	nan	2.0
4.345552682876587	nan	2.0
4.360166788101196	nan	2.0
4.374077081680298	nan	2.0
4.3879921436309814	nan	2.0
4.402546405792236	nan	2.0
4.4173266887664795	nan	2.0
4.429933786392212	nan	2.0
4.445540904998779	nan	2.0
4.460190057754517	nan	2.0
4.4749226570129395	nan	2.0
4.490325212478638	nan	2.0
4.504499435424805	nan	2.0
4.516824960708618	nan	2.0
4.5295250415802	nan	2.0
4.541285514831543	nan	2.0
4.554595470428467	nan	2.0
4.565621376037598	nan	2.0
4.576122760772705	nan	2.0
4.588590860366821	nan	2.0
4.60209584236145	nan	2.0
4.612931251525879	nan	2.0
4.625681638717651	nan	2.0
4.638444662094116	nan	2.0
4.649617671966553	nan	2.0
4.660131931304932	nan	2.0
4.672825574874878	nan	2.0
4.685849905014038	nan	2.0
4.69799017906189	nan	2.0
4.710378408432007	nan	2.0
4.723659515380859	nan	2.0
4.734910726547241	nan	2.0
4.745897054672241	nan	2.0
4.758880615234375	nan	2.0
4.771757364273071	nan	2.0
4.784105539321899	nan	2.0
4.796766757965088	nan	2.0
4.809475898742676	nan	2.0
4.820227384567261	nan	2.0
4.832870244979858	nan	2.0
4.846926927566528	nan	2.0
4.859598398208618	nan	2.0
4.871872901916504	nan	2.0
4.883547306060791	nan	2.0
4.8958539962768555	nan	2.0
4.908962726593018	nan	2.0
4.9215099811553955	nan	2.0
4.9333131313323975	nan	2.0
4.946242570877075	nan	2.0
4.959804534912109	nan	2.0
4.970898866653442	nan	2.0
4.981856346130371	nan	2.0
4.994734287261963	nan	2.0
5.0078794956207275	nan	2.0
5.018760442733765	nan	2.0
5.032519578933716	nan	2.0
5.046579837799072	nan	2.0
5.0607922077178955	nan	2.0
5.07399845123291	nan	2.0
5.087352991104126	nan	2.0
5.0978593826293945	nan	2.0
5.108741760253906	nan	2.0
5.121473550796509	nan	2.0
5.134236812591553	nan	2.0
5.147732257843018	nan	2.0
5.162766456604004	nan	2.0
5.175790071487427	nan	2.0
5.18599796295166	nan	2.0
5.197516441345215	nan	2.0
5.210606098175049	nan	2.0
5.222919225692749	nan	2.0
5.236145734786987	nan	2.0
5.250575542449951	nan	2.0
5.26343297958374	nan	2.0
5.2759363651275635	nan	2.0
5.289171457290649	nan	2.0
5.304357051849365	nan	2.0
5.317791223526001	nan	2.0
5.329548120498657	nan	2.0
5.342533349990845	nan	2.0
5.355021953582764	nan	2.0
5.36815333366394	nan	2.0
5.380657196044922	nan	2.0
5.394195556640625	nan	2.0
5.406255006790161	nan	2.0
5.416478633880615	nan	2.0
5.427518606185913	nan	2.0
5.441380739212036	nan	2.0
5.4549548625946045	nan	2.0
5.468476057052612	nan	2.0
5.483818054199219	nan	2.0
5.49779486656189	nan	2.0
5.511736154556274	nan	2.0
5.525449752807617	nan	2.0
5.538383722305298	nan	2.0
5.552459239959717	nan	2.0
5.567967653274536	nan	2.0
5.580979585647583	nan	2.0
5.593467712402344	nan	2.0
5.608148813247681	nan	2.0
5.6218812465667725	nan	2.0
5.634143352508545	nan	2.0
5.647082805633545	nan	2.0
5.6593122482299805	nan	2.0
5.671647310256958	nan	2.0
5.683669090270996	nan	2.0
5.696651935577393	nan	2.0
5.709526300430298	nan	2.0
5.7217698097229	nan	2.0
5.734492540359497	nan	2.0
5.7485926151275635	nan	2.0
5.761795282363892	nan	2.0
5.77429461479187	nan	2.0
5.785444736480713	nan	2.0
5.798178195953369	nan	2.0
5.8111841678619385	nan	2.0
5.823363304138184	nan	2.0
5.836097717285156	nan	2.0
5.849481105804443	nan	2.0
5.861915111541748	nan	2.0
5.872008323669434	nan	2.0
5.885035037994385	nan	2.0
5.89798378944397	nan	2.0
5.909664154052734	nan	2.0
5.923003196716309	nan	2.0
5.936146259307861	nan	2.0
5.9472010135650635	nan	2.0
5.9572248458862305	nan	2.0
5.968758583068848	nan	2.0
5.9819605350494385	nan	2.0
5.9940385818481445	nan	2.0
6.006942510604858	nan	2.0
6.020236015319824	nan	2.0
6.033519268035889	nan	2.0
6.048927307128906	nan	2.0
6.063229560852051	nan	2.0
6.077681541442871	nan	2.0
6.091381072998047	nan	2.0
6.104327201843262	nan	2.0
6.1183390617370605	nan	2.0
6.132036209106445	nan	2.0
6.1452476978302	nan	2.0
6.159999370574951	nan	2.0
6.173379421234131	nan	2.0
6.1840901374816895	nan	2.0
6.197432041168213	nan	2.0
6.211141347885132	nan	2.0
6.223453760147095	nan	2.0
6.237181186676025	nan	2.0
6.253794431686401	nan	2.0
6.264148235321045	nan	2.0
6.274282932281494	nan	2.0
6.288343191146851	nan	2.0
6.301602125167847	nan	2.0
6.3133769035339355	nan	2.0
6.3277764320373535	nan	2.0
6.341491937637329	nan	2.0
6.352084398269653	nan	2.0
6.362833261489868	nan	2.0
6.376982688903809	nan	2.0
6.3898749351501465	nan	2.0
6.402008533477783	nan	2.0
6.415597438812256	nan	2.0
6.428385972976685	nan	2.0
6.442354679107666	nan	2.0
6.456327199935913	nan	2.0
6.471370220184326	nan	2.0
6.481526136398315	nan	2.0
6.492915868759155	nan	2.0
6.507734537124634	nan	2.0
6.520602226257324	nan	2.0
6.5340940952301025	nan	2.0
6.547867774963379	nan	2.0
6.560826778411865	nan	2.0
6.57242226600647	nan	2.0
6.586215257644653	nan	2.0
6.600234031677246	nan	2.0
6.613631725311279	nan	2.0
6.625654697418213	nan	2.0
6.639473915100098	nan	2.0
6.652379274368286	nan	2.0
6.6651599407196045	nan	2.0
6.6783928871154785	nan	2.0
6.693405866622925	nan	2.0
6.706083297729492	nan	2.0
6.716609954833984	nan	2.0
6.7308433055877686	nan	2.0
6.744893312454224	nan	2.0
6.7579169273376465	nan	2.0
6.772268295288086	nan	2.0
6.7868170738220215	nan	2.0
6.797199726104736	nan	2.0
6.8077168464660645	nan	2.0
6.820947885513306	nan	2.0
6.835031509399414	nan	2.0
6.848573446273804	nan	2.0
6.862195253372192	nan	2.0
6.8752522468566895	nan	2.0
6.8857505321502686	nan	2.0
6.8975043296813965	nan	2.0
6.914413213729858	nan	2.0
6.9278404712677	nan	2.0
6.9427266120910645	nan	2.0
6.95664644241333	nan	2.0
6.969707727432251	nan	2.0
6.982800722122192	nan	2.0
6.996344804763794	nan	2.0
7.010499715805054	nan	2.0
7.023442983627319	nan	2.0
7.035859107971191	nan	2.0
7.050639629364014	nan	2.0
7.065312385559082	nan	2.0
7.078486680984497	nan	2.0
7.092720031738281	nan	2.0
7.107091665267944	nan	2.0
7.1217474937438965	nan	2.0
7.135805368423462	nan	2.0
7.149852514266968	nan	2.0
7.164027214050293	nan	2.0
7.1790595054626465	nan	2.0
7.1946539878845215	nan	2.0
7.2052881717681885	nan	2.0
7.221055746078491	nan	2.0
7.237555503845215	nan	2.0
7.248355150222778	nan	2.0
7.261429309844971	nan	2.0
7.275758266448975	nan	2.0
7.287671089172363	nan	2.0
7.301438808441162	nan	2.0
7.314739227294922	nan	2.0
7.327344655990601	nan	2.0
7.338953733444214	nan	2.0
7.35287880897522	nan	2.0
7.367964744567871	nan	2.0
7.381516456604004	nan	2.0
7.3942906856536865	nan	2.0
7.407461643218994	nan	2.0
7.419992208480835	nan	2.0
7.433519124984741	nan	2.0
7.450875520706177	nan	2.0
7.465513706207275	nan	2.0
7.477890491485596	nan	2.0
7.491864442825317	nan	2.0
7.50527286529541	nan	2.0
7.518977642059326	nan	2.0
7.532881736755371	nan	2.0
7.547178745269775	nan	2.0
7.558870553970337	nan	2.0
7.569493770599365	nan	2.0
7.5831005573272705	nan	2.0
7.596846580505371	nan	2.0
7.610738515853882	nan	2.0
7.624967336654663	nan	2.0
7.638301610946655	nan	2.0
7.648516893386841	nan	2.0
7.66019868850708	nan	2.0
7.678600788116455	nan	2.0
7.690363645553589	nan	2.0
7.7046709060668945	nan	2.0
7.71879243850708	nan	2.0
7.731853485107422	nan	2.0
7.744276762008667	nan	2.0
7.757668733596802	nan	2.0
7.771700382232666	nan	2.0
7.786083459854126	nan	2.0
7.8006367683410645	nan	2.0
7.814438819885254	nan	2.0
7.826497316360474	nan	2.0
7.840228796005249	nan	2.0
7.855060577392578	nan	2.0
7.869348764419556	nan	2.0
7.881890058517456	nan	2.0
7.8954102993011475	nan	2.0
7.911027669906616	nan	2.0
7.923277139663696	nan	2.0
7.93778133392334	nan	2.0
7.951608896255493	nan	2.0
7.9627251625061035	nan	2.0
7.973799467086792	nan	2.0
7.987884521484375	nan	2.0
8.002290964126587	nan	2.0
8.013175964355469	nan	2.0
8.026686906814575	nan	2.0
8.041385889053345	nan	2.0
8.05569338798523	nan	2.0
8.070743799209595	nan	2.0
8.085210800170898	nan	2.0
8.095582008361816	nan	2.0
8.106712102890015	nan	2.0
8.122033834457397	nan	2.0
8.135788679122925	nan	2.0
8.149729251861572	nan	2.0
8.163901329040527	nan	2.0
8.177308797836304	nan	2.0
8.188153266906738	nan	2.0
8.201765775680542	nan	2.0
8.216697216033936	nan	2.0
8.230199337005615	nan	2.0
8.241940975189209	nan	2.0
8.255949974060059	nan	2.0
8.270427703857422	nan	2.0
8.284527778625488	nan	2.0
8.299245595932007	nan	2.0
8.314154148101807	nan	2.0
8.326350212097168	nan	2.0
8.338802576065063	nan	2.0
8.35405969619751	nan	2.0
8.368009090423584	nan	2.0
8.379766702651978	nan	2.0
8.393911838531494	nan	2.0
8.407832384109497	nan	2.0
8.418867826461792	nan	2.0
8.433630466461182	nan	2.0
8.44958758354187	nan	2.0
8.4658203125	nan	2.0
8.480990648269653	nan	2.0
8.497443914413452	nan	2.0
8.512794971466064	nan	2.0
8.528723001480103	nan	2.0
8.543168067932129	nan	2.0
8.557354211807251	nan	2.0
8.572076559066772	nan	2.0
8.586983680725098	nan	2.0
8.602926969528198	nan	2.0
8.617475032806396	nan	2.0
8.632618427276611	nan	2.0
8.645298957824707	nan	2.0
8.658294439315796	nan	2.0
8.672603368759155	nan	2.0
8.687904119491577	nan	2.0
8.704232931137085	nan	2.0
8.718201160430908	nan	2.0
8.728841781616211	nan	2.0
8.740213871002197	nan	2.0
8.755285739898682	nan	2.0
8.769100189208984	nan	2.0
8.782384634017944	nan	2.0
8.822234392166138	nan	2.0
8.838673114776611	nan	2.0
8.85309648513794	nan	2.0
8.867308616638184	nan	2.0
8.880096435546875	nan	2.0
8.895724296569824	nan	2.0
8.912396669387817	nan	2.0
8.930344343185425	nan	2.0
8.946330785751343	nan	2.0
8.961699485778809	nan	2.0
8.975927114486694	nan	2.0
8.994267225265503	nan	2.0
9.010847806930542	nan	2.0
9.024227380752563	nan	2.0
9.038627624511719	nan	2.0
9.05274510383606	nan	2.0
9.068490743637085	nan	2.0
9.083653211593628	nan	2.0
9.098249435424805	nan	2.0
9.111403942108154	nan	2.0
9.125208854675293	nan	2.0
9.140525341033936	nan	2.0
9.154972314834595	nan	2.0
9.167450428009033	nan	2.0
9.18132495880127	nan	2.0
9.195190906524658	nan	2.0
9.210514545440674	nan	2.0
9.224765539169312	nan	2.0
9.240295886993408	nan	2.0
9.251315593719482	nan	2.0
9.263279676437378	nan	2.0
9.277087450027466	nan	2.0
9.290427923202515	nan	2.0
9.302103042602539	nan	2.0
9.32059645652771	nan	2.0
9.332640409469604	nan	2.0
9.343271732330322	nan	2.0
9.35434341430664	nan	2.0
9.369305610656738	nan	2.0
9.381758451461792	nan	2.0
9.395204305648804	nan	2.0
9.409742832183838	nan	2.0
9.42121958732605	nan	2.0
9.43182635307312	nan	2.0
9.444514274597168	nan	2.0
9.458483219146729	nan	2.0
9.472206354141235	nan	2.0
9.484697818756104	nan	2.0
9.497329711914062	nan	2.0
9.508764505386353	nan	2.0
9.520545244216919	nan	2.0
9.533225297927856	nan	2.0
9.546020984649658	nan	2.0
9.556458473205566	nan	2.0
9.56774091720581	nan	2.0
9.580491781234741	nan	2.0
9.594036102294922	nan	2.0
9.60672903060913	nan	2.0
9.619178533554077	nan	2.0
9.632142305374146	nan	2.0
9.643837928771973	nan	2.0
9.657456874847412	nan	2.0
9.670012950897217	nan	2.0
9.682836055755615	nan	2.0
9.694990873336792	nan	2.0
9.706152439117432	nan	2.0
9.718356370925903	nan	2.0
9.73110818862915	nan	2.0
9.744504690170288	nan	2.0
9.756090879440308	nan	2.0
9.769050598144531	nan	2.0
9.780434608459473	nan	2.0
9.791000127792358	nan	2.0
9.802778720855713	nan	2.0
9.816097259521484	nan	2.0
9.828362226486206	nan	2.0
9.83969783782959	nan	2.0
9.856104850769043	nan	2.0
9.868149757385254	nan	2.0
9.878765344619751	nan	2.0
9.89216947555542	nan	2.0
9.905392169952393	nan	2.0
9.919229984283447	nan	2.0
9.931572437286377	nan	2.0
9.944710731506348	nan	2.0
9.956510305404663	nan	2.0
9.9695463180542	nan	2.0
9.981702327728271	nan	2.0
9.995367050170898	nan	2.0
10.006491422653198	nan	2.0
10.01703429222107	nan	2.0
10.029410600662231	nan	2.0
10.04333209991455	nan	2.0
10.057842016220093	nan	2.0
10.075661659240723	nan	2.0
10.09117579460144	nan	2.0
10.106595039367676	nan	2.0
10.12325930595398	nan	2.0
10.139440298080444	nan	2.0
10.156098127365112	nan	2.0
10.173493146896362	nan	2.0
10.190225839614868	nan	2.0
10.203845977783203	nan	2.0
10.219448328018188	nan	2.0
10.235153913497925	nan	2.0
10.251421928405762	nan	2.0
10.265970468521118	nan	2.0
10.280870914459229	nan	2.0
10.294036626815796	nan	2.0
10.30946135520935	nan	2.0
10.32320499420166	nan	2.0
10.335752010345459	nan	2.0
10.347408294677734	nan	2.0
10.362111806869507	nan	2.0
10.374282598495483	nan	2.0
10.385186195373535	nan	2.0
10.397142171859741	nan	2.0
10.411371946334839	nan	2.0
10.424510717391968	nan	2.0
10.436258792877197	nan	2.0
10.454100608825684	nan	2.0
10.46818208694458	nan	2.0
10.480977058410645	nan	2.0
10.498170375823975	nan	2.0
10.511751413345337	nan	2.0
10.524777173995972	nan	2.0
10.53887391090393	nan	2.0
10.552891731262207	nan	2.0
10.563821077346802	nan	2.0
10.576033592224121	nan	2.0
10.591460943222046	nan	2.0
10.60589861869812	nan	2.0
10.61749005317688	nan	2.0
10.63146686553955	nan	2.0
10.644089937210083	nan	2.0
10.65577220916748	nan	2.0
10.6668381690979	nan	2.0
10.682485580444336	nan	2.0
10.694121599197388	nan	2.0
10.705765008926392	nan	2.0
10.719505786895752	nan	2.0
10.734277725219727	nan	2.0
10.745334386825562	nan	2.0
10.75733208656311	nan	2.0
10.77145504951477	nan	2.0
10.7829110622406	nan	2.0
10.793955326080322	nan	2.0
10.805968761444092	nan	2.0
10.8193998336792	nan	2.0
10.829665422439575	nan	2.0
10.83984375	nan	2.0
10.851870775222778	nan	2.0
10.864535808563232	nan	2.0
10.875246524810791	nan	2.0
10.885673761367798	nan	2.0
10.897202014923096	nan	2.0
10.91085147857666	nan	2.0
10.924188137054443	nan	2.0
10.935199499130249	nan	2.0
10.951420783996582	nan	2.0
10.965248584747314	nan	2.0
10.975707292556763	nan	2.0
10.989845514297485	nan	2.0
11.002919912338257	nan	2.0
11.014728546142578	nan	2.0
11.026379585266113	nan	2.0
11.041028022766113	nan	2.0
11.055253267288208	nan	2.0
11.071431636810303	nan	2.0
11.084018468856812	nan	2.0
11.09748101234436	nan	2.0
11.109513998031616	nan	2.0
11.120656728744507	nan	2.0
11.133866548538208	nan	2.0
11.147685766220093	nan	2.0
11.159246683120728	nan	2.0
11.16991639137268	nan	2.0
11.182377815246582	nan	2.0
11.195977210998535	nan	2.0
11.208666324615479	nan	2.0
11.221210956573486	nan	2.0
11.232908248901367	nan	2.0
11.246180534362793	nan	2.0
11.257472276687622	nan	2.0
11.269353866577148	nan	2.0
11.285155773162842	nan	2.0
11.297828912734985	nan	2.0
11.310384750366211	nan	2.0
11.321312427520752	nan	2.0
11.333744287490845	nan	2.0
11.346640825271606	nan	2.0
11.35767912864685	nan	2.0
11.370974779129028	nan	2.0
11.386155843734741	nan	2.0
11.398939609527588	nan	2.0
11.409189224243164	nan	2.0
11.420222043991089	nan	2.0
11.433475732803345	nan	2.0
11.446645021438599	nan	2.0
11.457435131072998	nan	2.0
11.471900939941406	nan	2.0
11.485124349594116	nan	2.0
11.496399402618408	nan	2.0
11.50978970527649	nan	2.0
11.522860765457153	nan	2.0
11.537086486816406	nan	2.0
11.550222158432007	nan	2.0
11.56411623954773	nan	2.0
11.578430652618408	nan	2.0
11.591433048248291	nan	2.0
11.602230787277222	nan	2.0
11.616199254989624	nan	2.0
11.630330801010132	nan	2.0
11.64088487625122	nan	2.0
11.651240587234497	nan	2.0
11.664727926254272	nan	2.0
11.678300380706787	nan	2.0
11.690212965011597	nan	2.0
11.703789949417114	nan	2.0
11.719079732894897	nan	2.0
11.730755090713501	nan	2.0
11.741146087646484	nan	2.0
11.754242181777954	nan	2.0
11.768401145935059	nan	2.0
11.779586553573608	nan	2.0
11.791785955429077	nan	2.0
11.803927421569824	nan	2.0
11.817562341690063	nan	2.0
11.830399751663208	nan	2.0
11.841286182403564	nan	2.0
11.855114459991455	nan	2.0
11.868788719177246	nan	2.0
11.879375457763672	nan	2.0
11.890340566635132	nan	2.0
11.90406060218811	nan	2.0
11.91710352897644	nan	2.0
11.927607774734497	nan	2.0
11.937493085861206	nan	2.0
11.95064377784729	nan	2.0
11.964416980743408	nan	2.0
11.975882291793823	nan	2.0
11.985974073410034	nan	2.0
11.999351024627686	nan	2.0
12.011949300765991	nan	2.0
12.0229811668396	nan	2.0
12.036349534988403	nan	2.0
12.050374269485474	nan	2.0
12.064255475997925	nan	2.0
12.078861236572266	nan	2.0
12.092385530471802	nan	2.0
12.10546064376831	nan	2.0
12.118080139160156	nan	2.0
12.130245685577393	nan	2.0
12.144760131835938	nan	2.0
12.15830659866333	nan	2.0
12.168836832046509	nan	2.0
12.179565668106079	nan	2.0
12.194806098937988	nan	2.0
12.209097623825073	nan	2.0
12.220587015151978	nan	2.0
12.232398748397827	nan	2.0
12.249468088150024	nan	2.0
12.264632940292358	nan	2.0
12.281079053878784	nan	2.0
12.300087451934814	nan	2.0
12.314560413360596	nan	2.0
12.32723069190979	nan	2.0
12.340936422348022	nan	2.0
12.356542587280273	nan	2.0
12.370301485061646	nan	2.0
12.384148836135864	nan	2.0
12.39877963066101	nan	2.0
12.41128659248352	nan	2.0
12.42395830154419	nan	2.0
12.437552452087402	nan	2.0
12.450935125350952	nan	2.0
12.464021921157837	nan	2.0
12.478954792022705	nan	2.0
12.49277377128601	nan	2.0
12.503660917282104	nan	2.0
12.516254186630249	nan	2.0
12.53046441078186	nan	2.0
12.545063734054565	nan	2.0
12.559192895889282	nan	2.0
12.57548475265503	nan	2.0
12.59502625465393	nan	2.0
12.613136053085327	nan	2.0
12.635491371154785	nan	2.0
12.650647640228271	nan	2.0
12.665812253952026	nan	2.0
12.680339574813843	nan	2.0
12.693783044815063	nan	2.0
12.704815864562988	nan	2.0
12.719991207122803	nan	2.0
12.733641862869263	nan	2.0
12.745438575744629	nan	2.0
12.75881552696228	nan	2.0
12.772409439086914	nan	2.0
12.783471584320068	nan	2.0
12.795685291290283	nan	2.0
12.811729669570923	nan	2.0
12.826245307922363	nan	2.0
12.84202790260315	nan	2.0
12.857082605361938	nan	2.0
12.872071266174316	nan	2.0
12.888991117477417	nan	2.0
12.905437707901001	nan	2.0
12.924419164657593	nan	2.0
12.937045097351074	nan	2.0
12.949727773666382	nan	2.0
12.965178489685059	nan	2.0
12.978138446807861	nan	2.0
12.989562273025513	nan	2.0
13.004031896591187	nan	2.0
13.015093564987183	nan	2.0
13.025532960891724	nan	2.0
13.038652896881104	nan	2.0
13.05268120765686	nan	2.0
13.066505193710327	nan	2.0
13.081400632858276	nan	2.0
13.095141649246216	nan	2.0
13.10919451713562	nan	2.0
13.121556758880615	nan	2.0
13.136957883834839	nan	2.0
13.152506589889526	nan	2.0
13.167841911315918	nan	2.0
13.181262493133545	nan	2.0
13.196590662002563	nan	2.0
13.21185040473938	nan	2.0
13.22612452507019	nan	2.0
13.240524768829346	nan	2.0
13.252683639526367	nan	2.0
13.26501750946045	nan	2.0
13.279448509216309	nan	2.0
13.293566226959229	nan	2.0
13.304977416992188	nan	2.0
13.31878924369812	nan	2.0
13.331981182098389	nan	2.0
13.34477186203003	nan	2.0
13.359228372573853	nan	2.0
13.372755765914917	nan	2.0
13.383329153060913	nan	2.0
13.395251035690308	nan	2.0
13.41032361984253	nan	2.0
13.42323637008667	nan	2.0
13.435831785202026	nan	2.0
13.450188875198364	nan	2.0
13.463877201080322	nan	2.0
13.475059747695923	nan	2.0
13.489619731903076	nan	2.0
13.504187822341919	nan	2.0
13.518062353134155	nan	2.0
13.531591176986694	nan	2.0
13.54526686668396	nan	2.0
13.55698275566101	nan	2.0
13.570776224136353	nan	2.0
13.587465763092041	nan	2.0
13.603363990783691	nan	2.0
13.61725378036499	nan	2.0
13.632998943328857	nan	2.0
13.650803565979004	nan	2.0
13.66670536994934	nan	2.0
13.681410789489746	nan	2.0
13.697057008743286	nan	2.0
13.71268892288208	nan	2.0
13.728958368301392	nan	2.0
13.744367122650146	nan	2.0
13.7581787109375	nan	2.0
13.772591352462769	nan	2.0
13.790209293365479	nan	2.0
13.8030526638031	nan	2.0
13.817232608795166	nan	2.0
13.833168268203735	nan	2.0
13.84959864616394	nan	2.0
13.863598346710205	nan	2.0
13.88001012802124	nan	2.0
13.895118474960327	nan	2.0
13.912148475646973	nan	2.0
13.927187442779541	nan	2.0
13.940233707427979	nan	2.0
13.951882600784302	nan	2.0
13.965859413146973	nan	2.0
13.980554342269897	nan	2.0
13.99268651008606	nan	2.0
14.005450010299683	nan	2.0
14.020439863204956	nan	2.0
14.033852815628052	nan	2.0
14.047831535339355	nan	2.0
14.061991930007935	nan	2.0
14.076764583587646	nan	2.0
14.09219765663147	nan	2.0
14.107714414596558	nan	2.0
14.121093034744263	nan	2.0
14.135830640792847	nan	2.0
14.14966869354248	nan	2.0
14.161766529083252	nan	2.0
14.175409078598022	nan	2.0
14.189969062805176	nan	2.0
14.204868078231812	nan	2.0
14.219270944595337	nan	2.0
14.235301733016968	nan	2.0
14.250673294067383	nan	2.0
14.267528533935547	nan	2.0
14.282449960708618	nan	2.0
14.296151876449585	nan	2.0
14.307360172271729	nan	2.0
14.317840099334717	nan	2.0
14.331242322921753	nan	2.0
14.344842910766602	nan	2.0
14.356875896453857	nan	2.0
14.370704174041748	nan	2.0
14.385889053344727	nan	2.0
14.396264553070068	nan	2.0
14.407146215438843	nan	2.0
14.42629337310791	nan	2.0
14.441958904266357	nan	2.0
14.458490133285522	nan	2.0
14.475383520126343	nan	2.0
14.493228673934937	nan	2.0
14.509840250015259	nan	2.0
14.525434970855713	nan	2.0
14.541576623916626	nan	2.0
14.55541467666626	nan	2.0
14.572356462478638	nan	2.0
14.588139772415161	nan	2.0
14.601869821548462	nan	2.0
14.61670970916748	nan	2.0
14.631030797958374	nan	2.0
14.647135496139526	nan	2.0
14.665265798568726	nan	2.0
14.681127786636353	nan	2.0
14.695724248886108	nan	2.0
14.71357250213623	nan	2.0
14.725380897521973	nan	2.0
14.736661434173584	nan	2.0
14.752602100372314	nan	2.0
14.766668319702148	nan	2.0
14.78078031539917	nan	2.0
14.795185565948486	nan	2.0
14.810764074325562	nan	2.0
14.82330870628357	nan	2.0
14.834998846054077	nan	2.0
14.850653648376465	nan	2.0
14.864108562469482	nan	2.0
14.87696647644043	nan	2.0
14.890380382537842	nan	2.0
14.905731439590454	nan	2.0
14.92562198638916	nan	2.0
14.938103675842285	nan	2.0
14.954680681228638	nan	2.0
14.965490818023682	nan	2.0
14.981568574905396	nan	2.0
14.996794700622559	nan	2.0
15.008978605270386	nan	2.0
15.020835876464844	nan	2.0
15.040689706802368	nan	2.0
15.052939414978027	nan	2.0
15.067546606063843	nan	2.0
15.081825494766235	nan	2.0
15.093447208404541	nan	2.0
15.10549545288086	nan	2.0
15.120840311050415	nan	2.0
15.134098291397095	nan	2.0
15.145709037780762	nan	2.0
15.15716290473938	nan	2.0
15.169983863830566	nan	2.0
15.182846307754517	nan	2.0
15.19584059715271	nan	2.0
15.207756519317627	nan	2.0
15.223374128341675	nan	2.0
15.235066175460815	nan	2.0
15.246343612670898	nan	2.0
15.262662887573242	nan	2.0
15.278090715408325	nan	2.0
15.289965629577637	nan	2.0
15.30440878868103	nan	2.0
15.319421529769897	nan	2.0
15.330595970153809	nan	2.0
15.346215963363647	nan	2.0
15.364525318145752	nan	2.0
15.390197277069092	nan	2.0
15.404685020446777	nan	2.0
15.421335220336914	nan	2.0
15.434542894363403	nan	2.0
15.452157735824585	nan	2.0
15.469996690750122	nan	2.0
15.483114004135132	nan	2.0
15.495723247528076	nan	2.0
15.51119613647461	nan	2.0
15.524864912033081	nan	2.0
15.535992622375488	nan	2.0
15.548370838165283	nan	2.0
15.562415361404419	nan	2.0
15.573634624481201	nan	2.0
15.584441423416138	nan	2.0
15.599151849746704	nan	2.0
15.611665725708008	nan	2.0
15.623038291931152	nan	2.0
15.642335414886475	nan	2.0
15.655583620071411	nan	2.0
15.666081190109253	nan	2.0
15.677706718444824	nan	2.0
15.68945598602295	nan	2.0
15.701322317123413	nan	2.0
15.712153434753418	nan	2.0
15.724075317382812	nan	2.0
15.736071348190308	nan	2.0
15.748374700546265	nan	2.0
15.759734392166138	nan	2.0
15.772061586380005	nan	2.0
15.785029172897339	nan	2.0
15.797065019607544	nan	2.0
15.80828595161438	nan	2.0
15.82170295715332	nan	2.0
15.83481216430664	nan	2.0
15.845984935760498	nan	2.0
15.859428405761719	nan	2.0
15.876070737838745	nan	2.0
15.889698028564453	nan	2.0
15.902568578720093	nan	2.0
15.917552709579468	nan	2.0
15.93263053894043	nan	2.0
15.947734117507935	nan	2.0
15.962738752365112	nan	2.0
15.980076789855957	nan	2.0
15.995967626571655	nan	2.0
16.011414766311646	nan	2.0
16.027787923812866	nan	2.0
16.044155836105347	nan	2.0
16.06064510345459	nan	2.0
16.07838773727417	nan	2.0
16.093672513961792	nan	2.0
16.111210346221924	nan	2.0
16.127161741256714	nan	2.0
16.145416021347046	nan	2.0
16.162111043930054	nan	2.0
16.177568912506104	nan	2.0
16.194079399108887	nan	2.0
16.210445642471313	nan	2.0
16.22606062889099	nan	2.0
16.250341415405273	nan	2.0
16.265177488327026	nan	2.0
16.285131216049194	nan	2.0
16.301838636398315	nan	2.0
16.318225145339966	nan	2.0
16.334168910980225	nan	2.0
16.354561805725098	nan	2.0
16.369710206985474	nan	2.0
16.38416624069214	nan	2.0
16.400365114212036	nan	2.0
16.415098905563354	nan	2.0
16.428635358810425	nan	2.0
16.44349718093872	nan	2.0
16.461271047592163	nan	2.0
16.474292278289795	nan	2.0
16.49341130256653	nan	2.0
16.508503675460815	nan	2.0
16.52491021156311	nan	2.0
16.539299726486206	nan	2.0
16.55159616470337	nan	2.0
16.566479682922363	nan	2.0
16.582961320877075	nan	2.0
16.597662448883057	nan	2.0
16.61221718788147	nan	2.0
16.627920389175415	nan	2.0
16.640962600708008	nan	2.0
16.656064987182617	nan	2.0
16.672350645065308	nan	2.0
16.687095165252686	nan	2.0
16.70017981529236	nan	2.0
16.715125799179077	nan	2.0
16.729787826538086	nan	2.0
16.741936445236206	nan	2.0
16.756709814071655	nan	2.0
16.770464181900024	nan	2.0
16.781327486038208	nan	2.0
16.79635787010193	nan	2.0
16.811995029449463	nan	2.0
16.82426881790161	nan	2.0
16.8413507938385	nan	2.0
16.855304479599	nan	2.0
16.86645221710205	nan	2.0
16.880059003829956	nan	2.0
16.897199153900146	nan	2.0
16.91614031791687	nan	2.0
16.933478116989136	nan	2.0
16.95172119140625	nan	2.0
16.96899104118347	nan	2.0
16.986236572265625	nan	2.0
17.002607583999634	nan	2.0
17.020231246948242	nan	2.0
17.03717041015625	nan	2.0
17.05672836303711	nan	2.0
17.07274293899536	nan	2.0
17.091657876968384	nan	2.0
17.11227512359619	nan	2.0
17.130088329315186	nan	2.0
17.148801565170288	nan	2.0
17.165576934814453	nan	2.0
17.181816816329956	nan	2.0
17.197734117507935	nan	2.0
17.216241121292114	nan	2.0
17.231446027755737	nan	2.0
17.248584032058716	nan	2.0
17.265311241149902	nan	2.0
17.281453371047974	nan	2.0
17.297744750976562	nan	2.0
17.31378149986267	nan	2.0
17.327028036117554	nan	2.0
17.342971563339233	nan	2.0
17.36077308654785	nan	2.0
17.374788522720337	nan	2.0
17.389389038085938	nan	2.0
17.40441584587097	nan	2.0
17.41891598701477	nan	2.0
17.43296766281128	nan	2.0
17.449824810028076	nan	2.0
17.46467113494873	nan	2.0
17.481473922729492	nan	2.0
17.49632692337036	nan	2.0
17.510784149169922	nan	2.0
17.525370597839355	nan	2.0
17.53963279724121	nan	2.0
17.550989389419556	nan	2.0
17.56627893447876	nan	2.0
17.58118438720703	nan	2.0
17.596580266952515	nan	2.0
17.614809274673462	nan	2.0
17.63071846961975	nan	2.0
17.645600080490112	nan	2.0
17.660072565078735	nan	2.0
17.675201416015625	nan	2.0
17.68985915184021	nan	2.0
17.70183563232422	nan	2.0
17.716768503189087	nan	2.0
17.731767892837524	nan	2.0
17.746074676513672	nan	2.0
17.761629104614258	nan	2.0
17.77756667137146	nan	2.0
17.788731575012207	nan	2.0
17.80303955078125	nan	2.0
17.81804323196411	nan	2.0
17.831363439559937	nan	2.0
17.843662977218628	nan	2.0
17.860047340393066	nan	2.0
17.874215841293335	nan	2.0
17.887693405151367	nan	2.0
17.9027738571167	nan	2.0
17.914811611175537	nan	2.0
17.925793170928955	nan	2.0
17.940509557724	nan	2.0
17.954972505569458	nan	2.0
17.969319343566895	nan	2.0
17.985297918319702	nan	2.0
17.99875569343567	nan	2.0
18.009612798690796	nan	2.0
18.02458930015564	nan	2.0
18.039371728897095	nan	2.0
18.052860736846924	nan	2.0
18.068180561065674	nan	2.0
18.08319067955017	nan	2.0
18.096153497695923	nan	2.0
18.110578060150146	nan	2.0
18.1260507106781	nan	2.0
18.140652179718018	nan	2.0
18.152064323425293	nan	2.0
18.1652774810791	nan	2.0
18.179046392440796	nan	2.0
18.192734718322754	nan	2.0
18.209188222885132	nan	2.0
18.223623991012573	nan	2.0
18.234599828720093	nan	2.0
18.246379613876343	nan	2.0
18.26218032836914	nan	2.0
18.27496838569641	nan	2.0
18.288349628448486	nan	2.0
18.303034782409668	nan	2.0
18.316258192062378	nan	2.0
18.327072858810425	nan	2.0
18.34115695953369	nan	2.0
18.356005668640137	nan	2.0
18.369449377059937	nan	2.0
18.38388204574585	nan	2.0
18.398709297180176	nan	2.0
18.41002345085144	nan	2.0
18.42479395866394	nan	2.0
18.439972639083862	nan	2.0
18.45531940460205	nan	2.0
18.4697904586792	nan	2.0
18.484855890274048	nan	2.0
18.497835397720337	nan	2.0
18.511780500411987	nan	2.0
18.527222633361816	nan	2.0
18.54101800918579	nan	2.0
18.555463790893555	nan	2.0
18.56956720352173	nan	2.0
18.5837082862854	nan	2.0
18.59693932533264	nan	2.0
18.61052656173706	nan	2.0
18.62557339668274	nan	2.0
18.63970637321472	nan	2.0
18.653733491897583	nan	2.0
18.66869878768921	nan	2.0
18.68059206008911	nan	2.0
18.69130849838257	nan	2.0
18.705992221832275	nan	2.0
18.71978497505188	nan	2.0
18.732507705688477	nan	2.0
18.753901958465576	nan	2.0
18.766839265823364	nan	2.0
18.779752254486084	nan	2.0
18.79434108734131	nan	2.0
18.806801319122314	nan	2.0
18.820000410079956	nan	2.0
18.83511257171631	nan	2.0
18.849104166030884	nan	2.0
18.860865592956543	nan	2.0
18.875293731689453	nan	2.0
18.890342473983765	nan	2.0
18.904133558273315	nan	2.0
18.91744065284729	nan	2.0
18.931959629058838	nan	2.0
18.945971727371216	nan	2.0
18.958974838256836	nan	2.0
18.973591089248657	nan	2.0
18.98848581314087	nan	2.0
19.000330209732056	nan	2.0
19.01309084892273	nan	2.0
19.027684688568115	nan	2.0
19.04144310951233	nan	2.0
19.05392289161682	nan	2.0
19.0697660446167	nan	2.0
19.0869619846344	nan	2.0
19.103862524032593	nan	2.0
19.12005591392517	nan	2.0
19.13351011276245	nan	2.0
19.14810347557068	nan	2.0
19.162035703659058	nan	2.0
19.17657470703125	nan	2.0
19.192437410354614	nan	2.0
19.207096815109253	nan	2.0
19.221659660339355	nan	2.0
19.23612141609192	nan	2.0
19.25107192993164	nan	2.0
19.265547513961792	nan	2.0
19.281318187713623	nan	2.0
19.294756650924683	nan	2.0
19.30600142478943	nan	2.0
19.32074809074402	nan	2.0
19.335535526275635	nan	2.0
19.34898591041565	nan	2.0
19.361912965774536	nan	2.0
19.375685691833496	nan	2.0
19.388648748397827	nan	2.0
19.402705907821655	nan	2.0
19.416773796081543	nan	2.0
19.43200969696045	nan	2.0
19.446324825286865	nan	2.0
19.45986318588257	nan	2.0
19.475216150283813	nan	2.0
19.490238428115845	nan	2.0
19.505311012268066	nan	2.0
19.520797729492188	nan	2.0
19.532421350479126	nan	2.0
19.54512929916382	nan	2.0
19.560892343521118	nan	2.0
19.573350191116333	nan	2.0
19.586700439453125	nan	2.0
19.602391481399536	nan	2.0
19.614273071289062	nan	2.0
19.627636194229126	nan	2.0
19.643580675125122	nan	2.0
19.658973693847656	nan	2.0
19.67473268508911	nan	2.0
19.689777851104736	nan	2.0
19.702646255493164	nan	2.0
19.715733528137207	nan	2.0
19.73040509223938	nan	2.0
19.74659276008606	nan	2.0
19.760412454605103	nan	2.0
19.775884866714478	nan	2.0
19.790430545806885	nan	2.0
19.804519414901733	nan	2.0
19.819695472717285	nan	2.0
19.834015130996704	nan	2.0
19.847593307495117	nan	2.0
19.86218762397766	nan	2.0
19.876883029937744	nan	2.0
19.8908212184906	nan	2.0
19.9042329788208	nan	2.0
19.918940782546997	nan	2.0
19.930798768997192	nan	2.0
19.94245457649231	nan	2.0
19.95768642425537	nan	2.0
19.972124814987183	nan	2.0
19.985287189483643	nan	2.0
20.0001277923584	nan	2.0
20.01310920715332	nan	2.0
20.029714584350586	nan	2.0
20.045999765396118	nan	2.0
20.062626600265503	nan	2.0
20.079813718795776	nan	2.0
20.09649109840393	nan	2.0
20.113824605941772	nan	2.0
20.12876296043396	nan	2.0
20.144349098205566	nan	2.0
20.15712809562683	nan	2.0
20.17229461669922	nan	2.0
20.18747639656067	nan	2.0
20.203381538391113	nan	2.0
20.216182708740234	nan	2.0
20.230677366256714	nan	2.0
20.24661636352539	nan	2.0
20.26098108291626	nan	2.0
20.276028156280518	nan	2.0
20.29337477684021	nan	2.0
20.304046392440796	nan	2.0
20.319514513015747	nan	2.0
20.334773302078247	nan	2.0
20.350592374801636	nan	2.0
20.366260290145874	nan	2.0
20.3800687789917	nan	2.0
20.39299178123474	nan	2.0
20.409043073654175	nan	2.0
20.42395544052124	nan	2.0
20.438581466674805	nan	2.0
20.454235792160034	nan	2.0
20.469200134277344	nan	2.0
20.484269618988037	nan	2.0
20.50317883491516	nan	2.0
20.519842624664307	nan	2.0
20.53570294380188	nan	2.0
20.5522198677063	nan	2.0
20.567614555358887	nan	2.0
20.582371950149536	nan	2.0
20.600146770477295	nan	2.0
20.613418340682983	nan	2.0
20.627647399902344	nan	2.0
20.642915964126587	nan	2.0
20.656760931015015	nan	2.0
20.670820236206055	nan	2.0
20.686094760894775	nan	2.0
20.697343111038208	nan	2.0
20.708064556121826	nan	2.0
20.721946001052856	nan	2.0
20.73723578453064	nan	2.0
20.75249481201172	nan	2.0
20.768372058868408	nan	2.0
20.782146215438843	nan	2.0
20.795392513275146	nan	2.0
20.81173539161682	nan	2.0
20.828537464141846	nan	2.0
20.840134382247925	nan	2.0
20.855629920959473	nan	2.0
20.871471881866455	nan	2.0
20.8865487575531	nan	2.0
20.90226459503174	nan	2.0
20.916091203689575	nan	2.0
20.9306321144104	nan	2.0
20.948362827301025	nan	2.0
20.966572046279907	nan	2.0
20.97999620437622	nan	2.0
20.993958473205566	nan	2.0
21.010326147079468	nan	2.0
21.024430751800537	nan	2.0
21.040740489959717	nan	2.0
21.0587797164917	nan	2.0
21.072834491729736	nan	2.0
21.08910822868347	nan	2.0
21.103693962097168	nan	2.0
21.11893582344055	nan	2.0
21.134317874908447	nan	2.0
21.146066427230835	nan	2.0
21.15726137161255	nan	2.0
21.172438621520996	nan	2.0
21.187224864959717	nan	2.0
21.20108437538147	nan	2.0
21.215757369995117	nan	2.0
21.23025155067444	nan	2.0
21.243977785110474	nan	2.0
21.26001524925232	nan	2.0
21.2750346660614	nan	2.0
21.289243459701538	nan	2.0
21.30369806289673	nan	2.0
21.31861138343811	nan	2.0
21.33233404159546	nan	2.0
21.34939980506897	nan	2.0
21.365877389907837	nan	2.0
21.37866735458374	nan	2.0
21.39213514328003	nan	2.0
21.40749955177307	nan	2.0
21.422894954681396	nan	2.0
21.437718868255615	nan	2.0
21.453246355056763	nan	2.0
21.465749502182007	nan	2.0
21.479182720184326	nan	2.0
21.496132373809814	nan	2.0
21.509304761886597	nan	2.0
21.522157907485962	nan	2.0
21.537821769714355	nan	2.0
21.549078702926636	nan	2.0
21.56106662750244	nan	2.0
21.577953100204468	nan	2.0
21.592559576034546	nan	2.0
21.604015350341797	nan	2.0
21.617021083831787	nan	2.0
21.633948802947998	nan	2.0
21.648041486740112	nan	2.0
21.663378477096558	nan	2.0
21.67851686477661	nan	2.0
21.692549228668213	nan	2.0
21.707743406295776	nan	2.0
21.723939895629883	nan	2.0
21.739575147628784	nan	2.0
21.754597425460815	nan	2.0
21.770097732543945	nan	2.0
21.785320043563843	nan	2.0
21.79971480369568	nan	2.0
21.81678795814514	nan	2.0
21.83041787147522	nan	2.0
21.842997312545776	nan	2.0
21.85936999320984	nan	2.0
21.874375343322754	nan	2.0
21.888521194458008	nan	2.0
21.90384840965271	nan	2.0
21.91601037979126	nan	2.0
21.927693605422974	nan	2.0
21.943577527999878	nan	2.0
21.95875644683838	nan	2.0
21.972749710083008	nan	2.0
21.98892593383789	nan	2.0
22.00195550918579	nan	2.0
22.014413595199585	nan	2.0
22.034391403198242	nan	2.0
22.04909896850586	nan	2.0
22.0634548664093	nan	2.0
22.07996368408203	nan	2.0
22.094738483428955	nan	2.0
22.110769748687744	nan	2.0
22.12694549560547	nan	2.0
22.146209001541138	nan	2.0
22.16145968437195	nan	2.0
22.177972316741943	nan	2.0
22.19345259666443	nan	2.0
22.210438013076782	nan	2.0
22.225571155548096	nan	2.0
22.24026322364807	nan	2.0
22.25636386871338	nan	2.0
22.272644996643066	nan	2.0
22.287144422531128	nan	2.0
22.303056240081787	nan	2.0
22.31614065170288	nan	2.0
22.327704191207886	nan	2.0
22.342628240585327	nan	2.0
22.358721017837524	nan	2.0
22.37003517150879	nan	2.0
22.38432478904724	nan	2.0
22.400274753570557	nan	2.0
22.414197206497192	nan	2.0
22.428661346435547	nan	2.0
22.443854808807373	nan	2.0
22.45850682258606	nan	2.0
22.473482847213745	nan	2.0
22.489216327667236	nan	2.0
22.503077030181885	nan	2.0
22.516376733779907	nan	2.0
22.529555320739746	nan	2.0
22.541818857192993	nan	2.0
22.555219411849976	nan	2.0
22.57380747795105	nan	2.0
22.58747410774231	nan	2.0
22.59840989112854	nan	2.0
22.61006999015808	nan	2.0
22.623533487319946	nan	2.0
22.63711452484131	nan	2.0
22.64758276939392	nan	2.0
22.660917043685913	nan	2.0
22.67418909072876	nan	2.0
22.68482995033264	nan	2.0
22.695196628570557	nan	2.0
22.708707094192505	nan	2.0
22.72140622138977	nan	2.0
22.73358941078186	nan	2.0
22.746785163879395	nan	2.0
22.760019063949585	nan	2.0
22.77021336555481	nan	2.0
22.78172469139099	nan	2.0
22.79568099975586	nan	2.0
22.80928683280945	nan	2.0
22.82284140586853	nan	2.0
22.835333585739136	nan	2.0
22.848281621932983	nan	2.0
22.859855890274048	nan	2.0
22.8728244304657	nan	2.0
22.88672924041748	nan	2.0
22.90016460418701	nan	2.0
22.912962436676025	nan	2.0
22.925079584121704	nan	2.0
22.938265323638916	nan	2.0
22.951785802841187	nan	2.0
22.96317768096924	nan	2.0
22.976606845855713	nan	2.0
22.989874601364136	nan	2.0
23.000122547149658	nan	2.0
23.0112624168396	nan	2.0
23.02420735359192	nan	2.0
23.037336587905884	nan	2.0
23.047628164291382	nan	2.0
23.05893564224243	nan	2.0
23.07297706604004	nan	2.0
23.086257934570312	nan	2.0
23.099563598632812	nan	2.0
23.11302399635315	nan	2.0
23.12554359436035	nan	2.0
23.135988235473633	nan	2.0
23.14770770072937	nan	2.0
23.161046028137207	nan	2.0
23.17251229286194	nan	2.0
23.185765266418457	nan	2.0
23.19902491569519	nan	2.0
23.211095094680786	nan	2.0
23.221792697906494	nan	2.0
23.234344959259033	nan	2.0
23.24838876724243	nan	2.0
23.260255813598633	nan	2.0
23.27332329750061	nan	2.0
23.28715682029724	nan	2.0
23.2999427318573	nan	2.0
23.312880754470825	nan	2.0
23.326083660125732	nan	2.0
23.339531421661377	nan	2.0
23.352341890335083	nan	2.0
23.364305019378662	nan	2.0
23.376749992370605	nan	2.0
23.389118671417236	nan	2.0
23.402158737182617	nan	2.0
23.416237115859985	nan	2.0
23.430381536483765	nan	2.0
23.443024396896362	nan	2.0
23.45393419265747	nan	2.0
23.46731686592102	nan	2.0
23.481235027313232	nan	2.0
23.495202779769897	nan	2.0
23.509864568710327	nan	2.0
23.523301124572754	nan	2.0
23.5371994972229	nan	2.0
23.551881074905396	nan	2.0
23.567580699920654	nan	2.0
23.581077575683594	nan	2.0
23.594463109970093	nan	2.0
23.60831880569458	nan	2.0
23.620243072509766	nan	2.0
23.63382053375244	nan	2.0
23.647475004196167	nan	2.0
23.66001009941101	nan	2.0
23.673722743988037	nan	2.0
23.687694311141968	nan	2.0
23.699176788330078	nan	2.0
23.711713552474976	nan	2.0
23.724733352661133	nan	2.0
23.73898148536682	nan	2.0
23.752167224884033	nan	2.0
23.76374316215515	nan	2.0
23.77675461769104	nan	2.0
23.802876949310303	nan	2.0
23.81883955001831	nan	2.0
23.83328866958618	nan	2.0
23.847162008285522	nan	2.0
23.861361742019653	nan	2.0
23.875473022460938	nan	2.0
23.889661073684692	nan	2.0
23.904403924942017	nan	2.0
23.91832661628723	nan	2.0
23.932600021362305	nan	2.0
23.94701600074768	nan	2.0
23.960379123687744	nan	2.0
23.974605083465576	nan	2.0
23.985122442245483	nan	2.0
24.009474277496338	nan	2.0
24.0230929851532	nan	2.0
24.035948038101196	nan	2.0
24.049798011779785	nan	2.0
24.062519550323486	nan	2.0
24.074912309646606	nan	2.0
24.088732719421387	nan	2.0
24.10349464416504	nan	2.0
24.11839246749878	nan	2.0
24.130099534988403	nan	2.0
24.14267921447754	nan	2.0
24.156195878982544	nan	2.0
24.169848918914795	nan	2.0
24.18346333503723	nan	2.0
24.19643235206604	nan	2.0
24.209559202194214	nan	2.0
24.2198486328125	nan	2.0
24.232759714126587	nan	2.0
24.245797157287598	nan	2.0
24.25763702392578	nan	2.0
24.2703857421875	nan	2.0
24.283503532409668	nan	2.0
24.29495620727539	nan	2.0
24.305413007736206	nan	2.0
24.31759524345398	nan	2.0
24.335982084274292	nan	2.0
24.349199771881104	nan	2.0
24.362086057662964	nan	2.0
24.37557888031006	nan	2.0
24.387452125549316	nan	2.0
24.39865255355835	nan	2.0
24.411985397338867	nan	2.0
24.42505979537964	nan	2.0
24.438065767288208	nan	2.0
24.45126748085022	nan	2.0
24.46469211578369	nan	2.0
24.475390672683716	nan	2.0
24.488823890686035	nan	2.0
24.502350568771362	nan	2.0
24.516721725463867	nan	2.0
24.52864670753479	nan	2.0
24.539862394332886	nan	2.0
24.553998708724976	nan	2.0
24.5674786567688	nan	2.0
24.579743146896362	nan	2.0
24.593013048171997	nan	2.0
24.605278253555298	nan	2.0
24.61773133277893	nan	2.0
24.63148832321167	nan	2.0
24.64479899406433	nan	2.0
24.657164812088013	nan	2.0
24.667206525802612	nan	2.0
24.679797649383545	nan	2.0
24.693769216537476	nan	2.0
24.705322742462158	nan	2.0
24.721083879470825	nan	2.0
24.73520517349243	nan	2.0
24.745861291885376	nan	2.0
24.75676679611206	nan	2.0
24.77034878730774	nan	2.0
24.784278631210327	nan	2.0
24.79729413986206	nan	2.0
24.81364130973816	nan	2.0
24.8274986743927	nan	2.0
24.840301752090454	nan	2.0
24.85444402694702	nan	2.0
24.870231866836548	nan	2.0
24.884225368499756	nan	2.0
24.899028301239014	nan	2.0
24.91358184814453	nan	2.0
24.925543308258057	nan	2.0
24.939491987228394	nan	2.0
24.953289270401	nan	2.0
24.967528820037842	nan	2.0
24.97950005531311	nan	2.0
24.992604732513428	nan	2.0
25.006003856658936	nan	2.0
25.02130436897278	nan	2.0
25.036011695861816	nan	2.0
25.049731969833374	nan	2.0
25.065136194229126	nan	2.0
25.075379371643066	nan	2.0
25.09136986732483	nan	2.0
25.10544180870056	nan	2.0
25.11979365348816	nan	2.0
25.133755207061768	nan	2.0
25.147979497909546	nan	2.0
25.161646127700806	nan	2.0
25.176940441131592	nan	2.0
25.191168546676636	nan	2.0
25.204976081848145	nan	2.0
25.219514846801758	nan	2.0
25.233272790908813	nan	2.0
25.247112274169922	nan	2.0
25.260834217071533	nan	2.0
25.275923490524292	nan	2.0
25.29037833213806	nan	2.0
25.303000926971436	nan	2.0
25.316497564315796	nan	2.0
25.32923126220703	nan	2.0
25.343693733215332	nan	2.0
25.35723853111267	nan	2.0
25.370291471481323	nan	2.0
25.38414192199707	nan	2.0
25.397344827651978	nan	2.0
25.41223669052124	nan	2.0
25.42645764350891	nan	2.0
25.439026832580566	nan	2.0
25.453073263168335	nan	2.0
25.46789836883545	nan	2.0
25.480963468551636	nan	2.0
25.49739098548889	nan	2.0
25.510433435440063	nan	2.0
25.52338743209839	nan	2.0
25.537959814071655	nan	2.0
25.552339792251587	nan	2.0
25.56456446647644	nan	2.0
25.578200578689575	nan	2.0
25.5912504196167	nan	2.0
25.601925134658813	nan	2.0
25.61294984817505	nan	2.0
25.626834869384766	nan	2.0
25.640283823013306	nan	2.0
25.65390682220459	nan	2.0
25.667211771011353	nan	2.0
25.680896043777466	nan	2.0
25.69338631629944	nan	2.0
25.707220792770386	nan	2.0
25.721883058547974	nan	2.0
25.73535919189453	nan	2.0
25.747063398361206	nan	2.0
25.760263681411743	nan	2.0
25.774451971054077	nan	2.0
25.788060665130615	nan	2.0
25.8029568195343	nan	2.0
25.819698810577393	nan	2.0
25.83180022239685	nan	2.0
25.843531608581543	nan	2.0
25.858994245529175	nan	2.0
25.872528314590454	nan	2.0
25.884026288986206	nan	2.0
25.897499799728394	nan	2.0
25.91135048866272	nan	2.0
25.92258596420288	nan	2.0
25.936275720596313	nan	2.0
25.95052146911621	nan	2.0
25.961726427078247	nan	2.0
25.976288080215454	nan	2.0
25.99006485939026	nan	2.0
26.00334906578064	nan	2.0
26.015472412109375	nan	2.0
26.028982639312744	nan	2.0
26.044416666030884	nan	2.0
26.059611797332764	nan	2.0
26.073924779891968	nan	2.0
26.088416814804077	nan	2.0
26.102508068084717	nan	2.0
26.115617275238037	nan	2.0
26.129307508468628	nan	2.0
26.141968250274658	nan	2.0
26.15615940093994	nan	2.0
26.170146942138672	nan	2.0
26.18432331085205	nan	2.0
26.19699454307556	nan	2.0
26.20927119255066	nan	2.0
26.222745180130005	nan	2.0
26.236990928649902	nan	2.0
26.249433517456055	nan	2.0
26.26323413848877	nan	2.0
26.276072025299072	nan	2.0
26.28657293319702	nan	2.0
26.300050497055054	nan	2.0
26.315486192703247	nan	2.0
26.326095581054688	nan	2.0
26.33808445930481	nan	2.0
26.351807832717896	nan	2.0
26.364959716796875	nan	2.0
26.376025915145874	nan	2.0
26.393712997436523	nan	2.0
26.410327196121216	nan	2.0
26.424254894256592	nan	2.0
26.43832302093506	nan	2.0
26.4526526927948	nan	2.0
26.4654700756073	nan	2.0
26.4808566570282	nan	2.0
26.496427536010742	nan	2.0
26.511482000350952	nan	2.0
26.525282621383667	nan	2.0
26.539031982421875	nan	2.0
26.552443742752075	nan	2.0
26.565940618515015	nan	2.0
26.580270290374756	nan	2.0
26.595866203308105	nan	2.0
26.60839033126831	nan	2.0
26.62385582923889	nan	2.0
26.638283491134644	nan	2.0
26.650787591934204	nan	2.0
26.664538383483887	nan	2.0
26.677871704101562	nan	2.0
26.688125610351562	nan	2.0
26.7004873752594	nan	2.0
26.71399736404419	nan	2.0
26.727417707443237	nan	2.0
26.741599798202515	nan	2.0
26.755699157714844	nan	2.0
26.767645359039307	nan	2.0
26.778619050979614	nan	2.0
26.791659832000732	nan	2.0
26.805822134017944	nan	2.0
26.818731546401978	nan	2.0
26.8320791721344	nan	2.0
26.84504222869873	nan	2.0
26.85895037651062	nan	2.0
26.874089241027832	nan	2.0
26.890702486038208	nan	2.0
26.90546941757202	nan	2.0
26.921554565429688	nan	2.0
26.937472343444824	nan	2.0
26.953811168670654	nan	2.0
26.96884274482727	nan	2.0
26.986013412475586	nan	2.0
27.002513885498047	nan	2.0
27.017028093338013	nan	2.0
27.033485651016235	nan	2.0
27.04943013191223	nan	2.0
27.065343618392944	nan	2.0
27.081000804901123	nan	2.0
27.09691596031189	nan	2.0
27.11424160003662	nan	2.0
27.132105350494385	nan	2.0
27.149443864822388	nan	2.0
27.1657817363739	nan	2.0
27.181187868118286	nan	2.0
27.197193145751953	nan	2.0
27.20975637435913	nan	2.0
27.222398042678833	nan	2.0
27.24049186706543	nan	2.0
27.25373339653015	nan	2.0
27.267976760864258	nan	2.0
27.28299617767334	nan	2.0
27.295610904693604	nan	2.0
27.3119900226593	nan	2.0
27.32944631576538	nan	2.0
27.344003200531006	nan	2.0
27.35981249809265	nan	2.0
27.375075101852417	nan	2.0
27.3895103931427	nan	2.0
27.404008626937866	nan	2.0
27.420064210891724	nan	2.0
27.4350426197052	nan	2.0
27.447506427764893	nan	2.0
27.46365737915039	nan	2.0
27.478739261627197	nan	2.0
27.491547107696533	nan	2.0
27.50733780860901	nan	2.0
27.521527528762817	nan	2.0
27.532950401306152	nan	2.0
27.546394109725952	nan	2.0
27.560081481933594	nan	2.0
27.572423696517944	nan	2.0
27.58517551422119	nan	2.0
27.599106073379517	nan	2.0
27.61274814605713	nan	2.0
27.62369465827942	nan	2.0
27.640649795532227	nan	2.0
27.653818130493164	nan	2.0
27.664697408676147	nan	2.0
27.67658805847168	nan	2.0
27.690386056900024	nan	2.0
27.702648401260376	nan	2.0
27.71574330329895	nan	2.0
27.729591131210327	nan	2.0
27.740930557250977	nan	2.0
27.75155258178711	nan	2.0
27.764014959335327	nan	2.0
27.77769112586975	nan	2.0
27.789167165756226	nan	2.0
27.802243947982788	nan	2.0
27.814385175704956	nan	2.0
27.82582426071167	nan	2.0
30.37860608100891	nan	2.0
30.397614002227783	nan	2.0
30.409653425216675	nan	2.0
30.423946142196655	nan	2.0
30.439763069152832	nan	2.0
30.45388627052307	nan	2.0
30.471030712127686	nan	2.0
30.489339351654053	nan	2.0
30.50544571876526	nan	2.0
30.528169870376587	nan	2.0
30.545979976654053	nan	2.0
30.564414978027344	nan	2.0
30.58284831047058	nan	2.0
30.600095987319946	nan	2.0
30.614100217819214	nan	2.0
30.629832983016968	nan	2.0
30.643949031829834	nan	2.0
30.658294916152954	nan	2.0
30.673355102539062	nan	2.0
30.687937021255493	nan	2.0
30.702425003051758	nan	2.0
30.719467401504517	nan	2.0
30.730797290802002	nan	2.0
30.742268562316895	nan	2.0
30.76117467880249	nan	2.0
30.77496361732483	nan	2.0
30.78943181037903	nan	2.0
30.807019233703613	nan	2.0
30.81966257095337	nan	2.0
30.83436942100525	nan	2.0
30.84985327720642	nan	2.0
30.866788387298584	nan	2.0
30.8833110332489	nan	2.0
30.89897608757019	nan	2.0
30.915812492370605	nan	2.0
30.93077278137207	nan	2.0
30.948747634887695	nan	2.0
30.964357376098633	nan	2.0
30.975128173828125	nan	2.0
30.989732027053833	nan	2.0
31.005579948425293	nan	2.0
31.01782751083374	nan	2.0
31.03321623802185	nan	2.0
31.05115008354187	nan	2.0
31.063313245773315	nan	2.0
31.079480171203613	nan	2.0
31.096375465393066	nan	2.0
31.109663009643555	nan	2.0
31.12553572654724	nan	2.0
31.13892436027527	nan	2.0
31.153627395629883	nan	2.0
31.171135902404785	nan	2.0
31.187804698944092	nan	2.0
31.20257878303528	nan	2.0
31.216463327407837	nan	2.0
31.2313015460968	nan	2.0
31.245993852615356	nan	2.0
31.260751962661743	nan	2.0
31.27883267402649	nan	2.0
31.292952299118042	nan	2.0
31.310797452926636	nan	2.0
31.32746434211731	nan	2.0
31.343685150146484	nan	2.0
31.359557628631592	nan	2.0
31.3750479221344	nan	2.0
31.388367891311646	nan	2.0
31.40516424179077	nan	2.0
31.419563055038452	nan	2.0
31.431621074676514	nan	2.0
31.44783091545105	nan	2.0
31.463721990585327	nan	2.0
31.479843139648438	nan	2.0
31.494844436645508	nan	2.0
31.508560180664062	nan	2.0
31.523140907287598	nan	2.0
31.5421724319458	nan	2.0
31.55690908432007	nan	2.0
31.5703604221344	nan	2.0
31.584472179412842	nan	2.0
31.601497650146484	nan	2.0
31.61605978012085	nan	2.0
31.63015651702881	nan	2.0
31.646082878112793	nan	2.0
31.657597064971924	nan	2.0
31.669102668762207	nan	2.0
31.6834397315979	nan	2.0
31.697988510131836	nan	2.0
31.71275758743286	nan	2.0
31.72890329360962	nan	2.0
31.74164366722107	nan	2.0
31.75395941734314	nan	2.0
31.7693772315979	nan	2.0
31.78427791595459	nan	2.0
31.799396514892578	nan	2.0
31.814362287521362	nan	2.0
31.82771873474121	nan	2.0
31.840649366378784	nan	2.0
31.855695486068726	nan	2.0
31.8701491355896	nan	2.0
31.88465666770935	nan	2.0
31.897599458694458	nan	2.0
31.910988092422485	nan	2.0
31.924871683120728	nan	2.0
31.938942432403564	nan	2.0
31.953217267990112	nan	2.0
31.967820644378662	nan	2.0
31.979196071624756	nan	2.0
31.993868112564087	nan	2.0
32.01015281677246	nan	2.0
32.022271394729614	nan	2.0
32.038848638534546	nan	2.0
32.05183815956116	nan	2.0
32.06269454956055	nan	2.0
32.077794551849365	nan	2.0
32.09210443496704	nan	2.0
32.106590270996094	nan	2.0
32.12137317657471	nan	2.0
32.136411905288696	nan	2.0
32.15072822570801	nan	2.0
32.164355516433716	nan	2.0
32.178666830062866	nan	2.0
32.18968415260315	nan	2.0
32.20015907287598	nan	2.0
32.21504187583923	nan	2.0
32.22924852371216	nan	2.0
32.24346852302551	nan	2.0
32.259703636169434	nan	2.0
32.27263164520264	nan	2.0
32.28362321853638	nan	2.0
32.29760456085205	nan	2.0
32.312828063964844	nan	2.0
32.32720923423767	nan	2.0
32.33924841880798	nan	2.0
32.35255432128906	nan	2.0
32.3650906085968	nan	2.0
32.37872815132141	nan	2.0
32.393311500549316	nan	2.0
32.4071946144104	nan	2.0
32.419816732406616	nan	2.0
32.43304681777954	nan	2.0
32.4486608505249	nan	2.0
32.46503686904907	nan	2.0
32.47997307777405	nan	2.0
32.49462127685547	nan	2.0
32.51097226142883	nan	2.0
32.52618050575256	nan	2.0
32.54087972640991	nan	2.0
32.55473566055298	nan	2.0
32.570099115371704	nan	2.0
32.584919452667236	nan	2.0
32.595865964889526	nan	2.0
32.610700845718384	nan	2.0
32.625001192092896	nan	2.0
32.639728307724	nan	2.0
32.65441036224365	nan	2.0
32.67101311683655	nan	2.0
32.6839964389801	nan	2.0
32.70004630088806	nan	2.0
32.71766638755798	nan	2.0
32.73658275604248	nan	2.0
32.75434923171997	nan	2.0
32.77328968048096	nan	2.0
32.79000210762024	nan	2.0
32.80624079704285	nan	2.0
32.822129011154175	nan	2.0
32.83802652359009	nan	2.0
32.85381364822388	nan	2.0
32.86901879310608	nan	2.0
32.880154609680176	nan	2.0
32.89329528808594	nan	2.0
32.910128116607666	nan	2.0
32.92357087135315	nan	2.0
32.93808937072754	nan	2.0
32.95245051383972	nan	2.0
32.96416521072388	nan	2.0
32.977988958358765	nan	2.0
32.99180865287781	nan	2.0
33.004557847976685	nan	2.0
33.021490812301636	nan	2.0
33.03527331352234	nan	2.0
33.04853415489197	nan	2.0
33.06299042701721	nan	2.0
33.07899594306946	nan	2.0
33.09428358078003	nan	2.0
33.10792326927185	nan	2.0
33.123494148254395	nan	2.0
33.13852095603943	nan	2.0
33.15243577957153	nan	2.0
33.166436195373535	nan	2.0
33.18113422393799	nan	2.0
33.191792249679565	nan	2.0
33.206143617630005	nan	2.0
33.220091104507446	nan	2.0
33.23276662826538	nan	2.0
33.24620699882507	nan	2.0
33.26078987121582	nan	2.0
33.27199077606201	nan	2.0
33.282734632492065	nan	2.0
33.29487347602844	nan	2.0
33.30928921699524	nan	2.0
33.32204246520996	nan	2.0
33.335365295410156	nan	2.0
33.34983158111572	nan	2.0
33.363985776901245	nan	2.0
33.37781381607056	nan	2.0
33.39194321632385	nan	2.0
33.406473875045776	nan	2.0
33.42037224769592	nan	2.0
33.433409690856934	nan	2.0
33.447927474975586	nan	2.0
33.46378970146179	nan	2.0
33.477864503860474	nan	2.0
33.492547035217285	nan	2.0
33.50544333457947	nan	2.0
33.51826310157776	nan	2.0
33.53294920921326	nan	2.0
33.54739499092102	nan	2.0
33.559701919555664	nan	2.0
33.57386755943298	nan	2.0
33.58695340156555	nan	2.0
33.59774565696716	nan	2.0
33.610437870025635	nan	2.0
33.62450671195984	nan	2.0
33.637826919555664	nan	2.0
33.648642778396606	nan	2.0
33.66267490386963	nan	2.0
33.67899298667908	nan	2.0
33.68985605239868	nan	2.0
33.70469284057617	nan	2.0
33.71866250038147	nan	2.0
33.72938537597656	nan	2.0
33.74286603927612	nan	2.0
33.757338762283325	nan	2.0
33.768555641174316	nan	2.0
33.78173017501831	nan	2.0
33.796998739242554	nan	2.0
33.809086561203	nan	2.0
33.82119107246399	nan	2.0
33.83563709259033	nan	2.0
33.85065174102783	nan	2.0
33.864131450653076	nan	2.0
33.87818884849548	nan	2.0
33.89314317703247	nan	2.0
33.90823149681091	nan	2.0
33.92121958732605	nan	2.0
33.935704469680786	nan	2.0
33.950077295303345	nan	2.0
33.960479736328125	nan	2.0
33.97522258758545	nan	2.0
33.9939124584198	nan	2.0
34.0053174495697	nan	2.0
34.019476890563965	nan	2.0
34.03341555595398	nan	2.0
34.044795751571655	nan	2.0
34.05698561668396	nan	2.0
34.07158350944519	nan	2.0
34.083794832229614	nan	2.0
34.09489727020264	nan	2.0
34.10875701904297	nan	2.0
34.1257061958313	nan	2.0
34.13941526412964	nan	2.0
34.15370750427246	nan	2.0
34.1686315536499	nan	2.0
34.18357968330383	nan	2.0
34.19832754135132	nan	2.0
34.211957931518555	nan	2.0
34.22391057014465	nan	2.0
34.23836159706116	nan	2.0
34.25281500816345	nan	2.0
34.267157316207886	nan	2.0
34.28215146064758	nan	2.0
34.2961962223053	nan	2.0
34.309314489364624	nan	2.0
34.3223295211792	nan	2.0
34.33697295188904	nan	2.0
34.35126256942749	nan	2.0
34.36177206039429	nan	2.0
34.37457847595215	nan	2.0
34.38860321044922	nan	2.0
34.401143074035645	nan	2.0
34.412245988845825	nan	2.0
34.42623043060303	nan	2.0
34.44094896316528	nan	2.0
34.45320153236389	nan	2.0
34.46788239479065	nan	2.0
34.48125505447388	nan	2.0
34.49245643615723	nan	2.0
34.50374889373779	nan	2.0
34.518146276474	nan	2.0
34.53108096122742	nan	2.0
34.545061111450195	nan	2.0
34.559412717819214	nan	2.0
34.57230520248413	nan	2.0
34.583845138549805	nan	2.0
34.5975923538208	nan	2.0
34.61188054084778	nan	2.0
34.62529015541077	nan	2.0
34.63990497589111	nan	2.0
34.6539044380188	nan	2.0
34.66667366027832	nan	2.0
34.68093729019165	nan	2.0
34.694825649261475	nan	2.0
34.70706033706665	nan	2.0
34.720306396484375	nan	2.0
34.7345712184906	nan	2.0
34.7505362033844	nan	2.0
34.763306856155396	nan	2.0
34.77892851829529	nan	2.0
34.79309582710266	nan	2.0
34.80377411842346	nan	2.0
34.81688475608826	nan	2.0
34.831486225128174	nan	2.0
34.844846963882446	nan	2.0
34.86040806770325	nan	2.0
34.87534785270691	nan	2.0
34.88803172111511	nan	2.0
34.89957571029663	nan	2.0
34.916298627853394	nan	2.0
34.93056511878967	nan	2.0
34.94349241256714	nan	2.0
34.9580500125885	nan	2.0
34.970449924468994	nan	2.0
34.981754541397095	nan	2.0
34.9954891204834	nan	2.0
35.0101752281189	nan	2.0
35.02545118331909	nan	2.0
35.0399706363678	nan	2.0
35.053754806518555	nan	2.0
35.06630754470825	nan	2.0
35.08190369606018	nan	2.0
35.09635543823242	nan	2.0
35.11162734031677	nan	2.0
35.12592887878418	nan	2.0
35.14008045196533	nan	2.0
35.15515398979187	nan	2.0
35.16895937919617	nan	2.0
35.18395781517029	nan	2.0
35.19727683067322	nan	2.0
35.21144461631775	nan	2.0
35.22704577445984	nan	2.0
35.24201822280884	nan	2.0
35.253653049468994	nan	2.0
35.26750111579895	nan	2.0
35.2827250957489	nan	2.0
35.29654622077942	nan	2.0
35.31198477745056	nan	2.0
35.32683968544006	nan	2.0
35.337934732437134	nan	2.0
35.35240030288696	nan	2.0
35.366769790649414	nan	2.0
35.379278898239136	nan	2.0
35.393150806427	nan	2.0
35.408448934555054	nan	2.0
35.419830083847046	nan	2.0
35.43161129951477	nan	2.0
35.447301626205444	nan	2.0
35.4625518321991	nan	2.0
35.478503465652466	nan	2.0
35.49315404891968	nan	2.0
35.506370544433594	nan	2.0
35.52052164077759	nan	2.0
35.5351459980011	nan	2.0
35.55092096328735	nan	2.0
35.56502604484558	nan	2.0
35.579129457473755	nan	2.0
35.59319829940796	nan	2.0
35.60768270492554	nan	2.0
35.62249302864075	nan	2.0
35.63997411727905	nan	2.0
35.65279221534729	nan	2.0
35.6669762134552	nan	2.0
35.681373596191406	nan	2.0
35.69533610343933	nan	2.0
35.7107470035553	nan	2.0
35.72516489028931	nan	2.0
35.736103534698486	nan	2.0
35.7492733001709	nan	2.0
35.76377582550049	nan	2.0
35.77731466293335	nan	2.0
35.79076075553894	nan	2.0
35.80533814430237	nan	2.0
35.817445278167725	nan	2.0
35.82838559150696	nan	2.0
35.843366384506226	nan	2.0
35.86029005050659	nan	2.0
35.874428033828735	nan	2.0
35.88860535621643	nan	2.0
35.90263104438782	nan	2.0
35.91642117500305	nan	2.0
35.932153940200806	nan	2.0
35.945839643478394	nan	2.0
35.95806813240051	nan	2.0
35.977115631103516	nan	2.0
35.991960763931274	nan	2.0
36.00640153884888	nan	2.0
36.02074718475342	nan	2.0
36.034653186798096	nan	2.0
36.04866409301758	nan	2.0
36.063355684280396	nan	2.0
36.07860589027405	nan	2.0
36.092565059661865	nan	2.0
36.105473279953	nan	2.0
36.120802879333496	nan	2.0
36.13601636886597	nan	2.0
36.1500940322876	nan	2.0
36.16517210006714	nan	2.0
36.178614377975464	nan	2.0
36.18995261192322	nan	2.0
36.20425271987915	nan	2.0
36.22002124786377	nan	2.0
36.23280453681946	nan	2.0
36.24786376953125	nan	2.0
36.261019468307495	nan	2.0
36.27195191383362	nan	2.0
36.284245014190674	nan	2.0
36.30006790161133	nan	2.0
36.3147554397583	nan	2.0
36.330252170562744	nan	2.0
36.3447470664978	nan	2.0
36.35700011253357	nan	2.0
36.36975693702698	nan	2.0
36.38511562347412	nan	2.0
36.40069842338562	nan	2.0
36.41428518295288	nan	2.0
36.43001985549927	nan	2.0
36.444119691848755	nan	2.0
36.45851731300354	nan	2.0
36.47373366355896	nan	2.0
36.4891676902771	nan	2.0
36.50199508666992	nan	2.0
36.51674175262451	nan	2.0
36.53212308883667	nan	2.0
36.54564070701599	nan	2.0
36.559821128845215	nan	2.0
36.57495355606079	nan	2.0
36.58611583709717	nan	2.0
36.59902238845825	nan	2.0
36.614766120910645	nan	2.0
36.62810206413269	nan	2.0
36.63895320892334	nan	2.0
36.65412735939026	nan	2.0
36.66825842857361	nan	2.0
36.67932105064392	nan	2.0
36.6932373046875	nan	2.0
36.708192586898804	nan	2.0
36.719820499420166	nan	2.0
36.733126163482666	nan	2.0
36.747984409332275	nan	2.0
36.76236534118652	nan	2.0
36.7771110534668	nan	2.0
36.79144859313965	nan	2.0
36.80409121513367	nan	2.0
36.81836438179016	nan	2.0
36.83297276496887	nan	2.0
36.84817385673523	nan	2.0
36.8621346950531	nan	2.0
36.8777334690094	nan	2.0
36.89177584648132	nan	2.0
36.905779123306274	nan	2.0
36.92012143135071	nan	2.0
36.9346981048584	nan	2.0
36.94710302352905	nan	2.0
36.95955729484558	nan	2.0
36.97430205345154	nan	2.0
36.98857760429382	nan	2.0
37.00125575065613	nan	2.0
37.01655077934265	nan	2.0
37.03063082695007	nan	2.0
37.041831254959106	nan	2.0
37.05626630783081	nan	2.0
37.07288885116577	nan	2.0
37.08460068702698	nan	2.0
37.100672483444214	nan	2.0
37.11559200286865	nan	2.0
37.13060426712036	nan	2.0
37.1466383934021	nan	2.0
37.162434577941895	nan	2.0
37.178171157836914	nan	2.0
37.193076610565186	nan	2.0
37.209696769714355	nan	2.0
37.2249219417572	nan	2.0
37.2398726940155	nan	2.0
37.25576567649841	nan	2.0
37.269896030426025	nan	2.0
37.284385204315186	nan	2.0
37.29943013191223	nan	2.0
37.31359839439392	nan	2.0
37.32907676696777	nan	2.0
37.34407305717468	nan	2.0
37.35557556152344	nan	2.0
37.369184732437134	nan	2.0
37.383782148361206	nan	2.0
37.396905183792114	nan	2.0
37.40871858596802	nan	2.0
37.42359972000122	nan	2.0
37.43772315979004	nan	2.0
37.449872732162476	nan	2.0
37.464739084243774	nan	2.0
37.478500843048096	nan	2.0
37.493326902389526	nan	2.0
37.508400678634644	nan	2.0
37.52207350730896	nan	2.0
37.53675174713135	nan	2.0
37.552305698394775	nan	2.0
37.56786131858826	nan	2.0
37.581493616104126	nan	2.0
37.60469341278076	nan	2.0
37.62204313278198	nan	2.0
37.6387152671814	nan	2.0
37.652650594711304	nan	2.0
37.66819620132446	nan	2.0
37.68374729156494	nan	2.0
37.699002504348755	nan	2.0
37.71271800994873	nan	2.0
37.726126194000244	nan	2.0
37.741490602493286	nan	2.0
37.755855083465576	nan	2.0
37.771347999572754	nan	2.0
37.78689932823181	nan	2.0
37.803205490112305	nan	2.0
37.8209068775177	nan	2.0
37.83616805076599	nan	2.0
37.85211396217346	nan	2.0
37.86748266220093	nan	2.0
37.883620738983154	nan	2.0
37.89731764793396	nan	2.0
37.91246294975281	nan	2.0
37.92735934257507	nan	2.0
37.93983459472656	nan	2.0
37.95376443862915	nan	2.0
37.96808886528015	nan	2.0
37.98318290710449	nan	2.0
37.99722909927368	nan	2.0
38.012545585632324	nan	2.0
38.02763342857361	nan	2.0
38.04065132141113	nan	2.0
38.055821657180786	nan	2.0
38.07065558433533	nan	2.0
38.08380126953125	nan	2.0
38.09931755065918	nan	2.0
38.11494278907776	nan	2.0
38.127275228500366	nan	2.0
38.142555475234985	nan	2.0
38.15746736526489	nan	2.0
38.16877007484436	nan	2.0
38.18230485916138	nan	2.0
38.197768688201904	nan	2.0
38.21087336540222	nan	2.0
38.22327709197998	nan	2.0
38.238234996795654	nan	2.0
38.25030469894409	nan	2.0
38.26100468635559	nan	2.0
38.275842905044556	nan	2.0
38.291568756103516	nan	2.0
38.30525016784668	nan	2.0
38.32087707519531	nan	2.0
38.33533787727356	nan	2.0
38.34930348396301	nan	2.0
38.36356592178345	nan	2.0
38.37822365760803	nan	2.0
38.3941547870636	nan	2.0
38.40644407272339	nan	2.0
38.420569896698	nan	2.0
38.43542981147766	nan	2.0
38.44990658760071	nan	2.0
38.46432828903198	nan	2.0
38.47975301742554	nan	2.0
38.494433641433716	nan	2.0
38.51024842262268	nan	2.0
38.5258092880249	nan	2.0
38.54135847091675	nan	2.0
38.5565710067749	nan	2.0
38.572404623031616	nan	2.0
38.589311361312866	nan	2.0
38.605135917663574	nan	2.0
38.62086248397827	nan	2.0
38.63709211349487	nan	2.0
38.652368783950806	nan	2.0
38.66833686828613	nan	2.0
38.6847198009491	nan	2.0
38.700644969940186	nan	2.0
38.716883182525635	nan	2.0
38.732484340667725	nan	2.0
38.7457230091095	nan	2.0
38.760486125946045	nan	2.0
38.77588868141174	nan	2.0
38.79121398925781	nan	2.0
38.803128242492676	nan	2.0
38.816728353500366	nan	2.0
38.83488178253174	nan	2.0
38.8560848236084	nan	2.0
38.873321771621704	nan	2.0
38.88895392417908	nan	2.0
38.904847383499146	nan	2.0
38.919309854507446	nan	2.0
38.93525815010071	nan	2.0
38.946553468704224	nan	2.0
38.96077227592468	nan	2.0
38.97693943977356	nan	2.0
38.992595195770264	nan	2.0
39.007062673568726	nan	2.0
39.0215539932251	nan	2.0
39.03289222717285	nan	2.0
39.047229051589966	nan	2.0
39.06266403198242	nan	2.0
39.07940077781677	nan	2.0
39.09204149246216	nan	2.0
39.10629606246948	nan	2.0
39.12338352203369	nan	2.0
39.138625144958496	nan	2.0
39.15533900260925	nan	2.0
39.170297384262085	nan	2.0
39.18178844451904	nan	2.0
39.19670796394348	nan	2.0
39.21257925033569	nan	2.0
39.22560906410217	nan	2.0
39.24076271057129	nan	2.0
39.2544310092926	nan	2.0
39.26515793800354	nan	2.0
39.28025817871094	nan	2.0
39.2958037853241	nan	2.0
39.311394691467285	nan	2.0
39.32552719116211	nan	2.0
39.340760469436646	nan	2.0
39.35283064842224	nan	2.0
39.367512702941895	nan	2.0
39.3841438293457	nan	2.0
39.40011119842529	nan	2.0
39.41454744338989	nan	2.0
39.42967081069946	nan	2.0
39.44481801986694	nan	2.0
39.460102796554565	nan	2.0
39.47552561759949	nan	2.0
39.48972702026367	nan	2.0
39.500736236572266	nan	2.0
39.514861822128296	nan	2.0
39.52957558631897	nan	2.0
39.54171347618103	nan	2.0
39.55610752105713	nan	2.0
39.57011580467224	nan	2.0
39.581490993499756	nan	2.0
39.594016313552856	nan	2.0
39.60880947113037	nan	2.0
39.62098956108093	nan	2.0
39.63371562957764	nan	2.0
39.64873719215393	nan	2.0
39.660539627075195	nan	2.0
39.671963691711426	nan	2.0
39.686588764190674	nan	2.0
39.70102262496948	nan	2.0
39.71187877655029	nan	2.0
39.72388052940369	nan	2.0
39.73924398422241	nan	2.0
39.752809286117554	nan	2.0
39.769140005111694	nan	2.0
39.78394532203674	nan	2.0
39.796772956848145	nan	2.0
39.80930542945862	nan	2.0
39.824527740478516	nan	2.0
39.83959102630615	nan	2.0
39.85343360900879	nan	2.0
39.8661949634552	nan	2.0
39.88105750083923	nan	2.0
39.89540767669678	nan	2.0
39.90785622596741	nan	2.0
39.92235732078552	nan	2.0
39.937294244766235	nan	2.0
39.948641300201416	nan	2.0
39.96304988861084	nan	2.0
39.977466344833374	nan	2.0
39.99212837219238	nan	2.0
40.00662279129028	nan	2.0
40.02113080024719	nan	2.0
40.03218460083008	nan	2.0
40.04420351982117	nan	2.0
40.06195306777954	nan	2.0
40.07532048225403	nan	2.0
40.090006589889526	nan	2.0
40.106034994125366	nan	2.0
40.12029051780701	nan	2.0
40.13550591468811	nan	2.0
40.15085482597351	nan	2.0
40.16705083847046	nan	2.0
40.182058811187744	nan	2.0
40.196999311447144	nan	2.0
40.21218180656433	nan	2.0
40.227500438690186	nan	2.0
40.24296474456787	nan	2.0
40.25848722457886	nan	2.0
40.27373933792114	nan	2.0
40.290419578552246	nan	2.0
40.3042311668396	nan	2.0
40.317798376083374	nan	2.0
40.33321213722229	nan	2.0
40.344910860061646	nan	2.0
40.355900287628174	nan	2.0
40.373642921447754	nan	2.0
40.38690900802612	nan	2.0
40.39973330497742	nan	2.0
40.41465950012207	nan	2.0
40.42814493179321	nan	2.0
40.43974781036377	nan	2.0
40.45897889137268	nan	2.0
40.476080894470215	nan	2.0
40.490071535110474	nan	2.0
40.50498700141907	nan	2.0
40.51916193962097	nan	2.0
40.53350615501404	nan	2.0
40.54915142059326	nan	2.0
40.56188893318176	nan	2.0
40.57382082939148	nan	2.0
40.594645738601685	nan	2.0
40.6085991859436	nan	2.0
40.62322020530701	nan	2.0
40.638200759887695	nan	2.0
40.65151619911194	nan	2.0
40.66572642326355	nan	2.0
40.68042731285095	nan	2.0
40.69610357284546	nan	2.0
40.70865058898926	nan	2.0
40.72342371940613	nan	2.0
40.739781618118286	nan	2.0
40.75383186340332	nan	2.0
40.768718004226685	nan	2.0
40.783252000808716	nan	2.0
40.79438829421997	nan	2.0
40.80791902542114	nan	2.0
40.824132680892944	nan	2.0
40.836719274520874	nan	2.0
40.85202074050903	nan	2.0
40.86769700050354	nan	2.0
40.87988042831421	nan	2.0
40.89171099662781	nan	2.0
40.90705108642578	nan	2.0
40.92212224006653	nan	2.0
40.937472105026245	nan	2.0
40.95223689079285	nan	2.0
40.96540451049805	nan	2.0
40.97956466674805	nan	2.0
40.995821952819824	nan	2.0
41.01059007644653	nan	2.0
41.02434802055359	nan	2.0
41.03848600387573	nan	2.0
41.0534245967865	nan	2.0
41.06856107711792	nan	2.0
41.08425712585449	nan	2.0
41.099841833114624	nan	2.0
41.11124634742737	nan	2.0
41.12777590751648	nan	2.0
41.14438533782959	nan	2.0
41.1568820476532	nan	2.0
41.17032217979431	nan	2.0
41.185927391052246	nan	2.0
41.199138164520264	nan	2.0
41.21243071556091	nan	2.0
41.228848695755005	nan	2.0
41.240522146224976	nan	2.0
41.25295281410217	nan	2.0
41.26796364784241	nan	2.0
41.28174686431885	nan	2.0
41.2940673828125	nan	2.0
41.309934854507446	nan	2.0
41.32286190986633	nan	2.0
41.33468532562256	nan	2.0
41.349865198135376	nan	2.0
41.36504244804382	nan	2.0
41.377663373947144	nan	2.0
41.39410591125488	nan	2.0
41.40900373458862	nan	2.0
41.422131061553955	nan	2.0
41.4376015663147	nan	2.0
41.452223777770996	nan	2.0
41.467846155166626	nan	2.0
41.48290538787842	nan	2.0
41.498849391937256	nan	2.0
41.513511419296265	nan	2.0
41.52859020233154	nan	2.0
41.54532027244568	nan	2.0
41.55777287483215	nan	2.0
41.57024383544922	nan	2.0
41.58604335784912	nan	2.0
41.60035800933838	nan	2.0
41.61335015296936	nan	2.0
41.628676891326904	nan	2.0
41.64074110984802	nan	2.0
41.6514732837677	nan	2.0
41.66747069358826	nan	2.0
41.682270765304565	nan	2.0
41.69437384605408	nan	2.0
41.71167612075806	nan	2.0
41.726317167282104	nan	2.0
41.74134874343872	nan	2.0
41.75609588623047	nan	2.0
41.77153134346008	nan	2.0
41.786685943603516	nan	2.0
41.80117678642273	nan	2.0
41.8152801990509	nan	2.0
41.83073306083679	nan	2.0
41.845521211624146	nan	2.0
41.86093354225159	nan	2.0
41.87511706352234	nan	2.0
41.890074729919434	nan	2.0
41.90517783164978	nan	2.0
41.9193651676178	nan	2.0
41.93527030944824	nan	2.0
41.951900005340576	nan	2.0
41.96757936477661	nan	2.0
41.98379325866699	nan	2.0
41.99992299079895	nan	2.0
42.012939453125	nan	2.0
42.02817487716675	nan	2.0
42.044429302215576	nan	2.0
42.05667281150818	nan	2.0
42.0728075504303	nan	2.0
42.08637046813965	nan	2.0
42.097527265548706	nan	2.0
42.111220359802246	nan	2.0
42.126954078674316	nan	2.0
42.14222049713135	nan	2.0
42.159228563308716	nan	2.0
42.174209117889404	nan	2.0
42.187453746795654	nan	2.0
42.20248222351074	nan	2.0
42.21812701225281	nan	2.0
42.2326934337616	nan	2.0
42.2456591129303	nan	2.0
42.260759353637695	nan	2.0
42.27415156364441	nan	2.0
42.28947138786316	nan	2.0
42.304765701293945	nan	2.0
42.319040060043335	nan	2.0
42.33088302612305	nan	2.0
42.345789194107056	nan	2.0
42.36208438873291	nan	2.0
42.37399411201477	nan	2.0
42.38919806480408	nan	2.0
42.40333127975464	nan	2.0
42.41439437866211	nan	2.0
42.428128719329834	nan	2.0
42.44348883628845	nan	2.0
42.4559600353241	nan	2.0
42.472196102142334	nan	2.0
42.48790502548218	nan	2.0
42.4992561340332	nan	2.0
42.512447118759155	nan	2.0
42.52771759033203	nan	2.0
42.54205918312073	nan	2.0
42.55746817588806	nan	2.0
42.572519063949585	nan	2.0
42.58475089073181	nan	2.0
42.598756074905396	nan	2.0
42.61409330368042	nan	2.0
42.629780292510986	nan	2.0
42.64224648475647	nan	2.0
42.656965017318726	nan	2.0
42.670971632003784	nan	2.0
42.68694448471069	nan	2.0
42.701364517211914	nan	2.0
42.714733839035034	nan	2.0
42.72919178009033	nan	2.0
42.74525284767151	nan	2.0
42.760149002075195	nan	2.0
42.772266149520874	nan	2.0
42.78731632232666	nan	2.0
42.80268096923828	nan	2.0
42.816704988479614	nan	2.0
42.83191108703613	nan	2.0
42.847344160079956	nan	2.0
42.8583664894104	nan	2.0
42.87269115447998	nan	2.0
42.88867211341858	nan	2.0
42.90179181098938	nan	2.0
42.91748309135437	nan	2.0
42.93302869796753	nan	2.0
42.94392490386963	nan	2.0
42.961464166641235	nan	2.0
42.97624683380127	nan	2.0
42.98949837684631	nan	2.0
43.00365400314331	nan	2.0
43.02109670639038	nan	2.0
43.03467082977295	nan	2.0
43.05466341972351	nan	2.0
43.07128620147705	nan	2.0
43.08548378944397	nan	2.0
43.09927225112915	nan	2.0
43.11389493942261	nan	2.0
43.13029432296753	nan	2.0
43.146284341812134	nan	2.0
43.16194438934326	nan	2.0
43.176682472229004	nan	2.0
43.191795110702515	nan	2.0
43.20855522155762	nan	2.0
43.224555015563965	nan	2.0
43.240193128585815	nan	2.0
43.255961894989014	nan	2.0
43.27147626876831	nan	2.0
43.29401350021362	nan	2.0
43.3093044757843	nan	2.0
43.325069427490234	nan	2.0
43.34150314331055	nan	2.0
43.35484313964844	nan	2.0
43.37059426307678	nan	2.0
43.38656282424927	nan	2.0
43.40217471122742	nan	2.0
43.41496539115906	nan	2.0
43.43084383010864	nan	2.0
43.44594049453735	nan	2.0
43.4617702960968	nan	2.0
43.47588086128235	nan	2.0
43.49088430404663	nan	2.0
43.505969285964966	nan	2.0
43.52236008644104	nan	2.0
43.537144899368286	nan	2.0
43.549633502960205	nan	2.0
43.56442070007324	nan	2.0
43.57994842529297	nan	2.0
43.59274196624756	nan	2.0
43.60856533050537	nan	2.0
43.622305393218994	nan	2.0
43.63348150253296	nan	2.0
43.64869737625122	nan	2.0
43.66379261016846	nan	2.0
43.67771863937378	nan	2.0
43.69559717178345	nan	2.0
43.709391593933105	nan	2.0
43.72174263000488	nan	2.0
43.7377986907959	nan	2.0
43.752607345581055	nan	2.0
43.76762914657593	nan	2.0
43.78349328041077	nan	2.0
43.79717302322388	nan	2.0
43.811787605285645	nan	2.0
43.826919078826904	nan	2.0
43.84219169616699	nan	2.0
43.856160402297974	nan	2.0
43.87119221687317	nan	2.0
43.885218143463135	nan	2.0
43.899935245513916	nan	2.0
43.915793895721436	nan	2.0
43.93181610107422	nan	2.0
43.943880558013916	nan	2.0
43.958577394485474	nan	2.0
43.974491357803345	nan	2.0
43.98777914047241	nan	2.0
44.00306749343872	nan	2.0
44.01966691017151	nan	2.0
44.03122806549072	nan	2.0
44.04495334625244	nan	2.0
44.06018376350403	nan	2.0
44.07269740104675	nan	2.0
44.08742022514343	nan	2.0
44.10311722755432	nan	2.0
44.11412811279297	nan	2.0
44.13108539581299	nan	2.0
44.14821124076843	nan	2.0
44.16322565078735	nan	2.0
44.17819881439209	nan	2.0
44.19238877296448	nan	2.0
44.20503115653992	nan	2.0
44.22053599357605	nan	2.0
44.23664617538452	nan	2.0
44.24779176712036	nan	2.0
44.261996030807495	nan	2.0
44.27839159965515	nan	2.0
44.293856620788574	nan	2.0
44.30890488624573	nan	2.0
44.32323122024536	nan	2.0
44.33696389198303	nan	2.0
44.35191988945007	nan	2.0
44.36688733100891	nan	2.0
44.382038593292236	nan	2.0
44.396653175354004	nan	2.0
44.41213941574097	nan	2.0
44.42734217643738	nan	2.0
44.4416663646698	nan	2.0
44.45801520347595	nan	2.0
44.4716317653656	nan	2.0
44.48280167579651	nan	2.0
44.49902939796448	nan	2.0
44.513733863830566	nan	2.0
44.527690410614014	nan	2.0
44.54281449317932	nan	2.0
44.55500030517578	nan	2.0
44.56666326522827	nan	2.0
44.58175611495972	nan	2.0
44.59646654129028	nan	2.0
44.6092631816864	nan	2.0
44.624093770980835	nan	2.0
44.63795232772827	nan	2.0
44.65018010139465	nan	2.0
44.6643488407135	nan	2.0
44.6816668510437	nan	2.0
44.696248292922974	nan	2.0
44.70989441871643	nan	2.0
44.723790884017944	nan	2.0
44.73910045623779	nan	2.0
44.75410437583923	nan	2.0
44.771525144577026	nan	2.0
44.785855293273926	nan	2.0
44.79852247238159	nan	2.0
44.813913345336914	nan	2.0
44.82892727851868	nan	2.0
44.841660261154175	nan	2.0
44.85642981529236	nan	2.0
44.87038731575012	nan	2.0
44.881258726119995	nan	2.0
44.89566779136658	nan	2.0
44.91114687919617	nan	2.0
44.92439150810242	nan	2.0
44.939401626586914	nan	2.0
44.95368409156799	nan	2.0
44.965022802352905	nan	2.0
44.9801139831543	nan	2.0
44.99535131454468	nan	2.0
45.00805902481079	nan	2.0
45.01957726478577	nan	2.0
45.03391933441162	nan	2.0
45.0464243888855	nan	2.0
45.059887170791626	nan	2.0
45.0735023021698	nan	2.0
45.08616065979004	nan	2.0
45.097853660583496	nan	2.0
45.111133098602295	nan	2.0
45.12534165382385	nan	2.0
45.140214681625366	nan	2.0
45.154019355773926	nan	2.0
45.1673047542572	nan	2.0
45.17965483665466	nan	2.0
45.192851066589355	nan	2.0
45.20608448982239	nan	2.0
45.220290422439575	nan	2.0
45.232794761657715	nan	2.0
45.24509859085083	nan	2.0
45.2589898109436	nan	2.0
45.27225995063782	nan	2.0
45.284839391708374	nan	2.0
45.29865837097168	nan	2.0
45.31219124794006	nan	2.0
45.322890520095825	nan	2.0
45.334460496902466	nan	2.0
45.34810161590576	nan	2.0
45.35946702957153	nan	2.0
45.369901180267334	nan	2.0
45.383198261260986	nan	2.0
45.39626216888428	nan	2.0
45.406325340270996	nan	2.0
45.41839933395386	nan	2.0
45.435670137405396	nan	2.0
45.44724631309509	nan	2.0
45.46133494377136	nan	2.0
45.47504687309265	nan	2.0
45.4867467880249	nan	2.0
45.49938368797302	nan	2.0
45.51277184486389	nan	2.0
45.52612805366516	nan	2.0
45.53877782821655	nan	2.0
45.55145454406738	nan	2.0
45.56478548049927	nan	2.0
45.578903913497925	nan	2.0
45.593040227890015	nan	2.0
45.60766553878784	nan	2.0
45.6222870349884	nan	2.0
45.63385987281799	nan	2.0
45.645589113235474	nan	2.0
45.65940713882446	nan	2.0
45.67320775985718	nan	2.0
45.68561029434204	nan	2.0
45.700220346450806	nan	2.0
45.71438217163086	nan	2.0
45.72615718841553	nan	2.0
45.73842930793762	nan	2.0
45.75203013420105	nan	2.0
45.7635612487793	nan	2.0
45.77399945259094	nan	2.0
45.789076805114746	nan	2.0
45.80269432067871	nan	2.0
45.814183712005615	nan	2.0
45.82842803001404	nan	2.0
45.84179735183716	nan	2.0
45.85246562957764	nan	2.0
45.863523960113525	nan	2.0
45.877039670944214	nan	2.0
45.890949010849	nan	2.0
45.90454626083374	nan	2.0
45.91818118095398	nan	2.0
45.931424379348755	nan	2.0
45.941781520843506	nan	2.0
45.9540810585022	nan	2.0
45.967997312545776	nan	2.0
45.981850147247314	nan	2.0
45.994770526885986	nan	2.0
46.00803327560425	nan	2.0
46.02031970024109	nan	2.0
46.032294511795044	nan	2.0
46.045405626297	nan	2.0
46.059757232666016	nan	2.0
46.07379698753357	nan	2.0
46.08513879776001	nan	2.0
46.096959829330444	nan	2.0
46.110305070877075	nan	2.0
46.12362217903137	nan	2.0
46.137622356414795	nan	2.0
46.15161061286926	nan	2.0
46.16673445701599	nan	2.0
46.17786908149719	nan	2.0
46.1908118724823	nan	2.0
46.20474815368652	nan	2.0
46.21792387962341	nan	2.0
46.2318000793457	nan	2.0
46.24561905860901	nan	2.0
46.258469104766846	nan	2.0
46.27244997024536	nan	2.0
46.28744101524353	nan	2.0
46.300639152526855	nan	2.0
46.31573033332825	nan	2.0
46.32896447181702	nan	2.0
46.34192156791687	nan	2.0
46.35533380508423	nan	2.0
46.3675971031189	nan	2.0
46.38207960128784	nan	2.0
46.39584445953369	nan	2.0
46.40668201446533	nan	2.0
46.41885757446289	nan	2.0
46.43239378929138	nan	2.0
46.446025133132935	nan	2.0
46.45744299888611	nan	2.0
46.470484256744385	nan	2.0
46.48388934135437	nan	2.0
46.49567985534668	nan	2.0
46.508984327316284	nan	2.0
46.52308368682861	nan	2.0
46.533634424209595	nan	2.0
46.544517517089844	nan	2.0
46.55846667289734	nan	2.0
46.57213234901428	nan	2.0
46.58405041694641	nan	2.0
46.597615480422974	nan	2.0
46.61145639419556	nan	2.0
46.621970653533936	nan	2.0
46.635234355926514	nan	2.0
46.651522636413574	nan	2.0
46.6642951965332	nan	2.0
46.67833495140076	nan	2.0
46.691404581069946	nan	2.0
46.70455527305603	nan	2.0
46.715774059295654	nan	2.0
46.729737281799316	nan	2.0
46.74462270736694	nan	2.0
46.757611989974976	nan	2.0
46.76952123641968	nan	2.0
46.78267765045166	nan	2.0
46.796067237854004	nan	2.0
46.809508085250854	nan	2.0
46.82353210449219	nan	2.0
46.837319135665894	nan	2.0
46.848350286483765	nan	2.0
46.85945510864258	nan	2.0
46.872172594070435	nan	2.0
46.88560485839844	nan	2.0
46.89688301086426	nan	2.0
46.90979361534119	nan	2.0
46.924134254455566	nan	2.0
46.934550285339355	nan	2.0
46.94462728500366	nan	2.0
46.958110094070435	nan	2.0
46.9728798866272	nan	2.0
46.98428177833557	nan	2.0
46.99752616882324	nan	2.0
47.01103758811951	nan	2.0
47.0219042301178	nan	2.0
47.03277850151062	nan	2.0
47.04598331451416	nan	2.0
47.06002116203308	nan	2.0
47.074363470077515	nan	2.0
47.08838677406311	nan	2.0
47.101492404937744	nan	2.0
47.11211371421814	nan	2.0
47.124773263931274	nan	2.0
47.13876152038574	nan	2.0
47.153130292892456	nan	2.0
47.1675488948822	nan	2.0
47.18066716194153	nan	2.0
47.193623542785645	nan	2.0
47.206762075424194	nan	2.0
47.21956014633179	nan	2.0
47.232598304748535	nan	2.0
47.24434280395508	nan	2.0
47.25751733779907	nan	2.0
47.2720832824707	nan	2.0
47.28529119491577	nan	2.0
47.29686164855957	nan	2.0
47.308568239212036	nan	2.0
47.32172632217407	nan	2.0
47.33524942398071	nan	2.0
47.34716320037842	nan	2.0
47.3605260848999	nan	2.0
47.37459969520569	nan	2.0
47.385448932647705	nan	2.0
47.39735794067383	nan	2.0
47.410951137542725	nan	2.0
47.42450189590454	nan	2.0
47.435378074645996	nan	2.0
47.44943714141846	nan	2.0
47.46196508407593	nan	2.0
47.47240614891052	nan	2.0
47.48387384414673	nan	2.0
47.499513387680054	nan	2.0
47.51224732398987	nan	2.0
47.5252001285553	nan	2.0
47.53909468650818	nan	2.0
47.55257296562195	nan	2.0
47.564194202423096	nan	2.0
47.57737994194031	nan	2.0
47.601218461990356	nan	2.0
47.613924503326416	nan	2.0
47.62723088264465	nan	2.0
47.639591455459595	nan	2.0
47.652079582214355	nan	2.0
47.66526961326599	nan	2.0
47.67896127700806	nan	2.0
47.69295358657837	nan	2.0
47.70379161834717	nan	2.0
47.71723914146423	nan	2.0
47.73111176490784	nan	2.0
47.74407720565796	nan	2.0
47.756617069244385	nan	2.0
47.77036094665527	nan	2.0
47.78146553039551	nan	2.0
47.791666746139526	nan	2.0
47.804656744003296	nan	2.0
47.817893743515015	nan	2.0
47.82985877990723	nan	2.0
47.84274077415466	nan	2.0
47.85712933540344	nan	2.0
47.86823582649231	nan	2.0
47.88084864616394	nan	2.0
47.89471936225891	nan	2.0
47.908604860305786	nan	2.0
47.92107152938843	nan	2.0
47.93402314186096	nan	2.0
47.948365211486816	nan	2.0
47.95951867103577	nan	2.0
47.972129344940186	nan	2.0
47.985286712646484	nan	2.0
47.997718811035156	nan	2.0
48.008880615234375	nan	2.0
48.022098541259766	nan	2.0
48.03555417060852	nan	2.0
48.0486798286438	nan	2.0
48.062340259552	nan	2.0
48.07642674446106	nan	2.0
48.087806701660156	nan	2.0
48.10207009315491	nan	2.0
48.11571192741394	nan	2.0
48.12931847572327	nan	2.0
48.142664194107056	nan	2.0
48.1562077999115	nan	2.0
48.16936731338501	nan	2.0
48.181854009628296	nan	2.0
48.19398498535156	nan	2.0
48.20770978927612	nan	2.0
48.22166848182678	nan	2.0
48.23222899436951	nan	2.0
48.24411487579346	nan	2.0
48.25779986381531	nan	2.0
48.27100872993469	nan	2.0
48.28258919715881	nan	2.0
48.29657220840454	nan	2.0
48.3093466758728	nan	2.0
48.31934571266174	nan	2.0
48.33048224449158	nan	2.0
48.34386324882507	nan	2.0
48.357341051101685	nan	2.0
48.36925029754639	nan	2.0
48.38314700126648	nan	2.0
48.3968563079834	nan	2.0
48.409104108810425	nan	2.0
48.42190337181091	nan	2.0
48.4351327419281	nan	2.0
48.44869422912598	nan	2.0
48.46187162399292	nan	2.0
48.472965478897095	nan	2.0
48.48670721054077	nan	2.0
48.499213457107544	nan	2.0
48.512455701828	nan	2.0
48.525960206985474	nan	2.0
48.540082931518555	nan	2.0
48.551238775253296	nan	2.0
48.56368446350098	nan	2.0
48.57738018035889	nan	2.0
48.591031551361084	nan	2.0
48.60198736190796	nan	2.0
48.61534261703491	nan	2.0
48.628652811050415	nan	2.0
48.638988971710205	nan	2.0
48.64915442466736	nan	2.0
48.662386417388916	nan	2.0
48.675721645355225	nan	2.0
48.68828320503235	nan	2.0
48.70180559158325	nan	2.0
48.715232372283936	nan	2.0
48.7374267578125	nan	2.0
48.751556396484375	nan	2.0
48.764243841171265	nan	2.0
48.77541995048523	nan	2.0
48.788559436798096	nan	2.0
48.80216097831726	nan	2.0
48.81381583213806	nan	2.0
48.82691550254822	nan	2.0
48.839566230773926	nan	2.0
48.852481842041016	nan	2.0
48.865657567977905	nan	2.0
48.87795400619507	nan	2.0
48.89130449295044	nan	2.0
48.905070304870605	nan	2.0
48.91721987724304	nan	2.0
48.928457260131836	nan	2.0
48.94276285171509	nan	2.0
48.95584726333618	nan	2.0
48.96650981903076	nan	2.0
48.9806911945343	nan	2.0
48.99411368370056	nan	2.0
49.00457429885864	nan	2.0
49.01760149002075	nan	2.0
49.03156924247742	nan	2.0
49.04332613945007	nan	2.0
49.056642293930054	nan	2.0
49.07044696807861	nan	2.0
49.08235287666321	nan	2.0
49.093425273895264	nan	2.0
49.10644054412842	nan	2.0
49.12065267562866	nan	2.0
49.13133883476257	nan	2.0
49.144652366638184	nan	2.0
49.16179537773132	nan	2.0
49.17477631568909	nan	2.0
49.18816137313843	nan	2.0
49.201873540878296	nan	2.0
49.21635389328003	nan	2.0
49.22893714904785	nan	2.0
49.24185514450073	nan	2.0
49.25585579872131	nan	2.0
49.268383264541626	nan	2.0
49.281304121017456	nan	2.0
49.296308755874634	nan	2.0
49.312676668167114	nan	2.0
49.32401156425476	nan	2.0
49.338024377822876	nan	2.0
49.35161805152893	nan	2.0
49.36321973800659	nan	2.0
49.3756320476532	nan	2.0
49.389524698257446	nan	2.0
49.400195837020874	nan	2.0
49.410752296447754	nan	2.0
49.424071311950684	nan	2.0
49.43730592727661	nan	2.0
49.448384284973145	nan	2.0
49.46157264709473	nan	2.0
49.475488901138306	nan	2.0
49.486331939697266	nan	2.0
49.49778604507446	nan	2.0
49.511024951934814	nan	2.0
49.52377200126648	nan	2.0
49.534507751464844	nan	2.0
49.54574990272522	nan	2.0
49.559274673461914	nan	2.0
49.572625398635864	nan	2.0
49.58579134941101	nan	2.0
49.59897422790527	nan	2.0
49.611852169036865	nan	2.0
49.62210202217102	nan	2.0
49.63532376289368	nan	2.0
49.64868879318237	nan	2.0
49.66189002990723	nan	2.0
49.67520809173584	nan	2.0
49.689255475997925	nan	2.0
49.7036554813385	nan	2.0
49.71660280227661	nan	2.0
49.72922468185425	nan	2.0
49.74323868751526	nan	2.0
49.756240129470825	nan	2.0
49.7668092250824	nan	2.0
49.780327558517456	nan	2.0
49.794405698776245	nan	2.0
49.807642698287964	nan	2.0
49.82028818130493	nan	2.0
49.83426070213318	nan	2.0
49.845155239105225	nan	2.0
49.85672330856323	nan	2.0
49.86999559402466	nan	2.0
49.88411998748779	nan	2.0
49.8948175907135	nan	2.0
49.90900254249573	nan	2.0
49.92259740829468	nan	2.0
49.93355751037598	nan	2.0
49.9447066783905	nan	2.0
49.95834231376648	nan	2.0
49.970720291137695	nan	2.0
49.981863260269165	nan	2.0
49.995288133621216	nan	2.0
50.009111642837524	nan	2.0
50.02009391784668	nan	2.0
50.0329167842865	nan	2.0
50.04827165603638	nan	2.0
50.06267189979553	nan	2.0
50.07650947570801	nan	2.0
50.09005880355835	nan	2.0
50.1033935546875	nan	2.0
50.11724591255188	nan	2.0
50.13122487068176	nan	2.0
50.14546203613281	nan	2.0
50.15899848937988	nan	2.0
50.17390990257263	nan	2.0
50.18825650215149	nan	2.0
50.20186257362366	nan	2.0
50.2126579284668	nan	2.0
50.2262282371521	nan	2.0
50.24024939537048	nan	2.0
50.253456115722656	nan	2.0
50.26918697357178	nan	2.0
50.28316378593445	nan	2.0
50.293643951416016	nan	2.0
50.305726051330566	nan	2.0
50.32008910179138	nan	2.0
50.33379101753235	nan	2.0
50.34481382369995	nan	2.0
50.35932183265686	nan	2.0
50.373058795928955	nan	2.0
50.3838951587677	nan	2.0
50.39527177810669	nan	2.0
50.41033148765564	nan	2.0
50.42379188537598	nan	2.0
50.437695264816284	nan	2.0
50.4520959854126	nan	2.0
50.46528935432434	nan	2.0
50.48013234138489	nan	2.0
50.49471163749695	nan	2.0
50.50909757614136	nan	2.0
50.522207736968994	nan	2.0
50.53513765335083	nan	2.0
50.54995274543762	nan	2.0
50.564496994018555	nan	2.0
50.57792329788208	nan	2.0
50.59709692001343	nan	2.0
50.61025595664978	nan	2.0
50.6217679977417	nan	2.0
50.636934757232666	nan	2.0
50.65156698226929	nan	2.0
50.66304564476013	nan	2.0
50.67685627937317	nan	2.0
50.69026517868042	nan	2.0
50.70310926437378	nan	2.0
50.716606855392456	nan	2.0
50.73098707199097	nan	2.0
50.74401783943176	nan	2.0
50.758530378341675	nan	2.0
50.77255916595459	nan	2.0
50.782794713974	nan	2.0
50.79561114311218	nan	2.0
50.81202173233032	nan	2.0
50.82540988922119	nan	2.0
50.83979845046997	nan	2.0
50.85507798194885	nan	2.0
50.877782583236694	nan	2.0
50.89208507537842	nan	2.0
50.90657329559326	nan	2.0
50.92043423652649	nan	2.0
50.93426966667175	nan	2.0
50.947129011154175	nan	2.0
50.95954251289368	nan	2.0
50.97386980056763	nan	2.0
50.9880154132843	nan	2.0
50.999475717544556	nan	2.0
51.01344323158264	nan	2.0
51.0298228263855	nan	2.0
51.044355154037476	nan	2.0
51.05634641647339	nan	2.0
51.06923866271973	nan	2.0
51.08309602737427	nan	2.0
51.09685206413269	nan	2.0
51.11034083366394	nan	2.0
51.125272274017334	nan	2.0
51.13792395591736	nan	2.0
51.152217864990234	nan	2.0
51.16799259185791	nan	2.0
51.181440591812134	nan	2.0
51.19405961036682	nan	2.0
51.20835018157959	nan	2.0
51.2209153175354	nan	2.0
51.231597661972046	nan	2.0
51.242958068847656	nan	2.0
51.25972008705139	nan	2.0
51.27325463294983	nan	2.0
51.28703165054321	nan	2.0
51.30104112625122	nan	2.0
51.313929080963135	nan	2.0
51.32538342475891	nan	2.0
51.34012770652771	nan	2.0
51.35539627075195	nan	2.0
51.36913180351257	nan	2.0
51.381744146347046	nan	2.0
51.39575386047363	nan	2.0
51.40971040725708	nan	2.0
51.42292785644531	nan	2.0
51.43818211555481	nan	2.0
51.45266127586365	nan	2.0
51.46335029602051	nan	2.0
51.475667238235474	nan	2.0
51.49016547203064	nan	2.0
51.50338387489319	nan	2.0
51.51710748672485	nan	2.0
51.53138756752014	nan	2.0
51.54253625869751	nan	2.0
51.553569078445435	nan	2.0
51.5641405582428	nan	2.0
51.5774872303009	nan	2.0
51.591331481933594	nan	2.0
51.60537624359131	nan	2.0
51.61939978599548	nan	2.0
51.63361072540283	nan	2.0
51.64592742919922	nan	2.0
51.66011619567871	nan	2.0
51.674195528030396	nan	2.0
51.687987327575684	nan	2.0
51.701438426971436	nan	2.0
51.7150297164917	nan	2.0
51.729840993881226	nan	2.0
51.74254012107849	nan	2.0
51.7569637298584	nan	2.0
51.76877021789551	nan	2.0
51.78268098831177	nan	2.0
51.796849966049194	nan	2.0
51.81171631813049	nan	2.0
51.82428956031799	nan	2.0
51.83792042732239	nan	2.0
51.8515408039093	nan	2.0
51.866748571395874	nan	2.0
51.88058042526245	nan	2.0
51.894529819488525	nan	2.0
51.90759754180908	nan	2.0
51.918501138687134	nan	2.0
51.93174195289612	nan	2.0
51.94551181793213	nan	2.0
51.95775008201599	nan	2.0
51.97213268280029	nan	2.0
51.986305713653564	nan	2.0
51.99685978889465	nan	2.0
52.00860023498535	nan	2.0
52.027894496917725	nan	2.0
52.04252505302429	nan	2.0
52.05591058731079	nan	2.0
52.06955003738403	nan	2.0
52.08243775367737	nan	2.0
52.094529151916504	nan	2.0
52.108189821243286	nan	2.0
52.1222357749939	nan	2.0
52.13725447654724	nan	2.0
52.15080451965332	nan	2.0
52.16441535949707	nan	2.0
52.18034911155701	nan	2.0
52.19472527503967	nan	2.0
52.20889115333557	nan	2.0
52.22192978858948	nan	2.0
52.23631429672241	nan	2.0
52.25067639350891	nan	2.0
52.26450181007385	nan	2.0
52.276647090911865	nan	2.0
52.290621519088745	nan	2.0
52.30506134033203	nan	2.0
52.31798005104065	nan	2.0
52.33100962638855	nan	2.0
52.3455970287323	nan	2.0
52.35821294784546	nan	2.0
52.37142562866211	nan	2.0
52.385592222213745	nan	2.0
52.397109031677246	nan	2.0
52.40833568572998	nan	2.0
52.42608189582825	nan	2.0
52.440346002578735	nan	2.0
52.45492124557495	nan	2.0
52.46865487098694	nan	2.0
52.48230195045471	nan	2.0
52.49488615989685	nan	2.0
52.50930881500244	nan	2.0
52.52433919906616	nan	2.0
52.54038453102112	nan	2.0
52.55469298362732	nan	2.0
52.56876802444458	nan	2.0
52.58345580101013	nan	2.0
52.59699630737305	nan	2.0
52.612064838409424	nan	2.0
52.62539577484131	nan	2.0
52.63925766944885	nan	2.0
52.653669357299805	nan	2.0
52.66801381111145	nan	2.0
52.67911148071289	nan	2.0
52.69177865982056	nan	2.0
52.707517862319946	nan	2.0
52.72017765045166	nan	2.0
52.73374652862549	nan	2.0
52.748191595077515	nan	2.0
52.75857162475586	nan	2.0
52.769421339035034	nan	2.0
52.78157424926758	nan	2.0
52.79589629173279	nan	2.0
52.80990433692932	nan	2.0
52.82371950149536	nan	2.0
52.838066816329956	nan	2.0
52.85047197341919	nan	2.0
52.86198377609253	nan	2.0
52.877103090286255	nan	2.0
52.890766859054565	nan	2.0
52.904292583465576	nan	2.0
52.91784477233887	nan	2.0
52.93137574195862	nan	2.0
52.94472599029541	nan	2.0
52.95790433883667	nan	2.0
52.971373558044434	nan	2.0
52.985257148742676	nan	2.0
52.997191429138184	nan	2.0
53.008817195892334	nan	2.0
53.02400088310242	nan	2.0
53.03783321380615	nan	2.0
53.051409006118774	nan	2.0
53.065486431121826	nan	2.0
53.078551054000854	nan	2.0
53.0895893573761	nan	2.0
53.10397553443909	nan	2.0
53.11807560920715	nan	2.0
53.12970304489136	nan	2.0
53.143611431121826	nan	2.0
53.158358573913574	nan	2.0
53.17344665527344	nan	2.0
53.18902850151062	nan	2.0
53.204131841659546	nan	2.0
53.22016978263855	nan	2.0
53.2330048084259	nan	2.0
53.24743103981018	nan	2.0
53.25943732261658	2.4010064381008975	2.0
53.27355074882507	2.4010064381008975	2.0
53.285961627960205	2.4010064381008975	2.0
53.300273418426514	2.406877236774638	2.0
53.312753438949585	2.406877236774638	2.0
53.3259072303772	2.406877236774638	2.0
53.340516567230225	2.406877236774638	2.0
53.35472512245178	2.4120874023174053	2.0
53.365731954574585	2.4120874023174053	2.0
53.379199743270874	2.4120874023174053	2.0
53.39312815666199	2.4172526649894	2.0
53.405810832977295	2.4172526649894	2.0
53.41995978355408	2.4172526649894	2.0
53.43683314323425	2.4172526649894	2.0
53.448328256607056	2.4218072383966023	2.0
53.4593346118927	2.4218072383966023	2.0
53.473653078079224	2.4218072383966023	2.0
53.487722635269165	2.4266855770684197	2.0
53.50161910057068	2.4266855770684197	2.0
53.51533317565918	2.4266855770684197	2.0
53.53164458274841	2.4266855770684197	2.0
53.549577713012695	2.4298324190524494	2.0
53.56258988380432	2.4298324190524494	2.0
53.57694172859192	2.4298324190524494	2.0
53.591307640075684	2.4322920433324287	2.0
53.60612964630127	2.4322920433324287	2.0
53.62069797515869	2.4322920433324287	2.0
53.634748220443726	2.433350406012867	2.0
53.64926743507385	2.433350406012867	2.0
53.6638708114624	2.433350406012867	2.0
53.67773962020874	2.4343203004617906	2.0
53.68884515762329	2.4343203004617906	2.0
53.700655937194824	2.4343203004617906	2.0
53.71578526496887	2.4343203004617906	2.0
53.729451417922974	2.43310862169591	2.0
53.74411630630493	2.43310862169591	2.0
53.75896692276001	2.43310862169591	2.0
53.77113461494446	2.4321502388556735	2.0
53.78147649765015	2.4321502388556735	2.0
53.794382095336914	2.4321502388556735	2.0
53.80833625793457	2.4321502388556735	2.0
53.8223021030426	2.430808199951442	2.0
53.839454650878906	2.430808199951442	2.0
53.85720229148865	2.430808199951442	2.0
53.87245321273804	2.42886795815747	2.0
53.88840579986572	2.42886795815747	2.0
53.90570569038391	2.42886795815747	2.0
53.919217109680176	2.427037140820009	2.0
53.93492531776428	2.427037140820009	2.0
53.950140953063965	2.427037140820009	2.0
53.965274810791016	2.424604657335067	2.0
53.97915077209473	2.424604657335067	2.0
53.99403214454651	2.424604657335067	2.0
54.00706076622009	2.4247995989478754	2.0
54.019938230514526	2.4247995989478754	2.0
54.03309202194214	2.4247995989478754	2.0
54.047664642333984	2.4247995989478754	2.0
54.059401988983154	2.424268763327913	2.0
54.07144021987915	2.424268763327913	2.0
54.08916234970093	2.424268763327913	2.0
54.10218405723572	2.4248882236276583	2.0
54.11681270599365	2.4248882236276583	2.0
54.13068771362305	2.4248882236276583	2.0
54.143887758255005	2.4257688741378622	2.0
54.1568558216095	2.4257688741378622	2.0
54.171427488327026	2.4257688741378622	2.0
54.1860237121582	2.4257688741378622	2.0
54.20146155357361	2.428233807649845	2.0
54.21300148963928	2.428233807649845	2.0
54.22742676734924	2.428233807649845	2.0
54.24184989929199	2.4312570571567482	2.0
54.255319595336914	2.4312570571567482	2.0
54.270291566848755	2.4312570571567482	2.0
54.284769773483276	2.43452338950842	2.0
54.295788049697876	2.43452338950842	2.0
54.30850410461426	2.43452338950842	2.0
54.32445931434631	2.4378169795166778	2.0
54.337292432785034	2.4378169795166778	2.0
54.34924507141113	2.4378169795166778	2.0
54.363303899765015	2.4378169795166778	2.0
54.37592077255249	2.441713601365417	2.0
54.386380434036255	2.441713601365417	2.0
54.39947175979614	2.441713601365417	2.0
54.414002895355225	2.441713601365417	2.0
54.42697811126709	2.4461814073355663	2.0
54.44078803062439	2.4461814073355663	2.0
54.45445919036865	2.4461814073355663	2.0
54.46745038032532	2.4488596705044627	2.0
54.480695724487305	2.4488596705044627	2.0
54.49501943588257	2.4488596705044627	2.0
54.50963497161865	2.4519221681666004	2.0
54.52370858192444	2.4519221681666004	2.0
54.536235332489014	2.4519221681666004	2.0
54.55034804344177	2.4519221681666004	2.0
54.56398010253906	2.4548470033096086	2.0
54.577160596847534	2.4548470033096086	2.0
54.59147000312805	2.4548470033096086	2.0
54.60504984855652	2.4574419891453028	2.0
54.627113342285156	2.4574419891453028	2.0
54.642812728881836	2.4574419891453028	2.0
54.65777635574341	2.4575704013042343	2.0
54.67056846618652	2.4575704013042343	2.0
54.68431997299194	2.4575704013042343	2.0
54.697319746017456	2.457139962407013	2.0
54.709651947021484	2.457139962407013	2.0
54.72442889213562	2.457139962407013	2.0
54.73975729942322	2.457139962407013	2.0
54.75445818901062	2.4564967770574015	2.0
54.77142930030823	2.4564967770574015	2.0
54.786824464797974	2.4564967770574015	2.0
54.80154728889465	2.4554935078266324	2.0
54.8168683052063	2.4554935078266324	2.0
54.83230805397034	2.4554935078266324	2.0
54.84497046470642	2.4537759896668256	2.0
54.85920286178589	2.4537759896668256	2.0
54.872870683670044	2.4537759896668256	2.0
54.887818813323975	2.4512846012370733	2.0
54.89982056617737	2.4512846012370733	2.0
54.91050672531128	2.4512846012370733	2.0
54.92471170425415	2.4512846012370733	2.0
54.93911123275757	2.44933950359546	2.0
54.95110583305359	2.44933950359546	2.0
54.96695947647095	2.44933950359546	2.0
54.980841636657715	2.4474180677361494	2.0
54.99208474159241	2.4474180677361494	2.0
55.004738569259644	2.4474180677361494	2.0
55.01889514923096	2.4474180677361494	2.0
55.033971548080444	2.444647123851587	2.0
55.050530195236206	2.444647123851587	2.0
55.06497859954834	2.444647123851587	2.0
55.08024454116821	2.4419389652113597	2.0
55.094653844833374	2.4419389652113597	2.0
55.109548807144165	2.4419389652113597	2.0
55.124186515808105	2.441890304885273	2.0
55.1363799571991	2.441890304885273	2.0
55.14741635322571	2.441890304885273	2.0
55.1622040271759	2.441890304885273	2.0
55.176989793777466	2.4428774495854637	2.0
55.19062852859497	2.4428774495854637	2.0
55.2060227394104	2.4428774495854637	2.0
55.2196569442749	2.4436666410275123	2.0
55.230305433273315	2.4436666410275123	2.0
55.24236607551575	2.4436666410275123	2.0
55.25699472427368	2.4436666410275123	2.0
55.27057385444641	2.445075804012768	2.0
55.28420805931091	2.445075804012768	2.0
55.30142569541931	2.445075804012768	2.0
55.31558656692505	2.4457605548500765	2.0
55.32991290092468	2.4457605548500765	2.0
55.344916343688965	2.4457605548500765	2.0
55.36088418960571	2.4477646805452444	2.0
55.37508821487427	2.4477646805452444	2.0
55.38940215110779	2.4477646805452444	2.0
55.402036905288696	2.4499163635233963	2.0
55.41620135307312	2.4499163635233963	2.0
55.430328607559204	2.4499163635233963	2.0
55.4455451965332	2.4523862171724646	2.0
55.4580819606781	2.4523862171724646	2.0
55.47129225730896	2.4523862171724646	2.0
55.48611640930176	2.4537044855122327	2.0
55.499425649642944	2.4537044855122327	2.0
55.51271629333496	2.4537044855122327	2.0
55.52648901939392	2.4537044855122327	2.0
55.54057478904724	2.455593641923323	2.0
55.554556369781494	2.455593641923323	2.0
55.56940507888794	2.455593641923323	2.0
55.582889556884766	2.4567423829454222	2.0
55.5948326587677	2.4567423829454222	2.0
55.609246253967285	2.4567423829454222	2.0
55.62308979034424	2.4579874907759747	2.0
55.63487792015076	2.4579874907759747	2.0
55.64801049232483	2.4579874907759747	2.0
55.66258239746094	2.4579874907759747	2.0
55.674657106399536	2.4588468244716264	2.0
55.68569231033325	2.4588468244716264	2.0
55.69986701011658	2.4588468244716264	2.0
55.71378207206726	2.4592954914314253	2.0
55.72744870185852	2.4592954914314253	2.0
55.741498947143555	2.4592954914314253	2.0
55.754658937454224	2.4601823783552517	2.0
55.76483607292175	2.4601823783552517	2.0
55.77870965003967	2.4601823783552517	2.0
55.79327964782715	2.4601823783552517	2.0
55.807260274887085	2.459474498232694	2.0
55.82063007354736	2.459474498232694	2.0
55.83481526374817	2.459474498232694	2.0
55.84675931930542	2.457886445675876	2.0
55.86009073257446	2.457886445675876	2.0
55.873899936676025	2.457886445675876	2.0
55.88966131210327	2.4554047005021307	2.0
55.902284383773804	2.4554047005021307	2.0
55.913129568099976	2.4554047005021307	2.0
55.924036264419556	2.4554047005021307	2.0
55.93943905830383	2.4547100893682785	2.0
55.95134139060974	2.4547100893682785	2.0
55.9630823135376	2.4547100893682785	2.0
55.977384090423584	2.4547100893682785	2.0
55.988850355148315	2.4538559807617215	2.0
55.998833417892456	2.4538559807617215	2.0
56.010847091674805	2.4538559807617215	2.0
56.02499032020569	2.4538559807617215	2.0
56.03627967834473	2.453216072056695	2.0
56.04668045043945	2.453216072056695	2.0
56.060197591781616	2.453216072056695	2.0
56.072662353515625	2.4517995379103534	2.0
56.08350658416748	2.4517995379103534	2.0
56.094477891922	2.4517995379103534	2.0
56.108590841293335	2.4517995379103534	2.0
56.12322950363159	2.450775185028655	2.0
56.13447022438049	2.450775185028655	2.0
56.14573836326599	2.450775185028655	2.0
56.15730142593384	2.450775185028655	2.0
56.16881203651428	2.451028755137351	2.0
56.18026828765869	2.451028755137351	2.0
56.1928505897522	2.451028755137351	2.0
56.20501661300659	2.451028755137351	2.0
56.226470708847046	2.452789344764846	2.0
56.23665904998779	2.452789344764846	2.0
56.24735689163208	2.452789344764846	2.0
56.2593138217926	2.4556014876219887	2.0
56.270986795425415	2.4556014876219887	2.0
56.281848192214966	2.4556014876219887	2.0
56.29370355606079	2.4556014876219887	2.0
56.30637240409851	2.4578996645745255	2.0
56.31759428977966	2.4578996645745255	2.0
56.32937979698181	2.4578996645745255	2.0
56.34294152259827	2.4578996645745255	2.0
56.355117082595825	2.4612543701878304	2.0
56.375365257263184	2.4612543701878304	2.0
56.38929843902588	2.4612543701878304	2.0
56.402172327041626	2.4641440362667377	2.0
56.4140043258667	2.4641440362667377	2.0
56.427510023117065	2.4641440362667377	2.0
56.44149827957153	2.4667357469810236	2.0
56.45269155502319	2.4667357469810236	2.0
56.46349215507507	2.4667357469810236	2.0
56.47733926773071	2.4667357469810236	2.0
56.49109888076782	2.4688526469062895	2.0
56.50305461883545	2.4688526469062895	2.0
56.51393389701843	2.4688526469062895	2.0
56.52499556541443	2.4688526469062895	2.0
56.53743076324463	2.4700315390937897	2.0
56.54824995994568	2.4700315390937897	2.0
56.559497356414795	2.4700315390937897	2.0
56.57365608215332	2.4700315390937897	2.0
56.586190938949585	2.470774089731449	2.0
56.597450256347656	2.470774089731449	2.0
56.60826396942139	2.470774089731449	2.0
56.62204360961914	2.470774089731449	2.0
56.634018898010254	2.4704420760990766	2.0
56.64482855796814	2.4704420760990766	2.0
56.657429456710815	2.4704420760990766	2.0
56.67205762863159	2.4686353680380226	2.0
56.6837043762207	2.4686353680380226	2.0
56.69566464424133	2.4686353680380226	2.0
56.71000790596008	2.4686353680380226	2.0
56.72359490394592	2.4662905031731572	2.0
56.73540663719177	2.4662905031731572	2.0
56.747942209243774	2.4662905031731572	2.0
56.760810136795044	2.4662905031731572	2.0
56.77259159088135	2.4648507612502653	2.0
56.78412866592407	2.4648507612502653	2.0
56.79686427116394	2.4648507612502653	2.0
56.80870580673218	2.4648507612502653	2.0
56.820700883865356	2.462500515096419	2.0
56.832292318344116	2.462500515096419	2.0
56.84375786781311	2.462500515096419	2.0
56.85567784309387	2.462500515096419	2.0
56.86704397201538	2.4600119076303555	2.0
56.87758183479309	2.4600119076303555	2.0
56.88888645172119	2.4600119076303555	2.0
56.901376724243164	2.4600119076303555	2.0
56.91324734687805	2.4580563084025564	2.0
56.92418837547302	2.4580563084025564	2.0
56.9363214969635	2.4580563084025564	2.0
56.952173948287964	2.456654791324151	2.0
56.96316695213318	2.456654791324151	2.0
56.9743127822876	2.456654791324151	2.0
56.98823547363281	2.456654791324151	2.0
57.000579833984375	2.4562442335628805	2.0
57.01092457771301	2.4562442335628805	2.0
57.02304649353027	2.4562442335628805	2.0
57.03745675086975	2.4562442335628805	2.0
57.385342836380005	2.4721302138427115	2.0
57.40432143211365	2.4721302138427115	2.0
57.42139148712158	2.474669921261859	2.0
57.43689680099487	2.474669921261859	2.0
57.449140310287476	2.474669921261859	2.0
57.46177792549133	2.474669921261859	2.0
57.47465181350708	2.476641514358565	2.0
57.48766088485718	2.476641514358565	2.0
57.50291419029236	2.476641514358565	2.0
57.51578497886658	2.4790880778875333	2.0
57.52619934082031	2.4790880778875333	2.0
57.53715395927429	2.4790880778875333	2.0
57.548994302749634	2.4790880778875333	2.0
57.56110167503357	2.4803022445541996	2.0
57.57209897041321	2.4803022445541996	2.0
57.58335733413696	2.4803022445541996	2.0
57.59863090515137	2.4803022445541996	2.0
57.60910987854004	2.481109447759808	2.0
57.61934804916382	2.481109447759808	2.0
57.630940437316895	2.481109447759808	2.0
57.644909143447876	2.481109447759808	2.0
57.657405853271484	2.4818264802310397	2.0
57.667930364608765	2.4818264802310397	2.0
57.6792848110199	2.4818264802310397	2.0
57.6907434463501	2.4818264802310397	2.0
57.701523303985596	2.4810484414498757	2.0
57.71248269081116	2.4810484414498757	2.0
57.72496676445007	2.4810484414498757	2.0
57.738415002822876	2.4801081323206993	2.0
57.74943137168884	2.4801081323206993	2.0
57.760189056396484	2.4801081323206993	2.0
57.77076268196106	2.4801081323206993	2.0
57.783934354782104	2.4801081323206993	2.0
57.79507827758789	2.4786741569304476	2.0
57.80590271949768	2.4786741569304476	2.0
57.81615853309631	2.4786741569304476	2.0
57.82764172554016	2.4786741569304476	2.0
57.838674545288086	2.476961606607118	2.0
57.84974813461304	2.476961606607118	2.0
57.86241006851196	2.476961606607118	2.0
57.875619888305664	2.4753397791732903	2.0
57.88664388656616	2.4753397791732903	2.0
57.896979093551636	2.4753397791732903	2.0
57.90729999542236	2.4753397791732903	2.0
57.921613454818726	2.474581079381447	2.0
57.93274521827698	2.474581079381447	2.0
57.943623304367065	2.474581079381447	2.0
57.95789313316345	2.474581079381447	2.0
57.97042274475098	2.473036961829046	2.0
57.98067879676819	2.473036961829046	2.0
57.9918475151062	2.473036961829046	2.0
58.00529885292053	2.473036961829046	2.0
58.0187783241272	2.472678581281359	2.0
58.03014612197876	2.472678581281359	2.0
58.04101300239563	2.472678581281359	2.0
58.05518865585327	2.472678581281359	2.0
58.066102027893066	2.474204833403569	2.0
58.07758069038391	2.474204833403569	2.0
58.08925104141235	2.474204833403569	2.0
58.10319781303406	2.474204833403569	2.0
58.115344285964966	2.4759975935482053	2.0
58.12652635574341	2.4759975935482053	2.0
58.137929916381836	2.4759975935482053	2.0
58.149048805236816	2.4759975935482053	2.0
58.16041684150696	2.479253580390311	2.0
58.17200541496277	2.479253580390311	2.0
58.18532037734985	2.479253580390311	2.0
58.19894313812256	2.4829054745005865	2.0
58.210230112075806	2.4829054745005865	2.0
58.22123456001282	2.4829054745005865	2.0
58.233086585998535	2.4829054745005865	2.0
58.24608492851257	2.48749134140258	2.0
58.256991386413574	2.48749134140258	2.0
58.268545389175415	2.48749134140258	2.0
58.28315448760986	2.48749134140258	2.0
58.2950234413147	2.493264886454154	2.0
58.30502271652222	2.493264886454154	2.0
58.316519021987915	2.493264886454154	2.0
58.331411600112915	2.4988786874913407	2.0
58.343225717544556	2.4988786874913407	2.0
58.35418486595154	2.4988786874913407	2.0
58.368197441101074	2.4988786874913407	2.0
58.37985157966614	2.5039851192539198	2.0
58.39055871963501	2.5039851192539198	2.0
58.40201497077942	2.5039851192539198	2.0
58.4159619808197	2.5039851192539198	2.0
58.427754402160645	2.509467175673628	2.0
58.43930435180664	2.509467175673628	2.0
58.45035648345947	2.509467175673628	2.0
58.46239352226257	2.509467175673628	2.0
58.47385215759277	2.51401768789719	2.0
58.4846568107605	2.51401768789719	2.0
58.497108697891235	2.51401768789719	2.0
58.50914764404297	2.5168184525635837	2.0
58.52026891708374	2.5168184525635837	2.0
58.53063893318176	2.5168184525635837	2.0
58.543144941329956	2.5168184525635837	2.0
58.55526256561279	2.520003120415646	2.0
58.5660183429718	2.520003120415646	2.0
58.57828092575073	2.520003120415646	2.0
58.589763164520264	2.520003120415646	2.0
58.60280132293701	2.521659687930745	2.0
58.61318278312683	2.521659687930745	2.0
58.62464666366577	2.521659687930745	2.0
58.63656401634216	2.521659687930745	2.0
58.649529457092285	2.52188141778961	2.0
58.66136407852173	2.52188141778961	2.0
58.67154121398926	2.52188141778961	2.0
58.68673038482666	2.52188141778961	2.0
58.698424100875854	2.5214606131113344	2.0
58.708985567092896	2.5214606131113344	2.0
58.72060489654541	2.5214606131113344	2.0
58.734413146972656	2.519610307181715	2.0
58.744943380355835	2.519610307181715	2.0
58.755319356918335	2.519610307181715	2.0
58.76703691482544	2.519610307181715	2.0
58.78103733062744	2.5173741012126656	2.0
58.791669607162476	2.5173741012126656	2.0
58.802006244659424	2.5173741012126656	2.0
58.81520628929138	2.5173741012126656	2.0
58.82683444023132	2.5155953930010453	2.0
58.83750796318054	2.5155953930010453	2.0
58.8484742641449	2.5155953930010453	2.0
58.86156916618347	2.5155953930010453	2.0
58.87364864349365	2.513952451206063	2.0
58.88406586647034	2.513952451206063	2.0
58.89523482322693	2.513952451206063	2.0
58.9058256149292	2.513952451206063	2.0
58.91723036766052	2.5116829566609895	2.0
58.92873811721802	2.5116829566609895	2.0
58.940420150756836	2.5116829566609895	2.0
58.952924489974976	2.5116829566609895	2.0
58.965327501297	2.510759104728156	2.0
58.97623348236084	2.510759104728156	2.0
58.9866886138916	2.510759104728156	2.0
58.99818253517151	2.510759104728156	2.0
59.01090908050537	2.509767516852571	2.0
59.02191495895386	2.509767516852571	2.0
59.03296375274658	2.509767516852571	2.0
59.04622507095337	2.509767516852571	2.0
59.05809831619263	2.509181970837548	2.0
59.06834936141968	2.509181970837548	2.0
59.0795464515686	2.509181970837548	2.0
59.092294692993164	2.509181970837548	2.0
59.104551792144775	2.510695313808049	2.0
59.115049839019775	2.510695313808049	2.0
59.1283860206604	2.510695313808049	2.0
59.13999390602112	2.510695313808049	2.0
59.15100121498108	2.5126648010955153	2.0
59.162790298461914	2.5126648010955153	2.0
59.1760139465332	2.5126648010955153	2.0
59.19103145599365	2.5159390724675874	2.0
59.20233941078186	2.5159390724675874	2.0
59.213263750076294	2.5159390724675874	2.0
59.2246298789978	2.5159390724675874	2.0
59.236844301223755	2.519697994130662	2.0
59.248528718948364	2.519697994130662	2.0
59.25978755950928	2.519697994130662	2.0
59.27246308326721	2.519697994130662	2.0
59.283966064453125	2.5236924062632458	2.0
59.29474377632141	2.5236924062632458	2.0
59.30629014968872	2.5236924062632458	2.0
59.319294452667236	2.5236924062632458	2.0
59.33153200149536	2.5270490538950385	2.0
59.342928886413574	2.5270490538950385	2.0
59.35364484786987	2.5270490538950385	2.0
59.36500644683838	2.5270490538950385	2.0
59.376819372177124	2.531892315695238	2.0
59.38778901100159	2.531892315695238	2.0
59.40015530586243	2.531892315695238	2.0
59.41355013847351	2.5347860333149637	2.0
59.42478346824646	2.5347860333149637	2.0
59.436073780059814	2.5347860333149637	2.0
59.44672679901123	2.5347860333149637	2.0
59.46135926246643	2.5380136558556488	2.0
59.473002910614014	2.5380136558556488	2.0
59.48420786857605	2.5380136558556488	2.0
59.498459815979004	2.5380136558556488	2.0
59.509933948516846	2.5399837787396566	2.0
59.520488023757935	2.5399837787396566	2.0
59.53086566925049	2.5399837787396566	2.0
59.54544734954834	2.5399837787396566	2.0
59.55738139152527	2.5418811123952523	2.0
59.56814360618591	2.5418811123952523	2.0
59.58052635192871	2.5418811123952523	2.0
59.59216904640198	2.5418811123952523	2.0
59.60359740257263	2.539963880094589	2.0
59.61422371864319	2.539963880094589	2.0
59.62756395339966	2.539963880094589	2.0
59.63978314399719	2.5369321445056165	2.0
59.65053176879883	2.5369321445056165	2.0
59.66151022911072	2.5369321445056165	2.0
59.67361640930176	2.5369321445056165	2.0
59.685426473617554	2.53391040762515	2.0
59.69717526435852	2.53391040762515	2.0
59.708515644073486	2.53391040762515	2.0
59.72147083282471	2.53391040762515	2.0
59.73519778251648	2.5300405721174926	2.0
59.746856451034546	2.5300405721174926	2.0
59.757237911224365	2.5300405721174926	2.0
59.769840478897095	2.5300405721174926	2.0
59.782952070236206	2.5244674090813843	2.0
59.7939453125	2.5244674090813843	2.0
59.804829359054565	2.5244674090813843	2.0
59.8187050819397	2.5244674090813843	2.0
59.830352544784546	2.517746272055146	2.0
59.84020280838013	2.517746272055146	2.0
59.85123920440674	2.517746272055146	2.0
59.864623069763184	2.517746272055146	2.0
59.876803398132324	2.5111438257506875	2.0
59.88764262199402	2.5111438257506875	2.0
59.89886999130249	2.5111438257506875	2.0
59.91167449951172	2.5111438257506875	2.0
59.922566413879395	2.503999317735142	2.0
59.93362879753113	2.503999317735142	2.0
59.946797132492065	2.503999317735142	2.0
59.96103119850159	2.4983071083134645	2.0
59.97243571281433	2.4983071083134645	2.0
59.98362708091736	2.4983071083134645	2.0
59.99474215507507	2.4983071083134645	2.0
60.006444692611694	2.4926867327882545	2.0
60.01817083358765	2.4926867327882545	2.0
60.029834270477295	2.4926867327882545	2.0
60.04160714149475	2.4926867327882545	2.0
60.053685426712036	2.4901423735511568	2.0
60.0648832321167	2.4901423735511568	2.0
60.076655864715576	2.4901423735511568	2.0
60.09064602851868	2.4901423735511568	2.0
60.1020781993866	2.4879096789341792	2.0
60.11325430870056	2.4879096789341792	2.0
60.12355279922485	2.4879096789341792	2.0
60.13659858703613	2.4879096789341792	2.0
60.1486337184906	2.484450143219894	2.0
60.16034555435181	2.484450143219894	2.0
60.173978328704834	2.484450143219894	2.0
60.187989234924316	2.481276592235994	2.0
60.19886589050293	2.481276592235994	2.0
60.20977854728699	2.481276592235994	2.0
60.226582288742065	2.481276592235994	2.0
60.23995780944824	2.478816578411663	2.0
60.250738859176636	2.478816578411663	2.0
60.264374017715454	2.478816578411663	2.0
60.27804183959961	2.4763122789611134	2.0
60.29061484336853	2.4763122789611134	2.0
60.30281710624695	2.4763122789611134	2.0
60.31769895553589	2.4763122789611134	2.0
60.33030819892883	2.4720727660513693	2.0
60.34187316894531	2.4720727660513693	2.0
60.354557037353516	2.4720727660513693	2.0
60.36639642715454	2.463936833996409	2.0
60.377124071121216	2.463936833996409	2.0
60.38782477378845	2.463936833996409	2.0
60.40181040763855	2.463936833996409	2.0
60.414411306381226	2.455655825363866	2.0
60.42535734176636	2.455655825363866	2.0
60.43677735328674	2.455655825363866	2.0
60.4475154876709	2.455655825363866	2.0
60.4599347114563	2.4444974469685983	2.0
60.471046447753906	2.4444974469685983	2.0
60.48221778869629	2.4444974469685983	2.0
60.496657848358154	2.4444974469685983	2.0
60.508912563323975	2.4328163617045786	2.0
60.519742488861084	2.4328163617045786	2.0
60.53146815299988	2.4328163617045786	2.0
60.54493427276611	2.420375205550261	2.0
60.55544137954712	2.420375205550261	2.0
60.5665283203125	2.420375205550261	2.0
60.580217361450195	2.420375205550261	2.0
60.59316372871399	2.4073693447128224	2.0
60.60327482223511	2.4073693447128224	2.0
60.61396884918213	2.4073693447128224	2.0
60.628111600875854	2.4073693447128224	2.0
60.64147734642029	2.3950917545154096	2.0
60.652637004852295	2.3950917545154096	2.0
60.664958000183105	2.3950917545154096	2.0
60.67796754837036	2.3950917545154096	2.0
60.688979625701904	2.3821880396012576	2.0
60.70168924331665	2.3821880396012576	2.0
60.7148551940918	2.3821880396012576	2.0
60.7278778553009	2.369858605004873	2.0
60.738988399505615	2.369858605004873	2.0
60.750125885009766	2.369858605004873	2.0
60.76229667663574	2.369858605004873	2.0
60.77395272254944	2.359443310373345	2.0
60.78590250015259	2.359443310373345	2.0
60.7976176738739	2.359443310373345	2.0
60.80934953689575	2.359443310373345	2.0
60.82093787193298	2.352125685537908	2.0
60.832775354385376	2.352125685537908	2.0
60.845102071762085	2.352125685537908	2.0
60.86006188392639	2.3445747157200882	2.0
60.87168216705322	2.3445747157200882	2.0
60.88327765464783	2.3445747157200882	2.0
60.89472556114197	2.3445747157200882	2.0
60.90626406669617	2.3393305339549277	2.0
60.91651964187622	2.3393305339549277	2.0
60.92785310745239	2.3393305339549277	2.0
60.94029211997986	2.3393305339549277	2.0
60.954346895217896	2.3353607131493694	2.0
60.96481776237488	2.3353607131493694	2.0
60.974854469299316	2.3353607131493694	2.0
60.98801374435425	2.3353607131493694	2.0
61.001468896865845	2.330892310200426	2.0
61.013243436813354	2.330892310200426	2.0
61.0283317565918	2.330892310200426	2.0
61.04131746292114	2.3288544356253893	2.0
61.05254316329956	2.3288544356253893	2.0
61.063029050827026	2.3288544356253893	2.0
61.07549977302551	2.3288544356253893	2.0
61.090152740478516	2.326508145575626	2.0
61.10132312774658	2.326508145575626	2.0
61.1125967502594	2.326508145575626	2.0
61.12405753135681	2.326508145575626	2.0
61.13664150238037	2.32465892800768	2.0
61.14871621131897	2.32465892800768	2.0
61.159536600112915	2.32465892800768	2.0
61.174055337905884	2.32465892800768	2.0
61.187856912612915	2.3226419211622673	2.0
61.19917297363281	2.3226419211622673	2.0
61.20982098579407	2.3226419211622673	2.0
61.22101378440857	2.3226419211622673	2.0
61.23421120643616	2.321745854610067	2.0
61.24638772010803	2.321745854610067	2.0
61.259013175964355	2.321745854610067	2.0
61.27403903007507	2.321745854610067	2.0
61.28499746322632	2.3218974585273253	2.0
61.295329570770264	2.3218974585273253	2.0
61.31330442428589	2.3218974585273253	2.0
61.32686376571655	2.3222486051702695	2.0
61.338783979415894	2.3222486051702695	2.0
61.35233211517334	2.3222486051702695	2.0
61.366259813308716	2.322121560868223	2.0
61.37661671638489	2.322121560868223	2.0
61.387590408325195	2.322121560868223	2.0
61.40172576904297	2.322121560868223	2.0
61.41414713859558	2.3201954740806583	2.0
61.424877882003784	2.3201954740806583	2.0
61.43610382080078	2.3201954740806583	2.0
61.44830584526062	2.3201954740806583	2.0
61.46085000038147	2.3195885779409524	2.0
61.47151732444763	2.3195885779409524	2.0
61.4829318523407	2.3195885779409524	2.0
61.49542784690857	2.3195885779409524	2.0
61.50904583930969	2.3176695842748134	2.0
61.52065706253052	2.3176695842748134	2.0
61.531054973602295	2.3176695842748134	2.0
61.544824838638306	2.3176695842748134	2.0
61.55617713928223	2.3160714899611183	2.0
61.56812810897827	2.3160714899611183	2.0
61.57957911491394	2.3160714899611183	2.0
61.59083342552185	2.3160714899611183	2.0
61.602949142456055	2.315062773941855	2.0
61.614431858062744	2.315062773941855	2.0
61.62651777267456	2.315062773941855	2.0
61.641144037246704	2.314121758393919	2.0
61.65225434303284	2.314121758393919	2.0
61.662962913513184	2.314121758393919	2.0
61.67513847351074	2.314121758393919	2.0
61.68842148780823	2.312584676605039	2.0
61.70041537284851	2.312584676605039	2.0
61.71310305595398	2.312584676605039	2.0
61.72862529754639	2.310289996226545	2.0
61.7397038936615	2.310289996226545	2.0
61.75111746788025	2.310289996226545	2.0
61.7649347782135	2.310289996226545	2.0
61.778796672821045	2.30872536989532	2.0
61.790512561798096	2.30872536989532	2.0
61.802573919296265	2.30872536989532	2.0
61.81574463844299	2.30872536989532	2.0
61.82704043388367	2.306899055240147	2.0
61.83781361579895	2.306899055240147	2.0
61.84956455230713	2.306899055240147	2.0
61.8638117313385	2.306899055240147	2.0
61.875452280044556	2.305967366215757	2.0
61.88855862617493	2.305967366215757	2.0
61.89980411529541	2.305967366215757	2.0
61.911107301712036	2.305967366215757	2.0
61.922358751297	2.305932404042786	2.0
61.9337100982666	2.305932404042786	2.0
61.94549059867859	2.305932404042786	2.0
61.95937204360962	2.3066401812666246	2.0
61.970590591430664	2.3066401812666246	2.0
61.98081302642822	2.3066401812666246	2.0
61.992337703704834	2.3066401812666246	2.0
62.00518202781677	2.3068155251854114	2.0
62.01597738265991	2.3068155251854114	2.0
62.02712535858154	2.3068155251854114	2.0
62.04187035560608	2.3068155251854114	2.0
62.0544855594635	2.3080350961417704	2.0
62.06482815742493	2.3080350961417704	2.0
62.075475215911865	2.3080350961417704	2.0
62.09015417098999	2.3080350961417704	2.0
62.10315680503845	2.310127938803522	2.0
62.11535024642944	2.310127938803522	2.0
62.12870264053345	2.310127938803522	2.0
62.141098737716675	2.3128665231119045	2.0
62.15230417251587	2.3128665231119045	2.0
62.16368627548218	2.3128665231119045	2.0
62.1776020526886	2.3128665231119045	2.0
62.18982553482056	2.3163523085784616	2.0
62.201425313949585	2.3163523085784616	2.0
62.21347403526306	2.3163523085784616	2.0
62.22505760192871	2.3163523085784616	2.0
62.2446231842041	2.319590362766715	2.0
62.256945848464966	2.319590362766715	2.0
62.27199625968933	2.319590362766715	2.0
62.28414726257324	2.3234958910618437	2.0
62.29477834701538	2.3234958910618437	2.0
62.305572748184204	2.3234958910618437	2.0
62.31992769241333	2.328717559737397	2.0
62.3320038318634	2.328717559737397	2.0
62.34295845031738	2.328717559737397	2.0
62.35473561286926	2.328717559737397	2.0
62.36830973625183	2.332799407813005	2.0
62.379307985305786	2.332799407813005	2.0
62.39112663269043	2.332799407813005	2.0
62.40795922279358	2.332799407813005	2.0
62.419766426086426	2.337169700937621	2.0
62.430065393447876	2.337169700937621	2.0
62.44162964820862	2.337169700937621	2.0
62.456363677978516	2.337169700937621	2.0
62.46727800369263	2.34020522834084	2.0
62.47804617881775	2.34020522834084	2.0
62.49142503738403	2.34020522834084	2.0
62.503458738327026	2.3423783463830214	2.0
62.51373839378357	2.3423783463830214	2.0
62.52485108375549	2.3423783463830214	2.0
62.540374994277954	2.3423783463830214	2.0
62.55314302444458	2.343445297465493	2.0
62.56405234336853	2.343445297465493	2.0
62.575801849365234	2.343445297465493	2.0
62.58639740943909	2.343445297465493	2.0
62.5981879234314	2.3397350572747575	2.0
62.60918188095093	2.3397350572747575	2.0
62.620304107666016	2.3397350572747575	2.0
62.63316774368286	2.3397350572747575	2.0
62.644901275634766	2.3351304001319	2.0
62.655961990356445	2.3351304001319	2.0
62.66675591468811	2.3351304001319	2.0
62.67891788482666	2.3351304001319	2.0
62.69110822677612	2.3273803760603125	2.0
62.70302963256836	2.3273803760603125	2.0
62.715394735336304	2.3273803760603125	2.0
62.73196268081665	2.3190349164824613	2.0
62.74258852005005	2.3190349164824613	2.0
62.75290322303772	2.3190349164824613	2.0
62.765464305877686	2.3190349164824613	2.0
62.78046107292175	2.306803524669136	2.0
62.792006731033325	2.306803524669136	2.0
62.80436635017395	2.306803524669136	2.0
62.81770062446594	2.306803524669136	2.0
62.8284170627594	2.2949571784381817	2.0
62.84032154083252	2.2949571784381817	2.0
62.85421323776245	2.2949571784381817	2.0
62.86810922622681	2.2820954978826267	2.0
62.879114627838135	2.2820954978826267	2.0
62.89133381843567	2.2820954978826267	2.0
62.90327000617981	2.2820954978826267	2.0
62.91544246673584	2.269468979999521	2.0
62.92625164985657	2.269468979999521	2.0
62.939518451690674	2.269468979999521	2.0
62.95361089706421	2.2560478328080524	2.0
62.96620464324951	2.2560478328080524	2.0
62.97727966308594	2.2560478328080524	2.0
62.98798680305481	2.2560478328080524	2.0
62.99992251396179	2.2432196908763435	2.0
63.01085329055786	2.2432196908763435	2.0
63.02224588394165	2.2432196908763435	2.0
63.033522605895996	2.2432196908763435	2.0
63.04532718658447	2.2342092293719182	2.0
63.056814670562744	2.2342092293719182	2.0
63.068946838378906	2.2342092293719182	2.0
63.08136987686157	2.2342092293719182	2.0
63.094751834869385	2.2265078093719195	2.0
63.106849193573	2.2265078093719195	2.0
63.11835956573486	2.2265078093719195	2.0
63.13192558288574	2.220871920852544	2.0
63.14330506324768	2.220871920852544	2.0
63.1543345451355	2.220871920852544	2.0
63.17027020454407	2.220871920852544	2.0
63.18401312828064	2.2163552747543136	2.0
63.19429302215576	2.2163552747543136	2.0
63.205217599868774	2.2163552747543136	2.0
63.219457387924194	2.2163552747543136	2.0
63.23167586326599	2.216418788267827	2.0
63.24265766143799	2.216418788267827	2.0
63.2558708190918	2.216418788267827	2.0
63.26877760887146	2.216418788267827	2.0
63.27934455871582	2.215421892503707	2.0
63.290268898010254	2.215421892503707	2.0
63.30336570739746	2.215421892503707	2.0
63.31631779670715	2.2149487602092774	2.0
63.327537536621094	2.2149487602092774	2.0
63.33920407295227	2.2149487602092774	2.0
63.35190939903259	2.2149487602092774	2.0
63.36347413063049	2.215446531152359	2.0
63.37426829338074	2.215446531152359	2.0
63.3853542804718	2.215446531152359	2.0
63.39854645729065	2.215446531152359	2.0
63.41106557846069	2.217505854545312	2.0
63.42333912849426	2.217505854545312	2.0
63.43380689620972	2.217505854545312	2.0
63.44500517845154	2.217505854545312	2.0
63.45733141899109	2.2190150546809706	2.0
63.46829962730408	2.2190150546809706	2.0
63.480151891708374	2.2190150546809706	2.0
63.49403715133667	2.2190150546809706	2.0
63.50616908073425	2.220280483426774	2.0
63.51728129386902	2.220280483426774	2.0
63.52852249145508	2.220280483426774	2.0
63.541948080062866	2.21999578603547	2.0
63.55409789085388	2.21999578603547	2.0
63.56516075134277	2.21999578603547	2.0
63.57995271682739	2.21999578603547	2.0
63.59190821647644	2.2192287682424077	2.0
63.60275053977966	2.2192287682424077	2.0
63.61415767669678	2.2192287682424077	2.0
63.62878346443176	2.2192287682424077	2.0
63.63975977897644	2.21381568312336	2.0
63.65146446228027	2.21381568312336	2.0
63.66476082801819	2.21381568312336	2.0
63.67738199234009	2.2052130317720087	2.0
63.68799614906311	2.2052130317720087	2.0
63.69898056983948	2.2052130317720087	2.0
63.71290826797485	2.2052130317720087	2.0
63.72587180137634	2.196030047078131	2.0
63.73806667327881	2.196030047078131	2.0
63.74984669685364	2.196030047078131	2.0
63.76096510887146	2.196030047078131	2.0
63.773183822631836	2.1856936652748167	2.0
63.784717082977295	2.1856936652748167	2.0
63.79583263397217	2.1856936652748167	2.0
63.80822682380676	2.1856936652748167	2.0
63.819493770599365	2.17149345577201	2.0
63.830703020095825	2.17149345577201	2.0
63.84301948547363	2.17149345577201	2.0
63.85783529281616	2.1546051894070124	2.0
63.86932611465454	2.1546051894070124	2.0
63.87975788116455	2.1546051894070124	2.0
63.89024043083191	2.1546051894070124	2.0
63.90397548675537	2.1374737122485135	2.0
63.91493773460388	2.1374737122485135	2.0
63.92691159248352	2.1374737122485135	2.0
63.94177961349487	2.1374737122485135	2.0
63.95387864112854	2.1207063729732356	2.0
63.96462368965149	2.1207063729732356	2.0
63.97609758377075	2.1207063729732356	2.0
63.99087476730347	2.1207063729732356	2.0
64.00265884399414	2.1033607098980682	2.0
64.01337313652039	2.1033607098980682	2.0
64.02660822868347	2.1033607098980682	2.0
64.03928875923157	2.086900119202639	2.0
64.05015540122986	2.086900119202639	2.0
64.06162238121033	2.086900119202639	2.0
64.07561731338501	2.086900119202639	2.0
64.08851456642151	2.0745245665387047	2.0
64.10025477409363	2.0745245665387047	2.0
64.11160230636597	2.0745245665387047	2.0
64.12240219116211	2.0745245665387047	2.0
64.1346755027771	2.0635616357694735	2.0
64.14533615112305	2.0635616357694735	2.0
64.15636658668518	2.0635616357694735	2.0
64.1681113243103	2.0635616357694735	2.0
64.18137621879578	2.0538174988177316	2.0
64.19418954849243	2.0538174988177316	2.0
64.20471835136414	2.0538174988177316	2.0
64.21631121635437	2.0538174988177316	2.0
64.22885870933533	2.0443698304620597	2.0
64.23990631103516	2.0443698304620597	2.0
64.25263214111328	2.0443698304620597	2.0
64.27092361450195	2.0387917214775615	2.0
64.28193998336792	2.0387917214775615	2.0
64.29342532157898	2.0387917214775615	2.0
64.30833053588867	2.0387917214775615	2.0
64.3209662437439	2.035781639340949	2.0
64.3329496383667	2.035781639340949	2.0
64.34739279747009	2.035781639340949	2.0
64.36181378364563	2.033685982250637	2.0
64.37286734580994	2.033685982250637	2.0
64.38384914398193	2.033685982250637	2.0
64.3975818157196	2.033685982250637	2.0
64.4101779460907	2.0330714249741906	2.0
64.42289614677429	2.0330714249741906	2.0
64.43451881408691	2.0330714249741906	2.0
64.44540429115295	2.0330714249741906	2.0
64.45688509941101	2.0348271897381833	2.0
64.46744418144226	2.0348271897381833	2.0
64.48045444488525	2.0348271897381833	2.0
64.49337720870972	2.036944039352746	2.0
64.50462937355042	2.036944039352746	2.0
64.51592063903809	2.036944039352746	2.0
64.52708220481873	2.036944039352746	2.0
64.54123139381409	2.0393613390138876	2.0
64.55255794525146	2.0393613390138876	2.0
64.56388878822327	2.0393613390138876	2.0
64.57450246810913	2.0393613390138876	2.0
64.58669948577881	2.041813463804857	2.0
64.59765315055847	2.041813463804857	2.0
64.60899114608765	2.041813463804857	2.0
64.62159299850464	2.041813463804857	2.0
64.63527703285217	2.045211953307619	2.0
64.64591264724731	2.045211953307619	2.0
64.65623092651367	2.045211953307619	2.0
64.67165040969849	2.045211953307619	2.0
64.68463253974915	2.049348545644756	2.0
64.69565486907959	2.049348545644756	2.0
64.71041989326477	2.049348545644756	2.0
64.72311472892761	2.053390412035763	2.0
64.7334713935852	2.053390412035763	2.0
64.74483919143677	2.053390412035763	2.0
64.75983595848083	2.053390412035763	2.0
64.7723081111908	2.0555626745548117	2.0
64.78325486183167	2.0555626745548117	2.0
64.79607701301575	2.0555626745548117	2.0
64.80859470367432	2.0555626745548117	2.0
64.81994700431824	2.0573745581618037	2.0
64.83200144767761	2.0573745581618037	2.0
64.84470987319946	2.0573745581618037	2.0
64.8578748703003	2.057833171238382	2.0
64.86896085739136	2.057833171238382	2.0
64.88002157211304	2.057833171238382	2.0
64.8910505771637	2.057833171238382	2.0
64.9043378829956	2.057487737822474	2.0
64.91599035263062	2.057487737822474	2.0
64.92796325683594	2.057487737822474	2.0
64.94169616699219	2.057487737822474	2.0
64.9560763835907	2.056817002026183	2.0
64.96689057350159	2.056817002026183	2.0
64.97760105133057	2.056817002026183	2.0
64.99192214012146	2.056817002026183	2.0
65.00451588630676	2.0534484889575473	2.0
65.01577925682068	2.0534484889575473	2.0
65.03304123878479	2.0534484889575473	2.0
65.04533505439758	2.050549942761895	2.0
65.05561351776123	2.050549942761895	2.0
65.067067861557	2.050549942761895	2.0
65.0818567276001	2.050549942761895	2.0
65.0934796333313	2.046517764917584	2.0
65.10445380210876	2.046517764917584	2.0
65.11770987510681	2.046517764917584	2.0
65.12987446784973	2.046517764917584	2.0
65.14192843437195	2.042816786663697	2.0
65.1529610157013	2.042816786663697	2.0
65.16606044769287	2.042816786663697	2.0
65.18032336235046	2.0392359779249007	2.0
65.1934974193573	2.0392359779249007	2.0
65.2044153213501	2.0392359779249007	2.0
65.21568894386292	2.0392359779249007	2.0
65.22815561294556	2.0374030336941154	2.0
65.23996829986572	2.0374030336941154	2.0
65.25159049034119	2.0374030336941154	2.0
65.26520276069641	2.0374030336941154	2.0
65.2778947353363	2.0354536352566157	2.0
65.28848934173584	2.0354536352566157	2.0
65.29951000213623	2.0354536352566157	2.0
65.31378626823425	2.0338672394792083	2.0
65.32542562484741	2.0338672394792083	2.0
65.33594799041748	2.0338672394792083	2.0
65.34723544120789	2.0338672394792083	2.0
65.36210680007935	2.032440413597596	2.0
65.37335324287415	2.032440413597596	2.0
65.38449335098267	2.032440413597596	2.0
65.39918255805969	2.032440413597596	2.0
65.41191291809082	2.0311450164058082	2.0
65.4228823184967	2.0311450164058082	2.0
65.43411946296692	2.0311450164058082	2.0
65.44882798194885	2.0311450164058082	2.0
65.45988082885742	2.0322662951838484	2.0
65.47074103355408	2.0322662951838484	2.0
65.48438668251038	2.0322662951838484	2.0
65.49638819694519	2.033500510893673	2.0
65.5067548751831	2.033500510893673	2.0
65.5173716545105	2.033500510893673	2.0
65.53167748451233	2.033500510893673	2.0
65.54377746582031	2.0361379637379846	2.0
65.55477261543274	2.0361379637379846	2.0
65.56703495979309	2.0361379637379846	2.0
65.57820987701416	2.0361379637379846	2.0
65.59019732475281	2.039298566199059	2.0
65.60155606269836	2.039298566199059	2.0
65.61377716064453	2.039298566199059	2.0
65.62770438194275	2.0426132252899682	2.0
65.63864374160767	2.0426132252899682	2.0
65.64955163002014	2.0426132252899682	2.0
65.66065669059753	2.0426132252899682	2.0
65.67329406738281	2.046351914751179	2.0
65.6842634677887	2.046351914751179	2.0
65.69663953781128	2.046351914751179	2.0
65.70900464057922	2.046351914751179	2.0
65.72356677055359	2.0508286647511786	2.0
65.73420834541321	2.0508286647511786	2.0
65.74468421936035	2.0508286647511786	2.0
65.75783371925354	2.0508286647511786	2.0
65.77178382873535	2.055727423304139	2.0
65.78280305862427	2.055727423304139	2.0
65.79663801193237	2.055727423304139	2.0
65.81183075904846	2.055727423304139	2.0
65.82293796539307	2.0602315786509595	2.0
65.83410501480103	2.0602315786509595	2.0
65.847336769104	2.0602315786509595	2.0
65.8617172241211	2.0645588621076256	2.0
65.87432932853699	2.0645588621076256	2.0
65.88570857048035	2.0645588621076256	2.0
65.89690661430359	2.0645588621076256	2.0
65.9108657836914	2.0672694988413127	2.0
65.9235942363739	2.0672694988413127	2.0
65.93532729148865	2.0672694988413127	2.0
65.94924020767212	2.0672694988413127	2.0
65.96053910255432	2.067529722771341	2.0
65.97187948226929	2.067529722771341	2.0
65.98357272148132	2.067529722771341	2.0
65.99832844734192	2.065854904375114	2.0
66.00959062576294	2.065854904375114	2.0
66.02163004875183	2.065854904375114	2.0
66.03585910797119	2.065854904375114	2.0
66.04875659942627	2.0612307452842056	2.0
66.0595018863678	2.0612307452842056	2.0
66.07061815261841	2.0612307452842056	2.0
66.08381533622742	2.0612307452842056	2.0
66.09587621688843	2.055240925910804	2.0
66.10664319992065	2.055240925910804	2.0
66.11870121955872	2.055240925910804	2.0
66.13847303390503	2.047508818935666	2.0
66.15061807632446	2.047508818935666	2.0
66.16455554962158	2.047508818935666	2.0
66.17872047424316	2.047508818935666	2.0
66.19003176689148	2.0346225105037132	2.0
66.20152378082275	2.0346225105037132	2.0
66.21553564071655	2.0346225105037132	2.0
66.22966623306274	2.0184534831926957	2.0
66.24099850654602	2.0184534831926957	2.0
66.25354099273682	2.0184534831926957	2.0
66.2664041519165	2.0184534831926957	2.0
66.27883458137512	2.001272355019788	2.0
66.29025220870972	2.001272355019788	2.0
66.30325174331665	2.001272355019788	2.0
66.31703329086304	1.9841206871093402	2.0
66.32828283309937	1.9841206871093402	2.0
66.33940267562866	1.9841206871093402	2.0
66.350501537323	1.9841206871093402	2.0
66.36347270011902	1.9677705005834063	2.0
66.37521719932556	1.9677705005834063	2.0
66.38754367828369	1.9677705005834063	2.0
66.4017813205719	1.9677705005834063	2.0
66.41453838348389	1.9530849758293307	2.0
66.4255428314209	1.9530849758293307	2.0
66.43712830543518	1.9530849758293307	2.0
66.45045471191406	1.9530849758293307	2.0
66.46261310577393	1.9390506678289092	2.0
66.47474551200867	1.9390506678289092	2.0
66.4897608757019	1.9390506678289092	2.0
66.50169014930725	1.9257874583694494	2.0
66.51272964477539	1.9257874583694494	2.0
66.52429151535034	1.9257874583694494	2.0
66.5392837524414	1.9257874583694494	2.0
66.55285668373108	1.9139337312312232	2.0
66.56445217132568	1.9139337312312232	2.0
66.57698488235474	1.9139337312312232	2.0
66.5888500213623	1.9139337312312232	2.0
66.60047268867493	1.9038393605379462	2.0
66.61225962638855	1.9038393605379462	2.0
66.62476706504822	1.9038393605379462	2.0
66.63827538490295	1.898346083969899	2.0
66.64968609809875	1.898346083969899	2.0
66.66050171852112	1.898346083969899	2.0
66.67176556587219	1.898346083969899	2.0
66.68384170532227	1.8949871721207454	2.0
66.69481468200684	1.8949871721207454	2.0
66.70709204673767	1.8949871721207454	2.0
66.72098398208618	1.8949871721207454	2.0
66.7341296672821	1.8936623413754035	2.0
66.74525570869446	1.8936623413754035	2.0
66.75644445419312	1.8936623413754035	2.0
66.76933789253235	1.8936623413754035	2.0
66.78148531913757	1.892584493814428	2.0
66.79329371452332	1.892584493814428	2.0
66.80895400047302	1.892584493814428	2.0
66.8213586807251	1.8916995166759254	2.0
66.83219861984253	1.8916995166759254	2.0
66.8470847606659	1.8916995166759254	2.0
66.86191248893738	1.8915828155686456	2.0
66.87480330467224	1.8915828155686456	2.0
66.88670778274536	1.8915828155686456	2.0
66.89947247505188	1.8915828155686456	2.0
66.9141776561737	1.8926886998766856	2.0
66.92727303504944	1.8926886998766856	2.0
66.93912506103516	1.8926886998766856	2.0
66.95080137252808	1.8926886998766856	2.0
66.96232748031616	1.8954794054899913	2.0
66.9737241268158	1.8954794054899913	2.0
66.9853105545044	1.8954794054899913	2.0
66.9986891746521	1.8954794054899913	2.0
67.0118350982666	1.8979625616057247	2.0
67.02314710617065	1.8979625616057247	2.0
67.03404474258423	1.8979625616057247	2.0
67.04634165763855	1.8979625616057247	2.0
67.05871844291687	1.9008969808303338	2.0
67.07024335861206	1.9008969808303338	2.0
67.08363652229309	1.9008969808303338	2.0
67.0985119342804	1.9042635846298062	2.0
67.1101644039154	1.9042635846298062	2.0
67.12088561058044	1.9042635846298062	2.0
67.13557171821594	1.9042635846298062	2.0
67.14801549911499	1.909108908955508	2.0
67.16062998771667	1.909108908955508	2.0
67.17458868026733	1.909108908955508	2.0
67.18778824806213	1.9131815428840793	2.0
67.19843006134033	1.9131815428840793	2.0
67.20924186706543	1.9131815428840793	2.0
67.22618365287781	1.9131815428840793	2.0
67.23927211761475	1.9171371373962742	2.0
67.25116276741028	1.9171371373962742	2.0
67.26373648643494	1.9171371373962742	2.0
67.27585029602051	1.9171371373962742	2.0
67.28701424598694	1.9214687174490241	2.0
67.29925608634949	1.9214687174490241	2.0
67.31337380409241	1.9214687174490241	2.0
67.32897520065308	1.9254334247266147	2.0
67.34111309051514	1.9254334247266147	2.0
67.35488986968994	1.9254334247266147	2.0
67.36848974227905	1.928549095496204	2.0
67.37959957122803	1.928549095496204	2.0
67.39032578468323	1.928549095496204	2.0
67.40406155586243	1.928549095496204	2.0
67.41817331314087	1.9306716909845865	2.0
67.43071985244751	1.9306716909845865	2.0
67.44243311882019	1.9306716909845865	2.0
67.45590901374817	1.9306716909845865	2.0
67.46760439872742	1.933576456380481	2.0
67.47987055778503	1.933576456380481	2.0
67.49499154090881	1.933576456380481	2.0
67.50759434700012	1.9357497478695855	2.0
67.51824307441711	1.9357497478695855	2.0
67.52910923957825	1.9357497478695855	2.0
67.5468316078186	1.9357497478695855	2.0
67.56081414222717	1.935959851969273	2.0
67.57246375083923	1.935959851969273	2.0
67.5844612121582	1.935959851969273	2.0
67.59703254699707	1.935672030567299	2.0
67.60872292518616	1.935672030567299	2.0
67.62028360366821	1.935672030567299	2.0
67.63284301757812	1.935672030567299	2.0
67.64453911781311	1.9349664583270392	2.0
67.65659689903259	1.9349664583270392	2.0
67.66903614997864	1.9349664583270392	2.0
67.68298983573914	1.9349664583270392	2.0
67.69482088088989	1.9341695804234387	2.0
67.70629787445068	1.9341695804234387	2.0
67.71870851516724	1.9341695804234387	2.0
67.7305760383606	1.932931458172175	2.0
67.74265003204346	1.932931458172175	2.0
67.75374984741211	1.932931458172175	2.0
67.76791143417358	1.932931458172175	2.0
67.78181862831116	1.93139972054	2.0
67.79339933395386	1.93139972054	2.0
67.80468416213989	1.93139972054	2.0
67.81968641281128	1.929557727203846	2.0
67.83218955993652	1.929557727203846	2.0
67.84358716011047	1.929557727203846	2.0
67.85912704467773	1.929557727203846	2.0
67.87417697906494	1.928918885561617	2.0
67.8852014541626	1.928918885561617	2.0
67.89706611633301	1.928918885561617	2.0
67.91167569160461	1.928918885561617	2.0
67.92299199104309	1.9275088855616171	2.0
67.93485593795776	1.9275088855616171	2.0
67.94914484024048	1.9275088855616171	2.0
67.96335768699646	1.926102486731989	2.0
67.97541952133179	1.926102486731989	2.0
67.98916912078857	1.926102486731989	2.0
68.00403642654419	1.9264886479237382	2.0
68.01492881774902	1.9264886479237382	2.0
68.0282416343689	1.9264886479237382	2.0
68.03986263275146	1.9264886479237382	2.0
68.052405834198	1.9263377953107024	2.0
68.064284324646	1.9263377953107024	2.0
68.07771611213684	1.9263377953107024	2.0
68.09008860588074	1.9263377953107024	2.0
68.1008780002594	1.927856484041327	2.0
68.1123104095459	1.927856484041327	2.0
68.12391328811646	1.927856484041327	2.0
68.13710474967957	1.928489479747806	2.0
68.14970016479492	1.928489479747806	2.0
68.16076636314392	1.928489479747806	2.0
68.17340683937073	1.928489479747806	2.0
68.18599939346313	1.9290007516365595	2.0
68.19733738899231	1.9290007516365595	2.0
68.20897054672241	1.9290007516365595	2.0
68.22221374511719	1.9290007516365595	2.0
68.23418045043945	1.9298359362956508	2.0
68.24522137641907	1.9298359362956508	2.0
68.2584547996521	1.9298359362956508	2.0
68.27313041687012	1.9298381297102214	2.0
68.28417015075684	1.9298381297102214	2.0
68.29566740989685	1.9298381297102214	2.0
68.3103256225586	1.9298381297102214	2.0
68.32246518135071	1.9288070672102215	2.0
68.3337631225586	1.9288070672102215	2.0
68.34584259986877	1.9288070672102215	2.0
68.36083006858826	1.9288070672102215	2.0
68.37350225448608	1.9279029047102216	2.0
68.38473463058472	1.9279029047102216	2.0
68.39798903465271	1.9279029047102216	2.0
68.41020107269287	1.925876790873525	2.0
68.42184925079346	1.925876790873525	2.0
68.43312525749207	1.925876790873525	2.0
68.44967317581177	1.925876790873525	2.0
68.46132278442383	1.9224158817826162	2.0
68.47338795661926	1.9224158817826162	2.0
68.48487687110901	1.9224158817826162	2.0
68.49603724479675	1.9224158817826162	2.0
68.50743746757507	1.9180762316245552	2.0
68.51869750022888	1.9180762316245552	2.0
68.53318190574646	1.9180762316245552	2.0
68.54919958114624	1.911036568867957	2.0
68.56112694740295	1.911036568867957	2.0
68.57235670089722	1.911036568867957	2.0
68.5843596458435	1.911036568867957	2.0
68.59596300125122	1.905139441508816	2.0
68.60770297050476	1.905139441508816	2.0
68.62131261825562	1.905139441508816	2.0
68.63591599464417	1.8993967963295997	2.0
68.64749550819397	1.8993967963295997	2.0
68.6584644317627	1.8993967963295997	2.0
68.67243337631226	1.8993967963295997	2.0
68.68693232536316	1.8939361209610497	2.0
68.69887018203735	1.8939361209610497	2.0
68.71234846115112	1.8939361209610497	2.0
68.7256247997284	1.8886865743445078	2.0
68.73638439178467	1.8886865743445078	2.0
68.74892711639404	1.8886865743445078	2.0
68.76399064064026	1.8886865743445078	2.0
68.77620482444763	1.8839152607512137	2.0
68.78793025016785	1.8839152607512137	2.0
68.80090594291687	1.8839152607512137	2.0
68.81188893318176	1.8839152607512137	2.0
68.8245096206665	1.8787000232512134	2.0
68.8360230922699	1.8787000232512134	2.0
68.86088490486145	1.8787000232512134	2.0
68.87961840629578	1.8743822870067277	2.0
68.89308738708496	1.8743822870067277	2.0
68.9060571193695	1.8743822870067277	2.0
68.92151522636414	1.8743822870067277	2.0
68.93306398391724	1.8705824564982532	2.0
68.94595098495483	1.8705824564982532	2.0
68.96143913269043	1.8705824564982532	2.0
68.97521686553955	1.8673965221782924	2.0
68.9881203174591	1.8673965221782924	2.0
69.00142526626587	1.8673965221782924	2.0
69.01586413383484	1.864520859662726	2.0
69.0269205570221	1.864520859662726	2.0
69.03798508644104	1.864520859662726	2.0
69.05062794685364	1.864520859662726	2.0
69.06311345100403	1.8616681437811213	2.0
69.07500529289246	1.8616681437811213	2.0
69.08587741851807	1.8616681437811213	2.0
69.0980019569397	1.8616681437811213	2.0
69.11096501350403	1.8578210668765887	2.0
69.1222665309906	1.8578210668765887	2.0
69.13373303413391	1.8578210668765887	2.0
69.14768242835999	1.8578210668765887	2.0
69.15993881225586	1.8534391018077465	2.0
69.172199010849	1.8534391018077465	2.0
69.18529462814331	1.8534391018077465	2.0
69.20088052749634	1.849336487828428	2.0
69.21409440040588	1.849336487828428	2.0
69.22775483131409	1.849336487828428	2.0
69.24296021461487	1.844605218670326	2.0
69.25467562675476	1.844605218670326	2.0
69.26570582389832	1.844605218670326	2.0
69.27937769889832	1.844605218670326	2.0
69.29346418380737	1.8399864781744584	2.0
69.30544328689575	1.8399864781744584	2.0
69.32355952262878	1.8399864781744584	2.0
69.33516454696655	1.8348477595648327	2.0
69.34639167785645	1.8348477595648327	2.0
69.35948729515076	1.8348477595648327	2.0
69.37454199790955	1.8348477595648327	2.0
69.38601446151733	1.8301986924355116	2.0
69.39759969711304	1.8301986924355116	2.0
69.41174173355103	1.8301986924355116	2.0
69.42472577095032	1.824350969221226	2.0
69.43655705451965	1.824350969221226	2.0
69.44788813591003	1.824350969221226	2.0
69.46230340003967	1.824350969221226	2.0
69.47428941726685	1.8195177989170699	2.0
69.48563694953918	1.8195177989170699	2.0
69.49700117111206	1.8195177989170699	2.0
69.50978517532349	1.8195177989170699	2.0
69.52218389511108	1.8134926977947785	2.0
69.53408288955688	1.8134926977947785	2.0
69.54754209518433	1.8134926977947785	2.0
69.56207513809204	1.8084745808954765	2.0
69.57379508018494	1.8084745808954765	2.0
69.58479833602905	1.8084745808954765	2.0
69.60047340393066	1.8084745808954765	2.0
69.61361694335938	1.8042867392947461	2.0
69.62532210350037	1.8042867392947461	2.0
69.64169359207153	1.8042867392947461	2.0
69.65474510192871	1.8002173961312071	2.0
69.6655626296997	1.8002173961312071	2.0
69.67773103713989	1.8002173961312071	2.0
69.69283413887024	1.8002173961312071	2.0
69.7044997215271	1.796384059134083	2.0
69.71579551696777	1.796384059134083	2.0
69.7282395362854	1.796384059134083	2.0
69.74046111106873	1.7928843504679395	2.0
69.75199317932129	1.7928843504679395	2.0
69.764151096344	1.7928843504679395	2.0
69.77765464782715	1.7928843504679395	2.0
69.79031181335449	1.7890950888906527	2.0
69.80241894721985	1.7890950888906527	2.0
69.81492805480957	1.7890950888906527	2.0
69.82765293121338	1.7856290618296526	2.0
69.83931636810303	1.7856290618296526	2.0
69.85169506072998	1.7856290618296526	2.0
69.86362266540527	1.7856290618296526	2.0
69.87590980529785	1.7837628853590644	2.0
69.88726687431335	1.7837628853590644	2.0
69.89931297302246	1.7837628853590644	2.0
69.91242575645447	1.7837628853590644	2.0
69.9257881641388	1.7832312421587442	2.0
69.93714952468872	1.7832312421587442	2.0
69.9493362903595	1.7832312421587442	2.0
69.96290111541748	1.7830018217676826	2.0
69.9745192527771	1.7830018217676826	2.0
69.98606610298157	1.7830018217676826	2.0
69.99902892112732	1.7830018217676826	2.0
70.01331281661987	1.783020752447553	2.0
70.02456021308899	1.783020752447553	2.0
70.03562808036804	1.783020752447553	2.0
70.05018496513367	1.783020752447553	2.0
70.06324791908264	1.7828794481540498	2.0
70.07630610466003	1.7828794481540498	2.0
70.09286546707153	1.7828794481540498	2.0
70.10580968856812	1.7844914110187715	2.0
70.11719846725464	1.7844914110187715	2.0
70.13036036491394	1.7844914110187715	2.0
70.14541602134705	1.7860212154322408	2.0
70.15736484527588	1.7860212154322408	2.0
70.1699571609497	1.7860212154322408	2.0
70.18386483192444	1.7860212154322408	2.0
70.19555115699768	1.787643931850889	2.0
70.20771312713623	1.787643931850889	2.0
70.2221851348877	1.787643931850889	2.0
70.23576998710632	1.789257587059461	2.0
70.24752998352051	1.789257587059461	2.0
70.25934481620789	1.789257587059461	2.0
70.27120184898376	1.789257587059461	2.0
70.28505086898804	1.79042540881708	2.0
70.29660820960999	1.79042540881708	2.0
70.30923581123352	1.79042540881708	2.0
70.32349467277527	1.7914369777295285	2.0
70.33710169792175	1.7914369777295285	2.0
70.34843111038208	1.7914369777295285	2.0
70.36040830612183	1.7914369777295285	2.0
70.37403440475464	1.7899376384086623	2.0
70.38559031486511	1.7899376384086623	2.0
70.39844489097595	1.7899376384086623	2.0
70.41509556770325	1.7899376384086623	2.0
70.42662453651428	1.7895604816729112	2.0
70.4375524520874	1.7895604816729112	2.0
70.4506163597107	1.7895604816729112	2.0
70.46581768989563	1.7895604816729112	2.0
70.47888684272766	1.7894860870099893	2.0
70.49071383476257	1.7894860870099893	2.0
70.5025110244751	1.7894860870099893	2.0
70.51524591445923	1.7886035117632333	2.0
70.52720594406128	1.7886035117632333	2.0
70.53989148139954	1.7886035117632333	2.0
70.55425667762756	1.7886035117632333	2.0
70.56570172309875	1.7855279774699404	2.0
70.57733845710754	1.7855279774699404	2.0
70.5891752243042	1.7855279774699404	2.0
70.60214281082153	1.784173803192316	2.0
70.61350965499878	1.784173803192316	2.0
70.62560319900513	1.784173803192316	2.0
70.63680624961853	1.784173803192316	2.0
70.64978814125061	1.7815247157521927	2.0
70.66110372543335	1.7815247157521927	2.0
70.67280769348145	1.7815247157521927	2.0
70.68573188781738	1.7815247157521927	2.0
70.69871377944946	1.779025002461817	2.0
70.70994782447815	1.779025002461817	2.0
70.72145366668701	1.779025002461817	2.0
70.73548889160156	1.7768603076501848	2.0
70.7468478679657	1.7768603076501848	2.0
70.76026248931885	1.7768603076501848	2.0
70.77585196495056	1.7768603076501848	2.0
70.78832292556763	1.7749840769730298	2.0
70.79916620254517	1.7749840769730298	2.0
70.81333327293396	1.7749840769730298	2.0
70.82761120796204	1.774243972234019	2.0
70.83972811698914	1.774243972234019	2.0
70.85262942314148	1.774243972234019	2.0
70.86777448654175	1.774243972234019	2.0
70.87906527519226	1.7731743709483798	2.0
70.89088463783264	1.7731743709483798	2.0
70.90468454360962	1.7731743709483798	2.0
70.918208360672	1.772272582201749	2.0
70.9305670261383	1.772272582201749	2.0
70.94386696815491	1.772272582201749	2.0
70.95601725578308	1.772272582201749	2.0
70.96777701377869	1.7712848696620849	2.0
70.97955107688904	1.7712848696620849	2.0
70.99197244644165	1.7712848696620849	2.0
71.006418466568	1.772142970502421	2.0
71.01808834075928	1.772142970502421	2.0
71.02878427505493	1.772142970502421	2.0
71.04027009010315	1.772142970502421	2.0
71.05481600761414	1.7725174328513176	2.0
71.06700372695923	1.7725174328513176	2.0
71.07815384864807	1.7725174328513176	2.0
71.09098672866821	1.7725174328513176	2.0
71.10505557060242	1.7739040861898843	2.0
71.11694478988647	1.7739040861898843	2.0
71.12840223312378	1.7739040861898843	2.0
71.1425085067749	1.7739040861898843	2.0
71.15527415275574	1.775352911904021	2.0
71.16670727729797	1.775352911904021	2.0
71.18145322799683	1.775352911904021	2.0
71.19461178779602	1.777500129824897	2.0
71.20570302009583	1.777500129824897	2.0
71.2182126045227	1.777500129824897	2.0
71.2338399887085	1.777500129824897	2.0
71.24600958824158	1.7797312702579933	2.0
71.25726199150085	1.7797312702579933	2.0
71.27054595947266	1.7797312702579933	2.0
71.28352069854736	1.7836595935679214	2.0
71.29586672782898	1.7836595935679214	2.0
71.30999040603638	1.7836595935679214	2.0
71.32439756393433	1.787679009152337	2.0
71.33587384223938	1.787679009152337	2.0
71.34770131111145	1.787679009152337	2.0
71.35872793197632	1.787679009152337	2.0
71.37227416038513	1.7917006079383377	2.0
71.38641238212585	1.7917006079383377	2.0
71.39927077293396	1.7917006079383377	2.0
71.41155123710632	1.7917006079383377	2.0
71.42301797866821	1.796458462330499	2.0
71.4348418712616	1.796458462330499	2.0
71.44765281677246	1.796458462330499	2.0
71.4631564617157	1.8004720513397872	2.0
71.47446250915527	1.8004720513397872	2.0
71.48501348495483	1.8004720513397872	2.0
71.49713492393494	1.8004720513397872	2.0
71.51185441017151	1.8038952268178523	2.0
71.52367186546326	1.8038952268178523	2.0
71.53579235076904	1.8038952268178523	2.0
71.5510311126709	1.8038952268178523	2.0
71.56220078468323	1.8079785374644253	2.0
71.57367944717407	1.8079785374644253	2.0
71.58892250061035	1.8079785374644253	2.0
71.60287189483643	1.8132440928379505	2.0
71.61451864242554	1.8132440928379505	2.0
71.62709069252014	1.8132440928379505	2.0
71.63925552368164	1.8132440928379505	2.0
71.65140414237976	1.8168321873757656	2.0
71.66302561759949	1.8168321873757656	2.0
71.6762707233429	1.8168321873757656	2.0
71.68973660469055	1.8198836108416803	2.0
71.70155239105225	1.8198836108416803	2.0
71.71308970451355	1.8198836108416803	2.0
71.72637033462524	1.8198836108416803	2.0
71.73875761032104	1.8208958691259507	2.0
71.75030946731567	1.8208958691259507	2.0
71.76142644882202	1.8208958691259507	2.0
71.77654838562012	1.8208958691259507	2.0
71.78984546661377	1.821873390134354	2.0
71.80157470703125	1.821873390134354	2.0
71.81396436691284	1.821873390134354	2.0
71.82927918434143	1.823482860590963	2.0
71.84075570106506	1.823482860590963	2.0
71.85226345062256	1.823482860590963	2.0
71.86795902252197	1.823482860590963	2.0
71.87977600097656	1.824647206096411	2.0
71.89081406593323	1.824647206096411	2.0
71.9048981666565	1.824647206096411	2.0
71.91976428031921	1.8256388782512745	2.0
71.93167805671692	1.8256388782512745	2.0
71.94417119026184	1.8256388782512745	2.0
71.95633363723755	1.8256388782512745	2.0
71.96872735023499	1.8262428364394274	2.0
71.98023748397827	1.8262428364394274	2.0
71.9934458732605	1.8262428364394274	2.0
72.00785851478577	1.8249901974764846	2.0
72.0191900730133	1.8249901974764846	2.0
72.03072094917297	1.8249901974764846	2.0
72.04417705535889	1.8249901974764846	2.0
72.05740785598755	1.822964126047913	2.0
72.06961131095886	1.822964126047913	2.0
72.08190417289734	1.822964126047913	2.0
72.09559917449951	1.822964126047913	2.0
72.10829901695251	1.8207840795501233	2.0
72.11975336074829	1.8207840795501233	2.0
72.13220500946045	1.8207840795501233	2.0
72.14603734016418	1.818807485465354	2.0
72.15839433670044	1.818807485465354	2.0
72.1695191860199	1.818807485465354	2.0
72.18169832229614	1.818807485465354	2.0
72.19560122489929	1.8165708286532702	2.0
72.20753693580627	1.8165708286532702	2.0
72.22138547897339	1.8165708286532702	2.0
72.2365791797638	1.8150991668456897	2.0
72.24755358695984	1.8150991668456897	2.0
72.25876998901367	1.8150991668456897	2.0
72.27318477630615	1.8150991668456897	2.0
72.28680610656738	1.8127461557638802	2.0
72.2986991405487	1.8127461557638802	2.0
72.31356382369995	1.8127461557638802	2.0
72.32590579986572	1.8107967768001614	2.0
72.33671522140503	1.8107967768001614	2.0
72.3480613231659	1.8107967768001614	2.0
72.36336827278137	1.8107967768001614	2.0
72.37619090080261	1.8087969862242452	2.0
72.38808345794678	1.8087969862242452	2.0
72.4010283946991	1.8087969862242452	2.0
72.41375637054443	1.807163539196806	2.0
72.42519068717957	1.807163539196806	2.0
72.43677258491516	1.807163539196806	2.0
72.45061755180359	1.807163539196806	2.0
72.46297454833984	1.807117586419952	2.0
72.47488856315613	1.807117586419952	2.0
72.48617720603943	1.807117586419952	2.0
72.49759793281555	1.807117586419952	2.0
72.51041460037231	1.8066308364199521	2.0
72.52210211753845	1.8066308364199521	2.0
72.53439998626709	1.8066308364199521	2.0
72.5485634803772	1.8070559776793158	2.0
72.56043362617493	1.8070559776793158	2.0
72.57174730300903	1.8070559776793158	2.0
72.58487129211426	1.8070559776793158	2.0
72.59832310676575	1.8074541204366514	2.0
72.61045455932617	1.8074541204366514	2.0
72.62300610542297	1.8074541204366514	2.0
72.63845109939575	1.8088746780721192	2.0
72.64983582496643	1.8088746780721192	2.0
72.66129994392395	1.8088746780721192	2.0
72.67575120925903	1.8088746780721192	2.0
72.68892812728882	1.8098249953418843	2.0
72.70077395439148	1.8098249953418843	2.0
72.71318554878235	1.8098249953418843	2.0
72.72634887695312	1.8098249953418843	2.0
72.73747754096985	1.810457164360551	2.0
72.74938440322876	1.810457164360551	2.0
72.76386189460754	1.810457164360551	2.0
72.77714776992798	1.811946733584497	2.0
72.78967523574829	1.811946733584497	2.0
72.80238461494446	1.811946733584497	2.0
72.81470155715942	1.811946733584497	2.0
72.82663440704346	1.8151990659460133	2.0
72.83864331245422	1.8151990659460133	2.0
72.8505711555481	1.8151990659460133	2.0
72.86301589012146	1.8179623757783303	2.0
72.8745288848877	1.8179623757783303	2.0
72.8868019580841	1.8179623757783303	2.0
72.90093994140625	1.8179623757783303	2.0
72.9138593673706	1.8205234181609193	2.0
72.92567944526672	1.8205234181609193	2.0
72.93719696998596	1.8205234181609193	2.0
72.94883155822754	1.8205234181609193	2.0
72.96104264259338	1.8248912935071797	2.0
72.97314834594727	1.8248912935071797	2.0
72.98548197746277	1.8248912935071797	2.0
73.00043535232544	1.829832638859001	2.0
73.01197648048401	1.829832638859001	2.0
73.02314734458923	1.829832638859001	2.0
73.03721928596497	1.829832638859001	2.0
73.05090165138245	1.8348390463408997	2.0
73.06321167945862	1.8348390463408997	2.0
73.07877993583679	1.8348390463408997	2.0
73.09211230278015	1.8396441036132345	2.0
73.10320544242859	1.8396441036132345	2.0
73.11530232429504	1.8396441036132345	2.0
73.13028120994568	1.8396441036132345	2.0
73.14387011528015	1.8441088957406115	2.0
73.15614128112793	1.8441088957406115	2.0
73.17073440551758	1.8441088957406115	2.0
73.18320083618164	1.8487734555472126	2.0
73.19636917114258	1.8487734555472126	2.0
73.21242260932922	1.8487734555472126	2.0
73.22761130332947	1.8513743220358307	2.0
73.24135208129883	1.8513743220358307	2.0
73.25392508506775	1.8513743220358307	2.0
73.26582264900208	1.8513743220358307	2.0
73.27838563919067	1.852992420941161	2.0
73.29020261764526	1.852992420941161	2.0
73.30411410331726	1.852992420941161	2.0
73.3186902999878	1.8542627105753073	2.0
73.33104753494263	1.8542627105753073	2.0
73.34254503250122	1.8542627105753073	2.0
73.35852909088135	1.855740256312132	2.0
73.3706841468811	1.855740256312132	2.0
73.3825752735138	1.855740256312132	2.0
73.39856338500977	1.855740256312132	2.0
73.41178727149963	1.8543073137389807	2.0
73.42240905761719	1.8543073137389807	2.0
73.43421649932861	1.8543073137389807	2.0
73.44979882240295	1.8524862028503393	2.0
73.46111297607422	1.8524862028503393	2.0
73.4741096496582	1.8524862028503393	2.0
73.48909068107605	1.8524862028503393	2.0
73.50183510780334	1.850917639816688	2.0
73.51288938522339	1.850917639816688	2.0
73.52765393257141	1.850917639816688	2.0
73.54269337654114	1.8476334513219672	2.0
73.55450868606567	1.8476334513219672	2.0
73.56602001190186	1.8476334513219672	2.0
73.57721877098083	1.8476334513219672	2.0
73.59048128128052	1.8431830751609766	2.0
73.60331583023071	1.8431830751609766	2.0
73.61522150039673	1.8431830751609766	2.0
73.6266860961914	1.8431830751609766	2.0
73.64010739326477	1.8387021440703002	2.0
73.65145707130432	1.8387021440703002	2.0
73.66428327560425	1.8387021440703002	2.0
73.67807650566101	1.835003528241496	2.0
73.68975472450256	1.835003528241496	2.0
73.70132827758789	1.835003528241496	2.0
73.71231150627136	1.835003528241496	2.0
73.72634291648865	1.8305935477943218	2.0
73.73801112174988	1.8305935477943218	2.0
73.7498426437378	1.8305935477943218	2.0
73.76486277580261	1.8305935477943218	2.0
73.77816557884216	1.8268527535748742	2.0
73.78922629356384	1.8268527535748742	2.0
73.80192446708679	1.8268527535748742	2.0
73.81711554527283	1.8226803327213361	2.0
73.82857918739319	1.8226803327213361	2.0
73.84087204933167	1.8226803327213361	2.0
73.85568833351135	1.8226803327213361	2.0
73.86694478988647	1.8194451671896066	2.0
73.88026142120361	1.8194451671896066	2.0
73.89577627182007	1.8194451671896066	2.0
73.90882015228271	1.816083639335265	2.0
73.92207264900208	1.816083639335265	2.0
73.93549728393555	1.816083639335265	2.0
73.94894814491272	1.8127646926818823	2.0
73.96036100387573	1.8127646926818823	2.0
73.97231554985046	1.8127646926818823	2.0
73.9865231513977	1.8127646926818823	2.0
73.99916672706604	1.8112456923085651	2.0
74.01196646690369	1.8112456923085651	2.0
74.02369689941406	1.8112456923085651	2.0
74.037930727005	1.8115796197279201	2.0
74.05064678192139	1.8115796197279201	2.0
74.06201410293579	1.8115796197279201	2.0
74.07548451423645	1.8115796197279201	2.0
74.0893988609314	1.814577120513943	2.0
74.10076761245728	1.814577120513943	2.0
74.11232733726501	1.814577120513943	2.0
74.12626647949219	1.814577120513943	2.0
74.13876700401306	1.821594148716058	2.0
74.15030789375305	1.821594148716058	2.0
74.16564273834229	1.821594148716058	2.0
74.1793885231018	1.830622303794509	2.0
74.19049382209778	1.830622303794509	2.0
74.20318937301636	1.830622303794509	2.0
74.22066831588745	1.830622303794509	2.0
74.23484444618225	nan	2.0
74.2466025352478	nan	2.0
74.25971865653992	nan	2.0
74.27221751213074	nan	2.0
74.28329038619995	nan	2.0
74.29779076576233	nan	2.0
74.31211519241333	nan	2.0
74.32406759262085	nan	2.0
74.33599066734314	nan	2.0
74.34747982025146	nan	2.0
74.36000871658325	nan	2.0
74.37174844741821	nan	2.0
74.38449907302856	nan	2.0
74.39568829536438	nan	2.0
74.40890574455261	nan	2.0
74.42140817642212	nan	2.0
74.43477416038513	nan	2.0
74.4485490322113	nan	2.0
74.460275888443	nan	2.0
74.47181129455566	nan	2.0
74.48505306243896	nan	2.0
74.49721074104309	nan	2.0
74.5094735622406	nan	2.0
74.5232925415039	nan	2.0
74.53733730316162	nan	2.0
74.54901838302612	nan	2.0
74.56020283699036	nan	2.0
74.5734543800354	nan	2.0
74.58559560775757	nan	2.0
74.59778571128845	nan	2.0
74.61218738555908	nan	2.0
74.62576007843018	nan	2.0
74.63664364814758	nan	2.0
74.64996433258057	nan	2.0
74.66719579696655	nan	2.0
74.67865443229675	nan	2.0
74.69092011451721	nan	2.0
74.70481562614441	nan	2.0
74.71615672111511	nan	2.0
74.72705578804016	nan	2.0
74.74026322364807	nan	2.0
74.7547128200531	nan	2.0
74.76582884788513	nan	2.0
74.77796912193298	nan	2.0
74.79325747489929	nan	2.0
74.80529928207397	nan	2.0
74.81668472290039	nan	2.0
74.83169603347778	nan	2.0
74.84454560279846	nan	2.0
74.85596227645874	nan	2.0
74.86817002296448	nan	2.0
74.88038516044617	nan	2.0
74.89281964302063	nan	2.0
74.90419793128967	nan	2.0
74.91783618927002	nan	2.0
74.93202137947083	nan	2.0
74.94510102272034	nan	2.0
74.95590925216675	nan	2.0
74.96892738342285	nan	2.0
74.98044443130493	nan	2.0
74.99268054962158	nan	2.0
75.00703001022339	nan	2.0
75.02088475227356	nan	2.0
75.03179168701172	nan	2.0
75.04250717163086	nan	2.0
75.05679869651794	nan	2.0
75.07066535949707	nan	2.0
75.08223843574524	nan	2.0
75.09720730781555	nan	2.0
75.11211156845093	nan	2.0
75.12301206588745	nan	2.0
75.13527631759644	nan	2.0
75.15055513381958	nan	2.0
75.16271352767944	nan	2.0
75.17392826080322	nan	2.0
75.18923091888428	nan	2.0
75.20242214202881	nan	2.0
75.21481013298035	nan	2.0
75.22990012168884	nan	2.0
75.2434139251709	nan	2.0
75.25494813919067	nan	2.0
75.26922345161438	nan	2.0
75.28334999084473	nan	2.0
75.29470777511597	nan	2.0
75.30548763275146	nan	2.0
75.31866693496704	nan	2.0
75.33114910125732	nan	2.0
75.3423240184784	nan	2.0
75.35620927810669	nan	2.0
75.36923289299011	nan	2.0
75.38163781166077	nan	2.0
75.39307951927185	nan	2.0
75.4047372341156	nan	2.0
75.41753888130188	nan	2.0
75.42925906181335	nan	2.0
75.4405312538147	nan	2.0
75.45468926429749	nan	2.0
75.46837306022644	nan	2.0
75.48021721839905	nan	2.0
75.49140954017639	nan	2.0
75.506019115448	nan	2.0
75.51801300048828	nan	2.0
75.52989196777344	nan	2.0
75.54870653152466	nan	2.0
75.56069231033325	nan	2.0
75.57175898551941	nan	2.0
75.58535695075989	nan	2.0
75.60172915458679	nan	2.0
75.6132321357727	nan	2.0
75.62641525268555	nan	2.0
75.64086556434631	nan	2.0
75.65200638771057	nan	2.0
75.66348266601562	nan	2.0
75.67812132835388	nan	2.0
75.69099044799805	nan	2.0
75.70245480537415	nan	2.0
75.71470594406128	nan	2.0
75.7260570526123	nan	2.0
75.73908638954163	nan	2.0
75.75026369094849	nan	2.0
75.76313066482544	nan	2.0
75.77751851081848	nan	2.0
75.78955888748169	nan	2.0
75.80029654502869	nan	2.0
75.81203532218933	nan	2.0
75.82528877258301	nan	2.0
75.83756566047668	nan	2.0
75.85038805007935	nan	2.0
75.86484670639038	nan	2.0
75.87678408622742	nan	2.0
75.88819003105164	nan	2.0
75.90309166908264	nan	2.0
75.9159951210022	nan	2.0
75.92688512802124	nan	2.0
75.93823385238647	nan	2.0
75.9525101184845	nan	2.0
75.9646508693695	nan	2.0
75.97576880455017	nan	2.0
75.99287462234497	nan	2.0
76.00458693504333	nan	2.0
76.01633882522583	nan	2.0
76.02890396118164	nan	2.0
76.04416227340698	nan	2.0
76.05540752410889	nan	2.0
76.06747913360596	nan	2.0
76.08227205276489	nan	2.0
76.09327101707458	nan	2.0
76.10487246513367	nan	2.0
76.11967062950134	nan	2.0
76.13305878639221	nan	2.0
76.14414262771606	nan	2.0
76.15581798553467	nan	2.0
76.1682288646698	nan	2.0
76.18091773986816	nan	2.0
76.19211530685425	nan	2.0
76.20374155044556	nan	2.0
76.21836495399475	nan	2.0
76.23216462135315	nan	2.0
76.2443745136261	nan	2.0
76.25532150268555	nan	2.0
76.27056050300598	nan	2.0
76.28306722640991	nan	2.0
76.29495644569397	nan	2.0
76.31266260147095	nan	2.0
76.32519483566284	nan	2.0
76.33619594573975	nan	2.0
76.35169959068298	nan	2.0
76.36566114425659	nan	2.0
76.37988066673279	nan	2.0
76.39484643936157	nan	2.0
76.4073281288147	nan	2.0
76.41824340820312	nan	2.0
76.43128418922424	nan	2.0
76.44676613807678	nan	2.0
76.4580147266388	nan	2.0
76.47028136253357	nan	2.0
76.48311305046082	nan	2.0
76.49567127227783	nan	2.0
76.50658178329468	nan	2.0
76.51865148544312	nan	2.0
76.53236770629883	nan	2.0
76.54549407958984	nan	2.0
76.55743837356567	nan	2.0
76.56844139099121	nan	2.0
76.58144569396973	nan	2.0
76.59382462501526	nan	2.0
76.60524082183838	nan	2.0
76.6190984249115	nan	2.0
76.63430428504944	nan	2.0
76.6451325416565	nan	2.0
76.65710854530334	nan	2.0
76.67112588882446	nan	2.0
76.68360710144043	nan	2.0
76.69476890563965	nan	2.0
76.70591044425964	nan	2.0
76.7204532623291	nan	2.0
76.73317193984985	nan	2.0
76.74836921691895	nan	2.0
76.76363611221313	nan	2.0
76.77523899078369	nan	2.0
76.78585386276245	nan	2.0
76.79994010925293	nan	2.0
76.81380558013916	nan	2.0
76.82526421546936	nan	2.0
76.8372802734375	nan	2.0
76.85254406929016	nan	2.0
76.86407518386841	1.940306752154672	2.0
76.87527227401733	1.940306752154672	2.0
76.88963317871094	1.940306752154672	2.0
76.9035267829895	1.9481227617700565	2.0
76.91603779792786	1.9481227617700565	2.0
76.93022894859314	1.9481227617700565	2.0
76.94294095039368	1.9535327528576698	2.0
76.95455932617188	1.9535327528576698	2.0
76.9655487537384	1.9535327528576698	2.0
76.9794237613678	1.9535327528576698	2.0
76.99343800544739	1.9570492767227605	2.0
77.00537514686584	1.9570492767227605	2.0
77.01639866828918	1.9570492767227605	2.0
77.02755188941956	1.9570492767227605	2.0
77.04049491882324	1.9603423431880174	2.0
77.05236005783081	1.9603423431880174	2.0
77.06431698799133	1.9603423431880174	2.0
77.07986831665039	1.9603423431880174	2.0
77.09159803390503	1.9632916112927936	2.0
77.10226511955261	1.9632916112927936	2.0
77.11576437950134	1.9632916112927936	2.0
77.13027024269104	1.9659190566941316	2.0
77.14305305480957	1.9659190566941316	2.0
77.155433177948	1.9659190566941316	2.0
77.16967153549194	1.9659190566941316	2.0
77.18126010894775	1.966838360768909	2.0
77.19247031211853	1.966838360768909	2.0
77.20703983306885	1.966838360768909	2.0
77.22148847579956	1.9674653435810563	2.0
77.23393559455872	1.9674653435810563	2.0
77.24705195426941	1.9674653435810563	2.0
77.25910806655884	1.9674653435810563	2.0
77.27071857452393	1.9669461917449091	2.0
77.28183889389038	1.9669461917449091	2.0
77.29540300369263	1.9669461917449091	2.0
77.30955147743225	1.9669835899961012	2.0
77.32205080986023	1.9669835899961012	2.0
77.3329815864563	1.9669835899961012	2.0
77.34414649009705	1.9669835899961012	2.0
77.35701322555542	1.9675163061269854	2.0
77.36936950683594	1.9675163061269854	2.0
77.38230872154236	1.9675163061269854	2.0
77.39403629302979	1.9675163061269854	2.0
77.40574193000793	1.9684759900393718	2.0
77.41739439964294	1.9684759900393718	2.0
77.429119348526	1.9684759900393718	2.0
77.44327163696289	1.969984892488696	2.0
77.45550680160522	1.969984892488696	2.0
77.46616721153259	1.969984892488696	2.0
77.47758507728577	1.969984892488696	2.0
77.49191474914551	1.970627616908158	2.0
77.50370645523071	1.970627616908158	2.0
77.51733112335205	1.970627616908158	2.0
77.53283548355103	1.970627616908158	2.0
77.54404902458191	1.9708653705780008	2.0
77.55480360984802	1.9708653705780008	2.0
77.56715106964111	1.9708653705780008	2.0
77.58312129974365	1.9708653705780008	2.0
77.59501838684082	1.9713654709819153	2.0
77.60660696029663	1.9713654709819153	2.0
77.62074375152588	1.9713654709819153	2.0
77.63287711143494	1.9737084350537715	2.0
77.64392185211182	1.9737084350537715	2.0
77.6556601524353	1.9737084350537715	2.0
77.66944026947021	1.9737084350537715	2.0
77.68146204948425	1.9762857979977864	2.0
77.69290709495544	1.9762857979977864	2.0
77.7041871547699	1.9762857979977864	2.0
77.71613621711731	1.9762857979977864	2.0
77.72811603546143	1.9788867672233692	2.0
77.74028825759888	1.9788867672233692	2.0
77.75289034843445	1.9788867672233692	2.0
77.76730179786682	1.9808605869164642	2.0
77.77891564369202	1.9808605869164642	2.0
77.78965997695923	1.9808605869164642	2.0
77.80413866043091	1.9808605869164642	2.0
77.81778264045715	1.9827917123606718	2.0
77.82905435562134	1.9827917123606718	2.0
77.84471869468689	1.9827917123606718	2.0
77.85973477363586	1.9864327654022145	2.0
77.87228918075562	1.9864327654022145	2.0
77.88391065597534	1.9864327654022145	2.0
77.89931082725525	1.9864327654022145	2.0
77.91281747817993	1.9906173713431485	2.0
77.92427039146423	1.9906173713431485	2.0
77.93781232833862	1.9906173713431485	2.0
77.95172929763794	1.9946421115465132	2.0
77.96323204040527	1.9946421115465132	2.0
77.97687458992004	1.9946421115465132	2.0
77.9908242225647	1.9946421115465132	2.0
78.00287961959839	1.9983297146768622	2.0
78.01519465446472	1.9983297146768622	2.0
78.02757573127747	1.9983297146768622	2.0
78.0409243106842	2.002817852802773	2.0
78.0526134967804	2.002817852802773	2.0
78.06550145149231	2.002817852802773	2.0
78.0789361000061	2.002817852802773	2.0
78.09254264831543	2.0061767334105416	2.0
78.1035749912262	2.0061767334105416	2.0
78.11479425430298	2.0061767334105416	2.0
78.13060569763184	2.0094088977099114	2.0
78.14258909225464	2.0094088977099114	2.0
78.15393400192261	2.0094088977099114	2.0
78.16745805740356	2.0094088977099114	2.0
78.18093776702881	2.0138502371698985	2.0
78.19249892234802	2.0138502371698985	2.0
78.20596098899841	2.0138502371698985	2.0
78.22075486183167	2.017284052587098	2.0
78.2317943572998	2.017284052587098	2.0
78.2429096698761	2.017284052587098	2.0
78.25718069076538	2.017284052587098	2.0
78.27084255218506	2.0204734524899157	2.0
78.2831518650055	2.0204734524899157	2.0
78.29608106613159	2.0204734524899157	2.0
78.30900549888611	2.0204734524899157	2.0
78.32066130638123	2.022495469570324	2.0
78.33316850662231	2.022495469570324	2.0
78.34868240356445	2.022495469570324	2.0
78.36146450042725	2.024551742026129	2.0
78.37350559234619	2.024551742026129	2.0
78.38817000389099	2.024551742026129	2.0
78.40042090415955	2.0280196831602684	2.0
78.4115662574768	2.0280196831602684	2.0
78.42283010482788	2.0280196831602684	2.0
78.43601942062378	2.0280196831602684	2.0
78.45037341117859	2.033123615790526	2.0
78.46229100227356	2.033123615790526	2.0
78.47386384010315	2.033123615790526	2.0
78.48692655563354	2.033123615790526	2.0
78.50198531150818	2.0357450741670546	2.0
78.5141339302063	2.0357450741670546	2.0
78.52842354774475	2.0357450741670546	2.0
78.54304528236389	2.0372711379562065	2.0
78.55420136451721	2.0372711379562065	2.0
78.56535196304321	2.0372711379562065	2.0
78.57942771911621	2.0372711379562065	2.0
78.5924940109253	2.03950593739134	2.0
78.60456538200378	2.03950593739134	2.0
78.61914587020874	2.03950593739134	2.0
78.63176202774048	2.039101964872882	2.0
78.64257073402405	2.039101964872882	2.0
78.65462565422058	2.039101964872882	2.0
78.67004370689392	2.039101964872882	2.0
78.6847996711731	2.039320917997882	2.0
78.69642448425293	2.039320917997882	2.0
78.70934224128723	2.039320917997882	2.0
78.7217276096344	2.0404662031949106	2.0
78.73284864425659	2.0404662031949106	2.0
78.74625563621521	2.0404662031949106	2.0
78.76036310195923	2.0404662031949106	2.0
78.77225852012634	2.0406915887181207	2.0
78.78386545181274	2.0406915887181207	2.0
78.79543709754944	2.0406915887181207	2.0
78.80810403823853	2.040492148589824	2.0
78.8199245929718	2.040492148589824	2.0
78.83306503295898	2.040492148589824	2.0
78.84926772117615	2.0383674470858333	2.0
78.86158680915833	2.0383674470858333	2.0
78.87263202667236	2.0383674470858333	2.0
78.88706946372986	2.0383674470858333	2.0
78.90085291862488	2.034483060252787	2.0
78.9122543334961	2.034483060252787	2.0
78.92298173904419	2.034483060252787	2.0
78.93744683265686	2.034483060252787	2.0
78.94999146461487	2.031853319868172	2.0
78.961270570755	2.031853319868172	2.0
78.9745774269104	2.031853319868172	2.0
78.99025845527649	2.0306540062987333	2.0
79.00113773345947	2.0306540062987333	2.0
79.01188015937805	2.0306540062987333	2.0
79.02664351463318	2.0306540062987333	2.0
79.03985929489136	2.028564299211885	2.0
79.05155754089355	2.028564299211885	2.0
79.06549954414368	2.028564299211885	2.0
79.08002543449402	2.026808293316527	2.0
79.09124374389648	2.026808293316527	2.0
79.1056342124939	2.026808293316527	2.0
79.12077498435974	2.026808293316527	2.0
79.13377737998962	2.0251539041119817	2.0
79.14664196968079	2.0251539041119817	2.0
79.15914630889893	2.0251539041119817	2.0
79.17297101020813	2.0227265369393064	2.0
79.18783855438232	2.0227265369393064	2.0
79.19971919059753	2.0227265369393064	2.0
79.21353483200073	2.0227265369393064	2.0
79.22791457176208	2.020689291489676	2.0
79.23937511444092	2.020689291489676	2.0
79.25199794769287	2.020689291489676	2.0
79.26787948608398	2.018556622358481	2.0
79.28019595146179	2.018556622358481	2.0
79.29497694969177	2.018556622358481	2.0
79.31009221076965	2.0172860102804755	2.0
79.32147550582886	2.0172860102804755	2.0
79.33278465270996	2.0172860102804755	2.0
79.347904920578	2.0172860102804755	2.0
79.36089158058167	2.016129661758308	2.0
79.37275123596191	2.016129661758308	2.0
79.38814425468445	2.016129661758308	2.0
79.40393853187561	2.0159299117583083	2.0
79.41530513763428	2.0159299117583083	2.0
79.43056082725525	2.0159299117583083	2.0
79.44542121887207	2.0157478816024117	2.0
79.45724964141846	2.0157478816024117	2.0
79.4693546295166	2.0157478816024117	2.0
79.48232340812683	2.0157478816024117	2.0
79.49460291862488	2.0168727482448334	2.0
79.50617814064026	2.0168727482448334	2.0
79.51963901519775	2.0168727482448334	2.0
79.53319191932678	2.0168727482448334	2.0
79.54704284667969	2.0193622923710755	2.0
79.55870127677917	2.0193622923710755	2.0
79.57016730308533	2.0193622923710755	2.0
79.58375430107117	2.0231103466241644	2.0
79.59678173065186	2.0231103466241644	2.0
79.60876274108887	2.0231103466241644	2.0
79.62315535545349	2.0231103466241644	2.0
79.63684511184692	2.0252265795335447	2.0
79.64783549308777	2.0252265795335447	2.0
79.66158604621887	2.0252265795335447	2.0
79.6768434047699	2.0280566177146375	2.0
79.6882872581482	2.0280566177146375	2.0
79.69937014579773	2.0280566177146375	2.0
79.71545672416687	2.0280566177146375	2.0
79.7285737991333	2.0319725316883446	2.0
79.74019074440002	2.0319725316883446	2.0
79.7539792060852	2.0319725316883446	2.0
79.76740217208862	2.0354350598613045	2.0
79.77840852737427	2.0354350598613045	2.0
79.79068803787231	2.0354350598613045	2.0
79.80561137199402	2.0354350598613045	2.0
79.8190131187439	2.0396935936134963	2.0
79.83196187019348	2.0396935936134963	2.0
79.84390544891357	2.0396935936134963	2.0
79.8570499420166	2.0396935936134963	2.0
79.86932420730591	2.04281394541762	2.0
79.88094019889832	2.04281394541762	2.0
79.89586853981018	2.04281394541762	2.0
79.91000533103943	2.046233288747229	2.0
79.92160415649414	2.046233288747229	2.0
79.93275141716003	2.046233288747229	2.0
79.9457335472107	2.046233288747229	2.0
79.95896458625793	2.0483490021161033	2.0
79.97118163108826	2.0483490021161033	2.0
79.98488926887512	2.0483490021161033	2.0
79.99969458580017	2.048902993262422	2.0
80.01045680046082	2.048902993262422	2.0
80.02202272415161	2.048902993262422	2.0
80.03685593605042	2.048902993262422	2.0
80.05026173591614	2.050011828213878	2.0
80.06210279464722	2.050011828213878	2.0
80.07508492469788	2.050011828213878	2.0
80.08689856529236	2.050011828213878	2.0
80.09901475906372	2.0537546942504354	2.0
80.11129879951477	2.0537546942504354	2.0
80.1251928806305	2.0537546942504354	2.0
80.13948607444763	2.0575407977968885	2.0
80.15178775787354	2.0575407977968885	2.0
80.16319799423218	2.0575407977968885	2.0
80.17626023292542	2.0575407977968885	2.0
80.19014000892639	2.0600706406665057	2.0
80.20242977142334	2.0600706406665057	2.0
80.21691274642944	2.0600706406665057	2.0
80.23276019096375	2.0630749680578644	2.0
80.24435925483704	2.0630749680578644	2.0
80.25560593605042	2.0630749680578644	2.0
80.27002215385437	2.0630749680578644	2.0
80.28439593315125	2.065346060138764	2.0
80.29628872871399	2.065346060138764	2.0
80.31272578239441	2.065346060138764	2.0
80.32582759857178	2.067978004763212	2.0
80.33725833892822	2.067978004763212	2.0
80.34995007514954	2.067978004763212	2.0
80.3660581111908	2.067978004763212	2.0
80.37872672080994	2.07019466988197	2.0
80.39036655426025	2.07019466988197	2.0
80.40373682975769	2.07019466988197	2.0
80.41700434684753	2.0717578135700174	2.0
80.42855215072632	2.0717578135700174	2.0
80.44212365150452	2.0717578135700174	2.0
80.4560899734497	2.0746837526832884	2.0
80.4674882888794	2.0746837526832884	2.0
80.47978806495667	2.0746837526832884	2.0
80.49630880355835	2.0746837526832884	2.0
80.51048469543457	2.075918007697615	2.0
80.52244520187378	2.075918007697615	2.0
80.53434991836548	2.075918007697615	2.0
80.54732036590576	2.076089021610776	2.0
80.5592610836029	2.076089021610776	2.0
80.57342576980591	2.076089021610776	2.0
80.5912082195282	2.075587004914971	2.0
80.60467720031738	2.075587004914971	2.0
80.61593866348267	2.075587004914971	2.0
80.62864089012146	2.075587004914971	2.0
80.64296245574951	2.0755228186768346	2.0
80.65505647659302	2.0755228186768346	2.0
80.6674063205719	2.0755228186768346	2.0
80.68365859985352	2.075450962367026	2.0
80.69522643089294	2.075450962367026	2.0
80.70625567436218	2.075450962367026	2.0
80.72035765647888	2.075450962367026	2.0
80.73483085632324	2.075384972421915	2.0
80.74724817276001	2.075384972421915	2.0
80.76284694671631	2.075384972421915	2.0
80.77553200721741	2.075366675993344	2.0
80.78671765327454	2.075366675993344	2.0
80.79994940757751	2.075366675993344	2.0
80.81639456748962	2.075256390406162	2.0
80.82806205749512	2.075256390406162	2.0
80.84115624427795	2.075256390406162	2.0
80.85493803024292	2.075256390406162	2.0
80.86753225326538	2.07588862992002	2.0
80.87977290153503	2.07588862992002	2.0
80.89399003982544	2.07588862992002	2.0
80.90798878669739	2.0765851017831856	2.0
80.92002534866333	2.0765851017831856	2.0
80.93231081962585	2.0765851017831856	2.0
80.94474244117737	2.0765851017831856	2.0
80.95924472808838	2.077867871562247	2.0
80.97131323814392	2.077867871562247	2.0
80.98433518409729	2.077867871562247	2.0
80.99873733520508	2.079006515387642	2.0
81.01124811172485	2.079006515387642	2.0
81.0231580734253	2.079006515387642	2.0
81.03808808326721	2.080321180160369	2.0
81.05057191848755	2.080321180160369	2.0
81.06227278709412	2.080321180160369	2.0
81.07723212242126	2.080321180160369	2.0
81.0915379524231	2.081939069985242	2.0
81.10367369651794	2.081939069985242	2.0
81.1192376613617	2.081939069985242	2.0
81.13419771194458	2.0826213889297422	2.0
81.1455225944519	2.0826213889297422	2.0
81.1565113067627	2.0826213889297422	2.0
81.17003631591797	2.0826213889297422	2.0
81.18314051628113	2.0825083872782146	2.0
81.19629120826721	2.0825083872782146	2.0
81.21130466461182	2.0825083872782146	2.0
81.22452664375305	2.082741874553663	2.0
81.23649573326111	2.082741874553663	2.0
81.25064992904663	2.082741874553663	2.0
81.269291639328	2.0823710668463846	2.0
81.28237915039062	2.0823710668463846	2.0
81.29566359519958	2.0823710668463846	2.0
81.30966281890869	2.0823710668463846	2.0
81.32158041000366	2.0822101395065036	2.0
81.33361983299255	2.0822101395065036	2.0
81.34825038909912	2.0822101395065036	2.0
81.36413884162903	2.0822284715978108	2.0
81.37574934959412	2.0822284715978108	2.0
81.38737344741821	2.0822284715978108	2.0
81.40008735656738	2.0822284715978108	2.0
81.41300368309021	2.0815455778204646	2.0
81.42598605155945	2.0815455778204646	2.0
81.44002413749695	2.0815455778204646	2.0
81.4545087814331	2.0802362103956344	2.0
81.46614575386047	2.0802362103956344	2.0
81.47895503044128	2.0802362103956344	2.0
81.49396061897278	2.078115396913959	2.0
81.50707006454468	2.078115396913959	2.0
81.51977729797363	2.078115396913959	2.0
81.53473854064941	2.078115396913959	2.0
81.54722857475281	2.0757931459226824	2.0
81.55927205085754	2.0757931459226824	2.0
81.57410478591919	2.0757931459226824	2.0
81.59131956100464	2.0746255890834453	2.0
81.6037859916687	2.0746255890834453	2.0
81.61606860160828	2.0746255890834453	2.0
81.62898826599121	2.0746255890834453	2.0
81.64165306091309	2.072832676995533	2.0
81.65418672561646	2.072832676995533	2.0
81.66859102249146	2.072832676995533	2.0
81.68221020698547	2.071144451839198	2.0
81.69492816925049	2.071144451839198	2.0
81.70716261863708	2.071144451839198	2.0
81.72058057785034	2.07054421969634	2.0
81.73206686973572	2.07054421969634	2.0
81.74430012702942	2.07054421969634	2.0
81.75822234153748	2.07054421969634	2.0
81.77298498153687	2.070139686004299	2.0
81.7848732471466	2.070139686004299	2.0
81.7989194393158	2.070139686004299	2.0
81.81393361091614	2.0699518767510514	2.0
81.8258466720581	2.0699518767510514	2.0
81.83945775032043	2.0699518767510514	2.0
81.85445928573608	2.070290532620255	2.0
81.86770224571228	2.070290532620255	2.0
81.880699634552	2.070290532620255	2.0
81.89622473716736	2.070290532620255	2.0
81.90916991233826	2.071354298963617	2.0
81.92008662223816	2.071354298963617	2.0
81.93318772315979	2.071354298963617	2.0
81.94854688644409	2.0734078605570745	2.0
81.96076369285583	2.0734078605570745	2.0
81.97493982315063	2.0734078605570745	2.0
81.99086999893188	2.075824964233402	2.0
82.00261378288269	2.075824964233402	2.0
82.01589465141296	2.075824964233402	2.0
82.03198289871216	2.075824964233402	2.0
82.04421973228455	2.0785075782139844	2.0
82.0557188987732	2.0785075782139844	2.0
82.06916570663452	2.0785075782139844	2.0
82.08435153961182	2.0835960218633582	2.0
82.09617185592651	2.0835960218633582	2.0
82.10946249961853	2.0835960218633582	2.0
82.12373566627502	2.0835960218633582	2.0
82.13624382019043	2.0893670105111157	2.0
82.14941239356995	2.0893670105111157	2.0
82.16212368011475	2.0893670105111157	2.0
82.176265001297	2.0950005759873065	2.0
82.1888484954834	2.0950005759873065	2.0
82.20469403266907	2.0950005759873065	2.0
82.21974897384644	2.1007259738313286	2.0
82.2311143875122	2.1007259738313286	2.0
82.24311685562134	2.1007259738313286	2.0
82.25840973854065	2.1007259738313286	2.0
82.27235054969788	2.105876653253563	2.0
82.28623294830322	2.105876653253563	2.0
82.30269265174866	2.105876653253563	2.0
82.31485080718994	2.1115503258277766	2.0
82.32843160629272	2.1115503258277766	2.0
82.34274673461914	2.1115503258277766	2.0
82.35917663574219	2.1175998155883744	2.0
82.37188982963562	2.1175998155883744	2.0
82.38597917556763	2.1175998155883744	2.0
82.4010739326477	2.1228675795733656	2.0
82.41360759735107	2.1228675795733656	2.0
82.42567896842957	2.1228675795733656	2.0
82.4406852722168	2.1228675795733656	2.0
82.45823311805725	2.12829954963079	2.0
82.47030544281006	2.12829954963079	2.0
82.48304677009583	2.12829954963079	2.0
82.49691247940063	2.132767154111746	2.0
82.50928688049316	2.132767154111746	2.0
82.52244067192078	2.132767154111746	2.0
82.54023098945618	2.1372601306626704	2.0
82.55205225944519	2.1372601306626704	2.0
82.56431102752686	2.1372601306626704	2.0
82.5799286365509	2.1372601306626704	2.0
82.59322476387024	2.140459625585455	2.0
82.6057140827179	2.140459625585455	2.0
82.62081027030945	2.140459625585455	2.0
82.63369297981262	2.1444391493949784	2.0
82.64567470550537	2.1444391493949784	2.0
82.66187953948975	2.1444391493949784	2.0
82.67925024032593	2.147965421070295	2.0
82.69027900695801	2.147965421070295	2.0
82.70480036735535	2.147965421070295	2.0
82.7209370136261	2.1499886661185514	2.0
82.73417925834656	2.1499886661185514	2.0
82.74768161773682	2.1499886661185514	2.0
82.76048684120178	2.1499886661185514	2.0
82.77395343780518	2.1504900907561266	2.0
82.78591823577881	2.1504900907561266	2.0
82.7998251914978	2.1504900907561266	2.0
82.81320548057556	2.1504302240511395	2.0
82.82526206970215	2.1504302240511395	2.0
82.83879852294922	2.1504302240511395	2.0
82.8529360294342	2.1500610047441224	2.0
82.86559414863586	2.1500610047441224	2.0
82.87837958335876	2.1500610047441224	2.0
82.89339303970337	2.1500610047441224	2.0
82.90794467926025	2.1485293379212	2.0
82.9193856716156	2.1485293379212	2.0
82.93239378929138	2.1485293379212	2.0
82.94906449317932	2.146676281426874	2.0
82.96160650253296	2.146676281426874	2.0
82.97446584701538	2.146676281426874	2.0
82.99018144607544	2.146676281426874	2.0
83.00224447250366	2.1433541220774566	2.0
83.01470351219177	2.1433541220774566	2.0
83.0308187007904	2.1433541220774566	2.0
83.04394102096558	2.139909751387801	2.0
83.05567598342896	2.139909751387801	2.0
83.06989002227783	2.139909751387801	2.0
83.08298444747925	2.1346665939202696	2.0
83.095294713974	2.1346665939202696	2.0
83.10809016227722	2.1346665939202696	2.0
83.12298703193665	2.1346665939202696	2.0
83.13502478599548	2.1293580523739744	2.0
83.1474826335907	2.1293580523739744	2.0
83.15990662574768	2.1293580523739744	2.0
83.17297053337097	2.1261646327353905	2.0
83.18474102020264	2.1261646327353905	2.0
83.19939541816711	2.1261646327353905	2.0
83.2140531539917	2.123750028638355	2.0
83.22695064544678	2.123750028638355	2.0
83.24175262451172	2.123750028638355	2.0
83.25540161132812	2.123750028638355	2.0
83.26753783226013	2.122105676792307	2.0
83.27891445159912	2.122105676792307	2.0
83.29337477684021	2.122105676792307	2.0
83.30854082107544	2.121016938391863	2.0
83.32021379470825	2.121016938391863	2.0
83.33154892921448	2.121016938391863	2.0
83.34687232971191	2.121016938391863	2.0
83.35972929000854	2.120454765102584	2.0
83.3716070652008	2.120454765102584	2.0
83.38619446754456	2.120454765102584	2.0
83.3986427783966	2.120154240278228	2.0
83.40963697433472	2.120154240278228	2.0
83.42430782318115	2.120154240278228	2.0
83.44061470031738	2.1205664904978785	2.0
83.45171427726746	2.1205664904978785	2.0
83.46281719207764	2.1205664904978785	2.0
83.47939229011536	2.1205664904978785	2.0
83.49346470832825	2.1211932043533004	2.0
83.50618600845337	2.1211932043533004	2.0
83.51892852783203	2.1211932043533004	2.0
83.53207874298096	2.1236435123999837	2.0
83.54449200630188	2.1236435123999837	2.0
83.55695152282715	2.1236435123999837	2.0
83.57232093811035	2.1236435123999837	2.0
83.58663129806519	2.1264810360804116	2.0
83.5993161201477	2.1264810360804116	2.0
83.61186838150024	2.1264810360804116	2.0
83.62527799606323	2.12834552338736	2.0
83.63824343681335	2.12834552338736	2.0
83.65081262588501	2.12834552338736	2.0
83.66658663749695	2.12834552338736	2.0
83.68051028251648	2.130517693968755	2.0
83.69236040115356	2.130517693968755	2.0
83.70595121383667	2.130517693968755	2.0
83.7217116355896	2.1317051234810007	2.0
83.73512029647827	2.1317051234810007	2.0
83.75117874145508	2.1317051234810007	2.0
83.764475107193	2.1312470731239457	2.0
83.77558875083923	2.1312470731239457	2.0
83.78972268104553	2.1312470731239457	2.0
83.80532932281494	2.1312470731239457	2.0
83.81842637062073	2.1299571151366945	2.0
83.83083510398865	2.1299571151366945	2.0
83.84382581710815	2.1299571151366945	2.0
83.87054777145386	2.1299571151366945	2.0
83.8869378566742	2.1276690193118886	2.0
83.90307426452637	2.1276690193118886	2.0
83.92084813117981	2.1253084024721263	2.0
83.93420243263245	2.1253084024721263	2.0
83.94686889648438	2.1253084024721263	2.0
83.96361255645752	2.1253084024721263	2.0
83.98138356208801	2.1229412837254	2.0
83.99634623527527	2.1229412837254	2.0
84.01197242736816	2.1229412837254	2.0
84.0253336429596	2.116862386883791	2.0
84.03854203224182	2.116862386883791	2.0
84.05370497703552	2.116862386883791	2.0
84.06882214546204	2.1106837351983976	2.0
84.080885887146	2.1106837351983976	2.0
84.09364604949951	2.1106837351983976	2.0
84.10972046852112	2.104508635853891	2.0
84.1232705116272	2.104508635853891	2.0
84.13642954826355	2.104508635853891	2.0
84.15253281593323	2.0977691227724957	2.0
84.16502833366394	2.0977691227724957	2.0
84.1775689125061	2.0977691227724957	2.0
84.19413924217224	2.0977691227724957	2.0
84.21194624900818	2.0918083388989333	2.0
84.22374677658081	2.0918083388989333	2.0
84.24130606651306	2.0918083388989333	2.0
84.25660443305969	2.086826140635906	2.0
84.27178144454956	2.086826140635906	2.0
84.28715252876282	2.086826140635906	2.0
84.29915738105774	2.0820462887475037	2.0
84.3119523525238	2.0820462887475037	2.0
84.32783722877502	2.0820462887475037	2.0
84.34308767318726	2.0790088031706917	2.0
84.35618257522583	2.0790088031706917	2.0
84.36949944496155	2.0790088031706917	2.0
84.38207602500916	2.0749461189990948	2.0
84.39456295967102	2.0749461189990948	2.0
84.40803217887878	2.0749461189990948	2.0
84.42214131355286	2.0749461189990948	2.0
84.43434858322144	2.0717681359593643	2.0
84.44653654098511	2.0717681359593643	2.0
84.4580135345459	2.0717681359593643	2.0
84.47125601768494	2.0714320370168884	2.0
84.48446273803711	2.0714320370168884	2.0
84.4984016418457	2.0714320370168884	2.0
84.51315188407898	2.0710967432242926	2.0
84.52652764320374	2.0710967432242926	2.0
84.53883528709412	2.0710967432242926	2.0
84.55209851264954	2.0710967432242926	2.0
84.56652855873108	2.070949496947968	2.0
84.57827711105347	2.070949496947968	2.0
84.59092354774475	2.070949496947968	2.0
84.60641646385193	2.0723274514934227	2.0
84.61842322349548	2.0723274514934227	2.0
84.63062334060669	2.0723274514934227	2.0
84.64592027664185	2.0723274514934227	2.0
84.65886306762695	2.073349731028404	2.0
84.67114186286926	2.073349731028404	2.0
84.68658447265625	2.073349731028404	2.0
84.70285034179688	2.0741419408841733	2.0
84.71497964859009	2.0741419408841733	2.0
84.72936511039734	2.0741419408841733	2.0
84.74310827255249	2.0751272009435744	2.0
84.75579810142517	2.0751272009435744	2.0
84.76862525939941	2.0751272009435744	2.0
84.78082299232483	2.0751272009435744	2.0
84.79396677017212	2.076182272821382	2.0
84.80642199516296	2.076182272821382	2.0
84.81966423988342	2.076182272821382	2.0
84.83387327194214	2.07828376641921	2.0
84.84588766098022	2.07828376641921	2.0
84.85781192779541	2.07828376641921	2.0
84.8702974319458	2.07828376641921	2.0
84.88444519042969	2.0801121098896025	2.0
84.8971700668335	2.0801121098896025	2.0
84.9103729724884	2.0801121098896025	2.0
84.92537522315979	2.082020219921094	2.0
84.93643140792847	2.082020219921094	2.0
84.94856476783752	2.082020219921094	2.0
84.96562576293945	2.082020219921094	2.0
84.97845435142517	2.083595687733969	2.0
84.98964262008667	2.083595687733969	2.0
85.0046854019165	2.083595687733969	2.0
85.019522190094	2.0846078541965833	2.0
85.03307008743286	2.0846078541965833	2.0
85.0491852760315	2.0846078541965833	2.0
85.06215381622314	2.083868373915835	2.0
85.07383942604065	2.083868373915835	2.0
85.08880090713501	2.083868373915835	2.0
85.10515427589417	2.081736274030426	2.0
85.119140625	2.081736274030426	2.0
85.13230013847351	2.081736274030426	2.0
85.14501786231995	2.081736274030426	2.0
85.15789914131165	2.080291854716902	2.0
85.16995477676392	2.080291854716902	2.0
85.18408370018005	2.080291854716902	2.0
85.20132613182068	2.0788866775528905	2.0
85.21387529373169	2.0788866775528905	2.0
85.22553777694702	2.0788866775528905	2.0
85.23977637290955	2.0788866775528905	2.0
85.25206184387207	2.0767707549338428	2.0
85.26415729522705	2.0767707549338428	2.0
85.27979040145874	2.0767707549338428	2.0
85.29473209381104	2.073729846823403	2.0
85.30615949630737	2.073729846823403	2.0
85.3206479549408	2.073729846823403	2.0
85.33578777313232	2.0717832111164465	2.0
85.34853148460388	2.0717832111164465	2.0
85.36277222633362	2.0717832111164465	2.0
85.37788844108582	2.0682764763771653	2.0
85.38912057876587	2.0682764763771653	2.0
85.40178418159485	2.0682764763771653	2.0
85.42046570777893	2.0682764763771653	2.0
85.43469166755676	2.0645213784952654	2.0
85.44681215286255	2.0645213784952654	2.0
85.45958209037781	2.0645213784952654	2.0
85.47274279594421	2.061568072713846	2.0
85.48491859436035	2.061568072713846	2.0
85.49871015548706	2.061568072713846	2.0
85.51290130615234	2.0590265180919975	2.0
85.52490425109863	2.0590265180919975	2.0
85.53695487976074	2.0590265180919975	2.0
85.54863858222961	2.0590265180919975	2.0
85.5631742477417	2.05722847187351	2.0
85.57516694068909	2.05722847187351	2.0
85.58899402618408	2.05722847187351	2.0
85.60451436042786	2.0556832505620344	2.0
85.61717772483826	2.0556832505620344	2.0
85.62860989570618	2.0556832505620344	2.0
85.64193344116211	2.0556832505620344	2.0
85.65634274482727	2.0545432445967657	2.0
85.66831755638123	2.0545432445967657	2.0
85.68016934394836	2.0545432445967657	2.0
85.69547271728516	2.053694697253442	2.0
85.70861530303955	2.053694697253442	2.0
85.72129797935486	2.053694697253442	2.0
85.7371826171875	2.053694697253442	2.0
85.75009489059448	2.053791714290253	2.0
85.76177501678467	2.053791714290253	2.0
85.77701354026794	2.053791714290253	2.0
85.7904167175293	2.0524292674086704	2.0
85.80249857902527	2.0524292674086704	2.0
85.81806421279907	2.0524292674086704	2.0
85.83213949203491	2.05188471146298	2.0
85.84404826164246	2.05188471146298	2.0
85.85901117324829	2.05188471146298	2.0
85.8743851184845	2.0521057060450234	2.0
85.88680458068848	2.0521057060450234	2.0
85.8994996547699	2.0521057060450234	2.0
85.91218757629395	2.0521057060450234	2.0
85.9248399734497	2.0530623005737008	2.0
85.93719005584717	2.0530623005737008	2.0
85.95300698280334	2.0530623005737008	2.0
85.96635746955872	2.0537604276828123	2.0
85.97811365127563	2.0537604276828123	2.0
85.98963618278503	2.0537604276828123	2.0
86.00177049636841	2.0537604276828123	2.0
86.01528477668762	2.0556920516720307	2.0
86.02674961090088	2.0556920516720307	2.0
86.04121446609497	2.0556920516720307	2.0
86.0558226108551	2.0577171033961688	2.0
86.06736087799072	2.0577171033961688	2.0
86.0792555809021	2.0577171033961688	2.0
86.09394955635071	2.0577171033961688	2.0
86.10744071006775	2.059302927598067	2.0
86.11963081359863	2.059302927598067	2.0
86.13469052314758	2.059302927598067	2.0
86.14842987060547	2.0600629039954454	2.0
86.15956044197083	2.0600629039954454	2.0
86.17361783981323	2.0600629039954454	2.0
86.18850040435791	2.0602865633455467	2.0
86.201180934906	2.0602865633455467	2.0
86.21401476860046	2.0602865633455467	2.0
86.22920060157776	2.0602865633455467	2.0
86.24079990386963	2.0595073854349413	2.0
86.25317573547363	2.0595073854349413	2.0
86.26790070533752	2.0595073854349413	2.0
86.28173518180847	2.0593992823734952	2.0
86.294180393219	2.0593992823734952	2.0
86.30819272994995	2.0593992823734952	2.0
86.3213620185852	2.0593992823734952	2.0
86.3337197303772	2.058769531424729	2.0
86.34691333770752	2.058769531424729	2.0
86.36252331733704	2.058769531424729	2.0
86.37713623046875	2.056490363428735	2.0
86.38915085792542	2.056490363428735	2.0
86.4028069972992	2.056490363428735	2.0
86.4171233177185	2.0531120525871707	2.0
86.42857956886292	2.0531120525871707	2.0
86.44021201133728	2.0531120525871707	2.0
86.45265030860901	2.0531120525871707	2.0
86.46555852890015	2.048648268834639	2.0
86.47776913642883	2.048648268834639	2.0
86.49508476257324	2.048648268834639	2.0
86.50952863693237	2.044453277056005	2.0
86.5207417011261	2.044453277056005	2.0
86.53232955932617	2.044453277056005	2.0
86.54715824127197	2.044453277056005	2.0
86.56100487709045	2.039201496742881	2.0
86.57389259338379	2.039201496742881	2.0
86.5892128944397	2.039201496742881	2.0
86.60219264030457	2.035519154227288	2.0
86.61379027366638	2.035519154227288	2.0
86.62840175628662	2.035519154227288	2.0
86.64327025413513	2.031164826524585	2.0
86.65527248382568	2.031164826524585	2.0
86.66776084899902	2.031164826524585	2.0
86.68053078651428	2.031164826524585	2.0
86.69257402420044	2.0271623172385604	2.0
86.70453310012817	2.0271623172385604	2.0
86.72131419181824	2.0271623172385604	2.0
86.73504829406738	2.023138721003142	2.0
86.74693202972412	2.023138721003142	2.0
86.75954985618591	2.023138721003142	2.0
86.77272415161133	2.0197002734224965	2.0
86.7849326133728	2.0197002734224965	2.0
86.79786014556885	2.0197002734224965	2.0
86.81285572052002	2.0197002734224965	2.0
86.82659482955933	2.0167470530397464	2.0
86.83941149711609	2.0167470530397464	2.0
86.85182571411133	2.0167470530397464	2.0
86.86613082885742	2.0150351425721214	2.0
86.87977170944214	2.0150351425721214	2.0
86.89326882362366	2.0150351425721214	2.0
86.90906596183777	2.01316727292367	2.0
86.92053866386414	2.01316727292367	2.0
86.9329674243927	2.01316727292367	2.0
86.9498507976532	2.01316727292367	2.0
86.96318459510803	2.010838858139456	2.0
86.97517037391663	2.010838858139456	2.0
86.98952555656433	2.010838858139456	2.0
87.00198435783386	2.010564571942126	2.0
87.01399087905884	2.010564571942126	2.0
87.02724647521973	2.010564571942126	2.0
87.04324841499329	2.0095085485224766	2.0
87.05519390106201	2.0095085485224766	2.0
87.06801319122314	2.0095085485224766	2.0
87.08057141304016	2.0095085485224766	2.0
87.09321928024292	2.0101305174531126	2.0
87.10500717163086	2.0101305174531126	2.0
87.11996364593506	2.0101305174531126	2.0
87.13460946083069	2.011517623952444	2.0
87.14663314819336	2.011517623952444	2.0
87.1587553024292	2.011517623952444	2.0
87.1708915233612	2.011517623952444	2.0
87.18391537666321	2.0135169672962356	2.0
87.19620680809021	2.0135169672962356	2.0
87.2090802192688	2.0135169672962356	2.0
87.22380065917969	2.01568574705814	2.0
87.23758912086487	2.01568574705814	2.0
87.2513964176178	2.01568574705814	2.0
87.26583671569824	2.0185770093213464	2.0
87.27834987640381	2.0185770093213464	2.0
87.29052090644836	2.0185770093213464	2.0
87.30566191673279	2.0185770093213464	2.0
87.3185293674469	2.0213099729201223	2.0
87.33065247535706	2.0213099729201223	2.0
87.34665870666504	2.0213099729201223	2.0
87.36049795150757	2.0252369895113738	2.0
87.37198972702026	2.0252369895113738	2.0
87.38632798194885	2.0252369895113738	2.0
87.40224194526672	2.0294063443500834	2.0
87.41505908966064	2.0294063443500834	2.0
87.42920804023743	2.0294063443500834	2.0
87.44372200965881	2.0329739317206146	2.0
87.45536375045776	2.0329739317206146	2.0
87.46739602088928	2.0329739317206146	2.0
87.48449659347534	2.0329739317206146	2.0
87.49795579910278	2.0362401837215636	2.0
87.5104284286499	2.0362401837215636	2.0
87.52325654029846	2.0362401837215636	2.0
87.53782820701599	2.0364060522909275	2.0
87.54997444152832	2.0364060522909275	2.0
87.56427788734436	2.0364060522909275	2.0
87.58073806762695	2.0360716775500967	2.0
87.59301948547363	2.0360716775500967	2.0
87.60523319244385	2.0360716775500967	2.0
87.61850047111511	2.0360716775500967	2.0
87.63181471824646	2.0347112916407553	2.0
87.64405679702759	2.0347112916407553	2.0
87.65715050697327	2.0347112916407553	2.0
87.67304301261902	2.032567640647695	2.0
87.68490648269653	2.032567640647695	2.0
87.69639730453491	2.032567640647695	2.0
87.7127137184143	2.032567640647695	2.0
87.72677969932556	2.0292264795657284	2.0
87.73873138427734	2.0292264795657284	2.0
87.75547981262207	2.0292264795657284	2.0
87.76837730407715	2.0251246171860235	2.0
87.77983474731445	2.0251246171860235	2.0
87.79404878616333	2.0251246171860235	2.0
87.80870461463928	2.0183102320473525	2.0
87.82104516029358	2.0183102320473525	2.0
87.83538889884949	2.0183102320473525	2.0
87.84918165206909	2.011035419908624	2.0
87.86130666732788	2.011035419908624	2.0
87.87420439720154	2.011035419908624	2.0
87.88904309272766	2.011035419908624	2.0
87.90233707427979	2.003363022994462	2.0
87.9144835472107	2.003363022994462	2.0
87.92752647399902	2.003363022994462	2.0
87.94156765937805	1.9959491485583474	2.0
87.95471620559692	1.9959491485583474	2.0
87.96687984466553	1.9959491485583474	2.0
87.97892761230469	1.9959491485583474	2.0
87.99192023277283	1.991492168616487	2.0
88.0037682056427	1.991492168616487	2.0
88.01692962646484	1.991492168616487	2.0
88.0325276851654	1.986963248294808	2.0
88.04455852508545	1.986963248294808	2.0
88.05635285377502	1.986963248294808	2.0
88.06959795951843	1.986963248294808	2.0
88.08563709259033	1.98191440262013	2.0
88.09839868545532	1.98191440262013	2.0
88.11270570755005	1.98191440262013	2.0
88.12729620933533	1.977196587312824	2.0
88.13857579231262	1.977196587312824	2.0
88.15069699287415	1.977196587312824	2.0
88.16548562049866	1.977196587312824	2.0
88.18013668060303	1.9722155739187976	2.0
88.19291019439697	1.9722155739187976	2.0
88.20767521858215	1.9722155739187976	2.0
88.2197539806366	1.9687760328338708	2.0
88.232253074646	1.9687760328338708	2.0
88.2484974861145	1.9687760328338708	2.0
88.2645902633667	1.9666722602728233	2.0
88.27728152275085	1.9666722602728233	2.0
88.29038000106812	1.9666722602728233	2.0
88.30391097068787	1.9666722602728233	2.0
88.31752061843872	1.965773883435174	2.0
88.32998847961426	1.965773883435174	2.0
88.34321713447571	1.965773883435174	2.0
88.359539270401	1.9656543040316836	2.0
88.3718466758728	1.9656543040316836	2.0
88.38460493087769	1.9656543040316836	2.0
88.40149402618408	1.9656328152711147	2.0
88.41421937942505	1.9656328152711147	2.0
88.42733454704285	1.9656328152711147	2.0
88.44344687461853	1.9656328152711147	2.0
88.45658302307129	1.9657264387541062	2.0
88.46828317642212	1.9657264387541062	2.0
88.48450827598572	1.9657264387541062	2.0
88.50079441070557	1.9663132350987147	2.0
88.51310276985168	1.9663132350987147	2.0
88.52682280540466	1.9663132350987147	2.0
88.54007339477539	1.9663132350987147	2.0
88.55301237106323	1.9680708309298187	2.0
88.56590986251831	1.9680708309298187	2.0
88.58098530769348	1.9680708309298187	2.0
88.59532952308655	1.9704979334518868	2.0
88.6084475517273	1.9704979334518868	2.0
88.62079977989197	1.9704979334518868	2.0
88.63569521903992	1.9741875366795412	2.0
88.64854145050049	1.9741875366795412	2.0
88.66067433357239	1.9741875366795412	2.0
88.67575788497925	1.9741875366795412	2.0
88.69097352027893	1.978075127642733	2.0
88.70230722427368	1.978075127642733	2.0
88.71720719337463	1.978075127642733	2.0
88.73204708099365	1.9833087840784571	2.0
88.74337983131409	1.9833087840784571	2.0
88.75451350212097	1.9833087840784571	2.0
88.77027893066406	1.9872094243083172	2.0
88.78282833099365	1.9872094243083172	2.0
88.79646492004395	1.9872094243083172	2.0
88.81227612495422	1.9872094243083172	2.0
88.82365655899048	1.9917508178590762	2.0
88.83558440208435	1.9917508178590762	2.0
88.84979510307312	1.9917508178590762	2.0
88.86485981941223	1.9964750669028501	2.0
88.87823724746704	1.9964750669028501	2.0
88.89103937149048	1.9964750669028501	2.0
88.90474033355713	2.000933838702628	2.0
88.91652512550354	2.000933838702628	2.0
88.92861080169678	2.000933838702628	2.0
88.94337272644043	2.000933838702628	2.0
88.95705485343933	2.005148999712463	2.0
88.97006034851074	2.005148999712463	2.0
88.98377633094788	2.005148999712463	2.0
88.99746370315552	2.009818435734514	2.0
89.00946044921875	2.009818435734514	2.0
89.02218961715698	2.009818435734514	2.0
89.03608131408691	2.009818435734514	2.0
89.04999780654907	2.0121082043955774	2.0
89.06124591827393	2.0121082043955774	2.0
89.07359504699707	2.0121082043955774	2.0
89.08854651451111	2.013831559122468	2.0
89.10055375099182	2.013831559122468	2.0
89.1127986907959	2.013831559122468	2.0
89.12857055664062	2.013831559122468	2.0
89.14065361022949	2.0150533200823535	2.0
89.15188026428223	2.0150533200823535	2.0
89.16509509086609	2.0150533200823535	2.0
89.1808168888092	2.0152021713761625	2.0
89.19277858734131	2.0152021713761625	2.0
89.20561623573303	2.0152021713761625	2.0
89.22124719619751	2.015048101211506	2.0
89.23316097259521	2.015048101211506	2.0
89.24553871154785	2.015048101211506	2.0
89.26155829429626	2.015048101211506	2.0
89.27610039710999	2.0131434657499017	2.0
89.291428565979	2.0131434657499017	2.0
89.30469727516174	2.0131434657499017	2.0
89.31812787055969	2.0099762256556266	2.0
89.33047032356262	2.0099762256556266	2.0
89.34469413757324	2.0099762256556266	2.0
89.36029243469238	2.0064454133766776	2.0
89.37372016906738	2.0064454133766776	2.0
89.38516449928284	2.0064454133766776	2.0
89.39846587181091	2.0064454133766776	2.0
89.41190910339355	2.0039894646451764	2.0
89.42364954948425	2.0039894646451764	2.0
89.43873381614685	2.0039894646451764	2.0
89.45339012145996	2.000498881082142	2.0
89.46466159820557	2.000498881082142	2.0
89.47584319114685	2.000498881082142	2.0
89.4901475906372	2.000498881082142	2.0
89.50334191322327	1.9983720714374709	2.0
89.51519560813904	1.9983720714374709	2.0
89.52987003326416	1.9983720714374709	2.0
89.54468369483948	1.9971364515274987	2.0
89.55805134773254	1.9971364515274987	2.0
89.57212042808533	1.9971364515274987	2.0
89.58718991279602	1.9959922124249345	2.0
89.59837985038757	1.9959922124249345	2.0
89.61208868026733	1.9959922124249345	2.0
89.6284966468811	1.9959922124249345	2.0
89.64254808425903	1.9959386850747873	2.0
89.65431046485901	1.9959386850747873	2.0
89.66869163513184	1.9959386850747873	2.0
89.68211078643799	1.9975099124196973	2.0
89.6933844089508	1.9975099124196973	2.0
89.70769166946411	1.9975099124196973	2.0
89.7215187549591	2.0000171903542814	2.0
89.73353242874146	2.0000171903542814	2.0
89.74659466743469	2.0000171903542814	2.0
89.76081681251526	2.0000171903542814	2.0
89.77363109588623	2.0024010496871845	2.0
89.78591918945312	2.0024010496871845	2.0
89.79921627044678	2.0024010496871845	2.0
89.81377601623535	2.0042768621575697	2.0
89.82609343528748	2.0042768621575697	2.0
89.83789443969727	2.0042768621575697	2.0
89.85458731651306	2.004330700938211	2.0
89.8673906326294	2.004330700938211	2.0
89.87915849685669	2.004330700938211	2.0
89.89549160003662	2.004330700938211	2.0
89.90814256668091	2.0041863274335587	2.0
89.91915154457092	2.0041863274335587	2.0
89.93460369110107	2.0041863274335587	2.0
89.94907140731812	2.0048794224203665	2.0
89.9627902507782	2.0048794224203665	2.0
89.97854351997375	2.0048794224203665	2.0
89.99216294288635	2.0041849319420555	2.0
90.00436019897461	2.0041849319420555	2.0
90.01593232154846	2.0041849319420555	2.0
90.03048300743103	2.0041849319420555	2.0
90.04238200187683	2.0027653111706702	2.0
90.05401945114136	2.0027653111706702	2.0
90.06577515602112	2.0027653111706702	2.0
90.07718300819397	2.0027653111706702	2.0
90.08923816680908	2.00084678404132	2.0
90.10018491744995	2.00084678404132	2.0
90.11423063278198	2.00084678404132	2.0
90.13055872917175	1.997293880478645	2.0
90.14135694503784	1.997293880478645	2.0
90.15248703956604	1.997293880478645	2.0
90.16318821907043	1.997293880478645	2.0
90.1761577129364	1.9932507948395588	2.0
90.18849563598633	1.9932507948395588	2.0
90.19986915588379	1.9932507948395588	2.0
90.21112251281738	1.9932507948395588	2.0
90.22293853759766	1.9900452319870205	2.0
90.23406076431274	1.9900452319870205	2.0
90.24614310264587	1.9900452319870205	2.0
90.26086926460266	1.9900452319870205	2.0
90.27259683609009	1.9870338985975322	2.0
90.28303527832031	1.9870338985975322	2.0
90.29381155967712	1.9870338985975322	2.0
90.30831575393677	1.9849783171608326	2.0
90.31970191001892	1.9849783171608326	2.0
90.33046388626099	1.9849783171608326	2.0
90.34834885597229	1.9849783171608326	2.0
90.36015748977661	1.982829019863535	2.0
90.37069797515869	1.982829019863535	2.0
90.38181614875793	1.982829019863535	2.0
90.3963053226471	1.982829019863535	2.0
90.40843534469604	1.9802561957700995	2.0
90.4191255569458	1.9802561957700995	2.0
90.4315333366394	1.9802561957700995	2.0
90.44366884231567	1.9779344520787485	2.0
90.45460247993469	1.9779344520787485	2.0
90.46661305427551	1.9779344520787485	2.0
90.47934794425964	1.9779344520787485	2.0
90.49202418327332	1.9759419929898503	2.0
90.50384330749512	1.9759419929898503	2.0
90.51447200775146	1.9759419929898503	2.0
90.52540469169617	1.9759419929898503	2.0
90.53758072853088	1.9722145135387337	2.0
90.5492205619812	1.9722145135387337	2.0
90.5619158744812	1.9722145135387337	2.0
90.57582831382751	1.9722145135387337	2.0
90.58807063102722	1.9691588837972067	2.0
90.59858584403992	1.9691588837972067	2.0
90.60930705070496	1.9691588837972067	2.0
90.62295651435852	1.9691588837972067	2.0
90.63450074195862	1.9647419110812703	2.0
90.64511895179749	1.9647419110812703	2.0
90.65957045555115	1.9647419110812703	2.0
90.67443823814392	1.9611202990771663	2.0
90.68479371070862	1.9611202990771663	2.0
90.69540810585022	1.9611202990771663	2.0
90.70987939834595	1.9611202990771663	2.0
90.7219512462616	1.9580980643798132	2.0
90.73304176330566	1.9580980643798132	2.0
90.7457869052887	1.9580980643798132	2.0
90.75718092918396	1.9580980643798132	2.0
90.76861214637756	1.9554410273492393	2.0
90.77998375892639	1.9554410273492393	2.0
90.79404950141907	1.9554410273492393	2.0
90.80743741989136	1.9540640289708613	2.0
90.81917381286621	1.9540640289708613	2.0
90.83007287979126	1.9540640289708613	2.0
90.84121584892273	1.9540640289708613	2.0
90.85290622711182	1.9531648830774895	2.0
90.86346697807312	1.9531648830774895	2.0
90.87432718276978	1.9531648830774895	2.0
90.88793635368347	1.9531648830774895	2.0
90.90070104598999	1.9534040812360716	2.0
90.91161870956421	1.9534040812360716	2.0
90.92253470420837	1.9534040812360716	2.0
90.93483376502991	1.9534040812360716	2.0
90.94737672805786	1.9538479034719	2.0
90.95871067047119	1.9538479034719	2.0
90.96972727775574	1.9538479034719	2.0
90.98239278793335	1.9538479034719	2.0
90.99499082565308	1.9557809573360683	2.0
91.00617361068726	1.9557809573360683	2.0
91.01879358291626	1.9557809573360683	2.0
91.03313112258911	1.9577639366477957	2.0
91.04384970664978	1.9577639366477957	2.0
91.05431365966797	1.9577639366477957	2.0
91.06628394126892	1.9577639366477957	2.0
91.0807638168335	1.9610786686958588	2.0
91.09128713607788	1.9610786686958588	2.0
91.10514974594116	1.9610786686958588	2.0
91.12019085884094	1.9644771170970212	2.0
91.13108777999878	1.9644771170970212	2.0
91.14207410812378	1.9644771170970212	2.0
91.15526294708252	1.9644771170970212	2.0
91.1691222190857	1.967854647409397	2.0
91.179696559906	1.967854647409397	2.0
91.19147777557373	1.967854647409397	2.0
91.20360279083252	1.967854647409397	2.0
91.21550750732422	1.9707331060646847	2.0
91.22631931304932	1.9707331060646847	2.0
91.2380268573761	1.9707331060646847	2.0
91.25121998786926	1.9707331060646847	2.0
91.26358151435852	1.9733343546361133	2.0
91.27512073516846	1.9733343546361133	2.0
91.28683495521545	1.9733343546361133	2.0
91.29855847358704	1.9733343546361133	2.0
91.30992150306702	1.975287952979053	2.0
91.32098126411438	1.975287952979053	2.0
91.33605694770813	1.975287952979053	2.0
91.35131859779358	1.976379555504152	2.0
91.36230063438416	1.976379555504152	2.0
91.37241673469543	1.976379555504152	2.0
91.38639044761658	1.976379555504152	2.0
91.40256929397583	1.9776582855406268	2.0
91.41422700881958	1.9776582855406268	2.0
91.43056750297546	1.9776582855406268	2.0
91.44310140609741	1.9788070379078557	2.0
91.45407581329346	1.9788070379078557	2.0
91.46529722213745	1.9788070379078557	2.0
91.47930908203125	1.9788070379078557	2.0
91.49312138557434	1.9796289748459053	2.0
91.50400710105896	1.9796289748459053	2.0
91.51679921150208	1.9796289748459053	2.0
91.52808356285095	1.9796289748459053	2.0
91.5399706363678	1.980504589007755	2.0
91.55146431922913	1.980504589007755	2.0
91.5640013217926	1.980504589007755	2.0
91.57849216461182	1.9810478301508034	2.0
91.59013247489929	1.9810478301508034	2.0
91.6007444858551	1.9810478301508034	2.0
91.6120114326477	1.9810478301508034	2.0
91.62571239471436	1.9810327988816876	2.0
91.63641047477722	1.9810327988816876	2.0
91.64765620231628	1.9810327988816876	2.0
91.6611750125885	1.9810327988816876	2.0
91.67431735992432	1.981684179661039	2.0
91.68540978431702	1.981684179661039	2.0
91.6955919265747	1.981684179661039	2.0
91.70720624923706	1.981684179661039	2.0
91.72026228904724	1.9811043625650204	2.0
91.73167014122009	1.9811043625650204	2.0
91.74227213859558	1.9811043625650204	2.0
91.75426626205444	1.9811043625650204	2.0
91.76653289794922	1.979001371364938	2.0
91.7792456150055	1.979001371364938	2.0
91.79293513298035	1.979001371364938	2.0
91.8073673248291	1.9781890972608918	2.0
91.81843972206116	1.9781890972608918	2.0
91.82980179786682	1.9781890972608918	2.0
91.84359240531921	1.9781890972608918	2.0
91.85703706741333	1.9757312966437435	2.0
91.86862421035767	1.9757312966437435	2.0
91.88101530075073	1.9757312966437435	2.0
91.89395189285278	1.9757312966437435	2.0
91.90492701530457	1.9733329081281323	2.0
91.91576528549194	1.9733329081281323	2.0
91.9290075302124	1.9733329081281323	2.0
91.94316267967224	1.9708742764426994	2.0
91.95443415641785	1.9708742764426994	2.0
91.96550154685974	1.9708742764426994	2.0
91.97650003433228	1.9708742764426994	2.0
91.98853087425232	1.968204480247047	2.0
91.9995698928833	1.968204480247047	2.0
92.01089215278625	1.968204480247047	2.0
92.02250027656555	1.968204480247047	2.0
92.03560423851013	1.9648307024192166	2.0
92.04684686660767	1.9648307024192166	2.0
92.0582799911499	1.9648307024192166	2.0
92.06981587409973	1.9648307024192166	2.0
92.08194661140442	1.9612800897220126	2.0
92.09408259391785	1.9612800897220126	2.0
92.10597467422485	1.9612800897220126	2.0
92.12056279182434	1.9612800897220126	2.0
92.13178014755249	1.9555586873831932	2.0
92.14196872711182	1.9555586873831932	2.0
92.15307593345642	1.9555586873831932	2.0
92.16779899597168	1.9504556056375133	2.0
92.17948150634766	1.9504556056375133	2.0
92.19012451171875	1.9504556056375133	2.0
92.20568537712097	1.9504556056375133	2.0
92.21812009811401	1.946435873494656	2.0
92.2289662361145	1.946435873494656	2.0
92.2407329082489	1.946435873494656	2.0
92.25419425964355	1.946435873494656	2.0
92.26587271690369	1.9404424446519262	2.0
92.27693772315979	1.9404424446519262	2.0
92.28833651542664	1.9404424446519262	2.0
92.3012490272522	1.9404424446519262	2.0
92.31242513656616	1.9362756747974565	2.0
92.32411527633667	1.9362756747974565	2.0
92.33831429481506	1.9362756747974565	2.0
92.35157251358032	1.9312190064345605	2.0
92.3629310131073	1.9312190064345605	2.0
92.37349390983582	1.9312190064345605	2.0
92.38434076309204	1.9312190064345605	2.0
92.3964376449585	1.9268823974488978	2.0
92.40755796432495	1.9268823974488978	2.0
92.41890287399292	1.9268823974488978	2.0
92.43194317817688	1.9268823974488978	2.0
92.44539976119995	1.9232949436445501	2.0
92.45641207695007	1.9232949436445501	2.0
92.46665620803833	1.9232949436445501	2.0
92.48164486885071	1.9232949436445501	2.0
92.49376320838928	1.920646061044573	2.0
92.5041995048523	1.920646061044573	2.0
92.51508498191833	1.920646061044573	2.0
92.52784729003906	1.920646061044573	2.0
92.53919768333435	1.91804546014775	2.0
92.55061674118042	1.91804546014775	2.0
92.56426477432251	1.91804546014775	2.0
92.57800197601318	1.9180659053583444	2.0
92.58833122253418	1.9180659053583444	2.0
92.59938192367554	1.9180659053583444	2.0
92.61316680908203	1.9180659053583444	2.0
92.62664604187012	1.9170438171380488	2.0
92.63824129104614	1.9170438171380488	2.0
92.64953660964966	1.9170438171380488	2.0
92.66083335876465	1.9170438171380488	2.0
92.67364358901978	1.9172932648992425	2.0
92.68460464477539	1.9172932648992425	2.0
92.69584465026855	1.9172932648992425	2.0
92.70939588546753	1.9172932648992425	2.0
92.72158575057983	1.91808257777867	2.0
92.73369693756104	1.91808257777867	2.0
92.7443380355835	1.91808257777867	2.0
92.75622463226318	1.91808257777867	2.0
92.76795482635498	1.9199165661440407	2.0
92.77875828742981	1.9199165661440407	2.0
92.79077315330505	1.9199165661440407	2.0
92.80470204353333	1.9227243081553191	2.0
92.81584930419922	1.9227243081553191	2.0
92.82628226280212	1.9227243081553191	2.0
92.83812880516052	1.9227243081553191	2.0
92.8534004688263	1.9251456864793617	2.0
92.86502289772034	1.9251456864793617	2.0
92.87630200386047	1.9251456864793617	2.0
92.8904139995575	1.9251456864793617	2.0
92.90194439888	1.9281589804354056	2.0
92.9123330116272	1.9281589804354056	2.0
92.92325973510742	1.9281589804354056	2.0
92.93813896179199	1.9281589804354056	2.0
92.95063352584839	1.9294928993245954	2.0
92.9617211818695	1.9294928993245954	2.0
92.97397112846375	1.9294928993245954	2.0
92.98527073860168	1.9294928993245954	2.0
92.99629068374634	1.9319373093646408	2.0
93.00768089294434	1.9319373093646408	2.0
93.02066135406494	1.9319373093646408	2.0
93.03385496139526	1.93354197116212	2.0
93.04522442817688	1.93354197116212	2.0
93.05678343772888	1.93354197116212	2.0
93.06859016418457	1.93354197116212	2.0
93.08073234558105	1.935823586795543	2.0
93.09166622161865	1.935823586795543	2.0
93.10258054733276	1.935823586795543	2.0
93.11732792854309	1.935823586795543	2.0
93.1306836605072	1.93674689413639	2.0
93.14209198951721	1.93674689413639	2.0
93.15254426002502	1.93674689413639	2.0
93.16634321212769	1.93674689413639	2.0
93.1792049407959	1.9365951250996924	2.0
93.19070053100586	1.9365951250996924	2.0
93.20330953598022	1.9365951250996924	2.0
93.21695065498352	1.9343255429598087	2.0
93.2275824546814	1.9343255429598087	2.0
93.23914504051208	1.9343255429598087	2.0
93.25418758392334	1.9343255429598087	2.0
93.26684832572937	1.9324605226902105	2.0
93.27765941619873	1.9324605226902105	2.0
93.28911852836609	1.9324605226902105	2.0
93.30381417274475	1.9324605226902105	2.0
93.31645464897156	1.9283819279045282	2.0
93.32820892333984	1.9283819279045282	2.0
93.33988189697266	1.9283819279045282	2.0
93.35127687454224	1.9283819279045282	2.0
93.36286163330078	1.9232982236920733	2.0
93.37431859970093	1.9232982236920733	2.0
93.38859939575195	1.9232982236920733	2.0
93.4013602733612	1.9232982236920733	2.0
93.41282200813293	1.919070856688995	2.0
93.4242856502533	1.919070856688995	2.0
93.43534517288208	1.919070856688995	2.0
93.44817185401917	1.913489741737596	2.0
93.45978093147278	1.913489741737596	2.0
93.4719934463501	1.913489741737596	2.0
93.48487758636475	1.913489741737596	2.0
93.49858069419861	1.9064263059750466	2.0
93.509605884552	1.9064263059750466	2.0
93.52011275291443	1.9064263059750466	2.0
93.53206038475037	1.9064263059750466	2.0
93.54498171806335	1.899499481446745	2.0
93.55778193473816	1.899499481446745	2.0
93.57008743286133	1.899499481446745	2.0
93.58431267738342	1.8923894033985285	2.0
93.59513306617737	1.8923894033985285	2.0
93.60603904724121	1.8923894033985285	2.0
93.62229537963867	1.8923894033985285	2.0
93.63575387001038	1.8867812076120116	2.0
93.6468117237091	1.8867812076120116	2.0
93.6581392288208	1.8867812076120116	2.0
93.67122626304626	1.8867812076120116	2.0
93.68217015266418	1.8817900706915442	2.0
93.69351196289062	1.8817900706915442	2.0
93.70718336105347	1.8817900706915442	2.0
93.72003531455994	1.8764491045374634	2.0
93.73169898986816	1.8764491045374634	2.0
93.7428777217865	1.8764491045374634	2.0
93.75387215614319	1.8764491045374634	2.0
93.76620697975159	1.87298365479793	2.0
93.77784371376038	1.87298365479793	2.0
93.79039263725281	1.87298365479793	2.0
93.80347561836243	1.87298365479793	2.0
93.8161449432373	1.8700069881312633	2.0
93.82758474349976	1.8700069881312633	2.0
93.83830070495605	1.8700069881312633	2.0
93.85128259658813	1.8700069881312633	2.0
93.86335158348083	1.86665347461775	2.0
93.87439203262329	1.86665347461775	2.0
93.88554072380066	1.86665347461775	2.0
93.90007710456848	1.86665347461775	2.0
93.91128063201904	1.8642351384821925	2.0
93.92291235923767	1.8642351384821925	2.0
93.93840670585632	1.8642351384821925	2.0
93.95366954803467	1.8634870344604546	2.0
93.96517562866211	1.8634870344604546	2.0
93.97740817070007	1.8634870344604546	2.0
93.99404740333557	1.8636456529822634	2.0
94.00522875785828	1.8636456529822634	2.0
94.01738500595093	1.8636456529822634	2.0
94.03190875053406	1.8636456529822634	2.0
94.0451250076294	1.8649751737306368	2.0
94.05738997459412	1.8649751737306368	2.0
94.07166361808777	1.8649751737306368	2.0
94.08583974838257	1.866493207323693	2.0
94.0976870059967	1.866493207323693	2.0
94.10958623886108	1.866493207323693	2.0
94.12366771697998	1.866493207323693	2.0
94.13751745223999	1.8677522903648849	2.0
94.15026807785034	1.8677522903648849	2.0
94.16510105133057	1.8677522903648849	2.0
94.18564105033875	1.8704325309261947	2.0
94.19895553588867	1.8704325309261947	2.0
94.2109067440033	1.8704325309261947	2.0
94.2269504070282	1.8704325309261947	2.0
94.24080610275269	1.8736809449782303	2.0
94.25323152542114	1.8736809449782303	2.0
94.26901650428772	1.8736809449782303	2.0
94.28264164924622	1.8764557526705379	2.0
94.29415488243103	1.8764557526705379	2.0
94.30666089057922	1.8764557526705379	2.0
94.32278108596802	1.8764557526705379	2.0
94.33733081817627	1.8795899460827001	2.0
94.34884142875671	1.8795899460827001	2.0
94.36050915718079	1.8795899460827001	2.0
94.37350726127625	1.8829569560205883	2.0
94.38888931274414	1.8829569560205883	2.0
94.40366435050964	1.8829569560205883	2.0
94.41886520385742	1.8856994041450896	2.0
94.43368101119995	1.8856994041450896	2.0
94.44604849815369	1.8856994041450896	2.0
94.45947480201721	1.8856994041450896	2.0
94.47286176681519	1.8875243166958768	2.0
94.48495364189148	1.8875243166958768	2.0
94.50211644172668	1.8875243166958768	2.0
94.51506447792053	1.8881214068193757	2.0
94.5261800289154	1.8881214068193757	2.0
94.53956055641174	1.8881214068193757	2.0
94.55611538887024	1.8881214068193757	2.0
94.56847739219666	1.8897855613982806	2.0
94.58026194572449	1.8897855613982806	2.0
94.5942645072937	1.8897855613982806	2.0
94.60641765594482	1.8915117623317101	2.0
94.61739301681519	1.8915117623317101	2.0
94.62909293174744	1.8915117623317101	2.0
94.64169263839722	1.8915117623317101	2.0
94.65428590774536	1.890760024605207	2.0
94.66535258293152	1.890760024605207	2.0
94.67765545845032	1.890760024605207	2.0
94.68902611732483	1.890760024605207	2.0
94.70020461082458	1.8892554520665374	2.0
94.71160674095154	1.8892554520665374	2.0
94.72320580482483	1.8892554520665374	2.0
94.73770666122437	1.8892554520665374	2.0
94.75104928016663	1.8871090861621718	2.0
94.76156449317932	1.8871090861621718	2.0
94.77344489097595	1.8871090861621718	2.0
94.78681778907776	1.8854965749121715	2.0
94.79797434806824	1.8854965749121715	2.0
94.80862069129944	1.8854965749121715	2.0
94.82027125358582	1.8854965749121715	2.0
94.8358416557312	1.8828330668062325	2.0
94.84697151184082	1.8828330668062325	2.0
94.85920572280884	1.8828330668062325	2.0
94.87407183647156	1.8828330668062325	2.0
94.88609671592712	1.8801958121478475	2.0
94.89744520187378	1.8801958121478475	2.0
94.91183543205261	1.8801958121478475	2.0
94.92670321464539	1.8778927298166288	2.0
94.9383933544159	1.8778927298166288	2.0
94.9503264427185	1.8778927298166288	2.0
94.96360969543457	1.8778927298166288	2.0
94.97708868980408	1.8768134695152416	2.0
94.98932194709778	1.8768134695152416	2.0
95.0028727054596	1.8768134695152416	2.0
95.01979303359985	1.8768134695152416	2.0
95.03318476676941	1.8747120733626736	2.0
95.0443434715271	1.8747120733626736	2.0
95.05650424957275	1.8747120733626736	2.0
95.0692207813263	1.871758897841525	2.0
95.08095622062683	1.871758897841525	2.0
95.0921413898468	1.871758897841525	2.0
95.10831356048584	1.871758897841525	2.0
95.12088799476624	1.8703325867875402	2.0
95.13171434402466	1.8703325867875402	2.0
95.14265656471252	1.8703325867875402	2.0
95.15682315826416	1.8703325867875402	2.0
95.16995358467102	1.8699148948711788	2.0
95.18103337287903	1.8699148948711788	2.0
95.19409942626953	1.8699148948711788	2.0
95.20681810379028	1.8699148948711788	2.0
95.21849584579468	1.8705822190819439	2.0
95.2298309803009	1.8705822190819439	2.0
95.24424076080322	1.8705822190819439	2.0
95.25830054283142	1.8719191464503648	2.0
95.26990389823914	1.8719191464503648	2.0
95.28222799301147	1.8719191464503648	2.0
95.2935540676117	1.8719191464503648	2.0
95.30539965629578	1.8745379662652843	2.0
95.31641840934753	1.8745379662652843	2.0
95.32904410362244	1.8745379662652843	2.0
95.34333324432373	1.8745379662652843	2.0
95.3560619354248	1.8788244936509426	2.0
95.36682105064392	1.8788244936509426	2.0
95.37949132919312	1.8788244936509426	2.0
95.3929295539856	1.8835775139343547	2.0
95.40457844734192	1.8835775139343547	2.0
95.41547513008118	1.8835775139343547	2.0
95.43017935752869	1.8835775139343547	2.0
95.44215154647827	1.8885236269350454	2.0
95.45294642448425	1.8885236269350454	2.0
95.46420359611511	1.8885236269350454	2.0
95.47862339019775	1.8885236269350454	2.0
95.49220299720764	1.893609969668649	2.0
95.50246524810791	1.893609969668649	2.0
95.51504039764404	1.893609969668649	2.0
95.53750157356262	1.8997093096278743	2.0
95.549156665802	1.8997093096278743	2.0
95.56187629699707	1.8997093096278743	2.0
95.57491517066956	1.8997093096278743	2.0
95.58590769767761	1.9065112210202795	2.0
95.59772253036499	1.9065112210202795	2.0
95.61058282852173	1.9065112210202795	2.0
95.6240701675415	1.913892676065793	2.0
95.63573050498962	1.913892676065793	2.0
95.646968126297	1.913892676065793	2.0
95.65840792655945	1.913892676065793	2.0
95.67109394073486	1.921682315115163	2.0
95.68387126922607	1.921682315115163	2.0
95.6968560218811	1.921682315115163	2.0
95.7097840309143	1.921682315115163	2.0
95.72295880317688	1.928323992746742	2.0
95.73477149009705	1.928323992746742	2.0
95.74526762962341	1.928323992746742	2.0
95.7575261592865	1.928323992746742	2.0
95.76991939544678	1.934999787081717	2.0
95.78140544891357	1.934999787081717	2.0
95.79474234580994	1.934999787081717	2.0
95.80876684188843	1.9408892775638378	2.0
95.81927013397217	1.9408892775638378	2.0
95.83046865463257	1.9408892775638378	2.0
95.8447802066803	1.9408892775638378	2.0
95.8580915927887	1.9467045532500749	2.0
95.86984610557556	1.9467045532500749	2.0
95.88217353820801	1.9467045532500749	2.0
95.89417362213135	1.9467045532500749	2.0
95.90506768226624	1.9499050644107894	2.0
95.91740393638611	1.9499050644107894	2.0
95.93078923225403	1.9499050644107894	2.0
95.9452908039093	1.9532829772735774	2.0
95.95657086372375	1.9532829772735774	2.0
95.96890091896057	1.9532829772735774	2.0
95.98069739341736	1.9532829772735774	2.0
95.9939751625061	1.956165386506754	2.0
96.0053780078888	1.956165386506754	2.0
96.01758289337158	1.956165386506754	2.0
96.03160309791565	1.956165386506754	2.0
96.04467368125916	1.9573329539875886	2.0
96.0574963092804	1.9573329539875886	2.0
96.06851053237915	1.9573329539875886	2.0
96.08294463157654	1.9574593436423764	2.0
96.09436368942261	1.9574593436423764	2.0
96.10668134689331	1.9574593436423764	2.0
96.12211775779724	1.9574593436423764	2.0
96.13423228263855	1.956293890517376	2.0
96.14526796340942	1.956293890517376	2.0
96.15853977203369	1.956293890517376	2.0
96.1737174987793	1.956293890517376	2.0
96.18720555305481	1.95539343864757	2.0
96.19913959503174	1.95539343864757	2.0
96.21108365058899	1.95539343864757	2.0
96.22321844100952	1.9540740868110504	2.0
96.23557162284851	1.9540740868110504	2.0
96.2478699684143	1.9540740868110504	2.0
96.26411628723145	1.9540740868110504	2.0
96.27515578269958	1.9511724847738183	2.0
96.28779458999634	1.9511724847738183	2.0
96.30213952064514	1.9511724847738183	2.0
96.31572937965393	1.9473567896440822	2.0
96.3271267414093	1.9473567896440822	2.0
96.34051275253296	1.9473567896440822	2.0
96.3517518043518	1.9473567896440822	2.0
96.36508655548096	1.9458454404520282	2.0
96.37580418586731	1.9458454404520282	2.0
96.38776087760925	1.9458454404520282	2.0
96.400887966156	1.9458454404520282	2.0
96.41400527954102	1.9446667408954874	2.0
96.4250693321228	1.9446667408954874	2.0
96.43629908561707	1.9446667408954874	2.0
96.44976830482483	1.9439908640188428	2.0
96.46200489997864	1.9439908640188428	2.0
96.47387862205505	1.9439908640188428	2.0
96.48861312866211	1.9439908640188428	2.0
96.50026679039001	1.9445141758432776	2.0
96.51042866706848	1.9445141758432776	2.0
96.52374863624573	1.9445141758432776	2.0
96.53845453262329	1.9454549370389302	2.0
96.55007696151733	1.9454549370389302	2.0
96.56298041343689	1.9454549370389302	2.0
96.57750988006592	1.9454549370389302	2.0
96.58976745605469	1.9456591291121008	2.0
96.60177206993103	1.9456591291121008	2.0
96.61540603637695	1.9456591291121008	2.0
96.62859082221985	1.946099256614818	2.0
96.64155602455139	1.946099256614818	2.0
96.65306806564331	1.946099256614818	2.0
96.66463589668274	1.946099256614818	2.0
96.67671942710876	1.9478532056143791	2.0
96.68888235092163	1.9478532056143791	2.0
96.70010137557983	1.9478532056143791	2.0
96.71263527870178	1.9478532056143791	2.0
96.72527813911438	1.9510901979603414	2.0
96.73829364776611	1.9510901979603414	2.0
96.74986004829407	1.9510901979603414	2.0
96.76312589645386	1.9510901979603414	2.0
96.77412223815918	1.9553607586216386	2.0
96.78548121452332	1.9553607586216386	2.0
96.79970192909241	1.9553607586216386	2.0
96.81435418128967	1.9599610208120317	2.0
96.82556748390198	1.9599610208120317	2.0
96.83685374259949	1.9599610208120317	2.0
96.85153722763062	1.9599610208120317	2.0
96.86526608467102	1.963569463442217	2.0
96.87676405906677	1.963569463442217	2.0
96.8994972705841	1.963569463442217	2.0
96.911452293396	1.9676716337718871	2.0
96.92307090759277	1.9676716337718871	2.0
96.9378035068512	1.9676716337718871	2.0
96.95149087905884	1.971441220123393	2.0
96.96357464790344	1.971441220123393	2.0
96.97590017318726	1.971441220123393	2.0
96.98789620399475	1.971441220123393	2.0
97.00013780593872	1.974836544185893	2.0
97.01229548454285	1.974836544185893	2.0
97.02468037605286	1.974836544185893	2.0
97.03633952140808	1.974836544185893	2.0
97.0478446483612	1.9797252231020273	2.0
97.0599000453949	1.9797252231020273	2.0
97.0738787651062	1.9797252231020273	2.0
97.08759927749634	1.9839325338897287	2.0
97.09872221946716	1.9839325338897287	2.0
97.1090030670166	1.9839325338897287	2.0
97.12114334106445	1.9839325338897287	2.0
97.13311433792114	1.9865072253307345	2.0
97.14539742469788	1.9865072253307345	2.0
97.1563720703125	1.9865072253307345	2.0
97.17008090019226	1.9865072253307345	2.0
97.18267679214478	1.9870326432411827	2.0
97.19327545166016	1.9870326432411827	2.0
97.20547938346863	1.9870326432411827	2.0
97.22061538696289	1.9867776045391647	2.0
97.23163485527039	1.9867776045391647	2.0
97.24558019638062	1.9867776045391647	2.0
97.26058983802795	1.9867776045391647	2.0
97.27688598632812	1.987224182612254	2.0
97.29250431060791	1.987224182612254	2.0
97.30884504318237	1.987224182612254	2.0
97.32406687736511	1.9874425043294532	2.0
97.34067010879517	1.9874425043294532	2.0
97.3562605381012	1.9862004137177525	2.0
97.37060046195984	1.9862004137177525	2.0
97.38736391067505	1.9862004137177525	2.0
97.40373110771179	1.984203826142257	2.0
97.41797924041748	1.984203826142257	2.0
97.43417048454285	1.984203826142257	2.0
97.45063257217407	1.9816832772113355	2.0
97.46419334411621	1.9816832772113355	2.0
97.47689700126648	1.9816832772113355	2.0
97.4952039718628	1.9816832772113355	2.0
97.5093162059784	1.9790751630758165	2.0
97.52071022987366	1.9790751630758165	2.0
97.5465817451477	1.9790751630758165	2.0
97.56082367897034	1.9751754768751453	2.0
97.57334041595459	1.9751754768751453	2.0
97.59033012390137	1.9751754768751453	2.0
97.60291171073914	1.9715040032355453	2.0
97.61490750312805	1.9715040032355453	2.0
97.62969756126404	1.9715040032355453	2.0
97.64485740661621	1.9681923391730454	2.0
97.65776109695435	1.9681923391730454	2.0
97.66910076141357	1.9681923391730454	2.0
97.68469858169556	1.9681923391730454	2.0
97.70070290565491	1.9639058350179206	2.0
97.71297192573547	1.9639058350179206	2.0
97.7295069694519	1.9639058350179206	2.0
97.74502563476562	1.9639058350179206	2.0
97.75638580322266	1.9583928499147885	2.0
97.7699203491211	1.9583928499147885	2.0
97.79167485237122	1.9583928499147885	2.0
97.80551385879517	1.953455427813393	2.0
97.82021999359131	1.953455427813393	2.0
97.83684301376343	1.953455427813393	2.0
97.85161447525024	1.9487870101833356	2.0
97.86410355567932	1.9487870101833356	2.0
97.8765025138855	1.9487870101833356	2.0
97.89065837860107	1.9487870101833356	2.0
97.9031708240509	1.944209702085009	2.0
97.91536927223206	1.944209702085009	2.0
97.93189692497253	1.944209702085009	2.0
97.9495279788971	1.94053987120999	2.0
97.96552181243896	1.94053987120999	2.0
97.9827139377594	1.94053987120999	2.0
98.00059294700623	1.94053987120999	2.0
98.01503705978394	1.9496055669424108	2.0
98.03126096725464	1.9496055669424108	2.0
98.04519510269165	1.9496055669424108	2.0
98.06010031700134	1.9581160741549026	2.0
98.07155418395996	1.9581160741549026	2.0
98.08803915977478	1.9581160741549026	2.0
98.11048746109009	nan	2.0
98.12252473831177	nan	2.0
98.1399073600769	nan	2.0
98.15750885009766	nan	2.0
98.1715190410614	nan	2.0
98.18480038642883	nan	2.0
98.20020198822021	nan	2.0
98.21255612373352	nan	2.0
98.22420501708984	nan	2.0
98.2393126487732	nan	2.0
98.25700235366821	nan	2.0
98.27050638198853	nan	2.0
98.28419137001038	nan	2.0
98.30080699920654	nan	2.0
98.31307983398438	nan	2.0
98.3253288269043	nan	2.0
98.35098052024841	nan	2.0
98.36154365539551	nan	2.0
98.37357020378113	nan	2.0
98.39182710647583	nan	2.0
98.40794110298157	nan	2.0
98.41966581344604	nan	2.0
98.43263220787048	nan	2.0
98.44795083999634	nan	2.0
98.46215558052063	nan	2.0
98.47524118423462	nan	2.0
98.49721169471741	nan	2.0
98.5116925239563	nan	2.0
98.52317142486572	nan	2.0
98.547034740448	nan	2.0
98.56502652168274	nan	2.0
98.57775902748108	nan	2.0
98.59504747390747	nan	2.0
98.61150479316711	nan	2.0
98.62666177749634	nan	2.0
98.64006304740906	nan	2.0
98.65632247924805	nan	2.0
98.66974639892578	nan	2.0
98.68317317962646	nan	2.0
98.70209693908691	nan	2.0
98.71873474121094	nan	2.0
98.73103594779968	nan	2.0
98.74629616737366	nan	2.0
98.76300621032715	nan	2.0
98.7800805568695	nan	2.0
98.79295873641968	nan	2.0
98.80752563476562	nan	2.0
98.82138752937317	nan	2.0
98.8349506855011	nan	2.0
98.85980772972107	nan	2.0
98.89212441444397	nan	2.0
98.91308116912842	nan	2.0
98.9328396320343	nan	2.0
98.95310759544373	nan	2.0
98.96876454353333	nan	2.0
98.98114109039307	nan	2.0
98.9999897480011	nan	2.0
99.0154972076416	nan	2.0
99.03054738044739	nan	2.0
99.04562497138977	nan	2.0
99.05999112129211	nan	2.0
99.07244682312012	nan	2.0
99.08647966384888	nan	2.0
99.10542726516724	nan	2.0
99.11957097053528	nan	2.0
99.13034534454346	nan	2.0
99.14471578598022	nan	2.0
99.16421461105347	nan	2.0
99.17562198638916	nan	2.0
99.1937837600708	nan	2.0
99.20919156074524	nan	2.0
99.22079396247864	nan	2.0
99.2346580028534	nan	2.0
99.25292539596558	nan	2.0
99.27289390563965	nan	2.0
99.28717041015625	nan	2.0
99.30240416526794	nan	2.0
99.31681370735168	nan	2.0
99.3328149318695	nan	2.0
99.34810876846313	nan	2.0
99.36356377601624	nan	2.0
99.38073968887329	nan	2.0
99.39937782287598	nan	2.0
99.41462850570679	nan	2.0
99.42742609977722	nan	2.0
99.44412779808044	nan	2.0
99.46011400222778	nan	2.0
99.47461414337158	nan	2.0
99.48861074447632	nan	2.0
99.5032114982605	nan	2.0
99.51541090011597	nan	2.0
99.53050446510315	nan	2.0
99.54479956626892	nan	2.0
99.56295847892761	nan	2.0
99.57533955574036	nan	2.0
99.59047961235046	nan	2.0
99.61083698272705	nan	2.0
99.62558770179749	nan	2.0
99.64428687095642	nan	2.0
99.65857100486755	nan	2.0
99.67030930519104	nan	2.0
99.68942975997925	nan	2.0
99.70576190948486	nan	2.0
99.72255659103394	nan	2.0
99.73773121833801	nan	2.0
99.75117564201355	nan	2.0
99.76359462738037	nan	2.0
99.77845692634583	nan	2.0
99.79642796516418	nan	2.0
99.81225156784058	nan	2.0
99.82342743873596	nan	2.0
99.84118628501892	nan	2.0
99.85884952545166	nan	2.0
99.87234449386597	nan	2.0
99.88616847991943	nan	2.0
99.8999752998352	nan	2.0
99.9122850894928	nan	2.0
99.926833152771	nan	2.0
99.94266486167908	nan	2.0
99.95577120780945	nan	2.0
99.96887397766113	nan	2.0
99.98434352874756	nan	2.0
99.99841022491455	nan	2.0
100.0108871459961	nan	2.0
100.02679538726807	nan	2.0
100.04163694381714	nan	2.0
100.0574803352356	nan	2.0
100.08355617523193	nan	2.0
100.0985894203186	nan	2.0
100.11093783378601	nan	2.0
100.12658357620239	nan	2.0
100.1452362537384	nan	2.0
100.15969944000244	nan	2.0
100.17170548439026	nan	2.0
100.18603658676147	nan	2.0
100.20016670227051	nan	2.0
100.21320486068726	nan	2.0
100.2287266254425	nan	2.0
100.24763083457947	nan	2.0
100.26283383369446	nan	2.0
100.2789785861969	nan	2.0
100.29894161224365	nan	2.0
100.31476068496704	nan	2.0
100.33144187927246	nan	2.0
100.34680962562561	nan	2.0
100.3596544265747	nan	2.0
100.3796648979187	nan	2.0
100.3973639011383	nan	2.0
100.41869401931763	nan	2.0
100.43460965156555	nan	2.0
100.45591616630554	nan	2.0
100.47110414505005	nan	2.0
100.4845552444458	nan	2.0
100.50050377845764	nan	2.0
100.51338815689087	nan	2.0
100.52694058418274	nan	2.0
100.54379773139954	nan	2.0
100.56006217002869	nan	2.0
100.57226514816284	nan	2.0
100.58612060546875	nan	2.0
100.60031032562256	nan	2.0
100.61217093467712	nan	2.0
100.62404727935791	nan	2.0
100.64295792579651	nan	2.0
100.6590256690979	nan	2.0
100.67156481742859	nan	2.0
100.68494009971619	nan	2.0
100.70254874229431	nan	2.0
100.71722078323364	nan	2.0
100.73018550872803	nan	2.0
100.74517917633057	nan	2.0
100.75908517837524	nan	2.0
100.7726743221283	nan	2.0
100.78795099258423	nan	2.0
100.80142331123352	nan	2.0
100.81445837020874	nan	2.0
100.82967329025269	nan	2.0
100.84637188911438	1.9178344755310786	2.0
100.8601336479187	1.9178344755310786	2.0
100.87508058547974	1.9178344755310786	2.0
100.89370012283325	1.9260724873017225	2.0
100.9066903591156	1.9260724873017225	2.0
100.92041420936584	1.9260724873017225	2.0
100.93727421760559	1.9260724873017225	2.0
100.95235180854797	1.9324307808278065	2.0
100.96635818481445	1.9324307808278065	2.0
100.9827950000763	1.9324307808278065	2.0
100.9985978603363	1.9388062860923836	2.0
101.0130627155304	1.9388062860923836	2.0
101.0286500453949	1.9388062860923836	2.0
101.04277443885803	1.9434452937259714	2.0
101.05735659599304	1.9434452937259714	2.0
101.07408380508423	1.9434452937259714	2.0
101.09580087661743	1.9434452937259714	2.0
101.11022424697876	1.9453733324000038	2.0
101.1220018863678	1.9453733324000038	2.0
101.13924932479858	1.9453733324000038	2.0
101.15529251098633	1.9466745054563597	2.0
101.16760516166687	1.9466745054563597	2.0
101.1844482421875	1.9466745054563597	2.0
101.19897198677063	1.9478078747285967	2.0
101.21234250068665	1.9478078747285967	2.0
101.22586297988892	1.9478078747285967	2.0
101.24172163009644	1.9478078747285967	2.0
101.26065301895142	1.947676508268969	2.0
101.27567529678345	1.947676508268969	2.0
101.30316495895386	1.947676508268969	2.0
101.31583571434021	1.946373819420457	2.0
101.32911038398743	1.946373819420457	2.0
101.34611678123474	1.946373819420457	2.0
101.36021661758423	1.944929435728325	2.0
101.37274503707886	1.944929435728325	2.0
101.38798594474792	1.944929435728325	2.0
101.40374994277954	1.9438620862136156	2.0
101.41506481170654	1.9438620862136156	2.0
101.42715430259705	1.9438620862136156	2.0
101.44138526916504	1.9438620862136156	2.0
101.45449423789978	1.9430606137599409	2.0
101.46655082702637	1.9430606137599409	2.0
101.4806158542633	1.9430606137599409	2.0
101.49948763847351	1.9430606137599409	2.0
101.51409459114075	1.9410985137998449	2.0
101.52608585357666	1.9410985137998449	2.0
101.54260969161987	1.9410985137998449	2.0
101.55814933776855	1.9410985137998449	2.0
101.5704255104065	1.9406590306619347	2.0
101.58257293701172	1.9406590306619347	2.0
101.59801077842712	1.9406590306619347	2.0
101.61365795135498	1.9405778933963524	2.0
101.62824320793152	1.9405778933963524	2.0
101.64267635345459	1.9405778933963524	2.0
101.65855646133423	1.9408991805758393	2.0
101.67300701141357	1.9408991805758393	2.0
101.6942036151886	1.941856429770501	2.0
101.70926475524902	1.941856429770501	2.0
101.72203421592712	1.941856429770501	2.0
101.73757815361023	1.9432841526549798	2.0
101.75166511535645	1.9432841526549798	2.0
101.76733660697937	1.9432841526549798	2.0
101.78818392753601	1.9455803127381401	2.0
101.79958486557007	1.9455803127381401	2.0
101.814532995224	1.9455803127381401	2.0
101.83346581459045	1.9485885035002006	2.0
101.85032606124878	1.9485885035002006	2.0
101.86908173561096	1.9509715729428478	2.0
101.88192653656006	1.9509715729428478	2.0
101.89452695846558	1.9509715729428478	2.0
101.91281175613403	1.953913089151018	2.0
101.92673540115356	1.953913089151018	2.0
101.95626449584961	1.957713374865304	2.0
101.96826148033142	1.957713374865304	2.0
101.99920535087585	1.9611453631084803	2.0
102.0136570930481	1.9611453631084803	2.0
102.0286374092102	1.9611453631084803	2.0
102.04522109031677	1.9611453631084803	2.0
102.05874180793762	1.9660980878682537	2.0
102.07435417175293	1.9660980878682537	2.0
102.09308338165283	1.9716131322616715	2.0
102.10824275016785	1.9716131322616715	2.0
102.12364053726196	1.9716131322616715	2.0
102.14018416404724	1.9765420282531234	2.0
102.15519618988037	1.9765420282531234	2.0
102.17018508911133	1.9765420282531234	2.0
102.18504095077515	1.9816853651512534	2.0
102.19734859466553	1.9816853651512534	2.0
102.2097475528717	1.9816853651512534	2.0
102.2245147228241	1.9863094215905648	2.0
102.23885726928711	1.9863094215905648	2.0
102.25582695007324	1.9863094215905648	2.0
102.2737991809845	1.9896583664929792	2.0
102.28772974014282	1.9896583664929792	2.0
102.30442833900452	1.9896583664929792	2.0
102.31997752189636	1.9936190080503249	2.0
102.33263993263245	1.9936190080503249	2.0
102.34886908531189	1.9936190080503249	2.0
102.3642463684082	1.9960321252505415	2.0
102.37627410888672	1.9960321252505415	2.0
102.39314842224121	1.9960321252505415	2.0
102.40690851211548	1.9971633666298523	2.0
102.41766333580017	1.9971633666298523	2.0
102.43182182312012	1.9971633666298523	2.0
102.4472107887268	1.9971995087582557	2.0
102.46124505996704	1.9971995087582557	2.0
102.49044251441956	1.995927723499122	2.0
102.50318956375122	1.995927723499122	2.0
102.51955533027649	1.995927723499122	2.0
102.53760004043579	1.9941063811974722	2.0
102.55158615112305	1.9941063811974722	2.0
102.56788420677185	1.9941063811974722	2.0
102.57982659339905	1.9912999070321615	2.0
102.59424209594727	1.9912999070321615	2.0
102.6129081249237	1.9912999070321615	2.0
102.62747240066528	1.987932643376699	2.0
102.64018201828003	1.987932643376699	2.0
102.65154767036438	1.987932643376699	2.0
102.66558289527893	1.9850203549274625	2.0
102.68301272392273	1.9850203549274625	2.0
102.69985580444336	1.9850203549274625	2.0
102.71984243392944	1.9850203549274625	2.0
102.73756432533264	1.9850203549274625	2.0
102.75580787658691	1.9850203549274625	2.0
102.77345538139343	1.9850203549274625	2.0
102.79213428497314	1.9850203549274625	2.0
102.805584192276	1.9850203549274625	2.0
102.82029914855957	1.9850203549274625	2.0
102.83686780929565	1.9850203549274625	2.0
102.85283255577087	1.9850203549274625	2.0
102.87218952178955	1.9850203549274625	2.0
102.88746571540833	1.9850203549274625	2.0
102.90154266357422	1.9850203549274625	2.0
102.92103695869446	1.9850203549274625	2.0
102.94064164161682	1.9850203549274625	2.0
102.95823860168457	1.9850203549274625	2.0
102.9725182056427	1.9850203549274625	2.0
102.98966646194458	1.9850203549274625	2.0
103.00668978691101	1.9850203549274625	2.0
103.0220582485199	1.9850203549274625	2.0
103.04110646247864	1.9850203549274625	2.0
103.0542049407959	1.9850203549274625	2.0
103.0710802078247	1.9850203549274625	2.0
103.08667278289795	1.9850203549274625	2.0
103.09866070747375	1.9850203549274625	2.0
103.11274671554565	1.9850203549274625	2.0
103.1290442943573	1.9850203549274625	2.0
103.14508247375488	1.9850203549274625	2.0
103.16089272499084	1.9850203549274625	2.0
103.17269897460938	1.9850203549274625	2.0
103.18444561958313	1.9850203549274625	2.0
103.1996238231659	1.9850203549274625	2.0
103.21390891075134	1.9850203549274625	2.0
103.22902774810791	1.9850203549274625	2.0
103.24543976783752	1.9850203549274625	2.0
103.25791645050049	1.9850203549274625	2.0
103.27558374404907	1.9850203549274625	2.0
103.2933578491211	1.9850203549274625	2.0
103.31014204025269	1.9850203549274625	2.0
103.32829141616821	1.9850203549274625	2.0
103.34387063980103	1.9850203549274625	2.0
103.36194252967834	1.9850203549274625	2.0
103.37753820419312	1.9850203549274625	2.0
103.39366793632507	1.9850203549274625	2.0
103.40925312042236	1.9850203549274625	2.0
103.42509889602661	1.9850203549274625	2.0
103.44297528266907	1.9850203549274625	2.0
103.45947408676147	1.9850203549274625	2.0
103.47735857963562	1.9850203549274625	2.0
103.49399304389954	1.9850203549274625	2.0
103.50793242454529	1.9850203549274625	2.0
103.52412247657776	1.9850203549274625	2.0
103.53828811645508	1.9850203549274625	2.0
103.554438829422	1.9850203549274625	2.0
103.56876158714294	1.9850203549274625	2.0
103.58049130439758	1.9850203549274625	2.0
103.5938138961792	1.9850203549274625	2.0
103.60963106155396	1.9850203549274625	2.0
103.62520432472229	1.9850203549274625	2.0
103.6424171924591	1.9850203549274625	2.0
103.65487003326416	1.9850203549274625	2.0
103.667564868927	1.9850203549274625	2.0
103.68331408500671	1.9850203549274625	2.0
103.70275473594666	1.9826272413307742	2.0
103.7183141708374	1.9826272413307742	2.0
103.73689460754395	1.9826272413307742	2.0
103.75572872161865	1.9799490829511377	2.0
103.77138090133667	1.9799490829511377	2.0
103.79314804077148	1.9784704768656116	2.0
103.80888438224792	1.9784704768656116	2.0
103.82442569732666	1.9784704768656116	2.0
103.84415078163147	1.978372312711432	2.0
103.85831475257874	1.978372312711432	2.0
103.87858724594116	1.9786566160687182	2.0
103.89504766464233	1.9786566160687182	2.0
103.9138777256012	1.9786566160687182	2.0
103.93199682235718	1.978820360525481	2.0
103.94607377052307	1.978820360525481	2.0
103.96570014953613	1.978820360525481	2.0
103.98169827461243	1.9785762046102504	2.0
103.9984655380249	1.9785762046102504	2.0
104.01783609390259	1.9767260858628777	2.0
104.03195714950562	1.9767260858628777	2.0
104.05393385887146	1.9767260858628777	2.0
104.07305669784546	1.9746536833692718	2.0
104.0947585105896	1.9746536833692718	2.0
104.1144278049469	1.972463816917659	2.0
104.12926459312439	1.972463816917659	2.0
104.15028524398804	1.972463816917659	2.0
104.16543459892273	1.969047232515018	2.0
104.18047165870667	1.969047232515018	2.0
104.20272207260132	1.9656744822930114	2.0
104.21999406814575	1.9656744822930114	2.0
104.24378180503845	1.961244257109188	2.0
104.26021027565002	1.961244257109188	2.0
104.28370642662048	1.961244257109188	2.0
104.30112767219543	1.9569059697613576	2.0
104.31668162345886	1.9569059697613576	2.0
104.33486938476562	1.9529359559812591	2.0
104.34786367416382	1.9529359559812591	2.0
104.3619933128357	1.9529359559812591	2.0
104.38044905662537	1.9497798224226344	2.0
104.39572787284851	1.9497798224226344	2.0
104.41160893440247	1.9497798224226344	2.0
104.42988991737366	1.947367863522766	2.0
104.44493865966797	1.947367863522766	2.0
104.46756625175476	1.9480630096897324	2.0
104.48199558258057	1.9480630096897324	2.0
104.49696755409241	1.9480630096897324	2.0
104.51238322257996	1.950378648358048	2.0
104.52552199363708	1.950378648358048	2.0
104.55070543289185	1.950378648358048	2.0
104.56255316734314	1.9532833439512687	2.0
104.5775396823883	1.9532833439512687	2.0
104.59754276275635	1.9580396568521952	2.0
104.61193442344666	1.9580396568521952	2.0
104.62797617912292	1.9580396568521952	2.0
104.64226055145264	1.9632597466971404	2.0
104.65670943260193	1.9632597466971404	2.0
104.67320847511292	1.9632597466971404	2.0
104.68893361091614	1.9694170864933938	2.0
104.70304346084595	1.9694170864933938	2.0
104.71558332443237	1.9694170864933938	2.0
104.73227190971375	1.975630341136641	2.0
104.74674224853516	1.975630341136641	2.0
104.76162767410278	1.975630341136641	2.0
104.77795171737671	1.9827341211240146	2.0
104.79096603393555	1.9827341211240146	2.0
104.80489253997803	1.9827341211240146	2.0
104.82143497467041	1.989539420025001	2.0
104.83328461647034	1.989539420025001	2.0
104.84953927993774	1.989539420025001	2.0
104.86362743377686	1.9958066312831306	2.0
104.87509632110596	1.9958066312831306	2.0
104.88752126693726	1.9958066312831306	2.0
104.90469551086426	1.9958066312831306	2.0
104.91922402381897	2.0018710673902063	2.0
104.9353928565979	2.0018710673902063	2.0
104.95376110076904	2.0068758381076277	2.0
104.96596312522888	2.0068758381076277	2.0
104.98207402229309	2.0068758381076277	2.0
104.99914765357971	2.011335150968015	2.0
105.0141282081604	2.011335150968015	2.0
105.03307890892029	2.011335150968015	2.0
105.04607915878296	2.01562730828996	2.0
105.06242775917053	2.01562730828996	2.0
105.08627700805664	2.018527759879556	2.0
105.10104703903198	2.018527759879556	2.0
105.1143798828125	2.018527759879556	2.0
105.12977147102356	2.0198725193893163	2.0
105.14383292198181	2.0198725193893163	2.0
105.16010522842407	2.0198725193893163	2.0
105.17956304550171	2.0210701896575007	2.0
105.19205522537231	2.0210701896575007	2.0
105.20428276062012	2.0210701896575007	2.0
105.22268414497375	2.021167889883217	2.0
105.23758840560913	2.021167889883217	2.0
105.25652980804443	2.021167889883217	2.0
105.27248287200928	2.0200848348271756	2.0
105.29063129425049	2.0200848348271756	2.0
105.30899858474731	2.02080640300085	2.0
105.3215823173523	2.02080640300085	2.0
105.33297896385193	2.02080640300085	2.0
105.34995174407959	2.02080640300085	2.0
105.3626823425293	2.01989812414972	2.0
105.37641859054565	2.01989812414972	2.0
105.39469599723816	2.0185185228303455	2.0
105.40650820732117	2.0185185228303455	2.0
105.42005944252014	2.0185185228303455	2.0
105.4367687702179	2.0185185228303455	2.0
105.45056295394897	2.01724753677228	2.0
105.46426820755005	2.01724753677228	2.0
105.48040342330933	2.01724753677228	2.0
105.49349188804626	2.0156065579457043	2.0
105.50818037986755	2.0156065579457043	2.0
105.52662205696106	2.0156065579457043	2.0
105.54169464111328	2.015513251127522	2.0
105.55378842353821	2.015513251127522	2.0
105.56513595581055	2.015513251127522	2.0
105.58133387565613	2.0163966560231885	2.0
105.59617042541504	2.0163966560231885	2.0
105.61348462104797	2.0163966560231885	2.0
105.62815809249878	2.017362812856078	2.0
105.63942122459412	2.017362812856078	2.0
105.65599703788757	2.017362812856078	2.0
105.67158913612366	2.0193420816082854	2.0
105.68583416938782	2.0193420816082854	2.0
105.70487022399902	2.0234418387863	2.0
105.71621417999268	2.0234418387863	2.0
105.7283444404602	2.0234418387863	2.0
105.74666905403137	2.025774920832723	2.0
105.76109886169434	2.025774920832723	2.0
105.77953004837036	2.025774920832723	2.0
105.79438710212708	2.0295242126589637	2.0
105.80594825744629	2.0295242126589637	2.0
105.81896257400513	2.0295242126589637	2.0
105.835280418396	2.033712160027384	2.0
105.85024380683899	2.033712160027384	2.0
105.86932897567749	2.033712160027384	2.0
105.88280940055847	2.0381746450002622	2.0
105.89660739898682	2.0381746450002622	2.0
105.92025256156921	2.0381746450002622	2.0
105.935861825943	2.0435318105426203	2.0
105.94910430908203	2.0435318105426203	2.0
105.9639401435852	2.0435318105426203	2.0
105.97600054740906	2.0483135624416646	2.0
105.9910237789154	2.0483135624416646	2.0
106.00994825363159	2.052904205298808	2.0
106.0245897769928	2.052904205298808	2.0
106.03614020347595	2.052904205298808	2.0
106.04824709892273	2.052904205298808	2.0
106.06324315071106	2.057508696393949	2.0
106.0768084526062	2.057508696393949	2.0
106.08986043930054	2.057508696393949	2.0
106.10321855545044	2.0612100176900894	2.0
106.11770939826965	2.0612100176900894	2.0
106.13676428794861	2.0612100176900894	2.0
106.15137767791748	2.0644394398599	2.0
106.16299176216125	2.0644394398599	2.0
106.17493796348572	2.0644394398599	2.0
106.19038844108582	2.0682361279443557	2.0
106.20390915870667	2.0682361279443557	2.0
106.2263400554657	2.0719863343881504	2.0
106.23981237411499	2.0719863343881504	2.0
106.25108742713928	2.0719863343881504	2.0
106.2653169631958	2.0766900777509822	2.0
106.28093385696411	2.0766900777509822	2.0
106.29821610450745	2.0766900777509822	2.0
106.3167998790741	2.0793879278509153	2.0
106.33332657814026	2.0793879278509153	2.0
106.35037326812744	2.0793879278509153	2.0
106.36679720878601	2.080968127689755	2.0
106.3811285495758	2.080968127689755	2.0
106.3997573852539	2.080968127689755	2.0
106.41430616378784	2.0817426535974315	2.0
106.44577169418335	2.0817426535974315	2.0
106.46286916732788	2.0829280909271315	2.0
106.4840259552002	2.0829280909271315	2.0
106.49796485900879	2.083745113345504	2.0
106.51333451271057	2.083745113345504	2.0
106.53335618972778	2.0837167236396215	2.0
106.549081325531	2.0837167236396215	2.0
106.56241917610168	2.0837167236396215	2.0
106.57777881622314	2.082613722985171	2.0
106.5917375087738	2.082613722985171	2.0
106.6070454120636	2.082613722985171	2.0
106.62608242034912	2.07923173899397	2.0
106.6399793624878	2.07923173899397	2.0
106.65185165405273	2.07923173899397	2.0
106.66612505912781	2.07605373004107	2.0
106.68126583099365	2.07605373004107	2.0
106.70690083503723	2.072187362825027	2.0
106.72104358673096	2.072187362825027	2.0
106.73259162902832	2.072187362825027	2.0
106.74970149993896	2.069179980941088	2.0
106.76395988464355	2.069179980941088	2.0
106.77835178375244	2.069179980941088	2.0
106.79454255104065	2.0666116348073826	2.0
106.80652141571045	2.0666116348073826	2.0
106.81853199005127	2.0666116348073826	2.0
106.83505749702454	2.0666116348073826	2.0
106.84816789627075	2.064388663818844	2.0
106.85951590538025	2.064388663818844	2.0
106.87659502029419	2.064388663818844	2.0
106.89242386817932	2.0617722877970452	2.0
106.90770602226257	2.0617722877970452	2.0
106.92583346366882	2.0595618214721996	2.0
106.93730401992798	2.0595618214721996	2.0
106.94872379302979	2.0595618214721996	2.0
106.96564316749573	2.0595618214721996	2.0
106.98015356063843	2.0571888843334714	2.0
107.00337982177734	2.0571888843334714	2.0
107.01830077171326	2.0558056349879217	2.0
107.03107738494873	2.0558056349879217	2.0
107.04832911491394	2.0558056349879217	2.0
107.06645822525024	2.05617253794671	2.0
107.08169770240784	2.05617253794671	2.0
107.09941387176514	2.05617253794671	2.0
107.11314988136292	2.055158966518138	2.0
107.13120603561401	2.055158966518138	2.0
107.14993667602539	2.0535658000487684	2.0
107.16398024559021	2.0535658000487684	2.0
107.17579126358032	2.0535658000487684	2.0
107.19071388244629	2.0526547935552624	2.0
107.20589709281921	2.0526547935552624	2.0
107.2200698852539	2.0526547935552624	2.0
107.23709678649902	2.0517285206491516	2.0
107.25011086463928	2.0517285206491516	2.0
107.26230120658875	2.0517285206491516	2.0
107.27896022796631	2.051463072760868	2.0
107.29330134391785	2.051463072760868	2.0
107.30918717384338	2.051463072760868	2.0
107.32830834388733	2.0516693310816136	2.0
107.33945417404175	2.0516693310816136	2.0
107.35338425636292	2.0516693310816136	2.0
107.37107586860657	2.0521410546763876	2.0
107.38489603996277	2.0521410546763876	2.0
107.40317964553833	2.0521410546763876	2.0
107.4193685054779	2.05404502379186	2.0
107.43072748184204	2.05404502379186	2.0
107.45402407646179	2.05404502379186	2.0
107.4692792892456	2.0565273298263422	2.0
107.48575949668884	2.0565273298263422	2.0
107.50307440757751	2.0576812578560073	2.0
107.51664423942566	2.0576812578560073	2.0
107.53473663330078	2.0576812578560073	2.0
107.55191850662231	2.0593580146127644	2.0
107.56622838973999	2.0593580146127644	2.0
107.5793890953064	2.0593580146127644	2.0
107.59549045562744	2.060986303451665	2.0
107.6108045578003	2.060986303451665	2.0
107.62497425079346	2.060986303451665	2.0
107.63661575317383	2.061616839447461	2.0
107.65060353279114	2.061616839447461	2.0
107.6720564365387	2.0610931944987554	2.0
107.68752527236938	2.0610931944987554	2.0
107.70028185844421	2.0610931944987554	2.0
107.7124011516571	2.0610931944987554	2.0
107.72568345069885	2.0607951092237733	2.0
107.73953533172607	2.0607951092237733	2.0
107.75425028800964	2.0607951092237733	2.0
107.77174162864685	2.0601489117030956	2.0
107.783278465271	2.0601489117030956	2.0
107.7988018989563	2.0601489117030956	2.0
107.81412720680237	2.05887865589597	2.0
107.82962393760681	2.05887865589597	2.0
107.8478000164032	2.057423339701349	2.0
107.86151480674744	2.057423339701349	2.0
107.87419700622559	2.057423339701349	2.0
107.89156150817871	2.0529398364597817	2.0
107.90522480010986	2.0529398364597817	2.0
107.92372035980225	2.0529398364597817	2.0
107.9416172504425	2.049189558120025	2.0
107.95268416404724	2.049189558120025	2.0
107.96740508079529	2.049189558120025	2.0
107.98630905151367	2.046251562831158	2.0
108.00057983398438	2.046251562831158	2.0
108.01407504081726	2.046251562831158	2.0
108.02973055839539	2.0429740109440515	2.0
108.04100203514099	2.0429740109440515	2.0
108.0568699836731	2.0429740109440515	2.0
108.07728171348572	2.0390888584709828	2.0
108.09189176559448	2.0390888584709828	2.0
108.10404014587402	2.0390888584709828	2.0
108.11910104751587	2.0359125125844666	2.0
108.13372993469238	2.0359125125844666	2.0
108.1517333984375	2.0359125125844666	2.0
108.16980648040771	2.032461933247732	2.0
108.18195414543152	2.032461933247732	2.0
108.19355797767639	2.032461933247732	2.0
108.21142911911011	2.0279907900130025	2.0
108.22496819496155	2.0279907900130025	2.0
108.24335622787476	2.0279907900130025	2.0
108.25787901878357	2.0228151907284966	2.0
108.2691559791565	2.0228151907284966	2.0
108.28874850273132	2.0228151907284966	2.0
108.30523133277893	2.0178557823788066	2.0
108.32117772102356	2.0178557823788066	2.0
108.33843302726746	2.0140297412137977	2.0
108.34947872161865	2.0140297412137977	2.0
108.36146903038025	2.0140297412137977	2.0
108.38004732131958	2.0140297412137977	2.0
108.39326024055481	2.010980420332336	2.0
108.40732049942017	2.010980420332336	2.0
108.4231870174408	2.010980420332336	2.0
108.43701696395874	2.0080076870334604	2.0
108.4517343044281	2.0080076870334604	2.0
108.47319078445435	2.0051702261185325	2.0
108.4866578578949	2.0051702261185325	2.0
108.50518488883972	2.0051702261185325	2.0
108.52223753929138	2.0043076213502005	2.0
108.536794424057	2.0043076213502005	2.0
108.55272436141968	2.0043076213502005	2.0
108.56657123565674	2.0040605398516376	2.0
108.58173489570618	2.0040605398516376	2.0
108.59970664978027	2.0040882486631135	2.0
108.61469149589539	2.0040882486631135	2.0
108.62869215011597	2.0040882486631135	2.0
108.64256072044373	2.005713358574921	2.0
108.65709519386292	2.005713358574921	2.0
108.6732497215271	2.005713358574921	2.0
108.68894982337952	2.008170556956311	2.0
108.70329880714417	2.008170556956311	2.0
108.71615672111511	2.008170556956311	2.0
108.73274850845337	2.0106778972511505	2.0
108.74802851676941	2.0106778972511505	2.0
108.76542782783508	2.0106778972511505	2.0
108.78399705886841	2.0139185596145985	2.0
108.80095624923706	2.0139185596145985	2.0
108.81885242462158	2.016707576157196	2.0
108.83256530761719	2.016707576157196	2.0
108.86425590515137	2.0195853191746225	2.0
108.87565350532532	2.0195853191746225	2.0
108.88887786865234	2.0195853191746225	2.0
108.91809916496277	2.021761701881389	2.0
108.93378210067749	2.021761701881389	2.0
108.95465779304504	2.0233237293335358	2.0
108.96728372573853	2.0233237293335358	2.0
108.98247504234314	2.0233237293335358	2.0
108.9990303516388	2.024573934639025	2.0
109.0135748386383	2.024573934639025	2.0
109.0268166065216	2.024573934639025	2.0
109.04127264022827	2.0235018376050062	2.0
109.05627655982971	2.0235018376050062	2.0
109.0705406665802	2.0235018376050062	2.0
109.08380842208862	2.0220125267569222	2.0
109.09747123718262	2.0220125267569222	2.0
109.11400151252747	2.0220125267569222	2.0
109.1320424079895	2.0194988756102044	2.0
109.14686822891235	2.0194988756102044	2.0
109.15868782997131	2.0194988756102044	2.0
109.1732566356659	2.0166203229916273	2.0
109.18791937828064	2.0166203229916273	2.0
109.20206427574158	2.0166203229916273	2.0
109.21984124183655	2.013323855967486	2.0
109.23289823532104	2.013323855967486	2.0
109.24475049972534	2.013323855967486	2.0
109.26075673103333	2.0096451283482613	2.0
109.27523899078369	2.0096451283482613	2.0
109.29263973236084	2.0096451283482613	2.0
109.30903244018555	2.0061665314245554	2.0
109.32049584388733	2.0061665314245554	2.0
109.33381652832031	2.0061665314245554	2.0
109.34998655319214	2.0033699725273117	2.0
109.36539816856384	2.0033699725273117	2.0
109.38701176643372	2.0033699725273117	2.0
109.40163397789001	2.0001585605085497	2.0
109.4139654636383	2.0001585605085497	2.0
109.43285894393921	2.0001585605085497	2.0
109.44749712944031	1.9967554248424093	2.0
109.46328091621399	1.9967554248424093	2.0
109.48395776748657	1.9943941266519094	2.0
109.49619722366333	1.9943941266519094	2.0
109.51498913764954	1.9943941266519094	2.0
109.53468561172485	1.9921905351556242	2.0
109.54951190948486	1.9921905351556242	2.0
109.56383538246155	1.9921905351556242	2.0
109.58082175254822	1.9910349336583664	2.0
109.5951783657074	1.9910349336583664	2.0
109.61280345916748	1.9910349336583664	2.0
109.6277985572815	1.989954886626594	2.0
109.63912677764893	1.989954886626594	2.0
109.65113997459412	1.989954886626594	2.0
109.6660168170929	1.9897260003115549	2.0
109.6793429851532	1.9897260003115549	2.0
109.69882082939148	1.9897260003115549	2.0
109.71765232086182	1.9907657911212346	2.0
109.72961211204529	1.9907657911212346	2.0
109.75439691543579	1.9907657911212346	2.0
109.77210831642151	1.9915583614237178	2.0
109.78888845443726	1.9915583614237178	2.0
109.80666589736938	1.9925099225623686	2.0
109.82201743125916	1.9925099225623686	2.0
109.84129595756531	1.9925099225623686	2.0
109.85722351074219	1.9942713912383543	2.0
109.87305903434753	1.9942713912383543	2.0
109.89679169654846	1.9963672799409324	2.0
109.91225290298462	1.9963672799409324	2.0
109.92705535888672	1.9963672799409324	2.0
109.94336938858032	1.9996216295296514	2.0
109.95859265327454	1.9996216295296514	2.0
109.97409415245056	1.9996216295296514	2.0
109.99135613441467	2.0023597085876257	2.0
110.00469923019409	2.0023597085876257	2.0
110.02129793167114	2.0023597085876257	2.0
110.03570079803467	2.0047723968850932	2.0
110.04984402656555	2.0047723968850932	2.0
110.06845498085022	2.008641082408753	2.0
110.0819320678711	2.008641082408753	2.0
110.09276604652405	2.008641082408753	2.0
110.1114284992218	2.008641082408753	2.0
110.1255955696106	2.0109957102859903	2.0
110.14103603363037	2.0109957102859903	2.0
110.15847516059875	2.01335585333562	2.0
110.17124605178833	2.01335585333562	2.0
110.18318104743958	2.01335585333562	2.0
110.20003414154053	2.01335585333562	2.0
110.21691679954529	2.016130245867177	2.0
110.23148727416992	2.016130245867177	2.0
110.24720358848572	2.016130245867177	2.0
110.2588140964508	2.019092682897024	2.0
110.27267956733704	2.019092682897024	2.0
110.28948926925659	2.019092682897024	2.0
110.30784153938293	2.020238812056556	2.0
110.32102990150452	2.020238812056556	2.0
110.33348798751831	2.020238812056556	2.0
110.35002994537354	2.0206668675525927	2.0
110.36367011070251	2.0206668675525927	2.0
110.38149642944336	2.0206668675525927	2.0
110.39661693572998	2.0221633197838935	2.0
110.40775966644287	2.0221633197838935	2.0
110.42098450660706	2.0221633197838935	2.0
110.43836832046509	2.0239705878986864	2.0
110.45583391189575	2.0239705878986864	2.0
110.47567105293274	2.0260317526848253	2.0
110.48726868629456	2.0260317526848253	2.0
110.4998722076416	2.0260317526848253	2.0
110.51744437217712	2.0266782344203764	2.0
110.52980351448059	2.0266782344203764	2.0
110.54481720924377	2.0266782344203764	2.0
110.56185245513916	2.0266782344203764	2.0
110.57293033599854	2.0279721167733182	2.0
110.58847498893738	2.0279721167733182	2.0
110.60516119003296	2.0279721167733182	2.0
110.61703968048096	2.0275166375803804	2.0
110.6290180683136	2.0275166375803804	2.0
110.64714360237122	2.0275166375803804	2.0
110.65992140769958	2.025903691858269	2.0
110.67373943328857	2.025903691858269	2.0
110.69791173934937	2.023967134165961	2.0
110.70984745025635	2.023967134165961	2.0
110.72477746009827	2.023967134165961	2.0
110.74301218986511	2.023580596065454	2.0
110.75827622413635	2.023580596065454	2.0
110.7728762626648	2.023580596065454	2.0
110.7868025302887	2.024261382758157	2.0
110.80067229270935	2.024261382758157	2.0
110.8165693283081	2.024261382758157	2.0
110.8350338935852	2.0223727519693355	2.0
110.84802198410034	2.0223727519693355	2.0
110.86005187034607	2.0223727519693355	2.0
110.87693548202515	2.0206428360029483	2.0
110.89071440696716	2.0206428360029483	2.0
110.90635228157043	2.0206428360029483	2.0
110.92247104644775	2.0183974998684953	2.0
110.93505764007568	2.0183974998684953	2.0
110.94742059707642	2.0183974998684953	2.0
110.96382236480713	2.016502840851042	2.0
110.97745680809021	2.016502840851042	2.0
110.992112159729	2.016502840851042	2.0
111.00692343711853	2.0144339331614605	2.0
111.01785111427307	2.0144339331614605	2.0
111.03194212913513	2.0144339331614605	2.0
111.04911684989929	2.0138951329318386	2.0
111.06106472015381	2.0138951329318386	2.0
111.0812578201294	2.0138951329318386	2.0
111.09705972671509	2.013924952546187	2.0
111.10878229141235	2.013924952546187	2.0
111.13908338546753	2.014832670569443	2.0
111.15325236320496	2.014832670569443	2.0
111.17024755477905	2.014832670569443	2.0
111.18481397628784	2.0169150057264758	2.0
111.1979820728302	2.0169150057264758	2.0
111.21546411514282	2.0169150057264758	2.0
111.23283505439758	2.0173809032317442	2.0
111.24690842628479	2.0173809032317442	2.0
111.25810122489929	2.0173809032317442	2.0
111.2727267742157	2.0186669695141655	2.0
111.2880609035492	2.0186669695141655	2.0
111.30394697189331	2.0186669695141655	2.0
111.32014489173889	2.0203579166339454	2.0
111.3319320678711	2.0203579166339454	2.0
111.34465050697327	2.0203579166339454	2.0
111.36203145980835	2.0222753616888904	2.0
111.37555623054504	2.0222753616888904	2.0
111.38643312454224	2.0222753616888904	2.0
111.40046429634094	2.023780614796439	2.0
111.41578006744385	2.023780614796439	2.0
111.42715740203857	2.023780614796439	2.0
111.44375824928284	2.023780614796439	2.0
111.45731043815613	2.0256366590694217	2.0
111.468740940094	2.0256366590694217	2.0
111.48423194885254	2.0256366590694217	2.0
111.49881863594055	2.027220989444573	2.0
111.5103714466095	2.027220989444573	2.0
111.53831791877747	2.02849207540847	2.0
111.5498685836792	2.02849207540847	2.0
111.5643265247345	2.02849207540847	2.0
111.5805275440216	2.029065649284656	2.0
111.5949478149414	2.029065649284656	2.0
111.6145327091217	2.029065649284656	2.0
111.62843918800354	2.028230059809576	2.0
111.64037847518921	2.028230059809576	2.0
111.66113686561584	2.028230059809576	2.0
111.67715048789978	2.0280604532516633	2.0
111.69188356399536	2.0280604532516633	2.0
111.70748901367188	2.028052130032356	2.0
111.72161364555359	2.028052130032356	2.0
111.73791217803955	2.028052130032356	2.0
111.7539336681366	2.0273988167625223	2.0
111.76897835731506	2.0273988167625223	2.0
111.78217196464539	2.0273988167625223	2.0
111.79674530029297	2.0271191711504737	2.0
111.81066107749939	2.0271191711504737	2.0
111.82694053649902	2.0271191711504737	2.0
111.84419369697571	2.025906227848505	2.0
111.85708498954773	2.025906227848505	2.0
111.87015390396118	2.025906227848505	2.0
111.88587427139282	2.0244897823186845	2.0
111.90112280845642	2.0244897823186845	2.0
111.91434001922607	2.0244897823186845	2.0
111.93350458145142	2.022437691763456	2.0
111.94515466690063	2.022437691763456	2.0
111.96238875389099	2.022437691763456	2.0
111.97732400894165	2.0207893422595262	2.0
111.98887300491333	2.0207893422595262	2.0
112.00541710853577	2.0207893422595262	2.0
112.01951193809509	2.019572537860085	2.0
112.03130412101746	2.019572537860085	2.0
112.0487654209137	2.019572537860085	2.0
112.06400680541992	2.018062489164433	2.0
112.09438753128052	2.018062489164433	2.0
112.10683250427246	2.0166184173588997	2.0
112.11898064613342	2.0166184173588997	2.0
112.1350085735321	2.0166184173588997	2.0
112.14945483207703	2.013868505490884	2.0
112.16103959083557	2.013868505490884	2.0
112.17744755744934	2.013868505490884	2.0
112.19248294830322	2.0122531825653063	2.0
112.2077910900116	2.0122531825653063	2.0
112.22677111625671	2.0122531825653063	2.0
112.23892521858215	2.01006102414805	2.0
112.25364398956299	2.01006102414805	2.0
112.27452445030212	2.01006102414805	2.0
112.29114174842834	2.0089961386575927	2.0
112.30604267120361	2.0089961386575927	2.0
112.32040286064148	2.0083141495026395	2.0
112.33487367630005	2.0083141495026395	2.0
112.34836101531982	2.0083141495026395	2.0
112.36744093894958	2.009291521486086	2.0
112.38244867324829	2.009291521486086	2.0
112.39492106437683	2.009291521486086	2.0
112.41146755218506	2.00956833335914	2.0
112.42832636833191	2.00956833335914	2.0
112.4425938129425	2.00956833335914	2.0
112.46082592010498	2.010370316638361	2.0
112.47343802452087	2.010370316638361	2.0
112.49054598808289	2.010370316638361	2.0
112.50733232498169	2.0117565617231064	2.0
112.51914262771606	2.0117565617231064	2.0
112.55064368247986	2.0139540471755772	2.0
112.56269812583923	2.0139540471755772	2.0
112.59434032440186	2.0173792883810413	2.0
112.60935664176941	2.0173792883810413	2.0
112.62495255470276	2.0173792883810413	2.0
112.63934254646301	2.0189768841998568	2.0
112.65224266052246	2.0189768841998568	2.0
112.66890358924866	2.0189768841998568	2.0
112.68574690818787	2.0205712155499063	2.0
112.70011973381042	2.0205712155499063	2.0
112.7139139175415	2.0205712155499063	2.0
112.72900676727295	2.0221568499161036	2.0
112.74435353279114	2.0221568499161036	2.0
112.76160335540771	2.0221568499161036	2.0
112.77659344673157	2.023791374072297	2.0
112.78979420661926	2.023791374072297	2.0
112.80413842201233	2.023791374072297	2.0
112.8189206123352	2.0241443435159185	2.0
112.8313856124878	2.0241443435159185	2.0
112.8489363193512	2.0241443435159185	2.0
112.86432099342346	2.024667659193885	2.0
112.87529277801514	2.024667659193885	2.0
112.89380526542664	2.024667659193885	2.0
112.9093189239502	2.024946394936403	2.0
112.92047905921936	2.024946394936403	2.0
112.93805027008057	2.024946394936403	2.0
112.9536304473877	2.0234140782237504	2.0
112.96957397460938	2.0234140782237504	2.0
112.98664498329163	2.0209790268253336	2.0
112.99877667427063	2.0209790268253336	2.0
113.01068425178528	2.0209790268253336	2.0
113.0265851020813	2.0209790268253336	2.0
113.04044771194458	2.018699340555348	2.0
113.05420804023743	2.018699340555348	2.0
113.0713620185852	2.018699340555348	2.0
113.08329629898071	2.0159367526291923	2.0
113.09780979156494	2.0159367526291923	2.0
113.11821627616882	2.0159367526291923	2.0
113.13444638252258	2.0135855942696743	2.0
113.1499891281128	2.0135855942696743	2.0
113.16440629959106	2.0106845250013814	2.0
113.17852091789246	2.0106845250013814	2.0
113.19749116897583	2.0106845250013814	2.0
113.21440434455872	2.007385745606582	2.0
113.22915172576904	2.007385745606582	2.0
113.2416684627533	2.007385745606582	2.0
113.25704765319824	2.0040656745960197	2.0
113.27185368537903	2.0040656745960197	2.0
113.28979778289795	2.0040656745960197	2.0
113.30554032325745	2.0009351457498656	2.0
113.3186686038971	2.0009351457498656	2.0
113.33087205886841	2.0009351457498656	2.0
113.34832620620728	1.9959846638043977	2.0
113.36095881462097	1.9959846638043977	2.0
113.37740182876587	1.9959846638043977	2.0
113.39231443405151	1.9927017436141228	2.0
113.40372467041016	1.9927017436141228	2.0
113.42031574249268	1.9927017436141228	2.0
113.43637657165527	1.9896457079255	2.0
113.45077466964722	1.9896457079255	2.0
113.47039794921875	1.98665348652648	2.0
113.48219776153564	1.98665348652648	2.0
113.49453282356262	1.98665348652648	2.0
113.51515579223633	1.98665348652648	2.0
113.53085017204285	1.9849823517865297	2.0
113.54540729522705	1.9849823517865297	2.0
113.5605821609497	1.9849823517865297	2.0
113.57473349571228	1.982786162770357	2.0
113.59053993225098	1.982786162770357	2.0
113.60747122764587	1.9811554920386498	2.0
113.61910796165466	1.9811554920386498	2.0
113.63500785827637	1.9811554920386498	2.0
113.65630531311035	1.9800143479708532	2.0
113.67113447189331	1.9800143479708532	2.0
113.6850175857544	1.9800143479708532	2.0
113.6989107131958	1.9784873104417098	2.0
113.71327781677246	1.9784873104417098	2.0
113.72959089279175	1.9784873104417098	2.0
113.74815893173218	1.9768284781000183	2.0
113.76111006736755	1.9768284781000183	2.0
113.7729971408844	1.9768284781000183	2.0
113.78643488883972	1.9761986973439718	2.0
113.80129957199097	1.9761986973439718	2.0
113.81492114067078	1.9761986973439718	2.0
113.83285880088806	1.9762623974548366	2.0
113.84414529800415	1.9762623974548366	2.0
113.85621309280396	1.9762623974548366	2.0
113.87505769729614	1.9760875773370077	2.0
113.902498960495	1.9760875773370077	2.0
113.92174196243286	1.9762147347485104	2.0
113.93769192695618	1.9762147347485104	2.0
113.95377349853516	1.9762147347485104	2.0
113.97268009185791	1.9756783327458212	2.0
113.98924732208252	1.9756783327458212	2.0
114.01057076454163	1.9757270606869977	2.0
114.02993941307068	1.9757270606869977	2.0
114.04827117919922	1.9757270606869977	2.0
114.06609725952148	1.9757792829092196	2.0
114.0814380645752	1.9757792829092196	2.0
114.09460377693176	1.9757792829092196	2.0
114.10937213897705	1.976519691865836	2.0
114.12403464317322	1.976519691865836	2.0
114.14248585700989	1.9771128505060627	2.0
114.1583137512207	1.9771128505060627	2.0
114.17126107215881	1.9771128505060627	2.0
114.18823075294495	1.9772628573550655	2.0
114.20338010787964	1.9772628573550655	2.0
114.22182536125183	1.9772628573550655	2.0
114.23753476142883	1.9778419016300783	2.0
114.24944639205933	1.9778419016300783	2.0
114.26603364944458	1.9778419016300783	2.0
114.284672498703	1.977403269701032	2.0
114.30278611183167	1.977403269701032	2.0
114.32022070884705	1.9777459832124016	2.0
114.3367121219635	1.9777459832124016	2.0
114.35324501991272	1.9777459832124016	2.0
114.37001514434814	1.9776371639511878	2.0
114.38171792030334	1.9776371639511878	2.0
114.3939356803894	1.9776371639511878	2.0
114.4136233329773	1.9776371639511878	2.0
114.42867612838745	1.9766902510718445	2.0
114.44492101669312	1.9766902510718445	2.0
114.4608359336853	1.9752764384532486	2.0
114.47454142570496	1.9752764384532486	2.0
114.49157619476318	1.9752764384532486	2.0
114.51077389717102	1.9725743886448197	2.0
114.52596426010132	1.9725743886448197	2.0
114.54129958152771	1.9725743886448197	2.0
114.55666136741638	1.9695437580988728	2.0
114.57303047180176	1.9695437580988728	2.0
114.59220886230469	1.967139256651312	2.0
114.60673689842224	1.967139256651312	2.0
114.61981725692749	1.967139256651312	2.0
114.63408207893372	1.9646406509461667	2.0
114.6493752002716	1.9646406509461667	2.0
114.66536355018616	1.9646406509461667	2.0
114.68287587165833	1.9620834441860786	2.0
114.69512963294983	1.9620834441860786	2.0
114.7105004787445	1.9620834441860786	2.0
114.72572660446167	1.9598331831575628	2.0
114.73914813995361	1.9598331831575628	2.0
114.7559802532196	1.9598331831575628	2.0
114.77050495147705	1.9574118659378201	2.0
114.78128170967102	1.9574118659378201	2.0
114.79803657531738	1.9574118659378201	2.0
114.81403088569641	1.955051068640523	2.0
114.82747626304626	1.955051068640523	2.0
114.84555888175964	1.955051068640523	2.0
114.85970783233643	1.9536742918824508	2.0
114.87318849563599	1.9536742918824508	2.0
114.8951325416565	1.9536742918824508	2.0
114.91049480438232	1.9528730858295333	2.0
114.92537522315979	1.9528730858295333	2.0
114.9378752708435	1.9528730858295333	2.0
114.9504976272583	1.953344644184971	2.0
114.96664118766785	1.953344644184971	2.0
114.98626232147217	1.9536871539098946	2.0
115.00108647346497	1.9536871539098946	2.0
115.01465249061584	1.9536871539098946	2.0
115.02800750732422	1.9543055669674252	2.0
115.0427451133728	1.9543055669674252	2.0
115.05888605117798	1.9543055669674252	2.0
115.07687973976135	1.9566214405310511	2.0
115.09031772613525	1.9566214405310511	2.0
115.10168981552124	1.9566214405310511	2.0
115.11758661270142	1.9588338039327429	2.0
115.13216519355774	1.9588338039327429	2.0
115.14807319641113	1.9588338039327429	2.0
115.16360092163086	1.9614014584483688	2.0
115.1788535118103	1.9614014584483688	2.0
115.1996488571167	1.9649626577979042	2.0
115.21512126922607	1.9649626577979042	2.0
115.22842574119568	1.9649626577979042	2.0
115.24251747131348	1.9685042787103622	2.0
115.2580578327179	1.9685042787103622	2.0
115.27292609214783	1.9685042787103622	2.0
115.29131579399109	1.9713287825227863	2.0
115.30690550804138	1.9713287825227863	2.0
115.32358503341675	1.9713287825227863	2.0
115.3398916721344	1.975548385753123	2.0
115.35546922683716	1.975548385753123	2.0
115.37311744689941	1.9790288207936608	2.0
115.38769030570984	1.9790288207936608	2.0
115.40598964691162	1.9790288207936608	2.0
115.42391109466553	1.9818010241834916	2.0
115.4398283958435	1.9818010241834916	2.0
115.46092891693115	1.9842831555815053	2.0
115.47481060028076	1.9842831555815053	2.0
115.4918007850647	1.9842831555815053	2.0
115.50978350639343	1.9862593212603414	2.0
115.524258852005	1.9862593212603414	2.0
115.54037499427795	1.9862593212603414	2.0
115.55482125282288	1.9877502282986472	2.0
115.56866383552551	1.9877502282986472	2.0
115.58731126785278	1.9877502282986472	2.0
115.60374569892883	1.989615206363468	2.0
115.617830991745	1.989615206363468	2.0
115.63153338432312	1.989615206363468	2.0
115.64805340766907	1.9884763341015728	2.0
115.66215562820435	1.9884763341015728	2.0
115.679922580719	1.9884763341015728	2.0
115.69493913650513	1.987892751419055	2.0
115.70630502700806	1.987892751419055	2.0
115.72011089324951	1.987892751419055	2.0
115.73564553260803	1.9868657917598853	2.0
115.74996709823608	1.9868657917598853	2.0
115.76978540420532	1.9842316419693826	2.0
115.78192210197449	1.9842316419693826	2.0
115.79345226287842	1.9842316419693826	2.0
115.81163144111633	1.9842316419693826	2.0
115.82682585716248	1.9821563459075129	2.0
115.84826707839966	1.9821563459075129	2.0
115.86528396606445	1.9804232209075132	2.0
115.8766508102417	1.9804232209075132	2.0
115.89744400978088	1.9804232209075132	2.0
115.91211891174316	1.9790127564806355	2.0
115.92367458343506	1.9790127564806355	2.0
115.95025062561035	1.9776130663271059	2.0
115.96492338180542	1.9776130663271059	2.0
115.98376989364624	1.9776130663271059	2.0
115.9983766078949	1.9759223383224498	2.0
116.0117552280426	1.9759223383224498	2.0
116.0384271144867	1.973927844692597	2.0
116.0532796382904	1.973927844692597	2.0
116.06885194778442	1.973927844692597	2.0
116.0840425491333	1.9727456151920706	2.0
116.09879994392395	1.9727456151920706	2.0
116.11450457572937	1.9727456151920706	2.0
116.13055634498596	1.9711033154358986	2.0
116.14403462409973	1.9711033154358986	2.0
116.15812563896179	1.9711033154358986	2.0
116.1737871170044	1.9711817171874686	2.0
116.18925476074219	1.9711817171874686	2.0
116.20598101615906	1.9711817171874686	2.0
116.22102975845337	1.97188831930848	2.0
116.23312568664551	1.97188831930848	2.0
116.25048923492432	1.97188831930848	2.0
116.26528906822205	1.9729400723150714	2.0
116.27795886993408	1.9729400723150714	2.0
116.29680705070496	1.9738117506858583	2.0
116.31223130226135	1.9738117506858583	2.0
116.32946228981018	1.9738117506858583	2.0
116.34643697738647	1.9744165618659821	2.0
116.36076807975769	1.9744165618659821	2.0
116.37713170051575	1.9744165618659821	2.0
116.39370441436768	1.9748683599512158	2.0
116.40890765190125	1.9748683599512158	2.0
116.42563819885254	1.9748683599512158	2.0
116.43958377838135	1.9760384942732099	2.0
116.45504713058472	1.9760384942732099	2.0
116.47274160385132	1.9770915901569872	2.0
116.48648166656494	1.9770915901569872	2.0
116.50221943855286	1.9770915901569872	2.0
116.51936841011047	1.979417808628607	2.0
116.53422522544861	1.979417808628607	2.0
116.54826617240906	1.979417808628607	2.0
116.56170558929443	1.9825982600141199	2.0
116.5764467716217	1.9825982600141199	2.0
116.59134936332703	1.9825982600141199	2.0
116.60643005371094	1.9859480495840014	2.0
116.62073302268982	1.9859480495840014	2.0
116.63341784477234	1.9859480495840014	2.0
116.65122985839844	1.9889977674458006	2.0
116.66546177864075	1.9889977674458006	2.0
116.67687487602234	1.9889977674458006	2.0
116.69188117980957	1.9918283213380163	2.0
116.70651125907898	1.9918283213380163	2.0
116.72241425514221	1.9918283213380163	2.0
116.73794293403625	1.9948377118924636	2.0
116.75076651573181	1.9948377118924636	2.0
116.7630090713501	1.9948377118924636	2.0
116.77902746200562	1.9975070880829395	2.0
116.79341578483582	1.9975070880829395	2.0
116.80819487571716	1.9975070880829395	2.0
116.8254086971283	1.9996314568919886	2.0
116.83767080307007	1.9996314568919886	2.0
116.85354280471802	1.9996314568919886	2.0
116.86852741241455	2.001279633414888	2.0
116.88193082809448	2.001279633414888	2.0
116.89947390556335	2.001279633414888	2.0
116.91311049461365	2.0014292992097875	2.0
116.92419815063477	2.0014292992097875	2.0
116.93980264663696	2.0014292992097875	2.0
116.95541501045227	2.0017242444840604	2.0
116.96943044662476	2.0017242444840604	2.0
116.99566698074341	2.0009560066182095	2.0
117.00683236122131	2.0009560066182095	2.0
117.02116870880127	2.0009560066182095	2.0
117.04119944572449	1.998136718954207	2.0
117.05498576164246	1.998136718954207	2.0
117.07888889312744	1.998136718954207	2.0
117.09131383895874	1.9950393292775648	2.0
117.1057481765747	1.9950393292775648	2.0
117.12719416618347	1.9906872279733243	2.0
117.1422963142395	1.9906872279733243	2.0
117.15629315376282	1.9906872279733243	2.0
117.17065811157227	1.9852733866121934	2.0
117.18483710289001	1.9852733866121934	2.0
117.20396018028259	1.9852733866121934	2.0
117.22087168693542	1.9804500184356542	2.0
117.23300981521606	1.9804500184356542	2.0
117.24636268615723	1.9804500184356542	2.0
117.26211881637573	1.976060911820752	2.0
117.27694010734558	1.976060911820752	2.0
117.29300475120544	1.976060911820752	2.0
117.31196761131287	1.971428122566192	2.0
117.32725095748901	1.971428122566192	2.0
117.34829330444336	1.9669759006558543	2.0
117.36313486099243	1.9669759006558543	2.0
117.38024401664734	1.9669759006558543	2.0
117.39730906486511	1.9613929307020797	2.0
117.40844869613647	1.9613929307020797	2.0
117.42421269416809	1.9613929307020797	2.0
117.43950605392456	1.9567380171503612	2.0
117.45088601112366	1.9567380171503612	2.0
117.4625186920166	1.9567380171503612	2.0
117.4938497543335	1.9533007972959697	2.0
117.50941753387451	1.9533007972959697	2.0
117.52934265136719	1.949221829280304	2.0
117.54152250289917	1.949221829280304	2.0
117.55770444869995	1.949221829280304	2.0
117.57789993286133	1.9467418592009966	2.0
117.59317803382874	1.9467418592009966	2.0
117.60704398155212	1.9467418592009966	2.0
117.62083196640015	1.9455126452162812	2.0
117.63472843170166	1.9455126452162812	2.0
117.65314769744873	1.9455126452162812	2.0
117.67033171653748	1.9444846100236728	2.0
117.68247556686401	1.9444846100236728	2.0
117.69750738143921	1.9444846100236728	2.0
117.71481370925903	1.9439069999850627	2.0
117.73259592056274	1.9439069999850627	2.0
117.7547025680542	1.943344583869521	2.0
117.76658129692078	1.943344583869521	2.0
117.77968573570251	1.943344583869521	2.0
117.79667830467224	1.9438551892581917	2.0
117.81052494049072	1.9438551892581917	2.0
117.83060669898987	1.9466901973937847	2.0
117.84468245506287	1.9466901973937847	2.0
117.85535645484924	1.9466901973937847	2.0
117.87284731864929	1.9466901973937847	2.0
117.88676953315735	1.9487860777963317	2.0
117.90152716636658	1.9487860777963317	2.0
117.91856575012207	1.9514944144038737	2.0
117.93001341819763	1.9514944144038737	2.0
117.9416778087616	1.9514944144038737	2.0
117.95781755447388	1.9514944144038737	2.0
117.97447180747986	1.9557073386248365	2.0
117.99153780937195	1.9557073386248365	2.0
118.00851130485535	1.960009559448635	2.0
118.01991510391235	1.960009559448635	2.0
118.03523349761963	1.960009559448635	2.0
118.05913043022156	1.9631881912774112	2.0
118.0739643573761	1.9631881912774112	2.0
118.08833312988281	1.9631881912774112	2.0
118.10342049598694	1.9655871940168848	2.0
118.11866784095764	1.9655871940168848	2.0
118.13356161117554	1.9655871940168848	2.0
118.148282289505	1.967359878607575	2.0
118.16295957565308	1.967359878607575	2.0
118.19193148612976	1.970870797454935	2.0
118.20606231689453	1.970870797454935	2.0
118.21801996231079	1.970870797454935	2.0
118.23259496688843	1.9736944803302698	2.0
118.24785304069519	1.9736944803302698	2.0
118.26720952987671	1.9736944803302698	2.0
118.28242611885071	1.9741577897420348	2.0
118.2959234714508	1.9741577897420348	2.0
118.31410217285156	1.9749090431950733	2.0
118.33000802993774	1.9749090431950733	2.0
118.3567910194397	1.9749090431950733	2.0
118.37316155433655	1.974747578707614	2.0
118.38912200927734	1.974747578707614	2.0
118.40563893318176	1.9729621112855178	2.0
118.42020440101624	1.9729621112855178	2.0
118.44018888473511	1.9729621112855178	2.0
118.45440721511841	1.969826920075945	2.0
118.46581554412842	1.969826920075945	2.0
118.48143005371094	1.969826920075945	2.0
118.49669313430786	1.968449433187335	2.0
118.51186847686768	1.968449433187335	2.0
118.52716016769409	1.968449433187335	2.0
118.54109525680542	1.9660718109232356	2.0
118.55321455001831	1.9660718109232356	2.0
118.56848335266113	1.9660718109232356	2.0
118.58410406112671	1.9635465824378926	2.0
118.60034394264221	1.9635465824378926	2.0
118.61413860321045	1.9635465824378926	2.0
118.62673091888428	1.9600066870479522	2.0
118.64193320274353	1.9600066870479522	2.0
118.65766859054565	1.9600066870479522	2.0
118.67312693595886	1.9567927515095538	2.0
118.68777227401733	1.9567927515095538	2.0
118.70050716400146	1.9567927515095538	2.0
118.71443104743958	1.9538085109540941	2.0
118.7296633720398	1.9538085109540941	2.0
118.74464893341064	1.9538085109540941	2.0
118.75990104675293	1.9512811249043704	2.0
118.77308368682861	1.9512811249043704	2.0
118.78687119483948	1.9512811249043704	2.0
118.80261540412903	1.9489921224362505	2.0
118.81648325920105	1.9489921224362505	2.0
118.83151984214783	1.9489921224362505	2.0
118.84603905677795	1.948048187065955	2.0
118.85727000236511	1.948048187065955	2.0
118.87010931968689	1.948048187065955	2.0
118.88602805137634	1.9481405923031836	2.0
118.89944171905518	1.9481405923031836	2.0
118.9106810092926	1.9481405923031836	2.0
118.92528295516968	1.9481405923031836	2.0
118.94038367271423	1.9477775329215619	2.0
118.95469403266907	1.9477775329215619	2.0
118.9704327583313	1.9477775329215619	2.0
118.9838798046112	1.9492410139566556	2.0
118.99581861495972	1.9492410139566556	2.0
119.01078796386719	1.9492410139566556	2.0
119.02648401260376	1.9517045754091693	2.0
119.04174089431763	1.9517045754091693	2.0
119.05764818191528	1.9517045754091693	2.0
119.0701630115509	1.9546138293993802	2.0
119.08478999137878	1.9546138293993802	2.0
119.10052561759949	1.9546138293993802	2.0
119.11634540557861	1.9583732533889502	2.0
119.13113641738892	1.9583732533889502	2.0
119.14439606666565	1.9583732533889502	2.0
119.15820980072021	1.9629930728129001	2.0
119.1742467880249	1.9629930728129001	2.0
119.1899197101593	1.9629930728129001	2.0
119.20581340789795	1.967542541566551	2.0
119.21950387954712	1.967542541566551	2.0
119.23229718208313	1.967542541566551	2.0
119.24679517745972	1.9729504338742434	2.0
119.26149821281433	1.9729504338742434	2.0
119.27504801750183	1.9729504338742434	2.0
119.2896568775177	1.9778652499092289	2.0
119.30379319190979	1.9778652499092289	2.0
119.320627450943	1.9820612097946158	2.0
119.33608078956604	1.9820612097946158	2.0
119.3508563041687	1.9820612097946158	2.0
119.36764883995056	1.986544631005522	2.0
119.38008213043213	1.986544631005522	2.0
119.39138865470886	1.986544631005522	2.0
119.4074068069458	1.9910270925297773	2.0
119.42213916778564	1.9910270925297773	2.0
119.43909621238708	1.9910270925297773	2.0
119.4554877281189	1.9954724694395172	2.0
119.4667637348175	1.9954724694395172	2.0
119.4782657623291	1.9954724694395172	2.0
119.50392889976501	1.9999427314966038	2.0
119.51963353157043	1.9999427314966038	2.0
119.5428946018219	1.9999427314966038	2.0
119.55519700050354	2.004387345767588	2.0
119.58244895935059	2.004387345767588	2.0
119.5987138748169	2.009142132514957	2.0
119.61290979385376	2.009142132514957	2.0
119.62903332710266	2.009142132514957	2.0
119.64329504966736	2.012962989096744	2.0
119.66142630577087	2.012962989096744	2.0
119.67905473709106	2.015205438447393	2.0
119.69302105903625	2.015205438447393	2.0
119.71478223800659	2.015205438447393	2.0
119.73010849952698	2.0173256659444663	2.0
119.74379372596741	2.0173256659444663	2.0
119.757652759552	2.0173256659444663	2.0
119.77117991447449	2.019772555113232	2.0
119.78646659851074	2.019772555113232	2.0
119.8055248260498	2.021180809115044	2.0
119.82081699371338	2.021180809115044	2.0
119.8332006931305	2.021180809115044	2.0
119.84877419471741	2.0224696938712365	2.0
119.86369323730469	2.0224696938712365	2.0
119.87873482704163	2.0224696938712365	2.0
119.89621949195862	2.023124805930104	2.0
119.90829539299011	2.023124805930104	2.0
119.9212818145752	2.023124805930104	2.0
119.93778538703918	2.0226494615256536	2.0
119.9505364894867	2.0226494615256536	2.0
119.96380758285522	2.0226494615256536	2.0
119.9820294380188	2.0213572631697896	2.0
119.99338483810425	2.0213572631697896	2.0
120.00947713851929	2.0213572631697896	2.0
120.02710604667664	2.0213572631697896	2.0
120.04003643989563	2.0194021279846845	2.0
120.05872869491577	2.0194021279846845	2.0
120.07393956184387	2.016795755835469	2.0
120.08812522888184	2.016795755835469	2.0
120.10682463645935	2.016795755835469	2.0
120.12222933769226	2.0154459996598937	2.0
120.13722229003906	2.0154459996598937	2.0
120.15110898017883	2.0154459996598937	2.0
120.16439962387085	2.0148944311781376	2.0
120.17983794212341	2.0148944311781376	2.0
120.19883298873901	2.0148944311781376	2.0
120.21403765678406	2.014496047595963	2.0
120.22688317298889	2.014496047595963	2.0
120.24021935462952	2.014496047595963	2.0
120.25536394119263	2.0144211418350575	2.0
120.26938533782959	2.0144211418350575	2.0
120.28673219680786	2.014485703837825	2.0
120.30120587348938	2.014485703837825	2.0
120.31446075439453	2.014485703837825	2.0
120.33201742172241	2.0143166962821266	2.0
120.34671664237976	2.0143166962821266	2.0
120.3606948852539	2.0143166962821266	2.0
120.37630939483643	2.014767690357629	2.0
120.38870620727539	2.014767690357629	2.0
120.40002846717834	2.014767690357629	2.0
120.41657042503357	2.015940781701448	2.0
120.4297227859497	2.015940781701448	2.0
120.44142603874207	2.015940781701448	2.0
120.45597982406616	2.0169174630353988	2.0
120.47105884552002	2.0169174630353988	2.0
120.48363518714905	2.0169174630353988	2.0
120.50161099433899	2.019775449470329	2.0
120.51452493667603	2.019775449470329	2.0
120.5260739326477	2.019775449470329	2.0
120.54205822944641	2.0229548362952547	2.0
120.55598664283752	2.0229548362952547	2.0
120.58756709098816	2.025890606390967	2.0
120.59886479377747	2.025890606390967	2.0
120.61030888557434	2.025890606390967	2.0
120.62571096420288	2.025890606390967	2.0
120.63998770713806	2.0289930823994675	2.0
120.6524646282196	2.0289930823994675	2.0
120.66814422607422	2.0289930823994675	2.0
120.68256783485413	2.0331176941105835	2.0
120.69485354423523	2.0331176941105835	2.0
120.71065783500671	2.0331176941105835	2.0
120.7253246307373	2.0366864229241424	2.0
120.74132466316223	2.0366864229241424	2.0
120.75648760795593	2.0366864229241424	2.0
120.76928329467773	2.0405202239533726	2.0
120.78383541107178	2.0405202239533726	2.0
120.79948925971985	2.0405202239533726	2.0
120.81579065322876	2.04477898053232	2.0
120.83055281639099	2.04477898053232	2.0
120.8438880443573	2.04477898053232	2.0
120.86304354667664	2.047316299647008	2.0
120.87742829322815	2.047316299647008	2.0
120.89394187927246	2.047316299647008	2.0
120.90959548950195	2.0506670063578616	2.0
120.9207935333252	2.0506670063578616	2.0
120.93484830856323	2.0506670063578616	2.0
120.95245385169983	2.0525898909732456	2.0
120.96699810028076	2.0525898909732456	2.0
120.98507857322693	2.0525898909732456	2.0
120.99785685539246	2.0537896657677663	2.0
121.00915312767029	2.0537896657677663	2.0
121.02570819854736	2.0537896657677663	2.0
121.04234910011292	2.0535816743921194	2.0
121.05856704711914	2.0535816743921194	2.0
121.07473087310791	2.0535816743921194	2.0
121.086510181427	2.052839609909327	2.0
121.10094404220581	2.052839609909327	2.0
121.11952519416809	2.052839609909327	2.0
121.135573387146	2.0484956856429504	2.0
121.15114736557007	2.0484956856429504	2.0
121.16665434837341	2.0439654731783614	2.0
121.1789882183075	2.0439654731783614	2.0
121.1970145702362	2.0439654731783614	2.0
121.21057176589966	2.0387796353632353	2.0
121.22172260284424	2.0387796353632353	2.0
121.2499270439148	2.0387796353632353	2.0
121.26508498191833	2.032540385363235	2.0
121.28183507919312	2.032540385363235	2.0
121.29409980773926	2.02691162295722	2.0
121.30751299858093	2.02691162295722	2.0
121.32542133331299	2.02691162295722	2.0
121.34326481819153	2.020566267752823	2.0
121.3608283996582	2.020566267752823	2.0
121.37836194038391	2.020566267752823	2.0
121.39382123947144	2.0138078676094886	2.0
121.4110996723175	2.0138078676094886	2.0
121.4278175830841	2.009121639882637	2.0
121.44294047355652	2.009121639882637	2.0
121.46138381958008	2.009121639882637	2.0
121.4774878025055	2.003591298894224	2.0
121.49306535720825	2.003591298894224	2.0
121.51161408424377	2.003591298894224	2.0
121.5260214805603	1.9981725067819245	2.0
121.53729701042175	1.9981725067819245	2.0
121.56870746612549	1.9953829113638804	2.0
121.58433723449707	1.9953829113638804	2.0
121.60125470161438	1.9953829113638804	2.0
121.61507105827332	1.9922853051315854	2.0
121.62857508659363	1.9922853051315854	2.0
121.64656782150269	1.9922853051315854	2.0
121.66432023048401	1.9899772762933097	2.0
121.67997193336487	1.9899772762933097	2.0
121.69268751144409	1.9899772762933097	2.0
121.70510244369507	1.988592522914931	2.0
121.72003483772278	1.988592522914931	2.0
121.74216842651367	1.987901576406972	2.0
121.75674319267273	1.987901576406972	2.0
121.7695062160492	1.987901576406972	2.0
121.78497815132141	1.9879488590665104	2.0
121.80148911476135	1.9879488590665104	2.0
121.82248663902283	1.9879488590665104	2.0
121.8375289440155	1.9893973521003805	2.0
121.84955167770386	1.9893973521003805	2.0
121.86468029022217	1.9893973521003805	2.0
121.87982249259949	2.0004984070551832	2.0
121.8922905921936	2.0004984070551832	2.0
121.91316246986389	2.0101504234815994	2.0
121.92500257492065	2.0101504234815994	2.0
121.93694019317627	2.0101504234815994	2.0
121.95549273490906	nan	2.0
121.96993231773376	nan	2.0
121.98241901397705	nan	2.0
121.9994843006134	nan	2.0
122.01306581497192	nan	2.0
122.03331065177917	nan	2.0
122.04940962791443	nan	2.0
122.06086683273315	nan	2.0
122.0759425163269	nan	2.0
122.09291815757751	nan	2.0
122.10625338554382	nan	2.0
122.12762355804443	nan	2.0
122.1389753818512	nan	2.0
122.15307450294495	nan	2.0
122.1735270023346	nan	2.0
122.18788409233093	nan	2.0
122.20560789108276	nan	2.0
122.21946358680725	nan	2.0
122.23095154762268	nan	2.0
122.24710321426392	nan	2.0
122.26531028747559	nan	2.0
122.28013443946838	nan	2.0
122.29531788825989	nan	2.0
122.30845499038696	nan	2.0
122.32444190979004	nan	2.0
122.34301662445068	nan	2.0
122.358647108078	nan	2.0
122.37367296218872	nan	2.0
122.3897545337677	nan	2.0
122.40511465072632	nan	2.0
122.42173624038696	nan	2.0
122.43730330467224	nan	2.0
122.45028042793274	nan	2.0
122.4620852470398	nan	2.0
122.48038244247437	nan	2.0
122.49427151679993	nan	2.0
122.51331686973572	nan	2.0
122.52779626846313	nan	2.0
122.53905987739563	nan	2.0
122.5551688671112	nan	2.0
122.5710129737854	nan	2.0
122.60015821456909	nan	2.0
122.61268830299377	nan	2.0
122.62422370910645	nan	2.0
122.64532041549683	nan	2.0
122.65954852104187	nan	2.0
122.67188930511475	nan	2.0
122.68979954719543	nan	2.0
122.70321464538574	nan	2.0
122.71924471855164	nan	2.0
122.73518466949463	nan	2.0
122.7464861869812	nan	2.0
122.76112771034241	nan	2.0
122.77744340896606	nan	2.0
122.79140543937683	nan	2.0
122.80995607376099	nan	2.0
122.82484698295593	nan	2.0
122.8376476764679	nan	2.0
122.85979628562927	nan	2.0
122.87396764755249	nan	2.0
122.90121960639954	nan	2.0
122.91219687461853	nan	2.0
122.92421793937683	nan	2.0
122.94060730934143	nan	2.0
122.95578050613403	nan	2.0
122.97302341461182	nan	2.0
122.98778820037842	nan	2.0
122.99889302253723	nan	2.0
123.03150010108948	nan	2.0
123.0466525554657	nan	2.0
123.06475186347961	nan	2.0
123.0805127620697	nan	2.0
123.09562134742737	nan	2.0
123.11195373535156	nan	2.0
123.1275086402893	nan	2.0
123.1404812335968	nan	2.0
123.15379810333252	nan	2.0
123.16837239265442	nan	2.0
123.183664560318	nan	2.0
123.20177173614502	nan	2.0
123.216055393219	nan	2.0
123.22841119766235	nan	2.0
123.24296116828918	nan	2.0
123.25933623313904	nan	2.0
123.28059124946594	nan	2.0
123.2959394454956	nan	2.0
123.3087010383606	nan	2.0
123.324631690979	nan	2.0
123.3393542766571	nan	2.0
123.35564017295837	nan	2.0
123.37116432189941	nan	2.0
123.3834536075592	nan	2.0
123.3967399597168	nan	2.0
123.41268229484558	nan	2.0
123.42677450180054	nan	2.0
123.4414598941803	nan	2.0
123.45650267601013	nan	2.0
123.47168159484863	nan	2.0
123.48895478248596	nan	2.0
123.50214648246765	nan	2.0
123.51742839813232	nan	2.0
123.534259557724	nan	2.0
123.54787063598633	nan	2.0
123.56605076789856	nan	2.0
123.58044719696045	nan	2.0
123.59195256233215	nan	2.0
123.60606837272644	nan	2.0
123.6206407546997	nan	2.0
123.63940691947937	nan	2.0
123.65712857246399	nan	2.0
123.66966462135315	nan	2.0
123.68247532844543	nan	2.0
123.69748377799988	nan	2.0
123.71003341674805	nan	2.0
123.7232894897461	nan	2.0
123.73997402191162	nan	2.0
123.75176239013672	nan	2.0
123.76789569854736	nan	2.0
123.78494358062744	nan	2.0
123.79696702957153	nan	2.0
123.812020778656	nan	2.0
123.82917833328247	nan	2.0
123.84161496162415	nan	2.0
123.87108111381531	nan	2.0
123.88654494285583	nan	2.0
123.90196418762207	nan	2.0
123.91585397720337	nan	2.0
123.92926597595215	nan	2.0
123.94556188583374	nan	2.0
123.96164798736572	nan	2.0
123.97645831108093	nan	2.0
123.98952984809875	nan	2.0
124.00359344482422	nan	2.0
124.01891279220581	nan	2.0
124.03191447257996	nan	2.0
124.05033016204834	nan	2.0
124.06332516670227	nan	2.0
124.07612633705139	nan	2.0
124.09341502189636	nan	2.0
124.10688257217407	nan	2.0
124.12565040588379	nan	2.0
124.14019465446472	nan	2.0
124.15103101730347	nan	2.0
124.1647880077362	nan	2.0
124.18243861198425	nan	2.0
124.1950695514679	nan	2.0
124.20873808860779	nan	2.0
124.22540950775146	nan	2.0
124.23977851867676	nan	2.0
124.25764608383179	nan	2.0
124.27161931991577	nan	2.0
124.28535676002502	nan	2.0
124.3045744895935	nan	2.0
124.31826782226562	nan	2.0
124.33983135223389	nan	2.0
124.35756254196167	nan	2.0
124.37401461601257	nan	2.0
124.39204907417297	nan	2.0
124.40771961212158	nan	2.0
124.42314386367798	nan	2.0
124.44099187850952	nan	2.0
124.45466423034668	nan	2.0
124.47027540206909	nan	2.0
124.49075841903687	nan	2.0
124.5059404373169	nan	2.0
124.51970863342285	nan	2.0
124.5344934463501	nan	2.0
124.54920840263367	nan	2.0
124.56567192077637	nan	2.0
124.58197736740112	nan	2.0
124.59422993659973	nan	2.0
124.6076123714447	nan	2.0
124.6247787475586	1.911517136869211	2.0
124.64009547233582	1.911517136869211	2.0
124.65743851661682	1.911517136869211	2.0
124.67170524597168	1.9192154518137141	2.0
124.68280529975891	1.9192154518137141	2.0
124.69677186012268	1.9192154518137141	2.0
124.71263885498047	1.9255189725138293	2.0
124.72519850730896	1.9255189725138293	2.0
124.75130200386047	1.930425597433547	2.0
124.76279211044312	1.930425597433547	2.0
124.77516484260559	1.930425597433547	2.0
124.79518985748291	1.9348100569870628	2.0
124.80880618095398	1.9348100569870628	2.0
124.82411813735962	1.9348100569870628	2.0
124.84235095977783	1.9400810417141723	2.0
124.85546565055847	1.9400810417141723	2.0
124.87189841270447	1.9400810417141723	2.0
124.8882646560669	1.9433232178683464	2.0
124.90300130844116	1.9433232178683464	2.0
124.91556119918823	1.9433232178683464	2.0
124.9289870262146	1.9458385682858998	2.0
124.94468545913696	1.9458385682858998	2.0
124.9650309085846	1.9458385682858998	2.0
124.97669982910156	1.947741303535922	2.0
124.99120306968689	1.947741303535922	2.0
125.00972747802734	1.947741303535922	2.0
125.02500820159912	1.9495886253529082	2.0
125.03975081443787	1.9495886253529082	2.0
125.05447816848755	1.9495886253529082	2.0
125.06790089607239	1.9504099164586777	2.0
125.0824236869812	1.9504099164586777	2.0
125.0979323387146	1.9504099164586777	2.0
125.11457228660583	1.950788160291826	2.0
125.12811017036438	1.950788160291826	2.0
125.14340257644653	1.950788160291826	2.0
125.15911293029785	1.9514613551342332	2.0
125.1734094619751	1.9514613551342332	2.0
125.20022654533386	1.9532859333814947	2.0
125.21125149726868	1.9532859333814947	2.0
125.2252447605133	1.9532859333814947	2.0
125.24538803100586	1.9550768589632657	2.0
125.26959300041199	1.9550768589632657	2.0
125.28374528884888	1.9564151462009107	2.0
125.29511284828186	1.9564151462009107	2.0
125.32506275177002	1.958362151958426	2.0
125.34089016914368	1.958362151958426	2.0
125.35843229293823	1.958362151958426	2.0
125.37272071838379	1.962836178416341	2.0
125.38717532157898	1.962836178416341	2.0
125.40533947944641	1.962836178416341	2.0
125.421462059021	1.9663686668382667	2.0
125.43604850769043	1.9663686668382667	2.0
125.45210790634155	1.9663686668382667	2.0
125.46717834472656	1.97054044903135	2.0
125.48134207725525	1.97054044903135	2.0
125.49733924865723	1.97054044903135	2.0
125.51253700256348	1.9757898237665195	2.0
125.5255925655365	1.9757898237665195	2.0
125.53789067268372	1.9757898237665195	2.0
125.55428647994995	1.9808034240175956	2.0
125.56772184371948	1.9808034240175956	2.0
125.59488201141357	1.985595545229717	2.0
125.6062695980072	1.985595545229717	2.0
125.61878657341003	1.985595545229717	2.0
125.63430619239807	1.9906150909140794	2.0
125.6483256816864	1.9906150909140794	2.0
125.66404509544373	1.9906150909140794	2.0
125.68668675422668	1.9954175035191217	2.0
125.6986334323883	1.9954175035191217	2.0
125.71613025665283	1.9954175035191217	2.0
125.73236632347107	1.9995985155284821	2.0
125.74435758590698	1.9995985155284821	2.0
125.75927829742432	1.9995985155284821	2.0
125.77659058570862	2.0032688089903483	2.0
125.79153084754944	2.0032688089903483	2.0
125.80887126922607	2.0032688089903483	2.0
125.82523918151855	2.0051617731156126	2.0
125.84042358398438	2.0051617731156126	2.0
125.86188316345215	2.006602668672186	2.0
125.87706327438354	2.006602668672186	2.0
125.89340496063232	2.006602668672186	2.0
125.90799641609192	2.0088616607146266	2.0
125.9238555431366	2.0088616607146266	2.0
125.93819499015808	2.0088616607146266	2.0
125.95830965042114	2.0086883980027617	2.0
125.97155284881592	2.0086883980027617	2.0
125.98606753349304	2.0086883980027617	2.0
126.0046763420105	2.008198650103602	2.0
126.01915049552917	2.008198650103602	2.0
126.03739142417908	2.008198650103602	2.0
126.05375790596008	2.006106257807144	2.0
126.07223010063171	2.006106257807144	2.0
126.09408497810364	2.0033692413634427	2.0
126.11079621315002	2.0033692413634427	2.0
126.13387513160706	2.000638118271466	2.0
126.14767122268677	2.000638118271466	2.0
126.18101739883423	1.9975602802432966	2.0
126.19862604141235	1.9975602802432966	2.0
126.2186267375946	1.9975602802432966	2.0
126.2367753982544	1.9941096258935622	2.0
126.25520753860474	1.9941096258935622	2.0
126.27412700653076	1.9901913550190564	2.0
126.2893295288086	1.9901913550190564	2.0
126.30395579338074	1.9901913550190564	2.0
126.32297277450562	1.9875384753294731	2.0
126.34149289131165	1.9875384753294731	2.0
126.36271786689758	1.9832669751254333	2.0
126.38029146194458	1.9832669751254333	2.0
126.40177583694458	1.9816161947090225	2.0
126.41814970970154	1.9816161947090225	2.0
126.43634152412415	1.9816161947090225	2.0
126.45355033874512	1.9802158787749566	2.0
126.46942234039307	1.9802158787749566	2.0
126.48834300041199	1.9802158787749566	2.0
126.50403022766113	1.9809783064527005	2.0
126.52059698104858	1.9809783064527005	2.0
126.54372453689575	1.9829240357169144	2.0
126.56069469451904	1.9829240357169144	2.0
126.58237290382385	1.9829240357169144	2.0
126.60285687446594	1.985500368699001	2.0
126.61974716186523	1.985500368699001	2.0
126.63919234275818	1.9884538009023909	2.0
126.65539789199829	1.9884538009023909	2.0
126.670982837677	1.9884538009023909	2.0
126.6908507347107	1.993113004217212	2.0
126.70672512054443	1.993113004217212	2.0
126.72708415985107	1.9969605594011584	2.0
126.74194073677063	1.9969605594011584	2.0
126.76004338264465	1.9969605594011584	2.0
126.77694344520569	2.0005047849398796	2.0
126.79334425926208	2.0005047849398796	2.0
126.81387853622437	2.0005047849398796	2.0
126.82974934577942	2.0054189492597225	2.0
126.84993696212769	2.0054189492597225	2.0
126.87391877174377	2.0093915419316746	2.0
126.89393854141235	2.0093915419316746	2.0
126.9128794670105	2.0140662432478003	2.0
126.93078327178955	2.0140662432478003	2.0
126.9505546092987	2.0140662432478003	2.0
126.9663016796112	2.018300054396329	2.0
126.97973799705505	2.018300054396329	2.0
126.99561429023743	2.021097203184527	2.0
127.01091718673706	2.021097203184527	2.0
127.02928733825684	2.021097203184527	2.0
127.04813718795776	2.022960241091865	2.0
127.06306338310242	2.022960241091865	2.0
127.08160519599915	2.024001451745618	2.0
127.09801769256592	2.024001451745618	2.0
127.11858654022217	2.024001451745618	2.0
127.13492703437805	2.0236013087907616	2.0
127.15003848075867	2.0236013087907616	2.0
127.17099332809448	2.022643231867685	2.0
127.18745446205139	2.022643231867685	2.0
127.20083832740784	2.022643231867685	2.0
127.21762943267822	2.022934540403219	2.0
127.2351393699646	2.022934540403219	2.0
127.25844383239746	2.021237594752091	2.0
127.27807784080505	2.021237594752091	2.0
127.29569792747498	2.021237594752091	2.0
127.31356501579285	2.0195809006601	2.0
127.33279395103455	2.0195809006601	2.0
127.3544192314148	2.0195809006601	2.0
127.37223172187805	2.0157695746584188	2.0
127.39385867118835	2.0157695746584188	2.0
127.41425108909607	2.0114551957015303	2.0
127.43201279640198	2.0114551957015303	2.0
127.4518313407898	2.007288583177069	2.0
127.467764377594	2.007288583177069	2.0
127.48935103416443	2.007288583177069	2.0
127.50490999221802	2.002220506808192	2.0
127.52801132202148	2.002220506808192	2.0
127.54669857025146	1.9983324018519242	2.0
127.56108021736145	1.9983324018519242	2.0
127.58232831954956	1.9943597574449812	2.0
127.59473037719727	1.9943597574449812	2.0
127.60819482803345	1.9943597574449812	2.0
127.62578868865967	1.9917014426817503	2.0
127.63837909698486	1.9917014426817503	2.0
127.65864753723145	1.9917014426817503	2.0
127.67430758476257	1.9882442606165327	2.0
127.68710708618164	1.9882442606165327	2.0
127.70387935638428	1.9882442606165327	2.0
127.72424149513245	1.9857052760754363	2.0
127.73993754386902	1.9857052760754363	2.0
127.75892210006714	1.9835219011874934	2.0
127.77367997169495	1.9835219011874934	2.0
127.79095125198364	1.9835219011874934	2.0
127.8085446357727	1.9824646083576376	2.0
127.8229398727417	1.9824646083576376	2.0
127.83820414543152	1.9824646083576376	2.0
127.85525274276733	1.981850329431746	2.0
127.86965918540955	1.981850329431746	2.0
127.8900055885315	1.9811736377024225	2.0
127.90385675430298	1.9811736377024225	2.0
127.91578769683838	1.9811736377024225	2.0
127.93114042282104	1.9829883599246447	2.0
127.94671177864075	1.9829883599246447	2.0
127.95858693122864	1.9829883599246447	2.0
127.97620463371277	1.9836047336091358	2.0
127.99073362350464	1.9836047336091358	2.0
128.0052764415741	1.9836047336091358	2.0
128.0219430923462	1.9843912599715636	2.0
128.03539633750916	1.9843912599715636	2.0
128.04817175865173	1.9843912599715636	2.0
128.066960811615	1.9853985318776524	2.0
128.08130192756653	1.9853985318776524	2.0
128.09795999526978	1.9853985318776524	2.0
128.11413645744324	1.9866782020851623	2.0
128.12575006484985	1.9866782020851623	2.0
128.14209270477295	1.9866782020851623	2.0
128.15889716148376	1.987681311421771	2.0
128.17430591583252	1.987681311421771	2.0
128.19188451766968	1.987681311421771	2.0
128.2065258026123	1.988253665395399	2.0
128.22154116630554	1.988253665395399	2.0
128.23680901527405	1.988253665395399	2.0
128.251549243927	1.9884235110897748	2.0
128.2681918144226	1.9884235110897748	2.0
128.28383803367615	1.9884235110897748	2.0
128.2991805076599	1.9884918459297602	2.0
128.31344842910767	1.9884918459297602	2.0
128.3292751312256	1.9884918459297602	2.0
128.34621143341064	1.9886804072406892	2.0
128.36180639266968	1.9886804072406892	2.0
128.37729668617249	1.9886804072406892	2.0
128.39259791374207	1.988109964239246	2.0
128.40588092803955	1.988109964239246	2.0
128.42146372795105	1.988109964239246	2.0
128.4372866153717	1.9880349812253086	2.0
128.44984602928162	1.9880349812253086	2.0
128.46469712257385	1.9880349812253086	2.0
128.48021173477173	1.9887011748010834	2.0
128.49579453468323	1.9887011748010834	2.0
128.510990858078	1.9887011748010834	2.0
128.52626180648804	1.9895871013791564	2.0
128.54127621650696	1.9895871013791564	2.0
128.556006193161	1.9895871013791564	2.0
128.57166457176208	1.989466245834178	2.0
128.5865375995636	1.989466245834178	2.0
128.60260844230652	1.989466245834178	2.0
128.62033438682556	1.989294986519722	2.0
128.6359841823578	1.989294986519722	2.0
128.65184998512268	1.989294986519722	2.0
128.66834378242493	1.9891612972326462	2.0
128.6813189983368	1.9891612972326462	2.0
128.69704294204712	1.9891612972326462	2.0
128.7129421234131	1.9891612972326462	2.0
128.72516870498657	1.9883103642880395	2.0
128.7365322113037	1.9883103642880395	2.0
128.75245809555054	1.9883103642880395	2.0
128.76683235168457	1.9874503691357268	2.0
128.7822563648224	1.9874503691357268	2.0
128.79763317108154	1.9874503691357268	2.0
128.81095695495605	1.9859362277874264	2.0
128.82450890541077	1.9859362277874264	2.0
128.84017372131348	1.9859362277874264	2.0
128.85859417915344	1.984578535523169	2.0
128.87313270568848	1.984578535523169	2.0
128.88779020309448	1.984578535523169	2.0
128.91376423835754	1.9842812269517407	2.0
128.93907189369202	1.9842812269517407	2.0
128.95565462112427	1.982751249592182	2.0
128.97033786773682	1.982751249592182	2.0
128.99058437347412	1.982751249592182	2.0
129.00869607925415	1.9812176385985247	2.0
129.0423834323883	1.9806165761193306	2.0
129.05817127227783	1.9806165761193306	2.0
129.07677602767944	1.9806165761193306	2.0
129.09645748138428	1.9807946415480262	2.0
129.1137204170227	1.9807946415480262	2.0
129.1300995349884	1.9807946415480262	2.0
129.14606833457947	1.9819118271947243	2.0
129.1633117198944	1.9819118271947243	2.0
129.18120789527893	1.9819118271947243	2.0
129.19751977920532	1.9850052577845432	2.0
129.21041679382324	1.9850052577845432	2.0
129.2292127609253	1.9850052577845432	2.0
129.24728298187256	1.9850052577845432	2.0
129.26299333572388	1.9883393525558968	2.0
129.28229570388794	1.9883393525558968	2.0
129.29859614372253	1.9930850821147996	2.0
129.31838274002075	1.9930850821147996	2.0
129.3357241153717	1.9930850821147996	2.0
129.3539047241211	1.9975787714740676	2.0
129.36887335777283	1.9975787714740676	2.0
129.38818526268005	1.9975787714740676	2.0
129.40438199043274	2.002730792319138	2.0
129.4186143875122	2.002730792319138	2.0
129.43941450119019	2.002730792319138	2.0
129.4529197216034	2.0085314874813847	2.0
129.46967673301697	2.0085314874813847	2.0
129.4873766899109	2.0085314874813847	2.0
129.50334930419922	2.014339243880326	2.0
129.51998043060303	2.014339243880326	2.0
129.53724145889282	2.014339243880326	2.0
129.55388712882996	2.0197534511880617	2.0
129.57039332389832	2.0197534511880617	2.0
129.58927965164185	2.0259811627799538	2.0
129.60591626167297	2.0259811627799538	2.0
129.62236618995667	2.0259811627799538	2.0
129.6393039226532	2.031823079390437	2.0
129.6526484489441	2.031823079390437	2.0
129.6677520275116	2.031823079390437	2.0
129.68422746658325	2.0364059965502004	2.0
129.6983675956726	2.0364059965502004	2.0
129.71467781066895	2.0364059965502004	2.0
129.7319302558899	2.0364059965502004	2.0
129.74525380134583	2.040555223751006	2.0
129.76040887832642	2.040555223751006	2.0
129.77661776542664	2.040555223751006	2.0
129.79181456565857	2.0441622173873695	2.0
129.80771708488464	2.0441622173873695	2.0
129.82362818717957	2.0441622173873695	2.0
129.8404517173767	2.0476551202623314	2.0
129.8577151298523	2.0476551202623314	2.0
129.87377548217773	2.0494041066361963	2.0
129.8883261680603	2.0494041066361963	2.0
129.90187573432922	2.0494041066361963	2.0
129.9178650379181	2.0494041066361963	2.0
129.93291401863098	2.0506499337887716	2.0
129.94614362716675	2.0506499337887716	2.0
129.96190071105957	2.0506499337887716	2.0
129.97572708129883	2.0512744944061474	2.0
129.988534450531	2.0512744944061474	2.0
130.0028374195099	2.0512744944061474	2.0
130.01876139640808	2.0512744944061474	2.0
130.03492259979248	2.0517314068192154	2.0
130.05036687850952	2.0517314068192154	2.0
130.06625866889954	2.0510331311278263	2.0
130.08148527145386	2.0510331311278263	2.0
130.0980634689331	2.0510331311278263	2.0
130.11391615867615	2.0503456992817197	2.0
130.12961745262146	2.0503456992817197	2.0
130.14555191993713	2.0503456992817197	2.0
130.16106247901917	2.0501195699203647	2.0
130.17508697509766	2.0501195699203647	2.0
130.19090819358826	2.0501195699203647	2.0
130.20535969734192	2.049935335243483	2.0
130.22127747535706	2.049935335243483	2.0
130.2373332977295	2.049935335243483	2.0
130.25229907035828	2.048981606503987	2.0
130.2639331817627	2.048981606503987	2.0
130.27776837348938	2.048981606503987	2.0
130.2955117225647	2.048111758299151	2.0
130.30816268920898	2.048111758299151	2.0
130.32384538650513	2.048111758299151	2.0
130.33936405181885	2.047949297746883	2.0
130.35148787498474	2.047949297746883	2.0
130.36961269378662	2.047949297746883	2.0
130.3873839378357	2.0485659832827685	2.0
130.40316009521484	2.0485659832827685	2.0
130.41898036003113	2.0485659832827685	2.0
130.435076713562	2.0497804436784546	2.0
130.4510989189148	2.0497804436784546	2.0
130.46564102172852	2.0497804436784546	2.0
130.48378348350525	2.0511208795739604	2.0
130.49759101867676	2.0511208795739604	2.0
130.51078248023987	2.0511208795739604	2.0
130.52892780303955	2.0541232361526016	2.0
130.54455518722534	2.0541232361526016	2.0
130.56099390983582	2.0541232361526016	2.0
130.57627177238464	2.056065096483801	2.0
130.58884239196777	2.056065096483801	2.0
130.60259532928467	2.056065096483801	2.0
130.62117385864258	2.056065096483801	2.0
130.63750290870667	2.058153112329117	2.0
130.6533558368683	2.058153112329117	2.0
130.6691324710846	2.061133972077921	2.0
130.68511080741882	2.061133972077921	2.0
130.70069098472595	2.061133972077921	2.0
130.71810269355774	2.0649291598585124	2.0
130.7336323261261	2.0649291598585124	2.0
130.74958634376526	2.0649291598585124	2.0
130.76670598983765	2.0688717201769453	2.0
130.78169703483582	2.0688717201769453	2.0
130.7990860939026	2.0688717201769453	2.0
130.81483507156372	2.0727291241909067	2.0
130.82762360572815	2.0727291241909067	2.0
130.8427813053131	2.0727291241909067	2.0
130.85833311080933	2.0767901861497813	2.0
130.87146472930908	2.0767901861497813	2.0
130.8877351284027	2.0767901861497813	2.0
130.90322709083557	2.080076490849215	2.0
130.9154269695282	2.080076490849215	2.0
130.9310164451599	2.080076490849215	2.0
130.94650602340698	2.084135040969941	2.0
130.96136474609375	2.084135040969941	2.0
130.9766812324524	2.084135040969941	2.0
130.99194502830505	2.0854013774414923	2.0
131.00704956054688	2.0854013774414923	2.0
131.02273178100586	2.0854013774414923	2.0
131.03851866722107	2.086372223020571	2.0
131.05272579193115	2.086372223020571	2.0
131.06844210624695	2.086372223020571	2.0
131.08374428749084	2.0872663609153075	2.0
131.0985026359558	2.0872663609153075	2.0
131.1130654811859	2.0872663609153075	2.0
131.12887024879456	2.0875887258628603	2.0
131.14338064193726	2.0875887258628603	2.0
131.15826654434204	2.0875887258628603	2.0
131.17486572265625	2.087437992084922	2.0
131.18830752372742	2.087437992084922	2.0
131.20065879821777	2.087437992084922	2.0
131.21586728096008	2.087437992084922	2.0
131.22964692115784	2.0860730507805743	2.0
131.24413657188416	2.0860730507805743	2.0
131.25971698760986	2.0860730507805743	2.0
131.2732274532318	2.083978342599946	2.0
131.28774738311768	2.083978342599946	2.0
131.30344200134277	2.083978342599946	2.0
131.31938338279724	2.080076909492612	2.0
131.33447670936584	2.080076909492612	2.0
131.35027408599854	2.080076909492612	2.0
131.3657648563385	2.075060317811798	2.0
131.38478064537048	2.075060317811798	2.0
131.40440320968628	2.0691020274799454	2.0
131.41987204551697	2.0691020274799454	2.0
131.434255361557	2.0691020274799454	2.0
131.45143175125122	2.0644825810513745	2.0
131.46759939193726	2.0644825810513745	2.0
131.48397374153137	2.0644825810513745	2.0
131.5004107952118	2.0616349838327293	2.0
131.51290822029114	2.0616349838327293	2.0
131.5318706035614	2.0616349838327293	2.0
131.54752492904663	2.058089165597435	2.0
131.56222486495972	2.058089165597435	2.0
131.57833576202393	2.058089165597435	2.0
131.59361672401428	2.05408847271569	2.0
131.61140608787537	2.05408847271569	2.0
131.62915587425232	2.05408847271569	2.0
131.64546990394592	2.05033325875688	2.0
131.6615228652954	2.05033325875688	2.0
131.67898607254028	2.05033325875688	2.0
131.69569540023804	2.0478155039440455	2.0
131.71190452575684	2.0478155039440455	2.0
131.7280979156494	2.045540775590387	2.0
131.7438199520111	2.045540775590387	2.0
131.76260900497437	2.045540775590387	2.0
131.77956247329712	2.0450250098340845	2.0
131.7934238910675	2.0450250098340845	2.0
131.80970358848572	2.0450250098340845	2.0
131.82632994651794	2.045673700969819	2.0
131.84081649780273	2.045673700969819	2.0
131.85826086997986	2.045673700969819	2.0
131.87379264831543	2.046672136098688	2.0
131.88533568382263	2.046672136098688	2.0
131.90324354171753	2.046672136098688	2.0
131.91891312599182	2.0467699676204267	2.0
131.93334984779358	2.0467699676204267	2.0
131.94942808151245	2.0467699676204267	2.0
131.96400809288025	2.047211557468065	2.0
131.97853446006775	2.047211557468065	2.0
131.99688959121704	2.047211557468065	2.0
132.0129325389862	2.048021416364516	2.0
132.02820944786072	2.048021416364516	2.0
132.04363250732422	2.048021416364516	2.0
132.0601634979248	2.04946129646813	2.0
132.07518935203552	2.04946129646813	2.0
132.09074234962463	2.04946129646813	2.0
132.1065754890442	2.050342981868328	2.0
132.11878323554993	2.050342981868328	2.0
132.1347155570984	2.050342981868328	2.0
132.15141320228577	2.050741696793522	2.0
132.1640121936798	2.050741696793522	2.0
132.17970991134644	2.050741696793522	2.0
132.19295859336853	2.05120281264718	2.0
132.20875930786133	2.05120281264718	2.0
132.23128581047058	2.05120281264718	2.0
132.24656200408936	2.0505196340757514	2.0
132.26696681976318	2.0505196340757514	2.0
132.2814335823059	2.0509931932956365	2.0
132.293860912323	2.0509931932956365	2.0
132.3103678226471	2.0509931932956365	2.0
132.32811760902405	2.050908719385604	2.0
132.34322714805603	2.050908719385604	2.0
132.35925197601318	2.050908719385604	2.0
132.37395524978638	2.051469179990937	2.0
132.38933634757996	2.051469179990937	2.0
132.40476822853088	2.051469179990937	2.0
132.42170786857605	2.051066840254506	2.0
132.43449091911316	2.051066840254506	2.0
132.45117259025574	2.051066840254506	2.0
132.46559739112854	2.051751919062845	2.0
132.47980904579163	2.051751919062845	2.0
132.49586367607117	2.0512839207203415	2.0
132.51126885414124	2.0512839207203415	2.0
132.52512907981873	2.0512839207203415	2.0
132.54462051391602	2.0509850814045203	2.0
132.55927419662476	2.0509850814045203	2.0
132.57206797599792	2.0509850814045203	2.0
132.58952808380127	2.050178849258262	2.0
132.60427021980286	2.050178849258262	2.0
132.62016677856445	2.050178849258262	2.0
132.63791799545288	2.0487593248850033	2.0
132.649480342865	2.0487593248850033	2.0
132.6641867160797	2.0487593248850033	2.0
132.681542634964	2.0463397212326355	2.0
132.6973521709442	2.0463397212326355	2.0
132.7151312828064	2.0463397212326355	2.0
132.7295331954956	2.0438571880340826	2.0
132.7416250705719	2.0438571880340826	2.0
132.76143717765808	2.0438571880340826	2.0
132.77848196029663	2.0419367911075224	2.0
132.79529070854187	2.0419367911075224	2.0
132.81070828437805	2.039281739019011	2.0
132.82433152198792	2.039281739019011	2.0
132.84373950958252	2.039281739019011	2.0
132.86342978477478	2.035552813399176	2.0
132.87791538238525	2.035552813399176	2.0
132.89294743537903	2.035552813399176	2.0
132.90560293197632	2.030832482715807	2.0
132.92168378829956	2.030832482715807	2.0
132.93959259986877	2.0276424271255657	2.0
132.95496582984924	2.0276424271255657	2.0
132.9682891368866	2.0276424271255657	2.0
132.98229694366455	2.0240147398801085	2.0
132.99746775627136	2.0240147398801085	2.0
133.01369500160217	2.0240147398801085	2.0
133.03077340126038	2.0211678799655832	2.0
133.04363417625427	2.0211678799655832	2.0
133.05800986289978	2.0211678799655832	2.0
133.07537174224854	2.0202106808875144	2.0
133.08892369270325	2.0202106808875144	2.0
133.109450340271	2.0202106808875144	2.0
133.12361025810242	2.0208569468069624	2.0
133.13619351387024	2.0208569468069624	2.0
133.15306544303894	2.0207675969267846	2.0
133.16858530044556	2.0207675969267846	2.0
133.18517017364502	2.0207675969267846	2.0
133.20133924484253	2.0207956254322927	2.0
133.21433115005493	2.0207956254322927	2.0
133.24442672729492	2.0230939055550228	2.0
133.25780582427979	2.0230939055550228	2.0
133.26973581314087	2.0230939055550228	2.0
133.30059170722961	2.026342040215751	2.0
133.31642818450928	2.026342040215751	2.0
133.33267498016357	2.026342040215751	2.0
133.35039472579956	2.02975701758347	2.0
133.37373781204224	2.02975701758347	2.0
133.389972448349	2.0333957138006595	2.0
133.4047372341156	2.0333957138006595	2.0
133.41828417778015	2.0333957138006595	2.0
133.4326102733612	2.0359398752476894	2.0
133.44930386543274	2.0359398752476894	2.0
133.46903324127197	2.03797453280587	2.0
133.48373794555664	2.03797453280587	2.0
133.49832582473755	2.03797453280587	2.0
133.5159740447998	2.0394979080698863	2.0
133.5307855606079	2.0394979080698863	2.0
133.5480740070343	2.0394979080698863	2.0
133.5649700164795	2.0403167394856547	2.0
133.57644939422607	2.0403167394856547	2.0
133.59203696250916	2.0403167394856547	2.0
133.60884428024292	2.041815007355957	2.0
133.6256341934204	2.041815007355957	2.0
133.6455307006836	2.0425145288424864	2.0
133.65664339065552	2.0425145288424864	2.0
133.66916918754578	2.0425145288424864	2.0
133.69766426086426	2.041393883681196	2.0
133.71303629875183	2.041393883681196	2.0
133.733336687088	2.041393883681196	2.0
133.74509000778198	2.0392345743524394	2.0
133.76029014587402	2.0392345743524394	2.0
133.7852258682251	2.0364539668540553	2.0
133.80103206634521	2.0364539668540553	2.0
133.813982963562	2.0364539668540553	2.0
133.82758951187134	2.033064802976909	2.0
133.84329891204834	2.033064802976909	2.0
133.86534929275513	2.033064802976909	2.0
133.88150835037231	2.030186397171737	2.0
133.8939380645752	2.030186397171737	2.0
133.9110016822815	2.0276252916918507	2.0
133.92542028427124	2.0276252916918507	2.0
133.93958115577698	2.0276252916918507	2.0
133.95558714866638	2.0276252916918507	2.0
133.96933150291443	2.0243101475322227	2.0
133.9804883003235	2.0243101475322227	2.0
133.99625611305237	2.0243101475322227	2.0
134.0131392478943	2.0207367074208027	2.0
134.02505469322205	2.0207367074208027	2.0
134.0402534008026	2.0207367074208027	2.0
134.05596661567688	2.015899982411172	2.0
134.06905913352966	2.015899982411172	2.0
134.0902316570282	2.010391770581553	2.0
134.10247349739075	2.010391770581553	2.0
134.1164424419403	2.010391770581553	2.0
134.13413643836975	2.005206488682443	2.0
134.148033618927	2.005206488682443	2.0
134.16563391685486	2.005206488682443	2.0
134.18149423599243	2.0008819232056605	2.0
134.1931436061859	2.0008819232056605	2.0
134.212327003479	2.0008819232056605	2.0
134.22816848754883	1.9975696435245573	2.0
134.24438452720642	1.9975696435245573	2.0
134.26363921165466	1.9975696435245573	2.0
134.277498960495	1.9946847055461165	2.0
134.29262399673462	1.9946847055461165	2.0
134.31199502944946	1.9941606337442799	2.0
134.3277702331543	1.9941606337442799	2.0
134.34171748161316	1.9941606337442799	2.0
134.35961246490479	1.994056755115826	2.0
134.37486290931702	1.994056755115826	2.0
134.38917875289917	1.994056755115826	2.0
134.40609574317932	1.9952584529422168	2.0
134.4185893535614	1.9952584529422168	2.0
134.43193697929382	1.9952584529422168	2.0
134.45069527626038	1.9971512165204917	2.0
134.46329307556152	1.9971512165204917	2.0
134.48014116287231	1.9971512165204917	2.0
134.49497771263123	2.0009860545032323	2.0
134.5211579799652	2.0009860545032323	2.0
134.5375165939331	2.006888870251941	2.0
134.5494794845581	2.006888870251941	2.0
134.5800907611847	2.012286395141705	2.0
134.5920603275299	2.012286395141705	2.0
134.6083323955536	2.012286395141705	2.0
134.62570905685425	2.0193073178112457	2.0
134.6431019306183	2.0193073178112457	2.0
134.6598973274231	2.026455570301855	2.0
134.6723554134369	2.026455570301855	2.0
134.68773865699768	2.026455570301855	2.0
134.7066934108734	2.0342490198409897	2.0
134.72121214866638	2.0342490198409897	2.0
134.7388482093811	2.0342490198409897	2.0
134.75157141685486	2.040955800143417	2.0
134.7678039073944	2.040955800143417	2.0
134.79028344154358	2.0476043208371224	2.0
134.80245780944824	2.0476043208371224	2.0
134.818589925766	2.0476043208371224	2.0
134.8373908996582	2.052449599228638	2.0
134.85320901870728	2.052449599228638	2.0
134.87339639663696	2.052449599228638	2.0
134.88609409332275	2.0576119443460157	2.0
134.90393090248108	2.0576119443460157	2.0
134.92635798454285	2.0612140997344865	2.0
134.94090032577515	2.0612140997344865	2.0
134.95323038101196	2.0612140997344865	2.0
134.968425989151	2.0634740633289566	2.0
134.98375248908997	2.0634740633289566	2.0
134.9997365474701	2.0634740633289566	2.0
135.0182478427887	2.0645173546894475	2.0
135.03055810928345	2.0645173546894475	2.0
135.04475474357605	2.0645173546894475	2.0
135.0602068901062	2.063226684301796	2.0
135.0721471309662	2.063226684301796	2.0
135.08939957618713	2.063226684301796	2.0
135.10375499725342	2.059642547413099	2.0
135.1155183315277	2.059642547413099	2.0
135.1310896873474	2.059642547413099	2.0
135.1471037864685	2.0543707658276325	2.0
135.16036748886108	2.0543707658276325	2.0
135.17902135849	2.0543707658276325	2.0
135.19361805915833	2.0477097806116853	2.0
135.2242715358734	2.0477097806116853	2.0
135.23927402496338	2.039922874648858	2.0
135.25685214996338	2.039922874648858	2.0
135.272709608078	2.032615089641527	2.0
135.28490805625916	2.032615089641527	2.0
135.29995393753052	2.032615089641527	2.0
135.31906270980835	2.024157749540916	2.0
135.33457255363464	2.024157749540916	2.0
135.3529291152954	2.024157749540916	2.0
135.37021851539612	2.0156876278180698	2.0
135.38742399215698	2.0156876278180698	2.0
135.40575742721558	2.0073211010274736	2.0
135.42017674446106	2.0073211010274736	2.0
135.4331760406494	2.0073211010274736	2.0
135.4488081932068	2.00054156099451	2.0
135.46368598937988	2.00054156099451	2.0
135.48319387435913	2.00054156099451	2.0
135.49841141700745	1.9944430034028873	2.0
135.50979709625244	1.9944430034028873	2.0
135.52363228797913	1.9944430034028873	2.0
135.54008603096008	1.9901479506143258	2.0
135.5533812046051	1.9901479506143258	2.0
135.5663764476776	1.9901479506143258	2.0
135.5840413570404	1.98661735537623	2.0
135.5978045463562	1.98661735537623	2.0
135.61356043815613	1.98661735537623	2.0
135.62949538230896	1.9842254325734927	2.0
135.64166927337646	1.9842254325734927	2.0
135.65947484970093	1.982762905496871	2.0
135.67470932006836	1.982762905496871	2.0
135.68915605545044	1.982762905496871	2.0
135.705628156662	1.9813407197911292	2.0
135.71722292900085	1.9813407197911292	2.0
135.73034238815308	1.9813407197911292	2.0
135.74660873413086	1.9809987427528164	2.0
135.7604923248291	1.9809987427528164	2.0
135.77882719039917	1.9809987427528164	2.0
135.79545211791992	1.9817015285176574	2.0
135.80727767944336	1.9817015285176574	2.0
135.8226261138916	1.9817015285176574	2.0
135.84030938148499	1.9828461715085743	2.0
135.85700249671936	1.9828461715085743	2.0
135.87437963485718	1.9828461715085743	2.0
135.88679814338684	1.9839058507655225	2.0
135.9015395641327	1.9839058507655225	2.0
135.92266082763672	1.9855703636189925	2.0
135.9382724761963	1.9855703636189925	2.0
135.95199966430664	1.9855703636189925	2.0
135.96704149246216	1.9863247399964206	2.0
135.98112630844116	1.9863247399964206	2.0
135.9945101737976	1.9863247399964206	2.0
136.01151490211487	1.987733802415983	2.0
136.02591919898987	1.987733802415983	2.0
136.03811383247375	1.987733802415983	2.0
136.05303144454956	1.989119207384908	2.0
136.0686047077179	1.989119207384908	2.0
136.08230113983154	1.989119207384908	2.0
136.10781717300415	1.9902577996578064	2.0
136.1194453239441	1.9902577996578064	2.0
136.13509798049927	1.9902577996578064	2.0
136.15211868286133	1.9915326549970218	2.0
136.1696310043335	1.9915326549970218	2.0
136.18691897392273	1.9933636532130208	2.0
136.19866967201233	1.9933636532130208	2.0
136.20983457565308	1.9933636532130208	2.0
136.22593307495117	1.9933636532130208	2.0
136.24175572395325	1.9940094769987415	2.0
136.2537214756012	1.9940094769987415	2.0
136.28410863876343	1.994083298079398	2.0
136.29751348495483	1.994083298079398	2.0
136.31273412704468	1.994083298079398	2.0
136.3315281867981	1.9941614190248167	2.0
136.3458321094513	1.9941614190248167	2.0
136.36413407325745	1.9941614190248167	2.0
136.381121635437	1.9945846956450304	2.0
136.39686059951782	1.9945846956450304	2.0
136.41358542442322	1.9966365008793265	2.0
136.42896056175232	1.9966365008793265	2.0
136.44898223876953	1.9966365008793265	2.0
136.4668161869049	1.996229021491711	2.0
136.48056745529175	1.996229021491711	2.0
136.49361968040466	1.996229021491711	2.0
136.51095724105835	1.9961012729676202	2.0
136.52513694763184	1.9961012729676202	2.0
136.5420298576355	1.9961261788871147	2.0
136.5573534965515	1.9961261788871147	2.0
136.56964993476868	1.9961261788871147	2.0
136.5843904018402	1.995368269181214	2.0
136.59993743896484	1.995368269181214	2.0
136.6156108379364	1.995368269181214	2.0
136.63410449028015	1.9944187217483198	2.0
136.64695405960083	1.9944187217483198	2.0
136.65996861457825	1.9944187217483198	2.0
136.67896151542664	1.9925845902718406	2.0
136.6917016506195	1.9925845902718406	2.0
136.70851469039917	1.9925845902718406	2.0
136.72445011138916	1.9909164418395107	2.0
136.73623204231262	1.9909164418395107	2.0
136.7537715435028	1.9909164418395107	2.0
136.76957964897156	1.9887177262663314	2.0
136.78456830978394	1.9887177262663314	2.0
136.80318188667297	1.9887177262663314	2.0
136.8154923915863	1.9844074024086933	2.0
136.83007860183716	1.9844074024086933	2.0
136.85025429725647	1.9844074024086933	2.0
136.86647963523865	1.9785401829101885	2.0
136.88179898262024	1.9785401829101885	2.0
136.89621019363403	1.9736314760102893	2.0
136.91198563575745	1.9736314760102893	2.0
136.92968320846558	1.9736314760102893	2.0
136.94548416137695	1.969004080350448	2.0
136.95997858047485	1.969004080350448	2.0
136.9726643562317	1.969004080350448	2.0
136.9873764514923	1.9642059771403129	2.0
137.00257229804993	1.9642059771403129	2.0
137.01978731155396	1.9642059771403129	2.0
137.03490161895752	1.9604001392282249	2.0
137.05023312568665	1.9604001392282249	2.0
137.06587862968445	1.9560418099318704	2.0
137.08175373077393	1.9560418099318704	2.0
137.09566926956177	1.9560418099318704	2.0
137.10934972763062	1.953073507502203	2.0
137.1249132156372	1.953073507502203	2.0
137.14312934875488	1.953073507502203	2.0
137.15820622444153	1.9512395686265225	2.0
137.1719946861267	1.9512395686265225	2.0
137.18655514717102	1.9498032722878498	2.0
137.2021038532257	1.9498032722878498	2.0
137.22500205039978	1.9498032722878498	2.0
137.24136567115784	1.9504953204839588	2.0
137.2543613910675	1.9504953204839588	2.0
137.26827383041382	1.9521047222973156	2.0
137.28411722183228	1.9521047222973156	2.0
137.30070304870605	1.9521047222973156	2.0
137.3175311088562	1.953987209260506	2.0
137.33059096336365	1.953987209260506	2.0
137.34317231178284	1.953987209260506	2.0
137.35994696617126	1.9560772932954393	2.0
137.37484788894653	1.9560772932954393	2.0
137.39591670036316	1.9560772932954393	2.0
137.41264963150024	1.9580768191575086	2.0
137.4310188293457	1.9580768191575086	2.0
137.447580575943	1.9600141953714108	2.0
137.4619059562683	1.9600141953714108	2.0
137.48023891448975	1.9600141953714108	2.0
137.4960219860077	1.9630853995154325	2.0
137.50853896141052	1.9630853995154325	2.0
137.53434801101685	1.966096146893771	2.0
137.55069780349731	1.966096146893771	2.0
137.57186889648438	1.966096146893771	2.0
137.58554553985596	1.9692311716680997	2.0
137.6008448600769	1.9692311716680997	2.0
137.62543535232544	1.972016694236516	2.0
137.64055633544922	1.972016694236516	2.0
137.65389275550842	1.972016694236516	2.0
137.66867303848267	1.9742026496551304	2.0
137.68416285514832	1.9742026496551304	2.0
137.69854140281677	1.9742026496551304	2.0
137.71502876281738	1.9745723770987396	2.0
137.72882080078125	1.9745723770987396	2.0
137.74199771881104	1.9745723770987396	2.0
137.75752782821655	1.974763959415813	2.0
137.77302932739258	1.974763959415813	2.0
137.7899580001831	1.9743338460251914	2.0
137.80373692512512	1.9743338460251914	2.0
137.8255114555359	1.9743338460251914	2.0
137.8427484035492	1.973313202593556	2.0
137.85785007476807	1.973313202593556	2.0
137.8712637424469	1.973313202593556	2.0
137.88649821281433	1.9722848209827664	2.0
137.89996647834778	1.9722848209827664	2.0
137.91896438598633	1.970480305889507	2.0
137.93416452407837	1.970480305889507	2.0
137.94781184196472	1.970480305889507	2.0
137.963623046875	1.9677474510019521	2.0
137.9787209033966	1.9677474510019521	2.0
137.99313640594482	1.9677474510019521	2.0
138.01363921165466	1.9636898948030421	2.0
138.02512645721436	1.9636898948030421	2.0
138.03959488868713	1.9636898948030421	2.0
138.0570466518402	1.959310933465472	2.0
138.0692355632782	1.959310933465472	2.0
138.08526134490967	1.959310933465472	2.0
138.09997701644897	1.9551130070918457	2.0
138.11164140701294	1.9551130070918457	2.0
138.1427342891693	1.9522754910686213	2.0
138.15775060653687	1.9522754910686213	2.0
138.1796932220459	1.9522754910686213	2.0
138.1946074962616	1.950221533751548	2.0
138.21001935005188	1.950221533751548	2.0
138.22742557525635	1.9481023580663863	2.0
138.24532008171082	1.9481023580663863	2.0
138.2632610797882	1.9481023580663863	2.0
138.27837371826172	1.9472758642948556	2.0
138.29321193695068	1.9472758642948556	2.0
138.31330633163452	1.9472758642948556	2.0
138.32915902137756	1.9464560288387314	2.0
138.34140515327454	1.9464560288387314	2.0
138.35760807991028	1.9464560288387314	2.0
138.37395906448364	1.945481021982586	2.0
138.39049124717712	1.945481021982586	2.0
138.40553855895996	1.9456108121293734	2.0
138.41869020462036	1.9456108121293734	2.0
138.43177914619446	1.9456108121293734	2.0
138.44851851463318	1.9459399062304972	2.0
138.46285367012024	1.9459399062304972	2.0
138.4955017566681	1.9477835097593765	2.0
138.50683331489563	1.9477835097593765	2.0
138.52232575416565	1.9477835097593765	2.0
138.53876209259033	1.9497984669022337	2.0
138.55079627037048	1.9497984669022337	2.0
138.5655655860901	1.9497984669022337	2.0
138.58299827575684	1.9522123308029855	2.0
138.5955629348755	1.9522123308029855	2.0
138.6218090057373	1.9544406551831508	2.0
138.63471221923828	1.9544406551831508	2.0
138.6667354106903	1.9544406551831508	2.0
138.68012261390686	1.9568629931719776	2.0
138.69642877578735	1.9568629931719776	2.0
138.71425342559814	1.959961178120502	2.0
138.72773504257202	1.959961178120502	2.0
138.75674533843994	1.9637516915726532	2.0
138.77237915992737	1.9637516915726532	2.0
138.7877869606018	1.9637516915726532	2.0
138.8005392551422	1.9664680254684164	2.0
138.81638503074646	1.9664680254684164	2.0
138.83558464050293	1.9664680254684164	2.0
138.8526647090912	1.96904816911761	2.0
138.86646246910095	1.96904816911761	2.0
138.88033890724182	1.96904816911761	2.0
138.89606308937073	1.971802288044655	2.0
138.9117865562439	1.971802288044655	2.0
138.93072938919067	1.974562733739818	2.0
138.94348287582397	1.974562733739818	2.0
138.9551498889923	1.974562733739818	2.0
138.97153663635254	1.9774778894775227	2.0
138.98671793937683	1.9774778894775227	2.0
139.00395011901855	1.9774778894775227	2.0
139.0204689502716	1.9803232784421005	2.0
139.03268814086914	1.9803232784421005	2.0
139.0473554134369	1.9803232784421005	2.0
139.06362009048462	1.9830812830093039	2.0
139.0766899585724	1.9830812830093039	2.0
139.10898327827454	1.98492253976606	2.0
139.12146663665771	1.98492253976606	2.0
139.13806748390198	1.98492253976606	2.0
139.15287852287292	1.9847318578743607	2.0
139.16813206672668	1.9847318578743607	2.0
139.19323444366455	1.9830136687917044	2.0
139.20487642288208	1.9830136687917044	2.0
139.2337965965271	1.982265739657846	2.0
139.24857687950134	1.982265739657846	2.0
139.26325631141663	1.982265739657846	2.0
139.27857446670532	1.9813188748480635	2.0
139.29212856292725	1.9813188748480635	2.0
139.30866074562073	1.9813188748480635	2.0
139.3224766254425	1.9800465046483127	2.0
139.33630990982056	1.9800465046483127	2.0
139.353679895401	1.9800465046483127	2.0
139.36936688423157	1.9778527332063505	2.0
139.38603734970093	1.9778527332063505	2.0
139.40331149101257	1.9778527332063505	2.0
139.41875410079956	1.975014428819997	2.0
139.43454480171204	1.975014428819997	2.0
139.45305633544922	1.9715135472410494	2.0
139.46945810317993	1.9715135472410494	2.0
139.48522639274597	1.9715135472410494	2.0
139.5040991306305	1.9680838706260424	2.0
139.52161073684692	1.9680838706260424	2.0
139.53748607635498	1.9680838706260424	2.0
139.5523293018341	1.9655959539855647	2.0
139.56341528892517	1.9655959539855647	2.0
139.58148074150085	1.9655959539855647	2.0
139.59622192382812	1.9643309107125517	2.0
139.61411809921265	1.9643309107125517	2.0
139.6307497024536	1.9636241010930668	2.0
139.64169669151306	1.9636241010930668	2.0
139.65351748466492	1.9636241010930668	2.0
139.68721175193787	1.963081772562807	2.0
139.70793342590332	1.963081772562807	2.0
139.72255444526672	1.9637000159634284	2.0
139.73530626296997	1.9637000159634284	2.0
139.75176072120667	1.9637000159634284	2.0
139.7690064907074	1.9652533461851494	2.0
139.78414630889893	1.9652533461851494	2.0
139.79738569259644	1.9652533461851494	2.0
139.81177878379822	1.9675330127479658	2.0
139.826726436615	1.9675330127479658	2.0
139.85469388961792	1.9698407929755617	2.0
139.86980557441711	1.9698407929755617	2.0
139.88302779197693	1.9698407929755617	2.0
139.89717888832092	1.972330602204939	2.0
139.91241908073425	1.972330602204939	2.0
139.92878222465515	1.972330602204939	2.0
139.94493341445923	1.9753645844879621	2.0
139.95852303504944	1.9753645844879621	2.0
139.97491121292114	1.9753645844879621	2.0
139.99045515060425	1.978143949851135	2.0
140.00697588920593	1.978143949851135	2.0
140.02444529533386	1.9803109984045104	2.0
140.03692746162415	1.9803109984045104	2.0
140.04973244667053	1.9803109984045104	2.0
140.0677089691162	1.9828537972941596	2.0
140.08155012130737	1.9828537972941596	2.0
140.09434962272644	1.9828537972941596	2.0
140.11254858970642	1.9848249754286402	2.0
140.12684607505798	1.9848249754286402	2.0
140.1432523727417	1.9848249754286402	2.0
140.1616289615631	1.9867786844038897	2.0
140.1745331287384	1.9867786844038897	2.0
140.18775296211243	1.9867786844038897	2.0
140.20677781105042	1.987793118197326	2.0
140.2217800617218	1.987793118197326	2.0
140.23572278022766	1.987793118197326	2.0
140.24894070625305	1.988730168248182	2.0
140.26081132888794	1.988730168248182	2.0
140.27920866012573	1.988730168248182	2.0
140.3007833957672	1.9902874309290532	2.0
140.31722712516785	1.9902874309290532	2.0
140.3330442905426	1.9902874309290532	2.0
140.35137009620667	1.9928130164365179	2.0
140.37032175064087	1.9928130164365179	2.0
140.39174222946167	1.9931231137152836	2.0
140.40680837631226	1.9931231137152836	2.0
140.42406392097473	1.9931231137152836	2.0
140.4416229724884	1.9939090811464943	2.0
140.4640336036682	1.9939090811464943	2.0
140.48052763938904	1.9946694686331632	2.0
140.49336504936218	1.9946694686331632	2.0
140.50924134254456	1.9946694686331632	2.0
140.52627968788147	1.9936609501207698	2.0
140.54202508926392	1.9936609501207698	2.0
140.56209135055542	1.9936609501207698	2.0
140.5776584148407	1.993039913016548	2.0
140.593487739563	1.993039913016548	2.0
140.61176204681396	1.9911068285754603	2.0
140.62855339050293	1.9911068285754603	2.0
140.64489126205444	1.9911068285754603	2.0
140.66091060638428	1.989368369203795	2.0
140.67699599266052	1.989368369203795	2.0
140.6997311115265	1.9872280674853549	2.0
140.71541833877563	1.9872280674853549	2.0
140.73169946670532	1.9872280674853549	2.0
140.74921703338623	1.9821123514985168	2.0
140.7637972831726	1.9821123514985168	2.0
140.78206372261047	1.9821123514985168	2.0
140.79731035232544	1.9755385711486446	2.0
140.8126516342163	1.9755385711486446	2.0
140.83246421813965	1.9699807634117978	2.0
140.8477647304535	1.9699807634117978	2.0
140.8620731830597	1.9699807634117978	2.0
140.87903690338135	1.964151318523113	2.0
140.89420771598816	1.964151318523113	2.0
140.91776084899902	1.9583391696585206	2.0
140.93255972862244	1.9583391696585206	2.0
140.9453990459442	1.9583391696585206	2.0
140.96441388130188	1.954255090406786	2.0
140.97927117347717	1.954255090406786	2.0
141.0011522769928	1.9497921745548303	2.0
141.01392436027527	1.9497921745548303	2.0
141.02627873420715	1.9497921745548303	2.0
141.0480523109436	1.9458747889383923	2.0
141.0621898174286	1.9458747889383923	2.0
141.08497381210327	1.9458747889383923	2.0
141.0980064868927	1.9417921951368424	2.0
141.11115050315857	1.9417921951368424	2.0
141.1341371536255	1.9376886952053543	2.0
141.14741396903992	1.9376886952053543	2.0
141.16393899917603	1.9376886952053543	2.0
141.18044471740723	1.93576375345932	2.0
141.19348430633545	1.93576375345932	2.0
141.2248351573944	1.9359877061351678	2.0
141.24054622650146	1.9359877061351678	2.0
141.25615239143372	1.9359877061351678	2.0
141.27178239822388	1.9355124252362916	2.0
141.28706741333008	1.9355124252362916	2.0
141.30542731285095	1.9352060669622126	2.0
141.32110953330994	1.9352060669622126	2.0
141.33281707763672	1.9352060669622126	2.0
141.34609270095825	1.936428099611178	2.0
141.36252450942993	1.936428099611178	2.0
141.38140511512756	1.936428099611178	2.0
141.4005467891693	1.9369706282760126	2.0
141.41588020324707	1.9369706282760126	2.0
141.43339657783508	1.9389248397360763	2.0
141.44899153709412	1.9389248397360763	2.0
141.46814846992493	1.9389248397360763	2.0
141.4852213859558	1.9404449979331602	2.0
141.50032687187195	1.9404449979331602	2.0
141.51882910728455	1.9404449979331602	2.0
141.53529357910156	1.942025134480191	2.0
141.5475733280182	1.942025134480191	2.0
141.5625033378601	1.942025134480191	2.0
141.57810258865356	1.944087340082325	2.0
141.59259557724	1.944087340082325	2.0
141.6121907234192	1.9463972724208145	2.0
141.62410306930542	1.9463972724208145	2.0
141.6387505531311	1.9463972724208145	2.0
141.66190195083618	1.9473336959113028	2.0
141.676851272583	1.9473336959113028	2.0
141.69962215423584	1.9489881744477475	2.0
141.71074509620667	1.9489881744477475	2.0
141.7267575263977	1.9489881744477475	2.0
141.7469310760498	1.9507119242333757	2.0
141.7620918750763	1.9507119242333757	2.0
141.78496384620667	1.9507119242333757	2.0
141.79863500595093	1.9503515534019165	2.0
141.81418681144714	1.9503515534019165	2.0
141.83409214019775	1.9495742556746798	2.0
141.84880781173706	1.9495742556746798	2.0
141.86562299728394	1.9495742556746798	2.0
141.88129329681396	1.9485624854044095	2.0
141.8965458869934	1.9485624854044095	2.0
141.9157726764679	1.9479360652627886	2.0
141.93100881576538	1.9479360652627886	2.0
141.94505047798157	1.9479360652627886	2.0
141.95904445648193	1.9462165961992437	2.0
141.97470092773438	1.9462165961992437	2.0
141.99228978157043	1.9462165961992437	2.0
142.00895380973816	1.9428626130145137	2.0
142.02121996879578	1.9428626130145137	2.0
142.03411865234375	1.9428626130145137	2.0
142.05150270462036	1.9390815044939056	2.0
142.06655883789062	1.9390815044939056	2.0
142.0843551158905	1.9390815044939056	2.0
142.09912395477295	1.935673097224092	2.0
142.11089634895325	1.935673097224092	2.0
142.12797379493713	1.935673097224092	2.0
142.14190030097961	1.9329406842204293	2.0
142.15716004371643	1.9329406842204293	2.0
142.1745491027832	1.9290567611154732	2.0
142.18727779388428	1.9290567611154732	2.0
142.20004749298096	1.9290567611154732	2.0
142.21973872184753	1.9259782173525195	2.0
142.2345085144043	1.9259782173525195	2.0
142.25334453582764	1.9259782173525195	2.0
142.26951670646667	1.9241104328209755	2.0
142.28572273254395	1.9241104328209755	2.0
142.310688495636	1.92315373784028	2.0
142.32266306877136	1.92315373784028	2.0
142.35016465187073	1.9223692104012557	2.0
142.36591386795044	1.9223692104012557	2.0
142.38175249099731	1.9223692104012557	2.0
142.39587831497192	1.9221258194712902	2.0
142.40826630592346	1.9221258194712902	2.0
142.43650484085083	1.9221258194712902	2.0
142.45332741737366	1.923729479387439	2.0
142.46649765968323	1.923729479387439	2.0
142.47997307777405	1.923729479387439	2.0
142.49461460113525	1.926111053188953	2.0
142.50977849960327	1.926111053188953	2.0
142.5292263031006	1.9291219833525397	2.0
142.5431809425354	1.9291219833525397	2.0
142.55740451812744	1.9291219833525397	2.0
142.5729534626007	1.932163827840019	2.0
142.58820247650146	1.932163827840019	2.0
142.60572504997253	1.932163827840019	2.0
142.62050127983093	1.9362873139957173	2.0
142.6322205066681	1.9362873139957173	2.0
142.64985251426697	1.9362873139957173	2.0
142.6658878326416	1.9410849152989909	2.0
142.68130493164062	1.9410849152989909	2.0
142.70224523544312	1.945661657922805	2.0
142.71397423744202	1.945661657922805	2.0
142.73289847373962	1.945661657922805	2.0
142.75053191184998	1.949243248487413	2.0
142.7646152973175	1.949243248487413	2.0
142.78584694862366	1.9536099302697472	2.0
142.7982141971588	1.9536099302697472	2.0
142.82088899612427	1.9536099302697472	2.0
142.8386676311493	1.9583921206769344	2.0
142.85401487350464	1.9583921206769344	2.0
142.8737244606018	1.9633924843667114	2.0
142.8864221572876	1.9633924843667114	2.0
142.9111349582672	1.9633924843667114	2.0
142.9281084537506	1.9679189401386257	2.0
142.94252753257751	1.9679189401386257	2.0
142.95567059516907	1.9679189401386257	2.0
142.97273755073547	1.9719800752676613	2.0
142.98791790008545	1.9719800752676613	2.0
143.00813007354736	1.9756573174435181	2.0
143.02280592918396	1.9756573174435181	2.0
143.03617787361145	1.9756573174435181	2.0
143.05297565460205	1.9789767038247656	2.0
143.0681734085083	1.9789767038247656	2.0
143.08169269561768	1.9789767038247656	2.0
143.09660506248474	1.9819726147108416	2.0
143.121728181839	1.9819726147108416	2.0
143.13988065719604	1.983999535464466	2.0
143.1529631614685	1.983999535464466	2.0
143.16660284996033	1.983999535464466	2.0
143.183491230011	1.9860147119264362	2.0
143.20093441009521	1.9860147119264362	2.0
143.2192506790161	1.9870857057058995	2.0
143.23231744766235	1.9870857057058995	2.0
143.24379634857178	1.9870857057058995	2.0
143.262464761734	1.9880630169713833	2.0
143.27638030052185	1.9880630169713833	2.0
143.30356669425964	1.9878707923141703	2.0
143.31567192077637	1.9878707923141703	2.0
143.327862739563	1.9878707923141703	2.0
143.3443763256073	1.9878707923141703	2.0
143.3585081100464	1.987757751176402	2.0
143.37595772743225	1.987757751176402	2.0
143.39672183990479	1.987594426692604	2.0
143.4124128818512	1.987594426692604	2.0
143.43341827392578	1.987594426692604	2.0
143.44946599006653	1.987145273168894	2.0
143.47807145118713	1.9868725393834321	2.0
143.4899399280548	1.9868725393834321	2.0
143.50442576408386	1.9868725393834321	2.0
143.52250862121582	1.9860678203918354	2.0
143.54037809371948	1.9860678203918354	2.0
143.55591011047363	1.9860678203918354	2.0
143.56955575942993	1.9860112502294924	2.0
143.58368062973022	1.9860112502294924	2.0
143.60541129112244	1.9860112502294924	2.0
143.62186741828918	1.985440054249515	2.0
143.6349220275879	1.985440054249515	2.0
143.64956212043762	1.985440054249515	2.0
143.66485047340393	1.9851684090931225	2.0
143.67929482460022	1.9851684090931225	2.0
143.698401927948	1.985429541582046	2.0
143.71129155158997	1.985429541582046	2.0
143.72304511070251	1.985429541582046	2.0
143.7401671409607	1.9864966548634402	2.0
143.75488686561584	1.9864966548634402	2.0
143.7696611881256	1.9864966548634402	2.0
143.78679847717285	1.9881290099826738	2.0
143.79994297027588	1.9881290099826738	2.0
143.81377840042114	1.9881290099826738	2.0
143.83136677742004	1.9902530979571096	2.0
143.8455684185028	1.9902530979571096	2.0
143.8632550239563	1.9902530979571096	2.0
143.87824177742004	1.993064673092142	2.0
143.89264011383057	1.993064673092142	2.0
143.90969228744507	1.993064673092142	2.0
143.93543672561646	1.9955187695891052	2.0
143.96056246757507	1.9982330466879574	2.0
143.97872376441956	1.9982330466879574	2.0
143.99870085716248	1.9982330466879574	2.0
144.0158920288086	2.0010147376752365	2.0
144.0349509716034	2.0010147376752365	2.0
144.05495595932007	2.0043640022991007	2.0
144.0726511478424	2.0043640022991007	2.0
144.09023356437683	2.0043640022991007	2.0
144.11100554466248	2.0078751542707445	2.0
144.13917088508606	2.0078751542707445	2.0
144.15833592414856	2.0117459254990804	2.0
144.18313550949097	2.0117459254990804	2.0
144.20178174972534	2.016207438881588	2.0
144.2263879776001	2.016207438881588	2.0
144.24593234062195	2.0208705185884237	2.0
144.25958347320557	2.0208705185884237	2.0
144.29035019874573	2.0247736033855928	2.0
144.30773615837097	2.0247736033855928	2.0
144.32842135429382	2.0286987563197245	2.0
144.34170079231262	2.0286987563197245	2.0
144.36217713356018	2.0286987563197245	2.0
144.38048768043518	2.032560281038055	2.0
144.396635055542	2.032560281038055	2.0
144.41295862197876	2.032560281038055	2.0
144.42916655540466	2.0379754005444357	2.0
144.44517755508423	2.0379754005444357	2.0
144.46653842926025	2.043332213508053	2.0
144.48248291015625	2.043332213508053	2.0
144.4973247051239	2.043332213508053	2.0
144.5151448249817	2.0484631635518746	2.0
144.53458666801453	2.0484631635518746	2.0
144.5563623905182	2.0535298803683735	2.0
144.56922221183777	2.0535298803683735	2.0
144.582261800766	2.0535298803683735	2.0
144.600998878479	2.0569131457492573	2.0
144.61511969566345	2.0569131457492573	2.0
144.62921023368835	2.0569131457492573	2.0
144.64592623710632	2.0600201039910155	2.0
144.65968108177185	2.0600201039910155	2.0
144.6805031299591	2.0600201039910155	2.0
144.6948938369751	2.062487100035621	2.0
144.7067379951477	2.062487100035621	2.0
144.72746658325195	2.062487100035621	2.0
144.745756149292	2.0637216342071687	2.0
144.76142120361328	2.0637216342071687	2.0
144.78318238258362	2.063500264207169	2.0
144.7977533340454	2.063500264207169	2.0
144.82544898986816	2.062286136541102	2.0
144.84040355682373	2.062286136541102	2.0
144.85424160957336	2.062286136541102	2.0
144.87043571472168	2.0597811093384246	2.0
144.88576316833496	2.0597811093384246	2.0
144.90415048599243	2.0597811093384246	2.0
144.92098259925842	2.056255857655438	2.0
144.93281245231628	2.056255857655438	2.0
144.9453558921814	2.056255857655438	2.0
144.96252274513245	2.052237534347167	2.0
144.980872631073	2.052237534347167	2.0
144.99671626091003	2.0481293715742313	2.0
145.0102424621582	2.0481293715742313	2.0
145.02437233924866	2.0481293715742313	2.0
145.04312181472778	2.0460251472188804	2.0
145.06067967414856	2.0460251472188804	2.0
145.08020401000977	2.044439061426955	2.0
145.0950050354004	2.044439061426955	2.0
145.1109116077423	2.044439061426955	2.0
145.12779784202576	2.0424396841379973	2.0
145.1420111656189	2.0424396841379973	2.0
145.16322231292725	2.041498299008123	2.0
145.1750066280365	2.041498299008123	2.0
145.18768501281738	2.041498299008123	2.0
145.2186861038208	2.0426677695963584	2.0
145.2341251373291	2.0426677695963584	2.0
145.25060963630676	2.0426677695963584	2.0
145.2669289112091	2.0457951226852584	2.0
145.2973792552948	2.0457951226852584	2.0
145.3102536201477	2.048501163781149	2.0
145.32533740997314	2.048501163781149	2.0
145.3451418876648	2.0518737294387273	2.0
145.36128282546997	2.0518737294387273	2.0
145.37687706947327	2.0518737294387273	2.0
145.39188528060913	2.055661638584791	2.0
145.40722560882568	2.055661638584791	2.0
145.42289900779724	2.055661638584791	2.0
145.44043469429016	2.0589652333636392	2.0
145.45458030700684	2.0589652333636392	2.0
145.46864223480225	2.0589652333636392	2.0
145.48445773124695	2.0617778593316567	2.0
145.49895334243774	2.0617778593316567	2.0
145.51645493507385	2.063362446894539	2.0
145.5316276550293	2.063362446894539	2.0
145.54400205612183	2.063362446894539	2.0
145.5624485015869	2.064310319687613	2.0
145.57738518714905	2.064310319687613	2.0
145.5924687385559	2.064310319687613	2.0
145.61112260818481	2.0655678053609656	2.0
145.62390780448914	2.0655678053609656	2.0
145.64118242263794	2.0655678053609656	2.0
145.65729022026062	2.0651216162913553	2.0
145.67089366912842	2.0651216162913553	2.0
145.6913514137268	2.0636262234905143	2.0
145.70350980758667	2.0636262234905143	2.0
145.71526885032654	2.0636262234905143	2.0
145.73544430732727	2.065639280355758	2.0
145.74957299232483	2.065639280355758	2.0
145.78084444999695	2.067749777186034	2.0
145.79411101341248	2.067749777186034	2.0
145.82645177841187	nan	2.0
145.84164905548096	nan	2.0
145.8612995147705	nan	2.0
145.8750388622284	nan	2.0
145.89233374595642	nan	2.0
145.9099040031433	nan	2.0
145.92562675476074	nan	2.0
145.9397361278534	nan	2.0
145.95297718048096	nan	2.0
145.9688549041748	nan	2.0
145.98967480659485	nan	2.0
146.00438261032104	nan	2.0
146.0198414325714	nan	2.0
146.0350685119629	nan	2.0
146.04928398132324	nan	2.0
146.07379627227783	nan	2.0
146.0891306400299	nan	2.0
146.1088843345642	nan	2.0
146.12833285331726	nan	2.0
146.14289259910583	nan	2.0
146.1606924533844	nan	2.0
146.17564034461975	nan	2.0
146.1931390762329	nan	2.0
146.2116162776947	nan	2.0
146.22607278823853	nan	2.0
146.24044561386108	nan	2.0
146.25505113601685	nan	2.0
146.27382278442383	nan	2.0
146.2942841053009	nan	2.0
146.30787134170532	nan	2.0
146.32142090797424	nan	2.0
146.33785486221313	nan	2.0
146.35497856140137	nan	2.0
146.37185072898865	nan	2.0
146.38788104057312	nan	2.0
146.40181183815002	nan	2.0
146.4176733493805	nan	2.0
146.4335629940033	nan	2.0
146.45324873924255	nan	2.0
146.4661135673523	nan	2.0
146.47971892356873	nan	2.0
146.49647903442383	nan	2.0
146.51070046424866	nan	2.0
146.5307605266571	nan	2.0
146.545814037323	nan	2.0
146.55788660049438	nan	2.0
146.5749316215515	nan	2.0
146.5894811153412	nan	2.0
146.602863073349	nan	2.0
146.62140250205994	nan	2.0
146.6342170238495	nan	2.0
146.66697144508362	nan	2.0
146.68096566200256	nan	2.0
146.71075439453125	nan	2.0
146.72339367866516	nan	2.0
146.74092769622803	nan	2.0
146.76129937171936	nan	2.0
146.77790594100952	nan	2.0
146.79181599617004	nan	2.0
146.80523371696472	nan	2.0
146.82525634765625	nan	2.0
146.84021306037903	nan	2.0
146.85353803634644	nan	2.0
146.86985898017883	nan	2.0
146.88923168182373	nan	2.0
146.9055051803589	nan	2.0
146.9211549758911	nan	2.0
146.9339783191681	nan	2.0
146.95079970359802	nan	2.0
146.96830987930298	nan	2.0
146.98371148109436	nan	2.0
146.996985912323	nan	2.0
147.01052379608154	nan	2.0
147.02554845809937	nan	2.0
147.0440797805786	nan	2.0
147.0617880821228	nan	2.0
147.07539463043213	nan	2.0
147.0873053073883	nan	2.0
147.10391926765442	nan	2.0
147.11902785301208	nan	2.0
147.13909697532654	nan	2.0
147.15277290344238	nan	2.0
147.16481471061707	nan	2.0
147.1827211380005	nan	2.0
147.19723892211914	nan	2.0
147.21249079704285	nan	2.0
147.22881484031677	nan	2.0
147.2412519454956	nan	2.0
147.25285243988037	nan	2.0
147.28347039222717	nan	2.0
147.30782628059387	nan	2.0
147.32117176055908	nan	2.0
147.33565711975098	nan	2.0
147.35512256622314	nan	2.0
147.37138772010803	nan	2.0
147.38700556755066	nan	2.0
147.40309309959412	nan	2.0
147.42008566856384	nan	2.0
147.44083333015442	nan	2.0
147.46131539344788	nan	2.0
147.47515964508057	nan	2.0
147.49311304092407	nan	2.0
147.5090606212616	nan	2.0
147.52847933769226	nan	2.0
147.54516768455505	nan	2.0
147.55843997001648	nan	2.0
147.57140922546387	nan	2.0
147.58722925186157	nan	2.0
147.60055422782898	nan	2.0
147.61369156837463	nan	2.0
147.6294002532959	nan	2.0
147.64384388923645	nan	2.0
147.6622495651245	nan	2.0
147.67805814743042	nan	2.0
147.6904718875885	nan	2.0
147.70579719543457	nan	2.0
147.72143959999084	nan	2.0
147.7346580028534	nan	2.0
147.75309133529663	nan	2.0
147.76509642601013	nan	2.0
147.77728033065796	nan	2.0
147.7952790260315	nan	2.0
147.81074500083923	nan	2.0
147.82922625541687	nan	2.0
147.8436484336853	nan	2.0
147.85639333724976	nan	2.0
147.87275791168213	nan	2.0
147.89027070999146	nan	2.0
147.90517401695251	nan	2.0
147.92457246780396	nan	2.0
147.93719577789307	nan	2.0
147.95167112350464	nan	2.0
147.97055649757385	nan	2.0
147.98685503005981	nan	2.0
148.00424599647522	nan	2.0
148.0191056728363	nan	2.0
148.03429102897644	nan	2.0
148.05384397506714	nan	2.0
148.0696473121643	nan	2.0
148.0835428237915	nan	2.0
148.09688591957092	nan	2.0
148.11455655097961	nan	2.0
148.13384556770325	nan	2.0
148.15732526779175	nan	2.0
148.16906690597534	nan	2.0
148.18501377105713	nan	2.0
148.20351672172546	nan	2.0
148.21755933761597	nan	2.0
148.23697972297668	nan	2.0
148.25027060508728	nan	2.0
148.26258754730225	nan	2.0
148.28201150894165	nan	2.0
148.29826760292053	nan	2.0
148.31580185890198	nan	2.0
148.3318486213684	nan	2.0
148.34503555297852	nan	2.0
148.36517763137817	nan	2.0
148.3831696510315	nan	2.0
148.40217280387878	nan	2.0
148.42281413078308	nan	2.0
148.43906950950623	nan	2.0
148.45634651184082	nan	2.0
148.4696934223175	nan	2.0
148.4877827167511	nan	2.0
148.50744438171387	nan	2.0
148.5222909450531	nan	2.0
148.53549337387085	nan	2.0
148.5495102405548	1.9528840888342724	2.0
148.56467175483704	1.9528840888342724	2.0
148.58488392829895	1.9528840888342724	2.0
148.60121870040894	1.9579890823759634	2.0
148.61306524276733	1.9579890823759634	2.0
148.6277449131012	1.9579890823759634	2.0
148.6435103416443	1.9628900356637822	2.0
148.66084003448486	1.9628900356637822	2.0
148.68351459503174	1.9666851863319033	2.0
148.69499444961548	1.9666851863319033	2.0
148.70833086967468	1.9666851863319033	2.0
148.7247257232666	1.9698212053676716	2.0
148.7391004562378	1.9698212053676716	2.0
148.7639741897583	1.9713105345896829	2.0
148.77674961090088	1.9713105345896829	2.0
148.78846740722656	1.9713105345896829	2.0
148.8095669746399	1.9713105345896829	2.0
148.82515239715576	1.9736518014815747	2.0
148.84357690811157	1.9736518014815747	2.0
148.8602955341339	1.9740492990049934	2.0
148.8745152950287	1.9740492990049934	2.0
148.89712262153625	1.9740492990049934	2.0
148.91304779052734	1.9740564060257557	2.0
148.9310872554779	1.9740564060257557	2.0
148.94544982910156	1.974838526927395	2.0
148.96060276031494	1.974838526927395	2.0
148.983412027359	1.974838526927395	2.0
148.99837136268616	1.9751152347021939	2.0
149.01281261444092	1.9751152347021939	2.0
149.02621722221375	1.9757302279227087	2.0
149.0414218902588	1.9757302279227087	2.0
149.05569291114807	1.9757302279227087	2.0
149.07375741004944	1.9764360321364205	2.0
149.08753323554993	1.9764360321364205	2.0
149.0996024608612	1.9764360321364205	2.0
149.1159064769745	1.977095715904665	2.0
149.13168740272522	1.977095715904665	2.0
149.14461588859558	1.977095715904665	2.0
149.15850615501404	1.9774883756072146	2.0
149.17309141159058	1.9774883756072146	2.0
149.18854093551636	1.9774883756072146	2.0
149.20594906806946	1.9792144600137582	2.0
149.22015953063965	1.9792144600137582	2.0
149.23546314239502	1.9792144600137582	2.0
149.25120186805725	1.9812357465991242	2.0
149.26399850845337	1.9812357465991242	2.0
149.28608632087708	1.982307926607442	2.0
149.30062770843506	1.982307926607442	2.0
149.31370854377747	1.982307926607442	2.0
149.3344144821167	1.9833793787770297	2.0
149.34737086296082	1.9833793787770297	2.0
149.36760878562927	1.9833793787770297	2.0
149.38459658622742	1.9842381528772866	2.0
149.40603494644165	1.9842381528772866	2.0
149.42409229278564	1.9850843965091372	2.0
149.43978667259216	1.9850843965091372	2.0
149.45969676971436	1.9850843965091372	2.0
149.47437119483948	1.9857424431641078	2.0
149.48968935012817	1.9857424431641078	2.0
149.51151585578918	1.9855782202253516	2.0
149.5270495414734	1.9855782202253516	2.0
149.54013967514038	1.9855782202253516	2.0
149.55538368225098	1.9852162495779375	2.0
149.57071733474731	1.9852162495779375	2.0
149.58562088012695	1.9852162495779375	2.0
149.6035225391388	1.9845118662906447	2.0
149.61681747436523	1.9845118662906447	2.0
149.62930512428284	1.9845118662906447	2.0
149.64678621292114	1.983225216117211	2.0
149.66139554977417	1.983225216117211	2.0
149.6778564453125	1.983225216117211	2.0
149.69288516044617	1.9818271610892217	2.0
149.7042727470398	1.9818271610892217	2.0
149.71888661384583	1.9818271610892217	2.0
149.73693776130676	1.981149176324679	2.0
149.75145959854126	1.981149176324679	2.0
149.78028893470764	1.9805953111207928	2.0
149.79209446907043	1.9805953111207928	2.0
149.81239938735962	1.9805953111207928	2.0
149.82836532592773	1.979971397314653	2.0
149.8398585319519	1.979971397314653	2.0
149.86269974708557	1.979971397314653	2.0
149.8802146911621	1.9795826183217966	2.0
149.90254139900208	1.9795826183217966	2.0
149.92174673080444	1.9793640576342324	2.0
149.93739080429077	1.9793640576342324	2.0
149.9592046737671	1.9808531233310291	2.0
149.97453665733337	1.9808531233310291	2.0
149.98947739601135	1.9808531233310291	2.0
150.00764656066895	1.9826362043691872	2.0
150.0230884552002	1.9826362043691872	2.0
150.03883862495422	1.9826362043691872	2.0
150.05357027053833	1.9852382126564798	2.0
150.06674075126648	1.9852382126564798	2.0
150.081312417984	1.9852382126564798	2.0
150.0974588394165	1.987359089136482	2.0
150.11344957351685	1.987359089136482	2.0
150.132061958313	1.9900157098518325	2.0
150.1449213027954	1.9900157098518325	2.0
150.15802001953125	1.9900157098518325	2.0
150.1744978427887	1.9930864814183227	2.0
150.18920707702637	1.9930864814183227	2.0
150.21218585968018	1.9930864814183227	2.0
150.22574877738953	1.995779698757584	2.0
150.23689818382263	1.995779698757584	2.0
150.2562575340271	1.995779698757584	2.0
150.27133083343506	1.9991190071527867	2.0
150.28533816337585	1.9991190071527867	2.0
150.31287455558777	2.0021932261863618	2.0
150.3269805908203	2.0021932261863618	2.0
150.34591913223267	2.0021932261863618	2.0
150.36166143417358	2.004555042165712	2.0
150.37670016288757	2.004555042165712	2.0
150.39217948913574	2.004555042165712	2.0
150.40747952461243	2.006357492551148	2.0
150.4296236038208	2.006357492551148	2.0
150.44850063323975	2.0082116834400066	2.0
150.46401500701904	2.0082116834400066	2.0
150.48371767997742	2.0098710866658127	2.0
150.5000627040863	2.0098710866658127	2.0
150.51711440086365	2.0098710866658127	2.0
150.5350604057312	2.0110735047533117	2.0
150.5517601966858	2.0110735047533117	2.0
150.5709822177887	2.01146333242564	2.0
150.58634042739868	2.01146333242564	2.0
150.59925746917725	2.01146333242564	2.0
150.6150505542755	2.011498859392368	2.0
150.630047082901	2.011498859392368	2.0
150.64485502243042	2.011498859392368	2.0
150.66400527954102	2.0116469351650497	2.0
150.67568588256836	2.0116469351650497	2.0
150.69040203094482	2.0116469351650497	2.0
150.70727586746216	2.0096825711632293	2.0
150.7206859588623	2.0096825711632293	2.0
150.74854135513306	2.006346310027476	2.0
150.7603783607483	2.006346310027476	2.0
150.77336049079895	2.006346310027476	2.0
150.79125690460205	2.006346310027476	2.0
150.80409336090088	2.0035568237231773	2.0
150.83149194717407	2.0035568237231773	2.0
150.84479904174805	2.0007071949168695	2.0
150.86029481887817	2.0007071949168695	2.0
150.87926840782166	2.0007071949168695	2.0
150.89456391334534	1.9965821013805312	2.0
150.91051816940308	1.9965821013805312	2.0
150.92448210716248	1.9911191540370776	2.0
150.9389808177948	1.9911191540370776	2.0
150.96008014678955	1.9911191540370776	2.0
150.97653555870056	1.9860575080379153	2.0
150.9919512271881	1.9860575080379153	2.0
151.00643277168274	1.981618170363055	2.0
151.0211100578308	1.981618170363055	2.0
151.03523468971252	1.981618170363055	2.0
151.05426263809204	1.977208549461416	2.0
151.06952953338623	1.977208549461416	2.0
151.08166694641113	1.977208549461416	2.0
151.09877943992615	1.9731265647703282	2.0
151.11400079727173	1.9731265647703282	2.0
151.13695406913757	1.9697945943851534	2.0
151.15149188041687	1.9697945943851534	2.0
151.16415357589722	1.9697945943851534	2.0
151.18331217765808	1.9685235949927589	2.0
151.19705200195312	1.9685235949927589	2.0
151.2146716117859	1.9685235949927589	2.0
151.23241806030273	1.967493836066356	2.0
151.244047164917	1.967493836066356	2.0
151.26080441474915	1.967493836066356	2.0
151.27900171279907	1.9662967677961558	2.0
151.29507875442505	1.9662967677961558	2.0
151.3131549358368	1.9662967677961558	2.0
151.32752203941345	1.9662531782237054	2.0
151.34175825119019	1.9662531782237054	2.0
151.3632514476776	1.9676461519188178	2.0
151.37485718727112	1.9676461519188178	2.0
151.39803647994995	1.9676461519188178	2.0
151.4167034626007	1.969168627488409	2.0
151.43320608139038	1.969168627488409	2.0
151.45227336883545	1.9705000256028296	2.0
151.46668148040771	1.9705000256028296	2.0
151.48511958122253	1.9705000256028296	2.0
151.50399160385132	1.9724697384406675	2.0
151.51955008506775	1.9724697384406675	2.0
151.53217911720276	1.9724697384406675	2.0
151.548513174057	1.9742710974869506	2.0
151.56314277648926	1.9742710974869506	2.0
151.58250045776367	1.9742710974869506	2.0
151.59769654273987	1.9772913515277337	2.0
151.609139919281	1.9772913515277337	2.0
151.6267786026001	1.9796102591841815	2.0
151.64218044281006	1.9796102591841815	2.0
151.6594476699829	1.9796102591841815	2.0
151.67868781089783	1.9816795513836698	2.0
151.69191479682922	1.9816795513836698	2.0
151.70697212219238	1.9816795513836698	2.0
151.72413182258606	1.9847244641195185	2.0
151.7385811805725	1.9847244641195185	2.0
151.76158809661865	1.9847244641195185	2.0
151.77325916290283	1.9875574197263426	2.0
151.78785157203674	1.9875574197263426	2.0
151.80656814575195	1.9875574197263426	2.0
151.8224606513977	1.9884394339691027	2.0
151.8367850780487	1.9884394339691027	2.0
151.8514289855957	1.9884394339691027	2.0
151.8660008907318	1.9898644243250154	2.0
151.8835997581482	1.9898644243250154	2.0
151.90140318870544	1.9906975767975428	2.0
151.91647338867188	1.9906975767975428	2.0
151.9301633834839	1.9906975767975428	2.0
151.9459421634674	1.991949726073107	2.0
151.96080446243286	1.991949726073107	2.0
151.98087739944458	1.991949726073107	2.0
151.99681496620178	1.992781157057916	2.0
152.00819778442383	1.992781157057916	2.0
152.0225386619568	1.992781157057916	2.0
152.03787779808044	1.9934886663175473	2.0
152.05215048789978	1.9934886663175473	2.0
152.07285261154175	1.9942540027418794	2.0
152.08463335037231	1.9942540027418794	2.0
152.09703660011292	1.9942540027418794	2.0
152.12027859687805	1.9934048165869296	2.0
152.1326539516449	1.9934048165869296	2.0
152.14518308639526	1.9934048165869296	2.0
152.16508269309998	1.9915775824538027	2.0
152.1784417629242	1.9915775824538027	2.0
152.19471216201782	1.9915775824538027	2.0
152.2094988822937	1.9911863660078617	2.0
152.22109413146973	1.9911863660078617	2.0
152.23977613449097	1.9911863660078617	2.0
152.25636434555054	1.9905525606491754	2.0
152.27433443069458	1.9905525606491754	2.0
152.29189682006836	1.9893272169965592	2.0
152.30299758911133	1.9893272169965592	2.0
152.32050895690918	1.9893272169965592	2.0
152.33741855621338	1.9883781076760016	2.0
152.35322833061218	1.9883781076760016	2.0
152.37091445922852	1.9883781076760016	2.0
152.38797426223755	1.9864090029155406	2.0
152.404278755188	1.9864090029155406	2.0
152.42352151870728	1.9844543477651946	2.0
152.43937230110168	1.9844543477651946	2.0
152.45823311805725	1.9844543477651946	2.0
152.47118735313416	1.9822992435835072	2.0
152.4863669872284	1.9822992435835072	2.0
152.5076072216034	1.9802223728327992	2.0
152.5238823890686	1.9802223728327992	2.0
152.53690028190613	1.9802223728327992	2.0
152.55059814453125	1.9802972195042101	2.0
152.566472530365	1.9802972195042101	2.0
152.58323979377747	1.9802972195042101	2.0
152.6014883518219	1.9797809548128857	2.0
152.61405324935913	1.9797809548128857	2.0
152.6258180141449	1.9797809548128857	2.0
152.64287090301514	1.977990861717397	2.0
152.65649151802063	1.977990861717397	2.0
152.6741921901703	1.977990861717397	2.0
152.6891734600067	1.978201283144438	2.0
152.7018859386444	1.978201283144438	2.0
152.72087121009827	1.9785488606421548	2.0
152.73521900177002	1.9785488606421548	2.0
152.76317834854126	1.9800209513851086	2.0
152.7774407863617	1.9800209513851086	2.0
152.7891035079956	1.9800209513851086	2.0
152.80484175682068	1.9800209513851086	2.0
152.82141208648682	1.9818584440321672	2.0
152.83781504631042	1.9818584440321672	2.0
152.85686206817627	1.9841637535288712	2.0
152.86864829063416	1.9841637535288712	2.0
152.88414025306702	1.9841637535288712	2.0
152.90131831169128	1.9870901553780889	2.0
152.91283106803894	1.9870901553780889	2.0
152.93226313591003	1.9870901553780889	2.0
152.9489951133728	1.989971901128797	2.0
152.9640986919403	1.989971901128797	2.0
152.97906255722046	1.989971901128797	2.0
152.9932336807251	1.993565772396017	2.0
153.00838589668274	1.993565772396017	2.0
153.0275480747223	1.993565772396017	2.0
153.0444257259369	1.997912963788036	2.0
153.06094241142273	1.997912963788036	2.0
153.0755729675293	2.0021126989272537	2.0
153.09112977981567	2.0021126989272537	2.0
153.10432720184326	2.0021126989272537	2.0
153.1229863166809	2.0057075026750377	2.0
153.1368157863617	2.0057075026750377	2.0
153.14978909492493	2.0057075026750377	2.0
153.16670513153076	2.0103976728486246	2.0
153.18082356452942	2.0103976728486246	2.0
153.21067214012146	2.0140070085549215	2.0
153.22263479232788	2.0140070085549215	2.0
153.2371702194214	2.0140070085549215	2.0
153.25422954559326	2.017914456725653	2.0
153.26861238479614	2.017914456725653	2.0
153.28911232948303	2.017914456725653	2.0
153.305992603302	2.022409585723942	2.0
153.31969809532166	2.022409585723942	2.0
153.34032487869263	2.025115670825573	2.0
153.35489177703857	2.025115670825573	2.0
153.37315273284912	2.025115670825573	2.0
153.3906090259552	2.027151859849963	2.0
153.4073305130005	2.027151859849963	2.0
153.42801570892334	2.028121221419686	2.0
153.44487380981445	2.028121221419686	2.0
153.46215200424194	2.028121221419686	2.0
153.47781538963318	2.028251808781696	2.0
153.49249386787415	2.028251808781696	2.0
153.5126247406006	2.028251808781696	2.0
153.52835893630981	2.0288169419406215	2.0
153.54347801208496	2.0288169419406215	2.0
153.56322264671326	2.0295428254952688	2.0
153.57849884033203	2.0295428254952688	2.0
153.5968930721283	2.0295428254952688	2.0
153.6123650074005	2.0291356689502607	2.0
153.6279284954071	2.0291356689502607	2.0
153.64537739753723	2.029388404477245	2.0
153.65982699394226	2.029388404477245	2.0
153.67200636863708	2.029388404477245	2.0
153.6896848678589	2.0291787084741437	2.0
153.70435285568237	2.0291787084741437	2.0
153.72202730178833	2.0291787084741437	2.0
153.7388985157013	2.028667840128476	2.0
153.75032210350037	2.028667840128476	2.0
153.76759696006775	2.028667840128476	2.0
153.7829990386963	2.0291107550268457	2.0
153.80122995376587	2.0291107550268457	2.0
153.8195927143097	2.030696072235142	2.0
153.83080768585205	2.030696072235142	2.0
153.84420728683472	2.030696072235142	2.0
153.86445307731628	2.032044050543216	2.0
153.8785376548767	2.032044050543216	2.0
153.89681029319763	2.032044050543216	2.0
153.91189455986023	2.0353903352688105	2.0
153.92361307144165	2.0353903352688105	2.0
153.94682550430298	2.0353903352688105	2.0
153.96223187446594	2.037747617650427	2.0
153.9784450531006	2.037747617650427	2.0
153.99352073669434	2.042336923857474	2.0
154.005188703537	2.042336923857474	2.0
154.02298283576965	2.042336923857474	2.0
154.0415267944336	2.0467323327394777	2.0
154.05708503723145	2.0467323327394777	2.0
154.07204055786133	2.0467323327394777	2.0
154.08653044700623	2.0508592394993843	2.0
154.1027970314026	2.0508592394993843	2.0
154.12733340263367	2.056041913984647	2.0
154.14254117012024	2.056041913984647	2.0
154.15657997131348	2.056041913984647	2.0
154.17328023910522	2.0609144558376156	2.0
154.18793988227844	2.0609144558376156	2.0
154.2026035785675	2.0609144558376156	2.0
154.21983170509338	2.065816755226788	2.0
154.23134469985962	2.065816755226788	2.0
154.2478837966919	2.065816755226788	2.0
154.26541471481323	2.07088809585274	2.0
154.28229451179504	2.07088809585274	2.0
154.30359649658203	2.0762027010820185	2.0
154.31714868545532	2.0762027010820185	2.0
154.33376741409302	2.0762027010820185	2.0
154.34977340698242	2.080714683962057	2.0
154.36119675636292	2.080714683962057	2.0
154.3733880519867	2.080714683962057	2.0
154.39028549194336	2.080714683962057	2.0
154.40811395645142	2.0866454493363884	2.0
154.42609548568726	2.0866454493363884	2.0
154.44411420822144	2.0904712702400063	2.0
154.45917654037476	2.0904712702400063	2.0
154.48111033439636	2.0904712702400063	2.0
154.49552631378174	2.095051470906032	2.0
154.51114749908447	2.095051470906032	2.0
154.523743391037	2.095051470906032	2.0
154.53667044639587	2.0994984505819456	2.0
154.55720329284668	2.0994984505819456	2.0
154.57741236686707	2.100616568929053	2.0
154.59102272987366	2.100616568929053	2.0
154.60402822494507	2.100616568929053	2.0
154.6219871044159	2.1011117139452518	2.0
154.63657760620117	2.1011117139452518	2.0
154.6540563106537	2.1011117139452518	2.0
154.6706099510193	2.1011960192858092	2.0
154.6828212738037	2.1011960192858092	2.0
154.70034384727478	2.1011960192858092	2.0
154.71642923355103	2.1004487516954637	2.0
154.7330813407898	2.1004487516954637	2.0
154.757009267807	2.0996967668861553	2.0
154.7694845199585	2.0996967668861553	2.0
154.7903654575348	2.0996967668861553	2.0
154.808842420578	2.0985770019596393	2.0
154.82695960998535	2.0985770019596393	2.0
154.8427312374115	2.095925745513879	2.0
154.85708785057068	2.095925745513879	2.0
154.8757483959198	2.095925745513879	2.0
154.89376664161682	2.0913142365968187	2.0
154.9081892967224	2.0913142365968187	2.0
154.92493057250977	2.0913142365968187	2.0
154.9393081665039	2.085048351856559	2.0
154.95412373542786	2.085048351856559	2.0
154.972403049469	2.0774803541067315	2.0
154.98741102218628	2.0774803541067315	2.0
154.9993555545807	2.0774803541067315	2.0
155.01289987564087	2.0774803541067315	2.0
155.02792596817017	2.073018955233492	2.0
155.0411660671234	2.073018955233492	2.0
155.06256103515625	2.068917281076188	2.0
155.0767946243286	2.068917281076188	2.0
155.0916130542755	2.068917281076188	2.0
155.11206007003784	2.0658822002714397	2.0
155.12475037574768	2.0658822002714397	2.0
155.1411361694336	2.0658822002714397	2.0
155.15636014938354	2.0631920755486006	2.0
155.16959619522095	2.0631920755486006	2.0
155.18990421295166	2.060284665796935	2.0
155.20287346839905	2.060284665796935	2.0
155.2139437198639	2.060284665796935	2.0
155.2327220439911	2.060284665796935	2.0
155.24725341796875	2.056709856014326	2.0
155.2653305530548	2.056709856014326	2.0
155.2847499847412	2.05225623723727	2.0
155.29683136940002	2.05225623723727	2.0
155.31684374809265	2.05225623723727	2.0
155.33402466773987	2.0499167218526546	2.0
155.35060834884644	2.0499167218526546	2.0
155.36860251426697	2.048612936138369	2.0
155.38042974472046	2.048612936138369	2.0
155.39689922332764	2.048612936138369	2.0
155.41638040542603	2.049098393606223	2.0
155.43168759346008	2.049098393606223	2.0
155.4446656703949	2.049098393606223	2.0
155.46093249320984	2.049055346572726	2.0
155.47636342048645	2.049055346572726	2.0
155.49326705932617	2.049055346572726	2.0
155.51041269302368	2.0492562715727267	2.0
155.52256846427917	2.0492562715727267	2.0
155.53389477729797	2.0492562715727267	2.0
155.55199074745178	2.0492305985114965	2.0
155.56761693954468	2.0492305985114965	2.0
155.58548426628113	2.0487697522766686	2.0
155.5999665260315	2.0487697522766686	2.0
155.61214590072632	2.0487697522766686	2.0
155.63102412223816	2.047558816593395	2.0
155.64499735832214	2.047558816593395	2.0
155.6630356311798	2.047558816593395	2.0
155.67977452278137	2.047040224581262	2.0
155.69091320037842	2.047040224581262	2.0
155.71204328536987	2.047040224581262	2.0
155.72789812088013	2.047740783605571	2.0
155.74685502052307	2.047740783605571	2.0
155.7626121044159	2.048570610076159	2.0
155.77433109283447	2.048570610076159	2.0
155.79240727424622	2.048570610076159	2.0
155.81093955039978	2.0491569049479543	2.0
155.8269383907318	2.0491569049479543	2.0
155.84838771820068	2.0482680243848295	2.0
155.86050367355347	2.0482680243848295	2.0
155.87925696372986	2.0482680243848295	2.0
155.8970901966095	2.0477248322758994	2.0
155.91128420829773	2.0477248322758994	2.0
155.93428492546082	2.0477248322758994	2.0
155.9509642124176	2.046440841341834	2.0
155.96792316436768	2.046440841341834	2.0
155.98148465156555	2.043900818473709	2.0
155.9957890510559	2.043900818473709	2.0
156.0104694366455	2.043900818473709	2.0
156.02663230895996	2.040922505343805	2.0
156.0419216156006	2.040922505343805	2.0
156.05612063407898	2.040922505343805	2.0
156.06979942321777	2.0384939952280448	2.0
156.08526134490967	2.0384939952280448	2.0
156.10556149482727	2.034842440597523	2.0
156.1208257675171	2.034842440597523	2.0
156.1333224773407	2.034842440597523	2.0
156.1464719772339	2.034842440597523	2.0
156.16128158569336	2.031303366421699	2.0
156.1755051612854	2.031303366421699	2.0
156.19465351104736	2.0266770307999176	2.0
156.21542930603027	2.0266770307999176	2.0
156.2273383140564	2.0266770307999176	2.0
156.24501776695251	2.0220777427401115	2.0
156.25942516326904	2.0220777427401115	2.0
156.27578353881836	2.0220777427401115	2.0
156.29049515724182	2.0175124990094506	2.0
156.30222344398499	2.0175124990094506	2.0
156.320574760437	2.0175124990094506	2.0
156.33427929878235	2.0132070824604726	2.0
156.35234212875366	2.0132070824604726	2.0
156.3697807788849	2.0091049593701484	2.0
156.38128972053528	2.0091049593701484	2.0
156.39786505699158	2.0091049593701484	2.0
156.42007207870483	2.0051712295253052	2.0
156.43587112426758	2.0051712295253052	2.0
156.45705890655518	2.0023936293995273	2.0
156.47355008125305	2.0023936293995273	2.0
156.50187849998474	2.0023936293995273	2.0
156.51936268806458	1.9985878311040726	2.0
156.53600525856018	1.9985878311040726	2.0
156.5529441833496	1.9961394727777837	2.0
156.5682384967804	1.9961394727777837	2.0
156.59041261672974	1.9942281394444503	2.0
156.6069097518921	1.9942281394444503	2.0
156.62067818641663	1.9942281394444503	2.0
156.63744974136353	1.9939108203347744	2.0
156.65205240249634	1.9939108203347744	2.0
156.66677737236023	1.9939108203347744	2.0
156.68215799331665	1.9939353935227853	2.0
156.6970133781433	1.9939353935227853	2.0
156.7107880115509	1.9939353935227853	2.0
156.7287893295288	1.9951923033970946	2.0
156.74099779129028	1.9951923033970946	2.0
156.7545747756958	1.9951923033970946	2.0
156.77229595184326	1.9952731979617386	2.0
156.78591966629028	1.9952731979617386	2.0
156.80888533592224	1.9952731979617386	2.0
156.82458472251892	1.9968418554735237	2.0
156.84041690826416	1.9968418554735237	2.0
156.86134791374207	1.9978192930226206	2.0
156.87605500221252	1.9978192930226206	2.0
156.89601278305054	1.9978192930226206	2.0
156.9092333316803	1.9989604633522906	2.0
156.92404079437256	1.9989604633522906	2.0
156.94068050384521	1.9989604633522906	2.0
156.95507407188416	2.001481406900678	2.0
156.97066640853882	2.001481406900678	2.0
156.9874713420868	2.0029950856068774	2.0
157.00196170806885	2.0029950856068774	2.0
157.02192282676697	2.0029950856068774	2.0
157.03922080993652	2.0045630470393845	2.0
157.05388736724854	2.0045630470393845	2.0
157.0672779083252	2.0045630470393845	2.0
157.0817677974701	2.0052338011623223	2.0
157.09649872779846	2.0052338011623223	2.0
157.11422038078308	2.0052338011623223	2.0
157.13094329833984	2.004681035678452	2.0
157.14330410957336	2.004681035678452	2.0
157.15994119644165	2.004681035678452	2.0
157.17493796348572	2.0048707401476786	2.0
157.18775463104248	2.0048707401476786	2.0
157.20498871803284	2.0048707401476786	2.0
157.2182421684265	2.004387683444382	2.0
157.22997093200684	2.004387683444382	2.0
157.25048542022705	2.002472078036006	2.0
157.2638177871704	2.002472078036006	2.0
157.2813937664032	2.002472078036006	2.0
157.2980659008026	2.001647884879227	2.0
157.30991911888123	2.001647884879227	2.0
157.32485628128052	2.001647884879227	2.0
157.3428990840912	1.999599638575392	2.0
157.35839986801147	1.999599638575392	2.0
157.38270616531372	1.999599638575392	2.0
157.39703464508057	1.9973793396551038	2.0
157.41363787651062	1.9973793396551038	2.0
157.4312527179718	1.9959207691787182	2.0
157.4433364868164	1.9959207691787182	2.0
157.47138237953186	1.9959207691787182	2.0
157.4878282546997	1.994218462979281	2.0
157.50318360328674	1.994218462979281	2.0
157.51663875579834	1.9922724937470462	2.0
157.52970218658447	1.9922724937470462	2.0
157.55052542686462	1.9922724937470462	2.0
157.56801509857178	1.9908660747533051	2.0
157.58205699920654	1.9908660747533051	2.0
157.59498023986816	1.9908660747533051	2.0
157.61021757125854	1.9891046790258984	2.0
157.62672758102417	1.9891046790258984	2.0
157.6467409133911	1.9871833603445797	2.0
157.66096425056458	1.9871833603445797	2.0
157.672922372818	1.9871833603445797	2.0
157.6899173259735	1.985949269611929	2.0
157.70507550239563	1.985949269611929	2.0
157.72104692459106	1.985949269611929	2.0
157.7400209903717	1.9852266882946217	2.0
157.75194001197815	1.9852266882946217	2.0
157.76827549934387	1.9852266882946217	2.0
157.78481483459473	1.98549615075023	2.0
157.797869682312	1.98549615075023	2.0
157.81578016281128	1.98549615075023	2.0
157.82899594306946	1.9857868085093986	2.0
157.8413383960724	1.9857868085093986	2.0
157.86784076690674	1.9862314856946934	2.0
157.88250517845154	1.9862314856946934	2.0
157.90873408317566	1.9868697543461384	2.0
157.9207673072815	1.9868697543461384	2.0
157.93746638298035	1.9868697543461384	2.0
157.95776891708374	1.9876770398215675	2.0
157.97223949432373	1.9876770398215675	2.0
157.98834085464478	1.9876770398215675	2.0
158.00257849693298	1.9891750224861482	2.0
158.01767539978027	1.9891750224861482	2.0
158.0356752872467	1.9891750224861482	2.0
158.05042004585266	1.9892317913478834	2.0
158.06318140029907	1.9892317913478834	2.0
158.07497453689575	1.9892317913478834	2.0
158.09188652038574	1.9908021189418013	2.0
158.10671138763428	1.9908021189418013	2.0
158.1195809841156	1.9908021189418013	2.0
158.13396739959717	1.9934962052910847	2.0
158.14917254447937	1.9934962052910847	2.0
158.1699357032776	1.99521280594761	2.0
158.1856369972229	1.99521280594761	2.0
158.201162815094	1.99521280594761	2.0
158.2164170742035	1.99706280870517	2.0
158.23138761520386	1.99706280870517	2.0
158.24357509613037	1.99706280870517	2.0
158.26225090026855	1.9988301642126391	2.0
158.2756474018097	1.9988301642126391	2.0
158.2895998954773	1.9988301642126391	2.0
158.3066987991333	2.0009728474587125	2.0
158.32084894180298	2.0009728474587125	2.0
158.33921670913696	2.0009728474587125	2.0
158.35454559326172	2.0031593722921466	2.0
158.36549305915833	2.0031593722921466	2.0
158.381897687912	2.0031593722921466	2.0
158.39933609962463	2.0044333452756407	2.0
158.4304084777832	2.0044333452756407	2.0
158.4427089691162	2.0053747528029575	2.0
158.45554423332214	2.0053747528029575	2.0
158.47645020484924	2.0053747528029575	2.0
158.4933955669403	2.0066374802337648	2.0
158.51012468338013	2.0066374802337648	2.0
158.5233597755432	2.0080559069972717	2.0
158.53570318222046	2.0080559069972717	2.0
158.56340980529785	2.0080559069972717	2.0
158.57829570770264	2.00775264205162	2.0
158.59336709976196	2.00775264205162	2.0
158.60777878761292	2.0080847770223187	2.0
158.6234622001648	2.0080847770223187	2.0
158.65217685699463	2.007293703597936	2.0
158.6678159236908	2.007293703597936	2.0
158.6861503124237	2.007293703597936	2.0
158.7025887966156	2.006033670703199	2.0
158.7174310684204	2.006033670703199	2.0
158.7384011745453	2.006033670703199	2.0
158.75204014778137	2.0038845758061283	2.0
158.76327419281006	2.0038845758061283	2.0
158.77981066703796	2.0038845758061283	2.0
158.7960548400879	2.001219585421513	2.0
158.81164956092834	2.001219585421513	2.0
158.83224940299988	1.9996646896875945	2.0
158.8434443473816	1.9996646896875945	2.0
158.85777306556702	1.9996646896875945	2.0
158.8751106262207	1.9982708039733084	2.0
158.88793110847473	1.9982708039733084	2.0
158.9011116027832	1.9982708039733084	2.0
158.9211461544037	1.9963629600995758	2.0
158.9355411529541	1.9963629600995758	2.0
158.96819233894348	1.9963629600995758	2.0
158.98947286605835	1.9941101947531397	2.0
159.0107274055481	1.9941101947531397	2.0
159.03024673461914	1.992339030778421	2.0
159.0447998046875	1.992339030778421	2.0
159.062842130661	1.992339030778421	2.0
159.0794701576233	1.99073361611415	2.0
159.1001853942871	1.99073361611415	2.0
159.11890387535095	1.9897773013362285	2.0
159.13172483444214	1.9897773013362285	2.0
159.16020584106445	1.9891689162206216	2.0
159.17656469345093	1.9891689162206216	2.0
159.19849228858948	1.9891689162206216	2.0
159.21160197257996	1.9888034495993683	2.0
159.22459626197815	1.9888034495993683	2.0
159.2414186000824	1.9888034495993683	2.0
159.25649499893188	1.988981974888386	2.0
159.2753095626831	1.988981974888386	2.0
159.29214119911194	1.989701899283547	2.0
159.3070526123047	1.989701899283547	2.0
159.32799100875854	1.989701899283547	2.0
159.34564685821533	1.9907870569758548	2.0
159.36042094230652	1.9907870569758548	2.0
159.37915086746216	1.993070765189655	2.0
159.39495754241943	1.993070765189655	2.0
159.41383934020996	1.993070765189655	2.0
159.4302933216095	1.9955913996495347	2.0
159.44519805908203	1.9955913996495347	2.0
159.46569895744324	1.9979869551683713	2.0
159.48054838180542	1.9979869551683713	2.0
159.50210547447205	1.9979869551683713	2.0
159.520742893219	2.0005733018243994	2.0
159.53780341148376	2.0005733018243994	2.0
159.55328798294067	2.0005733018243994	2.0
159.57054114341736	2.002649346298793	2.0
159.60048484802246	2.0060298461404273	2.0
159.6129503250122	2.0060298461404273	2.0
159.62748885154724	2.0060298461404273	2.0
159.64613962173462	2.009020188319198	2.0
159.6595413684845	2.009020188319198	2.0
159.6731436252594	2.009020188319198	2.0
159.6900990009308	2.009020188319198	2.0
159.7065577507019	2.0114732990921276	2.0
159.72350144386292	2.0114732990921276	2.0
159.73928904533386	2.0129499112244806	2.0
159.7539873123169	2.0129499112244806	2.0
159.77062225341797	2.0129499112244806	2.0
159.78939771652222	2.01516168509716	2.0
159.8035671710968	2.01516168509716	2.0
159.81521582603455	2.01516168509716	2.0
159.82940793037415	2.0170524049389527	2.0
159.84472179412842	2.0170524049389527	2.0
159.8645486831665	2.018473559836125	2.0
159.88011622428894	2.018473559836125	2.0
159.89453077316284	2.018473559836125	2.0
159.9099097251892	2.0178237476189302	2.0
159.9250991344452	2.0178237476189302	2.0
159.9430639743805	2.0178237476189302	2.0
159.95993518829346	2.017113548503886	2.0
159.9729940891266	2.017113548503886	2.0
159.9893615245819	2.017113548503886	2.0
160.00654578208923	2.016185606718336	2.0
160.0211682319641	2.016185606718336	2.0
160.03879976272583	2.013592988286109	2.0
160.0519335269928	2.013592988286109	2.0
160.06431484222412	2.013592988286109	2.0
160.0823380947113	2.0114838961073382	2.0
160.09683227539062	2.0114838961073382	2.0
160.12381601333618	2.0114838961073382	2.0
160.1378197669983	2.008676195217311	2.0
160.1512427330017	2.008676195217311	2.0
160.1714105606079	2.008676195217311	2.0
160.1879210472107	2.0059909031280614	2.0
160.2082657814026	2.0059909031280614	2.0
160.22367238998413	2.0023555715630748	2.0
160.23845744132996	2.0023555715630748	2.0
160.26156949996948	1.9984079232814782	2.0
160.2765293121338	1.9984079232814782	2.0
160.2958390712738	1.9984079232814782	2.0
160.31018781661987	1.9939700117773431	2.0
160.32557725906372	1.9939700117773431	2.0
160.3437967300415	1.9939700117773431	2.0
160.36005687713623	1.991480312496454	2.0
160.37684655189514	1.991480312496454	2.0
160.39345860481262	1.9887474245654193	2.0
160.4084713459015	1.9887474245654193	2.0
160.42332196235657	1.9887474245654193	2.0
160.44035506248474	1.9872016537218944	2.0
160.4550256729126	1.9872016537218944	2.0
160.47134590148926	1.9872016537218944	2.0
160.4867672920227	1.986785494692245	2.0
160.5002360343933	1.986785494692245	2.0
160.51592540740967	1.985704028686579	2.0
160.53162455558777	1.985704028686579	2.0
160.54585886001587	1.985704028686579	2.0
160.5675995349884	1.986101957278704	2.0
160.57990384101868	1.986101957278704	2.0
160.59449410438538	1.986101957278704	2.0
160.61316967010498	1.9868570848079146	2.0
160.62683606147766	1.9868570848079146	2.0
160.6433024406433	1.9868570848079146	2.0
160.65944170951843	1.9877497057756568	2.0
160.67204809188843	1.9877497057756568	2.0
160.69013261795044	1.9877497057756568	2.0
160.70531392097473	1.9886022800033096	2.0
160.72118973731995	1.9886022800033096	2.0
160.74008965492249	1.9902663528483437	2.0
160.75210857391357	1.9902663528483437	2.0
160.7770974636078	1.9902663528483437	2.0
160.79308342933655	1.9917668828984634	2.0
160.80772709846497	1.9917668828984634	2.0
160.82190585136414	1.9917668828984634	2.0
160.83587408065796	1.9934837828055456	2.0
160.85255908966064	1.9934837828055456	2.0
160.87038707733154	1.9941910048685831	2.0
160.88611960411072	1.9941910048685831	2.0
160.90137219429016	1.9941910048685831	2.0
160.91475915908813	1.9944406472555951	2.0
160.92952466011047	1.9944406472555951	2.0
160.94300198554993	1.9944406472555951	2.0
160.96309995651245	1.9963888271787866	2.0
160.97757720947266	1.9963888271787866	2.0
160.99051690101624	1.9963888271787866	2.0
161.0086269378662	1.9978319004093508	2.0
161.02239656448364	1.9978319004093508	2.0
161.04920291900635	1.9994895746042782	2.0
161.06165289878845	1.9994895746042782	2.0
161.07641196250916	1.9994895746042782	2.0
161.09469151496887	2.0007797816248742	2.0
161.10955500602722	2.0007797816248742	2.0
161.13468861579895	2.0007797816248742	2.0
161.14704775810242	2.001277389215404	2.0
161.16277170181274	2.001277389215404	2.0
161.18090343475342	2.001079781924046	2.0
161.19409799575806	2.001079781924046	2.0
161.20978212356567	2.001079781924046	2.0
161.22691416740417	2.001571222993147	2.0
161.24113941192627	2.001571222993147	2.0
161.26018857955933	2.001571222993147	2.0
161.27439522743225	2.0005459900868656	2.0
161.2869167327881	2.0005459900868656	2.0
161.30924701690674	2.0005459900868656	2.0
161.32550239562988	1.9997615660362338	2.0
161.3409857749939	1.9997615660362338	2.0
161.3560688495636	1.9991795105034584	2.0
161.3717484474182	1.9991795105034584	2.0
161.3879795074463	1.9991795105034584	2.0
161.4059352874756	1.9965676326515063	2.0
161.4209656715393	1.9965676326515063	2.0
161.4352719783783	1.9965676326515063	2.0
161.4515345096588	1.9936829165014012	2.0
161.46667671203613	1.9936829165014012	2.0
161.48664164543152	1.99043870098416	2.0
161.50076007843018	1.99043870098416	2.0
161.51293969154358	1.99043870098416	2.0
161.52916073799133	1.9873322683446588	2.0
161.5457727909088	1.9873322683446588	2.0
161.5611732006073	1.9873322683446588	2.0
161.57797598838806	1.9839508112551065	2.0
161.58976030349731	1.9839508112551065	2.0
161.6035122871399	1.9839508112551065	2.0
161.6202826499939	1.9817655861576235	2.0
161.63439965248108	1.9817655861576235	2.0
161.65290331840515	1.9817655861576235	2.0
161.66852712631226	1.9792302332042222	2.0
161.68010187149048	1.9792302332042222	2.0
161.70050430297852	1.9792302332042222	2.0
161.71919012069702	1.9776905622425627	2.0
161.7343554496765	1.9776905622425627	2.0
161.7516577243805	1.9776905622425627	2.0
161.76424765586853	1.9756992130012705	2.0
161.7809009552002	1.9756992130012705	2.0
161.80018949508667	1.9736478362966754	2.0
161.81515550613403	1.9736478362966754	2.0
161.82863211631775	1.9736478362966754	2.0
161.8423891067505	1.972378517472481	2.0
161.85853505134583	1.972378517472481	2.0
161.87466049194336	1.972378517472481	2.0
161.89313077926636	1.9717882999078604	2.0
161.90670204162598	1.9717882999078604	2.0
161.92135310173035	1.9717882999078604	2.0
161.9378626346588	1.9712807800214969	2.0
161.95098686218262	1.9712807800214969	2.0
161.9631564617157	1.9712807800214969	2.0
161.97989058494568	1.9719293691927835	2.0
161.99450850486755	1.9719293691927835	2.0
162.01424860954285	1.9739030205594439	2.0
162.02958464622498	1.9739030205594439	2.0
162.04268622398376	1.9739030205594439	2.0
162.06038975715637	1.9754108707292233	2.0
162.07560324668884	1.9754108707292233	2.0
162.09628534317017	1.97747796626737	2.0
162.11024117469788	1.97747796626737	2.0
162.12282061576843	1.97747796626737	2.0
162.1375916004181	1.97747796626737	2.0
162.15373945236206	1.9793728697871693	2.0
162.1830189228058	1.9793728697871693	2.0
162.19592785835266	1.9816412742266354	2.0
162.20722723007202	1.9816412742266354	2.0
162.23966145515442	1.983940604653752	2.0
162.25533652305603	1.983940604653752	2.0
162.27225542068481	1.983940604653752	2.0
162.28707695007324	1.9862255462731322	2.0
162.3024981021881	1.9862255462731322	2.0
162.32147908210754	1.9862255462731322	2.0
162.3369414806366	1.9878902006019445	2.0
162.35062646865845	1.9878902006019445	2.0
162.36245489120483	1.9878902006019445	2.0
162.37711119651794	1.9883090144443518	2.0
162.395325422287	1.9883090144443518	2.0
162.41551804542542	1.9879558691612853	2.0
162.4303116798401	1.9879558691612853	2.0
162.4447581768036	1.9879558691612853	2.0
162.4630937576294	1.987396060753742	2.0
162.47799944877625	1.987396060753742	2.0
162.49874234199524	1.9863472186484787	2.0
162.51362347602844	1.9863472186484787	2.0
162.53055548667908	1.9863472186484787	2.0
162.5486602783203	1.9847738097199072	2.0
162.56506633758545	1.9847738097199072	2.0
162.5878129005432	1.9847738097199072	2.0
162.60315489768982	1.9831705016848145	2.0
162.62000370025635	1.9831705016848145	2.0
162.63852262496948	1.9805029739367073	2.0
162.65100932121277	1.9805029739367073	2.0
162.67625784873962	1.9805029739367073	2.0
162.69410371780396	1.9770669388377335	2.0
162.7111508846283	1.9770669388377335	2.0
162.72961258888245	1.973661599024593	2.0
162.74246621131897	1.973661599024593	2.0
162.76025581359863	1.973661599024593	2.0
162.77976274490356	1.9706500603183368	2.0
162.794442653656	1.9706500603183368	2.0
162.81153512001038	1.9706500603183368	2.0
162.8271415233612	1.96796742129187	2.0
162.8451328277588	1.96796742129187	2.0
162.8622579574585	1.9655855551006352	2.0
162.8769187927246	1.9655855551006352	2.0
162.89043927192688	1.9655855551006352	2.0
162.9067623615265	1.9628982999128877	2.0
162.92187905311584	1.9628982999128877	2.0
162.94177389144897	1.9602686010998316	2.0
162.9572582244873	1.9602686010998316	2.0
162.96968960762024	1.9602686010998316	2.0
162.98543095588684	1.9578848883178765	2.0
163.0002977848053	1.9578848883178765	2.0
163.01920175552368	1.9578848883178765	2.0
163.03586053848267	1.955853113296491	2.0
163.0478711128235	1.955853113296491	2.0
163.06239652633667	1.955853113296491	2.0
163.0794632434845	1.9558009292518963	2.0
163.09460282325745	1.9558009292518963	2.0
163.1152422428131	1.9561446772534012	2.0
163.12941002845764	1.9561446772534012	2.0
163.1439926624298	1.9561446772534012	2.0
163.16274237632751	1.9566239662837763	2.0
163.17772579193115	1.9566239662837763	2.0
163.19691061973572	1.9566239662837763	2.0
163.21020650863647	1.9574592715142853	2.0
163.2228968143463	1.9574592715142853	2.0
163.2440481185913	1.9574592715142853	2.0
163.25972747802734	1.9591771451561364	2.0
163.27431678771973	1.9591771451561364	2.0
163.2895097732544	1.9609866150811364	2.0
163.30469727516174	1.9609866150811364	2.0
163.32297706604004	1.9609866150811364	2.0
163.34218335151672	1.9631126093993185	2.0
163.35566902160645	1.9631126093993185	2.0
163.36721110343933	1.9631126093993185	2.0
163.38395953178406	1.9653043772731487	2.0
163.39856886863708	1.9653043772731487	2.0
163.41692972183228	1.9653043772731487	2.0
163.433363199234	1.9669197257065485	2.0
163.4539134502411	1.9669197257065485	2.0
163.47059726715088	1.9687853845137606	2.0
163.48461294174194	1.9687853845137606	2.0
163.5007300376892	1.9687853845137606	2.0
163.51511788368225	1.9695911548140945	2.0
163.5311243534088	1.9695911548140945	2.0
163.54906225204468	1.9706650609543108	2.0
163.5647258758545	1.9706650609543108	2.0
163.57662391662598	1.9706650609543108	2.0
163.59143614768982	1.9714763425314885	2.0
163.6075723171234	1.9714763425314885	2.0
163.63608765602112	1.971728278863657	2.0
163.64971017837524	1.971728278863657	2.0
163.66217017173767	1.971728278863657	2.0
163.6783480644226	1.9721628712834822	2.0
163.69343996047974	1.9721628712834822	2.0
163.71061277389526	1.9721628712834822	2.0
163.72582030296326	1.972159714486293	2.0
163.73739528656006	1.972159714486293	2.0
163.75240468978882	1.972159714486293	2.0
163.77118039131165	1.9735183534547744	2.0
163.8029911518097	1.9735183534547744	2.0
163.8160901069641	1.974949142165262	2.0
163.82838582992554	1.974949142165262	2.0
163.84537649154663	1.974949142165262	2.0
163.8616509437561	1.9758574330322087	2.0
163.87660098075867	1.9758574330322087	2.0
163.89441442489624	1.9758574330322087	2.0
163.9075322151184	1.9755848911081135	2.0
163.92655634880066	1.9755848911081135	2.0
163.94536018371582	1.9759138424451077	2.0
163.96146535873413	1.9759138424451077	2.0
163.9757523536682	1.9759138424451077	2.0
163.99222898483276	1.975385342512671	2.0
164.00714492797852	1.975385342512671	2.0
164.0228762626648	1.975385342512671	2.0
164.0385172367096	1.9762296594887983	2.0
164.0501744747162	1.9762296594887983	2.0
164.06206059455872	1.9762296594887983	2.0
164.07832717895508	1.97572824330079	2.0
164.09212946891785	1.97572824330079	2.0
164.11581540107727	1.9751548982739284	2.0
164.12947392463684	1.9751548982739284	2.0
164.14124989509583	1.9751548982739284	2.0
164.15882086753845	1.9749797419704247	2.0
164.17399883270264	1.9749797419704247	2.0
164.1856770515442	1.9749797419704247	2.0
164.20430660247803	1.9729076917869903	2.0
164.2197322845459	1.9729076917869903	2.0
164.23735094070435	1.9729076917869903	2.0
164.25462126731873	1.9712941074296264	2.0
164.2660994529724	1.9712941074296264	2.0
164.2805507183075	1.9712941074296264	2.0
164.29760456085205	1.9698565961600305	2.0
164.31319189071655	1.9698565961600305	2.0
164.3375120162964	1.9697635777325122	2.0
164.34998059272766	1.9697635777325122	2.0
164.36981105804443	1.9697635777325122	2.0
164.38591194152832	1.9694230892827183	2.0
164.40119099617004	1.9694230892827183	2.0
164.41838240623474	1.9694230892827183	2.0
164.43371891975403	1.9700893025587713	2.0
164.4496567249298	1.9700893025587713	2.0
164.46822571754456	1.970132044546256	2.0
164.48397278785706	1.970132044546256	2.0
164.4993772506714	1.970132044546256	2.0
164.51456713676453	1.9711983015531351	2.0
164.5299859046936	1.9711983015531351	2.0
164.54859614372253	1.9711983015531351	2.0
164.56481623649597	1.9728840255887437	2.0
164.57784271240234	1.9728840255887437	2.0
164.5905475616455	1.9728840255887437	2.0
164.60528135299683	1.9737587724309429	2.0
164.618976354599	1.9737587724309429	2.0
164.63974118232727	1.9751530278017402	2.0
164.65366864204407	1.9751530278017402	2.0
164.66652083396912	1.9751530278017402	2.0
164.68259716033936	1.9751530278017402	2.0
164.6979639530182	1.9753268670252058	2.0
164.71167039871216	1.9753268670252058	2.0
164.72968363761902	1.9753268670252058	2.0
164.74179601669312	1.9765195033799081	2.0
164.75307607650757	1.9765195033799081	2.0
164.77272963523865	1.9765195033799081	2.0
164.78956651687622	1.977708476352881	2.0
164.8055067062378	1.977708476352881	2.0
164.82332801818848	1.9783138946551948	2.0
164.83593726158142	1.9783138946551948	2.0
164.85365629196167	1.9783138946551948	2.0
164.87168908119202	1.978643336738846	2.0
164.88743448257446	1.978643336738846	2.0
164.90194249153137	1.978643336738846	2.0
164.91692233085632	1.9771456697224354	2.0
164.93201756477356	1.9771456697224354	2.0
164.94588899612427	1.9771456697224354	2.0
164.96009349822998	1.975332539022044	2.0
164.97524666786194	1.975332539022044	2.0
164.99242734909058	1.975332539022044	2.0
165.00842118263245	1.9730028823056263	2.0
165.02233457565308	1.9730028823056263	2.0
165.03450798988342	1.9730028823056263	2.0
165.04934883117676	1.9711555856537202	2.0
165.06665515899658	1.9711555856537202	2.0
165.08389973640442	1.9684277962923964	2.0
165.09918403625488	1.9684277962923964	2.0
165.11350440979004	1.9684277962923964	2.0
165.13038182258606	1.9654381542432695	2.0
165.14549136161804	1.9654381542432695	2.0
165.16603231430054	1.9620680095984284	2.0
165.1817648410797	1.9620680095984284	2.0
165.1948664188385	1.9620680095984284	2.0
165.21177577972412	1.9582818617111044	2.0
165.22642135620117	1.9582818617111044	2.0
165.24435758590698	1.9582818617111044	2.0
165.26078963279724	1.955087042247633	2.0
165.27252769470215	1.955087042247633	2.0
165.2899124622345	1.955087042247633	2.0
165.30520296096802	1.9520765068721926	2.0
165.31941175460815	1.9520765068721926	2.0
165.3373076915741	1.9500949008795747	2.0
165.35019373893738	1.9500949008795747	2.0
165.363698720932	1.9500949008795747	2.0
165.38269567489624	1.94885584228228	2.0
165.39475226402283	1.94885584228228	2.0
165.4238498210907	1.94885584228228	2.0
165.4355194568634	1.946699610109809	2.0
165.45082187652588	1.946699610109809	2.0
165.46692562103271	1.946699610109809	2.0
165.4834849834442	1.9445620504575494	2.0
165.49868774414062	1.9445620504575494	2.0
165.5149848461151	1.9455231578251913	2.0
165.5308542251587	1.9455231578251913	2.0
165.54773235321045	1.9455231578251913	2.0
165.56532335281372	1.948202987236956	2.0
165.58097553253174	1.948202987236956	2.0
165.60040068626404	1.948202987236956	2.0
165.61600255966187	1.951322753411415	2.0
165.63185143470764	1.951322753411415	2.0
165.64867234230042	1.954297553841112	2.0
165.66300463676453	1.954297553841112	2.0
165.6746768951416	1.954297553841112	2.0
165.69119095802307	1.9581349077230545	2.0
165.70568990707397	1.9581349077230545	2.0
165.71801328659058	1.9581349077230545	2.0
165.73257994651794	1.961418715083345	2.0
165.7484757900238	1.961418715083345	2.0
165.76410841941833	1.961418715083345	2.0
165.78159475326538	1.9660200367708864	2.0
165.7942578792572	1.9660200367708864	2.0
165.80780291557312	1.9660200367708864	2.0
165.82306742668152	1.9702519138690922	2.0
165.83715081214905	1.9702519138690922	2.0
165.85505270957947	1.9702519138690922	2.0
165.8709225654602	1.974738990960228	2.0
165.8826038837433	1.974738990960228	2.0
165.90158891677856	1.974738990960228	2.0
165.91682171821594	1.9786388340618142	2.0
165.93174052238464	1.9786388340618142	2.0
165.94943189620972	1.9807901393217484	2.0
165.96207904815674	1.9807901393217484	2.0
165.97441411018372	1.9807901393217484	2.0
165.99253058433533	1.9807901393217484	2.0
166.00831651687622	1.9821679107503196	2.0
166.02580761909485	1.9821679107503196	2.0
166.0410282611847	1.9831412914321376	2.0
166.0530960559845	1.9831412914321376	2.0
166.08489680290222	1.9840432817469078	2.0
166.10011792182922	1.9840432817469078	2.0
166.11722087860107	1.9840432817469078	2.0
166.13168144226074	1.9842994156141849	2.0
166.14736533164978	1.9842994156141849	2.0
166.16929960250854	1.9843390766930498	2.0
166.18420886993408	1.9843390766930498	2.0
166.19661617279053	1.9843390766930498	2.0
166.21248054504395	1.9835939043957524	2.0
166.22793865203857	1.9835939043957524	2.0
166.2450339794159	1.9835939043957524	2.0
166.26294040679932	1.9837766886983421	2.0
166.27508306503296	1.9837766886983421	2.0
166.2879605293274	1.9837766886983421	2.0
166.30586504936218	1.9840859374708848	2.0
166.32007551193237	1.9840859374708848	2.0
166.3395173549652	1.9840859374708848	2.0
166.35403966903687	1.985158856952338	2.0
166.36551475524902	1.985158856952338	2.0
166.3880422115326	1.986148114300884	2.0
166.4024477005005	1.986148114300884	2.0
166.42230653762817	1.986148114300884	2.0
166.44061589241028	1.9880671792359486	2.0
166.4540135860443	1.9880671792359486	2.0
166.47349619865417	1.9880671792359486	2.0
166.48663091659546	1.9889305778278459	2.0
166.49873876571655	1.9889305778278459	2.0
166.51685547828674	1.9889305778278459	2.0
166.53161454200745	1.9896574638168574	2.0
166.54734659194946	1.9896574638168574	2.0
166.56108045578003	1.9896574638168574	2.0
166.57429194450378	1.990969211172909	2.0
166.58964586257935	1.990969211172909	2.0
166.6097662448883	1.990969211172909	2.0
166.62569403648376	1.9916858754576694	2.0
166.63919925689697	1.9916858754576694	2.0
166.6546914577484	1.9924597731849425	2.0
166.66999864578247	1.9924597731849425	2.0
166.68954133987427	1.9924597731849425	2.0
166.70763635635376	1.9923634239957067	2.0
166.72064638137817	1.9923634239957067	2.0
166.73640513420105	1.9923634239957067	2.0
166.76097321510315	1.9920518249330044	2.0
166.78075456619263	1.9904370600686903	2.0
166.7953588962555	1.9904370600686903	2.0
166.80709671974182	1.9904370600686903	2.0
166.81898832321167	1.9904370600686903	2.0
166.83517479896545	1.990211615298048	2.0
166.84921383857727	1.990211615298048	2.0
166.86910700798035	1.9888582289344119	2.0
166.8826766014099	1.9888582289344119	2.0
166.89392161369324	1.9888582289344119	2.0
166.91381406784058	1.987804943608325	2.0
166.92838048934937	1.987804943608325	2.0
166.95689821243286	1.987804943608325	2.0
166.9688756465912	1.987939164762171	2.0
166.98114776611328	1.987939164762171	2.0
167.0031864643097	1.987939164762171	2.0
167.01840043067932	1.9878830419120483	2.0
167.04711961746216	1.9878830419120483	2.0
167.06045937538147	1.9888248474852055	2.0
167.07804799079895	1.9888248474852055	2.0
167.09654712677002	1.9904380074502406	2.0
167.11185884475708	1.9904380074502406	2.0
167.12744235992432	1.9904380074502406	2.0
167.14087057113647	1.9930660746458226	2.0
167.15592169761658	1.9930660746458226	2.0
167.18008947372437	1.9962774011172961	2.0
167.1957495212555	1.9962774011172961	2.0
167.2087426185608	1.9962774011172961	2.0
167.2226161956787	2.000381132990408	2.0
167.23793768882751	2.000381132990408	2.0
167.25096607208252	2.000381132990408	2.0
167.26464939117432	2.003695340022108	2.0
167.28057098388672	2.003695340022108	2.0
167.2973735332489	2.003695340022108	2.0
167.31330394744873	2.0072341271738106	2.0
167.32762670516968	2.0072341271738106	2.0
167.3402509689331	2.0072341271738106	2.0
167.3567578792572	2.0124632262430446	2.0
167.37188053131104	2.0124632262430446	2.0
167.38811612129211	2.0124632262430446	2.0
167.4045271873474	2.0159167191001877	2.0
167.42115592956543	2.0159167191001877	2.0
167.44924902915955	2.0190749115995943	2.0
167.4620499610901	2.0190749115995943	2.0
167.49256920814514	2.0223599326657373	2.0
167.5041425228119	2.0223599326657373	2.0
167.5245578289032	2.0223599326657373	2.0
167.5408399105072	2.024627377880406	2.0
167.55776453018188	2.024627377880406	2.0
167.57639503479004	2.0260413856805117	2.0
167.59108519554138	2.0260413856805117	2.0
167.6120412349701	2.0260413856805117	2.0
167.62890768051147	2.0275441363111146	2.0
167.64419054985046	2.0275441363111146	2.0
167.65944123268127	2.0275441363111146	2.0
167.6729872226715	2.0288013863111147	2.0
167.69087195396423	2.0288013863111147	2.0
167.70894980430603	2.028653152088403	2.0
167.7241654396057	2.028653152088403	2.0
167.73681116104126	2.028653152088403	2.0
167.75186920166016	2.027748628698168	2.0
167.76702046394348	2.027748628698168	2.0
167.78849935531616	2.027748628698168	2.0
167.80388689041138	2.025777277372987	2.0
167.81594061851501	2.025777277372987	2.0
167.8305721282959	2.025777277372987	2.0
167.84682154655457	2.024917145801111	2.0
167.86480593681335	2.024917145801111	2.0
167.88206386566162	2.0227829606330823	2.0
167.89424872398376	2.0227829606330823	2.0
167.9087884426117	2.0227829606330823	2.0
167.92594814300537	2.0222388843343806	2.0
167.9390423297882	2.0222388843343806	2.0
167.95149731636047	2.0222388843343806	2.0
167.96939206123352	2.021843945435447	2.0
167.98318481445312	2.021843945435447	2.0
167.9991753101349	2.021843945435447	2.0
168.01577997207642	2.0212884471486348	2.0
168.0281572341919	2.0212884471486348	2.0
168.0500841140747	2.0212884471486348	2.0
168.06428146362305	2.020440264417935	2.0
168.07994723320007	2.020440264417935	2.0
168.09956693649292	2.019445320755963	2.0
168.1123607158661	2.019445320755963	2.0
168.13616609573364	2.019445320755963	2.0
168.15360927581787	2.0184701561822687	2.0
168.16910696029663	2.0184701561822687	2.0
168.1829333305359	2.0184701561822687	2.0
168.198566198349	2.0183011214123976	2.0
168.21583652496338	2.0183011214123976	2.0
168.2334966659546	2.018648069320519	2.0
168.248605966568	2.018648069320519	2.0
168.2611997127533	2.018648069320519	2.0
168.2762942314148	2.0190811141046163	2.0
168.2916283607483	2.0190811141046163	2.0
168.31096935272217	2.0190811141046163	2.0
168.328928232193	2.0206722319009196	2.0
168.3415985107422	2.0206722319009196	2.0
168.35726070404053	2.020931635970687	2.0
168.3732008934021	2.020931635970687	2.0
168.38647031784058	2.020931635970687	2.0
168.40255188941956	2.0217412666107375	2.0
168.41742181777954	2.0217412666107375	2.0
168.43358445167542	2.0217412666107375	2.0
168.45346474647522	2.0231689181233565	2.0
168.4708514213562	2.0231689181233565	2.0
168.48888969421387	2.025113210684613	2.0
168.50255966186523	2.025113210684613	2.0
168.51823329925537	2.025113210684613	2.0
168.5368733406067	2.0280439170584486	2.0
168.55207896232605	2.0280439170584486	2.0
168.582777261734	2.0315925020075127	2.0
168.60026454925537	2.0315925020075127	2.0
168.62122750282288	2.0315925020075127	2.0
168.63914561271667	2.0350683047060567	2.0
168.65585589408875	2.0350683047060567	2.0
168.67104983329773	2.038600221094016	2.0
168.68702626228333	2.038600221094016	2.0
168.7016978263855	2.038600221094016	2.0
168.7154097557068	2.042136190024652	2.0
168.73075461387634	2.042136190024652	2.0
168.75465893745422	2.042136190024652	2.0
168.77062129974365	2.0461597562056624	2.0
168.78481912612915	2.0461597562056624	2.0
168.7988085746765	2.050226306083263	2.0
168.814067363739	2.050226306083263	2.0
168.8299262523651	2.050226306083263	2.0
168.84681963920593	2.052024986435169	2.0
168.86089181900024	2.052024986435169	2.0
168.87330532073975	2.052024986435169	2.0
168.8893575668335	2.053518317538542	2.0
168.90433549880981	2.053518317538542	2.0
168.92254090309143	2.053518317538542	2.0
168.9394176006317	2.0550149044256654	2.0
168.95198464393616	2.0550149044256654	2.0
168.966215133667	2.0550149044256654	2.0
168.98289465904236	2.055646482754263	2.0
168.996586561203	2.055646482754263	2.0
169.01369786262512	2.055646482754263	2.0
169.0273311138153	2.0568209238556197	2.0
169.03858923912048	2.0568209238556197	2.0
169.05339097976685	2.0568209238556197	2.0
169.06883835792542	2.057768045391285	2.0
169.08367562294006	2.057768045391285	2.0
169.10305905342102	2.057768045391285	2.0
169.1147584915161	2.0577109630510906	2.0
169.12937712669373	2.0577109630510906	2.0
169.15137267112732	2.0562714393169133	2.0
169.16767024993896	2.0562714393169133	2.0
169.18320894241333	2.0562714393169133	2.0
169.19682455062866	2.0538976606876473	2.0
169.21129822731018	2.0538976606876473	2.0
169.23219847679138	2.0538976606876473	2.0
169.24769949913025	2.0504999581447736	2.0
169.2617383003235	2.0504999581447736	2.0
169.2731659412384	2.0504999581447736	2.0
169.28871870040894	2.0477885612779327	2.0
169.30303120613098	2.0477885612779327	2.0
169.31978964805603	2.0477885612779327	2.0
169.3349163532257	2.0441681579425253	2.0
169.3472752571106	2.0441681579425253	2.0
169.359619140625	2.0441681579425253	2.0
169.3753080368042	2.039983190838781	2.0
169.38945508003235	2.039983190838781	2.0
169.4109752178192	2.0354842644324647	2.0
169.42660355567932	2.0354842644324647	2.0
169.44375014305115	2.0354842644324647	2.0
169.46035361289978	2.0297361936250113	2.0
169.47305989265442	2.0297361936250113	2.0
169.48651480674744	2.0297361936250113	2.0
169.5030813217163	2.024660732595737	2.0
169.5177824497223	2.024660732595737	2.0
169.53853154182434	2.024660732595737	2.0
169.55315780639648	2.019818105558231	2.0
169.56472873687744	2.019818105558231	2.0
169.59198379516602	2.017536328689191	2.0
169.60670971870422	2.017536328689191	2.0
169.6243760585785	2.017536328689191	2.0
169.63914346694946	2.024892205347906	2.0
169.65079045295715	2.024892205347906	2.0
169.66921710968018	2.024892205347906	2.0
169.68603944778442	nan	2.0
169.70682740211487	nan	2.0
169.72863340377808	nan	2.0
169.74477887153625	nan	2.0
169.76305031776428	nan	2.0
169.7781264781952	nan	2.0
169.79381203651428	nan	2.0
169.80805921554565	nan	2.0
169.82323813438416	nan	2.0
169.84339308738708	nan	2.0
169.85876274108887	nan	2.0
169.87249565124512	nan	2.0
169.88627433776855	nan	2.0
169.90101099014282	nan	2.0
169.9153275489807	nan	2.0
169.93453884124756	nan	2.0
169.94915080070496	nan	2.0
169.96373748779297	nan	2.0
169.97998309135437	nan	2.0
169.99374270439148	nan	2.0
170.01214385032654	nan	2.0
170.0270869731903	nan	2.0
170.03862285614014	nan	2.0
170.0570511817932	nan	2.0
170.07205963134766	nan	2.0
170.08606958389282	nan	2.0
170.10270738601685	nan	2.0
170.11564207077026	nan	2.0
170.1285457611084	nan	2.0
170.147301197052	nan	2.0
170.1610267162323	nan	2.0
170.18262672424316	nan	2.0
170.1978235244751	nan	2.0
170.20926117897034	nan	2.0
170.24066424369812	nan	2.0
170.25235056877136	nan	2.0
170.26822209358215	nan	2.0
170.28675365447998	nan	2.0
170.30191707611084	nan	2.0
170.32259845733643	nan	2.0
170.33673214912415	nan	2.0
170.36740899085999	nan	2.0
170.38301134109497	nan	2.0
170.39998650550842	nan	2.0
170.4143795967102	nan	2.0
170.43287563323975	nan	2.0
170.45471668243408	nan	2.0
170.47109532356262	nan	2.0
170.48412370681763	nan	2.0
170.49782514572144	nan	2.0
170.51282262802124	nan	2.0
170.53172731399536	nan	2.0
170.550035238266	nan	2.0
170.56332087516785	nan	2.0
170.58032846450806	nan	2.0
170.5957601070404	nan	2.0
170.61205983161926	nan	2.0
170.63006591796875	nan	2.0
170.64338159561157	nan	2.0
170.6562316417694	nan	2.0
170.67483282089233	nan	2.0
170.69175672531128	nan	2.0
170.71036314964294	nan	2.0
170.72380900382996	nan	2.0
170.736426115036	nan	2.0
170.75493550300598	nan	2.0
170.7693316936493	nan	2.0
170.7962384223938	nan	2.0
170.80877304077148	nan	2.0
170.82297444343567	nan	2.0
170.84049439430237	nan	2.0
170.85556364059448	nan	2.0
170.87400770187378	nan	2.0
170.88712549209595	nan	2.0
170.8989019393921	nan	2.0
170.91990160942078	nan	2.0
170.93494129180908	nan	2.0
170.95282793045044	nan	2.0
170.96955728530884	nan	2.0
170.98300194740295	nan	2.0
171.00208735466003	nan	2.0
171.01829624176025	nan	2.0
171.03049182891846	nan	2.0
171.0470747947693	nan	2.0
171.06746983528137	nan	2.0
171.08521127700806	nan	2.0
171.10125136375427	nan	2.0
171.11490845680237	nan	2.0
171.139728307724	nan	2.0
171.15606498718262	nan	2.0
171.17173504829407	nan	2.0
171.1847858428955	nan	2.0
171.1981704235077	nan	2.0
171.2159399986267	nan	2.0
171.23450922966003	nan	2.0
171.24945378303528	nan	2.0
171.26473951339722	nan	2.0
171.28111147880554	nan	2.0
171.29492735862732	nan	2.0
171.31407642364502	nan	2.0
171.328462600708	nan	2.0
171.3403298854828	nan	2.0
171.35640788078308	nan	2.0
171.37185764312744	nan	2.0
171.38687252998352	nan	2.0
171.4033145904541	nan	2.0
171.4184799194336	nan	2.0
171.43483567237854	nan	2.0
171.45220470428467	nan	2.0
171.46707439422607	nan	2.0
171.48909831047058	nan	2.0
171.50127696990967	nan	2.0
171.5290331840515	nan	2.0
171.54677557945251	nan	2.0
171.564843416214	nan	2.0
171.58229565620422	nan	2.0
171.59879660606384	nan	2.0
171.61911177635193	nan	2.0
171.63649678230286	nan	2.0
171.6526072025299	nan	2.0
171.6664719581604	nan	2.0
171.69043827056885	nan	2.0
171.70688676834106	nan	2.0
171.7220115661621	nan	2.0
171.73552799224854	nan	2.0
171.7523274421692	nan	2.0
171.76836395263672	nan	2.0
171.780748128891	nan	2.0
171.79521322250366	nan	2.0
171.81054735183716	nan	2.0
171.82610750198364	nan	2.0
171.844562292099	nan	2.0
171.8581976890564	nan	2.0
171.8709433078766	nan	2.0
171.88746118545532	nan	2.0
171.90046000480652	nan	2.0
171.91864705085754	nan	2.0
171.9326798915863	nan	2.0
171.9441921710968	nan	2.0
171.96188974380493	nan	2.0
171.97812604904175	nan	2.0
171.99396681785583	nan	2.0
172.01351857185364	nan	2.0
172.0265564918518	nan	2.0
172.04847884178162	nan	2.0
172.06360244750977	nan	2.0
172.07883048057556	nan	2.0
172.10056495666504	nan	2.0
172.11292552947998	nan	2.0
172.12973856925964	nan	2.0
172.14906883239746	nan	2.0
172.16333675384521	nan	2.0
172.17664098739624	nan	2.0
172.18947005271912	nan	2.0
172.2043216228485	nan	2.0
172.22243237495422	nan	2.0
172.2389850616455	nan	2.0
172.25318384170532	nan	2.0
172.26607036590576	nan	2.0
172.27983498573303	nan	2.0
172.295175075531	nan	2.0
172.30651021003723	nan	2.0
172.32663106918335	nan	2.0
172.34012627601624	nan	2.0
172.35563445091248	nan	2.0
172.37157607078552	1.9655569103246986	2.0
172.38556480407715	1.9655569103246986	2.0
172.4059920310974	1.975892476362435	2.0
172.41861867904663	1.975892476362435	2.0
172.43697357177734	1.975892476362435	2.0
172.45411372184753	1.985516667954902	2.0
172.46748661994934	1.985516667954902	2.0
172.48174262046814	1.985516667954902	2.0
172.49749398231506	1.9932517883369072	2.0
172.51155495643616	1.9932517883369072	2.0
172.53142261505127	1.9932517883369072	2.0
172.54939103126526	2.0000922552895366	2.0
172.5623607635498	2.0000922552895366	2.0
172.58588290214539	2.0054014583834596	2.0
172.59908413887024	2.0054014583834596	2.0
172.61705541610718	2.0054014583834596	2.0
172.63231110572815	2.00911591918728	2.0
172.64443373680115	2.00911591918728	2.0
172.66917371749878	2.0124932049015656	2.0
172.68440079689026	2.0124932049015656	2.0
172.70216727256775	2.0124932049015656	2.0
172.7161078453064	2.015741205361222	2.0
172.73190784454346	2.015741205361222	2.0
172.75246834754944	2.015741205361222	2.0
172.76988673210144	2.0172732214572644	2.0
172.78494429588318	2.0172732214572644	2.0
172.79942631721497	2.0172732214572644	2.0
172.81424236297607	2.019199093576978	2.0
172.82941937446594	2.019199093576978	2.0
172.84848952293396	2.019914483429094	2.0
172.86277532577515	2.019914483429094	2.0
172.87462329864502	2.019914483429094	2.0
172.89194202423096	2.0187247369876604	2.0
172.90656089782715	2.0187247369876604	2.0
172.92432379722595	2.0187247369876604	2.0
172.94061875343323	2.019204853944403	2.0
172.95190167427063	2.019204853944403	2.0
172.96589851379395	2.019204853944403	2.0
172.98615193367004	2.019535227758324	2.0
173.00130081176758	2.019535227758324	2.0
173.0215826034546	2.019535227758324	2.0
173.03332662582397	2.0195261753213494	2.0
173.04597091674805	2.0195261753213494	2.0
173.06797099113464	2.0195261753213494	2.0
173.0835120677948	2.0207385157597653	2.0
173.0972399711609	2.0207385157597653	2.0
173.11153030395508	2.0207385157597653	2.0
173.1243166923523	2.0220044548353955	2.0
173.15590643882751	2.0220044548353955	2.0
173.17238092422485	2.0232626164521266	2.0
173.1848165988922	2.0232626164521266	2.0
173.19966435432434	2.0232626164521266	2.0
173.21469378471375	2.0255659225662677	2.0
173.23052215576172	2.0255659225662677	2.0
173.2452609539032	2.0272920659200446	2.0
173.25992369651794	2.0272920659200446	2.0
173.27876949310303	2.0272920659200446	2.0
173.29522252082825	2.0301504252904037	2.0
173.30973148345947	2.0301504252904037	2.0
173.3236653804779	2.0301504252904037	2.0
173.3372507095337	2.0346029446181353	2.0
173.35200142860413	2.0346029446181353	2.0
173.37295031547546	2.038486148444126	2.0
173.38732433319092	2.038486148444126	2.0
173.40079069137573	2.038486148444126	2.0
173.4177668094635	2.0419773876940908	2.0
173.43308353424072	2.0419773876940908	2.0
173.45856094360352	2.047368025585611	2.0
173.47390794754028	2.047368025585611	2.0
173.4857099056244	2.047368025585611	2.0
173.5053460597992	2.0521503579839275	2.0
173.51866960525513	2.0521503579839275	2.0
173.5343382358551	2.0521503579839275	2.0
173.55033445358276	2.056738759567638	2.0
173.56188201904297	2.056738759567638	2.0
173.57587265968323	2.056738759567638	2.0
173.59410405158997	2.061489882387605	2.0
173.60849976539612	2.061489882387605	2.0
173.62841653823853	2.061489882387605	2.0
173.64545130729675	2.0661415206169815	2.0
173.66126370429993	2.0661415206169815	2.0
173.68126344680786	2.0661415206169815	2.0
173.69757866859436	2.0704465756327695	2.0
173.71291208267212	2.0704465756327695	2.0
173.72764921188354	2.0746793138858957	2.0
173.74257016181946	2.0746793138858957	2.0
173.75959753990173	2.0746793138858957	2.0
173.7759027481079	2.076788271028753	2.0
173.79009652137756	2.076788271028753	2.0
173.8031506538391	2.076788271028753	2.0
173.81939888000488	2.0782891882234944	2.0
173.83381342887878	2.0782891882234944	2.0
173.8620948791504	2.0792424672493217	2.0
173.8744294643402	2.0792424672493217	2.0
173.88586854934692	2.0792424672493217	2.0
173.9000551700592	2.0792424672493217	2.0
173.9157989025116	2.0779597711098448	2.0
173.9599039554596	2.0771164431388183	2.0
173.9783411026001	2.0771164431388183	2.0
173.9956614971161	2.0771164431388183	2.0
174.011873960495	2.076460078669954	2.0
174.02937650680542	2.076460078669954	2.0
174.04712557792664	2.076460078669954	2.0
174.06289768218994	2.0724449153957574	2.0
174.08042240142822	2.0724449153957574	2.0
174.09741806983948	2.067541716154291	2.0
174.11353707313538	2.067541716154291	2.0
174.13869524002075	2.067541716154291	2.0
174.15491890907288	2.0628417699300345	2.0
174.17196655273438	2.0628417699300345	2.0
174.18806505203247	2.0578293171714135	2.0
174.20281052589417	2.0578293171714135	2.0
174.2177929878235	2.0578293171714135	2.0
174.23388600349426	2.053651951830504	2.0
174.24562120437622	2.053651951830504	2.0
174.25879883766174	2.053651951830504	2.0
174.2768521308899	2.050472261730729	2.0
174.29196429252625	2.050472261730729	2.0
174.31821632385254	2.047567908679169	2.0
174.3318784236908	2.047567908679169	2.0
174.34584617614746	2.047567908679169	2.0
174.36221432685852	2.047567908679169	2.0
174.37845039367676	2.0449223425499414	2.0
174.39715909957886	2.0449223425499414	2.0
174.41337776184082	2.0424473827450766	2.0
174.42875814437866	2.0424473827450766	2.0
174.44570755958557	2.0424473827450766	2.0
174.46218752861023	2.039591870111452	2.0
174.47723388671875	2.039591870111452	2.0
174.4965763092041	2.0389528102304464	2.0
174.51194739341736	2.0389528102304464	2.0
174.53159070014954	2.0389528102304464	2.0
174.55005860328674	2.038868515628187	2.0
174.56523966789246	2.038868515628187	2.0
174.5818338394165	2.038868515628187	2.0
174.598459482193	2.0395472704420516	2.0
174.6131603717804	2.0395472704420516	2.0
174.6325740814209	2.0395874934360636	2.0
174.64482474327087	2.0395874934360636	2.0
174.65681195259094	2.0395874934360636	2.0
174.67393279075623	2.040539571173667	2.0
174.68817138671875	2.040539571173667	2.0
174.70452761650085	2.040539571173667	2.0
174.71921300888062	2.0415888911534497	2.0
174.73048090934753	2.0415888911534497	2.0
174.74355149269104	2.0415888911534497	2.0
174.76068758964539	2.0415888911534497	2.0
174.773930311203	2.0430475071472687	2.0
174.7850639820099	2.0430475071472687	2.0
174.80058240890503	2.0430475071472687	2.0
174.81638622283936	2.044394247217241	2.0
174.83135628700256	2.044394247217241	2.0
174.84911918640137	2.044394247217241	2.0
174.86201763153076	2.0447700909130195	2.0
174.8760962486267	2.0447700909130195	2.0
174.90304827690125	2.044646027356168	2.0
174.91882181167603	2.044646027356168	2.0
174.93285059928894	2.044646027356168	2.0
174.94733023643494	2.0461674747533087	2.0
174.96290493011475	2.0461674747533087	2.0
174.9779989719391	2.0461674747533087	2.0
174.99476742744446	2.048533378545303	2.0
175.00919461250305	2.048533378545303	2.0
175.02176189422607	2.048533378545303	2.0
175.0386438369751	2.049957564520913	2.0
175.05255913734436	2.049957564520913	2.0
175.0702748298645	2.049957564520913	2.0
175.0852038860321	2.051771852224576	2.0
175.09650039672852	2.051771852224576	2.0
175.1109414100647	2.051771852224576	2.0
175.1264386177063	2.052893485600476	2.0
175.141348361969	2.052893485600476	2.0
175.1599018573761	2.052893485600476	2.0
175.1722822189331	2.0542725169382168	2.0
175.1850082874298	2.0542725169382168	2.0
175.2028739452362	2.0542725169382168	2.0
175.21646189689636	2.055833986931983	2.0
175.23449063301086	2.055833986931983	2.0
175.25054264068604	2.0541771007024083	2.0
175.2623312473297	2.0541771007024083	2.0
175.29260849952698	2.0531357408122988	2.0
175.30812668800354	2.0531357408122988	2.0
175.32675290107727	2.0531357408122988	2.0
175.34101748466492	2.052969032018029	2.0
175.35395503044128	2.052969032018029	2.0
175.3743119239807	2.052969032018029	2.0
175.39245533943176	2.0518800273084192	2.0
175.4073555469513	2.0518800273084192	2.0
175.4249608516693	2.0500808500357612	2.0
175.4410355091095	2.0500808500357612	2.0
175.45842289924622	2.0500808500357612	2.0
175.4753394126892	2.047634179581216	2.0
175.4890012741089	2.047634179581216	2.0
175.50138449668884	2.047634179581216	2.0
175.51840209960938	2.0455453142566764	2.0
175.53326177597046	2.0455453142566764	2.0
175.54498720169067	2.0455453142566764	2.0
175.56341791152954	2.0436087399126532	2.0
175.58021330833435	2.0436087399126532	2.0
175.5978307723999	2.040641229652195	2.0
175.6124837398529	2.040641229652195	2.0
175.62567901611328	2.040641229652195	2.0
175.64361357688904	2.0361641886172226	2.0
175.65759563446045	2.0361641886172226	2.0
175.673508644104	2.0361641886172226	2.0
175.68948769569397	2.034629837305269	2.0
175.70148515701294	2.034629837305269	2.0
175.7152235507965	2.034629837305269	2.0
175.73273873329163	2.0334562164710626	2.0
175.74734830856323	2.0334562164710626	2.0
175.76440978050232	2.0334562164710626	2.0
175.77919459342957	2.0320385835360093	2.0
175.7909848690033	2.0320385835360093	2.0
175.80721616744995	2.0320385835360093	2.0
175.82282733917236	2.0309019401682065	2.0
175.83776473999023	2.0309019401682065	2.0
175.8568184375763	2.0309019401682065	2.0
175.86890959739685	2.0294080270096977	2.0
175.88374948501587	2.0294080270096977	2.0
175.90181398391724	2.0294080270096977	2.0
175.917706489563	2.028478173083438	2.0
175.9319772720337	2.028478173083438	2.0
175.94728302955627	2.027591732466401	2.0
175.9609797000885	2.027591732466401	2.0
175.97874331474304	2.027591732466401	2.0
175.9968297481537	2.027334387452924	2.0
176.01071906089783	2.027334387452924	2.0
176.02441358566284	2.027334387452924	2.0
176.042142868042	2.0272881773688907	2.0
176.05674815177917	2.0272881773688907	2.0
176.07275581359863	2.0272881773688907	2.0
176.08816576004028	2.0287444297160238	2.0
176.10048389434814	2.0287444297160238	2.0
176.11603498458862	2.0287444297160238	2.0
176.13246631622314	2.030725144001738	2.0
176.144695520401	2.030725144001738	2.0
176.16940259933472	2.0322729806201605	2.0
176.1817581653595	2.0322729806201605	2.0
176.1953775882721	2.0322729806201605	2.0
176.21321296691895	2.0337378547406217	2.0
176.2256133556366	2.0337378547406217	2.0
176.24152207374573	2.0337378547406217	2.0
176.2584309577942	2.035456519857557	2.0
176.27048683166504	2.035456519857557	2.0
176.28756403923035	2.035456519857557	2.0
176.30486130714417	2.037580314626168	2.0
176.31715774536133	2.037580314626168	2.0
176.3481731414795	2.03900511966735	2.0
176.36209988594055	2.03900511966735	2.0
176.3791527748108	2.03900511966735	2.0
176.3938660621643	2.041215947214092	2.0
176.40900897979736	2.041215947214092	2.0
176.42691612243652	2.041215947214092	2.0
176.44646883010864	2.0409691348614976	2.0
176.46258306503296	2.0409691348614976	2.0
176.47540950775146	2.041276362802674	2.0
176.48921990394592	2.041276362802674	2.0
176.5056915283203	2.041276362802674	2.0
176.52585649490356	2.039526408855086	2.0
176.53967118263245	2.039526408855086	2.0
176.55338621139526	2.039526408855086	2.0
176.5691273212433	2.0384415417664785	2.0
176.58348321914673	2.0384415417664785	2.0
176.60296368598938	2.0384415417664785	2.0
176.61913061141968	2.0357631770699505	2.0
176.63058996200562	2.0357631770699505	2.0
176.6438753604889	2.0357631770699505	2.0
176.65947794914246	2.0334939287834404	2.0
176.6719148159027	2.0334939287834404	2.0
176.68986678123474	2.0334939287834404	2.0
176.70423555374146	2.0300972757903737	2.0
176.71520018577576	2.0300972757903737	2.0
176.73754453659058	2.0300972757903737	2.0
176.75225591659546	2.027280162505569	2.0
176.76732325553894	2.027280162505569	2.0
176.7841341495514	2.024791984117919	2.0
176.79570198059082	2.024791984117919	2.0
176.81283497810364	2.024791984117919	2.0
176.8307909965515	2.021777266856403	2.0
176.84612274169922	2.021777266856403	2.0
176.86471724510193	2.021777266856403	2.0
176.87829065322876	2.020981472425804	2.0
176.89335870742798	2.020981472425804	2.0
176.9104151725769	2.020981472425804	2.0
176.92545771598816	2.01943397102131	2.0
176.9406979084015	2.01943397102131	2.0
176.95337462425232	2.01943397102131	2.0
176.96901035308838	2.0204092359640824	2.0
176.98338341712952	2.0204092359640824	2.0
176.99760341644287	2.0204092359640824	2.0
177.01171255111694	2.0207685167993206	2.0
177.02802634239197	2.0207685167993206	2.0
177.04704904556274	2.0207685167993206	2.0
177.06281638145447	2.023775858019325	2.0
177.0755112171173	2.023775858019325	2.0
177.08994436264038	2.025278896286665	2.0
177.10551857948303	2.025278896286665	2.0
177.1206078529358	2.025278896286665	2.0
177.13745093345642	2.028532708022845	2.0
177.1515588760376	2.028532708022845	2.0
177.1643512248993	2.028532708022845	2.0
177.18022656440735	2.0310426427362214	2.0
177.19473576545715	2.0310426427362214	2.0
177.211350440979	2.0310426427362214	2.0
177.22702598571777	2.033902165463494	2.0
177.2384397983551	2.033902165463494	2.0
177.2520294189453	2.033902165463494	2.0
177.27297234535217	2.037240012470689	2.0
177.28716349601746	2.037240012470689	2.0
177.3155906200409	2.0410839748060003	2.0
177.32954025268555	2.0410839748060003	2.0
177.3613522052765	2.0448746894457885	2.0
177.3763930797577	2.0448746894457885	2.0
177.39243817329407	2.0448746894457885	2.0
177.40633368492126	2.0500153889386032	2.0
177.42162442207336	2.0500153889386032	2.0
177.44520664215088	2.055356114080862	2.0
177.46030855178833	2.055356114080862	2.0
177.47662162780762	2.055356114080862	2.0
177.4924795627594	2.058421124307629	2.0
177.50805115699768	2.058421124307629	2.0
177.52704286575317	2.058421124307629	2.0
177.5443971157074	2.0635367690045596	2.0
177.56023740768433	2.0635367690045596	2.0
177.5775158405304	2.0635367690045596	2.0
177.59435510635376	2.0677414496131616	2.0
177.6113419532776	2.0677414496131616	2.0
177.6286039352417	2.0717726225738864	2.0
177.64057397842407	2.0717726225738864	2.0
177.6538531780243	2.0717726225738864	2.0
177.67333436012268	2.076683095874858	2.0
177.68827867507935	2.076683095874858	2.0
177.70750999450684	2.076683095874858	2.0
177.72042965888977	2.0799418951132034	2.0
177.73387813568115	2.0799418951132034	2.0
177.75500082969666	2.0799418951132034	2.0
177.76900506019592	2.0832225114700123	2.0
177.78175497055054	2.0832225114700123	2.0
177.8025336265564	2.0832225114700123	2.0
177.81977915763855	2.0867787556597865	2.0
177.834707736969	2.0867787556597865	2.0
177.84900641441345	2.0867787556597865	2.0
177.86297273635864	2.0876950640573373	2.0
177.88188433647156	2.0876950640573373	2.0
177.90026354789734	2.0877687346922573	2.0
177.91582250595093	2.0877687346922573	2.0
177.92793345451355	2.0877687346922573	2.0
177.94332790374756	2.0883170537594835	2.0
177.95906949043274	2.0883170537594835	2.0
177.97678303718567	2.0883170537594835	2.0
177.99452114105225	2.087700883119157	2.0
178.0065405368805	2.087700883119157	2.0
178.02118825912476	2.087700883119157	2.0
178.03757286071777	2.086556524359487	2.0
178.05230045318604	2.086556524359487	2.0
178.07843732833862	2.0860751092316603	2.0
178.0909562110901	2.0860751092316603	2.0
178.10579824447632	2.0860751092316603	2.0
178.12255597114563	2.084488030667531	2.0
178.1373336315155	2.084488030667531	2.0
178.15887641906738	2.0836544604333	2.0
178.17076754570007	2.0836544604333	2.0
178.18277955055237	2.0836544604333	2.0
178.19997692108154	2.0836544604333	2.0
178.21528482437134	2.0809842650678574	2.0
178.23110151290894	2.0809842650678574	2.0
178.2459900379181	2.0809842650678574	2.0
178.258691072464	2.078633110724981	2.0
178.27378153800964	2.078633110724981	2.0
178.29182600975037	2.077261243349838	2.0
178.30799555778503	2.077261243349838	2.0
178.32295966148376	2.077261243349838	2.0
178.33708930015564	2.075372103914005	2.0
178.35196137428284	2.075372103914005	2.0
178.3749988079071	2.075372103914005	2.0
178.39141583442688	2.075036056213418	2.0
178.40395426750183	2.075036056213418	2.0
178.41861629486084	2.075036056213418	2.0
178.43330097198486	2.074731456283056	2.0
178.4526171684265	2.074731456283056	2.0
178.4686722755432	2.075077718053372	2.0
178.4819016456604	2.075077718053372	2.0
178.4953761100769	2.075077718053372	2.0
178.51153445243835	2.0759239666307305	2.0
178.52544450759888	2.0759239666307305	2.0
178.5392394065857	2.0759239666307305	2.0
178.55470299720764	2.077579257791324	2.0
178.57010316848755	2.077579257791324	2.0
178.5874330997467	2.0775074849945065	2.0
178.60221409797668	2.0775074849945065	2.0
178.6163568496704	2.0775074849945065	2.0
178.6297516822815	2.078965282597724	2.0
178.64499640464783	2.078965282597724	2.0
178.66351580619812	2.078965282597724	2.0
178.6829333305359	2.0802621562396704	2.0
178.6955316066742	2.0802621562396704	2.0
178.7086899280548	2.0802621562396704	2.0
178.72501516342163	2.0802713149158225	2.0
178.73985075950623	2.0802713149158225	2.0
178.75652074813843	2.0802713149158225	2.0
178.76994061470032	2.081995567115236	2.0
178.78210735321045	2.081995567115236	2.0
178.8037464618683	2.0829159419013776	2.0
178.81774377822876	2.0829159419013776	2.0
178.83268880844116	2.0829159419013776	2.0
178.85015487670898	2.0837511588142474	2.0
178.86202764511108	2.0837511588142474	2.0
178.89458107948303	2.085386429754145	2.0
178.9097855091095	2.085386429754145	2.0
178.92472004890442	2.085386429754145	2.0
178.93842339515686	2.0859361171641133	2.0
178.95220637321472	2.0859361171641133	2.0
178.97267079353333	2.0859361171641133	2.0
178.99025130271912	2.0858457669809636	2.0
179.00467729568481	2.0858457669809636	2.0
179.01851201057434	2.0858457669809636	2.0
179.03635358810425	2.0872259754324665	2.0
179.0506236553192	2.0872259754324665	2.0
179.06919836997986	2.087998325996071	2.0
179.0837721824646	2.087998325996071	2.0
179.0995650291443	2.087998325996071	2.0
179.11666584014893	2.088854088968419	2.0
179.13128542900085	2.088854088968419	2.0
179.14836168289185	2.088854088968419	2.0
179.16401839256287	2.0884722769159434	2.0
179.17565083503723	2.0884722769159434	2.0
179.19342303276062	2.0884722769159434	2.0
179.20955562591553	2.087028334943514	2.0
179.22318744659424	2.087028334943514	2.0
179.2405927181244	2.0864259020331306	2.0
179.2531476020813	2.0864259020331306	2.0
179.2663505077362	2.0864259020331306	2.0
179.28272485733032	2.0864259020331306	2.0
179.2993507385254	2.0848758448332325	2.0
179.31506824493408	2.0848758448332325	2.0
179.33189463615417	2.0828215875693856	2.0
179.34784054756165	2.0828215875693856	2.0
179.36775064468384	2.0828215875693856	2.0
179.38227581977844	2.080742233636802	2.0
179.39734435081482	2.080742233636802	2.0
179.4187455177307	2.077488910422516	2.0
179.43423342704773	2.077488910422516	2.0
179.45489835739136	2.077488910422516	2.0
179.47109127044678	2.0723283726807162	2.0
179.48879432678223	2.0723283726807162	2.0
179.51006650924683	2.0672956061706986	2.0
179.52856922149658	2.0672956061706986	2.0
179.54462480545044	2.0672956061706986	2.0
179.56523203849792	2.0614880343313557	2.0
179.58092260360718	2.0614880343313557	2.0
179.60153770446777	2.0579014007539365	2.0
179.61464643478394	2.0579014007539365	2.0
179.62850713729858	2.0579014007539365	2.0
179.64720153808594	2.055012235202207	2.0
179.6616837978363	2.055012235202207	2.0
179.67985796928406	2.055012235202207	2.0
179.69890475273132	2.051501898341252	2.0
179.71374130249023	2.051501898341252	2.0
179.7370171546936	2.0498789352211118	2.0
179.7509744167328	2.0498789352211118	2.0
179.7785894870758	2.0469756541217867	2.0
179.7917284965515	2.0469756541217867	2.0
179.8124120235443	2.0469756541217867	2.0
179.8302938938141	2.0444194725181704	2.0
179.8458650112152	2.0444194725181704	2.0
179.86111068725586	2.0444194725181704	2.0
179.8778989315033	2.0430285132968584	2.0
179.89354825019836	2.0430285132968584	2.0
179.91296482086182	2.0440892886427187	2.0
179.9279854297638	2.0440892886427187	2.0
179.94405460357666	2.0440892886427187	2.0
179.9615921974182	2.0455422278095687	2.0
179.9763786792755	2.0455422278095687	2.0
179.99604964256287	2.047129289661567	2.0
180.01064610481262	2.047129289661567	2.0
180.02243876457214	2.047129289661567	2.0
180.03542065620422	2.047129289661567	2.0
180.0515534877777	2.049085553447026	2.0
180.06328988075256	2.049085553447026	2.0
180.07547640800476	2.049085553447026	2.0
180.09091186523438	2.0511506753414763	2.0
180.1064293384552	2.0511506753414763	2.0
180.1240108013153	2.0511506753414763	2.0
180.14074850082397	2.0529500802775997	2.0
180.1521966457367	2.0529500802775997	2.0
180.16580772399902	2.0529500802775997	2.0
180.1822636127472	2.0539810732890444	2.0
180.19655060768127	2.0539810732890444	2.0
180.2229142189026	2.056142051549914	2.0
180.23445415496826	2.056142051549914	2.0
180.2504644393921	2.056142051549914	2.0
180.26646399497986	2.05693415352982	2.0
180.28022074699402	2.05693415352982	2.0
180.30571246147156	2.05693415352982	2.0
180.31718945503235	2.058190754224641	2.0
180.331280708313	2.058190754224641	2.0
180.3494474887848	2.058190754224641	2.0
180.36490607261658	2.0582231958370176	2.0
180.37989163398743	2.0582231958370176	2.0
180.3937005996704	2.057946076020788	2.0
180.40801215171814	2.057946076020788	2.0
180.42769169807434	2.057946076020788	2.0
180.44418907165527	2.0580101497646854	2.0
180.46041226387024	2.0580101497646854	2.0
180.47627353668213	2.0580101497646854	2.0
180.49209189414978	2.057181961962317	2.0
180.50648522377014	2.057181961962317	2.0
180.52668261528015	2.056062272006481	2.0
180.54212713241577	2.056062272006481	2.0
180.55822134017944	2.056062272006481	2.0
180.57526183128357	2.055029096282589	2.0
180.59161520004272	2.055029096282589	2.0
180.60958671569824	2.055029096282589	2.0
180.62256288528442	2.051673420070214	2.0
180.63422989845276	2.051673420070214	2.0
180.65078616142273	2.051673420070214	2.0
180.66690492630005	2.0476696148246822	2.0
180.68586683273315	2.0476696148246822	2.0
180.7028772830963	2.0440091291509166	2.0
180.71486163139343	2.0440091291509166	2.0
180.7311933040619	2.0440091291509166	2.0
180.7483344078064	2.0391692009838587	2.0
180.75994038581848	2.0391692009838587	2.0
180.7718312740326	2.0391692009838587	2.0
180.8039252758026	2.0341969028649824	2.0
180.81926274299622	2.0341969028649824	2.0
180.83675742149353	2.0341969028649824	2.0
180.8490252494812	2.0286103142835925	2.0
180.86410236358643	2.0286103142835925	2.0
180.88307571411133	2.022578679563144	2.0
180.89869141578674	2.022578679563144	2.0
180.91193962097168	2.022578679563144	2.0
180.92435121536255	2.022578679563144	2.0
180.94025325775146	2.016917355060591	2.0
180.95638966560364	2.016917355060591	2.0
180.97098898887634	2.011384376515169	2.0
180.98624730110168	2.011384376515169	2.0
180.99971294403076	2.011384376515169	2.0
181.0159204006195	2.0050110119148075	2.0
181.03062295913696	2.0050110119148075	2.0
181.0462625026703	2.0050110119148075	2.0
181.06195521354675	2.0010996993568835	2.0
181.07401728630066	2.0010996993568835	2.0
181.08730602264404	2.0010996993568835	2.0
181.10386419296265	1.9976154071188568	2.0
181.11866927146912	1.9976154071188568	2.0
181.1484956741333	1.9956453710673745	2.0
181.1607267856598	1.9956453710673745	2.0
181.1759057044983	1.9956453710673745	2.0
181.19191765785217	1.9947406880786027	2.0
181.20505666732788	1.9947406880786027	2.0
181.2247109413147	1.9947406880786027	2.0
181.23748683929443	1.9947933552033017	2.0
181.250403881073	1.9947933552033017	2.0
181.2817096710205	1.9972615125459594	2.0
181.29799509048462	1.9972615125459594	2.0
181.31475257873535	1.9972615125459594	2.0
181.32650446891785	2.0002205652205545	2.0
181.34102487564087	2.0002205652205545	2.0
181.35884428024292	2.0002205652205545	2.0
181.37391185760498	2.0044892779125276	2.0
181.38773488998413	2.0044892779125276	2.0
181.40202283859253	2.0044892779125276	2.0
181.4168667793274	2.0088188668989604	2.0
181.4355390071869	2.0088188668989604	2.0
181.45342588424683	2.0124989278212846	2.0
181.4688847064972	2.0124989278212846	2.0
181.48379468917847	2.0124989278212846	2.0
181.49933743476868	2.015324062148218	2.0
181.51394653320312	2.015324062148218	2.0
181.53090071678162	2.015324062148218	2.0
181.54702377319336	2.0192310210767888	2.0
181.56263279914856	2.0192310210767888	2.0
181.57954621315002	2.022067377551584	2.0
181.59325456619263	2.022067377551584	2.0
181.60488414764404	2.022067377551584	2.0
181.6188051700592	2.022067377551584	2.0
181.6348216533661	2.0239869437082634	2.0
181.64930939674377	2.0239869437082634	2.0
181.6664481163025	2.0264804358375095	2.0
181.67963075637817	2.0264804358375095	2.0
181.69147729873657	2.0264804358375095	2.0
181.71073198318481	2.0283052229904763	2.0
181.72455501556396	2.0283052229904763	2.0
181.75646805763245	2.028909837197816	2.0
181.76842641830444	2.028909837197816	2.0
181.79905128479004	2.028909837197816	2.0
181.81348729133606	2.0283081033147576	2.0
181.82936573028564	2.0283081033147576	2.0
181.8483989238739	2.026607281055621	2.0
181.8625044822693	2.026607281055621	2.0
181.88377857208252	2.026607281055621	2.0
181.9011209011078	2.024975876096943	2.0
181.91557455062866	2.024975876096943	2.0
181.9302155971527	2.0235908116410437	2.0
181.94336080551147	2.0235908116410437	2.0
181.95981240272522	2.0235908116410437	2.0
181.97644662857056	2.0206584246519426	2.0
181.99130964279175	2.0206584246519426	2.0
182.00398588180542	2.0206584246519426	2.0
182.018652677536	2.0185444667352397	2.0
182.03431177139282	2.0185444667352397	2.0
182.05571293830872	2.0185444667352397	2.0
182.07147669792175	2.0169812956061848	2.0
182.08508372306824	2.0169812956061848	2.0
182.10020899772644	2.0134550617705016	2.0
182.11577653884888	2.0134550617705016	2.0
182.13227224349976	2.0134550617705016	2.0
182.15213322639465	2.007810162440721	2.0
182.16437101364136	2.007810162440721	2.0
182.1787428855896	2.007810162440721	2.0
182.19613337516785	2.002916987977799	2.0
182.2108371257782	2.002916987977799	2.0
182.22672986984253	2.002916987977799	2.0
182.24036860466003	1.9979820927715566	2.0
182.25170731544495	1.9979820927715566	2.0
182.2701017856598	1.9979820927715566	2.0
182.28463339805603	1.9940321646294088	2.0
182.29612612724304	1.9940321646294088	2.0
182.31007838249207	1.9940321646294088	2.0
182.32627248764038	1.9910657816117827	2.0
182.33892035484314	1.9910657816117827	2.0
182.3556671142578	1.9910657816117827	2.0
182.3692591190338	1.9886430510545257	2.0
182.38048386573792	1.9886430510545257	2.0
182.39716172218323	1.9886430510545257	2.0
182.41246914863586	1.98669091052966	2.0
182.4267864227295	1.98669091052966	2.0
182.44575023651123	1.98669091052966	2.0
182.46365094184875	1.9846966714775784	2.0
182.49452018737793	1.9827529359483513	2.0
182.51020574569702	1.9827529359483513	2.0
182.52680492401123	1.9827529359483513	2.0
182.54178762435913	1.982926272725211	2.0
182.55631256103516	1.982926272725211	2.0
182.57691836357117	1.982926272725211	2.0
182.59261298179626	1.9844125498518057	2.0
182.60726380348206	1.9844125498518057	2.0
182.62128615379333	1.9844125498518057	2.0
182.63665962219238	1.9869484331031875	2.0
182.65196752548218	1.9869484331031875	2.0
182.66944360733032	1.9891399587442131	2.0
182.68391060829163	1.9891399587442131	2.0
182.69677209854126	1.9891399587442131	2.0
182.7113320827484	1.991938690152929	2.0
182.72612595558167	1.991938690152929	2.0
182.74135303497314	1.991938690152929	2.0
182.7603771686554	1.994194107631392	2.0
182.77200722694397	1.994194107631392	2.0
182.7850444316864	1.994194107631392	2.0
182.80304741859436	1.9966991040578361	2.0
182.81544184684753	1.9966991040578361	2.0
182.84313249588013	1.9966991040578361	2.0
182.85611748695374	1.9992281652674553	2.0
182.86816692352295	1.9992281652674553	2.0
182.88876509666443	1.9992281652674553	2.0
182.90398359298706	2.001858166437422	2.0
182.91837406158447	2.001858166437422	2.0
182.93414092063904	2.0047778785049073	2.0
182.9470067024231	2.0047778785049073	2.0
182.9635615348816	2.0047778785049073	2.0
182.98062753677368	2.007017743665257	2.0
182.99548840522766	2.007017743665257	2.0
183.00911402702332	2.007017743665257	2.0
183.02201294898987	2.0075170920706777	2.0
183.0365753173828	2.0075170920706777	2.0
183.0556080341339	2.0075170920706777	2.0
183.07041192054749	2.0066781883011156	2.0
183.08589911460876	2.0066781883011156	2.0
183.1055908203125	2.0057192736669696	2.0
183.12089276313782	2.0057192736669696	2.0
183.13548707962036	2.0057192736669696	2.0
183.1493890285492	2.004327040637974	2.0
183.1652226448059	2.004327040637974	2.0
183.17956399917603	2.004327040637974	2.0
183.19588994979858	2.003311462533981	2.0
183.21094346046448	2.003311462533981	2.0
183.22288370132446	2.003311462533981	2.0
183.23892974853516	2.002025078972337	2.0
183.25391745567322	2.002025078972337	2.0
183.26807951927185	2.002025078972337	2.0
183.28516364097595	2.000498345276685	2.0
183.29767298698425	2.000498345276685	2.0
183.31021976470947	2.000498345276685	2.0
183.3282790184021	1.9991216024020826	2.0
183.3424072265625	1.9991216024020826	2.0
183.35948824882507	1.9991216024020826	2.0
183.37894463539124	1.996977117576532	2.0
183.39101314544678	1.996977117576532	2.0
183.40869808197021	1.996977117576532	2.0
183.42319631576538	1.9935926641808883	2.0
183.4397213459015	1.9935926641808883	2.0
183.46141028404236	1.9912711881874343	2.0
183.47707271575928	1.9912711881874343	2.0
183.4956250190735	1.9912711881874343	2.0
183.51431727409363	1.9892693591819186	2.0
183.53069806098938	1.9892693591819186	2.0
183.54408836364746	1.9892693591819186	2.0
183.5602753162384	1.9882219450867828	2.0
183.57500791549683	1.9882219450867828	2.0
183.59564065933228	1.9882219450867828	2.0
183.6105673313141	1.9871740005872511	2.0
183.62536549568176	1.9871740005872511	2.0
183.6450641155243	1.986231301499221	2.0
183.66002202033997	1.986231301499221	2.0
183.67472219467163	1.986231301499221	2.0
183.69264721870422	1.9853099727320977	2.0
183.7043182849884	1.9853099727320977	2.0
183.72013640403748	1.9853099727320977	2.0
183.73706078529358	1.9842131200784663	2.0
183.75188159942627	1.9842131200784663	2.0
183.76949620246887	1.9842131200784663	2.0
183.78326058387756	1.9829688069587477	2.0
183.7974021434784	1.9829688069587477	2.0
183.81565713882446	1.9829688069587477	2.0
183.83076977729797	1.9820180601738457	2.0
183.84417033195496	1.9820180601738457	2.0
183.8657569885254	1.9820180601738457	2.0
183.88239407539368	1.9829079547471682	2.0
183.902104139328	1.9829079547471682	2.0
183.91644620895386	1.984449737472519	2.0
183.93129444122314	1.984449737472519	2.0
183.94910860061646	1.984449737472519	2.0
183.96669626235962	1.986693850844612	2.0
183.98059606552124	1.986693850844612	2.0
183.99444770812988	1.986693850844612	2.0
184.0114266872406	1.9889093489953809	2.0
184.02577090263367	1.9889093489953809	2.0
184.04362559318542	1.9909918187461124	2.0
184.05959963798523	1.9909918187461124	2.0
184.07149362564087	1.9909918187461124	2.0
184.0865273475647	1.9937224472506163	2.0
184.10208892822266	1.9937224472506163	2.0
184.1200954914093	1.9937224472506163	2.0
184.13830304145813	1.9970321985272637	2.0
184.15005683898926	1.9970321985272637	2.0
184.16396737098694	1.9970321985272637	2.0
184.18041253089905	1.9992132146424335	2.0
184.19396686553955	1.9992132146424335	2.0
184.21050763130188	1.9992132146424335	2.0
184.22620725631714	2.000664854246522	2.0
184.23882842063904	2.000664854246522	2.0
184.26005291938782	2.000664854246522	2.0
184.27446579933167	2.002068383011874	2.0
184.28940320014954	2.002068383011874	2.0
184.3056607246399	2.002068383011874	2.0
184.31914138793945	2.002880102074916	2.0
184.34324979782104	2.002880102074916	2.0
184.3590087890625	2.0033171767668416	2.0
184.3740804195404	2.0033171767668416	2.0
184.39099740982056	2.0033171767668416	2.0
184.40430235862732	2.0022771561056847	2.0
184.4199676513672	2.0022771561056847	2.0
184.43920588493347	2.000020047659807	2.0
184.45511770248413	2.000020047659807	2.0
184.4703493118286	2.000020047659807	2.0
184.48569631576538	1.9970869244506375	2.0
184.50070023536682	1.9970869244506375	2.0
184.52127194404602	1.9935795952298583	2.0
184.53628182411194	1.9935795952298583	2.0
184.54920268058777	1.9935795952298583	2.0
184.56244254112244	1.9935795952298583	2.0
184.57771730422974	1.9890072314802478	2.0
184.59344220161438	1.9890072314802478	2.0
184.60881757736206	1.9855036165314572	2.0
184.62400579452515	1.9855036165314572	2.0
184.6391453742981	1.9855036165314572	2.0
184.65644145011902	1.9826294934631274	2.0
184.6703395843506	1.9826294934631274	2.0
184.68320846557617	1.9826294934631274	2.0
184.6984453201294	1.980392048453591	2.0
184.7132363319397	1.980392048453591	2.0
184.73162126541138	1.980392048453591	2.0
184.7480230331421	1.9778099894704322	2.0
184.76065015792847	1.9778099894704322	2.0
184.7740170955658	1.9778099894704322	2.0
184.78944873809814	1.974795673315486	2.0
184.80473399162292	1.974795673315486	2.0
184.8234806060791	1.9729451939766434	2.0
184.83525228500366	1.9729451939766434	2.0
184.84882974624634	1.9729451939766434	2.0
184.86516761779785	1.9718449139678011	2.0
184.8783323764801	1.9718449139678011	2.0
184.89585828781128	1.9718449139678011	2.0
184.91533827781677	1.9715571568044772	2.0
184.9270260334015	1.9715571568044772	2.0
184.9439206123352	1.9715571568044772	2.0
184.9599633216858	1.9705310282330484	2.0
184.97483563423157	1.9705310282330484	2.0
184.99010181427002	1.9705310282330484	2.0
185.00451135635376	1.9704106981706044	2.0
185.01935410499573	1.9704106981706044	2.0
185.03638339042664	1.9704106981706044	2.0
185.052152633667	1.9705579129863868	2.0
185.0671238899231	1.9705579129863868	2.0
185.0834038257599	1.9705579129863868	2.0
185.09830451011658	1.9711131662439878	2.0
185.1128795146942	1.9711131662439878	2.0
185.13354682922363	1.9713083183197135	2.0
185.14831018447876	1.9713083183197135	2.0
185.16079092025757	1.9713083183197135	2.0
185.1770498752594	1.972744000182605	2.0
185.1920301914215	1.972744000182605	2.0
185.20880842208862	1.972744000182605	2.0
185.22641134262085	1.9746418077097583	2.0
185.2378327846527	1.9746418077097583	2.0
185.25259852409363	1.9746418077097583	2.0
185.2714123725891	1.9765615427255312	2.0
185.28852534294128	1.9765615427255312	2.0
185.3068699836731	1.9779476299049783	2.0
185.31913900375366	1.9779476299049783	2.0
185.33123970031738	1.9779476299049783	2.0
185.3616988658905	1.9803239731994389	2.0
185.3733959197998	1.9803239731994389	2.0
185.39098048210144	1.9803239731994389	2.0
185.40690064430237	1.9821076111642135	2.0
185.4212167263031	1.9821076111642135	2.0
185.4413514137268	1.9821076111642135	2.0
185.45395159721375	1.9837300810423777	2.0
185.46895575523376	1.9837300810423777	2.0
185.48855805397034	1.9857596067763474	2.0
185.5049364566803	1.9857596067763474	2.0
185.5204770565033	1.9857596067763474	2.0
185.53664922714233	1.987062394988807	2.0
185.5522243976593	1.987062394988807	2.0
185.56700921058655	1.987062394988807	2.0
185.5832176208496	1.9881905120984413	2.0
185.59863948822021	1.9881905120984413	2.0
185.61078572273254	1.9881905120984413	2.0
185.6281223297119	1.9882268034728117	2.0
185.64346504211426	1.9882268034728117	2.0
185.66005539894104	1.9882268034728117	2.0
185.6763801574707	1.9883073084598533	2.0
185.68806147575378	1.9883073084598533	2.0
185.70285367965698	1.9874433746488998	2.0
185.71809005737305	1.9874433746488998	2.0
185.73270869255066	1.9874433746488998	2.0
185.74985718727112	1.9871004012395275	2.0
185.76287722587585	1.9871004012395275	2.0
185.77498626708984	1.9871004012395275	2.0
185.7933943271637	1.9871004012395275	2.0
185.80869483947754	1.9862819410811614	2.0
185.82363510131836	1.9862819410811614	2.0
185.84108686447144	1.987038890320593	2.0
185.8534595966339	1.987038890320593	2.0
185.88136315345764	1.987038890320593	2.0
185.89645838737488	1.9866742166330653	2.0
185.9115674495697	1.9866742166330653	2.0
185.92894005775452	1.9863870660840788	2.0
185.94257736206055	1.9863870660840788	2.0
185.959303855896	1.9863870660840788	2.0
185.9787015914917	1.9851365855896284	2.0
185.9937424659729	1.9851365855896284	2.0
186.00581240653992	1.9851365855896284	2.0
186.01978969573975	1.9834725009622989	2.0
186.03538584709167	1.9834725009622989	2.0
186.048921585083	1.9834725009622989	2.0
186.06254482269287	1.9819836405754194	2.0
186.07784867286682	1.9819836405754194	2.0
186.10046887397766	1.9803760240636337	2.0
186.1161012649536	1.9803760240636337	2.0
186.13083934783936	1.9803760240636337	2.0
186.14517211914062	1.9795756408916012	2.0
186.16011810302734	1.9795756408916012	2.0
186.17698669433594	1.9795756408916012	2.0
186.1941921710968	1.9780852461547593	2.0
186.2087471485138	1.9780852461547593	2.0
186.22162437438965	1.9780852461547593	2.0
186.24001717567444	1.9758002959454934	2.0
186.25408959388733	1.9758002959454934	2.0
186.27146553993225	1.9758002959454934	2.0
186.28648447990417	1.9737348386114166	2.0
186.2990415096283	1.9737348386114166	2.0
186.31972122192383	1.9721486426833732	2.0
186.33438205718994	1.9721486426833732	2.0
186.34955954551697	1.9721486426833732	2.0
186.3679060935974	1.9704446733687544	2.0
186.37939977645874	1.9704446733687544	2.0
186.39679741859436	1.9704446733687544	2.0
186.41363048553467	1.9693832173344537	2.0
186.42813110351562	1.9693832173344537	2.0
186.44668626785278	1.9693832173344537	2.0
186.46271800994873	1.9688163673710926	2.0
186.4789583683014	1.9688163673710926	2.0
186.50229668617249	1.9686677523885145	2.0
186.51832008361816	1.9686677523885145	2.0
186.53376150131226	1.9686677523885145	2.0
186.54868388175964	1.9687183920153632	2.0
186.56402254104614	1.9687183920153632	2.0
186.5820014476776	1.9687183920153632	2.0
186.59942173957825	1.9686064050170593	2.0
186.61512541770935	1.9686064050170593	2.0
186.63614320755005	1.9693822881692327	2.0
186.65137910842896	1.9693822881692327	2.0
186.6665461063385	1.9693822881692327	2.0
186.68300032615662	1.9714694814033948	2.0
186.69506168365479	1.9714694814033948	2.0
186.7085738182068	1.9714694814033948	2.0
186.7248044013977	1.9732547934218847	2.0
186.73866844177246	1.9732547934218847	2.0
186.76407527923584	1.9732547934218847	2.0
186.7769799232483	1.9742002533217797	2.0
186.79068207740784	1.9742002533217797	2.0
186.81096529960632	1.9742002533217797	2.0
186.82305574417114	1.9750030586930851	2.0
186.83541798591614	1.9750030586930851	2.0
186.856543302536	1.9750030586930851	2.0
186.87268233299255	1.9768719689956789	2.0
186.8877775669098	1.9768719689956789	2.0
186.9021213054657	1.9768719689956789	2.0
186.9148395061493	1.9788385681338632	2.0
186.9311511516571	1.9788385681338632	2.0
186.94829893112183	1.9788385681338632	2.0
186.96413373947144	1.9810307012801733	2.0
186.97750878334045	1.9810307012801733	2.0
186.99193406105042	1.9838859993741906	2.0
187.00713324546814	1.9838859993741906	2.0
187.02426290512085	1.9838859993741906	2.0
187.04146218299866	1.985852945388888	2.0
187.05421209335327	1.985852945388888	2.0
187.0676474571228	1.985852945388888	2.0
187.08486700057983	1.9872639602537112	2.0
187.09901022911072	1.9872639602537112	2.0
187.11607384681702	1.9872639602537112	2.0
187.1311490535736	1.9876860895872261	2.0
187.14278507232666	1.9876860895872261	2.0
187.16028356552124	1.9876860895872261	2.0
187.17633748054504	1.9888366784941582	2.0
187.20652770996094	1.9916533562511496	2.0
187.21868920326233	1.9916533562511496	2.0
187.22992968559265	1.9916533562511496	2.0
187.24673080444336	1.9916533562511496	2.0
187.26096200942993	1.9931972242975295	2.0
187.27916431427002	1.9931972242975295	2.0
187.2963228225708	1.99351209001371	2.0
187.30811548233032	1.99351209001371	2.0
187.3230700492859	1.99351209001371	2.0
187.3397991657257	1.9930710143874983	2.0
187.3522253036499	1.9930710143874983	2.0
187.37449264526367	1.9930710143874983	2.0
187.3883843421936	1.9913098062997368	2.0
187.40339922904968	1.9913098062997368	2.0
187.43394684791565	1.9884388342121226	2.0
187.44918060302734	1.9884388342121226	2.0
187.4623806476593	1.9884388342121226	2.0
187.4784529209137	1.9847577253845166	2.0
187.49361753463745	1.9847577253845166	2.0
187.51388502120972	1.9847577253845166	2.0
187.52974104881287	1.9815572678107327	2.0
187.54214310646057	1.9815572678107327	2.0
187.5560495853424	1.9774108589071364	2.0
187.5712218284607	1.9774108589071364	2.0
187.5840039253235	1.9774108589071364	2.0
187.59821963310242	1.9728611278773927	2.0
187.61218357086182	1.9728611278773927	2.0
187.6300630569458	1.9728611278773927	2.0
187.64853644371033	1.9677924378524732	2.0
187.66277885437012	1.9677924378524732	2.0
187.6753227710724	1.9677924378524732	2.0
187.6917245388031	1.963863551696567	2.0
187.70642709732056	1.963863551696567	2.0
187.72215604782104	1.963863551696567	2.0
187.7391881942749	1.960237559547722	2.0
187.75041270256042	1.960237559547722	2.0
187.76580929756165	1.960237559547722	2.0
187.78261995315552	1.9573115173143882	2.0
187.79582476615906	1.9573115173143882	2.0
187.81401562690735	1.9573115173143882	2.0
187.82852363586426	1.9548532831425398	2.0
187.8401300907135	1.9548532831425398	2.0
187.85751152038574	1.9548532831425398	2.0
187.8715100288391	1.952978445948034	2.0
187.89899611473083	1.952978445948034	2.0
187.914076089859	1.9535842780399388	2.0
187.92629170417786	1.9535842780399388	2.0
187.95034432411194	1.9539812388506441	2.0
187.96484470367432	1.9539812388506441	2.0
187.98072576522827	1.9539812388506441	2.0
187.99611115455627	1.9553734994025924	2.0
188.0096161365509	1.9553734994025924	2.0
188.0264356136322	1.9553734994025924	2.0
188.04495787620544	1.9568125361184845	2.0
188.0589258670807	1.9568125361184845	2.0
188.07086062431335	1.9568125361184845	2.0
188.0866265296936	1.9582835484772303	2.0
188.1014757156372	1.9582835484772303	2.0
188.11802506446838	1.9582835484772303	2.0
188.13507723808289	1.9604789491120471	2.0
188.14686012268066	1.9604789491120471	2.0
188.16231727600098	1.9604789491120471	2.0
188.17765402793884	1.962703358900507	2.0
188.19379687309265	1.962703358900507	2.0
188.21462106704712	1.9654296425697013	2.0
188.22698044776917	1.9654296425697013	2.0
188.2390217781067	1.9654296425697013	2.0
188.25575876235962	1.9654296425697013	2.0
188.2691867351532	1.9684160338142251	2.0
188.29765701293945	1.9684160338142251	2.0
188.3111698627472	1.9712797904976025	2.0
188.3246386051178	1.9712797904976025	2.0
188.3416817188263	1.9712797904976025	2.0
188.35591506958008	1.9717049062506047	2.0
188.36763072013855	1.9717049062506047	2.0
188.38329195976257	1.9717049062506047	2.0
188.3984673023224	1.9720219299258646	2.0
188.41386580467224	1.9720219299258646	2.0
188.4312994480133	1.9720219299258646	2.0
188.44455361366272	1.9718961109061748	2.0
188.4583899974823	1.9718961109061748	2.0
188.47754955291748	1.9718961109061748	2.0
188.49474215507507	1.9715481628173315	2.0
188.50933504104614	1.9715481628173315	2.0
188.52369570732117	1.9715481628173315	2.0
188.53760170936584	1.971724622535957	2.0
188.55367231369019	1.971724622535957	2.0
188.5733561515808	1.971846728715399	2.0
188.58855080604553	1.971846728715399	2.0
188.60478568077087	1.971846728715399	2.0
188.62165307998657	1.9705556972826805	2.0
188.63578724861145	1.9705556972826805	2.0
188.6583070755005	1.9684101075270415	2.0
188.67251682281494	1.9684101075270415	2.0
188.68472576141357	1.9684101075270415	2.0
188.70483493804932	1.9671582184134742	2.0
188.71935105323792	1.9671582184134742	2.0
188.73911547660828	1.9671582184134742	2.0
188.75299954414368	1.9648107581598122	2.0
188.76443219184875	1.9648107581598122	2.0
188.7846565246582	1.9648107581598122	2.0
188.79982256889343	1.964085422827275	2.0
188.81655097007751	1.964085422827275	2.0
188.83357453346252	1.9628675879257975	2.0
188.84494876861572	1.9628675879257975	2.0
188.85784769058228	1.9628675879257975	2.0
188.88163018226624	1.961780506822688	2.0
188.89756321907043	1.961780506822688	2.0
188.91305422782898	1.961780506822688	2.0
188.9290153980255	1.9583713247346988	2.0
188.94344782829285	1.9583713247346988	2.0
188.97029519081116	1.9583713247346988	2.0
188.9923017024994	1.9542049228449847	2.0
189.0088014602661	1.9542049228449847	2.0
189.0307912826538	1.948982508392767	2.0
189.04786491394043	1.948982508392767	2.0
189.06715154647827	1.948982508392767	2.0
189.08345699310303	1.945203678431016	2.0
189.11837553977966	1.9418434109708123	2.0
189.13066935539246	1.9418434109708123	2.0
189.1489062309265	1.9418434109708123	2.0
189.1657955646515	1.9368948786674416	2.0
189.1816873550415	1.9368948786674416	2.0
189.2006118297577	1.9368948786674416	2.0
189.21757411956787	1.9329003808041936	2.0
189.24895334243774	1.9289585714988202	2.0
189.26627230644226	1.9289585714988202	2.0
189.2819504737854	1.9289585714988202	2.0
189.29659247398376	1.925446847948392	2.0
189.31103920936584	1.925446847948392	2.0
189.33392810821533	1.925446847948392	2.0
189.35848760604858	1.9226179088924067	2.0
189.37220120429993	1.9226179088924067	2.0
189.3887779712677	1.9214447168732527	2.0
189.40345549583435	1.9214447168732527	2.0
189.42193031311035	1.9214447168732527	2.0
189.43715596199036	1.9215181784978608	2.0
189.44864010810852	1.9215181784978608	2.0
189.46278071403503	1.9215181784978608	2.0
189.48078966140747	1.9222802346751462	2.0
189.49559712409973	1.9222802346751462	2.0
189.5122435092926	1.9222802346751462	2.0
189.52633237838745	1.9230281408388201	2.0
189.54169368743896	1.9230281408388201	2.0
189.55965614318848	1.9230281408388201	2.0
189.5763349533081	1.9237631873267453	2.0
189.59401154518127	1.9237631873267453	2.0
189.61332774162292	1.9262060257937943	2.0
189.6288776397705	1.9262060257937943	2.0
189.6482424736023	1.9262060257937943	2.0
189.66438508033752	1.9287308440044797	2.0
189.68268990516663	1.9287308440044797	2.0
189.6966450214386	1.9305284097710302	2.0
189.71210956573486	1.9305284097710302	2.0
189.72800731658936	1.9305284097710302	2.0
189.7475266456604	1.9323132377382017	2.0
189.76066422462463	1.9323132377382017	2.0
189.7752594947815	1.9323132377382017	2.0
189.79142498970032	1.9346216031521457	2.0
189.80564713478088	1.9346216031521457	2.0
189.82560658454895	1.9375357156427964	2.0
189.8390336036682	1.9375357156427964	2.0
189.85207223892212	1.9375357156427964	2.0
189.86974692344666	1.9403198577277387	2.0
189.883802652359	1.9403198577277387	2.0
189.89628672599792	1.9403198577277387	2.0
189.91216444969177	1.9413106125343684	2.0
189.92733526229858	1.9413106125343684	2.0
189.9442675113678	1.9413106125343684	2.0
189.96231985092163	1.9421727394093686	2.0
189.97377157211304	1.9421727394093686	2.0
189.9896330833435	1.9421727394093686	2.0
190.00663781166077	1.9431457099279263	2.0
190.01958775520325	1.9431457099279263	2.0
190.03620266914368	1.9431457099279263	2.0
190.05027413368225	1.942938968399653	2.0
190.06203031539917	1.942938968399653	2.0
190.0789966583252	1.942938968399653	2.0
190.0935606956482	1.9429017758299936	2.0
190.11205983161926	1.9429017758299936	2.0
190.13053822517395	1.9435968886348718	2.0
190.1417977809906	1.9435968886348718	2.0
190.1583924293518	1.9435968886348718	2.0
190.1763949394226	1.9416867130583515	2.0
190.19142031669617	1.9416867130583515	2.0
190.2154688835144	1.9394450671105035	2.0
190.22746658325195	1.9394450671105035	2.0
190.25151228904724	1.9394450671105035	2.0
190.26794981956482	1.9370743469275447	2.0
190.28274202346802	1.9370743469275447	2.0
190.29557943344116	1.9370743469275447	2.0
190.31077075004578	1.9340091361458736	2.0
190.3260247707367	1.9340091361458736	2.0
190.34158158302307	1.9340091361458736	2.0
190.35708737373352	1.9314228202581625	2.0
190.36946153640747	1.9314228202581625	2.0
190.38218903541565	1.9314228202581625	2.0
190.39881801605225	1.9294949564743784	2.0
190.43388748168945	1.9278802017390704	2.0
190.45155930519104	1.9278802017390704	2.0
190.48405694961548	1.9267588087476633	2.0
190.50139355659485	1.9267588087476633	2.0
190.5178873538971	1.9267588087476633	2.0
190.53427267074585	1.9255201278228078	2.0
190.54648756980896	1.9255201278228078	2.0
190.5663070678711	1.9255201278228078	2.0
190.57997012138367	1.924811574008094	2.0
190.5912208557129	1.924811574008094	2.0
190.60822129249573	1.924811574008094	2.0
190.62394499778748	1.9274418862028397	2.0
190.64736485481262	1.9274418862028397	2.0
190.66234159469604	1.930084022722252	2.0
190.6736273765564	1.930084022722252	2.0
190.6928379535675	1.930084022722252	2.0
190.70962953567505	1.9330095214303427	2.0
190.72491478919983	1.9330095214303427	2.0
190.73921585083008	1.9330095214303427	2.0
190.75244164466858	1.9370502063596184	2.0
190.76740050315857	1.9370502063596184	2.0
190.78449153900146	1.9370502063596184	2.0
190.80250215530396	1.9431449532438083	2.0
190.81663918495178	1.9431449532438083	2.0
190.83167934417725	1.9431449532438083	2.0
190.84697580337524	1.949811709163815	2.0
190.86118578910828	1.949811709163815	2.0
190.88033866882324	1.955659253610825	2.0
190.89478635787964	1.955659253610825	2.0
190.90871143341064	1.955659253610825	2.0
190.92760705947876	1.9609776746634566	2.0
190.9409899711609	1.9609776746634566	2.0
190.95695233345032	1.9609776746634566	2.0
190.97263836860657	1.9673135055883122	2.0
190.98375797271729	1.9673135055883122	2.0
190.99770140647888	1.9673135055883122	2.0
191.0142743587494	1.9734063806431315	2.0
191.0270631313324	1.9734063806431315	2.0
191.0458436012268	1.9734063806431315	2.0
191.06305193901062	1.979336812738356	2.0
191.07703351974487	1.979336812738356	2.0
191.0977897644043	1.979336812738356	2.0
191.1126582622528	1.9845217090590463	2.0
191.12838125228882	1.9845217090590463	2.0
191.14168238639832	1.9845217090590463	2.0
191.15451860427856	1.9896557793214587	2.0
191.16917848587036	1.9896557793214587	2.0
191.1900463104248	1.9927681123566152	2.0
191.20604157447815	1.9927681123566152	2.0
191.21910572052002	1.9927681123566152	2.0
191.232656955719	1.9927681123566152	2.0
191.2466275691986	1.9957856475978928	2.0
191.2616879940033	1.9957856475978928	2.0
191.28015518188477	1.9975141388763042	2.0
191.29387307167053	1.9975141388763042	2.0
191.30594491958618	1.9975141388763042	2.0
191.3227024078369	1.998898117681232	2.0
191.33725714683533	1.998898117681232	2.0
191.35011315345764	1.998898117681232	2.0
191.36565899848938	1.9999792508257077	2.0
191.3805501461029	1.9999792508257077	2.0
191.3990457057953	1.9999792508257077	2.0
191.41513991355896	1.9990096275862712	2.0
191.42753505706787	1.9990096275862712	2.0
191.4443964958191	1.9990096275862712	2.0
191.45919370651245	1.9978533110631473	2.0
191.47585701942444	1.9978533110631473	2.0
191.49469709396362	1.9956227043298334	2.0
191.51083970069885	1.9956227043298334	2.0
191.52498078346252	1.9956227043298334	2.0
191.5437159538269	1.9932435356638412	2.0
191.55936908721924	1.9932435356638412	2.0
191.58246898651123	1.9932435356638412	2.0
191.59473538398743	1.990290371917009	2.0
191.60829401016235	1.990290371917009	2.0
191.62705993652344	1.990290371917009	2.0
191.64236450195312	1.9882965703091606	2.0
191.65677666664124	1.9882965703091606	2.0
191.6718909740448	1.9882965703091606	2.0
191.68591785430908	1.9854320676343398	2.0
191.7026493549347	1.9854320676343398	2.0
191.72186589241028	1.983148937553039	2.0
191.73658752441406	1.983148937553039	2.0
191.74826979637146	1.983148937553039	2.0
191.7638430595398	1.983148937553039	2.0
191.77831411361694	1.981522403537035	2.0
191.79246163368225	1.981522403537035	2.0
191.81086540222168	1.979237932157265	2.0
191.82371139526367	1.979237932157265	2.0
191.83476972579956	1.979237932157265	2.0
191.85465574264526	1.9784944053967017	2.0
191.8694155216217	1.9784944053967017	2.0
191.89958381652832	1.977457562444426	2.0
191.91131401062012	1.977457562444426	2.0
191.9252951145172	1.977457562444426	2.0
191.94186282157898	1.977457562444426	2.0
191.9569206237793	1.9773328782420674	2.0
191.9766550064087	1.9773328782420674	2.0
191.9915750026703	1.9778814526154431	2.0
192.00323295593262	1.9778814526154431	2.0
192.0277373790741	1.9778814526154431	2.0
192.04438853263855	1.9797630693697936	2.0
192.06022667884827	1.9797630693697936	2.0
192.0753140449524	1.981484010565918	2.0
192.0896029472351	1.981484010565918	2.0
192.10655617713928	1.981484010565918	2.0
192.12070560455322	1.9833643460946575	2.0
192.13521647453308	1.9833643460946575	2.0
192.15245938301086	1.9833643460946575	2.0
192.1689693927765	1.9856618627613245	2.0
192.18413925170898	1.9856618627613245	2.0
192.1972005367279	1.9856618627613245	2.0
192.21103286743164	1.9881892773316057	2.0
192.2258758544922	1.9881892773316057	2.0
192.2476065158844	1.992188495332296	2.0
192.2634313106537	1.992188495332296	2.0
192.27633237838745	1.992188495332296	2.0
192.28972840309143	1.992188495332296	2.0
192.3050820827484	1.9958692887749188	2.0
192.32050371170044	1.9958692887749188	2.0
192.34091925621033	2.0006856981111305	2.0
192.3527729511261	2.0006856981111305	2.0
192.36488962173462	2.0006856981111305	2.0
192.38090133666992	2.005388665282848	2.0
192.3955783843994	2.005388665282848	2.0
192.40997672080994	2.005388665282848	2.0
192.42641949653625	2.007745270555194	2.0
192.4402732849121	2.007745270555194	2.0
192.4617908000946	2.007745270555194	2.0
192.48219108581543	2.0094912411113555	2.0
192.4974081516266	2.0094912411113555	2.0
192.5168445110321	2.0094912411113555	2.0
192.5334324836731	2.01131955758947	2.0
192.5637083053589	2.01131955758947	2.0
192.57910799980164	2.012931089480639	2.0
192.5938150882721	2.012931089480639	2.0
192.60892033576965	2.0145439052488325	2.0
192.6246576309204	2.0145439052488325	2.0
192.64205312728882	2.0145439052488325	2.0
192.6597716808319	2.015700310016129	2.0
192.67470574378967	2.015700310016129	2.0
192.69082140922546	2.015700310016129	2.0
192.70627784729004	2.0153067208266497	2.0
192.72151160240173	2.0153067208266497	2.0
192.74099922180176	2.012713309035403	2.0
192.75380992889404	2.012713309035403	2.0
192.7655942440033	2.012713309035403	2.0
192.7837483882904	2.009127468646652	2.0
192.7982907295227	2.009127468646652	2.0
192.81666350364685	2.009127468646652	2.0
192.83699417114258	2.0061475944085196	2.0
192.8482162952423	2.0061475944085196	2.0
192.8667471408844	2.0061475944085196	2.0
192.88212180137634	2.0046857943917638	2.0
192.8937327861786	2.0046857943917638	2.0
192.9090895652771	2.0046857943917638	2.0
192.92502546310425	2.0033084761267075	2.0
192.94086480140686	2.0033084761267075	2.0
192.95719408988953	2.0033084761267075	2.0
192.97297644615173	2.0011750464910008	2.0
192.98613166809082	2.0011750464910008	2.0
193.0039668083191	2.0011750464910008	2.0
193.02017879486084	1.9986678417330457	2.0
193.03506660461426	1.9986678417330457	2.0
193.05332589149475	1.9943871045362802	2.0
193.06857061386108	1.9943871045362802	2.0
193.09350442886353	1.9943871045362802	2.0
193.10892009735107	1.9912851319788651	2.0
193.12254571914673	1.9912851319788651	2.0
193.13658905029297	1.9912851319788651	2.0
193.1505970954895	1.988712693034996	2.0
193.16397285461426	1.988712693034996	2.0
193.1827290058136	1.9888350407249373	2.0
193.19675993919373	1.9888350407249373	2.0
193.2093152999878	1.9888350407249373	2.0
193.22476816177368	1.9894101558211545	2.0
193.24066257476807	1.9894101558211545	2.0
193.2589201927185	1.9894101558211545	2.0
193.2750153541565	1.9892658853867549	2.0
193.2866668701172	1.9892658853867549	2.0
193.29917573928833	1.9892658853867549	2.0
193.31769943237305	1.9894176733842799	2.0
193.3327226638794	1.9894176733842799	2.0
193.35058641433716	1.9894176733842799	2.0
193.36493611335754	1.9895847169059828	2.0
193.37683129310608	1.9895847169059828	2.0
193.39458012580872	1.9895847169059828	2.0
193.41959714889526	1.990386873064304	2.0
193.4349045753479	1.990386873064304	2.0
193.45131826400757	1.9904830941223377	2.0
193.4658408164978	1.9904830941223377	2.0
193.48563814163208	1.9904830941223377	2.0
193.50458216667175	1.998404132031356	2.0
193.51853466033936	1.998404132031356	2.0
193.53435158729553	1.998404132031356	2.0
193.55010271072388	2.0040944891742134	2.0
193.56519269943237	2.0040944891742134	2.0
193.58420395851135	nan	2.0
193.59818577766418	nan	2.0
193.61115646362305	nan	2.0
193.62792325019836	nan	2.0
193.641921043396	nan	2.0
193.6542365550995	nan	2.0
193.66853499412537	nan	2.0
193.6846206188202	nan	2.0
193.70509791374207	nan	2.0
193.7210292816162	nan	2.0
193.73518085479736	nan	2.0
193.75211358070374	nan	2.0
193.76672291755676	nan	2.0
193.7829988002777	nan	2.0
193.79858541488647	nan	2.0
193.81146907806396	nan	2.0
193.8253173828125	nan	2.0
193.841867685318	nan	2.0
193.85513186454773	nan	2.0
193.87292170524597	nan	2.0
193.88690567016602	nan	2.0
193.89941263198853	nan	2.0
193.91546511650085	nan	2.0
193.93025517463684	nan	2.0
193.96183490753174	nan	2.0
193.97501158714294	nan	2.0
193.99047112464905	nan	2.0
194.0093958377838	nan	2.0
194.02465176582336	nan	2.0
194.0466616153717	nan	2.0
194.05914497375488	nan	2.0
194.07462310791016	nan	2.0
194.09399127960205	nan	2.0
194.10952949523926	nan	2.0
194.1267158985138	nan	2.0
194.1407516002655	nan	2.0
194.15504717826843	nan	2.0
194.17605996131897	nan	2.0
194.19072246551514	nan	2.0
194.2045578956604	nan	2.0
194.22046756744385	nan	2.0
194.23482871055603	nan	2.0
194.25242447853088	nan	2.0
194.27127242088318	nan	2.0
194.28491830825806	nan	2.0
194.29613995552063	nan	2.0
194.31409311294556	nan	2.0
194.3279366493225	nan	2.0
194.34143114089966	nan	2.0
194.35829544067383	nan	2.0
194.3708300590515	nan	2.0
194.38260746002197	nan	2.0
194.39875268936157	nan	2.0
194.41291856765747	nan	2.0
194.42858958244324	nan	2.0
194.4444649219513	nan	2.0
194.46893191337585	nan	2.0
194.4850754737854	nan	2.0
194.50015306472778	nan	2.0
194.51672267913818	nan	2.0
194.53290700912476	nan	2.0
194.55040907859802	nan	2.0
194.56726050376892	nan	2.0
194.57994604110718	nan	2.0
194.59225463867188	nan	2.0
194.6100468635559	nan	2.0
194.62420964241028	nan	2.0
194.64217233657837	nan	2.0
194.65604758262634	nan	2.0
194.66984963417053	nan	2.0
194.6849889755249	nan	2.0
194.70034217834473	nan	2.0
194.71523189544678	nan	2.0
194.73167824745178	nan	2.0
194.74350905418396	nan	2.0
194.75824904441833	nan	2.0
194.7747745513916	nan	2.0
194.78866600990295	nan	2.0
194.8101315498352	nan	2.0
194.82265448570251	nan	2.0
194.83595180511475	nan	2.0
194.85236811637878	nan	2.0
194.86639952659607	nan	2.0
194.89768266677856	nan	2.0
194.90965485572815	nan	2.0
194.92686700820923	nan	2.0
194.94302582740784	nan	2.0
194.95900559425354	nan	2.0
194.97907710075378	nan	2.0
194.99152088165283	nan	2.0
195.00791478157043	nan	2.0
195.02546882629395	nan	2.0
195.0414321422577	nan	2.0
195.05567169189453	nan	2.0
195.06882405281067	nan	2.0
195.0825879573822	nan	2.0
195.10911512374878	nan	2.0
195.1214394569397	nan	2.0
195.13811230659485	nan	2.0
195.15614891052246	nan	2.0
195.1720006465912	nan	2.0
195.1853232383728	nan	2.0
195.19844579696655	nan	2.0
195.21313643455505	nan	2.0
195.24004936218262	nan	2.0
195.25521397590637	nan	2.0
195.27218079566956	nan	2.0
195.28560495376587	nan	2.0
195.30166101455688	nan	2.0
195.31903100013733	nan	2.0
195.33447813987732	nan	2.0
195.34687900543213	nan	2.0
195.36186027526855	nan	2.0
195.37804627418518	nan	2.0
195.39476037025452	nan	2.0
195.4114215373993	nan	2.0
195.42434215545654	nan	2.0
195.4361538887024	nan	2.0
195.45187830924988	nan	2.0
195.46765422821045	nan	2.0
195.48895931243896	nan	2.0
195.5047254562378	nan	2.0
195.51844382286072	nan	2.0
195.5382056236267	nan	2.0
195.55369973182678	nan	2.0
195.57024955749512	nan	2.0
195.58837270736694	nan	2.0
195.60432124137878	nan	2.0
195.62188744544983	nan	2.0
195.63868713378906	nan	2.0
195.65570330619812	nan	2.0
195.67445397377014	nan	2.0
195.69109582901	nan	2.0
195.7074875831604	nan	2.0
195.72593450546265	nan	2.0
195.74053144454956	nan	2.0
195.755188703537	nan	2.0
195.7705593109131	nan	2.0
195.78496527671814	nan	2.0
195.80192756652832	nan	2.0
195.81655192375183	nan	2.0
195.8282504081726	nan	2.0
195.8426399230957	nan	2.0
195.85767650604248	nan	2.0
195.87292194366455	nan	2.0
195.88763332366943	nan	2.0
195.9028675556183	nan	2.0
195.92140460014343	nan	2.0
195.93949031829834	nan	2.0
195.95294833183289	nan	2.0
195.96499109268188	nan	2.0
195.98112106323242	nan	2.0
195.99583292007446	nan	2.0
196.02222156524658	nan	2.0
196.0347545146942	nan	2.0
196.048930644989	nan	2.0
196.06611800193787	nan	2.0
196.08055877685547	nan	2.0
196.09790992736816	nan	2.0
196.11246395111084	nan	2.0
196.12483716011047	nan	2.0
196.14125442504883	nan	2.0
196.15820217132568	nan	2.0
196.17331767082214	nan	2.0
196.1897280216217	nan	2.0
196.20183491706848	nan	2.0
196.2145757675171	nan	2.0
196.2390377521515	nan	2.0
196.25427341461182	nan	2.0
196.27552151679993	nan	2.0
196.28818273544312	1.9623185411124724	2.0
196.30294966697693	1.9623185411124724	2.0
196.32215070724487	1.9690492494758467	2.0
196.33750534057617	1.9690492494758467	2.0
196.3513810634613	1.9690492494758467	2.0
196.36614060401917	1.9755921381305708	2.0
196.38100290298462	1.9755921381305708	2.0
196.39678502082825	1.9755921381305708	2.0
196.41410899162292	1.981477711459052	2.0
196.429039478302	1.981477711459052	2.0
196.4419138431549	1.981477711459052	2.0
196.4593448638916	1.9871409946986471	2.0
196.4738893508911	1.9871409946986471	2.0
196.4956419467926	1.993519360304661	2.0
196.51089906692505	1.993519360304661	2.0
196.5251109600067	1.993519360304661	2.0
196.54454684257507	1.9980506591873428	2.0
196.55908918380737	1.9980506591873428	2.0
196.5818259716034	1.9980506591873428	2.0
196.5948348045349	2.0022925552126267	2.0
196.60627555847168	2.0022925552126267	2.0
196.62225604057312	2.0022925552126267	2.0
196.6369731426239	2.006257361022486	2.0
196.64812850952148	2.006257361022486	2.0
196.66087818145752	2.006257361022486	2.0
196.6836075782776	2.009929200940319	2.0
196.6977367401123	2.009929200940319	2.0
196.71377086639404	2.009929200940319	2.0
196.72783708572388	2.0136223607763846	2.0
196.73946738243103	2.0136223607763846	2.0
196.75651144981384	2.0136223607763846	2.0
196.7729470729828	2.0182434599780406	2.0
196.78787899017334	2.0182434599780406	2.0
196.80321502685547	2.0182434599780406	2.0
196.82920956611633	2.021901024080605	2.0
196.8499186038971	2.021901024080605	2.0
196.8662075996399	2.0255220672844345	2.0
196.87944078445435	2.0255220672844345	2.0
196.8933916091919	2.0255220672844345	2.0
196.90798926353455	2.028175138579678	2.0
196.92305707931519	2.028175138579678	2.0
196.94032979011536	2.0297514014168896	2.0
196.95438146591187	2.0297514014168896	2.0
196.96610021591187	2.0297514014168896	2.0
196.9813666343689	2.0323668115823557	2.0
196.99709272384644	2.0323668115823557	2.0
197.01281142234802	2.0323668115823557	2.0
197.0316641330719	2.0347574002598696	2.0
197.04408407211304	2.0347574002598696	2.0
197.05739569664001	2.0347574002598696	2.0
197.0736494064331	2.0362902802159057	2.0
197.08829164505005	2.0362902802159057	2.0
197.103777885437	2.0362902802159057	2.0
197.11924648284912	2.038130597414439	2.0
197.13081216812134	2.038130597414439	2.0
197.15251803398132	2.038130597414439	2.0
197.1679129600525	2.0382494732926597	2.0
197.18432092666626	2.0382494732926597	2.0
197.20104956626892	2.0383023797353372	2.0
197.21240329742432	2.0383023797353372	2.0
197.22804927825928	2.0383023797353372	2.0
197.2451479434967	2.039571296623047	2.0
197.2608904838562	2.039571296623047	2.0
197.2781901359558	2.039571296623047	2.0
197.29187417030334	2.0405535828592383	2.0
197.30643463134766	2.0405535828592383	2.0
197.3254644870758	2.0405535828592383	2.0
197.34094500541687	2.041470714038686	2.0
197.35550117492676	2.041470714038686	2.0
197.37147092819214	2.041470714038686	2.0
197.3853325843811	2.0424666370562425	2.0
197.40684962272644	2.0424666370562425	2.0
197.41946840286255	2.042404698558773	2.0
197.43315649032593	2.042404698558773	2.0
197.4495255947113	2.042404698558773	2.0
197.46773219108582	2.0440358272298673	2.0
197.48357796669006	2.0440358272298673	2.0
197.5017466545105	2.0460952086151343	2.0
197.51744270324707	2.0460952086151343	2.0
197.53436827659607	2.0460952086151343	2.0
197.55150485038757	2.0480697740841878	2.0
197.5648934841156	2.0480697740841878	2.0
197.58072304725647	2.0480697740841878	2.0
197.5946033000946	2.0501507443425986	2.0
197.60833406448364	2.0501507443425986	2.0
197.62359428405762	2.0501507443425986	2.0
197.63889813423157	2.0523607788190583	2.0
197.65162706375122	2.0523607788190583	2.0
197.66859364509583	2.0523607788190583	2.0
197.68470692634583	2.0550065022762545	2.0
197.6978895664215	2.0550065022762545	2.0
197.72225189208984	2.05495116762386	2.0
197.73471307754517	2.05495116762386	2.0
197.7490975856781	2.05495116762386	2.0
197.76604008674622	2.055727260060835	2.0
197.77882146835327	2.055727260060835	2.0
197.79696106910706	2.055727260060835	2.0
197.81088089942932	2.055876034740798	2.0
197.82217574119568	2.055876034740798	2.0
197.83938598632812	2.055876034740798	2.0
197.855530500412	2.0565015025979405	2.0
197.87074542045593	2.0565015025979405	2.0
197.887779712677	2.0565015025979405	2.0
197.90269589424133	2.0544670616952785	2.0
197.91854548454285	2.0544670616952785	2.0
197.93483519554138	2.0544670616952785	2.0
197.9514138698578	2.0506835281519002	2.0
197.96523141860962	2.0506835281519002	2.0
197.98061394691467	2.0506835281519002	2.0
197.9959442615509	2.045947785941502	2.0
198.01044702529907	2.045947785941502	2.0
198.02950239181519	2.045947785941502	2.0
198.04440879821777	2.0421900512152646	2.0
198.05642700195312	2.0421900512152646	2.0
198.070396900177	2.0421900512152646	2.0
198.08533334732056	2.0385861891130466	2.0
198.100923538208	2.0385861891130466	2.0
198.12166094779968	2.0346909422178285	2.0
198.13376092910767	2.0346909422178285	2.0
198.1470913887024	2.0346909422178285	2.0
198.1643373966217	2.0331932882053443	2.0
198.17782640457153	2.0331932882053443	2.0
198.19010591506958	2.0331932882053443	2.0
198.21525883674622	2.031600018068021	2.0
198.22859740257263	2.031600018068021	2.0
198.2604947090149	2.030956409975153	2.0
198.2740969657898	2.030956409975153	2.0
198.30607342720032	2.029786231526877	2.0
198.32095003128052	2.029786231526877	2.0
198.33804726600647	2.029786231526877	2.0
198.35115671157837	2.029178994862798	2.0
198.36635875701904	2.029178994862798	2.0
198.3832790851593	2.029178994862798	2.0
198.40027570724487	2.0305957787015383	2.0
198.4138035774231	2.0305957787015383	2.0
198.42529439926147	2.0305957787015383	2.0
198.4402720928192	2.0332123890841642	2.0
198.45530676841736	2.0332123890841642	2.0
198.47262287139893	2.0332123890841642	2.0
198.4890649318695	2.0360873612413988	2.0
198.5008828639984	2.0360873612413988	2.0
198.51991939544678	2.0388461123726205	2.0
198.53520226478577	2.0388461123726205	2.0
198.55399298667908	2.0388461123726205	2.0
198.57102131843567	2.0417341368324045	2.0
198.58418226242065	2.0417341368324045	2.0
198.6086175441742	2.044894315005888	2.0
198.624436378479	2.044894315005888	2.0
198.64031052589417	2.044894315005888	2.0
198.65670228004456	2.0481686375754515	2.0
198.67038083076477	2.0481686375754515	2.0
198.69505643844604	2.0481686375754515	2.0
198.71087741851807	2.0522966513347844	2.0
198.73384594917297	2.0522966513347844	2.0
198.7480857372284	2.056750397846644	2.0
198.76282334327698	2.056750397846644	2.0
198.7830352783203	2.056750397846644	2.0
198.7979462146759	2.061973680872385	2.0
198.81230759620667	2.061973680872385	2.0
198.82707238197327	2.0668736435864115	2.0
198.84131002426147	2.0668736435864115	2.0
198.85577178001404	2.0668736435864115	2.0
198.8729066848755	2.071561503451214	2.0
198.8880672454834	2.071561503451214	2.0
198.900794506073	2.071561503451214	2.0
198.9166510105133	2.074804357873607	2.0
198.93111062049866	2.074804357873607	2.0
198.94499397277832	2.074804357873607	2.0
198.95839428901672	2.0778971320293294	2.0
198.97373962402344	2.0778971320293294	2.0
198.99162983894348	2.0778971320293294	2.0
199.0085904598236	2.080848353478435	2.0
199.02264046669006	2.080848353478435	2.0
199.035053730011	2.080848353478435	2.0
199.04949927330017	2.081851661454274	2.0
199.0652084350586	2.081851661454274	2.0
199.08331441879272	2.081851661454274	2.0
199.09768342971802	2.0806500311129037	2.0
199.1094868183136	2.0806500311129037	2.0
199.12506914138794	2.0806500311129037	2.0
199.1410894393921	2.0778191965414488	2.0
199.1551194190979	2.0778191965414488	2.0
199.17172741889954	2.0778191965414488	2.0
199.1848680973053	2.0744566624522234	2.0
199.19622540473938	2.0744566624522234	2.0
199.2105679512024	2.0744566624522234	2.0
199.2270736694336	2.0698741624522237	2.0
199.24114179611206	2.0698741624522237	2.0
199.26057124137878	2.0698741624522237	2.0
199.273912191391	2.064272969791673	2.0
199.287433385849	2.064272969791673	2.0
199.30629897117615	2.064272969791673	2.0
199.32066774368286	2.0578739742718324	2.0
199.3353316783905	2.0578739742718324	2.0
199.35188603401184	2.0506123447556046	2.0
199.36640977859497	2.0506123447556046	2.0
199.382408618927	2.0506123447556046	2.0
199.39869785308838	2.0425303710875795	2.0
199.41425037384033	2.0425303710875795	2.0
199.4267361164093	2.0425303710875795	2.0
199.4423270225525	2.0342369829557625	2.0
199.4579029083252	2.0342369829557625	2.0
199.4727725982666	2.0342369829557625	2.0
199.49188137054443	2.0263535115702203	2.0
199.50547313690186	2.0263535115702203	2.0
199.51951551437378	2.0263535115702203	2.0
199.535973072052	2.0198333083976867	2.0
199.55065894126892	2.0198333083976867	2.0
199.57764792442322	2.014450410780484	2.0
199.58925127983093	2.014450410780484	2.0
199.6046040058136	2.014450410780484	2.0
199.6221969127655	2.009816451806125	2.0
199.63451075553894	2.009816451806125	2.0
199.6473515033722	2.009816451806125	2.0
199.6629240512848	2.006450278244534	2.0
199.67754220962524	2.006450278244534	2.0
199.70685172080994	2.0038337211016772	2.0
199.71938514709473	2.0038337211016772	2.0
199.73264169692993	2.0038337211016772	2.0
199.74936771392822	2.002197179750749	2.0
199.76242065429688	2.002197179750749	2.0
199.78452324867249	2.002197179750749	2.0
199.801109790802	2.0026455047845437	2.0
199.81429433822632	2.0026455047845437	2.0
199.83764386177063	2.0026455047845437	2.0
199.8528401851654	2.0038310493723324	2.0
199.86772418022156	2.0038310493723324	2.0
199.88312983512878	2.0057597158203793	2.0
199.89601230621338	2.0057597158203793	2.0
199.91219878196716	2.0057597158203793	2.0
199.9309811592102	2.009032441566648	2.0
199.94539761543274	2.009032441566648	2.0
199.95819473266602	2.009032441566648	2.0
199.97356462478638	2.0125989367012456	2.0
199.9894504547119	2.0125989367012456	2.0
200.00734424591064	2.0125989367012456	2.0
200.0229320526123	2.01579263918949	2.0
200.03516578674316	2.01579263918949	2.0
200.05152249336243	2.020362974483608	2.0
200.06684398651123	2.020362974483608	2.0
200.08251690864563	2.020362974483608	2.0
200.09923791885376	2.024637964239779	2.0
200.11208844184875	2.024637964239779	2.0
200.12511491775513	2.024637964239779	2.0
200.14437866210938	2.0292308328580466	2.0
200.1581711769104	2.0292308328580466	2.0
200.17377710342407	2.0292308328580466	2.0
200.19065523147583	2.0335532893319623	2.0
200.20329785346985	2.0335532893319623	2.0
200.21809768676758	2.0335532893319623	2.0
200.2340965270996	2.0378950555121187	2.0
200.24926114082336	2.0378950555121187	2.0
200.27139806747437	2.0378950555121187	2.0
200.28324127197266	2.0421273820103427	2.0
200.2980592250824	2.0421273820103427	2.0
200.32016444206238	2.044572848868472	2.0
200.33482909202576	2.044572848868472	2.0
200.35263228416443	2.044572848868472	2.0
200.36643600463867	2.0460353731222036	2.0
200.38118028640747	2.0460353731222036	2.0
200.40100169181824	2.0460353731222036	2.0
200.41334581375122	2.047239454556525	2.0
200.42760348320007	2.047239454556525	2.0
200.4463415145874	2.047239454556525	2.0
200.46084332466125	2.048231059984074	2.0
200.47582030296326	2.048231059984074	2.0
200.49210858345032	2.048095078114614	2.0
200.5082290172577	2.048095078114614	2.0
200.5251476764679	2.048095078114614	2.0
200.54189777374268	2.0491979429545153	2.0
200.55631852149963	2.0491979429545153	2.0
200.56947946548462	2.0491979429545153	2.0
200.5869495868683	2.0498834070472873	2.0
200.60268425941467	2.0498834070472873	2.0
200.62025356292725	2.0500201251197554	2.0
200.63492631912231	2.0500201251197554	2.0
200.6465277671814	2.0500201251197554	2.0
200.66517519950867	2.04985002988166	2.0
200.6792733669281	2.04985002988166	2.0
200.69164299964905	2.04985002988166	2.0
200.7175543308258	2.0493459517145447	2.0
200.72942781448364	2.0493459517145447	2.0
200.74408888816833	2.0493459517145447	2.0
200.7606647014618	2.0489615981276725	2.0
200.77490496635437	2.0489615981276725	2.0
200.7918291091919	2.0489615981276725	2.0
200.8047478199005	2.0501770516991007	2.0
200.81647562980652	2.0501770516991007	2.0
200.83271884918213	2.0501770516991007	2.0
200.85127687454224	2.051392624004391	2.0
200.86698842048645	2.051392624004391	2.0
200.88529467582703	2.051392624004391	2.0
200.89815306663513	2.053343912689077	2.0
200.91355991363525	2.053343912689077	2.0
200.93378043174744	2.0556462340066872	2.0
200.9492678642273	2.0556462340066872	2.0
200.96323013305664	2.0556462340066872	2.0
200.97868299484253	2.05611751988321	2.0
200.99376511573792	2.05611751988321	2.0
201.0113546848297	2.05611751988321	2.0
201.02703762054443	2.057080441284725	2.0
201.0400710105896	2.057080441284725	2.0
201.05509877204895	2.057080441284725	2.0
201.07065558433533	2.058588004454314	2.0
201.08392024040222	2.058588004454314	2.0
201.10074996948242	2.058588004454314	2.0
201.11537981033325	2.0606974459063045	2.0
201.12722301483154	2.0606974459063045	2.0
201.14311695098877	2.0606974459063045	2.0
201.15933322906494	2.06222731854979	2.0
201.17380046844482	2.06222731854979	2.0
201.18767499923706	2.06495007717048	2.0
201.20377111434937	2.06495007717048	2.0
201.22094798088074	2.06495007717048	2.0
201.2369682788849	2.0675525343133367	2.0
201.25094652175903	2.0675525343133367	2.0
201.26838994026184	2.0675525343133367	2.0
201.28335404396057	2.071022981574606	2.0
201.2978503704071	2.071022981574606	2.0
201.3144669532776	2.0735043551024352	2.0
201.3274073600769	2.0735043551024352	2.0
201.33941221237183	2.0735043551024352	2.0
201.35689401626587	2.0759186534171623	2.0
201.3718922138214	2.0759186534171623	2.0
201.40229272842407	2.0789865111581443	2.0
201.4163110256195	2.0789865111581443	2.0
201.44653964042664	2.0789865111581443	2.0
201.46254539489746	2.0810990555677575	2.0
201.48028182983398	2.0810990555677575	2.0
201.49809408187866	2.0841613947400637	2.0
201.51276278495789	2.0841613947400637	2.0
201.53812098503113	2.086344762548065	2.0
201.55439138412476	2.086344762548065	2.0
201.57012224197388	2.086344762548065	2.0
201.58568239212036	2.089337587241141	2.0
201.60162663459778	2.089337587241141	2.0
201.61846351623535	2.089337587241141	2.0
201.6358449459076	2.092061740717681	2.0
201.64891576766968	2.092061740717681	2.0
201.6691415309906	2.092061740717681	2.0
201.68448853492737	2.094432555003396	2.0
201.69940638542175	2.094432555003396	2.0
201.71801018714905	2.0973374913664267	2.0
201.73015570640564	2.0973374913664267	2.0
201.74421310424805	2.0973374913664267	2.0
201.76050305366516	2.0990534957306273	2.0
201.7731692790985	2.0990534957306273	2.0
201.7896592617035	2.0990534957306273	2.0
201.8056981563568	2.1006422363099966	2.0
201.8175139427185	2.1006422363099966	2.0
201.83401131629944	2.1006422363099966	2.0
201.85433387756348	2.103169644665064	2.0
201.87084484100342	2.103169644665064	2.0
201.88959646224976	2.103169644665064	2.0
201.90153098106384	2.1058674475335417	2.0
201.92160081863403	2.1058674475335417	2.0
201.93756318092346	2.1076062462658536	2.0
201.94896793365479	2.1076062462658536	2.0
201.96818590164185	2.1076062462658536	2.0
201.98416113853455	2.1084167430689846	2.0
202.0001139640808	2.1084167430689846	2.0
202.01435041427612	2.1084167430689846	2.0
202.02847933769226	2.1092502387716783	2.0
202.04276037216187	2.1092502387716783	2.0
202.0623619556427	2.1092502387716783	2.0
202.07958698272705	2.110496638757902	2.0
202.09293866157532	2.110496638757902	2.0
202.10443782806396	2.110496638757902	2.0
202.1183454990387	2.1118628945530507	2.0
202.13353395462036	2.1118628945530507	2.0
202.15085124969482	2.1118628945530507	2.0
202.16689252853394	2.112802541469695	2.0
202.1782808303833	2.112802541469695	2.0
202.19450211524963	2.112802541469695	2.0
202.21103835105896	2.115223149678967	2.0
202.2232415676117	2.115223149678967	2.0
202.2423243522644	2.115223149678967	2.0
202.25642347335815	2.1180254086967585	2.0
202.2679100036621	2.1180254086967585	2.0
202.28459119796753	2.1180254086967585	2.0
202.29896712303162	2.1197217411603457	2.0
202.31243085861206	2.1197217411603457	2.0
202.3300347328186	2.1197217411603457	2.0
202.3421745300293	2.1216874497534675	2.0
202.35538530349731	2.1216874497534675	2.0
202.37337708473206	2.1216874497534675	2.0
202.39018940925598	2.123617951975964	2.0
202.40551090240479	2.123617951975964	2.0
202.42151618003845	2.123617951975964	2.0
202.43401169776917	2.1268177446582888	2.0
202.44918990135193	2.1268177446582888	2.0
202.46766901016235	2.1300529353962725	2.0
202.48284125328064	2.1300529353962725	2.0
202.49484777450562	2.1300529353962725	2.0
202.50796842575073	2.1300529353962725	2.0
202.52333736419678	2.132837541084702	2.0
202.54107546806335	2.132837541084702	2.0
202.56025314331055	2.1354443959637104	2.0
202.57419395446777	2.1354443959637104	2.0
202.58626127243042	2.1354443959637104	2.0
202.60294103622437	2.1376110370613772	2.0
202.6170678138733	2.1376110370613772	2.0
202.63150715827942	2.1376110370613772	2.0
202.64978504180908	2.139869816305056	2.0
202.66151237487793	2.139869816305056	2.0
202.67564463615417	2.139869816305056	2.0
202.69173073768616	2.1416635929046324	2.0
202.70385026931763	2.1416635929046324	2.0
202.71602416038513	2.1416635929046324	2.0
202.73294377326965	2.142771771000638	2.0
202.74688053131104	2.142771771000638	2.0
202.76592922210693	2.142771771000638	2.0
202.78108024597168	2.143909044096329	2.0
202.79270195960999	2.143909044096329	2.0
202.8156771659851	2.1444254409426335	2.0
202.83096075057983	2.1444254409426335	2.0
202.85127139091492	2.1444254409426335	2.0
202.86826419830322	2.145056141069367	2.0
202.8809027671814	2.145056141069367	2.0
202.899897813797	2.145056141069367	2.0
202.91614246368408	2.1455468436708647	2.0
202.93074679374695	2.1455468436708647	2.0
202.94978404045105	2.1454456129016335	2.0
202.96219730377197	2.1454456129016335	2.0
202.98491311073303	2.1454456129016335	2.0
203.00213885307312	2.1447904154900757	2.0
203.01675844192505	2.1447904154900757	2.0
203.03202080726624	2.1447904154900757	2.0
203.04746437072754	2.1441235114849904	2.0
203.06213068962097	2.1441235114849904	2.0
203.0833384990692	2.1420032727219147	2.0
203.09836530685425	2.1420032727219147	2.0
203.1104609966278	2.1420032727219147	2.0
203.123633146286	2.137910494075212	2.0
203.13867115974426	2.137910494075212	2.0
203.15473794937134	2.137910494075212	2.0
203.17382287979126	2.1317722128497603	2.0
203.18601179122925	2.1317722128497603	2.0
203.19947600364685	2.1317722128497603	2.0
203.216002702713	2.1253680330670073	2.0
203.2314453125	2.1253680330670073	2.0
203.26280403137207	2.1201796101218013	2.0
203.27423572540283	2.1201796101218013	2.0
203.29260516166687	2.1201796101218013	2.0
203.313481092453	2.1141128112496212	2.0
203.3293583393097	2.1141128112496212	2.0
203.349844455719	2.1079804499382693	2.0
203.36274337768555	2.1079804499382693	2.0
203.3813681602478	2.1079804499382693	2.0
203.40020728111267	2.1013148702252358	2.0
203.4149203300476	2.1013148702252358	2.0
203.42803621292114	2.1013148702252358	2.0
203.4419810771942	2.092952533018974	2.0
203.45801639556885	2.092952533018974	2.0
203.47233891487122	2.092952533018974	2.0
203.48500323295593	2.083408354028109	2.0
203.49950218200684	2.083408354028109	2.0
203.52441239356995	2.075406265688679	2.0
203.5408501625061	2.075406265688679	2.0
203.5556125640869	2.075406265688679	2.0
203.57123231887817	2.0681191744934155	2.0
203.58683133125305	2.0681191744934155	2.0
203.60602283477783	2.0681191744934155	2.0
203.62114667892456	2.063942358703941	2.0
203.63492465019226	2.063942358703941	2.0
203.64751863479614	2.063942358703941	2.0
203.66336870193481	2.060653629737595	2.0
203.67927026748657	2.060653629737595	2.0
203.69900369644165	2.0564460509560822	2.0
203.71226572990417	2.0564460509560822	2.0
203.72451972961426	2.0564460509560822	2.0
203.7404420375824	2.052327858409499	2.0
203.75509309768677	2.052327858409499	2.0
203.77098965644836	2.052327858409499	2.0
203.78675031661987	2.048584533963232	2.0
203.79814100265503	2.048584533963232	2.0
203.81180477142334	2.048584533963232	2.0
203.8294394016266	2.0459735884514894	2.0
203.84295415878296	2.0459735884514894	2.0
203.86842322349548	2.0459735884514894	2.0
203.88087439537048	2.04440819535335	2.0
203.89495706558228	2.04440819535335	2.0
203.91136837005615	2.04440819535335	2.0
203.92686653137207	2.0438695347595575	2.0
203.94607520103455	2.0438695347595575	2.0
203.96253180503845	2.0431593864496884	2.0
203.9851942062378	2.0431593864496884	2.0
204.00353908538818	2.0431593864496884	2.0
204.01998162269592	2.044770384665956	2.0
204.03983783721924	2.044770384665956	2.0
204.05831217765808	2.0451513433815522	2.0
204.0748188495636	2.0451513433815522	2.0
204.09749364852905	2.0454636322090893	2.0
204.11239743232727	2.0454636322090893	2.0
204.12448263168335	2.0454636322090893	2.0
204.1455957889557	2.0462924772949505	2.0
204.16030192375183	2.0462924772949505	2.0
204.17464423179626	2.0462924772949505	2.0
204.1925573348999	2.0471958406489876	2.0
204.20638823509216	2.0471958406489876	2.0
204.22301840782166	2.0471958406489876	2.0
204.23847818374634	2.0480907588151918	2.0
204.25166511535645	2.0480907588151918	2.0
204.26999831199646	2.0480907588151918	2.0
204.28509736061096	2.047998831186369	2.0
204.30107760429382	2.047998831186369	2.0
204.31888341903687	2.048296548228169	2.0
204.3301763534546	2.048296548228169	2.0
204.34276485443115	2.048296548228169	2.0
204.35963010787964	2.048296548228169	2.0
204.37421226501465	2.0481009949598414	2.0
204.38987255096436	2.0481009949598414	2.0
204.40677404403687	2.0481009949598414	2.0
204.4214165210724	2.0484354878318345	2.0
204.438214302063	2.0484354878318345	2.0
204.45494437217712	2.0464231320788024	2.0
204.4695451259613	2.0464231320788024	2.0
204.48299074172974	2.0464231320788024	2.0
204.49703192710876	2.0448868290360287	2.0
204.51158809661865	2.0448868290360287	2.0
204.52889370918274	2.0448868290360287	2.0
204.54769253730774	2.0417546838905567	2.0
204.56350827217102	2.0417546838905567	2.0
204.57896089553833	2.0417546838905567	2.0
204.59558200836182	2.0380413483046835	2.0
204.61197137832642	2.0380413483046835	2.0
204.6282069683075	2.0380413483046835	2.0
204.64200639724731	2.0344631623265603	2.0
204.65398263931274	2.0344631623265603	2.0
204.67152547836304	2.0344631623265603	2.0
204.68686938285828	2.0309124028953756	2.0
204.70334696769714	2.0309124028953756	2.0
204.71938157081604	2.0309124028953756	2.0
204.73390531539917	2.0280471054337146	2.0
204.7472608089447	2.0280471054337146	2.0
204.76360774040222	2.0280471054337146	2.0
204.780344247818	2.0250567304337146	2.0
204.79417181015015	2.0250567304337146	2.0
204.8082251548767	2.0250567304337146	2.0
204.8235228061676	2.022202474766749	2.0
204.83754682540894	2.022202474766749	2.0
204.85755228996277	2.0184485445210942	2.0
204.87312054634094	2.0184485445210942	2.0
204.88562321662903	2.0184485445210942	2.0
204.89895677566528	2.016044862315516	2.0
204.9140908718109	2.016044862315516	2.0
204.9309811592102	2.016044862315516	2.0
204.94610786437988	2.014134672159934	2.0
204.96145796775818	2.014134672159934	2.0
204.98063397407532	2.014134672159934	2.0
204.99553442001343	2.0138023888184584	2.0
205.01021456718445	2.0138023888184584	2.0
205.02546453475952	2.013998306784194	2.0
205.03921604156494	2.013998306784194	2.0
205.05369520187378	2.013998306784194	2.0
205.07179021835327	2.013848417586505	2.0
205.0857744216919	2.013848417586505	2.0
205.09788537025452	2.013848417586505	2.0
205.11481356620789	2.0138186288541107	2.0
205.12911820411682	2.0138186288541107	2.0
205.1437451839447	2.0138186288541107	2.0
205.15990805625916	2.0138186288541107	2.0
205.17197442054749	2.0139039121364024	2.0
205.18389892578125	2.0139039121364024	2.0
205.20047664642334	2.0139039121364024	2.0
205.21535325050354	2.01448895472643	2.0
205.2307379245758	2.01448895472643	2.0
205.2486128807068	2.01448895472643	2.0
205.26101922988892	2.0161312899928054	2.0
205.27568078041077	2.0161312899928054	2.0
205.29411792755127	2.0175000347989	2.0
205.3092269897461	2.0175000347989	2.0
205.32400512695312	2.0175000347989	2.0
205.33842992782593	2.0177575115473885	2.0
205.35173773765564	2.0177575115473885	2.0
205.36803221702576	2.0177575115473885	2.0
205.38794922828674	2.018417401615978	2.0
205.4033179283142	2.018417401615978	2.0
205.41707134246826	2.018417401615978	2.0
205.4319920539856	2.0193690582342296	2.0
205.44693613052368	2.0193690582342296	2.0
205.46125555038452	2.0193690582342296	2.0
205.48193073272705	2.0198866228085945	2.0
205.49343061447144	2.0198866228085945	2.0
205.51217651367188	2.0198866228085945	2.0
205.5281891822815	2.0208054487751435	2.0
205.54264783859253	2.0208054487751435	2.0
205.55907011032104	2.0208054487751435	2.0
205.57409262657166	2.0219392063906043	2.0
205.5869369506836	2.0219392063906043	2.0
205.6035590171814	2.0219392063906043	2.0
205.61766028404236	2.0219774079847843	2.0
205.64239382743835	2.0219774079847843	2.0
205.65584540367126	2.0220995995496867	2.0
205.67079305648804	2.0220995995496867	2.0
205.68714499473572	2.0220995995496867	2.0
205.69994163513184	2.0227857640218496	2.0
205.71172857284546	2.0227857640218496	2.0
205.72805261611938	2.0227857640218496	2.0
205.74354815483093	2.0240889772571435	2.0
205.75857949256897	2.0240889772571435	2.0
205.77326917648315	2.0240889772571435	2.0
205.78617906570435	2.0265797749458163	2.0
205.79991269111633	2.0265797749458163	2.0
205.81554627418518	2.0265797749458163	2.0
205.8310694694519	2.0281667301707955	2.0
205.84625577926636	2.0281667301707955	2.0
205.86121225357056	2.0281667301707955	2.0
205.8768289089203	2.0269284405622696	2.0
205.892480134964	2.0269284405622696	2.0
205.90757393836975	2.0269284405622696	2.0
205.92380452156067	2.0268666523036942	2.0
205.93659210205078	2.0268666523036942	2.0
205.94891571998596	2.0268666523036942	2.0
205.96527290344238	2.0270210783666918	2.0
205.97933292388916	2.0270210783666918	2.0
205.99359726905823	2.0270210783666918	2.0
206.00920629501343	2.027021332906354	2.0
206.02084136009216	2.027021332906354	2.0
206.0341625213623	2.027021332906354	2.0
206.04932165145874	2.0276536110948222	2.0
206.06446027755737	2.0276536110948222	2.0
206.08027911186218	2.0276536110948222	2.0
206.09476709365845	2.0269202433192026	2.0
206.10643529891968	2.0269202433192026	2.0
206.1210970878601	2.0269202433192026	2.0
206.13742923736572	2.02496161896594	2.0
206.14993810653687	2.02496161896594	2.0
206.170640707016	2.02496161896594	2.0
206.18395471572876	2.0236675221099567	2.0
206.19642519950867	2.0236675221099567	2.0
206.2136971950531	2.0236675221099567	2.0
206.2292492389679	2.0207005922730366	2.0
206.24530935287476	2.0207005922730366	2.0
206.26115727424622	2.019092067176511	2.0
206.2730770111084	2.019092067176511	2.0
206.28885912895203	2.019092067176511	2.0
206.30701065063477	2.0186136356821747	2.0
206.322655916214	2.0186136356821747	2.0
206.33824157714844	2.0186136356821747	2.0
206.35217881202698	2.017658778244158	2.0
206.36689925193787	2.017658778244158	2.0
206.3826038837433	2.017658778244158	2.0
206.3985619544983	2.0167305364607424	2.0
206.41225600242615	2.0167305364607424	2.0
206.42462968826294	2.0167305364607424	2.0
206.44097328186035	2.0153086369049222	2.0
206.4556529521942	2.0153086369049222	2.0
206.4706335067749	2.0153086369049222	2.0
206.48427844047546	2.0140706488492968	2.0
206.50073623657227	2.0140706488492968	2.0
206.51993441581726	2.0145425586161183	2.0
206.53471207618713	2.0145425586161183	2.0
206.54773712158203	2.0145425586161183	2.0
206.56259870529175	2.014975623329844	2.0
206.57854342460632	2.014975623329844	2.0
206.59568119049072	2.014975623329844	2.0
206.61182761192322	2.0145058295553246	2.0
206.62461352348328	2.0145058295553246	2.0
206.6388237476349	2.0145058295553246	2.0
206.65519332885742	2.0159393917824766	2.0
206.66999769210815	2.0159393917824766	2.0
206.6887331008911	2.016540588496306	2.0
206.7022008895874	2.016540588496306	2.0
206.71328043937683	2.016540588496306	2.0
206.72974109649658	2.016540588496306	2.0
206.74567198753357	2.01777148227101	2.0
206.76057076454163	2.01777148227101	2.0
206.78220319747925	2.0184560897090265	2.0
206.79354548454285	2.0184560897090265	2.0
206.8089017868042	2.0184560897090265	2.0
206.82573699951172	2.0186394850151523	2.0
206.8400275707245	2.0186394850151523	2.0
206.8574936389923	2.0186394850151523	2.0
206.87167501449585	2.0203172656799437	2.0
206.88669300079346	2.0203172656799437	2.0
206.9069242477417	2.0203172656799437	2.0
206.9212350845337	2.022415738171629	2.0
206.9367311000824	2.022415738171629	2.0
206.95269346237183	2.023456735330582	2.0
206.96566247940063	2.023456735330582	2.0
206.9826579093933	2.023456735330582	2.0
207.00016903877258	2.0246536755158147	2.0
207.01548099517822	2.0246536755158147	2.0
207.02868676185608	2.0246536755158147	2.0
207.04532980918884	2.0252760431284154	2.0
207.06021428108215	2.0252760431284154	2.0
207.07559037208557	2.0252760431284154	2.0
207.09126734733582	2.024434184465428	2.0
207.10441255569458	2.024434184465428	2.0
207.12048482894897	2.024434184465428	2.0
207.13753628730774	2.0230307020373135	2.0
207.1502754688263	2.0230307020373135	2.0
207.16618061065674	2.0230307020373135	2.0
207.1810142993927	2.0220668521156835	2.0
207.19232201576233	2.0220668521156835	2.0
207.2122049331665	2.0220668521156835	2.0
207.22697758674622	2.021565035761796	2.0
207.23850107192993	2.021565035761796	2.0
207.25279450416565	2.021565035761796	2.0
207.26924872398376	2.021101456655819	2.0
207.28545331954956	2.021101456655819	2.0
207.3030149936676	2.019537749241197	2.0
207.31507086753845	2.019537749241197	2.0
207.32666015625	2.019537749241197	2.0
207.34458947181702	2.019537749241197	2.0
207.35940408706665	2.0175705693631487	2.0
207.37524127960205	2.0175705693631487	2.0
207.39440727233887	2.0149793480492137	2.0
207.40541529655457	2.0149793480492137	2.0
207.42183017730713	2.0149793480492137	2.0
207.4382085800171	2.0123046072757056	2.0
207.45227098464966	2.0123046072757056	2.0
207.468403339386	2.0123046072757056	2.0
207.4822494983673	2.0102698239280024	2.0
207.49494314193726	2.0102698239280024	2.0
207.51503014564514	2.0102698239280024	2.0
207.53331923484802	2.009291732059592	2.0
207.54886054992676	2.009291732059592	2.0
207.56423473358154	2.009291732059592	2.0
207.58021235466003	2.0083637874531783	2.0
207.59848594665527	2.0083637874531783	2.0
207.61624193191528	2.008209263627493	2.0
207.6318256855011	2.008209263627493	2.0
207.6453459262848	2.008209263627493	2.0
207.66203331947327	2.00843835629717	2.0
207.677241563797	2.00843835629717	2.0
207.69578528404236	2.00843835629717	2.0
207.7099781036377	2.0097675460204902	2.0
207.7211754322052	2.0097675460204902	2.0
207.73763036727905	2.0097675460204902	2.0
207.75424766540527	2.010437232988303	2.0
207.77106547355652	2.010437232988303	2.0
207.7921814918518	2.011610891655925	2.0
207.8039150238037	2.011610891655925	2.0
207.81938219070435	2.011610891655925	2.0
207.83581519126892	2.0140172464566826	2.0
207.85109639167786	2.0140172464566826	2.0
207.8678421974182	2.0140172464566826	2.0
207.88095879554749	2.0172987183616575	2.0
207.89521074295044	2.0172987183616575	2.0
207.91805601119995	2.0203801512158956	2.0
207.93364238739014	2.0203801512158956	2.0
207.94731831550598	2.0203801512158956	2.0
207.96106576919556	2.023397518124729	2.0
207.97398614883423	2.023397518124729	2.0
207.98944449424744	2.023397518124729	2.0
208.00698828697205	2.0252319877311433	2.0
208.0187952518463	2.0252319877311433	2.0
208.0346438884735	2.0252319877311433	2.0
208.05955505371094	2.0262119757129087	2.0
208.07423639297485	2.0262119757129087	2.0
208.08821868896484	2.0262119757129087	2.0
208.10043859481812	2.0262846318295518	2.0
208.11739993095398	2.0262846318295518	2.0
208.13605093955994	2.025652009986627	2.0
208.1515989303589	2.025652009986627	2.0
208.16397738456726	2.025652009986627	2.0
208.17842388153076	2.0249383104385643	2.0
208.1935794353485	2.0249383104385643	2.0
208.21209716796875	2.0249383104385643	2.0
208.22880339622498	2.023355354204571	2.0
208.243337392807	2.023355354204571	2.0
208.2618408203125	2.023355354204571	2.0
208.2769033908844	2.020870341400005	2.0
208.29139304161072	2.020870341400005	2.0
208.31086659431458	2.017164781183081	2.0
208.32411527633667	2.017164781183081	2.0
208.3372664451599	2.017164781183081	2.0
208.35446572303772	2.013794282675371	2.0
208.36680388450623	2.013794282675371	2.0
208.38553643226624	2.013794282675371	2.0
208.40386319160461	2.0104132785478557	2.0
208.41545629501343	2.0104132785478557	2.0
208.4456217288971	2.007571624976427	2.0
208.46123242378235	2.007571624976427	2.0
208.48302245140076	2.007571624976427	2.0
208.49568700790405	2.005801703923795	2.0
208.5109748840332	2.005801703923795	2.0
208.53227424621582	2.004466305389668	2.0
208.5479965209961	2.004466305389668	2.0
208.5632266998291	2.004466305389668	2.0
208.57810878753662	2.003365651634236	2.0
208.5935401916504	2.003365651634236	2.0
208.60842728614807	2.003365651634236	2.0
208.6255247592926	2.0021412406798342	2.0
208.63949370384216	2.0021412406798342	2.0
208.65441179275513	2.0021412406798342	2.0
208.66974878311157	2.0001160347415334	2.0
208.68504881858826	2.0001160347415334	2.0
208.69781589508057	2.0001160347415334	2.0
208.7123441696167	1.9990250897723185	2.0
208.73082494735718	1.9990250897723185	2.0
208.74819660186768	1.9969671085810958	2.0
208.76213121414185	1.9969671085810958	2.0
208.77434730529785	1.9969671085810958	2.0
208.78883934020996	1.9952020432028685	2.0
208.80422973632812	1.9952020432028685	2.0
208.8206822872162	1.9952020432028685	2.0
208.83874344825745	1.9926596047769878	2.0
208.85268926620483	1.9926596047769878	2.0
208.86583542823792	1.9926596047769878	2.0
208.88149976730347	1.9907048986376725	2.0
208.89474868774414	1.9907048986376725	2.0
208.91078233718872	1.9907048986376725	2.0
208.92533206939697	1.9873978077285817	2.0
208.93677067756653	1.9873978077285817	2.0
208.9529252052307	1.9873978077285817	2.0
208.96859073638916	1.9836517994713028	2.0
208.98148560523987	1.9836517994713028	2.0
208.9995481967926	1.980221312169516	2.0
209.01261925697327	1.980221312169516	2.0
209.02574229240417	1.980221312169516	2.0
209.04403924942017	1.9761226764819662	2.0
209.05684733390808	1.9761226764819662	2.0
209.0745244026184	1.9761226764819662	2.0
209.0919964313507	1.9737438343984035	2.0
209.1053228378296	1.9737438343984035	2.0
209.12503123283386	1.9737438343984035	2.0
209.14081597328186	1.9716057603802768	2.0
209.15534019470215	1.9716057603802768	2.0
209.1735987663269	1.9716057603802768	2.0
209.18618512153625	1.970883971965152	2.0
209.20169019699097	1.970883971965152	2.0
209.22233605384827	1.9700315554595882	2.0
209.23826837539673	1.9700315554595882	2.0
209.25304675102234	1.9700315554595882	2.0
209.26820826530457	1.9707634088229433	2.0
209.28332781791687	1.9707634088229433	2.0
209.30314111709595	1.9721625859994407	2.0
209.31866431236267	1.9721625859994407	2.0
209.3332040309906	1.9721625859994407	2.0
209.34927821159363	1.9741023740916297	2.0
209.3646740913391	1.9741023740916297	2.0
209.3822648525238	1.9741023740916297	2.0
209.39816403388977	1.9765901544207534	2.0
209.41068816184998	1.9765901544207534	2.0
209.4260675907135	1.9765901544207534	2.0
209.44159317016602	1.9789035666437766	2.0
209.45547580718994	1.9789035666437766	2.0
209.4690535068512	1.982441236369695	2.0
209.48468399047852	1.982441236369695	2.0
209.49976348876953	1.982441236369695	2.0
209.51805877685547	1.9845966515687086	2.0
209.53233933448792	1.9845966515687086	2.0
209.54664754867554	1.9845966515687086	2.0
209.56243085861206	1.9860875647423613	2.0
209.57713079452515	1.9860875647423613	2.0
209.59092235565186	1.9860875647423613	2.0
209.6086151599884	1.9882963298905154	2.0
209.6221194267273	1.9882963298905154	2.0
209.64030170440674	1.9882963298905154	2.0
209.65568804740906	1.9892896083786031	2.0
209.6684799194336	1.9892896083786031	2.0
209.68694186210632	1.9892896083786031	2.0
209.69955945014954	1.9902271346943927	2.0
209.71250772476196	1.9902271346943927	2.0
209.73619771003723	1.99050253753695	2.0
209.74894762039185	1.99050253753695	2.0
209.76520490646362	1.99050253753695	2.0
209.78184127807617	1.9909209178939584	2.0
209.79500007629395	1.9909209178939584	2.0
209.8220796585083	1.9917625166235482	2.0
209.83781147003174	1.9917625166235482	2.0
209.85288047790527	1.9917625166235482	2.0
209.8667540550232	1.9901968796283467	2.0
209.88267970085144	1.9901968796283467	2.0
209.90218806266785	1.9901968796283467	2.0
209.9181728363037	1.9899982370211622	2.0
209.9324038028717	1.9899982370211622	2.0
209.9446403980255	1.9899982370211622	2.0
209.96130418777466	1.9899876770808702	2.0
209.97747659683228	1.9899876770808702	2.0
209.9957251548767	1.991045755842702	2.0
210.00963830947876	1.991045755842702	2.0
210.02301502227783	1.991045755842702	2.0
210.0380518436432	1.990720126410809	2.0
210.05250597000122	1.990720126410809	2.0
210.0669822692871	1.990720126410809	2.0
210.0833215713501	1.9909882674364496	2.0
210.09625029563904	1.9909882674364496	2.0
210.10865902900696	1.9909882674364496	2.0
210.1267638206482	1.9916343564775456	2.0
210.1398801803589	1.9916343564775456	2.0
210.1546459197998	1.9916343564775456	2.0
210.1713490486145	1.992605405041101	2.0
210.1828224658966	1.992605405041101	2.0
210.1965036392212	1.992605405041101	2.0
210.21391582489014	1.992605405041101	2.0
210.22588992118835	1.9937398633066206	2.0
210.2374484539032	1.9937398633066206	2.0
210.25648379325867	1.9937398633066206	2.0
210.27221632003784	1.9948958631012634	2.0
210.2875554561615	1.9948958631012634	2.0
210.30859088897705	1.9980793629219236	2.0
210.32153868675232	1.9980793629219236	2.0
210.33890962600708	1.9980793629219236	2.0
210.3567249774933	1.999597088617707	2.0
210.37104082107544	1.999597088617707	2.0
210.38617038726807	1.999597088617707	2.0
210.39997148513794	2.001368250036605	2.0
210.4142701625824	2.001368250036605	2.0
210.43295288085938	2.001368250036605	2.0
210.45092630386353	2.0020068138114278	2.0
210.4637758731842	2.0020068138114278	2.0
210.47606015205383	2.0020068138114278	2.0
210.49085187911987	2.0022421272641715	2.0
210.50549864768982	2.0022421272641715	2.0
210.5264174938202	2.0031784734180174	2.0
210.54115056991577	2.0031784734180174	2.0
210.55863761901855	2.0031784734180174	2.0
210.5750811100006	2.0021884063549433	2.0
210.59089732170105	2.0021884063549433	2.0
210.60732626914978	2.0021884063549433	2.0
210.6219937801361	2.0012780371406116	2.0
210.63348174095154	2.0012780371406116	2.0
210.6508002281189	2.0012780371406116	2.0
210.66645503044128	1.9998069594355434	2.0
210.68329501152039	1.9998069594355434	2.0
210.70137095451355	1.9973940894239202	2.0
210.71328496932983	1.9973940894239202	2.0
210.7320396900177	1.9973940894239202	2.0
210.7487645149231	1.9943490226171974	2.0
210.76384735107422	1.9943490226171974	2.0
210.781311750412	1.9943490226171974	2.0
210.7957170009613	1.9921816068373808	2.0
210.8098804950714	1.9921816068373808	2.0
210.82679080963135	1.9921816068373808	2.0
210.84368896484375	1.9907013336706316	2.0
210.8572132587433	1.9907013336706316	2.0
210.8700442314148	1.9907013336706316	2.0
210.88512420654297	1.98979864209076	2.0
210.9001441001892	1.98979864209076	2.0
210.91872000694275	1.98979864209076	2.0
210.93440794944763	1.9898563931574351	2.0
210.94629883766174	1.9898563931574351	2.0
210.95867443084717	1.9898563931574351	2.0
210.97501039505005	1.9900064323219262	2.0
210.9892725944519	1.9900064323219262	2.0
211.00191164016724	1.9900064323219262	2.0
211.0195827484131	1.9908102998787875	2.0
211.033362865448	1.9908102998787875	2.0
211.04820442199707	1.9908102998787875	2.0
211.06419110298157	1.9917426125630258	2.0
211.07627534866333	1.9917426125630258	2.0
211.0911247730255	1.9917426125630258	2.0
211.10904669761658	1.9927515775393903	2.0
211.12331461906433	1.9927515775393903	2.0
211.14874839782715	1.992726560498492	2.0
211.16084122657776	1.992726560498492	2.0
211.17539477348328	1.992726560498492	2.0
211.19370198249817	1.992726560498492	2.0
211.20936036109924	1.9940916624380667	2.0
211.22799062728882	1.9940916624380667	2.0
211.24231553077698	1.9949437477012242	2.0
211.25708746910095	1.9949437477012242	2.0
211.27705836296082	1.9949437477012242	2.0
211.29425430297852	1.9958437735590764	2.0
211.30873131752014	1.9958437735590764	2.0
211.3242495059967	1.9961943577982069	2.0
211.33905959129333	1.9961943577982069	2.0
211.35830426216125	1.9961943577982069	2.0
211.3749659061432	1.9968011457215695	2.0
211.39011788368225	1.9968011457215695	2.0
211.40713357925415	1.9968011457215695	2.0
211.42313623428345	1.9966244815570786	2.0
211.4358172416687	1.9966244815570786	2.0
211.4528148174286	1.9966244815570786	2.0
211.46826648712158	1.9959506886131038	2.0
211.4795093536377	1.9959506886131038	2.0
211.49432706832886	1.9959506886131038	2.0
211.51168060302734	1.9951076265960068	2.0
211.5298821926117	1.9951076265960068	2.0
211.54764938354492	1.9936871506180602	2.0
211.5613555908203	1.9936871506180602	2.0
211.5779047012329	1.9936871506180602	2.0
211.59500074386597	1.9913999315187412	2.0
211.60891246795654	1.9913999315187412	2.0
211.6263394355774	1.9913999315187412	2.0
211.6435124874115	1.9879049261281228	2.0
211.65887784957886	1.9879049261281228	2.0
211.6807804107666	1.9849940622897673	2.0
211.6967475414276	1.9849940622897673	2.0
211.7126603126526	1.9849940622897673	2.0
211.72823286056519	1.9822365860283633	2.0
211.74304342269897	1.9822365860283633	2.0
211.76073813438416	1.9822365860283633	2.0
211.7742121219635	1.9781417947584963	2.0
211.79024004936218	1.9781417947584963	2.0
211.81465125083923	1.9752331902823237	2.0
211.8305790424347	1.9752331902823237	2.0
211.84339046478271	1.9752331902823237	2.0
211.8568308353424	1.9717063670064618	2.0
211.87242722511292	1.9717063670064618	2.0
211.88782811164856	1.9717063670064618	2.0
211.90557384490967	1.968937101860312	2.0
211.9183247089386	1.968937101860312	2.0
211.93091011047363	1.968937101860312	2.0
211.94835495948792	1.965098971990182	2.0
211.96280694007874	1.965098971990182	2.0
211.98132514953613	1.965098971990182	2.0
211.9957513809204	1.962094515716894	2.0
212.0070562362671	1.962094515716894	2.0
212.02261662483215	1.962094515716894	2.0
212.037691116333	1.9619459141673556	2.0
212.0515477657318	1.9619459141673556	2.0
212.07291841506958	1.9619350542543437	2.0
212.0847237110138	1.9619350542543437	2.0
212.09844660758972	1.9619350542543437	2.0
212.11722660064697	1.961858040808816	2.0
212.13032150268555	1.961858040808816	2.0
212.14883303642273	1.961858040808816	2.0
212.16428017616272	1.9618891349563985	2.0
212.17682552337646	1.9618891349563985	2.0
212.20573592185974	1.963441340759927	2.0
212.22077322006226	1.963441340759927	2.0
212.23790669441223	1.963441340759927	2.0
212.2527632713318	1.9628412038142737	2.0
212.26750087738037	1.9628412038142737	2.0
212.28889727592468	1.9628412038142737	2.0
212.30389213562012	1.964178794181289	2.0
212.3181164264679	1.964178794181289	2.0
212.33173441886902	1.964178794181289	2.0
212.34591555595398	1.9643490127365297	2.0
212.36168813705444	1.9643490127365297	2.0
212.38102102279663	1.9643481915159675	2.0
212.39560914039612	1.9643481915159675	2.0
212.40770506858826	1.9643481915159675	2.0
212.42465615272522	1.963642209286268	2.0
212.43980813026428	1.963642209286268	2.0
212.45399141311646	1.963642209286268	2.0
212.47116899490356	1.9625697196755856	2.0
212.48316884040833	1.9625697196755856	2.0
212.4949939250946	1.9625697196755856	2.0
212.51375126838684	1.9617500698787858	2.0
212.52764773368835	1.9617500698787858	2.0
212.54089331626892	1.9617500698787858	2.0
212.55670523643494	1.9605681990423682	2.0
212.57150387763977	1.9605681990423682	2.0
212.58655452728271	1.9605681990423682	2.0
212.60270929336548	1.9587004386257019	2.0
212.61447262763977	1.9587004386257019	2.0
212.62838554382324	1.9587004386257019	2.0
212.6452991962433	1.9572568059677073	2.0
212.65877890586853	1.9572568059677073	2.0
212.67692852020264	1.9572568059677073	2.0
212.6926941871643	1.956487629170541	2.0
212.70591259002686	1.956487629170541	2.0
212.72495198249817	1.956487629170541	2.0
212.74085521697998	1.954804354131411	2.0
212.75689125061035	1.954804354131411	2.0
212.77316522598267	1.954804354131411	2.0
212.78787088394165	1.952282804131411	2.0
212.80269241333008	1.952282804131411	2.0
212.82095527648926	1.950991438536171	2.0
212.83700299263	1.950991438536171	2.0
212.85008692741394	1.950991438536171	2.0
212.86585760116577	1.950983143054937	2.0
212.88094997406006	1.950983143054937	2.0
212.89629936218262	1.950983143054937	2.0
212.91425848007202	1.9492897773048417	2.0
212.92733454704285	1.9492897773048417	2.0
212.93871212005615	1.9492897773048417	2.0
212.95653820037842	1.9471139501985981	2.0
212.97006726264954	1.9471139501985981	2.0
212.98661518096924	1.9471139501985981	2.0
213.00119352340698	1.9439946877302972	2.0
213.0132336616516	1.9439946877302972	2.0
213.02847933769226	1.9439946877302972	2.0
213.04347825050354	1.9407424194113319	2.0
213.0576479434967	1.9407424194113319	2.0
213.07453083992004	1.9407424194113319	2.0
213.0880434513092	1.9382948279835808	2.0
213.099125623703	1.9382948279835808	2.0
213.11848378181458	1.9382948279835808	2.0
213.13231301307678	1.935434067437675	2.0
213.14724493026733	1.935434067437675	2.0
213.16399383544922	1.935434067437675	2.0
213.17675638198853	1.9308417402086608	2.0
213.19067096710205	1.9308417402086608	2.0
213.2069058418274	1.9308417402086608	2.0
213.21960353851318	1.9277986893612034	2.0
213.23124980926514	1.9277986893612034	2.0
213.24631714820862	1.9277986893612034	2.0
213.26113963127136	1.9241943307224598	2.0
213.27656817436218	1.9241943307224598	2.0
213.29365301132202	1.9241943307224598	2.0
213.30763030052185	1.9198618903349787	2.0
213.3235321044922	1.9198618903349787	2.0
213.3393316268921	1.9198618903349787	2.0
213.354882478714	1.917600638715086	2.0
213.36903071403503	1.917600638715086	2.0
213.38244795799255	1.917600638715086	2.0
213.3984808921814	1.9155950199525342	2.0
213.41309237480164	1.9155950199525342	2.0
213.42953896522522	1.9155950199525342	2.0
213.44699263572693	1.914495982918729	2.0
213.4590620994568	1.914495982918729	2.0
213.47536873817444	1.9140504606901736	2.0
213.49056768417358	1.9140504606901736	2.0
213.50627279281616	1.9140504606901736	2.0
213.52651739120483	1.911540028268042	2.0
213.54312682151794	1.911540028268042	2.0
213.56159853935242	1.9089730939632161	2.0
213.57798099517822	1.9089730939632161	2.0
213.61106204986572	1.9091613408837234	2.0
213.62318563461304	1.9091613408837234	2.0
213.6353714466095	1.9091613408837234	2.0
213.65396809577942	1.9091613408837234	2.0
213.66874051094055	1.9101721382100538	2.0
213.6896152496338	1.9101721382100538	2.0
213.7072458267212	1.9116657206842809	2.0
213.72309517860413	1.9116657206842809	2.0
213.74022340774536	1.9116657206842809	2.0
213.75591373443604	1.912739117248347	2.0
213.77062487602234	1.912739117248347	2.0
213.78688526153564	1.912739117248347	2.0
213.8014109134674	1.9126003971243997	2.0
213.81655168533325	1.9126003971243997	2.0
213.83332777023315	1.9137397957490996	2.0
213.84914922714233	1.9137397957490996	2.0
213.86131811141968	1.9137397957490996	2.0
213.8772144317627	1.9148530481347348	2.0
213.89306473731995	1.9148530481347348	2.0
213.91058039665222	1.9148530481347348	2.0
213.9266917705536	1.9159427945012204	2.0
213.9386055469513	1.9159427945012204	2.0
213.9516463279724	1.9159427945012204	2.0
213.96779799461365	1.9175434378168545	2.0
213.98161673545837	1.9175434378168545	2.0
213.9935426712036	1.9175434378168545	2.0
214.00884675979614	1.9191937390400375	2.0
214.0238175392151	1.9191937390400375	2.0
214.05282592773438	1.919700262352388	2.0
214.06495761871338	1.919700262352388	2.0
214.07694053649902	1.919700262352388	2.0
214.09423756599426	1.919700262352388	2.0
214.10850310325623	1.919707900488899	2.0
214.12482714653015	1.919707900488899	2.0
214.14181923866272	1.919707900488899	2.0
214.15354228019714	1.919558102545059	2.0
214.16698145866394	1.919558102545059	2.0
214.18311142921448	1.919558102545059	2.0
214.19875049591064	1.919650359390084	2.0
214.21349358558655	1.919650359390084	2.0
214.22625374794006	1.919650359390084	2.0
214.24140167236328	1.9210866461262799	2.0
214.25582814216614	1.9210866461262799	2.0
214.27378916740417	1.9210866461262799	2.0
214.2902352809906	1.9212019741400908	2.0
214.3023579120636	1.9212019741400908	2.0
214.31694769859314	1.9208339582313527	2.0
214.33222365379333	1.9208339582313527	2.0
214.34826350212097	1.9208339582313527	2.0
214.36501288414001	1.9208075876878112	2.0
214.37856435775757	1.9208075876878112	2.0
214.3904755115509	1.9208075876878112	2.0
214.40564370155334	1.9214591262289773	2.0
214.420663356781	1.9214591262289773	2.0
214.43553137779236	1.9214591262289773	2.0
214.45317792892456	1.9222017423422937	2.0
214.46557307243347	1.9222017423422937	2.0
214.47727012634277	1.9222017423422937	2.0
214.49222326278687	1.9222017423422937	2.0
214.50752234458923	1.9233791403789133	2.0
214.53733134269714	1.9233791403789133	2.0
214.55414652824402	1.9247015123617697	2.0
214.58636927604675	1.9267288742402227	2.0
214.60010600090027	1.9267288742402227	2.0
214.61706590652466	1.9267288742402227	2.0
214.6318621635437	1.9293686648668646	2.0
214.6465277671814	1.9293686648668646	2.0
214.6685254573822	1.9293686648668646	2.0
214.68432807922363	1.931072943600785	2.0
214.70103120803833	1.931072943600785	2.0
214.7164180278778	1.9350027244528545	2.0
214.7305772304535	1.9350027244528545	2.0
214.74758005142212	1.9350027244528545	2.0
214.7616672515869	1.938261241593486	2.0
214.77679896354675	1.938261241593486	2.0
214.79498863220215	1.938261241593486	2.0
214.81045866012573	1.9416901085017968	2.0
214.82545971870422	1.9416901085017968	2.0
214.84228014945984	1.9416901085017968	2.0
214.85561180114746	1.9456164792857926	2.0
214.87631177902222	1.9456164792857926	2.0
214.89256834983826	1.9488487041242828	2.0
214.90727496147156	1.9488487041242828	2.0
214.92007207870483	1.9488487041242828	2.0
214.93470692634583	1.9520266868395968	2.0
214.94992089271545	1.9520266868395968	2.0
214.96975135803223	1.9520266868395968	2.0
214.9854986667633	1.9556859497853303	2.0
214.99906706809998	1.9556859497853303	2.0
215.01259446144104	1.959380519937	2.0
215.02834677696228	1.959380519937	2.0
215.04207229614258	1.959380519937	2.0
215.0583302974701	1.9632593548981323	2.0
215.07066416740417	1.9632593548981323	2.0
215.08299779891968	1.9632593548981323	2.0
215.09868502616882	1.9672486761135684	2.0
215.11365604400635	1.9672486761135684	2.0
215.1432580947876	1.9672486761135684	2.0
215.15549564361572	1.9688729380422476	2.0
215.16720175743103	1.9688729380422476	2.0
215.18347096443176	1.9688729380422476	2.0
215.19889330863953	1.971727148907863	2.0
215.21488904953003	1.971727148907863	2.0
215.2317774295807	1.9739824511884136	2.0
215.2438952922821	1.9739824511884136	2.0
215.2603006362915	1.9739824511884136	2.0
215.27719950675964	1.975563545998423	2.0
215.29284191131592	1.975563545998423	2.0
215.30895447731018	1.975563545998423	2.0
215.32160568237305	1.9782854966163221	2.0
215.3367691040039	1.9782854966163221	2.0
215.35315489768982	1.9782854966163221	2.0
215.37094044685364	1.9813936168321447	2.0
215.385577917099	1.9813936168321447	2.0
215.3972613811493	1.9813936168321447	2.0
215.411150932312	1.9835573532563404	2.0
215.42605233192444	1.9835573532563404	2.0
215.44703602790833	1.9835573532563404	2.0
215.4629397392273	1.9855799656082982	2.0
215.4745695590973	1.9855799656082982	2.0
215.488201379776	1.9855799656082982	2.0
215.50527215003967	1.9868462091597503	2.0
215.52081036567688	1.9868462091597503	2.0
215.53440737724304	1.9868462091597503	2.0
215.55025386810303	1.988288427504914	2.0
215.56630277633667	1.988288427504914	2.0
215.58242177963257	1.9901254331867322	2.0
215.5969636440277	1.9901254331867322	2.0
215.6084496974945	1.9901254331867322	2.0
215.6219401359558	1.9927714647818466	2.0
215.63780331611633	1.9927714647818466	2.0
215.6517379283905	1.9927714647818466	2.0
215.66891241073608	1.9951247954715725	2.0
215.6811499595642	1.9951247954715725	2.0
215.6930227279663	1.9951247954715725	2.0
215.71223211288452	1.9963650706576768	2.0
215.72662949562073	1.9963650706576768	2.0
215.75036644935608	1.9963650706576768	2.0
215.76345896720886	1.9973189645621026	2.0
215.77640771865845	1.9973189645621026	2.0
215.792062997818	1.9973189645621026	2.0
215.8071801662445	1.9976950819272272	2.0
215.82287621498108	1.9976950819272272	2.0
215.84009790420532	1.9976950819272272	2.0
215.8539924621582	1.9984150001163605	2.0
215.8689830303192	1.9984150001163605	2.0
215.8865101337433	1.9984150001163605	2.0
215.90105509757996	1.9986349033938673	2.0
215.91507077217102	1.9986349033938673	2.0
215.93086314201355	1.9986349033938673	2.0
215.94433903694153	1.9989196081182772	2.0
215.96153092384338	1.9989196081182772	2.0
215.97886991500854	1.999233012431434	2.0
215.99474692344666	1.999233012431434	2.0
216.00695419311523	1.999233012431434	2.0
216.02313256263733	1.9993712307669775	2.0
216.0384645462036	1.9993712307669775	2.0
216.05313158035278	1.9993712307669775	2.0
216.0699360370636	1.997596616921387	2.0
216.08217883110046	1.997596616921387	2.0
216.09718108177185	1.997596616921387	2.0
216.1125841140747	1.996368521222897	2.0
216.12548279762268	1.996368521222897	2.0
216.14125776290894	1.996368521222897	2.0
216.15772438049316	1.9959912118387328	2.0
216.1696741580963	1.9959912118387328	2.0
216.18663954734802	1.9959912118387328	2.0
216.2025067806244	1.995952399830859	2.0
216.216703414917	1.995952399830859	2.0
216.23297119140625	1.995952399830859	2.0
216.24536561965942	1.9958618101517895	2.0
216.25717043876648	1.9958618101517895	2.0
216.27425622940063	1.9958618101517895	2.0
216.2892918586731	1.9965780556373431	2.0
216.30060267448425	1.9965780556373431	2.0
216.31416773796082	1.9965780556373431	2.0
216.32990336418152	1.9965780556373431	2.0
216.34609460830688	1.9975782268087143	2.0
216.36068511009216	1.9975782268087143	2.0
216.37638640403748	1.9997293595164887	2.0
216.3912525177002	1.9997293595164887	2.0
216.41069531440735	1.9997293595164887	2.0
216.4267966747284	2.0017077558853003	2.0
216.44183039665222	2.0017077558853003	2.0
216.45513916015625	2.0017077558853003	2.0
216.47099256515503	2.0032882548116615	2.0
216.4852066040039	2.0032882548116615	2.0
216.50109457969666	2.0032882548116615	2.0
216.51752924919128	2.005448373761773	2.0
216.53339958190918	2.005448373761773	2.0
216.5506772994995	2.0070834944496942	2.0
216.56645345687866	2.0070834944496942	2.0
216.58317041397095	2.0070834944496942	2.0
216.60085916519165	2.0099177954912553	2.0
216.61745715141296	2.0099177954912553	2.0
216.63274598121643	2.0122528672125672	2.0
216.64824748039246	2.0122528672125672	2.0
216.6617956161499	2.0122528672125672	2.0
216.6788592338562	2.0147701600818366	2.0
216.69356417655945	2.0147701600818366	2.0
216.70729303359985	2.0147701600818366	2.0
216.72855401039124	2.0164148114359586	2.0
216.7441098690033	2.0164148114359586	2.0
216.76887035369873	2.0170859162713355	2.0
216.78106236457825	2.0170859162713355	2.0
216.79677414894104	2.0170859162713355	2.0
216.81372380256653	2.0170652339552055	2.0
216.82985401153564	2.0170652339552055	2.0
216.84642720222473	2.0170652339552055	2.0
216.86095881462097	2.015746400702896	2.0
216.87596464157104	2.015746400702896	2.0
216.89203906059265	2.015746400702896	2.0
216.90900349617004	2.0170484455208233	2.0
216.9228343963623	2.0170484455208233	2.0
216.93628883361816	2.0170484455208233	2.0
216.95325374603271	2.0188601693059898	2.0
216.96754622459412	2.0188601693059898	2.0
216.98477435112	2.0203661669574915	2.0
216.99984049797058	2.0203661669574915	2.0
217.0133557319641	2.0203661669574915	2.0
217.02915978431702	2.022589307597141	2.0
217.0451536178589	2.022589307597141	2.0
217.0584499835968	2.022589307597141	2.0
217.07194805145264	2.0235514348194914	2.0
217.08750414848328	2.0235514348194914	2.0
217.10052180290222	2.0235514348194914	2.0
217.11775398254395	2.0253004597502393	2.0
217.13175249099731	2.0253004597502393	2.0
217.14559769630432	2.0253004597502393	2.0
217.16289710998535	2.0268373749917927	2.0
217.1765284538269	2.0268373749917927	2.0
217.19256114959717	2.0268373749917927	2.0
217.20922923088074	2.029622368402788	2.0
217.22104573249817	2.029622368402788	2.0
217.23891401290894	2.0314865333957584	2.0
217.25392031669617	2.0314865333957584	2.0
217.2842938899994	2.0314865333957584	2.0
217.29702019691467	2.0345352660936245	2.0
217.30829071998596	2.0345352660936245	2.0
217.32513332366943	2.0345352660936245	2.0
217.34112119674683	2.03522153174558	2.0
217.35555267333984	2.03522153174558	2.0
217.37860465049744	2.0391728104182216	2.0
217.39085626602173	2.0391728104182216	2.0
217.40711426734924	2.0391728104182216	2.0
217.4244441986084	nan	2.0
217.44019031524658	nan	2.0
217.45282435417175	nan	2.0
217.46772050857544	nan	2.0
217.48252964019775	nan	2.0
217.50319838523865	nan	2.0
217.52035474777222	nan	2.0
217.53339171409607	nan	2.0
217.5509159564972	nan	2.0
217.56505036354065	nan	2.0
217.58110928535461	nan	2.0
217.6005506515503	nan	2.0
217.613671541214	nan	2.0
217.6264328956604	nan	2.0
217.6424684524536	nan	2.0
217.65577340126038	nan	2.0
217.6764211654663	nan	2.0
217.69110941886902	nan	2.0
217.70225620269775	nan	2.0
217.71775913238525	nan	2.0
217.7334156036377	nan	2.0
217.74536848068237	nan	2.0
217.75880885124207	nan	2.0
217.77667760849	nan	2.0
217.79006266593933	nan	2.0
217.80747151374817	nan	2.0
217.82055759429932	nan	2.0
217.83187770843506	nan	2.0
217.84677934646606	nan	2.0
217.86383628845215	nan	2.0
217.87777829170227	nan	2.0
217.89570689201355	nan	2.0
217.90830659866333	nan	2.0
217.9199435710907	nan	2.0
217.93726015090942	nan	2.0
217.95313906669617	nan	2.0
217.96843266487122	nan	2.0
217.98649859428406	nan	2.0
217.99753165245056	nan	2.0
218.02650594711304	nan	2.0
218.04192972183228	nan	2.0
218.0591278076172	nan	2.0
218.07442998886108	nan	2.0
218.0874662399292	nan	2.0
218.1062970161438	nan	2.0
218.12575960159302	nan	2.0
218.13959741592407	nan	2.0
218.15399932861328	nan	2.0
218.16620087623596	nan	2.0
218.18219709396362	nan	2.0
218.19953513145447	nan	2.0
218.21436023712158	nan	2.0
218.23586058616638	nan	2.0
218.25123691558838	nan	2.0
218.26555132865906	nan	2.0
218.28469944000244	nan	2.0
218.2994520664215	nan	2.0
218.31230902671814	nan	2.0
218.32938194274902	nan	2.0
218.3435869216919	nan	2.0
218.36116862297058	nan	2.0
218.37710905075073	nan	2.0
218.3909397125244	nan	2.0
218.4063742160797	nan	2.0
218.42151856422424	nan	2.0
218.43567633628845	nan	2.0
218.45349192619324	nan	2.0
218.46592569351196	nan	2.0
218.47833514213562	nan	2.0
218.496239900589	nan	2.0
218.50932502746582	nan	2.0
218.52251815795898	nan	2.0
218.53915214538574	nan	2.0
218.5542755126953	nan	2.0
218.5803611278534	nan	2.0
218.59212040901184	nan	2.0
218.60609912872314	nan	2.0
218.62291646003723	nan	2.0
218.63730120658875	nan	2.0
218.6516819000244	nan	2.0
218.66706371307373	nan	2.0
218.6797375679016	nan	2.0
218.69790768623352	nan	2.0
218.71390080451965	nan	2.0
218.7323341369629	nan	2.0
218.7508065700531	nan	2.0
218.7623736858368	nan	2.0
218.77727031707764	nan	2.0
218.79447436332703	nan	2.0
218.80959510803223	nan	2.0
218.82665371894836	nan	2.0
218.84033870697021	nan	2.0
218.85183382034302	nan	2.0
218.86864304542542	nan	2.0
218.88768100738525	nan	2.0
218.90260648727417	nan	2.0
218.91534280776978	nan	2.0
218.92923951148987	nan	2.0
218.94525146484375	nan	2.0
218.96612071990967	nan	2.0
218.98223757743835	nan	2.0
219.02230167388916	nan	2.0
219.04064106941223	nan	2.0
219.0629391670227	nan	2.0
219.08062195777893	nan	2.0
219.1007902622223	nan	2.0
219.1182324886322	nan	2.0
219.1360592842102	nan	2.0
219.1582703590393	nan	2.0
219.1742343902588	nan	2.0
219.1904628276825	nan	2.0
219.20655488967896	nan	2.0
219.22327089309692	nan	2.0
219.23958945274353	nan	2.0
219.25134873390198	nan	2.0
219.26731753349304	nan	2.0
219.28306126594543	nan	2.0
219.29477500915527	nan	2.0
219.3116979598999	nan	2.0
219.32984042167664	nan	2.0
219.34544777870178	nan	2.0
219.36144995689392	nan	2.0
219.37603664398193	nan	2.0
219.3908553123474	nan	2.0
219.41214680671692	nan	2.0
219.42797374725342	nan	2.0
219.44165539741516	nan	2.0
219.4545760154724	nan	2.0
219.4706470966339	nan	2.0
219.48815035820007	nan	2.0
219.50543761253357	nan	2.0
219.51866674423218	nan	2.0
219.53400468826294	nan	2.0
219.55106449127197	nan	2.0
219.56816840171814	nan	2.0
219.58791661262512	nan	2.0
219.60249018669128	nan	2.0
219.61582589149475	nan	2.0
219.63385224342346	nan	2.0
219.65098333358765	nan	2.0
219.66663217544556	nan	2.0
219.68370652198792	nan	2.0
219.6982033252716	nan	2.0
219.7169225215912	nan	2.0
219.7316699028015	nan	2.0
219.75018429756165	nan	2.0
219.76797914505005	nan	2.0
219.7829086780548	nan	2.0
219.80419635772705	nan	2.0
219.82086992263794	nan	2.0
219.83430886268616	nan	2.0
219.84993839263916	nan	2.0
219.86521410942078	nan	2.0
219.8817389011383	nan	2.0
219.89852142333984	nan	2.0
219.91369152069092	nan	2.0
219.92661428451538	nan	2.0
219.9410400390625	nan	2.0
219.9557158946991	nan	2.0
219.9703288078308	nan	2.0
219.98733949661255	nan	2.0
220.00054597854614	nan	2.0
220.0132167339325	nan	2.0
220.03119778633118	nan	2.0
220.0452105998993	nan	2.0
220.0576617717743	nan	2.0
220.07300925254822	nan	2.0
220.08735275268555	nan	2.0
220.10393404960632	nan	2.0
220.12087774276733	nan	2.0
220.1339828968048	nan	2.0
220.1504237651825	1.9426042010997135	2.0
220.165874004364	1.9426042010997135	2.0
220.17918157577515	1.9426042010997135	2.0
220.196537733078	1.9529191747796613	2.0
220.2096664905548	1.9529191747796613	2.0
220.2235541343689	1.9529191747796613	2.0
220.2421259880066	1.9610359136909519	2.0
220.2547948360443	1.9610359136909519	2.0
220.2867522239685	1.9685416741243387	2.0
220.2983250617981	1.9685416741243387	2.0
220.33062553405762	1.974820267035145	2.0
220.34497356414795	1.974820267035145	2.0
220.3612186908722	1.974820267035145	2.0
220.3766050338745	1.9796637338859735	2.0
220.3913013935089	1.9796637338859735	2.0
220.40910243988037	1.9796637338859735	2.0
220.4255096912384	1.983901729425591	2.0
220.4413948059082	1.983901729425591	2.0
220.45483875274658	1.983901729425591	2.0
220.47095656394958	1.988086154726292	2.0
220.48554968833923	1.988086154726292	2.0
220.50265383720398	1.988086154726292	2.0
220.51920533180237	1.991146160258263	2.0
220.5345561504364	1.991146160258263	2.0
220.55179858207703	1.9942828106360835	2.0
220.56723761558533	1.9942828106360835	2.0
220.58320546150208	1.9942828106360835	2.0
220.59901547431946	1.9967231123931501	2.0
220.6125774383545	1.9967231123931501	2.0
220.62951135635376	1.9967231123931501	2.0
220.64492344856262	1.9984370295514586	2.0
220.65838980674744	1.9984370295514586	2.0
220.67511510849	1.9984370295514586	2.0
220.6879165172577	2.000470430467379	2.0
220.69948816299438	2.000470430467379	2.0
220.71523308753967	2.000470430467379	2.0
220.73072290420532	2.0006955863957443	2.0
220.7452929019928	2.0006955863957443	2.0
220.76167011260986	2.0006955863957443	2.0
220.77636313438416	2.002122637085951	2.0
220.79129314422607	2.002122637085951	2.0
220.80881118774414	2.002122637085951	2.0
220.82058715820312	2.0030063676035432	2.0
220.83276343345642	2.0030063676035432	2.0
220.84956860542297	2.0030063676035432	2.0
220.86642241477966	2.0042234900933353	2.0
220.88137674331665	2.0042234900933353	2.0
220.90023374557495	2.0042234900933353	2.0
220.91200399398804	2.0050738463354536	2.0
220.9267075061798	2.0050738463354536	2.0
220.94489741325378	2.0050738463354536	2.0
220.9608669281006	2.005649002530896	2.0
220.97309732437134	2.005649002530896	2.0
220.98583030700684	2.005649002530896	2.0
221.001384973526	2.00607379464764	2.0
221.0165092945099	2.00607379464764	2.0
221.0381543636322	2.006550915859761	2.0
221.051762342453	2.006550915859761	2.0
221.06388330459595	2.006550915859761	2.0
221.07883954048157	2.006578700897835	2.0
221.0941026210785	2.006578700897835	2.0
221.1103117465973	2.006578700897835	2.0
221.1266758441925	2.006537443911534	2.0
221.13804531097412	2.006537443911534	2.0
221.14982104301453	2.006537443911534	2.0
221.1656391620636	2.008547926181926	2.0
221.1793258190155	2.008547926181926	2.0
221.21254467964172	2.009386400355479	2.0
221.22362613677979	2.009386400355479	2.0
221.24146723747253	2.009386400355479	2.0
221.2576620578766	2.01072125426911	2.0
221.27212834358215	2.01072125426911	2.0
221.2975401878357	2.01072125426911	2.0
221.30925107002258	2.013284211476685	2.0
221.32423734664917	2.013284211476685	2.0
221.34066104888916	2.013284211476685	2.0
221.35459852218628	2.015949396263965	2.0
221.3734667301178	2.015949396263965	2.0
221.3872992992401	2.0195190158415257	2.0
221.40197706222534	2.0195190158415257	2.0
221.4246335029602	2.0195190158415257	2.0
221.44020462036133	2.022293246915834	2.0
221.4537239074707	2.022293246915834	2.0
221.4651596546173	2.022293246915834	2.0
221.47953271865845	2.026100622165335	2.0
221.49421405792236	2.026100622165335	2.0
221.51116633415222	2.026100622165335	2.0
221.52650547027588	2.030491828443781	2.0
221.54300093650818	2.030491828443781	2.0
221.55828714370728	2.033665876825744	2.0
221.57448363304138	2.033665876825744	2.0
221.58601880073547	2.033665876825744	2.0
221.60004544258118	2.0379260790594897	2.0
221.61491465568542	2.0379260790594897	2.0
221.6317937374115	2.0379260790594897	2.0
221.6509506702423	2.0428022167983433	2.0
221.66341137886047	2.0428022167983433	2.0
221.6783709526062	2.0428022167983433	2.0
221.69388580322266	2.0469659347470612	2.0
221.70776414871216	2.0469659347470612	2.0
221.72442078590393	2.0469659347470612	2.0
221.7394335269928	2.048942353271932	2.0
221.75072169303894	2.048942353271932	2.0
221.76503610610962	2.048942353271932	2.0
221.78319358825684	2.0509670984595685	2.0
221.80137944221497	2.0509670984595685	2.0
221.81981992721558	2.0518938792313053	2.0
221.832204580307	2.0518938792313053	2.0
221.84671020507812	2.0518938792313053	2.0
221.8639476299286	2.0537110150978477	2.0
221.87808990478516	2.0537110150978477	2.0
221.89536595344543	2.0537110150978477	2.0
221.91154098510742	2.0554416714575416	2.0
221.92380499839783	2.0554416714575416	2.0
221.9530746936798	2.0575296089423096	2.0
221.96759033203125	2.0575296089423096	2.0
221.98339414596558	2.0575296089423096	2.0
221.99825286865234	2.0607556101378113	2.0
222.01377964019775	2.0607556101378113	2.0
222.03663659095764	2.0630829953203276	2.0
222.05152535438538	2.0630829953203276	2.0
222.06541323661804	2.0630829953203276	2.0
222.0805492401123	2.0649369371269284	2.0
222.09552764892578	2.0649369371269284	2.0
222.10995268821716	2.0649369371269284	2.0
222.12737846374512	2.067522582731324	2.0
222.14009761810303	2.067522582731324	2.0
222.15210628509521	2.067522582731324	2.0
222.16630601882935	2.070518286752516	2.0
222.18295240402222	2.070518286752516	2.0
222.19742345809937	2.070518286752516	2.0
222.21409368515015	2.074581021612764	2.0
222.22567296028137	2.074581021612764	2.0
222.23837304115295	2.074581021612764	2.0
222.2547483444214	2.0774418618341146	2.0
222.2691035270691	2.0774418618341146	2.0
222.2802324295044	2.0774418618341146	2.0
222.2944459915161	2.0787296142803635	2.0
222.3105273246765	2.0787296142803635	2.0
222.32413578033447	2.0787296142803635	2.0
222.34166049957275	2.0783590923050794	2.0
222.35382533073425	2.0783590923050794	2.0
222.36484026908875	2.0783590923050794	2.0
222.38208961486816	2.0783590923050794	2.0
222.3964262008667	2.0787966108579554	2.0
222.4118046760559	2.0787966108579554	2.0
222.42965722084045	2.0772461688837964	2.0
222.44122529029846	2.0772461688837964	2.0
222.45404028892517	2.0772461688837964	2.0
222.47212266921997	2.0772461688837964	2.0
222.48677587509155	2.0738251774408547	2.0
222.50477480888367	2.0738251774408547	2.0
222.51961660385132	2.0703391735996255	2.0
222.53330206871033	2.0703391735996255	2.0
222.56262636184692	2.0703391735996255	2.0
222.578617811203	2.067227871440517	2.0
222.59328746795654	2.067227871440517	2.0
222.61124300956726	2.0636749111005734	2.0
222.6263701915741	2.0636749111005734	2.0
222.64417338371277	2.0636749111005734	2.0
222.66201877593994	2.058081661515856	2.0
222.6768856048584	2.058081661515856	2.0
222.69487953186035	2.0539707730245027	2.0
222.71197891235352	2.0539707730245027	2.0
222.72671556472778	2.0539707730245027	2.0
222.74375438690186	2.051340561386648	2.0
222.7554214000702	2.051340561386648	2.0
222.7674446105957	2.051340561386648	2.0
222.7849714756012	2.0497362631348506	2.0
222.80027103424072	2.0497362631348506	2.0
222.83248496055603	2.0476175565940626	2.0
222.84422636032104	2.0476175565940626	2.0
222.8599555492401	2.0476175565940626	2.0
222.87795543670654	2.047046564858525	2.0
222.89312529563904	2.047046564858525	2.0
222.91059613227844	2.047046564858525	2.0
222.92453455924988	2.0473364242825065	2.0
222.93874073028564	2.0473364242825065	2.0
222.95668745040894	2.0473364242825065	2.0
222.97268271446228	2.046887246305554	2.0
222.98639941215515	2.046887246305554	2.0
223.00093603134155	2.046887246305554	2.0
223.01386404037476	2.045686505058069	2.0
223.0304799079895	2.045686505058069	2.0
223.04659295082092	2.045686505058069	2.0
223.06032347679138	2.0449019161956867	2.0
223.07731199264526	2.0449019161956867	2.0
223.0938365459442	2.045348390098221	2.0
223.11121225357056	2.045348390098221	2.0
223.12546586990356	2.045348390098221	2.0
223.13933300971985	2.045305230536899	2.0
223.15428256988525	2.045305230536899	2.0
223.17601084709167	2.044627179073166	2.0
223.19117426872253	2.044627179073166	2.0
223.2036211490631	2.044627179073166	2.0
223.21719789505005	2.044627179073166	2.0
223.2321376800537	2.043833451592567	2.0
223.24648594856262	2.043833451592567	2.0
223.26664900779724	2.0415956689922443	2.0
223.28022623062134	2.0415956689922443	2.0
223.29359531402588	2.0415956689922443	2.0
223.30983471870422	2.0389544414171583	2.0
223.32403683662415	2.0389544414171583	2.0
223.34147381782532	2.0389544414171583	2.0
223.35719680786133	2.0357653203941064	2.0
223.36900925636292	2.0357653203941064	2.0
223.38312029838562	2.0357653203941064	2.0
223.40009546279907	2.033363916381918	2.0
223.414137840271	2.033363916381918	2.0
223.430810213089	2.033363916381918	2.0
223.447274684906	2.030559032132834	2.0
223.45903062820435	2.030559032132834	2.0
223.47755193710327	2.030559032132834	2.0
223.4936180114746	2.027423346374319	2.0
223.51025104522705	2.027423346374319	2.0
223.52898573875427	2.024670915940038	2.0
223.54397416114807	2.024670915940038	2.0
223.56127095222473	2.024670915940038	2.0
223.57875204086304	2.022516875446513	2.0
223.5934886932373	2.022516875446513	2.0
223.6130633354187	2.0206851744671086	2.0
223.62821412086487	2.0206851744671086	2.0
223.64324569702148	2.0206851744671086	2.0
223.66097903251648	2.0179724642659	2.0
223.6749987602234	2.0179724642659	2.0
223.68738770484924	2.0179724642659	2.0
223.7016625404358	2.017120063599691	2.0
223.71730828285217	2.017120063599691	2.0
223.73418998718262	2.017120063599691	2.0
223.75185680389404	2.0162854722732995	2.0
223.76332426071167	2.0162854722732995	2.0
223.77594876289368	2.0162854722732995	2.0
223.7934114933014	2.016546191258734	2.0
223.8064522743225	2.016546191258734	2.0
223.81950426101685	2.016546191258734	2.0
223.83547854423523	2.01628534885944	2.0
223.85005903244019	2.01628534885944	2.0
223.8667733669281	2.01628534885944	2.0
223.88232254981995	2.017324379685493	2.0
223.89373397827148	2.017324379685493	2.0
223.91003727912903	2.017324379685493	2.0
223.92654299736023	2.0194585808075605	2.0
223.93908524513245	2.0194585808075605	2.0
223.9553713798523	2.0194585808075605	2.0
223.96922326087952	2.0208473558166706	2.0
223.98189425468445	2.0208473558166706	2.0
223.99888610839844	2.0208473558166706	2.0
224.0149757862091	2.022109004212392	2.0
224.0299849510193	2.022109004212392	2.0
224.04579186439514	2.022109004212392	2.0
224.06008887290955	2.023195621227276	2.0
224.07275819778442	2.023195621227276	2.0
224.09250450134277	2.023195621227276	2.0
224.10812306404114	2.024797711833755	2.0
224.12335014343262	2.024797711833755	2.0
224.13955569267273	2.026506309408999	2.0
224.15558195114136	2.026506309408999	2.0
224.17206144332886	2.026506309408999	2.0
224.18835043907166	2.0286544585296635	2.0
224.20299553871155	2.0286544585296635	2.0
224.21552300453186	2.0286544585296635	2.0
224.23141169548035	2.0301093221660267	2.0
224.24537682533264	2.0301093221660267	2.0
224.26412916183472	2.03228373025257	2.0
224.2787892818451	2.03228373025257	2.0
224.29149103164673	2.03228373025257	2.0
224.30676770210266	2.034638575078888	2.0
224.32207465171814	2.034638575078888	2.0
224.33620285987854	2.034638575078888	2.0
224.35278582572937	2.0372619248072814	2.0
224.36574578285217	2.0372619248072814	2.0
224.37882375717163	2.0372619248072814	2.0
224.39474511146545	2.040164641628921	2.0
224.40978026390076	2.040164641628921	2.0
224.42421102523804	2.040164641628921	2.0
224.4405233860016	2.043570495298961	2.0
224.45266675949097	2.043570495298961	2.0
224.46760082244873	2.043570495298961	2.0
224.48337483406067	2.0468927835961837	2.0
224.4966287612915	2.0468927835961837	2.0
224.5117690563202	2.0468927835961837	2.0
224.52938532829285	2.049384765711738	2.0
224.5427644252777	2.049384765711738	2.0
224.5586199760437	2.049384765711738	2.0
224.57462787628174	2.0519279647988635	2.0
224.58883786201477	2.0519279647988635	2.0
224.62105870246887	2.0541803887119072	2.0
224.6362178325653	2.0541803887119072	2.0
224.65115594863892	2.0541803887119072	2.0
224.66462230682373	2.0558953975258074	2.0
224.6800193786621	2.0558953975258074	2.0
224.69918489456177	2.0558953975258074	2.0
224.71554827690125	2.0579557716877073	2.0
224.73038482666016	2.0579557716877073	2.0
224.7429039478302	2.0579557716877073	2.0
224.75650334358215	2.0594417463558488	2.0
224.77179861068726	2.0594417463558488	2.0
224.7889759540558	2.0594417463558488	2.0
224.80628323554993	2.0591552102112707	2.0
224.8191614151001	2.0591552102112707	2.0
224.8371822834015	2.058679870503734	2.0
224.85283946990967	2.058679870503734	2.0
224.8674373626709	2.058679870503734	2.0
224.8855459690094	2.056780613857711	2.0
224.8974335193634	2.056780613857711	2.0
224.91260814666748	2.056780613857711	2.0
224.9279363155365	2.05569500204446	2.0
224.94195675849915	2.05569500204446	2.0
224.95785880088806	2.05569500204446	2.0
224.97328519821167	2.055274027416994	2.0
224.98473000526428	2.055274027416994	2.0
225.01566123962402	2.054446647957685	2.0
225.02940893173218	2.054446647957685	2.0
225.05026721954346	2.054446647957685	2.0
225.06285095214844	2.0535060155214238	2.0
225.07622981071472	2.0535060155214238	2.0
225.09600162506104	2.0535060155214238	2.0
225.11128997802734	2.053105535976474	2.0
225.12586760520935	2.053105535976474	2.0
225.138934135437	2.053105535976474	2.0
225.15137100219727	2.0523339848086914	2.0
225.1667468547821	2.0523339848086914	2.0
225.18316388130188	2.0523339848086914	2.0
225.19875836372375	2.051492483129587	2.0
225.21213173866272	2.051492483129587	2.0
225.2263708114624	2.051492483129587	2.0
225.24057865142822	2.052561367860126	2.0
225.2568929195404	2.052561367860126	2.0
225.27482175827026	2.0542132873995955	2.0
225.28964400291443	2.0542132873995955	2.0
225.30131340026855	2.0542132873995955	2.0
225.31645584106445	2.056946143710456	2.0
225.33133053779602	2.056946143710456	2.0
225.3457112312317	2.056946143710456	2.0
225.35942673683167	2.0588287381558588	2.0
225.3738853931427	2.0588287381558588	2.0
225.38930535316467	2.0588287381558588	2.0
225.40625858306885	2.06120099045519	2.0
225.42000007629395	2.06120099045519	2.0
225.43378281593323	2.06120099045519	2.0
225.45026636123657	2.062496819966374	2.0
225.46511960029602	2.062496819966374	2.0
225.48564887046814	2.062496819966374	2.0
225.50065207481384	2.063913071967852	2.0
225.51251912117004	2.063913071967852	2.0
225.5305769443512	2.063913071967852	2.0
225.5448112487793	2.0666719927734163	2.0
225.56334137916565	2.0666719927734163	2.0
225.57911658287048	2.0697470715838633	2.0
225.59534215927124	2.0697470715838633	2.0
225.6142337322235	2.0697470715838633	2.0
225.6285319328308	2.0729766288110967	2.0
225.64430499076843	2.0729766288110967	2.0
225.66457390785217	2.0729766288110967	2.0
225.68050599098206	2.07499533486268	2.0
225.70536255836487	2.07499533486268	2.0
225.72264409065247	2.0769042070744543	2.0
225.74100875854492	2.0769042070744543	2.0
225.75986313819885	2.0800667895165748	2.0
225.775310754776	2.0800667895165748	2.0
225.7902443408966	2.0800667895165748	2.0
225.8067798614502	2.0821334794507944	2.0
225.82027506828308	2.0821334794507944	2.0
225.83408880233765	2.0821334794507944	2.0
225.8526520729065	2.084988282439925	2.0
225.8670027256012	2.084988282439925	2.0
225.88464903831482	2.084988282439925	2.0
225.89900517463684	2.089476158075415	2.0
225.91007447242737	2.089476158075415	2.0
225.92396187782288	2.089476158075415	2.0
225.94011402130127	2.0935488283332058	2.0
225.9535825252533	2.0935488283332058	2.0
225.9834496974945	2.0968117497773453	2.0
225.99544024467468	2.0968117497773453	2.0
226.02521204948425	2.1001589849990205	2.0
226.04006457328796	2.1001589849990205	2.0
226.0562801361084	2.1001589849990205	2.0
226.0691783428192	2.103634159926723	2.0
226.081787109375	2.103634159926723	2.0
226.0987470149994	2.103634159926723	2.0
226.11431002616882	2.1063560168190185	2.0
226.12711191177368	2.1063560168190185	2.0
226.15453100204468	2.1063560168190185	2.0
226.16992044448853	2.1079978009504265	2.0
226.18695282936096	2.1079978009504265	2.0
226.20061612129211	2.108994647487974	2.0
226.21356415748596	2.108994647487974	2.0
226.2356448173523	2.108994647487974	2.0
226.25262904167175	2.1098680510684327	2.0
226.26711893081665	2.1098680510684327	2.0
226.2793276309967	2.1098680510684327	2.0
226.2934763431549	2.1083575176632605	2.0
226.308851480484	2.1083575176632605	2.0
226.32658219337463	2.1083575176632605	2.0
226.34299397468567	2.1056479986654812	2.0
226.35555934906006	2.1056479986654812	2.0
226.36881756782532	2.1056479986654812	2.0
226.38389468193054	2.1026707449696405	2.0
226.4001533985138	2.1026707449696405	2.0
226.41770267486572	2.09976829907082	2.0
226.431165933609	2.09976829907082	2.0
226.44367909431458	2.09976829907082	2.0
226.45987462997437	2.09976829907082	2.0
226.47450733184814	2.096445953800287	2.0
226.50660395622253	2.0935071153326525	2.0
226.5184144973755	2.0935071153326525	2.0
226.53193163871765	2.0935071153326525	2.0
226.54890179634094	2.0935071153326525	2.0
226.5656578540802	2.090898619874301	2.0
226.5870590209961	2.090898619874301	2.0
226.60317206382751	2.0893294263259135	2.0
226.61862897872925	2.0893294263259135	2.0
226.63585877418518	2.0893294263259135	2.0
226.6528925895691	2.0872794461651436	2.0
226.66669464111328	2.0872794461651436	2.0
226.6808156967163	2.0872794461651436	2.0
226.6959400177002	2.0861727168759705	2.0
226.7112421989441	2.0861727168759705	2.0
226.73181223869324	2.0876780047454284	2.0
226.74597597122192	2.0876780047454284	2.0
226.75868725776672	2.0876780047454284	2.0
226.77459073066711	2.0885076471266495	2.0
226.79009771347046	2.0885076471266495	2.0
226.80318427085876	2.0885076471266495	2.0
226.81803464889526	2.0899226109994817	2.0
226.83351588249207	2.0899226109994817	2.0
226.8481044769287	2.0899226109994817	2.0
226.86637473106384	2.091267402689734	2.0
226.8792610168457	2.091267402689734	2.0
226.89170265197754	2.091267402689734	2.0
226.9069745540619	2.0923734034224526	2.0
226.9217004776001	2.0923734034224526	2.0
226.93756985664368	2.0923734034224526	2.0
226.95345616340637	2.092429136724173	2.0
226.96519994735718	2.092429136724173	2.0
226.98108553886414	2.092429136724173	2.0
226.9969244003296	2.0931672748222425	2.0
227.0094940662384	2.0931672748222425	2.0
227.0299413204193	2.0931672748222425	2.0
227.04490756988525	2.0933410946154165	2.0
227.06038212776184	2.0933410946154165	2.0
227.076801776886	2.0933410946154165	2.0
227.09140920639038	2.093190039305257	2.0
227.10699319839478	2.093190039305257	2.0
227.12379240989685	2.0925949269989097	2.0
227.13707828521729	2.0925949269989097	2.0
227.15632271766663	2.0925949269989097	2.0
227.17224836349487	2.090997465211217	2.0
227.18735337257385	2.090997465211217	2.0
227.20031881332397	2.090997465211217	2.0
227.21431183815002	2.0906647184966123	2.0
227.22925448417664	2.0906647184966123	2.0
227.24837231636047	2.0906647184966123	2.0
227.2626097202301	2.0902261869432146	2.0
227.2762269973755	2.0902261869432146	2.0
227.2877335548401	2.0902261869432146	2.0
227.30326128005981	2.0885176862032604	2.0
227.31806588172913	2.0885176862032604	2.0
227.3403823375702	2.0881074235982187	2.0
227.35509872436523	2.0881074235982187	2.0
227.36785793304443	2.0881074235982187	2.0
227.3811492919922	2.0880419263055425	2.0
227.39703488349915	2.0880419263055425	2.0
227.41408348083496	2.0880419263055425	2.0
227.43085861206055	2.0876603285063764	2.0
227.4423496723175	2.0876603285063764	2.0
227.45911502838135	2.0876603285063764	2.0
227.475243806839	2.086841916979332	2.0
227.488299369812	2.086841916979332	2.0
227.5084409713745	2.086841916979332	2.0
227.52341985702515	2.0861794871472443	2.0
227.53733563423157	2.0861794871472443	2.0
227.56682348251343	2.0861532435213883	2.0
227.58371257781982	2.0861532435213883	2.0
227.60231065750122	2.0861532435213883	2.0
227.61825442314148	2.0860480327704716	2.0
227.640070438385	2.0860480327704716	2.0
227.65733861923218	2.084573442756729	2.0
227.67215299606323	2.084573442756729	2.0
227.69166135787964	2.084573442756729	2.0
227.70908188819885	2.081876169992578	2.0
227.72339844703674	2.081876169992578	2.0
227.73816013336182	2.081876169992578	2.0
227.75374794006348	2.0808557627691084	2.0
227.77046656608582	2.0808557627691084	2.0
227.7846601009369	2.077896450198433	2.0
227.79896521568298	2.077896450198433	2.0
227.81223440170288	2.077896450198433	2.0
227.82948899269104	2.075091372149223	2.0
227.84441351890564	2.075091372149223	2.0
227.86588740348816	2.0716671534437765	2.0
227.881174325943	2.0716671534437765	2.0
227.89295196533203	2.0716671534437765	2.0
227.9098207950592	2.0685509150656776	2.0
227.92490792274475	2.0685509150656776	2.0
227.9405574798584	2.0685509150656776	2.0
227.96144485473633	2.0651507856544162	2.0
227.97391819953918	2.0651507856544162	2.0
227.9905505180359	2.0651507856544162	2.0
228.00809121131897	2.061702309336794	2.0
228.02189540863037	2.061702309336794	2.0
228.04290390014648	2.061702309336794	2.0
228.05567455291748	2.058593073451694	2.0
228.06995129585266	2.058593073451694	2.0
228.08839964866638	2.0548833966239686	2.0
228.1047134399414	2.0548833966239686	2.0
228.12014174461365	2.0548833966239686	2.0
228.1352834701538	2.0532268533805413	2.0
228.14871048927307	2.0532268533805413	2.0
228.1667938232422	2.0532268533805413	2.0
228.1867446899414	2.0511099649591067	2.0
228.20067167282104	2.0511099649591067	2.0
228.21465182304382	2.0511099649591067	2.0
228.23248267173767	2.049560281543779	2.0
228.24732661247253	2.049560281543779	2.0
228.26563572883606	2.049560281543779	2.0
228.28202104568481	2.0490858940757484	2.0
228.29421734809875	2.0490858940757484	2.0
228.30894327163696	2.0492057879877437	2.0
228.32373666763306	2.0492057879877437	2.0
228.33649563789368	2.0492057879877437	2.0
228.351989030838	2.049376108856052	2.0
228.3674156665802	2.049376108856052	2.0
228.3821816444397	2.049376108856052	2.0
228.39854288101196	2.0503550095628142	2.0
228.41167402267456	2.0503550095628142	2.0
228.42403292655945	2.0503550095628142	2.0
228.44031190872192	2.051049724139344	2.0
228.45485949516296	2.051049724139344	2.0
228.47141695022583	2.051049724139344	2.0
228.48852157592773	2.051698744289421	2.0
228.4998197555542	2.051698744289421	2.0
228.5130968093872	2.051698744289421	2.0
228.53060460090637	2.0538692949146737	2.0
228.54464960098267	2.0538692949146737	2.0
228.5637013912201	2.0538692949146737	2.0
228.58136129379272	2.0554654196495616	2.0
228.59721088409424	2.0554654196495616	2.0
228.61977410316467	2.0554654196495616	2.0
228.6358141899109	2.056620610981469	2.0
228.65217089653015	2.056620610981469	2.0
228.6675100326538	2.058475270522666	2.0
228.68240523338318	2.058475270522666	2.0
228.7089729309082	2.059181990034862	2.0
228.72447204589844	2.059181990034862	2.0
228.74395751953125	2.059181990034862	2.0
228.7597107887268	2.061330746226386	2.0
228.77487993240356	2.061330746226386	2.0
228.79539608955383	2.061330746226386	2.0
228.8110876083374	2.0624867001231637	2.0
228.8233323097229	2.0624867001231637	2.0
228.84116744995117	2.0631359307810486	2.0
228.85613322257996	2.0631359307810486	2.0
228.88468027114868	2.0639761420386225	2.0
228.89750337600708	2.0639761420386225	2.0
228.90887832641602	2.0639761420386225	2.0
228.93080615997314	2.063740844260132	2.0
228.94652199745178	2.063740844260132	2.0
228.96414232254028	2.063740844260132	2.0
228.98088192939758	2.0633868880110655	2.0
228.99333119392395	2.0633868880110655	2.0
229.0119252204895	2.0633868880110655	2.0
229.02997040748596	2.062336370120972	2.0
229.04560041427612	2.062336370120972	2.0
229.0595202445984	2.062336370120972	2.0
229.07224202156067	2.060576982204012	2.0
229.08807706832886	2.060576982204012	2.0
229.106454372406	2.058271736019907	2.0
229.1189250946045	2.058271736019907	2.0
229.13892579078674	2.058271736019907	2.0
229.1568582057953	2.0567976066716467	2.0
229.17221879959106	2.0567976066716467	2.0
229.19138717651367	2.0567976066716467	2.0
229.20644640922546	2.053787841849512	2.0
229.22138047218323	2.053787841849512	2.0
229.23950695991516	2.051403845515343	2.0
229.25403022766113	2.051403845515343	2.0
229.26625609397888	2.051403845515343	2.0
229.28909397125244	2.048754265287058	2.0
229.3040587902069	2.048754265287058	2.0
229.3241744041443	2.0463269832885715	2.0
229.33797335624695	2.0463269832885715	2.0
229.3505642414093	2.0463269832885715	2.0
229.36681938171387	2.045187368879218	2.0
229.38130474090576	2.045187368879218	2.0
229.39722108840942	2.045187368879218	2.0
229.4153435230255	2.0436097203985555	2.0
229.42718863487244	2.0436097203985555	2.0
229.4425504207611	2.0436097203985555	2.0
229.45820140838623	2.043522015092008	2.0
229.4724338054657	2.043522015092008	2.0
229.48992586135864	2.043522015092008	2.0
229.5029821395874	2.045180954460156	2.0
229.51439213752747	2.045180954460156	2.0
229.53219842910767	2.045180954460156	2.0
229.54866099357605	2.0454035880472534	2.0
229.56560611724854	2.0454035880472534	2.0
229.58809757232666	2.0458794708562924	2.0
229.5996401309967	2.0458794708562924	2.0
229.61961770057678	2.0458794708562924	2.0
229.63688588142395	2.046422330422099	2.0
229.65272521972656	2.046422330422099	2.0
229.67103672027588	2.0478032900910925	2.0
229.6835036277771	2.0478032900910925	2.0
229.70265293121338	2.0478032900910925	2.0
229.7226755619049	2.049130935315468	2.0
229.73714756965637	2.049130935315468	2.0
229.74974250793457	2.049130935315468	2.0
229.765362739563	2.0508594817344674	2.0
229.78129196166992	2.0508594817344674	2.0
229.80165934562683	2.052363814934039	2.0
229.81727623939514	2.052363814934039	2.0
229.82969403266907	2.052363814934039	2.0
229.84700107574463	2.0543891786800197	2.0
229.862975358963	2.0543891786800197	2.0
229.87421941757202	2.0543891786800197	2.0
229.88633227348328	2.0543891786800197	2.0
229.9030990600586	2.0547568615062666	2.0
229.91841673851013	2.0547568615062666	2.0
229.9382975101471	2.0549017837181203	2.0
229.9520275592804	2.0549017837181203	2.0
229.9633765220642	2.0549017837181203	2.0
229.98135423660278	2.0549017837181203	2.0
229.99703240394592	2.0578816579769805	2.0
230.01952695846558	2.0578816579769805	2.0
230.0366735458374	2.058736465616252	2.0
230.05004477500916	2.058736465616252	2.0
230.07043862342834	2.058736465616252	2.0
230.0881597995758	2.0588583569595356	2.0
230.10303115844727	2.0588583569595356	2.0
230.11924028396606	2.0586395731392004	2.0
230.13160300254822	2.0586395731392004	2.0
230.15473413467407	2.0586395731392004	2.0
230.17159342765808	2.0586274976749257	2.0
230.18646478652954	2.0586274976749257	2.0
230.20214223861694	2.0586274976749257	2.0
230.21653413772583	2.0575038620351105	2.0
230.23147320747375	2.0575038620351105	2.0
230.25022959709167	2.0575038620351105	2.0
230.26708579063416	2.0565179810827297	2.0
230.27877116203308	2.0565179810827297	2.0
230.2935745716095	2.0565179810827297	2.0
230.30888843536377	2.055209068607936	2.0
230.32302832603455	2.055209068607936	2.0
230.34087014198303	2.0542806593906238	2.0
230.35368371009827	2.0542806593906238	2.0
230.36497235298157	2.0542806593906238	2.0
230.38214302062988	2.0542806593906238	2.0
230.3967728614807	2.0523929384437083	2.0
230.41267657279968	2.0523929384437083	2.0
230.4293351173401	2.049324863100238	2.0
230.4407217502594	2.049324863100238	2.0
230.45307517051697	2.049324863100238	2.0
230.4800055027008	2.0478547920688315	2.0
230.49538946151733	2.0478547920688315	2.0
230.51567220687866	2.0478547920688315	2.0
230.5278398990631	2.0472831614805957	2.0
230.54440999031067	2.0472831614805957	2.0
230.56770133972168	2.0465010166335906	2.0
230.5839765071869	2.0465010166335906	2.0
230.60167837142944	2.0465010166335906	2.0
230.61610794067383	2.0461310126446146	2.0
230.63143277168274	2.0461310126446146	2.0
230.6456286907196	2.0461310126446146	2.0
230.66141939163208	2.046515738834479	2.0
230.67650198936462	2.046515738834479	2.0
230.69980335235596	2.0467417639601067	2.0
230.71390652656555	2.0467417639601067	2.0
230.72614097595215	2.0467417639601067	2.0
230.7411584854126	2.0467213724715294	2.0
230.75690913200378	2.0467213724715294	2.0
230.77529168128967	2.0467213724715294	2.0
230.79369735717773	2.046779919885322	2.0
230.8063259124756	2.046779919885322	2.0
230.82248520851135	2.046779919885322	2.0
230.83907198905945	2.047465749279043	2.0
230.85469841957092	2.047465749279043	2.0
230.87324476242065	2.047987377976894	2.0
230.88510990142822	2.047987377976894	2.0
230.89924836158752	2.047987377976894	2.0
230.9188301563263	2.04850962294151	2.0
230.93229246139526	2.04850962294151	2.0
230.95355701446533	2.04850962294151	2.0
230.96629810333252	2.0484140223223153	2.0
230.97887754440308	2.0484140223223153	2.0
231.01036429405212	2.0485008036716925	2.0
231.02597761154175	2.0485008036716925	2.0
231.04570388793945	2.0485008036716925	2.0
231.05799531936646	2.04963516489581	2.0
231.07305121421814	2.04963516489581	2.0
231.09241318702698	2.0513143053240217	2.0
231.10789346694946	2.0513143053240217	2.0
231.12030363082886	2.0513143053240217	2.0
231.13385224342346	2.0513143053240217	2.0
231.14879202842712	2.0524905692608932	2.0
231.1639485359192	2.0524905692608932	2.0
231.1895933151245	2.0541051975346645	2.0
231.20153093338013	2.0541051975346645	2.0
231.21853184700012	2.0541051975346645	2.0
231.2349362373352	2.05619551587744	2.0
231.2484426498413	2.05619551587744	2.0
231.26874160766602	2.0583389164420747	2.0
231.28126072883606	2.0583389164420747	2.0
231.29258012771606	2.0583389164420747	2.0
231.30801153182983	2.0583389164420747	2.0
231.32349824905396	2.0602484764177933	2.0
231.33500337600708	2.0602484764177933	2.0
231.35553789138794	2.0602484764177933	2.0
231.37033700942993	2.062164029335025	2.0
231.3851613998413	2.062164029335025	2.0
231.40509295463562	2.064937663649252	2.0
231.41711020469666	2.064937663649252	2.0
231.44788479804993	2.064937663649252	2.0
231.46234726905823	2.068643703528925	2.0
231.4784336090088	2.068643703528925	2.0
231.49468779563904	2.0722517874914743	2.0
231.50934505462646	2.0722517874914743	2.0
231.52648425102234	2.0722517874914743	2.0
231.54437518119812	2.0756964741111927	2.0
231.55959939956665	2.0756964741111927	2.0
231.57309937477112	2.0756964741111927	2.0
231.58911228179932	2.0789178100486927	2.0
231.60513639450073	2.0789178100486927	2.0
231.62697982788086	2.0826038184208846	2.0
231.64262866973877	2.0826038184208846	2.0
231.65759992599487	2.0826038184208846	2.0
231.6767795085907	2.0862286767778246	2.0
231.69227266311646	2.0862286767778246	2.0
231.71523332595825	2.0862286767778246	2.0
231.72997951507568	2.0906520458151654	2.0
231.74443745613098	2.0906520458151654	2.0
231.76510167121887	2.0906520458151654	2.0
231.78084325790405	2.094814362749746	2.0
231.79846286773682	2.094814362749746	2.0
231.81634163856506	2.09529789278706	2.0
231.82863688468933	2.09529789278706	2.0
231.85181951522827	2.09529789278706	2.0
231.8698091506958	2.095598211259211	2.0
231.88545536994934	2.095598211259211	2.0
231.89790439605713	2.095598211259211	2.0
231.91134119033813	2.094583085631783	2.0
231.92620968818665	2.094583085631783	2.0
231.949054479599	2.090121115414849	2.0
231.96352672576904	2.090121115414849	2.0
231.97651600837708	2.090121115414849	2.0
231.99398970603943	2.0842780512879675	2.0
232.00888013839722	2.0842780512879675	2.0
232.02886629104614	2.0842780512879675	2.0
232.0435836315155	2.078490679809094	2.0
232.05547881126404	2.078490679809094	2.0
232.06907963752747	2.078490679809094	2.0
232.08561897277832	2.0710404273460403	2.0
232.09824466705322	2.0710404273460403	2.0
232.11136507987976	2.0710404273460403	2.0
232.12836074829102	2.0632818861505244	2.0
232.14275074005127	2.0632818861505244	2.0
232.1661717891693	2.0545433891237153	2.0
232.1778748035431	2.0545433891237153	2.0
232.18894577026367	2.0545433891237153	2.0
232.20457768440247	2.0545433891237153	2.0
232.2200345993042	2.046294069356274	2.0
232.23465585708618	2.046294069356274	2.0
232.25091433525085	2.046294069356274	2.0
232.26469087600708	2.041856839436449	2.0
232.27834367752075	2.041856839436449	2.0
232.30150771141052	2.036988585764478	2.0
232.3174533843994	2.036988585764478	2.0
232.33329963684082	2.036988585764478	2.0
232.34641313552856	2.0331950825012437	2.0
232.36029291152954	2.0331950825012437	2.0
232.37992882728577	2.0331950825012437	2.0
232.39883494377136	2.0313328059649307	2.0
232.41259217262268	2.0313328059649307	2.0
232.42662811279297	2.0313328059649307	2.0
232.444354057312	2.030938894790146	2.0
232.45833468437195	2.030938894790146	2.0
232.48081040382385	2.0305291146418005	2.0
232.49429082870483	2.0305291146418005	2.0
232.50587153434753	2.0305291146418005	2.0
232.52219319343567	2.032008926207257	2.0
232.53767013549805	2.032008926207257	2.0
232.55359053611755	2.032008926207257	2.0
232.57047843933105	2.0332934126542743	2.0
232.58735537528992	2.0332934126542743	2.0
232.60905694961548	2.0332934126542743	2.0
232.6254301071167	2.0346267833744633	2.0
232.64025354385376	2.0346267833744633	2.0
232.65683674812317	2.0346267833744633	2.0
232.6695215702057	2.0362315860060423	2.0
232.68538427352905	2.0362315860060423	2.0
232.70547699928284	2.036241783920373	2.0
232.72150325775146	2.036241783920373	2.0
232.7364273071289	2.036241783920373	2.0
232.74895215034485	2.0367503378315783	2.0
232.76344656944275	2.0367503378315783	2.0
232.78163266181946	2.0367503378315783	2.0
232.79833316802979	2.0374944209872283	2.0
232.81190943717957	2.0374944209872283	2.0
232.82458686828613	2.0374944209872283	2.0
232.83926582336426	2.0374377204058325	2.0
232.8545126914978	2.0374377204058325	2.0
232.86795926094055	2.0374377204058325	2.0
232.88116240501404	2.036971905639505	2.0
232.89606833457947	2.036971905639505	2.0
232.91268634796143	2.036971905639505	2.0
232.93072414398193	2.037229037308741	2.0
232.94334650039673	2.037229037308741	2.0
232.95706295967102	2.037229037308741	2.0
232.9743893146515	2.037151239891224	2.0
232.99003767967224	2.037151239891224	2.0
233.00988626480103	2.0372519048571034	2.0
233.02298307418823	2.0372519048571034	2.0
233.03467535972595	2.0372519048571034	2.0
233.0543875694275	2.0364023250251697	2.0
233.0682897567749	2.0364023250251697	2.0
233.09799528121948	2.0360231377782063	2.0
233.1102933883667	2.0360231377782063	2.0
233.12330198287964	2.0360231377782063	2.0
233.14403653144836	2.0360231377782063	2.0
233.15814232826233	2.0367378850010924	2.0
233.17673754692078	2.0367378850010924	2.0
233.19123196601868	2.0371900172324975	2.0
233.20263385772705	2.0371900172324975	2.0
233.2295970916748	2.0371900172324975	2.0
233.24502682685852	2.0367940795865094	2.0
233.26030468940735	2.0367940795865094	2.0
233.27442955970764	2.0364196062548623	2.0
233.2906141281128	2.0364196062548623	2.0
233.31538438796997	2.0364196062548623	2.0
233.33105182647705	2.0356883997031376	2.0
233.3440556526184	2.0356883997031376	2.0
233.35819268226624	2.0356883997031376	2.0
233.37387323379517	2.0340758223619515	2.0
233.38702416419983	2.0340758223619515	2.0
233.4087131023407	2.0326932077298707	2.0
233.42241668701172	2.0326932077298707	2.0
233.4352023601532	2.0326932077298707	2.0
233.4526994228363	2.0305648827692933	2.0
233.46704125404358	2.0305648827692933	2.0
233.4869885444641	2.0305648827692933	2.0
233.50399518013	2.029859882769294	2.0
233.5154628753662	2.029859882769294	2.0
233.54208827018738	2.029225382769294	2.0
233.55826354026794	2.029225382769294	2.0
233.58357906341553	2.027509618423996	2.0
233.59897327423096	2.027509618423996	2.0
233.61803555488586	2.027509618423996	2.0
233.63336038589478	2.0269344584214064	2.0
233.64466762542725	2.0269344584214064	2.0
233.66232419013977	2.0269344584214064	2.0
233.67788100242615	2.024988150632935	2.0
233.69281673431396	2.024988150632935	2.0
233.716947555542	2.024649566023251	2.0
233.72846579551697	2.024649566023251	2.0
233.74853420257568	2.024649566023251	2.0
233.76662588119507	2.0249064908881156	2.0
233.78106117248535	2.0249064908881156	2.0
233.795663356781	2.0249064908881156	2.0
233.81145787239075	2.0255497146323713	2.0
233.8276402950287	2.0255497146323713	2.0
233.849515914917	2.026503078419367	2.0
233.86427760124207	2.026503078419367	2.0
233.8776891231537	2.026503078419367	2.0
233.8946089744568	2.028547530525345	2.0
233.91121459007263	2.028547530525345	2.0
233.92784214019775	2.028547530525345	2.0
233.94467186927795	2.030810073090197	2.0
233.96109890937805	2.030810073090197	2.0
233.98048973083496	2.030810073090197	2.0
233.99703192710876	2.0328566029569783	2.0
234.0384557247162	2.0353704688122902	2.0
234.05282330513	2.0353704688122902	2.0
234.07518410682678	2.036624332464408	2.0
234.09120059013367	2.036624332464408	2.0
234.10856556892395	2.036624332464408	2.0
234.12664222717285	2.04007407958931	2.0
234.1482801437378	2.04007407958931	2.0
234.16841840744019	2.042735491004599	2.0
234.18518495559692	2.042735491004599	2.0
234.20330047607422	2.042735491004599	2.0
234.21609830856323	2.04536540713147	2.0
234.23091840744019	2.04536540713147	2.0
234.25131392478943	2.047937184257812	2.0
234.26638221740723	2.047937184257812	2.0
234.27871012687683	2.047937184257812	2.0
234.29410076141357	2.047937184257812	2.0
234.31054592132568	2.0492035874545578	2.0
234.32731914520264	2.0492035874545578	2.0
234.34531474113464	2.049811970582259	2.0
234.3577220439911	2.049811970582259	2.0
234.3726770877838	2.049811970582259	2.0
234.39146757125854	2.049343368751596	2.0
234.40376091003418	2.049343368751596	2.0
234.41782093048096	2.049343368751596	2.0
234.43961215019226	2.048198856448176	2.0
234.45499801635742	2.048198856448176	2.0
234.47871589660645	2.047330966506485	2.0
234.49060463905334	2.047330966506485	2.0
234.50545191764832	2.047330966506485	2.0
234.5256142616272	2.0468283373615868	2.0
234.54091143608093	2.0468283373615868	2.0
234.55656242370605	2.0468283373615868	2.0
234.57235646247864	2.0450163436484985	2.0
234.5863435268402	2.0450163436484985	2.0
234.60538840293884	2.0450163436484985	2.0
234.62316751480103	2.0435883394045855	2.0
234.64147186279297	2.0435883394045855	2.0
234.65848016738892	2.042000372533887	2.0
234.67385935783386	2.042000372533887	2.0
234.69408440589905	2.042000372533887	2.0
234.71109557151794	2.0404286904191515	2.0
234.7259783744812	2.0404286904191515	2.0
234.74671626091003	2.0393785523566326	2.0
234.76162815093994	2.0393785523566326	2.0
234.77564144134521	2.0393785523566326	2.0
234.79316210746765	2.038502708700462	2.0
234.8056411743164	2.038502708700462	2.0
234.81921362876892	2.038502708700462	2.0
234.8352882862091	2.0380116984475576	2.0
234.84965348243713	2.0380116984475576	2.0
234.8680555820465	2.0380116984475576	2.0
234.88362503051758	2.0375123515958373	2.0
234.89665746688843	2.0375123515958373	2.0
234.9195327758789	2.0375123515958373	2.0
234.93666625022888	2.037183801944269	2.0
234.95146894454956	2.037183801944269	2.0
234.96548128128052	2.037183801944269	2.0
234.9782750606537	2.0364033402193207	2.0
234.995667219162	2.0364033402193207	2.0
235.01686644554138	2.0352516829882346	2.0
235.03254175186157	2.0352516829882346	2.0
235.05117011070251	2.034425405029242	2.0
235.06752347946167	2.034425405029242	2.0
235.08379864692688	2.034425405029242	2.0
235.10003471374512	2.0336306781658218	2.0
235.11463618278503	2.0336306781658218	2.0
235.127671957016	2.0336306781658218	2.0
235.14316940307617	2.033362018393202	2.0
235.15887308120728	2.033362018393202	2.0
235.17498230934143	2.033362018393202	2.0
235.19026947021484	2.033088210464288	2.0
235.20493698120117	2.033088210464288	2.0
235.2217676639557	2.034174131930257	2.0
235.23744010925293	2.034174131930257	2.0
235.25007700920105	2.034174131930257	2.0
235.26583790779114	2.035364352709478	2.0
235.2805438041687	2.035364352709478	2.0
235.29852771759033	2.035364352709478	2.0
235.31590294837952	2.0358969187983114	2.0
235.32824897766113	2.0358969187983114	2.0
235.34012269973755	2.0358969187983114	2.0
235.35648560523987	2.036481552944653	2.0
235.37063002586365	2.036481552944653	2.0
235.40194725990295	2.037644539428078	2.0
235.41359734535217	2.037644539428078	2.0
235.42662978172302	2.037644539428078	2.0
235.44662046432495	2.037644539428078	2.0
235.4623851776123	2.039976332998686	2.0
235.47819066047668	2.039976332998686	2.0
235.49399781227112	2.0419793992022353	2.0
235.5080440044403	2.0419793992022353	2.0
235.52815580368042	2.0419793992022353	2.0
235.54605340957642	2.045020380910134	2.0
235.56084728240967	2.045020380910134	2.0
235.5782027244568	2.045020380910134	2.0
235.5943899154663	2.047884202513354	2.0
235.61154699325562	2.047884202513354	2.0
235.62962079048157	2.0503309419652895	2.0
235.64320588111877	2.0503309419652895	2.0
235.6568419933319	2.0503309419652895	2.0
235.67376112937927	2.0516055819652896	2.0
235.68945908546448	2.0516055819652896	2.0
235.7117223739624	2.0527080819652896	2.0
235.7253932952881	2.0527080819652896	2.0
235.7376012802124	2.0527080819652896	2.0
235.7546625137329	2.0539785743549794	2.0
235.76957654953003	2.0539785743549794	2.0
235.78425979614258	2.0539785743549794	2.0
235.80255460739136	2.0549137365836665	2.0
235.81451845169067	2.0549137365836665	2.0
235.8293023109436	2.0549137365836665	2.0
235.8499948978424	2.056853045164464	2.0
235.86259508132935	2.056853045164464	2.0
235.88089179992676	2.056853045164464	2.0
235.89737010002136	2.058448938809949	2.0
235.9111683368683	2.058448938809949	2.0
235.9321460723877	2.058448938809949	2.0
235.9438920021057	2.0588177141353947	2.0
235.9571497440338	2.0588177141353947	2.0
235.97741079330444	2.0588177141353947	2.0
235.9922857284546	2.0580829483194836	2.0
236.0096457004547	2.0580829483194836	2.0
236.0248475074768	2.0556203564742392	2.0
236.04021048545837	2.0556203564742392	2.0
236.06299257278442	2.0556203564742392	2.0
236.0806918144226	2.053874906495988	2.0
236.0938904285431	2.053874906495988	2.0
236.10584139823914	2.053874906495988	2.0
236.12310576438904	2.052635516495988	2.0
236.14082598686218	2.052635516495988	2.0
236.1588683128357	2.0511993438155756	2.0
236.17231273651123	2.0511993438155756	2.0
236.18496823310852	2.0511993438155756	2.0
236.20112824440002	2.0500738290837277	2.0
236.21606969833374	2.0500738290837277	2.0
236.23203825950623	2.0500738290837277	2.0
236.24834394454956	2.046564828600869	2.0
236.25980734825134	2.046564828600869	2.0
236.27467012405396	2.046564828600869	2.0
236.29139852523804	2.0423131096143545	2.0
236.30341053009033	2.0423131096143545	2.0
236.3331582546234	2.0379939895624406	2.0
236.3445885181427	2.0379939895624406	2.0
236.36020302772522	2.0379939895624406	2.0
236.37702417373657	2.0354945187231013	2.0
236.3930914402008	2.0354945187231013	2.0
236.4117693901062	2.0354945187231013	2.0
236.4262273311615	2.032805415573495	2.0
236.4400713443756	2.032805415573495	2.0
236.46103191375732	2.032805415573495	2.0
236.47693014144897	2.030012888961955	2.0
236.49017453193665	2.030012888961955	2.0
236.50231957435608	2.030012888961955	2.0
236.51786303520203	2.0274845481098245	2.0
236.5322732925415	2.0274845481098245	2.0
236.54842734336853	2.0274845481098245	2.0
236.56405782699585	2.025503188219715	2.0
236.57920455932617	2.025503188219715	2.0
236.59580159187317	2.0235946820588175	2.0
236.61039876937866	2.0235946820588175	2.0
236.62329530715942	2.0235946820588175	2.0
236.6358766555786	2.0215919106574436	2.0
236.65028476715088	2.0215919106574436	2.0
236.66686248779297	2.0215919106574436	2.0
236.68321776390076	2.0218129565413845	2.0
236.69754219055176	2.0218129565413845	2.0
236.71223711967468	2.0218129565413845	2.0
236.7292001247406	2.022497220205013	2.0
236.74400448799133	2.022497220205013	2.0
236.75937247276306	2.022497220205013	2.0
236.77683067321777	2.02191235541711	2.0
236.78885698318481	2.02191235541711	2.0
236.80427956581116	2.02191235541711	2.0
236.8220407962799	2.0211813741456166	2.0
236.8347520828247	2.0211813741456166	2.0
236.85233306884766	2.0211813741456166	2.0
236.86591792106628	2.0193047522706165	2.0
236.87721705436707	2.0193047522706165	2.0
236.89498209953308	2.0193047522706165	2.0
236.90933918952942	2.019015718727533	2.0
236.9252769947052	2.019015718727533	2.0
236.94201588630676	2.019015718727533	2.0
236.95343375205994	2.0186451789081574	2.0
236.96803331375122	2.0186451789081574	2.0
236.9866280555725	2.0186451789081574	2.0
237.00268268585205	2.017571538798267	2.0
237.02057480812073	2.017571538798267	2.0
237.03868508338928	2.016985756745722	2.0
237.05324840545654	2.016985756745722	2.0
237.07090139389038	2.016985756745722	2.0
237.0881848335266	2.0173211515751914	2.0
237.10238075256348	2.0173211515751914	2.0
237.11767196655273	2.0173211515751914	2.0
237.13200426101685	2.017728438718942	2.0
237.14687371253967	2.017728438718942	2.0
237.16986298561096	2.0171921738548213	2.0
237.18244671821594	2.0171921738548213	2.0
237.1950376033783	2.0171921738548213	2.0
237.21077346801758	2.018201635790912	2.0
237.22520756721497	2.018201635790912	2.0
237.24454069137573	2.018201635790912	2.0
237.26297521591187	2.0188393142305814	2.0
237.27413201332092	2.0188393142305814	2.0
237.29002261161804	2.0188393142305814	2.0
237.30770778656006	2.0207859738104994	2.0
237.32203006744385	2.0207859738104994	2.0
237.34239220619202	2.0207859738104994	2.0
237.35668778419495	2.0229959925230743	2.0
237.370667219162	2.0229959925230743	2.0
237.3933985233307	2.0254491953933433	2.0
237.40575575828552	2.0254491953933433	2.0
237.42266726493835	2.0254491953933433	2.0
237.44245052337646	2.027393677100661	2.0
237.45796871185303	2.027393677100661	2.0
237.47190260887146	2.027393677100661	2.0
237.48505640029907	2.0290351048453443	2.0
237.50136423110962	2.0290351048453443	2.0
237.5250427722931	2.0297618227699683	2.0
237.54087710380554	2.0297618227699683	2.0
237.5548005104065	2.0297618227699683	2.0
237.57051062583923	2.029555860192825	2.0
237.58598494529724	2.029555860192825	2.0
237.60423970222473	2.029555860192825	2.0
237.63009357452393	2.02931719489795	2.0
237.64610767364502	2.02931719489795	2.0
237.66484689712524	2.028660453826521	2.0
237.68048453330994	2.028660453826521	2.0
237.69780492782593	2.0259467335888943	2.0
237.7137222290039	2.0259467335888943	2.0
237.73111844062805	2.0259467335888943	2.0
237.75338101387024	2.022678063332657	2.0
237.76816296577454	2.022678063332657	2.0
237.78573083877563	2.019635721758841	2.0
237.7980465888977	2.019635721758841	2.0
237.81124830245972	2.019635721758841	2.0
237.82841992378235	2.019635721758841	2.0
237.84397387504578	2.0162436812684468	2.0
237.86523246765137	2.0162436812684468	2.0
237.88086462020874	2.011883921783352	2.0
237.89571738243103	2.011883921783352	2.0
237.9184055328369	2.008232545841614	2.0
237.93347334861755	2.008232545841614	2.0
237.94678378105164	2.008232545841614	2.0
237.95993065834045	2.008232545841614	2.0
237.97576522827148	2.0050539692018363	2.0
237.9920105934143	2.0050539692018363	2.0
238.0091803073883	2.0036590167964006	2.0
238.02400493621826	2.0036590167964006	2.0
238.03676533699036	2.0036590167964006	2.0
238.05296158790588	2.0024279605705493	2.0
238.06795835494995	2.0024279605705493	2.0
238.0830795764923	2.0024279605705493	2.0
238.09985637664795	2.0019928232079125	2.0
238.11285710334778	2.0019928232079125	2.0
238.12628197669983	2.0019928232079125	2.0
238.14243626594543	2.003638516113006	2.0
238.15708565711975	2.003638516113006	2.0
238.17267656326294	2.005534525587403	2.0
238.1874349117279	2.005534525587403	2.0
238.20386576652527	2.005534525587403	2.0
238.2208948135376	2.0079319935089286	2.0
238.2350218296051	2.0079319935089286	2.0
238.2475621700287	2.0079319935089286	2.0
238.26291370391846	2.0097731794853146	2.0
238.2780659198761	2.0097731794853146	2.0
238.29706072807312	2.0097731794853146	2.0
238.31475043296814	2.0127025991549847	2.0
238.32789158821106	2.0127025991549847	2.0
238.34247374534607	2.0127025991549847	2.0
238.36043739318848	2.0159552290580764	2.0
238.37447595596313	2.0159552290580764	2.0
238.39340543746948	2.0186724213874485	2.0
238.40642714500427	2.0186724213874485	2.0
238.4190969467163	2.0186724213874485	2.0
238.44029545783997	2.0186724213874485	2.0
238.45740675926208	2.0211555862044497	2.0
238.47184681892395	2.0211555862044497	2.0
238.48524403572083	2.0211555862044497	2.0
238.49834322929382	2.0235911213596	2.0
238.52294898033142	2.0235911213596	2.0
238.5419466495514	2.0259962048138815	2.0
238.5566689968109	2.0259962048138815	2.0
238.57142901420593	2.0259962048138815	2.0
238.58865022659302	2.028725112876036	2.0
238.6024239063263	2.028725112876036	2.0
238.6202473640442	2.0324200359529594	2.0
238.6348478794098	2.0324200359529594	2.0
238.64690518379211	2.0324200359529594	2.0
238.66350197792053	2.0342981152504116	2.0
238.67791271209717	2.0342981152504116	2.0
238.69388031959534	2.0342981152504116	2.0
238.71100068092346	2.0365368744034114	2.0
238.72251772880554	2.0365368744034114	2.0
238.7363440990448	2.0365368744034114	2.0
238.75310158729553	2.039573860403551	2.0
238.76508927345276	2.039573860403551	2.0
238.78209519386292	2.039573860403551	2.0
238.79930663108826	2.041512004041496	2.0
238.81085515022278	2.041512004041496	2.0
238.84230017662048	2.0440026482786986	2.0
238.85838055610657	2.0440026482786986	2.0
238.88056254386902	2.0440026482786986	2.0
238.89216589927673	2.045427585768456	2.0
238.9087038040161	2.045427585768456	2.0
238.9271628856659	2.045313731966009	2.0
238.9397909641266	2.045313731966009	2.0
238.95707392692566	2.045313731966009	2.0
238.97688126564026	2.0450271312216777	2.0
238.99156856536865	2.0450271312216777	2.0
239.00812101364136	2.0450271312216777	2.0
239.0218813419342	2.0441642494445693	2.0
239.03954982757568	2.0441642494445693	2.0
239.06281781196594	2.042440255468666	2.0
239.07880854606628	2.042440255468666	2.0
239.09346556663513	2.042440255468666	2.0
239.10914826393127	2.0415830594388895	2.0
239.1243119239807	2.0415830594388895	2.0
239.14070963859558	2.0415830594388895	2.0
239.1554560661316	2.0408474289784406	2.0
239.16876888275146	2.0408474289784406	2.0
239.18534660339355	2.0394414216447854	2.0
239.20101141929626	2.0394414216447854	2.0
239.21314787864685	2.0394414216447854	2.0
239.23275876045227	2.0381548071946574	2.0
239.24542880058289	2.0381548071946574	2.0
239.25803804397583	2.0381548071946574	2.0
239.27660536766052	2.0370193217546597	2.0
239.29079747200012	2.0370193217546597	2.0
239.31093430519104	2.0370193217546597	2.0
239.32924699783325	2.0358597395251214	2.0
239.3429126739502	2.0358597395251214	2.0
239.3652684688568	2.035607073441205	2.0
239.38151097297668	2.035607073441205	2.0
239.39722347259521	2.035607073441205	2.0
239.41335320472717	2.034392833557394	2.0
239.42514848709106	2.034392833557394	2.0
239.45576453208923	2.033652507805245	2.0
239.47272539138794	2.033652507805245	2.0
239.48638319969177	2.033652507805245	2.0
239.49877905845642	2.033001088990451	2.0
239.513920545578	2.033001088990451	2.0
239.5373558998108	2.033001088990451	2.0
239.5520360469818	2.0334925756325513	2.0
239.5655975341797	2.0334925756325513	2.0
239.5797963142395	2.0334925756325513	2.0
239.59483695030212	2.034176472888521	2.0
239.60964918136597	2.034176472888521	2.0
239.6304953098297	2.0353104485905336	2.0
239.6445550918579	2.0353104485905336	2.0
239.67192363739014	2.0358577955293087	2.0
239.68704438209534	2.0358577955293087	2.0
239.69911527633667	2.0358577955293087	2.0
239.71480441093445	2.036479308303831	2.0
239.7301847934723	2.036479308303831	2.0
239.74310183525085	2.036479308303831	2.0
239.76026463508606	2.038244710113898	2.0
239.77449822425842	2.038244710113898	2.0
239.78580260276794	2.038244710113898	2.0
239.8024628162384	2.0404683085987463	2.0
239.8171727657318	2.0404683085987463	2.0
239.8372929096222	2.0404683085987463	2.0
239.85640716552734	2.0427740726818655	2.0
239.86802172660828	2.0427740726818655	2.0
239.88599824905396	2.0427740726818655	2.0
239.9030237197876	2.0449973286220366	2.0
239.91796278953552	2.0449973286220366	2.0
239.9390091896057	2.046906853912734	2.0
239.9513714313507	2.046906853912734	2.0
239.96597409248352	2.046906853912734	2.0
239.98614311218262	2.0477132451552493	2.0
240.0022110939026	2.0477132451552493	2.0
240.01644277572632	2.0477132451552493	2.0
240.02973318099976	2.047631047574604	2.0
240.0465452671051	2.047631047574604	2.0
240.06700778007507	2.047631047574604	2.0
240.08239269256592	2.046743076314216	2.0
240.0964834690094	2.046743076314216	2.0
240.1096546649933	2.046884626434264	2.0
240.12522292137146	2.046884626434264	2.0
240.14133214950562	2.046884626434264	2.0
240.15780472755432	2.0447385613942184	2.0
240.17075181007385	2.0447385613942184	2.0
240.18301963806152	2.0447385613942184	2.0
240.20049405097961	2.04234714729914	2.0
240.2150092124939	2.04234714729914	2.0
240.24274969100952	2.0409350209653794	2.0
240.25439476966858	2.0409350209653794	2.0
240.2672266960144	2.0409350209653794	2.0
240.28476095199585	2.0396827751218707	2.0
240.29891228675842	2.0396827751218707	2.0
240.32186651229858	2.0396827751218707	2.0
240.3366916179657	2.038153559926517	2.0
240.3481159210205	2.038153559926517	2.0
240.3806459903717	2.0373936480253194	2.0
240.3926293849945	2.0373936480253194	2.0
240.40919947624207	2.0373936480253194	2.0
240.42790365219116	2.03596436481526	2.0
240.44301342964172	2.03596436481526	2.0
240.4631597995758	2.03596436481526	2.0
240.47711086273193	2.0347723502213517	2.0
240.49313306808472	2.0347723502213517	2.0
240.51724910736084	2.034042734715023	2.0
240.53261470794678	2.034042734715023	2.0
240.54675316810608	2.034042734715023	2.0
240.5604853630066	2.0327833528277033	2.0
240.57586908340454	2.0327833528277033	2.0
240.59673476219177	2.0327833528277033	2.0
240.6120331287384	2.0333101683056536	2.0
240.62835931777954	2.0333101683056536	2.0
240.64584827423096	2.033303228074614	2.0
240.6614887714386	2.033303228074614	2.0
240.6823353767395	2.033303228074614	2.0
240.6972954273224	2.0317219992501436	2.0
240.71357321739197	2.0317219992501436	2.0
240.73292803764343	2.030235423556399	2.0
240.74928498268127	2.030235423556399	2.0
240.77398371696472	2.030235423556399	2.0
240.7888879776001	2.0255839329134413	2.0
240.80184388160706	2.0255839329134413	2.0
240.8187825679779	2.0255839329134413	2.0
240.83267760276794	2.0212849581210905	2.0
240.86125993728638	2.0212849581210905	2.0
240.87418699264526	2.0162186006076537	2.0
240.88945603370667	2.0162186006076537	2.0
240.9064643383026	2.0162186006076537	2.0
240.92128348350525	2.0127040469900743	2.0
240.93546986579895	2.0127040469900743	2.0
240.95064425468445	2.0127040469900743	2.0
240.9631793498993	2.0080243807167424	2.0
240.98211359977722	2.0080243807167424	2.0
241.00074529647827	2.0035456155452382	2.0
241.01591157913208	2.0035456155452382	2.0
241.02882361412048	2.0035456155452382	2.0
241.0438928604126	1.9994177856826176	2.0
241.05920219421387	1.9994177856826176	2.0
241.07973051071167	1.9994177856826176	2.0
241.09662222862244	1.995616810329242	2.0
241.10896944999695	1.995616810329242	2.0
241.12349224090576	1.995616810329242	2.0
241.1384027004242	1.990831134085843	2.0
241.15240788459778	1.990831134085843	2.0
241.16467452049255	1.990831134085843	2.0
241.17985820770264	1.9863976642979655	2.0
241.19396686553955	1.9863976642979655	2.0
241.21158480644226	1.9874234258465833	2.0
241.2257595062256	1.9874234258465833	2.0
241.23759603500366	1.9874234258465833	2.0
241.253103017807	1.9992628893351707	2.0
241.26893830299377	1.9992628893351707	2.0
241.2852349281311	1.9992628893351707	2.0
241.302663564682	2.012381391154172	2.0
241.3149483203888	2.012381391154172	2.0
241.32788586616516	2.012381391154172	2.0
241.34576153755188	nan	2.0
241.360196352005	nan	2.0
241.37919068336487	nan	2.0
241.39698934555054	nan	2.0
241.40939021110535	nan	2.0
241.44077968597412	nan	2.0
241.45634269714355	nan	2.0
241.47846031188965	nan	2.0
241.49171113967896	nan	2.0
241.52263402938843	nan	2.0
241.53845930099487	nan	2.0
241.55335664749146	nan	2.0
241.5670177936554	nan	2.0
241.58177042007446	nan	2.0
241.60650372505188	nan	2.0
241.62292098999023	nan	2.0
241.63632559776306	nan	2.0
241.65138030052185	nan	2.0
241.66628074645996	nan	2.0
241.68118405342102	nan	2.0
241.697856426239	nan	2.0
241.71153903007507	nan	2.0
241.72394680976868	nan	2.0
241.74266481399536	nan	2.0
241.75803112983704	nan	2.0
241.78207397460938	nan	2.0
241.7958118915558	nan	2.0
241.81087231636047	nan	2.0
241.82856607437134	nan	2.0
241.84388971328735	nan	2.0
241.86472606658936	nan	2.0
241.87898755073547	nan	2.0
241.89119911193848	nan	2.0
241.92198395729065	nan	2.0
241.93421125411987	nan	2.0
241.95275235176086	nan	2.0
241.96985340118408	nan	2.0
241.98759865760803	nan	2.0
242.0035846233368	nan	2.0
242.01487517356873	nan	2.0
242.03293871879578	nan	2.0
242.05101346969604	nan	2.0
242.0723752975464	nan	2.0
242.0868158340454	nan	2.0
242.0990333557129	nan	2.0
242.11482954025269	nan	2.0
242.13333582878113	nan	2.0
242.14954352378845	nan	2.0
242.16288590431213	nan	2.0
242.17883706092834	nan	2.0
242.1947283744812	nan	2.0
242.21699500083923	nan	2.0
242.2325222492218	nan	2.0
242.24649333953857	nan	2.0
242.26169729232788	nan	2.0
242.2861328125	nan	2.0
242.3026566505432	nan	2.0
242.31643199920654	nan	2.0
242.3299310207367	nan	2.0
242.34580373764038	nan	2.0
242.3595073223114	nan	2.0
242.3768653869629	nan	2.0
242.39261150360107	nan	2.0
242.4039900302887	nan	2.0
242.42279028892517	nan	2.0
242.43890690803528	nan	2.0
242.45438647270203	nan	2.0
242.47281956672668	nan	2.0
242.48492622375488	nan	2.0
242.49863839149475	nan	2.0
242.5169551372528	nan	2.0
242.530526638031	nan	2.0
242.5510048866272	nan	2.0
242.5641429424286	nan	2.0
242.5769555568695	nan	2.0
242.59885954856873	nan	2.0
242.6161549091339	nan	2.0
242.63730263710022	nan	2.0
242.651841878891	nan	2.0
242.66899585723877	nan	2.0
242.6872341632843	nan	2.0
242.69886660575867	nan	2.0
242.71657013893127	nan	2.0
242.73750567436218	nan	2.0
242.75314021110535	nan	2.0
242.77026414871216	nan	2.0
242.78346610069275	nan	2.0
242.80053544044495	nan	2.0
242.82002425193787	nan	2.0
242.836608171463	nan	2.0
242.85075211524963	nan	2.0
242.86565685272217	nan	2.0
242.8807532787323	nan	2.0
242.9016125202179	nan	2.0
242.9168930053711	nan	2.0
242.92888379096985	nan	2.0
242.9424180984497	nan	2.0
242.957585811615	nan	2.0
242.97580885887146	nan	2.0
242.99203085899353	nan	2.0
243.00510263442993	nan	2.0
243.01811480522156	nan	2.0
243.03546047210693	nan	2.0
243.05034518241882	nan	2.0
243.0677525997162	nan	2.0
243.08290839195251	nan	2.0
243.09557509422302	nan	2.0
243.11316466331482	nan	2.0
243.12811398506165	nan	2.0
243.14983534812927	nan	2.0
243.16474676132202	nan	2.0
243.17689895629883	nan	2.0
243.19473576545715	nan	2.0
243.21009612083435	nan	2.0
243.22546434402466	nan	2.0
243.2451114654541	nan	2.0
243.25681948661804	nan	2.0
243.27158451080322	nan	2.0
243.28866863250732	nan	2.0
243.30303692817688	nan	2.0
243.32433009147644	nan	2.0
243.33826160430908	nan	2.0
243.35278296470642	nan	2.0
243.37426137924194	nan	2.0
243.3900420665741	nan	2.0
243.40581154823303	nan	2.0
243.4183714389801	nan	2.0
243.4327576160431	nan	2.0
243.44795179367065	nan	2.0
243.46244621276855	nan	2.0
243.47529935836792	nan	2.0
243.49171590805054	nan	2.0
243.51027131080627	nan	2.0
243.5259530544281	nan	2.0
243.54241156578064	nan	2.0
243.55825877189636	nan	2.0
243.57486248016357	nan	2.0
243.59560012817383	nan	2.0
243.61136293411255	nan	2.0
243.6256639957428	nan	2.0
243.6442005634308	nan	2.0
243.66138291358948	nan	2.0
243.67860436439514	nan	2.0
243.69449949264526	nan	2.0
243.70889735221863	nan	2.0
243.72960138320923	nan	2.0
243.74722719192505	nan	2.0
243.76629734039307	nan	2.0
243.77879118919373	nan	2.0
243.79070615768433	nan	2.0
243.80779314041138	nan	2.0
243.82223320007324	nan	2.0
243.8375701904297	nan	2.0
243.85741138458252	nan	2.0
243.86936807632446	nan	2.0
243.8903248310089	nan	2.0
243.90700793266296	nan	2.0
243.9222526550293	nan	2.0
243.93693494796753	nan	2.0
243.95208311080933	nan	2.0
243.96782732009888	nan	2.0
243.98961353302002	nan	2.0
244.00574779510498	nan	2.0
244.017995595932	nan	2.0
244.0328392982483	1.905099736409598	2.0
244.0483169555664	1.905099736409598	2.0
244.06303024291992	1.905099736409598	2.0
244.08168983459473	1.9116159358417932	2.0
244.09516310691833	1.9116159358417932	2.0
244.10838961601257	1.9116159358417932	2.0
244.12606930732727	1.9170557919722768	2.0
244.14009761810303	1.9170557919722768	2.0
244.17048048973083	1.921726592770225	2.0
244.1819052696228	1.921726592770225	2.0
244.19436812400818	1.921726592770225	2.0
244.21386909484863	1.921726592770225	2.0
244.22668480873108	1.9257245673113264	2.0
244.23809790611267	1.9257245673113264	2.0
244.25830602645874	1.9257245673113264	2.0
244.2748739719391	1.9281967594088463	2.0
244.29161405563354	1.9281967594088463	2.0
244.30708718299866	1.9301286169507457	2.0
244.3186993598938	1.9301286169507457	2.0
244.34669399261475	1.9301286169507457	2.0
244.3639853000641	1.9304862365650652	2.0
244.37848711013794	1.9304862365650652	2.0
244.39418649673462	1.9298941806096437	2.0
244.40788102149963	1.9298941806096437	2.0
244.42798805236816	1.9298941806096437	2.0
244.44435167312622	1.9296104641908383	2.0
244.45843768119812	1.9296104641908383	2.0
244.4716169834137	1.9296104641908383	2.0
244.48817491531372	1.928465714357364	2.0
244.50275349617004	1.928465714357364	2.0
244.52047514915466	1.928465714357364	2.0
244.5355989933014	1.9273962580579234	2.0
244.5471646785736	1.9273962580579234	2.0
244.55933952331543	1.9273962580579234	2.0
244.57698583602905	1.9250926890172866	2.0
244.59332489967346	1.9250926890172866	2.0
244.6104552745819	1.9231261327157914	2.0
244.62445545196533	1.9231261327157914	2.0
244.6368064880371	1.9231261327157914	2.0
244.65348887443542	1.9231261327157914	2.0
244.6682333946228	1.9206523403549798	2.0
244.68286514282227	1.9206523403549798	2.0
244.70271158218384	1.9192302554101297	2.0
244.7147719860077	1.9192302554101297	2.0
244.73048377037048	1.9192302554101297	2.0
244.74786853790283	1.917590974122892	2.0
244.76293182373047	1.917590974122892	2.0
244.77887678146362	1.917590974122892	2.0
244.79339504241943	1.9167886382942179	2.0
244.80745315551758	1.9167886382942179	2.0
244.83523726463318	1.9159822070567238	2.0
244.85184121131897	1.9159822070567238	2.0
244.86565828323364	1.9159822070567238	2.0
244.88026571273804	1.9160785556647686	2.0
244.89492750167847	1.9160785556647686	2.0
244.91332006454468	1.9160785556647686	2.0
244.9270794391632	1.9168415228807572	2.0
244.9414026737213	1.9168415228807572	2.0
244.96223974227905	1.9168415228807572	2.0
244.9778048992157	1.918054191339228	2.0
244.9908802509308	1.918054191339228	2.0
245.00665187835693	1.9206862046543889	2.0
245.0224678516388	1.9206862046543889	2.0
245.03551268577576	1.9206862046543889	2.0
245.05309557914734	1.9230947794355948	2.0
245.0667188167572	1.9230947794355948	2.0
245.07898569107056	1.9230947794355948	2.0
245.09348249435425	1.925775464535159	2.0
245.10918617248535	1.925775464535159	2.0
245.12452054023743	1.925775464535159	2.0
245.14166736602783	1.927076767657665	2.0
245.15371775627136	1.927076767657665	2.0
245.16500163078308	1.927076767657665	2.0
245.1815230846405	1.927076767657665	2.0
245.19676280021667	1.928191956337712	2.0
245.2134153842926	1.928191956337712	2.0
245.23231649398804	1.9305508568464738	2.0
245.24472618103027	1.9305508568464738	2.0
245.27503108978271	1.9334856358955286	2.0
245.29042673110962	1.9334856358955286	2.0
245.30906629562378	1.9334856358955286	2.0
245.3227412700653	1.9367155511823981	2.0
245.33750796318054	1.9367155511823981	2.0
245.3545117378235	1.9367155511823981	2.0
245.37093663215637	1.939765790415296	2.0
245.3849539756775	1.939765790415296	2.0
245.39998316764832	1.939765790415296	2.0
245.4139642715454	1.9422343706951097	2.0
245.4313027858734	1.9422343706951097	2.0
245.45281291007996	1.9444518286183872	2.0
245.46668481826782	1.9444518286183872	2.0
245.47922039031982	1.9444518286183872	2.0
245.49482226371765	1.9480138087353087	2.0
245.50967073440552	1.9480138087353087	2.0
245.53182768821716	1.9480138087353087	2.0
245.5464951992035	1.9515088747267142	2.0
245.55809903144836	1.9515088747267142	2.0
245.5720911026001	1.9515088747267142	2.0
245.58951663970947	1.955518401853648	2.0
245.6054630279541	1.955518401853648	2.0
245.62507915496826	1.9594536027055098	2.0
245.63823008537292	1.9594536027055098	2.0
245.65023827552795	1.9594536027055098	2.0
245.66851162910461	1.9594536027055098	2.0
245.6819670200348	1.9636420972387314	2.0
245.69492721557617	1.9636420972387314	2.0
245.71549701690674	1.9636420972387314	2.0
245.72971630096436	1.9675841323215462	2.0
245.75546598434448	1.9675841323215462	2.0
245.769291639328	1.9710091370567393	2.0
245.78397798538208	1.9710091370567393	2.0
245.8016538619995	1.9710091370567393	2.0
245.8184413909912	1.9732401993639823	2.0
245.83373379707336	1.9732401993639823	2.0
245.84759140014648	1.9732401993639823	2.0
245.86382508277893	1.9757174394955612	2.0
245.8784077167511	1.9757174394955612	2.0
245.8962802886963	1.9783856776382476	2.0
245.9123146533966	1.9783856776382476	2.0
245.9249665737152	1.9783856776382476	2.0
245.93951845169067	1.9803339734713241	2.0
245.95502138137817	1.9803339734713241	2.0
245.96956157684326	1.9803339734713241	2.0
245.986647605896	1.9818552096198716	2.0
246.00008177757263	1.9818552096198716	2.0
246.01330828666687	1.9818552096198716	2.0
246.03062391281128	1.9826538347209344	2.0
246.0444793701172	1.9826538347209344	2.0
246.0665249824524	1.9826538347209344	2.0
246.07974100112915	1.9825030367152958	2.0
246.09138011932373	1.9825030367152958	2.0
246.11546206474304	1.9825030367152958	2.0
246.13174152374268	1.9806337757932908	2.0
246.14768409729004	1.9806337757932908	2.0
246.16887378692627	1.9775745645809277	2.0
246.18343567848206	1.9775745645809277	2.0
246.21028327941895	1.9743106446117356	2.0
246.22592854499817	1.9743106446117356	2.0
246.24014735221863	1.9743106446117356	2.0
246.25367307662964	1.9708664465077803	2.0
246.26995158195496	1.9708664465077803	2.0
246.297203540802	1.9675684251968917	2.0
246.3130702972412	1.9675684251968917	2.0
246.32618403434753	1.9675684251968917	2.0
246.34067058563232	1.9640192769846831	2.0
246.35544180870056	1.9640192769846831	2.0
246.37282991409302	1.9640192769846831	2.0
246.3893928527832	1.959790749017225	2.0
246.40121412277222	1.959790749017225	2.0
246.4162814617157	1.959790749017225	2.0
246.43356728553772	1.956161836716916	2.0
246.4456171989441	1.956161836716916	2.0
246.46215629577637	1.956161836716916	2.0
246.47678446769714	1.952474862852707	2.0
246.49105191230774	1.952474862852707	2.0
246.50753831863403	1.9500041971363848	2.0
246.52192950248718	1.9500041971363848	2.0
246.5333592891693	1.9500041971363848	2.0
246.5499792098999	1.948990391641879	2.0
246.56535005569458	1.948990391641879	2.0
246.58268094062805	1.948990391641879	2.0
246.59974908828735	1.949623298294752	2.0
246.61693167686462	1.949623298294752	2.0
246.64532589912415	1.9500113026286825	2.0
246.66085767745972	1.9500113026286825	2.0
246.68110299110413	1.9500113026286825	2.0
246.69854593276978	1.9514032616348937	2.0
246.7304232120514	1.9523081042953396	2.0
246.74599599838257	1.9523081042953396	2.0
246.76427626609802	1.9523081042953396	2.0
246.78130769729614	1.9535667759425697	2.0
246.79696679115295	1.9535667759425697	2.0
246.8230800628662	1.954980876401131	2.0
246.83907175064087	1.954980876401131	2.0
246.8531849384308	1.954980876401131	2.0
246.8702049255371	1.9553234867211646	2.0
246.88522481918335	1.9553234867211646	2.0
246.9004349708557	1.9553234867211646	2.0
246.91653609275818	1.9565268852088233	2.0
246.92932677268982	1.9565268852088233	2.0
246.94572019577026	1.9565268852088233	2.0
246.9612271785736	1.957398802637717	2.0
246.97384333610535	1.957398802637717	2.0
246.99082803726196	1.957398802637717	2.0
247.0046455860138	1.957350342266066	2.0
247.01571440696716	1.957350342266066	2.0
247.03431749343872	1.957350342266066	2.0
247.05048990249634	1.9567098640905556	2.0
247.06510162353516	1.9567098640905556	2.0
247.0863597393036	1.9562438004171316	2.0
247.09808468818665	1.9562438004171316	2.0
247.11812901496887	1.9562438004171316	2.0
247.1329264640808	1.9566347422384525	2.0
247.1462366580963	1.9566347422384525	2.0
247.16402745246887	1.9566347422384525	2.0
247.17773056030273	1.958230198062808	2.0
247.19150853157043	1.958230198062808	2.0
247.2131962776184	1.958230198062808	2.0
247.2256965637207	1.9592332218449013	2.0
247.23834228515625	1.9592332218449013	2.0
247.2626931667328	1.9597301027813754	2.0
247.2781572341919	1.9597301027813754	2.0
247.29458856582642	1.9597301027813754	2.0
247.30930304527283	1.9620036463322474	2.0
247.32344794273376	1.9620036463322474	2.0
247.34654903411865	1.9638120451581411	2.0
247.3613839149475	1.9638120451581411	2.0
247.37424111366272	1.9638120451581411	2.0
247.38818645477295	1.9658094751960102	2.0
247.4022696018219	1.9658094751960102	2.0
247.41826629638672	1.9658094751960102	2.0
247.43736577033997	1.9669611739102462	2.0
247.45227313041687	1.9669611739102462	2.0
247.46548557281494	1.9669611739102462	2.0
247.48178362846375	1.9679561731468376	2.0
247.49680876731873	1.9679561731468376	2.0
247.51189279556274	1.9679561731468376	2.0
247.52920937538147	1.9685584726218432	2.0
247.541077375412	1.9685584726218432	2.0
247.5565960407257	1.9685584726218432	2.0
247.5734133720398	1.968190447036216	2.0
247.58848118782043	1.968190447036216	2.0
247.60820508003235	1.9660547532601353	2.0
247.62516450881958	1.9660547532601353	2.0
247.64222192764282	1.9660547532601353	2.0
247.65856075286865	1.9638690838359742	2.0
247.67249536514282	1.9638690838359742	2.0
247.6979124546051	1.962181939955252	2.0
247.7091155052185	1.962181939955252	2.0
247.72652411460876	1.962181939955252	2.0
247.74342679977417	1.959060732667697	2.0
247.75865197181702	1.959060732667697	2.0
247.77498817443848	1.959060732667697	2.0
247.79073071479797	1.9570772516332142	2.0
247.80748891830444	1.9570772516332142	2.0
247.8260395526886	1.9547793379220149	2.0
247.84245228767395	1.9547793379220149	2.0
247.85925102233887	1.9547793379220149	2.0
247.87466645240784	1.9541717718827634	2.0
247.88902974128723	1.9541717718827634	2.0
247.91131329536438	1.9528930542988885	2.0
247.92639875411987	1.9528930542988885	2.0
247.93821835517883	1.9528930542988885	2.0
247.95413279533386	1.9520694131300016	2.0
247.96978092193604	1.9520694131300016	2.0
247.98261976242065	1.9520694131300016	2.0
247.9961380958557	1.9519252620728795	2.0
248.00985169410706	1.9519252620728795	2.0
248.0255091190338	1.9519252620728795	2.0
248.04395866394043	1.9525201616295924	2.0
248.05781388282776	1.9525201616295924	2.0
248.070494890213	1.9525201616295924	2.0
248.08766889572144	1.9515180390626523	2.0
248.10309100151062	1.9515180390626523	2.0
248.12231254577637	1.9515180390626523	2.0
248.13831233978271	1.9514454464007442	2.0
248.15010261535645	1.9514454464007442	2.0
248.16722679138184	1.9514454464007442	2.0
248.18267941474915	1.9516212315247112	2.0
248.19588136672974	1.9516212315247112	2.0
248.2125599384308	1.9516212315247112	2.0
248.22600150108337	1.9516581995919378	2.0
248.2381911277771	1.9516581995919378	2.0
248.25459933280945	1.9516581995919378	2.0
248.26981234550476	1.9515113200311085	2.0
248.28514504432678	1.9515113200311085	2.0
248.3068413734436	1.9515113200311085	2.0
248.31933903694153	1.9505831819935087	2.0
248.33528470993042	1.9505831819935087	2.0
248.35580849647522	1.9510808377209332	2.0
248.3714632987976	1.9510808377209332	2.0
248.38542532920837	1.9510808377209332	2.0
248.3989715576172	1.9517125019667436	2.0
248.41490864753723	1.9517125019667436	2.0
248.43625402450562	1.9517125019667436	2.0
248.45151948928833	1.9512873804389657	2.0
248.46521306037903	1.9512873804389657	2.0
248.48375630378723	1.9514567635558486	2.0
248.49891591072083	1.9514567635558486	2.0
248.5140187740326	1.9514567635558486	2.0
248.53457188606262	1.954113042211214	2.0
248.54724216461182	1.954113042211214	2.0
248.5604865550995	1.954113042211214	2.0
248.577574968338	1.9561872663403121	2.0
248.59423327445984	1.9561872663403121	2.0
248.6227400302887	1.9592247663403122	2.0
248.6352653503418	1.9592247663403122	2.0
248.65280532836914	1.9592247663403122	2.0
248.66842818260193	1.9614648681594489	2.0
248.6839084625244	1.9614648681594489	2.0
248.70103883743286	1.9614648681594489	2.0
248.71740746498108	1.9654846814261457	2.0
248.74258875846863	1.9654846814261457	2.0
248.75701880455017	1.9699528954245369	2.0
248.7683506011963	1.9699528954245369	2.0
248.78468585014343	1.9699528954245369	2.0
248.8011350631714	1.9738627832450497	2.0
248.81748414039612	1.9738627832450497	2.0
248.83056116104126	1.9738627832450497	2.0
248.8444676399231	1.976766079198807	2.0
248.86004304885864	1.976766079198807	2.0
248.87590861320496	1.976766079198807	2.0
248.89396810531616	1.9809832033068602	2.0
248.90807938575745	1.9809832033068602	2.0
248.9218339920044	1.9809832033068602	2.0
248.9360830783844	1.9848614438530785	2.0
248.95445775985718	1.9848614438530785	2.0
248.9737207889557	1.9883384680868095	2.0
248.98757410049438	1.9883384680868095	2.0
249.00092601776123	1.9883384680868095	2.0
249.0177025794983	1.9913052108456644	2.0
249.0497145652771	1.9913052108456644	2.0
249.06733465194702	1.9935147359853294	2.0
249.08368849754333	1.9935147359853294	2.0
249.10610556602478	1.9966299344533958	2.0
249.12375712394714	1.9966299344533958	2.0
249.1424422264099	1.998451455190723	2.0
249.15645956993103	1.998451455190723	2.0
249.1753900051117	1.998451455190723	2.0
249.19231963157654	1.9995631559650593	2.0
249.20930814743042	1.9995631559650593	2.0
249.23086977005005	1.9995631559650593	2.0
249.24680352210999	2.000581489298393	2.0
249.26590490341187	2.000581489298393	2.0
249.28333950042725	2.0009585695351118	2.0
249.29988312721252	2.0009585695351118	2.0
249.3198094367981	2.0009585695351118	2.0
249.3336899280548	2.00166484981152	2.0
249.35528898239136	2.00166484981152	2.0
249.37468886375427	2.0006316750968587	2.0
249.39017915725708	2.0006316750968587	2.0
249.40282487869263	2.0006316750968587	2.0
249.42104482650757	2.000082983297104	2.0
249.436420917511	2.000082983297104	2.0
249.44792556762695	2.000082983297104	2.0
249.4652717113495	1.9998051015906022	2.0
249.47987937927246	1.9998051015906022	2.0
249.49650168418884	1.9998051015906022	2.0
249.51177406311035	1.9998877492258065	2.0
249.52381777763367	1.9998877492258065	2.0
249.5406448841095	1.9985827936918887	2.0
249.5559697151184	1.9985827936918887	2.0
249.57063746452332	1.9985827936918887	2.0
249.5871386528015	1.996627715769811	2.0
249.60098481178284	1.996627715769811	2.0
249.61760687828064	1.996627715769811	2.0
249.63414430618286	1.9961577566820672	2.0
249.6512610912323	1.9961577566820672	2.0
249.6686728000641	1.9961577566820672	2.0
249.68269419670105	1.9950874125525129	2.0
249.69673705101013	1.9950874125525129	2.0
249.71305894851685	1.9950874125525129	2.0
249.7296085357666	1.9958678363620361	2.0
249.74879813194275	1.9958678363620361	2.0
249.7687690258026	1.9959793246202175	2.0
249.7856731414795	1.9959793246202175	2.0
249.8046977519989	1.9959793246202175	2.0
249.82113075256348	1.9980077934525262	2.0
249.8348731994629	1.9980077934525262	2.0
249.85319924354553	1.9980077934525262	2.0
249.8693404197693	2.000174532637786	2.0
249.88413977622986	2.000174532637786	2.0
249.900160074234	2.001716931831335	2.0
249.9145393371582	2.001716931831335	2.0
249.92620253562927	2.001716931831335	2.0
249.94140934944153	2.0037552215564656	2.0
249.95744800567627	2.0037552215564656	2.0
249.97209191322327	2.0037552215564656	2.0
249.9913227558136	2.007375880842778	2.0
250.00336265563965	2.007375880842778	2.0
250.03049755096436	2.0105197656059017	2.0
250.04409170150757	2.0105197656059017	2.0
250.0640389919281	2.0105197656059017	2.0
250.08313393592834	2.012471671522004	2.0
250.09521985054016	2.012471671522004	2.0
250.11636877059937	2.012471671522004	2.0
250.1330292224884	2.015118333853705	2.0
250.15003180503845	2.015118333853705	2.0
250.16642832756042	2.0176172033061546	2.0
250.17857575416565	2.0176172033061546	2.0
250.19630479812622	2.0176172033061546	2.0
250.21371722221375	2.0204597288522486	2.0
250.2285189628601	2.0204597288522486	2.0
250.2528693675995	2.0225405156169547	2.0
250.2682819366455	2.0225405156169547	2.0
250.2828757762909	2.0225405156169547	2.0
250.29770731925964	2.024032089853071	2.0
250.31323170661926	2.024032089853071	2.0
250.33221244812012	2.024032089853071	2.0
250.35089778900146	2.0250011239439805	2.0
250.3646171092987	2.0250011239439805	2.0
250.37783408164978	2.0250011239439805	2.0
250.3949840068817	2.0250652854545343	2.0
250.40919017791748	2.0250652854545343	2.0
250.42880749702454	2.0251348733477093	2.0
250.44227576255798	2.0251348733477093	2.0
250.4536633491516	2.0251348733477093	2.0
250.46948647499084	2.0251348733477093	2.0
250.48558950424194	2.0258803522209483	2.0
250.50023460388184	2.0258803522209483	2.0
250.51843667030334	2.0258803522209483	2.0
250.5314908027649	2.0259985036068757	2.0
250.54304265975952	2.0259985036068757	2.0
250.56052088737488	2.0259985036068757	2.0
250.57527089118958	2.02510873740112	2.0
250.5999836921692	2.02510873740112	2.0
250.61778903007507	2.023808531902159	2.0
250.63287496566772	2.023808531902159	2.0
250.65798687934875	2.0218086919113682	2.0
250.67318201065063	2.0218086919113682	2.0
250.68803429603577	2.0218086919113682	2.0
250.7022762298584	2.0202764951843486	2.0
250.71710300445557	2.0202764951843486	2.0
250.73868465423584	2.0202764951843486	2.0
250.75341868400574	2.017739110315228	2.0
250.76651096343994	2.017739110315228	2.0
250.77886080741882	2.017739110315228	2.0
250.79558658599854	2.0159137136466785	2.0
250.81101274490356	2.0159137136466785	2.0
250.82780504226685	2.01466137535041	2.0
250.84280490875244	2.01466137535041	2.0
250.8561429977417	2.01466137535041	2.0
250.87259459495544	2.0118817791435135	2.0
250.88735580444336	2.0118817791435135	2.0
250.90503334999084	2.0118817791435135	2.0
250.92312002182007	2.0085496058480588	2.0
250.93536901474	2.0085496058480588	2.0
250.95007753372192	2.0085496058480588	2.0
250.96970868110657	2.0055149698343717	2.0
250.9812171459198	2.0055149698343717	2.0
250.99532437324524	2.0055149698343717	2.0
251.01200103759766	2.003445533222597	2.0
251.0245497226715	2.003445533222597	2.0
251.04066061973572	2.003445533222597	2.0
251.0539162158966	2.0012332724761057	2.0
251.06702852249146	2.0012332724761057	2.0
251.0846357345581	2.0012332724761057	2.0
251.10009908676147	1.9990290442133714	2.0
251.11610317230225	1.9990290442133714	2.0
251.13677144050598	1.997825298632699	2.0
251.14865255355835	1.997825298632699	2.0
251.175039768219	1.9963872946297077	2.0
251.19052505493164	1.9963872946297077	2.0
251.20851492881775	1.9963872946297077	2.0
251.223149061203	1.9945366974615848	2.0
251.23537588119507	1.9945366974615848	2.0
251.25274634361267	1.9945366974615848	2.0
251.27225375175476	1.9932807630986502	2.0
251.28703951835632	1.9932807630986502	2.0
251.30036234855652	1.9932807630986502	2.0
251.31583976745605	1.9922562190238569	2.0
251.33148097991943	1.9922562190238569	2.0
251.35119700431824	1.9925740104511795	2.0
251.36597061157227	1.9925740104511795	2.0
251.37867856025696	1.9925740104511795	2.0
251.39231276512146	1.9932648189638371	2.0
251.40794277191162	1.9932648189638371	2.0
251.42505884170532	1.9932648189638371	2.0
251.44209671020508	1.9935511088605076	2.0
251.45444250106812	1.9935511088605076	2.0
251.4672908782959	1.9935511088605076	2.0
251.48442149162292	1.994049477784658	2.0
251.49807572364807	1.994049477784658	2.0
251.51836276054382	1.994049477784658	2.0
251.53254508972168	1.9950356556272237	2.0
251.54464268684387	1.9950356556272237	2.0
251.56405448913574	1.994649424742145	2.0
251.578684091568	1.994649424742145	2.0
251.60158371925354	1.994649424742145	2.0
251.62094235420227	1.99619217316233	2.0
251.63884472846985	1.99619217316233	2.0
251.6572515964508	1.9988633869403507	2.0
251.6708071231842	1.9988633869403507	2.0
251.68943428993225	1.9988633869403507	2.0
251.7032790184021	2.000197482692274	2.0
251.71577310562134	2.000197482692274	2.0
251.7324984073639	2.000197482692274	2.0
251.74793457984924	2.002618356271551	2.0
251.76019310951233	2.002618356271551	2.0
251.7844226360321	2.002618356271551	2.0
251.80062699317932	2.0047844881396832	2.0
251.81845879554749	2.0047844881396832	2.0
251.8340358734131	2.0066283774065328	2.0
251.8502323627472	2.0066283774065328	2.0
251.8710880279541	2.0066283774065328	2.0
251.88618683815002	2.009196494426475	2.0
251.90246558189392	2.009196494426475	2.0
251.91580247879028	2.0129511972953273	2.0
251.92972612380981	2.0129511972953273	2.0
251.94633173942566	2.0129511972953273	2.0
251.963965177536	2.0167095766056726	2.0
251.97829604148865	2.0167095766056726	2.0
251.99169540405273	2.0167095766056726	2.0
252.00876021385193	2.020681817106136	2.0
252.02384209632874	2.020681817106136	2.0
252.0420060157776	2.024123335695129	2.0
252.05680680274963	2.024123335695129	2.0
252.06943726539612	2.024123335695129	2.0
252.08560347557068	2.027564324309929	2.0
252.10055565834045	2.027564324309929	2.0
252.1173529624939	2.027564324309929	2.0
252.1347975730896	2.030948502955158	2.0
252.1468825340271	2.030948502955158	2.0
252.16339421272278	2.030948502955158	2.0
252.17873978614807	2.033728114920729	2.0
252.19208025932312	2.033728114920729	2.0
252.21214485168457	2.0334538258582286	2.0
252.22640562057495	2.0334538258582286	2.0
252.23845553398132	2.0334538258582286	2.0
252.2578785419464	2.0337926718454593	2.0
252.2720022201538	2.0337926718454593	2.0
252.2911458015442	2.0337926718454593	2.0
252.30942344665527	2.0332828983423084	2.0
252.32318758964539	2.0332828983423084	2.0
252.3412160873413	2.0332828983423084	2.0
252.3596248626709	2.0307249472001763	2.0
252.37401819229126	2.0307249472001763	2.0
252.38883900642395	2.027235266003039	2.0
252.4018530845642	2.027235266003039	2.0
252.42605590820312	2.027235266003039	2.0
252.4429852962494	2.0229256005548506	2.0
252.45739889144897	2.0229256005548506	2.0
252.4698305130005	2.0229256005548506	2.0
252.48571157455444	2.017577883017691	2.0
252.5045142173767	2.017577883017691	2.0
252.51893663406372	2.010641603520921	2.0
252.53123950958252	2.010641603520921	2.0
252.55628609657288	2.010641603520921	2.0
252.57194781303406	2.004375615412868	2.0
252.5859019756317	2.004375615412868	2.0
252.60336995124817	1.9982347935721698	2.0
252.61939930915833	1.9982347935721698	2.0
252.63877749443054	1.9982347935721698	2.0
252.65628027915955	1.9951144256579258	2.0
252.67205500602722	1.9951144256579258	2.0
252.68764734268188	1.991602845193685	2.0
252.70306086540222	1.991602845193685	2.0
252.71981000900269	1.991602845193685	2.0
252.73710823059082	1.989651570578959	2.0
252.75203442573547	1.989651570578959	2.0
252.77539563179016	1.9877917852435183	2.0
252.79169082641602	1.9877917852435183	2.0
252.81004428863525	1.9877917852435183	2.0
252.82585835456848	1.9872253789074992	2.0
252.83731961250305	1.9872253789074992	2.0
252.852233171463	1.9872253789074992	2.0
252.86976027488708	1.9874562537630347	2.0
252.88332438468933	1.9874562537630347	2.0
252.90765070915222	1.9874562537630347	2.0
252.92023158073425	1.9884029445144797	2.0
252.93255043029785	1.9884029445144797	2.0
252.95384216308594	1.9884029445144797	2.0
252.9701328277588	1.990575342438461	2.0
252.98783564567566	1.990575342438461	2.0
253.00246572494507	1.9919954042589283	2.0
253.01758933067322	1.9919954042589283	2.0
253.03829789161682	1.9919954042589283	2.0
253.05408263206482	1.9940393623137411	2.0
253.0691409111023	1.9940393623137411	2.0
253.08319449424744	1.9962345121476281	2.0
253.096745967865	1.9962345121476281	2.0
253.11526250839233	1.9962345121476281	2.0
253.13400650024414	1.9976652848588177	2.0
253.1484272480011	1.9976652848588177	2.0
253.16238117218018	1.9976652848588177	2.0
253.17932057380676	1.9996938539850984	2.0
253.19403958320618	1.9996938539850984	2.0
253.2156171798706	2.002277662831092	2.0
253.22894930839539	2.002277662831092	2.0
253.24442076683044	2.002277662831092	2.0
253.26231288909912	2.003910795909395	2.0
253.27694392204285	2.003910795909395	2.0
253.2923822402954	2.003910795909395	2.0
253.3079023361206	2.0054101780926605	2.0
253.32106399536133	2.0054101780926605	2.0
253.33583617210388	2.0054101780926605	2.0
253.3511438369751	2.0074392690017513	2.0
253.36416339874268	2.0074392690017513	2.0
253.37916207313538	2.0074392690017513	2.0
253.3950457572937	2.0090444013485333	2.0
253.40929436683655	2.0090444013485333	2.0
253.42530226707458	2.010381400211639	2.0
253.43977046012878	2.010381400211639	2.0
253.4536852836609	2.010381400211639	2.0
253.4700005054474	2.0115624087343664	2.0
253.48402905464172	2.0115624087343664	2.0
253.50943160057068	2.0115624087343664	2.0
253.5221710205078	2.01273074438962	2.0
253.53545904159546	2.01273074438962	2.0
253.55566358566284	2.01273074438962	2.0
253.56974697113037	2.0144829704071783	2.0
253.5873293876648	2.0144829704071783	2.0
253.6068971157074	2.014502192108398	2.0
253.62312412261963	2.014502192108398	2.0
253.64352297782898	2.014502192108398	2.0
253.6591649055481	2.0156685075432117	2.0
253.67300701141357	2.0156685075432117	2.0
253.68616914749146	2.0156685075432117	2.0
253.70021629333496	2.0167573478810903	2.0
253.71748900413513	2.0167573478810903	2.0
253.73494696617126	2.0183968303762283	2.0
253.7510507106781	2.0183968303762283	2.0
253.7637906074524	2.0183968303762283	2.0
253.77925777435303	2.0184176005782484	2.0
253.79430103302002	2.0184176005782484	2.0
253.81206107139587	2.0184176005782484	2.0
253.82878589630127	2.0200798949814027	2.0
253.84068727493286	2.0200798949814027	2.0
253.8546016216278	2.0200798949814027	2.0
253.8727207183838	2.022339922463832	2.0
253.8860023021698	2.022339922463832	2.0
253.90369367599487	2.022339922463832	2.0
253.9187114238739	2.0235756146125925	2.0
253.92993116378784	2.0235756146125925	2.0
253.9489986896515	2.0235756146125925	2.0
253.9633982181549	2.0237826620948907	2.0
253.9749174118042	2.0237826620948907	2.0
253.9886395931244	2.0237826620948907	2.0
254.00522303581238	2.023973948668132	2.0
254.01976895332336	2.023973948668132	2.0
254.04941129684448	2.0245984497695466	2.0
254.06171774864197	2.0245984497695466	2.0
254.0931625366211	2.0239615292123014	2.0
254.1101999282837	2.0239615292123014	2.0
254.12908792495728	2.023486707839156	2.0
254.14085054397583	2.023486707839156	2.0
254.16146564483643	2.023486707839156	2.0
254.1790497303009	2.0226571859055475	2.0
254.19500207901	2.0226571859055475	2.0
254.21081471443176	2.0226571859055475	2.0
254.22656226158142	2.023205859041012	2.0
254.2415463924408	2.023205859041012	2.0
254.2572124004364	2.023205859041012	2.0
254.2724268436432	2.021921669726738	2.0
254.28548765182495	2.021921669726738	2.0
254.29876136779785	2.021921669726738	2.0
254.31459164619446	2.0205806445190886	2.0
254.32843351364136	2.0205806445190886	2.0
254.3450849056244	2.0202199011084994	2.0
254.35964035987854	2.0202199011084994	2.0
254.37123250961304	2.0202199011084994	2.0
254.386727809906	2.0202199011084994	2.0
254.40263390541077	2.0208579507894795	2.0
254.414222240448	2.0208579507894795	2.0
254.43469834327698	2.022039180689523	2.0
254.44785928726196	2.022039180689523	2.0
254.4613881111145	2.022039180689523	2.0
254.47772884368896	2.022791189113066	2.0
254.49052739143372	2.022791189113066	2.0
254.50513768196106	2.022791189113066	2.0
254.52700519561768	2.0233232807513746	2.0
254.5387668609619	2.0233232807513746	2.0
254.55445432662964	2.0233232807513746	2.0
254.57307505607605	2.0241285055528504	2.0
254.58854722976685	2.0241285055528504	2.0
254.61066269874573	2.0241285055528504	2.0
254.62618017196655	2.0258140720686266	2.0
254.6428027153015	2.0258140720686266	2.0
254.660329580307	2.027149675753086	2.0
254.6749782562256	2.027149675753086	2.0
254.6886260509491	2.027149675753086	2.0
254.70269775390625	2.0287060121605074	2.0
254.71741890907288	2.0287060121605074	2.0
254.73381567001343	2.0287060121605074	2.0
254.7477672100067	2.0307378937534857	2.0
254.761789560318	2.0307378937534857	2.0
254.7790126800537	2.0307378937534857	2.0
254.79845809936523	2.032440364370154	2.0
254.81256699562073	2.032440364370154	2.0
254.8258411884308	2.032440364370154	2.0
254.8424997329712	2.0335130799988255	2.0
254.8574140071869	2.0335130799988255	2.0
254.87432479858398	2.0335130799988255	2.0
254.8896336555481	2.035455754341469	2.0
254.90090084075928	2.035455754341469	2.0
254.9149830341339	2.035455754341469	2.0
254.93235754966736	2.0374850026746825	2.0
254.94637322425842	2.0374850026746825	2.0
254.96539568901062	2.041049451143326	2.0
254.9788043498993	2.041049451143326	2.0
254.99080061912537	2.041049451143326	2.0
255.01884198188782	2.0435558450216256	2.0
255.03448367118835	2.0435558450216256	2.0
255.05524468421936	2.0435558450216256	2.0
255.0673849582672	2.045388136987192	2.0
255.08229303359985	2.045388136987192	2.0
255.10408425331116	2.0472865694786924	2.0
255.1199107170105	2.0472865694786924	2.0
255.13281202316284	2.0472865694786924	2.0
255.1467764377594	2.0476744420125903	2.0
255.1613745689392	2.0476744420125903	2.0
255.17875480651855	2.0476744420125903	2.0
255.19559502601624	2.048241000846451	2.0
255.20963382720947	2.048241000846451	2.0
255.22310376167297	2.048241000846451	2.0
255.24014902114868	2.0481723038673025	2.0
255.25479435920715	2.0481723038673025	2.0
255.26886558532715	2.0481723038673025	2.0
255.2895724773407	2.0491558554977374	2.0
255.30109572410583	2.0491558554977374	2.0
255.31913566589355	2.0491558554977374	2.0
255.33859133720398	2.048647433115256	2.0
255.35396075248718	2.048647433115256	2.0
255.3720314502716	2.047279021415885	2.0
255.38363099098206	2.047279021415885	2.0
255.40126132965088	2.047279021415885	2.0
255.4212965965271	2.0445024244032584	2.0
255.43578600883484	2.0445024244032584	2.0
255.4529891014099	2.0445024244032584	2.0
255.46857595443726	2.042366927362868	2.0
255.48378944396973	2.042366927362868	2.0
255.50486993789673	2.0399531051909228	2.0
255.51762580871582	2.0399531051909228	2.0
255.5325267314911	2.0399531051909228	2.0
255.55112528800964	2.0371855184817425	2.0
255.56572270393372	2.0371855184817425	2.0
255.5818145275116	2.0371855184817425	2.0
255.59472489356995	2.036143975003299	2.0
255.6088798046112	2.036143975003299	2.0
255.62772417068481	2.036143975003299	2.0
255.6453094482422	2.0341153893712436	2.0
255.66268754005432	2.0341153893712436	2.0
255.6813826560974	2.0326770236437524	2.0
255.6971287727356	2.0326770236437524	2.0
255.7201111316681	2.0305272707916147	2.0
255.73567938804626	2.0305272707916147	2.0
255.75059580802917	2.0305272707916147	2.0
255.76782774925232	2.0290403647195894	2.0
255.78315782546997	2.0290403647195894	2.0
255.81240224838257	2.028466899350565	2.0
255.825297832489	2.028466899350565	2.0
255.83726859092712	2.028466899350565	2.0
255.85578799247742	2.0279336709722764	2.0
255.8697476387024	2.0279336709722764	2.0
255.88693690299988	2.0279336709722764	2.0
255.90408539772034	2.027316522406399	2.0
255.91511940956116	2.027316522406399	2.0
255.94509530067444	2.0267326894393665	2.0
255.95988774299622	2.0267326894393665	2.0
255.9765341281891	2.0267326894393665	2.0
255.992192029953	2.026427880144616	2.0
256.006067276001	2.026427880144616	2.0
256.0238084793091	2.026427880144616	2.0
256.04348611831665	2.026260204239988	2.0
256.0587182044983	2.026260204239988	2.0
256.07281136512756	2.026991885259446	2.0
256.08586025238037	2.026991885259446	2.0
256.10272431373596	2.026991885259446	2.0
256.1257953643799	2.027353602310668	2.0
256.1402711868286	2.027353602310668	2.0
256.15433049201965	2.027353602310668	2.0
256.1711599826813	2.0285239722280233	2.0
256.18612122535706	2.0285239722280233	2.0
256.2074992656708	2.0301735134408814	2.0
256.22221183776855	2.0301735134408814	2.0
256.2338788509369	2.0301735134408814	2.0
256.25208020210266	2.0317050466575717	2.0
256.2667918205261	2.0317050466575717	2.0
256.279581785202	2.0317050466575717	2.0
256.2954978942871	2.03259337284772	2.0
256.30935645103455	2.03259337284772	2.0
256.3232858181	2.03259337284772	2.0
256.3415422439575	2.0342699720397777	2.0
256.354510307312	2.0342699720397777	2.0
256.3675174713135	2.0342699720397777	2.0
256.3916485309601	2.0360149404501144	2.0
256.40605759620667	2.0360149404501144	2.0
256.43052792549133	2.037935597166074	2.0
256.44237542152405	2.037935597166074	2.0
256.46012139320374	2.037935597166074	2.0
256.47732400894165	2.0403815465978923	2.0
256.49249482154846	2.0403815465978923	2.0
256.5078501701355	2.0403815465978923	2.0
256.5221436023712	2.0424795929146535	2.0
256.53644275665283	2.0424795929146535	2.0
256.55562448501587	2.0424795929146535	2.0
256.57298278808594	2.0442897536344953	2.0
256.5895094871521	2.0442897536344953	2.0
256.60460209846497	2.0454563969311987	2.0
256.62065386772156	2.0454563969311987	2.0
256.63496947288513	2.0454563969311987	2.0
256.65269565582275	2.045705041255683	2.0
256.66644287109375	2.045705041255683	2.0
256.6790874004364	2.045705041255683	2.0
256.69736671447754	2.0459687023193376	2.0
256.7109260559082	2.0459687023193376	2.0
256.72976541519165	2.0459687023193376	2.0
256.74417448043823	2.0469081341277935	2.0
256.7569155693054	2.0469081341277935	2.0
256.77266216278076	2.0469081341277935	2.0
256.7877736091614	2.047838550245392	2.0
256.80271577835083	2.047838550245392	2.0
256.8211102485657	2.0485374096738838	2.0
256.8338830471039	2.0485374096738838	2.0
256.84712195396423	2.0485374096738838	2.0
256.8707115650177	2.0489363967211376	2.0
256.88510632514954	2.0489363967211376	2.0
256.9040114879608	2.0489363967211376	2.0
256.91805243492126	2.0476867842211375	2.0
256.9302372932434	2.0476867842211375	2.0
256.95287895202637	2.0469923116179145	2.0
256.9688470363617	2.0469923116179145	2.0
256.9865369796753	2.0469923116179145	2.0
257.00312423706055	2.046285797347905	2.0
257.0179991722107	2.046285797347905	2.0
257.0372428894043	2.046285797347905	2.0
257.0490198135376	2.0448913923220946	2.0
257.06312346458435	2.0448913923220946	2.0
257.0883960723877	2.043819472187286	2.0
257.10325717926025	2.043819472187286	2.0
257.117812871933	2.043819472187286	2.0
257.1331088542938	2.0420995235455206	2.0
257.14768385887146	2.0420995235455206	2.0
257.16311144828796	2.0420995235455206	2.0
257.18088483810425	2.0408430181087	2.0
257.19499802589417	2.0408430181087	2.0
257.20669198036194	2.0408430181087	2.0
257.2234191894531	2.038952356353859	2.0
257.2378737926483	2.038952356353859	2.0
257.2565176486969	2.038952356353859	2.0
257.27201747894287	2.03677321929979	2.0
257.2840597629547	2.03677321929979	2.0
257.30020928382874	2.03677321929979	2.0
257.31724524497986	2.034554257471563	2.0
257.3316640853882	2.034554257471563	2.0
257.34866309165955	2.0327181241382295	2.0
257.3626461029053	2.0327181241382295	2.0
257.3763644695282	2.0327181241382295	2.0
257.3955602645874	2.0298013730178583	2.0
257.4094293117523	2.0298013730178583	2.0
257.4399085044861	2.027632698688541	2.0
257.4526164531708	2.027632698688541	2.0
257.4728457927704	2.027632698688541	2.0
257.48930406570435	2.026290699818845	2.0
257.5047767162323	2.026290699818845	2.0
257.52218556404114	2.026290699818845	2.0
257.535685300827	2.0250787685422247	2.0
257.5507125854492	2.0250787685422247	2.0
257.57211661338806	2.02487615857155	2.0
257.5867877006531	2.02487615857155	2.0
257.5998818874359	2.02487615857155	2.0
257.61622500419617	2.0243473872156796	2.0
257.631600856781	2.0243473872156796	2.0
257.64726972579956	2.0243473872156796	2.0
257.6653890609741	2.0236972996939597	2.0
257.67989110946655	2.0236972996939597	2.0
257.6949133872986	2.0236972996939597	2.0
257.71129965782166	2.023580667517259	2.0
257.7263126373291	2.023580667517259	2.0
257.74366068840027	2.023391941073034	2.0
257.7579576969147	2.023391941073034	2.0
257.7705821990967	2.023391941073034	2.0
257.7887873649597	2.0232532449946032	2.0
257.8032727241516	2.0232532449946032	2.0
257.8153383731842	2.0232532449946032	2.0
257.83032751083374	2.0244799020548734	2.0
257.8446304798126	2.0244799020548734	2.0
257.86322116851807	2.0244799020548734	2.0
257.88701272010803	2.025348548383698	2.0
257.89997839927673	2.025348548383698	2.0
257.91582775115967	2.0258305017297538	2.0
257.9304325580597	2.0258305017297538	2.0
257.94780373573303	2.0258305017297538	2.0
257.96287846565247	2.025897383986766	2.0
257.9751830101013	2.025897383986766	2.0
257.9896340370178	2.025897383986766	2.0
258.00746607780457	2.0256363077835573	2.0
258.0209090709686	2.0256363077835573	2.0
258.03959107398987	2.0256363077835573	2.0
258.0535349845886	2.026139311158645	2.0
258.0650622844696	2.026139311158645	2.0
258.08243441581726	2.026139311158645	2.0
258.1038975715637	2.02644309164645	2.0
258.11917185783386	2.02644309164645	2.0
258.1329200267792	2.02644309164645	2.0
258.1478741168976	2.026687064965923	2.0
258.1635344028473	2.026687064965923	2.0
258.1836655139923	2.0272193705404287	2.0
258.1981327533722	2.0272193705404287	2.0
258.21037554740906	2.0272193705404287	2.0
258.2260456085205	2.0283763999521933	2.0
258.24138593673706	2.0283763999521933	2.0
258.25785064697266	2.0283763999521933	2.0
258.27414751052856	2.0284105434023276	2.0
258.28632378578186	2.0284105434023276	2.0
258.299772977829	2.0284105434023276	2.0
258.3166117668152	2.0286616268217488	2.0
258.33155941963196	2.0286616268217488	2.0
258.35271310806274	2.0291763403666314	2.0
258.3665463924408	2.0291763403666314	2.0
258.37876868247986	2.0291763403666314	2.0
258.3965117931366	2.0291763403666314	2.0
258.4107937812805	2.029548724270606	2.0
258.42856764793396	2.029548724270606	2.0
258.44477820396423	2.0294719146096787	2.0
258.4566397666931	2.0294719146096787	2.0
258.4864242076874	2.0283065323464307	2.0
258.49887561798096	2.0283065323464307	2.0
258.5110378265381	2.0283065323464307	2.0
258.53234934806824	2.0276415186359382	2.0
258.54863357543945	2.0276415186359382	2.0
258.56491470336914	2.0276415186359382	2.0
258.5812473297119	2.0271412391824515	2.0
258.5953207015991	2.0271412391824515	2.0
258.62164187431335	2.0271412391824515	2.0
258.63813734054565	2.0267259311224035	2.0
258.65462493896484	2.0267259311224035	2.0
258.67049765586853	2.026165398335518	2.0
258.68584537506104	2.026165398335518	2.0
258.7010328769684	2.026165398335518	2.0
258.7193651199341	2.025989216901093	2.0
258.73508071899414	2.025989216901093	2.0
258.7525918483734	2.025989216901093	2.0
258.76854825019836	2.025252091332912	2.0
258.785685300827	2.025252091332912	2.0
258.8028771877289	2.0244884130842555	2.0
258.81641912460327	2.0244884130842555	2.0
258.82765769958496	2.0244884130842555	2.0
258.8461842536926	2.0242705104492424	2.0
258.86138677597046	2.0242705104492424	2.0
258.877818107605	2.0242705104492424	2.0
258.8933038711548	2.024109711430845	2.0
258.90453934669495	2.024109711430845	2.0
258.9257802963257	2.024109711430845	2.0
258.93996810913086	2.0246849699229497	2.0
258.9552125930786	2.0246849699229497	2.0
258.97436261177063	2.0246849699229497	2.0
258.9860420227051	2.025722619435518	2.0
259.0003333091736	2.025722619435518	2.0
259.02124094963074	2.0260907818353315	2.0
259.0374870300293	2.0260907818353315	2.0
259.05332589149475	2.0260907818353315	2.0
259.0692894458771	2.0269234044115088	2.0
259.0848033428192	2.0269234044115088	2.0
259.1050822734833	2.0269234044115088	2.0
259.1199758052826	2.027426464372307	2.0
259.1343834400177	2.027426464372307	2.0
259.14686608314514	2.027426464372307	2.0
259.16152787208557	2.028173525096085	2.0
259.17551851272583	2.028173525096085	2.0
259.1929256916046	2.0292390475098783	2.0
259.2074513435364	2.0292390475098783	2.0
259.22114849090576	2.0292390475098783	2.0
259.23674869537354	2.0301148561050555	2.0
259.25224232673645	2.0301148561050555	2.0
259.26801776885986	2.0301148561050555	2.0
259.28265285491943	2.0310313214566778	2.0
259.2975540161133	2.0310313214566778	2.0
259.3132281303406	2.0310313214566778	2.0
259.3303816318512	2.0325103583490254	2.0
259.3430621623993	2.0325103583490254	2.0
259.3562309741974	2.0325103583490254	2.0
259.37333846092224	2.0342883380130403	2.0
259.3894591331482	2.0342883380130403	2.0
259.4089951515198	2.0362904959391868	2.0
259.4223563671112	2.0362904959391868	2.0
259.4339370727539	2.0362904959391868	2.0
259.4499292373657	2.0362904959391868	2.0
259.4644331932068	2.0387889612978123	2.0
259.4812362194061	2.0387889612978123	2.0
259.50052523612976	2.04050703378302	2.0
259.51236391067505	2.04050703378302	2.0
259.52510619163513	2.04050703378302	2.0
259.5420010089874	2.04050703378302	2.0
259.5584852695465	2.043046106609107	2.0
259.57405829429626	2.043046106609107	2.0
259.5896499156952	2.0456096813624587	2.0
259.60277557373047	2.0456096813624587	2.0
259.6191964149475	2.0456096813624587	2.0
259.63740038871765	2.048054365506043	2.0
259.65258288383484	2.048054365506043	2.0
259.66597604751587	2.048054365506043	2.0
259.68073058128357	2.0496216208311338	2.0
259.6956672668457	2.0496216208311338	2.0
259.7130205631256	2.0496216208311338	2.0
259.73066687583923	2.0514306188694946	2.0
259.74322295188904	2.0514306188694946	2.0
259.75886154174805	2.0514306188694946	2.0
259.7761707305908	2.0517819769483707	2.0
259.7902624607086	2.0517819769483707	2.0
259.80750012397766	2.0507435527745055	2.0
259.8216824531555	2.0507435527745055	2.0
259.8331832885742	2.0507435527745055	2.0
259.8505108356476	2.0507435527745055	2.0
259.86720418930054	2.049250174809026	2.0
259.88282203674316	2.049250174809026	2.0
259.90016055107117	2.047165805565553	2.0
259.9123773574829	2.047165805565553	2.0
259.9309103488922	2.047165805565553	2.0
259.94912672042847	2.0443197330803455	2.0
259.96496772766113	2.0443197330803455	2.0
259.98555970191956	2.0443197330803455	2.0
259.99938464164734	2.0408012528575044	2.0
260.01399993896484	2.0408012528575044	2.0
260.03337121009827	2.0408012528575044	2.0
260.04641127586365	2.036190996482933	2.0
260.06240010261536	2.036190996482933	2.0
260.0778501033783	2.032384689925556	2.0
260.09441781044006	2.032384689925556	2.0
260.10933804512024	2.032384689925556	2.0
260.1232545375824	2.0288826689477255	2.0
260.138436794281	2.0288826689477255	2.0
260.1597218513489	2.0288826689477255	2.0
260.1760411262512	2.0246069392179953	2.0
260.19074606895447	2.0246069392179953	2.0
260.2038061618805	2.0246069392179953	2.0
260.22025179862976	2.0221966198219445	2.0
260.2339725494385	2.0221966198219445	2.0
260.25841522216797	2.019959894591408	2.0
260.2706227302551	2.019959894591408	2.0
260.2826817035675	2.019959894591408	2.0
260.30092430114746	2.0179641807683613	2.0
260.31620836257935	2.0179641807683613	2.0
260.3336007595062	2.0179641807683613	2.0
260.3485703468323	2.0170349330161135	2.0
260.35985136032104	2.0170349330161135	2.0
260.3750627040863	2.0170349330161135	2.0
260.39150285720825	2.0164134198582184	2.0
260.4048433303833	2.0164134198582184	2.0
260.43222427368164	2.01568780008106	2.0
260.4434242248535	2.01568780008106	2.0
260.4740467071533	2.01568780008106	2.0
260.48902130126953	2.0149114487786624	2.0
260.50309777259827	2.0149114487786624	2.0
260.52080750465393	2.0136446750944517	2.0
260.53545212745667	2.0136446750944517	2.0
260.5511417388916	2.0136446750944517	2.0
260.56684374809265	2.0136259558910132	2.0
260.5820450782776	2.0136259558910132	2.0
260.5943818092346	2.0136259558910132	2.0
260.6087849140167	2.0118340674347603	2.0
260.6251621246338	2.0118340674347603	2.0
260.6428756713867	2.0118340674347603	2.0
260.66049098968506	2.0095522820558207	2.0
260.6725752353668	2.0095522820558207	2.0
260.69182300567627	2.0095522820558207	2.0
260.70832777023315	2.008491491889493	2.0
260.7205834388733	2.008491491889493	2.0
260.74661016464233	2.0067743265351625	2.0
260.75856494903564	2.0067743265351625	2.0
260.7726173400879	2.0067743265351625	2.0
260.79149770736694	2.004507832529168	2.0
260.80374336242676	2.004507832529168	2.0
260.8205235004425	2.004507832529168	2.0
260.8387610912323	2.0028380956870633	2.0
260.8525996208191	2.0028380956870633	2.0
260.8758656978607	2.00170668439674	2.0
260.8884379863739	2.00170668439674	2.0
260.90469908714294	2.00170668439674	2.0
260.92981147766113	2.0017949269679955	2.0
260.9454803466797	2.0017949269679955	2.0
260.9627788066864	2.0017949269679955	2.0
260.9760468006134	2.002046019970388	2.0
260.99662947654724	2.002046019970388	2.0
261.0137987136841	2.001303034592405	2.0
261.0282726287842	2.001303034592405	2.0
261.041033744812	2.001303034592405	2.0
261.0563588142395	2.0024992860138595	2.0
261.071795463562	2.0024992860138595	2.0
261.0880477428436	2.0024992860138595	2.0
261.10358119010925	2.0040421629016927	2.0
261.119078874588	2.0040421629016927	2.0
261.13472080230713	2.0042779550365237	2.0
261.15000438690186	2.0042779550365237	2.0
261.1648051738739	2.0042779550365237	2.0
261.1814339160919	2.004394849366421	2.0
261.19490003585815	2.004394849366421	2.0
261.2073721885681	2.004394849366421	2.0
261.22535586357117	2.00537648475933	2.0
261.24007272720337	2.00537648475933	2.0
261.2575521469116	2.00537648475933	2.0
261.2743752002716	2.0068855016132625	2.0
261.2864463329315	2.0068855016132625	2.0
261.30143451690674	2.0068855016132625	2.0
261.3192765712738	2.0073964748981945	2.0
261.33383893966675	2.0073964748981945	2.0
261.3527412414551	2.0073964748981945	2.0
261.3667573928833	2.00670105025411	2.0
261.3802306652069	2.00670105025411	2.0
261.40056896209717	2.00670105025411	2.0
261.41682744026184	2.005401088689939	2.0
261.43087911605835	2.005401088689939	2.0
261.44449162483215	2.005401088689939	2.0
261.45979928970337	2.0033883720792587	2.0
261.4743375778198	2.0033883720792587	2.0
261.4922151565552	2.0002052048322474	2.0
261.50827646255493	2.0002052048322474	2.0
261.52321910858154	2.0002052048322474	2.0
261.54021859169006	1.9964352169802868	2.0
261.5560791492462	1.9964352169802868	2.0
261.57279348373413	1.9964352169802868	2.0
261.5852816104889	1.9930967358878497	2.0
261.600213766098	1.9930967358878497	2.0
261.61934447288513	1.9895309109221144	2.0
261.6355359554291	1.9895309109221144	2.0
261.64938521385193	1.9895309109221144	2.0
261.6662220954895	1.9852184573726432	2.0
261.68176341056824	1.9852184573726432	2.0
261.6982879638672	1.9852184573726432	2.0
261.71465706825256	1.9813588019317543	2.0
261.72998332977295	1.9813588019317543	2.0
261.744909286499	1.9813588019317543	2.0
261.7619740962982	1.9778221030656364	2.0
261.77796363830566	1.9778221030656364	2.0
261.7951407432556	1.9778221030656364	2.0
261.80761790275574	1.9746404739929548	2.0
261.8189661502838	1.9746404739929548	2.0
261.84385323524475	1.9719798499632848	2.0
261.85884308815	1.9719798499632848	2.0
261.8810157775879	1.9719798499632848	2.0
261.89327573776245	1.97113494016947	2.0
261.9059362411499	1.97113494016947	2.0
261.92337822914124	1.97113494016947	2.0
261.94029903411865	1.9714304351461531	2.0
261.95612263679504	1.9714304351461531	2.0
261.9710931777954	1.9714304351461531	2.0
261.98424887657166	1.9718785533242964	2.0
261.9993214607239	1.9718785533242964	2.0
262.01724100112915	1.9718785533242964	2.0
262.03341007232666	1.9731650769863927	2.0
262.0463533401489	1.9731650769863927	2.0
262.059693813324	1.975339770085574	2.0
262.0739691257477	1.975339770085574	2.0
262.0923738479614	1.975339770085574	2.0
262.1087305545807	1.9779332071466693	2.0
262.12215995788574	1.9779332071466693	2.0
262.1358404159546	1.9779332071466693	2.0
262.1528625488281	1.978942543816693	2.0
262.1673231124878	1.978942543816693	2.0
262.18533873558044	1.981986668877178	2.0
262.20007133483887	1.981986668877178	2.0
262.21214032173157	1.981986668877178	2.0
262.22935962677	1.985550669301626	2.0
262.24430537223816	1.985550669301626	2.0
262.2610034942627	1.985550669301626	2.0
262.27725768089294	1.9886676051905454	2.0
262.2898073196411	1.9886676051905454	2.0
262.3044738769531	1.9886676051905454	2.0
262.32371616363525	1.9905660844190318	2.0
262.33552956581116	1.9905660844190318	2.0
262.34845876693726	1.9905660844190318	2.0
262.36629581451416	1.99285210778778	2.0
262.379718542099	1.99285210778778	2.0
262.4025580883026	1.9953379509519984	2.0
262.4151883125305	1.9953379509519984	2.0
262.4270324707031	1.9953379509519984	2.0
262.45091938972473	1.9975635104950147	2.0
262.4643943309784	1.9975635104950147	2.0
262.49775552749634	1.9998720098701117	2.0
262.5095429420471	1.9998720098701117	2.0
262.5406582355499	2.002531353600131	2.0
262.55565071105957	2.002531353600131	2.0
262.5755100250244	2.002531353600131	2.0
262.5877106189728	2.005567129201274	2.0
262.60258316993713	2.005567129201274	2.0
262.62668085098267	2.007908603512298	2.0
262.64217877388	2.007908603512298	2.0
262.6577081680298	2.007908603512298	2.0
262.6739857196808	2.0096551594379646	2.0
262.68876934051514	2.0096551594379646	2.0
262.7058665752411	2.0096551594379646	2.0
262.7207911014557	2.0115367959340293	2.0
262.7332167625427	2.0115367959340293	2.0
262.74593448638916	2.0115367959340293	2.0
262.7631697654724	2.014588642792499	2.0
262.7771453857422	2.014588642792499	2.0
262.7936842441559	2.014588642792499	2.0
262.8092694282532	2.0178225050307894	2.0
262.8206648826599	2.0178225050307894	2.0
262.8369448184967	2.0178225050307894	2.0
262.8533899784088	2.0205309913190805	2.0
262.8664619922638	2.0205309913190805	2.0
262.8828935623169	2.0205309913190805	2.0
262.89664578437805	2.0227390238217895	2.0
262.90839195251465	2.0227390238217895	2.0
262.928115606308	2.024496880627417	2.0
262.9414093494415	2.024496880627417	2.0
262.9668974876404	2.024496880627417	2.0
262.9815471172333	2.024821448166602	2.0
262.9935550689697	2.024821448166602	2.0
263.01079297065735	2.024821448166602	2.0
263.02577805519104	2.0255598023512436	2.0
263.037474155426	2.0255598023512436	2.0
263.0563807487488	2.0255598023512436	2.0
263.07236552238464	2.0254343237222114	2.0
263.0879316329956	2.0254343237222114	2.0
263.1039688587189	2.0254343237222114	2.0
263.11739325523376	2.0253520832369736	2.0
263.1325991153717	2.0253520832369736	2.0
263.1553771495819	2.0253520832369736	2.0
263.1703152656555	2.0256158745635466	2.0
263.18284249305725	2.0256158745635466	2.0
263.195351600647	2.0256158745635466	2.0
263.21162581443787	2.0244656449157596	2.0
263.2295763492584	2.0244656449157596	2.0
263.2479283809662	2.022785623849842	2.0
263.2615067958832	2.022785623849842	2.0
263.27686977386475	2.022785623849842	2.0
263.2953109741211	2.022128227324162	2.0
263.30848717689514	2.022128227324162	2.0
263.3356018066406	2.0213152177087776	2.0
263.34730100631714	2.0213152177087776	2.0
263.36303520202637	2.0213152177087776	2.0
263.37921953201294	2.0217709764232	2.0
263.3920657634735	2.0217709764232	2.0
263.4115071296692	2.0217709764232	2.0
263.4251534938812	2.0224250176780343	2.0
263.43740916252136	2.0224250176780343	2.0
263.45976305007935	2.0224250176780343	2.0
263.4763023853302	2.0232864960919046	2.0
263.49845004081726	2.0232864960919046	2.0
263.5122570991516	2.024608001610857	2.0
263.5266125202179	2.024608001610857	2.0
263.54710483551025	2.024608001610857	2.0
263.5627579689026	2.026827753613016	2.0
263.5773277282715	2.026827753613016	2.0
263.591920375824	2.0281989097485473	2.0
263.6046984195709	2.0281989097485473	2.0
263.62091398239136	2.0281989097485473	2.0
263.63762307167053	2.030063047684378	2.0
263.65350103378296	2.030063047684378	2.0
263.66751432418823	2.030063047684378	2.0
263.68166065216064	2.033374131735717	2.0
263.6964876651764	2.033374131735717	2.0
263.7130525112152	2.033374131735717	2.0
263.72969341278076	2.034171147969482	2.0
263.74429965019226	2.034171147969482	2.0
263.7610070705414	2.034171147969482	2.0
263.7788054943085	2.0351303936591374	2.0
263.79312682151794	2.0351303936591374	2.0
263.8096253871918	2.0351303936591374	2.0
263.8261806964874	2.0356612165658987	2.0
263.8411314487457	2.0356612165658987	2.0
263.85843229293823	2.036864106675789	2.0
263.8710629940033	2.036864106675789	2.0
263.88226890563965	2.036864106675789	2.0
263.90624809265137	2.0378985003930667	2.0
263.9200665950775	2.0378985003930667	2.0
263.93719267845154	2.0378985003930667	2.0
263.95447301864624	2.038420237793597	2.0
263.9683873653412	2.038420237793597	2.0
263.9909601211548	2.038420237793597	2.0
264.00537061691284	2.0375892751897196	2.0
264.0225336551666	2.0375892751897196	2.0
264.0374538898468	2.0382039607487252	2.0
264.05844354629517	2.0382039607487252	2.0
264.07668948173523	2.0382039607487252	2.0
264.09478425979614	2.038839031929281	2.0
264.1125681400299	2.038839031929281	2.0
264.1346273422241	2.0387106257907606	2.0
264.1496341228485	2.0387106257907606	2.0
264.1665050983429	2.0387106257907606	2.0
264.18405055999756	2.04111715060177	2.0
264.19964504241943	2.04111715060177	2.0
264.2189121246338	2.0435776292909966	2.0
264.2347047328949	2.0435776292909966	2.0
264.25134778022766	2.0435776292909966	2.0
264.2679374217987	2.044339181834734	2.0
264.2801594734192	2.044339181834734	2.0
264.2938439846039	2.044339181834734	2.0
264.31207752227783	2.0450180075005933	2.0
264.3272738456726	2.0450180075005933	2.0
264.3451247215271	2.0450180075005933	2.0
264.36079835891724	2.0453394875005935	2.0
264.38353538513184	2.0453394875005935	2.0
264.4035584926605	2.0446620107101423	2.0
264.41911005973816	2.0446620107101423	2.0
264.4351987838745	2.0446620107101423	2.0
264.4491629600525	2.0448553171617556	2.0
264.4643702507019	2.0448553171617556	2.0
264.4848372936249	2.044817881310009	2.0
264.501261472702	2.044817881310009	2.0
264.51642203330994	2.044817881310009	2.0
264.5323929786682	2.042203441951637	2.0
264.54807114601135	2.042203441951637	2.0
264.56543707847595	2.0396038329832185	2.0
264.5803372859955	2.0396038329832185	2.0
264.59695506095886	2.0396038329832185	2.0
264.6129398345947	2.0348932337192642	2.0
264.6281545162201	2.0348932337192642	2.0
264.6455864906311	2.0348932337192642	2.0
264.662104845047	2.0301665197851264	2.0
264.6771185398102	2.0301665197851264	2.0
264.69574904441833	2.025607626749509	2.0
264.71036863327026	2.025607626749509	2.0
264.7247734069824	2.025607626749509	2.0
264.7464518547058	2.020723535464867	2.0
264.76241064071655	2.020723535464867	2.0
264.7878592014313	2.0167322167214117	2.0
264.8030261993408	2.0167322167214117	2.0
264.8191292285919	2.0167322167214117	2.0
264.84132862091064	2.0131540358856763	2.0
264.86030316352844	2.0131540358856763	2.0
264.87747406959534	2.0105120573272384	2.0
264.88850498199463	2.0105120573272384	2.0
264.92094826698303	2.006892925968321	2.0
264.9371905326843	2.006892925968321	2.0
264.9529492855072	2.006892925968321	2.0
264.96827459335327	2.0072723546429323	2.0
264.9808807373047	2.0072723546429323	2.0
264.99996876716614	2.0072723546429323	2.0
265.01657462120056	2.0068988651717468	2.0
265.0306599140167	2.0068988651717468	2.0
265.04291319847107	2.0068988651717468	2.0
265.0582900047302	2.007843213025071	2.0
265.07321095466614	2.007843213025071	2.0
265.0909209251404	2.007843213025071	2.0
265.1077868938446	2.0134066882360653	2.0
265.12191939353943	2.0134066882360653	2.0
265.13644456863403	2.021789520770386	2.0
265.15140557289124	2.021789520770386	2.0
265.1660735607147	2.021789520770386	2.0
265.18512868881226	nan	2.0
265.199010848999	nan	2.0
265.2133033275604	nan	2.0
265.22975611686707	nan	2.0
265.24330496788025	nan	2.0
265.2603552341461	nan	2.0
265.275262594223	nan	2.0
265.287246465683	nan	2.0
265.3030831813812	nan	2.0
265.3179214000702	nan	2.0
265.32939767837524	nan	2.0
265.34570145606995	nan	2.0
265.36108469963074	nan	2.0
265.37670850753784	nan	2.0
265.39359283447266	nan	2.0
265.4063346385956	nan	2.0
265.4180533885956	nan	2.0
265.433385848999	nan	2.0
265.44728899002075	nan	2.0
265.46366691589355	nan	2.0
265.48005771636963	nan	2.0
265.4911992549896	nan	2.0
265.50500988960266	nan	2.0
265.52831649780273	nan	2.0
265.5448462963104	nan	2.0
265.5628924369812	nan	2.0
265.5752625465393	nan	2.0
265.58862376213074	nan	2.0
265.60744428634644	nan	2.0
265.624139547348	nan	2.0
265.6388874053955	nan	2.0
265.655779838562	nan	2.0
265.6718897819519	nan	2.0
265.6937165260315	nan	2.0
265.709547996521	nan	2.0
265.72457242012024	nan	2.0
265.73894000053406	nan	2.0
265.75409984588623	nan	2.0
265.7687666416168	nan	2.0
265.78751015663147	nan	2.0
265.80298829078674	nan	2.0
265.81757831573486	nan	2.0
265.8333694934845	nan	2.0
265.8480932712555	nan	2.0
265.8679738044739	nan	2.0
265.8819315433502	nan	2.0
265.89508271217346	nan	2.0
265.91096019744873	nan	2.0
265.9256372451782	nan	2.0
265.94688057899475	nan	2.0
265.9604494571686	nan	2.0
265.97307300567627	nan	2.0
265.9894013404846	nan	2.0
266.0043842792511	nan	2.0
266.0196387767792	nan	2.0
266.0354571342468	nan	2.0
266.0484220981598	nan	2.0
266.0608026981354	nan	2.0
266.0799493789673	nan	2.0
266.0943977832794	nan	2.0
266.10596680641174	nan	2.0
266.124080657959	nan	2.0
266.1378722190857	nan	2.0
266.1539866924286	nan	2.0
266.1679964065552	nan	2.0
266.179496049881	nan	2.0
266.19369745254517	nan	2.0
266.21191334724426	nan	2.0
266.22649669647217	nan	2.0
266.24370980262756	nan	2.0
266.2568724155426	nan	2.0
266.2682032585144	nan	2.0
266.29059886932373	nan	2.0
266.30440521240234	nan	2.0
266.3309979438782	nan	2.0
266.3436269760132	nan	2.0
266.35803294181824	nan	2.0
266.3757338523865	nan	2.0
266.3911690711975	nan	2.0
266.40756702423096	nan	2.0
266.42220759391785	nan	2.0
266.4364867210388	nan	2.0
266.4595010280609	nan	2.0
266.4762885570526	nan	2.0
266.4920344352722	nan	2.0
266.5057168006897	nan	2.0
266.52088618278503	nan	2.0
266.53793716430664	nan	2.0
266.5542905330658	nan	2.0
266.5681314468384	nan	2.0
266.58180022239685	nan	2.0
266.5992941856384	nan	2.0
266.6132118701935	nan	2.0
266.6323263645172	nan	2.0
266.6492078304291	nan	2.0
266.66489815711975	nan	2.0
266.6806094646454	nan	2.0
266.6951730251312	nan	2.0
266.7107934951782	nan	2.0
266.7282361984253	nan	2.0
266.7403869628906	nan	2.0
266.75555324554443	nan	2.0
266.77176427841187	nan	2.0
266.78462767601013	nan	2.0
266.8080608844757	nan	2.0
266.81943368911743	nan	2.0
266.83198499679565	nan	2.0
266.8492887020111	nan	2.0
266.8639838695526	nan	2.0
266.87554931640625	nan	2.0
266.8911237716675	nan	2.0
266.90745854377747	nan	2.0
266.9225606918335	nan	2.0
266.93943095207214	nan	2.0
266.9531707763672	nan	2.0
266.96624970436096	nan	2.0
266.99376344680786	nan	2.0
267.00927734375	nan	2.0
267.023166179657	nan	2.0
267.03732657432556	nan	2.0
267.05214190483093	nan	2.0
267.0751540660858	nan	2.0
267.09021735191345	nan	2.0
267.104923248291	nan	2.0
267.11999797821045	nan	2.0
267.13506603240967	nan	2.0
267.15201711654663	nan	2.0
267.1679003238678	nan	2.0
267.18185448646545	nan	2.0
267.19361639022827	nan	2.0
267.20950746536255	nan	2.0
267.2244510650635	nan	2.0
267.241464138031	nan	2.0
267.25703263282776	nan	2.0
267.2683882713318	nan	2.0
267.2814700603485	nan	2.0
267.29765152931213	nan	2.0
267.312073469162	nan	2.0
267.33026218414307	nan	2.0
267.3467059135437	nan	2.0
267.3586564064026	nan	2.0
267.37488555908203	nan	2.0
267.3908722400665	nan	2.0
267.4069333076477	nan	2.0
267.4265983104706	nan	2.0
267.4378640651703	nan	2.0
267.4648838043213	nan	2.0
267.4813735485077	nan	2.0
267.49662923812866	nan	2.0
267.5092296600342	nan	2.0
267.5235960483551	nan	2.0
267.5383930206299	nan	2.0
267.55589723587036	nan	2.0
267.568284034729	nan	2.0
267.58541679382324	nan	2.0
267.6051695346832	nan	2.0
267.6199119091034	nan	2.0
267.63667392730713	nan	2.0
267.6531093120575	nan	2.0
267.6707170009613	nan	2.0
267.69061851501465	nan	2.0
267.7072319984436	nan	2.0
267.7221908569336	nan	2.0
267.7400395870209	nan	2.0
267.75555539131165	nan	2.0
267.7747423648834	nan	2.0
267.78963232040405	nan	2.0
267.8058364391327	nan	2.0
267.82472229003906	nan	2.0
267.83837151527405	nan	2.0
267.85596203804016	nan	2.0
267.87264823913574	nan	2.0
267.8844487667084	nan	2.0
267.9009509086609	nan	2.0
267.91662979125977	1.8849180956586662	2.0
267.9313726425171	1.8849180956586662	2.0
267.9513087272644	1.8849180956586662	2.0
267.96399211883545	1.8895268648715213	2.0
267.97967767715454	1.8895268648715213	2.0
267.9996135234833	1.893330019877661	2.0
268.0170443058014	1.893330019877661	2.0
268.034010887146	1.893330019877661	2.0
268.04696559906006	1.8969816263965975	2.0
268.06138586997986	1.8969816263965975	2.0
268.0818872451782	1.8969816263965975	2.0
268.0982503890991	1.9001366341502528	2.0
268.11136507987976	1.9001366341502528	2.0
268.1243200302124	1.9001366341502528	2.0
268.1389808654785	1.903159608065722	2.0
268.1533546447754	1.903159608065722	2.0
268.17447233200073	1.904870510239635	2.0
268.18826603889465	1.904870510239635	2.0
268.20086574554443	1.904870510239635	2.0
268.2167398929596	1.9067301443555196	2.0
268.23222255706787	1.9067301443555196	2.0
268.24817728996277	1.9067301443555196	2.0
268.26428413391113	1.9092476239839418	2.0
268.27552700042725	1.9092476239839418	2.0
268.291122674942	1.9092476239839418	2.0
268.30774211883545	1.9118403670714994	2.0
268.3206624984741	1.9118403670714994	2.0
268.3322103023529	1.9118403670714994	2.0
268.3488154411316	1.9138798588747779	2.0
268.36367869377136	1.9138798588747779	2.0
268.3837740421295	1.9167083989750289	2.0
268.3969581127167	1.9167083989750289	2.0
268.4093346595764	1.9167083989750289	2.0
268.4271891117096	1.919233015173654	2.0
268.4427902698517	1.919233015173654	2.0
268.45885944366455	1.919233015173654	2.0
268.47468852996826	1.9209297414306374	2.0
268.48604822158813	1.9209297414306374	2.0
268.5003032684326	1.9209297414306374	2.0
268.517418384552	1.9222289346949761	2.0
268.53264570236206	1.9222289346949761	2.0
268.55010986328125	1.9222289346949761	2.0
268.56536293029785	1.922228550899667	2.0
268.57816457748413	1.922228550899667	2.0
268.6042106151581	1.922228550899667	2.0
268.6198511123657	1.9225221580917484	2.0
268.63409423828125	1.9225221580917484	2.0
268.65057921409607	1.9225762852880812	2.0
268.6652500629425	1.9225762852880812	2.0
268.6804976463318	1.9225762852880812	2.0
268.69751834869385	1.9227268754839284	2.0
268.71244835853577	1.9227268754839284	2.0
268.72528314590454	1.9227268754839284	2.0
268.7424442768097	1.9221910630115713	2.0
268.7570550441742	1.9221910630115713	2.0
268.77668595314026	1.9221910630115713	2.0
268.79259729385376	1.9222860559693178	2.0
268.80473804473877	1.9222860559693178	2.0
268.82308864593506	1.9229486093354915	2.0
268.838716506958	1.9229486093354915	2.0
268.8530948162079	1.9229486093354915	2.0
268.8708486557007	1.92437418845665	2.0
268.88330078125	1.92437418845665	2.0
268.89715480804443	1.92437418845665	2.0
268.9149446487427	1.9260672900191498	2.0
268.9273428916931	1.9260672900191498	2.0
268.9496021270752	1.9260672900191498	2.0
268.96288537979126	1.9274191241941026	2.0
268.9742269515991	1.9274191241941026	2.0
268.9938485622406	1.9274191241941026	2.0
269.0076529979706	1.9296698770898555	2.0
269.02210235595703	1.9296698770898555	2.0
269.0411820411682	1.9329681043707456	2.0
269.05271887779236	1.9329681043707456	2.0
269.0701711177826	1.9329681043707456	2.0
269.08667755126953	1.9357681185450901	2.0
269.0980098247528	1.9357681185450901	2.0
269.128356218338	1.9357681185450901	2.0
269.14458084106445	1.9394867000525395	2.0
269.16027569770813	1.9394867000525395	2.0
269.1750154495239	1.9436633339534684	2.0
269.1896708011627	1.9436633339534684	2.0
269.21149945259094	1.9436633339534684	2.0
269.2289001941681	1.9479658967232762	2.0
269.2422561645508	1.9479658967232762	2.0
269.2609736919403	1.951559034168638	2.0
269.2778630256653	1.951559034168638	2.0
269.2934322357178	1.951559034168638	2.0
269.3109350204468	1.9555770397787362	2.0
269.3236336708069	1.9555770397787362	2.0
269.3359205722809	1.9555770397787362	2.0
269.3537209033966	1.9589369368899763	2.0
269.3678948879242	1.9589369368899763	2.0
269.3840720653534	1.9589369368899763	2.0
269.3990194797516	1.9626402958287303	2.0
269.4101758003235	1.9626402958287303	2.0
269.42386531829834	1.9626402958287303	2.0
269.43981647491455	1.9658213124134967	2.0
269.4535138607025	1.9658213124134967	2.0
269.4738886356354	1.9658213124134967	2.0
269.48712849617004	1.9676978257666125	2.0
269.49829149246216	1.9676978257666125	2.0
269.5147662162781	1.9676978257666125	2.0
269.53066849708557	1.9708633232264254	2.0
269.54573607444763	1.9708633232264254	2.0
269.56211042404175	1.9708633232264254	2.0
269.5759394168854	1.9718071517159879	2.0
269.58861231803894	1.9718071517159879	2.0
269.6121172904968	1.9718071517159879	2.0
269.6277861595154	1.9710611854997713	2.0
269.64498496055603	1.9710611854997713	2.0
269.6625425815582	1.969391448657666	2.0
269.67816162109375	1.969391448657666	2.0
269.6942231655121	1.969391448657666	2.0
269.7126085758209	1.9679445673699398	2.0
269.72518515586853	1.9679445673699398	2.0
269.73962569236755	1.9679445673699398	2.0
269.756005525589	1.9660495456308091	2.0
269.77106261253357	1.9660495456308091	2.0
269.78962540626526	1.9656389440546946	2.0
269.80336260795593	1.9656389440546946	2.0
269.81495118141174	1.9656389440546946	2.0
269.8320963382721	1.9647571013330996	2.0
269.8474850654602	1.9647571013330996	2.0
269.86087584495544	1.9647571013330996	2.0
269.8755302429199	1.9643898754399831	2.0
269.89065766334534	1.9643898754399831	2.0
269.9075198173523	1.9643898754399831	2.0
269.92497396469116	1.9645041997643073	2.0
269.9371163845062	1.9645041997643073	2.0
269.9517409801483	1.9645041997643073	2.0
269.9698762893677	1.9634861356091413	2.0
269.98422360420227	1.9634861356091413	2.0
270.00201869010925	1.9634861356091413	2.0
270.01523447036743	1.9627779785481507	2.0
270.0266716480255	1.9627779785481507	2.0
270.0461664199829	1.9627779785481507	2.0
270.06188559532166	1.962421948862728	2.0
270.0778567790985	1.962421948862728	2.0
270.09423089027405	1.962421948862728	2.0
270.106240272522	1.9613038799772788	2.0
270.1217129230499	1.9613038799772788	2.0
270.1380703449249	1.9613038799772788	2.0
270.1540265083313	1.9601344462245032	2.0
270.1679844856262	1.9601344462245032	2.0
270.18431425094604	1.9585652020384567	2.0
270.1988708972931	1.9585652020384567	2.0
270.21617007255554	1.9585652020384567	2.0
270.2322278022766	1.9556652700882844	2.0
270.2467677593231	1.9556652700882844	2.0
270.259245634079	1.9556652700882844	2.0
270.2747972011566	1.9527370964280213	2.0
270.2896046638489	1.9527370964280213	2.0
270.30502796173096	1.9527370964280213	2.0
270.3218562602997	1.9490551586973655	2.0
270.3337559700012	1.9490551586973655	2.0
270.34623169898987	1.9490551586973655	2.0
270.3610870838165	1.9442839536390963	2.0
270.37523579597473	1.9442839536390963	2.0
270.3952751159668	1.9442839536390963	2.0
270.41063380241394	1.9400874713930185	2.0
270.42199444770813	1.9400874713930185	2.0
270.4387466907501	1.9400874713930185	2.0
270.45471930503845	1.9371501165667637	2.0
270.47005915641785	1.9371501165667637	2.0
270.49073004722595	1.9349432841551502	2.0
270.50242710113525	1.9349432841551502	2.0
270.51411032676697	1.9349432841551502	2.0
270.52886295318604	1.9349432841551502	2.0
270.5448989868164	1.9331948409036162	2.0
270.55991792678833	1.9331948409036162	2.0
270.57584381103516	1.9331948409036162	2.0
270.58892607688904	1.9316553526812696	2.0
270.60363602638245	1.9316553526812696	2.0
270.6194770336151	1.9316553526812696	2.0
270.6351749897003	1.929737096867316	2.0
270.6514618396759	1.929737096867316	2.0
270.6719892024994	1.929067994219863	2.0
270.68818259239197	1.929067994219863	2.0
270.7076554298401	1.929067994219863	2.0
270.726434469223	1.929002329599393	2.0
270.74373149871826	1.929002329599393	2.0
270.7649109363556	1.9291236458873393	2.0
270.78152680397034	1.9291236458873393	2.0
270.7981026172638	1.9291236458873393	2.0
270.81627368927	1.929855900952835	2.0
270.83270502090454	1.929855900952835	2.0
270.85531401634216	1.9305702574846269	2.0
270.8682930469513	1.9305702574846269	2.0
270.88081455230713	1.9305702574846269	2.0
270.89858508110046	1.9288475433081864	2.0
270.91358852386475	1.9288475433081864	2.0
270.93000888824463	1.9288475433081864	2.0
270.9463589191437	1.9290508650769371	2.0
270.95758748054504	1.9290508650769371	2.0
270.9805579185486	1.9290508650769371	2.0
270.9968237876892	1.9301842969991654	2.0
271.01262068748474	1.9301842969991654	2.0
271.0318353176117	1.9311200931551529	2.0
271.04561281204224	1.9311200931551529	2.0
271.0603334903717	1.9311200931551529	2.0
271.0770356655121	1.9324890251939877	2.0
271.09161591529846	1.9324890251939877	2.0
271.1054177284241	1.9324890251939877	2.0
271.1200621128082	1.9330959126939882	2.0
271.1348066329956	1.9330959126939882	2.0
271.1583106517792	1.9330959126939882	2.0
271.17453694343567	1.9335544766321013	2.0
271.18789529800415	1.9335544766321013	2.0
271.20289731025696	1.934908993782697	2.0
271.21861386299133	1.934908993782697	2.0
271.2327163219452	1.934908993782697	2.0
271.25040793418884	1.9366742100023273	2.0
271.26289558410645	1.9366742100023273	2.0
271.2746560573578	1.9366742100023273	2.0
271.29067158699036	1.9371385272750548	2.0
271.3064522743225	1.9371385272750548	2.0
271.3225054740906	1.9371385272750548	2.0
271.341166973114	1.9389727903953973	2.0
271.35481691360474	1.9389727903953973	2.0
271.3727798461914	1.9389727903953973	2.0
271.3887915611267	1.938812307809465	2.0
271.4003427028656	1.938812307809465	2.0
271.4134268760681	1.938812307809465	2.0
271.43291687965393	1.9369755460618472	2.0
271.4482865333557	1.9369755460618472	2.0
271.46960496902466	1.9369755460618472	2.0
271.48521971702576	1.9354593433095537	2.0
271.5011248588562	1.9354593433095537	2.0
271.5212197303772	1.9346041494410655	2.0
271.53709149360657	1.9346041494410655	2.0
271.5531048774719	1.9346041494410655	2.0
271.5670335292816	1.9323357556054497	2.0
271.58193278312683	1.9323357556054497	2.0
271.60976457595825	1.9296351001595844	2.0
271.6248378753662	1.9296351001595844	2.0
271.6396954059601	1.9296351001595844	2.0
271.6579170227051	1.9270537268294912	2.0
271.6732864379883	1.9270537268294912	2.0
271.69225001335144	1.9270537268294912	2.0
271.7082734107971	1.923956199862125	2.0
271.7197904586792	1.923956199862125	2.0
271.7370774745941	1.923956199862125	2.0
271.75253653526306	1.9219889855951784	2.0
271.77070713043213	1.9219889855951784	2.0
271.78928565979004	1.9201775172511646	2.0
271.8008921146393	1.9201775172511646	2.0
271.81808161735535	1.9201775172511646	2.0
271.83534812927246	1.918008552156247	2.0
271.85221338272095	1.918008552156247	2.0
271.8706033229828	1.9171166253764365	2.0
271.88341522216797	1.9171166253764365	2.0
271.89896035194397	1.9171166253764365	2.0
271.91862511634827	1.9154755712217089	2.0
271.9335837364197	1.9154755712217089	2.0
271.9507474899292	1.9154755712217089	2.0
271.9642026424408	1.9134124725862454	2.0
271.97805523872375	1.9134124725862454	2.0
271.99951171875	1.9134124725862454	2.0
272.01562237739563	1.9126912175454573	2.0
272.0286786556244	1.9126912175454573	2.0
272.04404282569885	1.912603886464376	2.0
272.0590341091156	1.912603886464376	2.0
272.0753767490387	1.912603886464376	2.0
272.09275674819946	1.9125860550407576	2.0
272.10766100883484	1.9125860550407576	2.0
272.12252140045166	1.9125860550407576	2.0
272.1393036842346	1.9126568088222122	2.0
272.15419840812683	1.9126568088222122	2.0
272.1664369106293	1.9126568088222122	2.0
272.18290185928345	1.913647265067769	2.0
272.19685792922974	1.913647265067769	2.0
272.21449637413025	1.913647265067769	2.0
272.2304003238678	1.914665669305504	2.0
272.24230694770813	1.914665669305504	2.0
272.25696444511414	1.914665669305504	2.0
272.27167439460754	1.9159581930150966	2.0
272.2841942310333	1.9159581930150966	2.0
272.31066846847534	1.9177762445910278	2.0
272.32215189933777	1.9177762445910278	2.0
272.3375885486603	1.9177762445910278	2.0
272.35492181777954	1.9209606078366648	2.0
272.36875581741333	1.9209606078366648	2.0
272.38770866394043	1.9209606078366648	2.0
272.402626991272	1.924091511328487	2.0
272.415479183197	1.924091511328487	2.0
272.43765926361084	1.924091511328487	2.0
272.4518325328827	1.9277160392371495	2.0
272.4686825275421	1.9277160392371495	2.0
272.4845402240753	1.9310815749514354	2.0
272.4981894493103	1.9310815749514354	2.0
272.5181391239166	1.9310815749514354	2.0
272.5377004146576	1.9344746316010943	2.0
272.5528566837311	1.9344746316010943	2.0
272.5682590007782	1.9344746316010943	2.0
272.58277130126953	1.9396337682000193	2.0
272.5973207950592	1.9396337682000193	2.0
272.61512994766235	1.9434004243068486	2.0
272.63102197647095	1.9434004243068486	2.0
272.6458239555359	1.9434004243068486	2.0
272.66475534439087	1.9466271029605864	2.0
272.67928814888	1.9466271029605864	2.0
272.698606967926	1.9505493654435586	2.0
272.71400594711304	1.9505493654435586	2.0
272.72694063186646	1.9505493654435586	2.0
272.74355912208557	1.9561175017435304	2.0
272.7591173648834	1.9561175017435304	2.0
272.7794096469879	1.9561175017435304	2.0
272.7962920665741	1.9600219429520223	2.0
272.8077564239502	1.9600219429520223	2.0
272.82271695137024	1.9600219429520223	2.0
272.8417954444885	1.9629164664073109	2.0
272.85407185554504	1.9629164664073109	2.0
272.8711624145508	1.9629164664073109	2.0
272.88792634010315	1.9661803644020797	2.0
272.9035613536835	1.9661803644020797	2.0
272.92590045928955	1.9693083937562872	2.0
272.93800139427185	1.9693083937562872	2.0
272.9566116333008	1.9693083937562872	2.0
272.973592042923	1.971302205049522	2.0
272.9941999912262	1.971302205049522	2.0
273.0116198062897	1.972254563585328	2.0
273.02560663223267	1.972254563585328	2.0
273.0511770248413	1.972254563585328	2.0
273.0667953491211	1.9737137641433922	2.0
273.08043026924133	1.9737137641433922	2.0
273.09672951698303	1.9750345411925725	2.0
273.1115872859955	1.9750345411925725	2.0
273.1312289237976	1.9750345411925725	2.0
273.1481714248657	1.975441805379205	2.0
273.1616413593292	1.975441805379205	2.0
273.1737103462219	1.975441805379205	2.0
273.18985629081726	1.9749263908894477	2.0
273.20492577552795	1.9749263908894477	2.0
273.22342896461487	1.9749263908894477	2.0
273.2389130592346	1.9748470623291774	2.0
273.25040578842163	1.9748470623291774	2.0
273.2664051055908	1.9754469958471828	2.0
273.2817142009735	1.9754469958471828	2.0
273.29784655570984	1.9754469958471828	2.0
273.32059502601624	1.974392036387723	2.0
273.3318910598755	1.974392036387723	2.0
273.3498229980469	1.974392036387723	2.0
273.3653826713562	1.9732115708490103	2.0
273.3827934265137	1.9732115708490103	2.0
273.401243686676	1.973585082419838	2.0
273.4137215614319	1.973585082419838	2.0
273.4276099205017	1.973585082419838	2.0
273.4466178417206	1.9732664409724698	2.0
273.4619023799896	1.9732664409724698	2.0
273.47954177856445	1.9732664409724698	2.0
273.49332761764526	1.9723194265087531	2.0
273.50752997398376	1.9723194265087531	2.0
273.52545976638794	1.9723194265087531	2.0
273.5401110649109	1.9717558474042753	2.0
273.55559515953064	1.9717558474042753	2.0
273.5693635940552	1.9717558474042753	2.0
273.5845556259155	1.9721080469568004	2.0
273.60035371780396	1.9721080469568004	2.0
273.6169362068176	1.9717775075182977	2.0
273.62883162498474	1.9717775075182977	2.0
273.6447641849518	1.9717775075182977	2.0
273.66816782951355	1.9712686814313418	2.0
273.68278074264526	1.9712686814313418	2.0
273.69851088523865	1.9712686814313418	2.0
273.7133867740631	1.97124772787097	2.0
273.72927141189575	1.97124772787097	2.0
273.75164341926575	1.9728690944726814	2.0
273.7668719291687	1.9728690944726814	2.0
273.7818341255188	1.9728690944726814	2.0
273.79829478263855	1.9751590671003352	2.0
273.81470584869385	1.9751590671003352	2.0
273.83187651634216	1.9751590671003352	2.0
273.84822392463684	1.9784265959021785	2.0
273.86044001579285	1.9784265959021785	2.0
273.87483167648315	1.9784265959021785	2.0
273.892591714859	1.981749402061343	2.0
273.9070210456848	1.981749402061343	2.0
273.9319860935211	1.9857143274509343	2.0
273.9432563781738	1.9857143274509343	2.0
273.95893812179565	1.9857143274509343	2.0
273.9762907028198	1.9901921602950243	2.0
273.9908847808838	1.9901921602950243	2.0
274.00931549072266	1.9901921602950243	2.0
274.0245678424835	1.9952642412205068	2.0
274.0398762226105	1.9952642412205068	2.0
274.0620267391205	1.9952642412205068	2.0
274.077556848526	2.000589739252503	2.0
274.091420173645	2.000589739252503	2.0
274.106645822525	2.0065136334879687	2.0
274.1208312511444	2.0065136334879687	2.0
274.141654253006	2.0065136334879687	2.0
274.15746450424194	2.0127183864752753	2.0
274.1701445579529	2.0127183864752753	2.0
274.18361711502075	2.0127183864752753	2.0
274.1995475292206	2.0179885978756165	2.0
274.21365118026733	2.0179885978756165	2.0
274.23522424697876	2.0215282329374333	2.0
274.2492663860321	2.0215282329374333	2.0
274.26135993003845	2.0215282329374333	2.0
274.2783751487732	2.0232211788727135	2.0
274.2929437160492	2.0232211788727135	2.0
274.30811738967896	2.0232211788727135	2.0
274.32490706443787	2.024789516786967	2.0
274.3370749950409	2.024789516786967	2.0
274.3507077693939	2.024789516786967	2.0
274.3721959590912	2.025591111466601	2.0
274.38457679748535	2.025591111466601	2.0
274.4020142555237	2.025591111466601	2.0
274.4177739620209	2.0256331790384645	2.0
274.4321439266205	2.0256331790384645	2.0
274.4518382549286	2.0244707495897094	2.0
274.46461606025696	2.0244707495897094	2.0
274.4773700237274	2.0244707495897094	2.0
274.49464774131775	2.0244707495897094	2.0
274.5085217952728	2.022050698664576	2.0
274.5241708755493	2.022050698664576	2.0
274.5422055721283	2.0201191730227457	2.0
274.55415749549866	2.0201191730227457	2.0
274.57295989990234	2.0201191730227457	2.0
274.5910613536835	2.015921322748354	2.0
274.6064283847809	2.015921322748354	2.0
274.62056946754456	2.015921322748354	2.0
274.63498640060425	2.0123651141414842	2.0
274.6498336791992	2.0123651141414842	2.0
274.67148423194885	2.0123651141414842	2.0
274.6875150203705	2.007674777611888	2.0
274.7018733024597	2.007674777611888	2.0
274.7158737182617	2.007674777611888	2.0
274.7303981781006	2.003450873488455	2.0
274.7466902732849	2.003450873488455	2.0
274.76411056518555	1.998365741289233	2.0
274.77723264694214	1.998365741289233	2.0
274.790096282959	1.998365741289233	2.0
274.80650067329407	1.9933294420024512	2.0
274.8207337856293	1.9933294420024512	2.0
274.834899187088	1.9933294420024512	2.0
274.85171461105347	1.989876135325122	2.0
274.8640241622925	1.989876135325122	2.0
274.8771617412567	1.989876135325122	2.0
274.89618587493896	1.9857338631420238	2.0
274.91031527519226	1.9857338631420238	2.0
274.93520855903625	1.9815743134063932	2.0
274.94833111763	1.9815743134063932	2.0
274.9599018096924	1.9815743134063932	2.0
274.97661781311035	1.9815743134063932	2.0
274.9911992549896	1.9754656262555552	2.0
275.00657296180725	1.9754656262555552	2.0
275.0242419242859	1.9754656262555552	2.0
275.0360360145569	1.9697858742861112	2.0
275.05043721199036	1.9697858742861112	2.0
275.0721185207367	1.9627015151676719	2.0
275.08720231056213	1.9627015151676719	2.0
275.1012442111969	1.9627015151676719	2.0
275.11504769325256	1.9582506051521744	2.0
275.1303961277008	1.9582506051521744	2.0
275.14730978012085	1.9582506051521744	2.0
275.16254234313965	1.953176607072106	2.0
275.17639207839966	1.953176607072106	2.0
275.1935441493988	1.953176607072106	2.0
275.21875	1.948866031583293	2.0
275.2323782444	1.948866031583293	2.0
275.2463409900665	1.9452453293483363	2.0
275.26139664649963	1.9452453293483363	2.0
275.2755558490753	1.9452453293483363	2.0
275.2949848175049	1.940232259541776	2.0
275.3092408180237	1.940232259541776	2.0
275.325359582901	1.940232259541776	2.0
275.342298746109	1.9357695777850192	2.0
275.355509519577	1.9357695777850192	2.0
275.3725554943085	1.9357695777850192	2.0
275.38769602775574	1.9323765522995546	2.0
275.40047001838684	1.9323765522995546	2.0
275.4189510345459	1.9300526975926424	2.0
275.4327847957611	1.9300526975926424	2.0
275.4504940509796	1.9300526975926424	2.0
275.46929240226746	1.9292764508227669	2.0
275.4811236858368	1.9292764508227669	2.0
275.50188422203064	1.9292764508227669	2.0
275.52018117904663	1.9296837940310874	2.0
275.5399422645569	1.9296837940310874	2.0
275.5542485713959	1.930616634932861	2.0
275.56687664985657	1.930616634932861	2.0
275.5841073989868	1.930616634932861	2.0
275.602774143219	1.9310028505995789	2.0
275.6182520389557	1.9310028505995789	2.0
275.6345295906067	1.9310028505995789	2.0
275.6484684944153	1.9324630183659217	2.0
275.6654164791107	1.9324630183659217	2.0
275.68664026260376	1.93386669660768	2.0
275.70183849334717	1.93386669660768	2.0
275.71556663513184	1.93386669660768	2.0
275.73169136047363	1.9359948175335187	2.0
275.74697494506836	1.9359948175335187	2.0
275.763121843338	1.9359948175335187	2.0
275.7794654369354	1.9384542759031789	2.0
275.7911796569824	1.9384542759031789	2.0
275.804833650589	1.9384542759031789	2.0
275.8218905925751	1.942384525098916	2.0
275.83538365364075	1.942384525098916	2.0
275.8515377044678	1.942384525098916	2.0
275.8680884838104	1.9455407964445377	2.0
275.8796167373657	1.9455407964445377	2.0
275.89635968208313	1.9455407964445377	2.0
275.9127311706543	1.9488093332108019	2.0
275.92492032051086	1.9488093332108019	2.0
275.9424912929535	1.9508226840028304	2.0
275.9567289352417	1.9508226840028304	2.0
275.96955132484436	1.9508226840028304	2.0
275.9899764060974	1.9531993824268992	2.0
276.00213956832886	1.9531993824268992	2.0
276.0136089324951	1.9531993824268992	2.0
276.0310480594635	1.9531993824268992	2.0
276.0448226928711	1.9556064635372092	2.0
276.06241846084595	1.9556064635372092	2.0
276.07988119125366	1.9575168712596789	2.0
276.09214210510254	1.9575168712596789	2.0
276.11154198646545	1.9575168712596789	2.0
276.12882947921753	1.9597299802745574	2.0
276.14483404159546	1.9597299802745574	2.0
276.1625759601593	1.9597299802745574	2.0
276.17452669143677	1.9605312220420246	2.0
276.2065095901489	1.9605312220420246	2.0
276.2227439880371	1.9618352219998019	2.0
276.236323595047	1.9618352219998019	2.0
276.248015165329	1.9618352219998019	2.0
276.26412558555603	1.961023162981234	2.0
276.2787742614746	1.961023162981234	2.0
276.2998116016388	1.9611859942475527	2.0
276.31314611434937	1.9611859942475527	2.0
276.32447719573975	1.9611859942475527	2.0
276.3400094509125	1.9611859942475527	2.0
276.3562150001526	1.9601879070680652	2.0
276.370374917984	1.9601879070680652	2.0
276.38726472854614	1.960438750354984	2.0
276.40111804008484	1.960438750354984	2.0
276.4160101413727	1.960438750354984	2.0
276.4359931945801	1.9599312127443647	2.0
276.4512071609497	1.9599312127443647	2.0
276.47019267082214	1.9599312127443647	2.0
276.48311471939087	1.9603616504871575	2.0
276.49476981163025	1.9603616504871575	2.0
276.5110373497009	1.9603616504871575	2.0
276.527223110199	1.9608030456853283	2.0
276.5423676967621	1.9608030456853283	2.0
276.5626780986786	1.961474303428691	2.0
276.5766351222992	1.961474303428691	2.0
276.59305930137634	1.961474303428691	2.0
276.61112880706787	1.9625050959077999	2.0
276.6231424808502	1.9625050959077999	2.0
276.64180874824524	1.9625050959077999	2.0
276.6599271297455	1.963162019337119	2.0
276.6751561164856	1.963162019337119	2.0
276.6894898414612	1.963162019337119	2.0
276.7061083316803	1.963962865696642	2.0
276.7273347377777	1.963962865696642	2.0
276.74647974967957	1.9649627058129213	2.0
276.76144194602966	1.9649627058129213	2.0
276.7749228477478	1.9649627058129213	2.0
276.7918236255646	1.965774966527207	2.0
276.8093662261963	1.965774966527207	2.0
276.82973289489746	1.965774966527207	2.0
276.8440089225769	1.9657218784226547	2.0
276.85591173171997	1.9657218784226547	2.0
276.87433671951294	1.9657218784226547	2.0
276.88901376724243	1.9658501991744846	2.0
276.9197723865509	1.9660940445873099	2.0
276.93146800994873	1.9660940445873099	2.0
276.9444377422333	1.9660940445873099	2.0
276.96433186531067	1.9660940445873099	2.0
276.97932624816895	1.9660587630239146	2.0
276.99445033073425	1.9660587630239146	2.0
277.01058530807495	1.965979937489155	2.0
277.023074388504	1.965979937489155	2.0
277.039249420166	1.965979937489155	2.0
277.0589406490326	1.9669361365182811	2.0
277.07437324523926	1.9669361365182811	2.0
277.0889570713043	1.9669361365182811	2.0
277.1032531261444	1.9686757386650957	2.0
277.1177999973297	1.9686757386650957	2.0
277.13892436027527	1.9686757386650957	2.0
277.15483570098877	1.97042345452869	2.0
277.16832160949707	1.97042345452869	2.0
277.1815040111542	1.9720123270747485	2.0
277.19635248184204	1.9720123270747485	2.0
277.2111129760742	1.9720123270747485	2.0
277.2294330596924	1.9739573717176058	2.0
277.2429392337799	1.9739573717176058	2.0
277.25588750839233	1.9739573717176058	2.0
277.2729637622833	1.9781378311770652	2.0
277.2875680923462	1.9781378311770652	2.0
277.3026990890503	1.9781378311770652	2.0
277.319655418396	1.9812941992334596	2.0
277.33127069473267	1.9812941992334596	2.0
277.34535336494446	1.9812941992334596	2.0
277.36362075805664	1.984013417149243	2.0
277.3747522830963	1.984013417149243	2.0
277.3876304626465	1.984013417149243	2.0
277.40494322776794	1.9871702676464618	2.0
277.4194760322571	1.9871702676464618	2.0
277.43894720077515	1.9871702676464618	2.0
277.4530622959137	1.9896269590069093	2.0
277.46429324150085	1.9896269590069093	2.0
277.48074316978455	1.9896269590069093	2.0
277.4965558052063	1.9918794801612694	2.0
277.5111606121063	1.9918794801612694	2.0
277.53228521347046	1.9932762682583576	2.0
277.54404044151306	1.9932762682583576	2.0
277.5585596561432	1.9932762682583576	2.0
277.57765102386475	1.994569343752362	2.0
277.5931062698364	1.994569343752362	2.0
277.6068744659424	1.994569343752362	2.0
277.6229920387268	1.9959125060900242	2.0
277.6376860141754	1.9959125060900242	2.0
277.66442584991455	1.9979826608365083	2.0
277.6803960800171	1.9979826608365083	2.0
277.695919752121	1.9979826608365083	2.0
277.7094552516937	1.998222088635736	2.0
277.72553396224976	1.998222088635736	2.0
277.7455220222473	1.998222088635736	2.0
277.7604868412018	1.9986819001453136	2.0
277.77394437789917	1.9986819001453136	2.0
277.78608894348145	1.9986819001453136	2.0
277.8011293411255	1.9979235109460585	2.0
277.81564450263977	1.9979235109460585	2.0
277.8334572315216	1.9979235109460585	2.0
277.8481204509735	1.9970683437633963	2.0
277.86032605171204	1.9970683437633963	2.0
277.87612676620483	1.9961296399467714	2.0
277.8914887905121	1.9961296399467714	2.0
277.90855836868286	1.9961296399467714	2.0
277.92552971839905	1.9952605360423548	2.0
277.93701910972595	1.9952605360423548	2.0
277.95120000839233	1.9952605360423548	2.0
277.9722135066986	1.9932093161352398	2.0
277.9857168197632	1.9932093161352398	2.0
278.002286195755	1.9932093161352398	2.0
278.01909828186035	1.9912601401661796	2.0
278.0316729545593	1.9912601401661796	2.0
278.0628471374512	1.9891170151661797	2.0
278.0789260864258	1.9891170151661797	2.0
278.0981287956238	1.9864880210142952	2.0
278.11062383651733	1.9864880210142952	2.0
278.1267337799072	1.9864880210142952	2.0
278.14561104774475	1.9827310055725114	2.0
278.1573386192322	1.9827310055725114	2.0
278.18894243240356	1.9791392064099977	2.0
278.20463466644287	1.9791392064099977	2.0
278.22027373313904	1.9791392064099977	2.0
278.2343702316284	1.9760569651164652	2.0
278.2499177455902	1.9760569651164652	2.0
278.2737865447998	1.9733124852403048	2.0
278.2897114753723	1.9733124852403048	2.0
278.3041422367096	1.9733124852403048	2.0
278.31995677948	1.9711448723259486	2.0
278.33477330207825	1.9711448723259486	2.0
278.3515989780426	1.9711448723259486	2.0
278.3690412044525	1.9691785026408843	2.0
278.381520986557	1.9691785026408843	2.0
278.3975660800934	1.9691785026408843	2.0
278.41284584999084	1.9688902444941796	2.0
278.42754316329956	1.9688902444941796	2.0
278.4443199634552	1.968660859669195	2.0
278.45997524261475	1.968660859669195	2.0
278.4719228744507	1.968660859669195	2.0
278.48963141441345	1.9685138159575388	2.0
278.5042099952698	1.9685138159575388	2.0
278.521484375	1.9685138159575388	2.0
278.54156017303467	1.970283325005796	2.0
278.5535306930542	1.970283325005796	2.0
278.570392370224	1.970283325005796	2.0
278.589453458786	1.9727894863337851	2.0
278.6042754650116	1.9727894863337851	2.0
278.6268765926361	1.9762382911435465	2.0
278.63819432258606	1.9762382911435465	2.0
278.65374541282654	1.9762382911435465	2.0
278.6731014251709	1.9811516031591367	2.0
278.6883285045624	1.9811516031591367	2.0
278.7037844657898	1.9811516031591367	2.0
278.7170584201813	1.9858355742574028	2.0
278.73145818710327	1.9858355742574028	2.0
278.74738240242004	1.9858355742574028	2.0
278.76654052734375	1.990363029102523	2.0
278.7814338207245	1.990363029102523	2.0
278.79711842536926	1.990363029102523	2.0
278.813334941864	1.994642576969159	2.0
278.8271584510803	1.994642576969159	2.0
278.8472137451172	1.994642576969159	2.0
278.8614172935486	1.9973822812563493	2.0
278.8728904724121	1.9973822812563493	2.0
278.89478731155396	2.001709318179426	2.0
278.90850853919983	2.001709318179426	2.0
278.920467376709	2.001709318179426	2.0
278.93584728240967	2.001709318179426	2.0
278.9513130187988	2.006051946568502	2.0
278.9650909900665	2.006051946568502	2.0
278.9815535545349	2.008498068950701	2.0
278.994069814682	2.008498068950701	2.0
279.0068452358246	2.008498068950701	2.0
279.0346667766571	2.011510802383432	2.0
279.0497930049896	2.011510802383432	2.0
279.08881974220276	2.013082055375707	2.0
279.10920429229736	2.013082055375707	2.0
279.1322100162506	2.0144124429869823	2.0
279.14736580848694	2.0144124429869823	2.0
279.16903471946716	2.015567746455191	2.0
279.18491792678833	2.015567746455191	2.0
279.1997318267822	2.015567746455191	2.0
279.21814489364624	2.0163798094924403	2.0
279.2316575050354	2.0163798094924403	2.0
279.2442977428436	2.0163798094924403	2.0
279.26168727874756	2.017354929317513	2.0
279.27510380744934	2.017354929317513	2.0
279.2911591529846	2.017354929317513	2.0
279.3072910308838	2.019555484300417	2.0
279.31895542144775	2.019555484300417	2.0
279.34008526802063	2.019555484300417	2.0
279.35413551330566	2.019002936514158	2.0
279.3710823059082	2.019002936514158	2.0
279.3893496990204	2.0177964768367382	2.0
279.40143871307373	2.0177964768367382	2.0
279.4281108379364	2.0177964768367382	2.0
279.4448058605194	2.016796997495777	2.0
279.46276664733887	2.016796997495777	2.0
279.47831320762634	2.015445906240995	2.0
279.49305391311646	2.015445906240995	2.0
279.51248264312744	2.015445906240995	2.0
279.52882075309753	2.013623566473237	2.0
279.5439534187317	2.013623566473237	2.0
279.56076073646545	2.0102874400804795	2.0
279.5752582550049	2.0102874400804795	2.0
279.59054493904114	2.0102874400804795	2.0
279.60664987564087	2.006460219491278	2.0
279.6214382648468	2.006460219491278	2.0
279.6343877315521	2.006460219491278	2.0
279.6510241031647	2.0033704599466335	2.0
279.66630244255066	2.0033704599466335	2.0
279.6802327632904	2.0033704599466335	2.0
279.69587683677673	1.9997996349466334	2.0
279.71150255203247	1.9997996349466334	2.0
279.7310154438019	1.9997996349466334	2.0
279.7472519874573	1.9957403931083053	2.0
279.7628536224365	1.9957403931083053	2.0
279.77880907058716	1.9926519781321335	2.0
279.794798374176	1.9926519781321335	2.0
279.814368724823	1.9926519781321335	2.0
279.83134388923645	1.9905443494458066	2.0
279.8430151939392	1.9905443494458066	2.0
279.86084485054016	1.9905443494458066	2.0
279.8770344257355	1.9879154885474268	2.0
279.8936195373535	1.9879154885474268	2.0
279.911251783371	1.9856783631206345	2.0
279.9229083061218	1.9856783631206345	2.0
279.93541502952576	1.9856783631206345	2.0
279.9554646015167	1.9856783631206345	2.0
279.97046852111816	1.9843949494187818	2.0
279.9863464832306	1.9843949494187818	2.0
280.00299286842346	1.98454185242879	2.0
280.01520442962646	1.98454185242879	2.0
280.034343957901	1.98454185242879	2.0
280.05413126945496	1.9853524805167346	2.0
280.0687460899353	1.9853524805167346	2.0
280.08081245422363	1.9853524805167346	2.0
280.09443640708923	1.984994590941445	2.0
280.1096901893616	1.984994590941445	2.0
280.1287453174591	1.984994590941445	2.0
280.14634704589844	1.985485911051704	2.0
280.15931010246277	1.985485911051704	2.0
280.1735861301422	1.985485911051704	2.0
280.1882839202881	1.9869372200662192	2.0
280.20281171798706	1.9869372200662192	2.0
280.21978855133057	1.9869372200662192	2.0
280.2346749305725	1.9885762971320553	2.0
280.24702858924866	1.9885762971320553	2.0
280.26410365104675	1.9899916322137312	2.0
280.2794406414032	1.9899916322137312	2.0
280.29844546318054	1.9899916322137312	2.0
280.3156156539917	1.9926775984965666	2.0
280.3269593715668	1.9926775984965666	2.0
280.3433346748352	1.9926775984965666	2.0
280.36049032211304	1.995285903321562	2.0
280.3740932941437	1.995285903321562	2.0
280.39456057548523	1.995285903321562	2.0
280.4077639579773	1.9994280758187988	2.0
280.4231388568878	1.9994280758187988	2.0
280.4466416835785	2.0028857218205953	2.0
280.4586727619171	2.0028857218205953	2.0
280.49174523353577	2.0062990852099234	2.0
280.5072968006134	2.0062990852099234	2.0
280.52445697784424	2.0062990852099234	2.0
280.5393657684326	2.00912410117631	2.0
280.5540521144867	2.00912410117631	2.0
280.5750823020935	2.00912410117631	2.0
280.5900194644928	2.0116722994726453	2.0
280.6032283306122	2.0116722994726453	2.0
280.61560916900635	2.0116722994726453	2.0
280.6313991546631	2.015200851498931	2.0
280.6450436115265	2.015200851498931	2.0
280.664843082428	2.0189446914812406	2.0
280.67974376678467	2.0189446914812406	2.0
280.6933732032776	2.0189446914812406	2.0
280.7100019454956	2.02100310243283	2.0
280.72493743896484	2.02100310243283	2.0
280.7430863380432	2.02100310243283	2.0
280.7602524757385	2.0223113426435013	2.0
280.7713737487793	2.0223113426435013	2.0
280.78747940063477	2.0223113426435013	2.0
280.8058376312256	2.023588164020429	2.0
280.8211579322815	2.023588164020429	2.0
280.8419578075409	2.023764813646098	2.0
280.85478949546814	2.023764813646098	2.0
280.88612270355225	2.0237577492672734	2.0
280.9008469581604	2.0237577492672734	2.0
280.9201889038086	2.0237577492672734	2.0
280.9340546131134	2.022668203812728	2.0
280.9482307434082	2.022668203812728	2.0
280.9760456085205	2.021446695836656	2.0
280.99113154411316	2.021446695836656	2.0
281.0061664581299	2.021446695836656	2.0
281.02087020874023	2.0204493317340924	2.0
281.036333322525	2.0204493317340924	2.0
281.05591011047363	2.0204493317340924	2.0
281.07169365882874	2.0177325799369874	2.0
281.0862922668457	2.0177325799369874	2.0
281.0992696285248	2.0177325799369874	2.0
281.11491084098816	2.014383530516138	2.0
281.12961626052856	2.014383530516138	2.0
281.1418695449829	2.014383530516138	2.0
281.1563000679016	2.0123095931691997	2.0
281.1706774234772	2.0123095931691997	2.0
281.19161462783813	2.0100451545328353	2.0
281.2067575454712	2.0100451545328353	2.0
281.21893763542175	2.0100451545328353	2.0
281.2331337928772	2.008128688049057	2.0
281.2480435371399	2.008128688049057	2.0
281.26407122612	2.008128688049057	2.0
281.28869104385376	2.003766148049057	2.0
281.2998538017273	2.003766148049057	2.0
281.3133625984192	2.003766148049057	2.0
281.3309419155121	1.999349835540541	2.0
281.3438229560852	1.999349835540541	2.0
281.37274169921875	1.995883414257742	2.0
281.38436341285706	1.995883414257742	2.0
281.4147958755493	1.9937862384102847	2.0
281.4294068813324	1.9937862384102847	2.0
281.4555251598358	1.991532502885057	2.0
281.46650743484497	1.991532502885057	2.0
281.48066878318787	1.991532502885057	2.0
281.4997818470001	1.9885059363646438	2.0
281.5150501728058	1.9885059363646438	2.0
281.53204369544983	1.9885059363646438	2.0
281.54492568969727	1.986944205030936	2.0
281.55874133110046	1.986944205030936	2.0
281.575138092041	1.986944205030936	2.0
281.59201216697693	1.9855208479771118	2.0
281.60715794563293	1.9855208479771118	2.0
281.61993622779846	1.9855208479771118	2.0
281.6360023021698	1.9848107767630125	2.0
281.65060353279114	1.9848107767630125	2.0
281.67063570022583	1.9848107767630125	2.0
281.68591356277466	1.9841072638060016	2.0
281.6986801624298	1.9841072638060016	2.0
281.7129752635956	1.9841072638060016	2.0
281.72775745391846	1.9851888369767334	2.0
281.74217987060547	1.9851888369767334	2.0
281.76163125038147	1.986978034666079	2.0
281.7753314971924	1.986978034666079	2.0
281.7876601219177	1.986978034666079	2.0
281.80742359161377	1.9889755501133337	2.0
281.8212695121765	1.9889755501133337	2.0
281.8531527519226	1.9911819164926439	2.0
281.86470222473145	1.9911819164926439	2.0
281.88148188591003	1.9911819164926439	2.0
281.8976662158966	1.9920778281989016	2.0
281.90894412994385	1.9920778281989016	2.0
281.9228587150574	1.9920778281989016	2.0
281.9439616203308	1.9920778281989016	2.0
281.9603865146637	1.994560574603769	2.0
281.9807221889496	1.994560574603769	2.0
281.9955596923828	1.9971116605848067	2.0
282.0109133720398	1.9971116605848067	2.0
282.0363233089447	1.9999424145617077	2.0
282.0516335964203	1.9999424145617077	2.0
282.0642018318176	1.9999424145617077	2.0
282.0778696537018	2.002535661531475	2.0
282.0932443141937	2.002535661531475	2.0
282.11711740493774	2.004943006029083	2.0
282.13264656066895	2.004943006029083	2.0
282.1452569961548	2.004943006029083	2.0
282.1593585014343	2.0075613094817273	2.0
282.1750137805939	2.0075613094817273	2.0
282.19452381134033	2.0075613094817273	2.0
282.2124364376068	2.009706137193272	2.0
282.2246949672699	2.009706137193272	2.0
282.2370433807373	2.009706137193272	2.0
282.2540578842163	2.012847543028815	2.0
282.2675197124481	2.012847543028815	2.0
282.28593277931213	2.012847543028815	2.0
282.3011417388916	2.0152612328815964	2.0
282.312584400177	2.0152612328815964	2.0
282.32994866371155	2.0152612328815964	2.0
282.34497928619385	2.019015998663231	2.0
282.36166405677795	2.019015998663231	2.0
282.37843918800354	2.0218051549132308	2.0
282.3899462223053	2.0218051549132308	2.0
282.40161538124084	2.0218051549132308	2.0
282.4193592071533	2.0218051549132308	2.0
282.4358673095703	2.022800775401036	2.0
282.4515435695648	2.022800775401036	2.0
282.470463514328	2.0231822608121766	2.0
282.4823625087738	2.0231822608121766	2.0
282.513601064682	2.023540958010473	2.0
282.52885818481445	2.023540958010473	2.0
282.5432960987091	2.023540958010473	2.0
282.5584924221039	2.0230114264140204	2.0
282.57366728782654	2.0230114264140204	2.0
282.5952413082123	2.022353804027932	2.0
282.6104142665863	2.022353804027932	2.0
282.62472438812256	2.022353804027932	2.0
282.6389248371124	2.021643445733173	2.0
282.6544325351715	2.021643445733173	2.0
282.66996693611145	2.021643445733173	2.0
282.68816614151	2.019418460059821	2.0
282.70410776138306	2.019418460059821	2.0
282.7220525741577	2.019418460059821	2.0
282.73795986175537	2.017712403827729	2.0
282.7521471977234	2.017712403827729	2.0
282.7666914463043	2.017712403827729	2.0
282.78320264816284	2.0161569847660865	2.0
282.7994906902313	2.0161569847660865	2.0
282.8160970211029	2.0135368096068507	2.0
282.8316159248352	2.0135368096068507	2.0
282.8454747200012	2.0135368096068507	2.0
282.86326456069946	2.0127467707595885	2.0
282.8784945011139	2.0127467707595885	2.0
282.89665961265564	2.0127467707595885	2.0
282.91136288642883	2.012455109833822	2.0
282.9229083061218	2.012455109833822	2.0
282.9389491081238	2.012455109833822	2.0
282.9551372528076	2.0124258213735287	2.0
282.9707386493683	2.0124258213735287	2.0
282.99185252189636	2.01369554193102	2.0
283.0031473636627	2.01369554193102	2.0
283.01912474632263	2.01369554193102	2.0
283.042724609375	2.015303976218322	2.0
283.0593934059143	2.015303976218322	2.0
283.0770494937897	2.015303976218322	2.0
283.08909916877747	2.018282520224864	2.0
283.1049108505249	2.018282520224864	2.0
283.1257355213165	2.0225238707630817	2.0
283.14100456237793	2.0225238707630817	2.0
283.1534550189972	2.0225238707630817	2.0
283.16864037513733	2.0265021207630816	2.0
283.18393635749817	2.0265021207630816	2.0
283.1985237598419	2.0265021207630816	2.0
283.2162742614746	2.0305559792723167	2.0
283.22967314720154	2.0305559792723167	2.0
283.2436258792877	2.0305559792723167	2.0
283.2610332965851	2.036329882242203	2.0
283.27398657798767	2.036329882242203	2.0
283.2941403388977	2.036329882242203	2.0
283.3077619075775	2.0420804495105176	2.0
283.3189311027527	2.0420804495105176	2.0
283.3354744911194	2.0420804495105176	2.0
283.35314893722534	2.0474929745726556	2.0
283.36845302581787	2.0474929745726556	2.0
283.38647961616516	2.0474929745726556	2.0
283.3986394405365	2.052449426617446	2.0
283.4132158756256	2.052449426617446	2.0
283.43247723579407	2.055479919474589	2.0
283.44545435905457	2.055479919474589	2.0
283.4768726825714	2.058918691785508	2.0
283.4900074005127	2.058918691785508	2.0
283.50746989250183	2.058918691785508	2.0
283.5242533683777	2.06008972123145	2.0
283.5393350124359	2.06008972123145	2.0
283.5610785484314	2.06008972123145	2.0
283.5766577720642	2.059956638056726	2.0
283.59245777130127	2.059956638056726	2.0
283.60722279548645	2.059437285511816	2.0
283.62122201919556	2.059437285511816	2.0
283.63916850090027	2.059437285511816	2.0
283.6573669910431	2.0573177160673715	2.0
283.67222714424133	2.0573177160673715	2.0
283.6893165111542	2.0573177160673715	2.0
283.70491218566895	2.053563864289778	2.0
283.7198443412781	2.053563864289778	2.0
283.73814964294434	2.0485903120247144	2.0
283.75267148017883	2.0485903120247144	2.0
283.76575350761414	2.0485903120247144	2.0
283.78471183776855	2.0431750696901037	2.0
283.7995915412903	2.0431750696901037	2.0
283.8143184185028	2.0431750696901037	2.0
283.8329050540924	2.0379813467575403	2.0
283.84408378601074	2.0379813467575403	2.0
283.8613350391388	2.0379813467575403	2.0
283.8775486946106	2.0334481967575404	2.0
283.89145493507385	2.0334481967575404	2.0
283.9143464565277	2.0334481967575404	2.0
283.9285337924957	2.0281026406839358	2.0
283.94409584999084	2.0281026406839358	2.0
283.9625988006592	2.023509003366216	2.0
283.97929072380066	2.023509003366216	2.0
283.99666023254395	2.023509003366216	2.0
284.00994396209717	2.0184449188591738	2.0
284.02532386779785	2.0184449188591738	2.0
284.0414562225342	2.0184449188591738	2.0
284.0577938556671	2.0133663513221167	2.0
284.0717308521271	2.0133663513221167	2.0
284.0845241546631	2.0133663513221167	2.0
284.1006770133972	2.008731203375257	2.0
284.11759185791016	2.008731203375257	2.0
284.1325829029083	2.0041324800368097	2.0
284.14745450019836	2.0041324800368097	2.0
284.15978145599365	2.0041324800368097	2.0
284.17745184898376	1.9997220487122813	2.0
284.19342398643494	1.9997220487122813	2.0
284.2051134109497	1.9997220487122813	2.0
284.2197849750519	1.9964211159132024	2.0
284.23303389549255	1.9964211159132024	2.0
284.2489161491394	1.9964211159132024	2.0
284.2667055130005	1.9928279904178445	2.0
284.2810854911804	1.9928279904178445	2.0
284.2937219142914	1.9928279904178445	2.0
284.30990266799927	1.9891049602502466	2.0
284.3252191543579	1.9891049602502466	2.0
284.34089636802673	1.9891049602502466	2.0
284.3597843647003	1.9854942033756657	2.0
284.3713264465332	1.9854942033756657	2.0
284.38713669776917	1.9854942033756657	2.0
284.4043085575104	1.9813054806078825	2.0
284.417076587677	1.9813054806078825	2.0
284.43485736846924	1.9813054806078825	2.0
284.4477205276489	1.978243579936412	2.0
284.4591979980469	1.978243579936412	2.0
284.4744086265564	1.978243579936412	2.0
284.49307656288147	1.97551503686809	2.0
284.50832200050354	1.97551503686809	2.0
284.5277636051178	1.97551503686809	2.0
284.5408754348755	1.97394641186809	2.0
284.5648822784424	1.97394641186809	2.0
284.58109998703003	1.9738491147593102	2.0
284.5957353115082	1.9738491147593102	2.0
284.61323952674866	1.9738491147593102	2.0
284.6279389858246	1.973398689111523	2.0
284.64623284339905	1.973398689111523	2.0
284.6637327671051	1.9724962670429176	2.0
284.67844104766846	1.9724962670429176	2.0
284.69412994384766	1.9724962670429176	2.0
284.713586807251	1.9714049426647715	2.0
284.72906470298767	1.9714049426647715	2.0
284.7470715045929	1.9711040054854307	2.0
284.7616512775421	1.9711040054854307	2.0
284.7739362716675	1.9711040054854307	2.0
284.7900478839874	1.9723685637049768	2.0
284.80443000793457	1.9723685637049768	2.0
284.8210015296936	1.9723685637049768	2.0
284.83929347991943	1.9734551549150183	2.0
284.85085940361023	1.9734551549150183	2.0
284.86542224884033	1.9734551549150183	2.0
284.88313937187195	1.9752032476249475	2.0
284.8982422351837	1.9752032476249475	2.0
284.9212408065796	1.9766756482752363	2.0
284.9332344532013	1.9766756482752363	2.0
284.9456639289856	1.9766756482752363	2.0
284.9646966457367	1.9766756482752363	2.0
284.97742462158203	1.9775040929392678	2.0
284.98879766464233	1.9775040929392678	2.0
285.0110287666321	1.9775040929392678	2.0
285.0252869129181	1.9784225418227108	2.0
285.0442695617676	1.9784225418227108	2.0
285.06150674819946	1.9802677111306572	2.0
285.07446789741516	1.9802677111306572	2.0
285.10402727127075	1.9802677111306572	2.0
285.120290517807	1.9804775845650675	2.0
285.13563442230225	1.9804775845650675	2.0
285.14896607398987	1.9806604515703783	2.0
285.16485595703125	1.9806604515703783	2.0
285.1818187236786	1.9806604515703783	2.0
285.1979682445526	1.980837243574851	2.0
285.2107717990875	1.980837243574851	2.0
285.222332239151	1.980837243574851	2.0
285.23918104171753	1.9799304941608942	2.0
285.2535254955292	1.9799304941608942	2.0
285.2705466747284	1.9799304941608942	2.0
285.2880902290344	1.979036035177986	2.0
285.29969096183777	1.979036035177986	2.0
285.3147256374359	1.979036035177986	2.0
285.33394408226013	1.977635136041415	2.0
285.34811449050903	1.977635136041415	2.0
285.3642852306366	1.977635136041415	2.0
285.3793592453003	1.9766484106518967	2.0
285.39301323890686	1.9766484106518967	2.0
285.41032886505127	1.9766484106518967	2.0
285.4273273944855	1.9749019333791693	2.0
285.4425883293152	1.9749019333791693	2.0
285.4613916873932	1.9736814882848954	2.0
285.47518372535706	1.9736814882848954	2.0
285.49615955352783	1.9736814882848954	2.0
285.51407194137573	1.9709601743094047	2.0
285.5277795791626	1.9709601743094047	2.0
285.54117727279663	1.9709601743094047	2.0
285.5565023422241	1.9705482935245104	2.0
285.57457637786865	1.9705482935245104	2.0
285.59269428253174	1.9697093780465456	2.0
285.6065762042999	1.9697093780465456	2.0
285.6193675994873	1.9697093780465456	2.0
285.63387274742126	1.9687531284553246	2.0
285.64975118637085	1.9687531284553246	2.0
285.66303157806396	1.9687531284553246	2.0
285.6767568588257	1.9666735309173409	2.0
285.6917402744293	1.9666735309173409	2.0
285.71580147743225	1.9666735309173409	2.0
285.73187255859375	1.9660568929399331	2.0
285.7474584579468	1.9660568929399331	2.0
285.7658565044403	1.9651059198041	2.0
285.7810969352722	1.9651059198041	2.0
285.80173206329346	1.9651059198041	2.0
285.81834268569946	1.9644887951582077	2.0
285.8346781730652	1.9644887951582077	2.0
285.8553304672241	1.9647340807665163	2.0
285.86950039863586	1.9647340807665163	2.0
285.90141248703003	1.963763936934038	2.0
285.9131042957306	1.963763936934038	2.0
285.92706179618835	1.963763936934038	2.0
285.94775342941284	1.96490955318714	2.0
285.9617772102356	1.96490955318714	2.0
285.979688167572	1.96490955318714	2.0
285.99331188201904	1.9649441637017646	2.0
286.008602142334	1.9649441637017646	2.0
286.0341148376465	1.9658174647643378	2.0
286.0489172935486	1.9658174647643378	2.0
286.06311297416687	1.9658174647643378	2.0
286.07740020751953	1.967853579171709	2.0
286.09144282341003	1.967853579171709	2.0
286.1054742336273	1.967853579171709	2.0
286.122305393219	1.970353735322902	2.0
286.13639783859253	1.970353735322902	2.0
286.148987531662	1.970353735322902	2.0
286.1620182991028	1.970353735322902	2.0
286.17751145362854	1.9724610648683563	2.0
286.1934835910797	1.9724610648683563	2.0
286.211439371109	1.9748879789536864	2.0
286.22359919548035	1.9748879789536864	2.0
286.23455834388733	1.9748879789536864	2.0
286.2513382434845	1.977703010391536	2.0
286.2665026187897	1.977703010391536	2.0
286.2826454639435	1.977703010391536	2.0
286.3040494918823	1.9803834747832276	2.0
286.31638264656067	1.9803834747832276	2.0
286.3350648880005	1.9803834747832276	2.0
286.3510568141937	1.982813409240706	2.0
286.36667108535767	1.982813409240706	2.0
286.38466143608093	1.982813409240706	2.0
286.396684885025	1.9851106246253214	2.0
286.4124507904053	1.9851106246253214	2.0
286.42980885505676	1.9874401126474344	2.0
286.4419376850128	1.9874401126474344	2.0
286.45716547966003	1.9874401126474344	2.0
286.4749982357025	1.9898646502724886	2.0
286.4896385669708	1.9898646502724886	2.0
286.5066616535187	1.9898646502724886	2.0
286.52182269096375	1.9912692049546485	2.0
286.53727173805237	1.9912692049546485	2.0
286.5534541606903	1.9912692049546485	2.0
286.5696051120758	1.994124154889168	2.0
286.5838325023651	1.994124154889168	2.0
286.5987594127655	1.994124154889168	2.0
286.6135444641113	1.9959972131235895	2.0
286.62857818603516	1.9959972131235895	2.0
286.6458749771118	1.998546403499028	2.0
286.66094613075256	1.998546403499028	2.0
286.67567014694214	1.998546403499028	2.0
286.6909701824188	1.999707441647871	2.0
286.70653796195984	1.999707441647871	2.0
286.7228367328644	1.999707441647871	2.0
286.739187002182	2.0005281603067635	2.0
286.75161242485046	2.0005281603067635	2.0
286.76696276664734	2.0005281603067635	2.0
286.7850925922394	2.0026704008393077	2.0
286.79821610450745	2.0026704008393077	2.0
286.8157625198364	2.0026704008393077	2.0
286.82878947257996	2.0035307995956413	2.0
286.8400173187256	2.0035307995956413	2.0
286.85857343673706	2.0035307995956413	2.0
286.8744480609894	2.0033421683972943	2.0
286.89032101631165	2.0033421683972943	2.0
286.90825271606445	2.0034738606363662	2.0
286.91967153549194	2.0034738606363662	2.0
286.95062041282654	2.0034738606363662	2.0
286.96426916122437	2.003895000855522	2.0
286.98442816734314	2.003895000855522	2.0
287.00119519233704	2.003218889273417	2.0
287.0160536766052	2.003218889273417	2.0
287.0364727973938	2.003218889273417	2.0
287.0522508621216	2.002989382868264	2.0
287.0665771961212	2.002989382868264	2.0
287.0803654193878	2.002989382868264	2.0
287.09618186950684	2.0020759902719014	2.0
287.1103165149689	2.0020759902719014	2.0
287.1277275085449	2.0008020693317308	2.0
287.14206862449646	2.0008020693317308	2.0
287.1546130180359	2.0008020693317308	2.0
287.1707692146301	1.9997497078156958	2.0
287.18545603752136	1.9997497078156958	2.0
287.19975090026855	1.9997497078156958	2.0
287.2137167453766	1.9986901341436165	2.0
287.2296392917633	1.9986901341436165	2.0
287.24966168403625	1.9973967310244813	2.0
287.26452922821045	1.9973967310244813	2.0
287.27895975112915	1.9973967310244813	2.0
287.29368257522583	1.9969301658038916	2.0
287.309250831604	1.9969301658038916	2.0
287.32605051994324	1.9969301658038916	2.0
287.34358072280884	1.9964025421584342	2.0
287.3566310405731	1.9964025421584342	2.0
287.3692569732666	1.9964025421584342	2.0
287.38567304611206	1.99645122953916	2.0
287.39846563339233	1.99645122953916	2.0
287.4143064022064	1.99645122953916	2.0
287.43157625198364	1.9967931258806229	2.0
287.4438798427582	1.9967931258806229	2.0
287.46362709999084	1.9967931258806229	2.0
287.478387594223	1.9975221990513545	2.0
287.4925355911255	1.9975221990513545	2.0
287.5107915401459	1.9975221990513545	2.0
287.52418971061707	1.9975535892854146	2.0
287.53801560401917	1.9975535892854146	2.0
287.55827927589417	1.9985786661908325	2.0
287.57423162460327	1.9985786661908325	2.0
287.59147453308105	1.9985786661908325	2.0
287.60450434684753	1.9996048631020293	2.0
287.63134264945984	1.9996048631020293	2.0
287.65158462524414	2.0004280462415642	2.0
287.66669273376465	2.0004280462415642	2.0
287.6851541996002	2.0004280462415642	2.0
287.702041387558	2.0018770466523543	2.0
287.7171733379364	2.0018770466523543	2.0
287.7384970188141	2.003974081929067	2.0
287.7521507740021	2.003974081929067	2.0
287.7635419368744	2.003974081929067	2.0
287.7784788608551	2.00615412448393	2.0
287.79355812072754	2.00615412448393	2.0
287.8095784187317	2.00615412448393	2.0
287.8269898891449	2.0085784449157047	2.0
287.838942527771	2.0085784449157047	2.0
287.85126781463623	2.0085784449157047	2.0
287.8704090118408	2.009721866790705	2.0
287.8849003314972	2.009721866790705	2.0
287.90143036842346	2.009721866790705	2.0
287.91722869873047	2.01197250266027	2.0
287.92881536483765	2.01197250266027	2.0
287.94930386543274	2.01197250266027	2.0
287.96879744529724	2.0147335374588047	2.0
287.9811997413635	2.0147335374588047	2.0
288.0062596797943	2.0182624994422755	2.0
288.02024245262146	2.0182624994422755	2.0
288.04183053970337	2.0182624994422755	2.0
288.0568788051605	2.021650594641953	2.0
288.0717055797577	2.021650594641953	2.0
288.0887668132782	2.021650594641953	2.0
288.1050910949707	2.0242893293980506	2.0
288.1192545890808	2.0242893293980506	2.0
288.1359431743622	2.0242893293980506	2.0
288.1500840187073	2.0263981102731385	2.0
288.1644546985626	2.0263981102731385	2.0
288.18179631233215	2.027826524514537	2.0
288.1974914073944	2.027826524514537	2.0
288.2092409133911	2.027826524514537	2.0
288.22230792045593	2.027826524514537	2.0
288.2377429008484	2.0289329687470485	2.0
288.25295066833496	2.0289329687470485	2.0
288.27210450172424	2.0273169765595487	2.0
288.28462743759155	2.0273169765595487	2.0
288.2961528301239	2.0273169765595487	2.0
288.31164741516113	2.026645142522386	2.0
288.326621055603	2.026645142522386	2.0
288.35599422454834	2.0245366529942848	2.0
288.36873984336853	2.0245366529942848	2.0
288.3801155090332	2.0245366529942848	2.0
288.40553522109985	2.021911774364269	2.0
288.42135214805603	2.021911774364269	2.0
288.4374339580536	2.021911774364269	2.0
288.45303440093994	2.016704428418323	2.0
288.46660590171814	2.016704428418323	2.0
288.4929151535034	2.016704428418323	2.0
288.50917387008667	2.012363898882901	2.0
288.52463960647583	2.012363898882901	2.0
288.53900718688965	2.008359007410386	2.0
288.55391812324524	2.008359007410386	2.0
288.575670003891	2.008359007410386	2.0
288.59303975105286	2.004662701980522	2.0
288.60566091537476	2.004662701980522	2.0
288.61761474609375	2.004662701980522	2.0
288.6335792541504	2.0016975988493377	2.0
288.6475315093994	2.0016975988493377	2.0
288.66602993011475	2.0016975988493377	2.0
288.6822233200073	1.99706808952098	2.0
288.6996064186096	1.99706808952098	2.0
288.7179741859436	1.9938562193911096	2.0
288.73223304748535	1.9938562193911096	2.0
288.74604415893555	1.9938562193911096	2.0
288.76449728012085	1.9902388595752498	2.0
288.77825808525085	1.9902388595752498	2.0
288.8008759021759	1.986958801705636	2.0
288.8162786960602	1.986958801705636	2.0
288.83589148521423	1.986958801705636	2.0
288.8547284603119	1.9836081736284625	2.0
288.87291526794434	1.9836081736284625	2.0
288.8905990123749	1.980752333860123	2.0
288.90254044532776	1.980752333860123	2.0
288.93053245544434	1.980752333860123	2.0
288.94888710975647	1.9776168569989558	2.0
288.96479868888855	1.9776168569989558	2.0
288.9812660217285	1.9875125817040424	2.0
288.99653816223145	1.9875125817040424	2.0
289.0129988193512	1.9875125817040424	2.0
289.0310959815979	1.99363095054347	2.0
289.04646944999695	1.99363095054347	2.0
289.05973625183105	1.99363095054347	2.0
289.0738916397095	nan	2.0
289.0906662940979	nan	2.0
289.10797476768494	nan	2.0
289.12277340888977	nan	2.0
289.136759519577	nan	2.0
289.1505310535431	nan	2.0
289.1661684513092	nan	2.0
289.18767189979553	nan	2.0
289.2033278942108	nan	2.0
289.214825630188	nan	2.0
289.23245644569397	nan	2.0
289.2473819255829	nan	2.0
289.26470923423767	nan	2.0
289.28288745880127	nan	2.0
289.2953634262085	nan	2.0
289.31015157699585	nan	2.0
289.32768058776855	nan	2.0
289.3434910774231	nan	2.0
289.3645715713501	nan	2.0
289.37717866897583	nan	2.0
289.39019227027893	nan	2.0
289.407329082489	nan	2.0
289.4222934246063	nan	2.0
289.4474928379059	nan	2.0
289.4600999355316	nan	2.0
289.47250151634216	nan	2.0
289.49423003196716	nan	2.0
289.506963968277	nan	2.0
289.51892256736755	nan	2.0
289.54223561286926	nan	2.0
289.5570230484009	nan	2.0
289.5826461315155	nan	2.0
289.59467935562134	nan	2.0
289.62764286994934	nan	2.0
289.6438980102539	nan	2.0
289.6585304737091	nan	2.0
289.6728558540344	nan	2.0
289.68904423713684	nan	2.0
289.7101695537567	nan	2.0
289.7273871898651	nan	2.0
289.7403676509857	nan	2.0
289.7525374889374	nan	2.0
289.76886677742004	nan	2.0
289.7839426994324	nan	2.0
289.80063486099243	nan	2.0
289.81558990478516	nan	2.0
289.8274176120758	nan	2.0
289.84352016448975	nan	2.0
289.8597090244293	nan	2.0
289.88235330581665	nan	2.0
289.898814201355	nan	2.0
289.91031289100647	nan	2.0
289.9274799823761	nan	2.0
289.94218730926514	nan	2.0
289.95544695854187	nan	2.0
289.9745707511902	nan	2.0
289.9864010810852	nan	2.0
289.99901962280273	nan	2.0
290.01685428619385	nan	2.0
290.0312747955322	nan	2.0
290.0593955516815	nan	2.0
290.07192969322205	nan	2.0
290.091016292572	nan	2.0
290.10968351364136	nan	2.0
290.1250579357147	nan	2.0
290.14175963401794	nan	2.0
290.1546137332916	nan	2.0
290.17287850379944	nan	2.0
290.19115018844604	nan	2.0
290.2040500640869	nan	2.0
290.22278571128845	nan	2.0
290.24000239372253	nan	2.0
290.2635223865509	nan	2.0
290.2771053314209	nan	2.0
290.29133009910583	nan	2.0
290.31643295288086	nan	2.0
290.33351850509644	nan	2.0
290.3483633995056	nan	2.0
290.36269068717957	nan	2.0
290.3768136501312	nan	2.0
290.3926501274109	nan	2.0
290.41096210479736	nan	2.0
290.42489361763	nan	2.0
290.4392831325531	nan	2.0
290.4542872905731	nan	2.0
290.4709737300873	nan	2.0
290.4928619861603	nan	2.0
290.50682759284973	nan	2.0
290.51973485946655	nan	2.0
290.5359585285187	nan	2.0
290.55044770240784	nan	2.0
290.5643446445465	nan	2.0
290.58215618133545	nan	2.0
290.59497356414795	nan	2.0
290.61527395248413	nan	2.0
290.630970954895	nan	2.0
290.6452040672302	nan	2.0
290.6625852584839	nan	2.0
290.6746234893799	nan	2.0
290.69154238700867	nan	2.0
290.70902609825134	nan	2.0
290.72297739982605	nan	2.0
290.74319791793823	nan	2.0
290.7562415599823	nan	2.0
290.7722382545471	nan	2.0
290.79023838043213	nan	2.0
290.8042416572571	nan	2.0
290.8211817741394	nan	2.0
290.8367762565613	nan	2.0
290.8507297039032	nan	2.0
290.8775417804718	nan	2.0
290.8937554359436	nan	2.0
290.91219305992126	nan	2.0
290.9286859035492	nan	2.0
290.94439458847046	nan	2.0
290.96284317970276	nan	2.0
290.9760618209839	nan	2.0
290.9938130378723	nan	2.0
291.0120484828949	nan	2.0
291.0271544456482	nan	2.0
291.04240012168884	nan	2.0
291.0556025505066	nan	2.0
291.0713219642639	nan	2.0
291.09432768821716	nan	2.0
291.1094448566437	nan	2.0
291.12432074546814	nan	2.0
291.1407914161682	nan	2.0
291.1553497314453	nan	2.0
291.1741056442261	nan	2.0
291.1890299320221	nan	2.0
291.2013318538666	nan	2.0
291.22025203704834	nan	2.0
291.23464250564575	nan	2.0
291.249000787735	nan	2.0
291.26676177978516	nan	2.0
291.2791123390198	nan	2.0
291.2915689945221	nan	2.0
291.3080823421478	nan	2.0
291.32136845588684	nan	2.0
291.33741784095764	nan	2.0
291.3535261154175	nan	2.0
291.3646779060364	nan	2.0
291.38172674179077	nan	2.0
291.4005687236786	nan	2.0
291.41455698013306	nan	2.0
291.4332287311554	nan	2.0
291.4454188346863	nan	2.0
291.458637714386	nan	2.0
291.4809820652008	nan	2.0
291.4962658882141	nan	2.0
291.5179274082184	nan	2.0
291.5325026512146	nan	2.0
291.54732966423035	nan	2.0
291.5660696029663	nan	2.0
291.581267118454	nan	2.0
291.59438729286194	nan	2.0
291.6073315143585	nan	2.0
291.6228680610657	nan	2.0
291.63720297813416	nan	2.0
291.6566286087036	nan	2.0
291.6722819805145	nan	2.0
291.6848554611206	nan	2.0
291.70122718811035	nan	2.0
291.7171964645386	nan	2.0
291.7326588630676	nan	2.0
291.74891567230225	nan	2.0
291.7636888027191	nan	2.0
291.78035616874695	nan	2.0
291.79690647125244	1.8652377734701002	2.0
291.813353061676	1.8652377734701002	2.0
291.83454871177673	1.8736865188902805	2.0
291.8523635864258	1.8736865188902805	2.0
291.87442779541016	1.8736865188902805	2.0
291.8911771774292	1.8809695116410488	2.0
291.9036281108856	1.8809695116410488	2.0
291.9268276691437	1.8873574538332405	2.0
291.9415702819824	1.8873574538332405	2.0
291.9626672267914	1.8873574538332405	2.0
291.97639179229736	1.8936580291329104	2.0
291.9922616481781	1.8936580291329104	2.0
292.0126461982727	1.8993032827544165	2.0
292.0280170440674	1.8993032827544165	2.0
292.04323387145996	1.8993032827544165	2.0
292.056791305542	1.9042253014473125	2.0
292.07247161865234	1.9042253014473125	2.0
292.09813117980957	1.908172176447313	2.0
292.11271476745605	1.908172176447313	2.0
292.1252558231354	1.908172176447313	2.0
292.1378753185272	1.908172176447313	2.0
292.15182065963745	1.9120652786045458	2.0
292.166188955307	1.9120652786045458	2.0
292.1869535446167	1.9161020057008191	2.0
292.20036792755127	1.9161020057008191	2.0
292.2125985622406	1.9161020057008191	2.0
292.22873711586	1.9201685519336955	2.0
292.2442617416382	1.9201685519336955	2.0
292.26693749427795	1.9201685519336955	2.0
292.28027868270874	1.9228736486187785	2.0
292.2929894924164	1.9228736486187785	2.0
292.3063979148865	1.9228736486187785	2.0
292.3239583969116	1.9252025045019703	2.0
292.33927369117737	1.9252025045019703	2.0
292.35708260536194	1.9252025045019703	2.0
292.37007308006287	1.9273455612181576	2.0
292.3835470676422	1.9273455612181576	2.0
292.4032700061798	1.9273455612181576	2.0
292.41939640045166	1.927595051834779	2.0
292.43537521362305	1.927595051834779	2.0
292.4523956775665	1.9274107390338162	2.0
292.46470975875854	1.9274107390338162	2.0
292.4831976890564	1.9274107390338162	2.0
292.50011944770813	1.9281928577095322	2.0
292.5123906135559	1.9281928577095322	2.0
292.53283429145813	1.9281928577095322	2.0
292.5507731437683	1.9294999603106882	2.0
292.5653021335602	1.9294999603106882	2.0
292.58100032806396	1.9294999603106882	2.0
292.59420132637024	1.9299999730719342	2.0
292.6089277267456	1.9299999730719342	2.0
292.6252181529999	1.9299999730719342	2.0
292.64143443107605	1.9301554827571645	2.0
292.6535415649414	1.9301554827571645	2.0
292.665221452713	1.9301554827571645	2.0
292.6824152469635	1.9311901386270915	2.0
292.6988685131073	1.9311901386270915	2.0
292.7172739505768	1.9311901386270915	2.0
292.7327103614807	1.9318889544165654	2.0
292.7444677352905	1.9318889544165654	2.0
292.7630009651184	1.9327251756090298	2.0
292.77689909935	1.9327251756090298	2.0
292.79188680648804	1.9327251756090298	2.0
292.8106291294098	1.934326689599914	2.0
292.8220121860504	1.934326689599914	2.0
292.8348104953766	1.934326689599914	2.0
292.8560793399811	1.9363445133957906	2.0
292.87039971351624	1.9363445133957906	2.0
292.8889503479004	1.9363445133957906	2.0
292.90463519096375	1.9400351671368388	2.0
292.9187397956848	1.9400351671368388	2.0
292.9361035823822	1.9400351671368388	2.0
292.95322012901306	1.9433502828404232	2.0
292.96826934814453	1.9433502828404232	2.0
292.98369097709656	1.9466168935823756	2.0
292.99850726127625	1.9466168935823756	2.0
293.0159225463867	1.9466168935823756	2.0
293.03547835350037	1.9507533848920933	2.0
293.04921221733093	1.9507533848920933	2.0
293.06255173683167	1.9507533848920933	2.0
293.07938385009766	1.954406475340375	2.0
293.09324383735657	1.954406475340375	2.0
293.10955905914307	1.954406475340375	2.0
293.1256675720215	1.9574751007515374	2.0
293.1375641822815	1.9574751007515374	2.0
293.15124464035034	1.9574751007515374	2.0
293.1659779548645	1.9614713634960954	2.0
293.1794500350952	1.9614713634960954	2.0
293.19972681999207	1.965333502163879	2.0
293.21297550201416	1.965333502163879	2.0
293.22441244125366	1.965333502163879	2.0
293.2422728538513	1.965333502163879	2.0
293.25675439834595	1.9693725872948498	2.0
293.2682135105133	1.9693725872948498	2.0
293.2823131084442	1.9693725872948498	2.0
293.29822158813477	1.9740658534434654	2.0
293.31140184402466	1.9740658534434654	2.0
293.34048104286194	1.9776211406364836	2.0
293.35151529312134	1.9776211406364836	2.0
293.37098956108093	1.9776211406364836	2.0
293.3925566673279	1.9813609066940696	2.0
293.4078094959259	1.9813609066940696	2.0
293.426390171051	1.9813609066940696	2.0
293.43828868865967	1.9848466251691428	2.0
293.45536398887634	1.9848466251691428	2.0
293.47681856155396	1.9867829949591616	2.0
293.49183773994446	1.9867829949591616	2.0
293.5051815509796	1.9867829949591616	2.0
293.52049493789673	1.988999123397079	2.0
293.5358986854553	1.988999123397079	2.0
293.55870032310486	1.9906087606267022	2.0
293.57401967048645	1.9906087606267022	2.0
293.5861117839813	1.9906087606267022	2.0
293.5993661880493	1.9923338050434907	2.0
293.61505103111267	1.9923338050434907	2.0
293.63107109069824	1.9923338050434907	2.0
293.64823961257935	1.994364526989105	2.0
293.661541223526	1.994364526989105	2.0
293.67431259155273	1.994364526989105	2.0
293.69147396087646	1.995590116185204	2.0
293.70685172080994	1.995590116185204	2.0
293.7279260158539	1.995590116185204	2.0
293.74241161346436	1.9953763275386909	2.0
293.7543249130249	1.9953763275386909	2.0
293.7784197330475	1.9956609825867677	2.0
293.7947721481323	1.9956609825867677	2.0
293.81237602233887	1.9956609825867677	2.0
293.8287835121155	1.9918045670053721	2.0
293.84096789360046	1.9918045670053721	2.0
293.8666081428528	1.9918045670053721	2.0
293.88264417648315	1.987698170901476	2.0
293.89668250083923	1.987698170901476	2.0
293.91027998924255	1.987698170901476	2.0
293.9230122566223	1.9845159072120275	2.0
293.940452337265	1.9845159072120275	2.0
293.9596667289734	1.981245124339314	2.0
293.97495460510254	1.981245124339314	2.0
293.9893260002136	1.981245124339314	2.0
294.00452637672424	1.9776572783973776	2.0
294.01994347572327	1.9776572783973776	2.0
294.0347902774811	1.9776572783973776	2.0
294.05045461654663	1.971637823148421	2.0
294.065646648407	1.971637823148421	2.0
294.08685970306396	1.9662915805085475	2.0
294.1238887310028	1.9662915805085475	2.0
294.14550518989563	1.9613962401860807	2.0
294.17832946777344	1.9567459149828288	2.0
294.19646096229553	1.9567459149828288	2.0
294.22178053855896	1.9567459149828288	2.0
294.23956847190857	1.9530085676270599	2.0
294.257759809494	1.9530085676270599	2.0
294.27701711654663	1.9502285380618425	2.0
294.2931034564972	1.9502285380618425	2.0
294.31524085998535	1.9502285380618425	2.0
294.36015939712524	1.9497772240456697	2.0
294.37819051742554	1.9487249634481074	2.0
294.3951025009155	1.9487249634481074	2.0
294.4158375263214	1.9469712696290913	2.0
294.4316132068634	1.9469712696290913	2.0
294.4540617465973	1.9455380258274382	2.0
294.4707429409027	1.9455380258274382	2.0
294.491739988327	1.9455380258274382	2.0
294.51044058799744	1.9465712115090334	2.0
294.52190113067627	1.9465712115090334	2.0
294.54603481292725	1.9462116976410804	2.0
294.5612003803253	1.9462116976410804	2.0
294.5816459655762	1.9462116976410804	2.0
294.59697675704956	1.9449360307040897	2.0
294.61160016059875	1.9449360307040897	2.0
294.6301808357239	1.9449360307040897	2.0
294.6465382575989	1.9424232442457563	2.0
294.6623549461365	1.9424232442457563	2.0
294.67699933052063	1.939626682968051	2.0
294.69069814682007	1.939626682968051	2.0
294.7097523212433	1.939626682968051	2.0
294.7286078929901	1.9400956700117784	2.0
294.7436032295227	1.9400956700117784	2.0
294.76418566703796	1.9400956700117784	2.0
294.77929520606995	1.93861052298899	2.0
294.7963035106659	1.93861052298899	2.0
294.8145570755005	1.9387906327946003	2.0
294.82958006858826	1.9387906327946003	2.0
294.8522582054138	1.9396770459756465	2.0
294.8684124946594	1.9396770459756465	2.0
294.88266587257385	1.9396770459756465	2.0
294.89896297454834	1.9418351391959856	2.0
294.9141728878021	1.9418351391959856	2.0
294.93050169944763	1.9418351391959856	2.0
294.95101022720337	1.942699026605728	2.0
294.9627435207367	1.942699026605728	2.0
294.9803569316864	1.942699026605728	2.0
294.9993600845337	1.9435425424866217	2.0
295.0150909423828	1.9435425424866217	2.0
295.039342880249	1.9462851879828498	2.0
295.0515515804291	1.9462851879828498	2.0
295.0705192089081	1.9462851879828498	2.0
295.0879054069519	1.948686092180236	2.0
295.10407042503357	1.948686092180236	2.0
295.1220393180847	1.9495243675706004	2.0
295.13418841362	1.9495243675706004	2.0
295.1503074169159	1.9495243675706004	2.0
295.16993498802185	1.9493883305210447	2.0
295.1859142780304	1.9493883305210447	2.0
295.2013216018677	1.9493883305210447	2.0
295.21440172195435	1.9494605625207833	2.0
295.22952580451965	1.9494605625207833	2.0
295.249844789505	1.9494605625207833	2.0
295.26467299461365	1.9487757578332832	2.0
295.277624130249	1.9487757578332832	2.0
295.29365634918213	1.9475320905403943	2.0
295.3082056045532	1.9475320905403943	2.0
295.3208808898926	1.9475320905403943	2.0
295.3374979496002	1.9444070116057695	2.0
295.35181760787964	1.9444070116057695	2.0
295.3635604381561	1.9444070116057695	2.0
295.3821609020233	1.9416978515042111	2.0
295.39706683158875	1.9416978515042111	2.0
295.41258573532104	1.9416978515042111	2.0
295.430424451828	1.9407005886729247	2.0
295.44284892082214	1.9407005886729247	2.0
295.46122908592224	1.9407005886729247	2.0
295.4776453971863	1.9381482546955264	2.0
295.4914081096649	1.9381482546955264	2.0
295.50607681274414	1.9381482546955264	2.0
295.5221121311188	1.9380458112833079	2.0
295.535035610199	1.9380458112833079	2.0
295.5548322200775	1.9380458112833079	2.0
295.568621635437	1.9382307976335098	2.0
295.5816504955292	1.9382307976335098	2.0
295.61252546310425	1.9393164962413827	2.0
295.64090371131897	1.9393164962413827	2.0
295.6539525985718	1.9413206062329862	2.0
295.66896629333496	1.9413206062329862	2.0
295.68653416633606	1.9413206062329862	2.0
295.7033197879791	1.9434574276615577	2.0
295.7282350063324	1.9434574276615577	2.0
295.7444655895233	1.947321501322272	2.0
295.75922322273254	1.947321501322272	2.0
295.78066515922546	1.9516769608737672	2.0
295.79692482948303	1.9516769608737672	2.0
295.8097143173218	1.9516769608737672	2.0
295.8236129283905	1.954007546848791	2.0
295.8390316963196	1.954007546848791	2.0
295.8565559387207	1.954007546848791	2.0
295.8725459575653	1.955411622479043	2.0
295.8843538761139	1.955411622479043	2.0
295.8960552215576	1.955411622479043	2.0
295.91384768486023	1.9569783575037814	2.0
295.92755150794983	1.9569783575037814	2.0
295.94513154029846	1.9569783575037814	2.0
295.9609742164612	1.9582270606869883	2.0
295.9731297492981	1.9582270606869883	2.0
295.9897964000702	1.9582270606869883	2.0
296.0060291290283	1.9602785684792863	2.0
296.02394342422485	1.9602785684792863	2.0
296.0412769317627	1.96032788035155	2.0
296.0527124404907	1.96032788035155	2.0
296.06871128082275	1.96032788035155	2.0
296.0860195159912	1.9592763008941858	2.0
296.1012215614319	1.9592763008941858	2.0
296.1172730922699	1.9592763008941858	2.0
296.1318955421448	1.9587543956854538	2.0
296.1447916030884	1.9587543956854538	2.0
296.16144013404846	1.9587543956854538	2.0
296.18060183525085	1.9569541043604644	2.0
296.1954801082611	1.9569541043604644	2.0
296.2081301212311	1.9569541043604644	2.0
296.22179794311523	1.955788737032131	2.0
296.2370972633362	1.955788737032131	2.0
296.255521774292	1.955788737032131	2.0
296.2674820423126	1.9573442132226073	2.0
296.2828645706177	1.9573442132226073	2.0
296.2996850013733	1.9573442132226073	2.0
296.3155746459961	1.9598414856909165	2.0
296.32959747314453	1.9598414856909165	2.0
296.34435200691223	1.9626349678579929	2.0
296.36904740333557	1.9626349678579929	2.0
296.3872504234314	1.9626349678579929	2.0
296.4021112918854	1.965247609578722	2.0
296.41430473327637	1.965247609578722	2.0
296.42612051963806	1.965247609578722	2.0
296.4426779747009	1.9673256185312098	2.0
296.45716190338135	1.9673256185312098	2.0
296.47594356536865	1.969857910434619	2.0
296.4900543689728	1.969857910434619	2.0
296.5021221637726	1.969857910434619	2.0
296.5199918746948	1.9717457627857562	2.0
296.53470849990845	1.9717457627857562	2.0
296.55502367019653	1.9717457627857562	2.0
296.5694646835327	1.9723671780876564	2.0
296.5812740325928	1.9723671780876564	2.0
296.5962872505188	1.9723671780876564	2.0
296.61280155181885	1.973043412735627	2.0
296.62805438041687	1.973043412735627	2.0
296.6469111442566	1.973043412735627	2.0
296.66087651252747	1.9740820147694649	2.0
296.6737160682678	1.9740820147694649	2.0
296.6950376033783	1.9742239050614931	2.0
296.71129965782166	1.9742239050614931	2.0
296.72976064682007	1.9742239050614931	2.0
296.7448921203613	1.9727439731359584	2.0
296.75859570503235	1.9727439731359584	2.0
296.79029750823975	1.9702149883966622	2.0
296.806184053421	1.9702149883966622	2.0
296.818519115448	1.9702149883966622	2.0
296.8341414928436	1.9684448036407787	2.0
296.8488404750824	1.9684448036407787	2.0
296.8690083026886	1.9684448036407787	2.0
296.88424253463745	1.9656613501237339	2.0
296.8961193561554	1.9656613501237339	2.0
296.9131851196289	1.9638222737628468	2.0
296.92797350883484	1.9638222737628468	2.0
296.9404239654541	1.9638222737628468	2.0
296.9600794315338	1.9615495988263625	2.0
296.97330141067505	1.9615495988263625	2.0
296.9866645336151	1.9615495988263625	2.0
297.0058786869049	1.9597976651919473	2.0
297.02012395858765	1.9597976651919473	2.0
297.0333516597748	1.9597976651919473	2.0
297.0492742061615	1.958426632583252	2.0
297.06480622291565	1.958426632583252	2.0
297.0807707309723	1.958426632583252	2.0
297.09788942337036	1.9562224240405386	2.0
297.10930275917053	1.9562224240405386	2.0
297.1240825653076	1.9562224240405386	2.0
297.1403613090515	1.9537555979758356	2.0
297.1548309326172	1.9537555979758356	2.0
297.1712095737457	1.9537555979758356	2.0
297.18371963500977	1.9514151061725566	2.0
297.196560382843	1.9514151061725566	2.0
297.21385741233826	1.9514151061725566	2.0
297.23002409935	1.9495589821241914	2.0
297.2456111907959	1.9495589821241914	2.0
297.26460361480713	1.9495589821241914	2.0
297.27615213394165	1.947925092887401	2.0
297.2910039424896	1.947925092887401	2.0
297.31029081344604	1.9477981893366578	2.0
297.3260450363159	1.9477981893366578	2.0
297.3414726257324	1.9477981893366578	2.0
297.3548080921173	1.9483077400279025	2.0
297.37090277671814	1.9483077400279025	2.0
297.3878057003021	1.9483077400279025	2.0
297.40614199638367	1.9491160807451933	2.0
297.41935324668884	1.9491160807451933	2.0
297.4314012527466	1.9491160807451933	2.0
297.44775915145874	1.9518524417864405	2.0
297.4618742465973	1.9518524417864405	2.0
297.47728204727173	1.9518524417864405	2.0
297.49442768096924	1.9544837612308854	2.0
297.50601029396057	1.9544837612308854	2.0
297.52144384384155	1.9544837612308854	2.0
297.53790974617004	1.9571638894360135	2.0
297.5521237850189	1.9571638894360135	2.0
297.5694799423218	1.9571638894360135	2.0
297.5821475982666	1.9600869447422151	2.0
297.5936872959137	1.9600869447422151	2.0
297.608526468277	1.9600869447422151	2.0
297.6252055168152	1.964781485558542	2.0
297.64082956314087	1.964781485558542	2.0
297.65697598457336	1.964781485558542	2.0
297.67124342918396	1.9703321060940264	2.0
297.6854648590088	1.9703321060940264	2.0
297.70463275909424	1.9703321060940264	2.0
297.7219638824463	1.9759644927768352	2.0
297.737468957901	1.9759644927768352	2.0
297.7550072669983	1.9759644927768352	2.0
297.77122592926025	1.9807959371938313	2.0
297.7865138053894	1.9807959371938313	2.0
297.8036072254181	1.9858035800509743	2.0
297.81893157958984	1.9858035800509743	2.0
297.83477568626404	1.9858035800509743	2.0
297.85212683677673	1.9915881180322035	2.0
297.8698031902313	1.9915881180322035	2.0
297.8821642398834	1.9915881180322035	2.0
297.89916372299194	1.996169645688998	2.0
297.9135727882385	1.996169645688998	2.0
297.9304518699646	2.001481639297651	2.0
297.94509768486023	2.001481639297651	2.0
297.9583840370178	2.001481639297651	2.0
297.9741322994232	2.007327926755173	2.0
297.98946952819824	2.007327926755173	2.0
298.0059003829956	2.007327926755173	2.0
298.02417492866516	2.013865096796935	2.0
298.03793835639954	2.013865096796935	2.0
298.05446434020996	2.013865096796935	2.0
298.07092905044556	2.018915198837752	2.0
298.085542678833	2.018915198837752	2.0
298.1071627140045	2.018915198837752	2.0
298.11921668052673	2.0239845896442428	2.0
298.1353392601013	2.0239845896442428	2.0
298.1542057991028	2.0239845896442428	2.0
298.16939330101013	2.0282146047697522	2.0
298.18332600593567	2.0282146047697522	2.0
298.1986141204834	2.031682007120719	2.0
298.21240282058716	2.031682007120719	2.0
298.2283353805542	2.031682007120719	2.0
298.24707078933716	2.0357655540820456	2.0
298.262246131897	2.0357655540820456	2.0
298.2780816555023	2.0357655540820456	2.0
298.2942762374878	2.0379629094118608	2.0
298.3082778453827	2.0379629094118608	2.0
298.32492780685425	2.0379629094118608	2.0
298.34008717536926	2.0397458635916665	2.0
298.3530511856079	2.0397458635916665	2.0
298.36831974983215	2.0397458635916665	2.0
298.38421535491943	2.0403529999187344	2.0
298.39706897735596	2.0403529999187344	2.0
298.4145197868347	2.0405825208555073	2.0
298.42821741104126	2.0405825208555073	2.0
298.43955755233765	2.0405825208555073	2.0
298.4562201499939	2.0405825208555073	2.0
298.471195936203	2.0406563598516465	2.0
298.485716342926	2.0406563598516465	2.0
298.50201296806335	2.041294924825829	2.0
298.5140914916992	2.041294924825829	2.0
298.5277726650238	2.041294924825829	2.0
298.544406414032	2.040549829254514	2.0
298.55887818336487	2.040549829254514	2.0
298.5718665122986	2.040549829254514	2.0
298.59481048583984	2.039042849694439	2.0
298.60726499557495	2.039042849694439	2.0
298.6245424747467	2.039042849694439	2.0
298.63992142677307	2.039159942658054	2.0
298.6518692970276	2.039159942658054	2.0
298.6824884414673	2.0371749877683394	2.0
298.69700050354004	2.0371749877683394	2.0
298.71537256240845	2.0371749877683394	2.0
298.7325224876404	2.0368593952822684	2.0
298.7489857673645	2.0368593952822684	2.0
298.768842458725	2.035798779517097	2.0
298.7840051651001	2.035798779517097	2.0
298.7983272075653	2.035798779517097	2.0
298.8131721019745	2.0354129639925174	2.0
298.8298182487488	2.0354129639925174	2.0
298.84369444847107	2.0354129639925174	2.0
298.86291766166687	2.0354299125105872	2.0
298.87641954421997	2.0354299125105872	2.0
298.8882145881653	2.0354299125105872	2.0
298.9044551849365	2.0344739393774702	2.0
298.9185254573822	2.0344739393774702	2.0
298.9337592124939	2.0344739393774702	2.0
298.949271440506	2.033593719711826	2.0
298.9616138935089	2.033593719711826	2.0
298.9753465652466	2.033593719711826	2.0
298.9910202026367	2.0335919828401225	2.0
299.0053114891052	2.0335919828401225	2.0
299.02878403663635	2.0335919828401225	2.0
299.0412027835846	2.035018481881175	2.0
299.05380606651306	2.035018481881175	2.0
299.0709445476532	2.035018481881175	2.0
299.0846245288849	2.0360681318687788	2.0
299.1004207134247	2.0360681318687788	2.0
299.1181466579437	2.0393485523319868	2.0
299.1305613517761	2.0393485523319868	2.0
299.14552664756775	2.0393485523319868	2.0
299.16397738456726	2.042657599654139	2.0
299.1785559654236	2.042657599654139	2.0
299.1935679912567	2.042657599654139	2.0
299.20833253860474	2.0459220354649497	2.0
299.2235116958618	2.0459220354649497	2.0
299.2381966114044	2.0459220354649497	2.0
299.2535696029663	2.0488333118206308	2.0
299.2668490409851	2.0488333118206308	2.0
299.2863829135895	2.0488333118206308	2.0
299.30335116386414	2.0511327500727026	2.0
299.31841349601746	2.0511327500727026	2.0
299.33309626579285	2.0511327500727026	2.0
299.3460600376129	2.053975353562963	2.0
299.361287355423	2.053975353562963	2.0
299.3820209503174	2.0563239198014274	2.0
299.3971834182739	2.0563239198014274	2.0
299.4093699455261	2.0563239198014274	2.0
299.4235465526581	2.0569844303165024	2.0
299.4393582344055	2.0569844303165024	2.0
299.45281887054443	2.0569844303165024	2.0
299.4744493961334	2.0553422375986354	2.0
299.48703145980835	2.0553422375986354	2.0
299.4994840621948	2.0553422375986354	2.0
299.51689052581787	2.0539204443330004	2.0
299.5303945541382	2.0539204443330004	2.0
299.5462908744812	2.0539204443330004	2.0
299.56349778175354	2.0512318642306138	2.0
299.57497668266296	2.0512318642306138	2.0
299.59146904945374	2.0512318642306138	2.0
299.6080274581909	2.048443975831	2.0
299.6225128173828	2.048443975831	2.0
299.63894963264465	2.048443975831	2.0
299.65457487106323	2.045734049635573	2.0
299.6694076061249	2.045734049635573	2.0
299.6932451725006	2.045734049635573	2.0
299.70955443382263	2.0433154960756816	2.0
299.72541642189026	2.0433154960756816	2.0
299.7392644882202	2.041155959083825	2.0
299.7559244632721	2.041155959083825	2.0
299.77210998535156	2.041155959083825	2.0
299.7893316745758	2.038945313935279	2.0
299.8037533760071	2.038945313935279	2.0
299.818311214447	2.038945313935279	2.0
299.8354015350342	2.0359349360017225	2.0
299.849702835083	2.0359349360017225	2.0
299.86895847320557	2.0340847779074456	2.0
299.88301253318787	2.0340847779074456	2.0
299.8973500728607	2.0340847779074456	2.0
299.9152400493622	2.0329616457645883	2.0
299.92974758148193	2.0329616457645883	2.0
299.94996452331543	2.0329616457645883	2.0
299.964084148407	2.0317127977720295	2.0
299.9760088920593	2.0317127977720295	2.0
299.99205327033997	2.0317127977720295	2.0
300.0073606967926	2.0299600518680947	2.0
300.0189428329468	2.0299600518680947	2.0
300.03327536582947	2.0299600518680947	2.0
300.04902601242065	2.027207629438617	2.0
300.06228137016296	2.027207629438617	2.0
300.08020305633545	2.027207629438617	2.0
300.0939133167267	2.02502502875675	2.0
300.1055293083191	2.02502502875675	2.0
300.1212406158447	2.02502502875675	2.0
300.13702154159546	2.0227951510379585	2.0
300.151704788208	2.0227951510379585	2.0
300.1673321723938	2.0227951510379585	2.0
300.1806962490082	2.0195610284533525	2.0
300.1923360824585	2.0195610284533525	2.0
300.20863914489746	2.0195610284533525	2.0
300.225204706192	2.015925967661882	2.0
300.24009561538696	2.015925967661882	2.0
300.25429487228394	2.015925967661882	2.0
300.2795865535736	2.013901166191294	2.0
300.2987575531006	2.013901166191294	2.0
300.3142566680908	2.0129506623055335	2.0
300.32835817337036	2.0129506623055335	2.0
300.3426721096039	2.0129506623055335	2.0
300.3573980331421	2.0129459877699296	2.0
300.3715636730194	2.0129459877699296	2.0
300.3928213119507	2.0129459877699296	2.0
300.40729117393494	2.0122104330795167	2.0
300.4188938140869	2.0122104330795167	2.0
300.4325120449066	2.0122104330795167	2.0
300.4483013153076	2.012080698931972	2.0
300.4622528553009	2.012080698931972	2.0
300.4818844795227	2.01320835600744	2.0
300.4943468570709	2.01320835600744	2.0
300.505419254303	2.01320835600744	2.0
300.5210053920746	2.01320835600744	2.0
300.53562211990356	2.0136243773836564	2.0
300.5511121749878	2.0136243773836564	2.0
300.5671708583832	2.0142927898445153	2.0
300.5794756412506	2.0142927898445153	2.0
300.5921790599823	2.0142927898445153	2.0
300.61487460136414	2.016413099735622	2.0
300.6287910938263	2.016413099735622	2.0
300.6544437408447	2.016413099735622	2.0
300.66612792015076	2.019177167476881	2.0
300.68304443359375	2.019177167476881	2.0
300.70025515556335	2.020639559600169	2.0
300.71658754348755	2.020639559600169	2.0
300.73359298706055	2.020639559600169	2.0
300.75119829177856	2.0211829648809405	2.0
300.76783514022827	2.0211829648809405	2.0
300.7857677936554	2.0216788974249007	2.0
300.80088472366333	2.0216788974249007	2.0
300.8185918331146	2.0216788974249007	2.0
300.8358871936798	2.0235744127452344	2.0
300.85146474838257	2.0235744127452344	2.0
300.86972093582153	2.0235744127452344	2.0
300.88477420806885	2.0252050942225504	2.0
300.90437960624695	2.0252050942225504	2.0
300.92253589630127	2.026688706548103	2.0
300.9381523132324	2.026688706548103	2.0
300.95106410980225	2.026688706548103	2.0
300.9685196876526	2.0287968958475333	2.0
300.9831783771515	2.0287968958475333	2.0
301.00200748443604	2.0287968958475333	2.0
301.0167148113251	2.030660470363182	2.0
301.0282039642334	2.030660470363182	2.0
301.0425159931183	2.030660470363182	2.0
301.0600142478943	2.0311637044711794	2.0
301.07504296302795	2.0311637044711794	2.0
301.09319734573364	2.0311637044711794	2.0
301.10501861572266	2.0322215516224773	2.0
301.1168429851532	2.0322215516224773	2.0
301.1339313983917	2.0322215516224773	2.0
301.14781618118286	2.0336776015723608	2.0
301.1625385284424	2.0336776015723608	2.0
301.1820023059845	2.0336776015723608	2.0
301.1936573982239	2.035290692905958	2.0
301.2085168361664	2.035290692905958	2.0
301.2309801578522	2.0368874098976013	2.0
301.2464609146118	2.0368874098976013	2.0
301.26345801353455	2.0368874098976013	2.0
301.27633118629456	2.0365591197421606	2.0
301.29137229919434	2.0365591197421606	2.0
301.30782747268677	2.0365591197421606	2.0
301.32465648651123	2.0363403226714576	2.0
301.3387653827667	2.0363403226714576	2.0
301.35101437568665	2.0363403226714576	2.0
301.36739230155945	2.035328897097643	2.0
301.3818938732147	2.035328897097643	2.0
301.39891242980957	2.035328897097643	2.0
301.41598296165466	2.034377190950017	2.0
301.42784214019775	2.034377190950017	2.0
301.44206523895264	2.034377190950017	2.0
301.45907497406006	2.032752085836381	2.0
301.47320532798767	2.032752085836381	2.0
301.49119806289673	2.032752085836381	2.0
301.5052328109741	2.0319105805235114	2.0
301.5174958705902	2.0319105805235114	2.0
301.5468189716339	2.030209577520063	2.0
301.55802035331726	2.030209577520063	2.0
301.5726897716522	2.030209577520063	2.0
301.59096598625183	2.0298414894188546	2.0
301.60604906082153	2.0298414894188546	2.0
301.623348236084	2.0298414894188546	2.0
301.6388065814972	2.0296690203322036	2.0
301.6528205871582	2.0296690203322036	2.0
301.67164373397827	2.0296690203322036	2.0
301.6891567707062	2.0291085453322033	2.0
301.70422172546387	2.0291085453322033	2.0
301.72122597694397	2.029223021928322	2.0
301.7371039390564	2.029223021928322	2.0
301.75504088401794	2.029223021928322	2.0
301.7715504169464	2.0306139283840006	2.0
301.78619050979614	2.0306139283840006	2.0
301.80064606666565	2.0306139283840006	2.0
301.8161852359772	2.032560844042286	2.0
301.83307242393494	2.032560844042286	2.0
301.85060453414917	2.033797590621179	2.0
301.86428356170654	2.033797590621179	2.0
301.8755838871002	2.033797590621179	2.0
301.89196729660034	2.0365097775276744	2.0
301.9073259830475	2.0365097775276744	2.0
301.9224851131439	2.0365097775276744	2.0
301.9390904903412	2.04001068933405	2.0
301.95187067985535	2.04001068933405	2.0
301.96683740615845	2.04001068933405	2.0
301.9836370944977	2.042778974561121	2.0
301.9982554912567	2.042778974561121	2.0
302.0181465148926	2.042778974561121	2.0
302.0311453342438	2.044401667076761	2.0
302.0425355434418	2.044401667076761	2.0
302.0692994594574	2.044401667076761	2.0
302.0858838558197	2.0456589880431113	2.0
302.1030411720276	2.0456589880431113	2.0
302.11877489089966	2.047474166664281	2.0
302.13215160369873	2.047474166664281	2.0
302.1492187976837	2.047474166664281	2.0
302.1672911643982	2.049059358176359	2.0
302.18231987953186	2.049059358176359	2.0
302.19935059547424	2.049059358176359	2.0
302.213280916214	2.0495099963764147	2.0
302.23087906837463	2.0495099963764147	2.0
302.24854493141174	2.0504968989191426	2.0
302.2638659477234	2.0504968989191426	2.0
302.2769138813019	2.0504968989191426	2.0
302.2936661243439	2.0524094105820074	2.0
302.3097953796387	2.0524094105820074	2.0
302.3246817588806	2.0524094105820074	2.0
302.33940291404724	2.050437267465857	2.0
302.3551914691925	2.050437267465857	2.0
302.3746418952942	2.047282559338501	2.0
302.3897473812103	2.047282559338501	2.0
302.40237259864807	2.047282559338501	2.0
302.41940665245056	2.0449358705186356	2.0
302.43475699424744	2.0449358705186356	2.0
302.45205307006836	2.0449358705186356	2.0
302.47014904022217	2.0424819063481054	2.0
302.4815948009491	2.0424819063481054	2.0
302.49687242507935	2.0424819063481054	2.0
302.51442217826843	2.040531385560843	2.0
302.53006744384766	2.040531385560843	2.0
302.5475564002991	2.038983052290077	2.0
302.55937480926514	2.038983052290077	2.0
302.5704650878906	2.038983052290077	2.0
302.5871183872223	2.038983052290077	2.0
302.60442304611206	2.037160190820838	2.0
302.62031984329224	2.037160190820838	2.0
302.6397376060486	2.035987088905098	2.0
302.651620388031	2.035987088905098	2.0
302.67285203933716	2.035987088905098	2.0
302.69122409820557	2.034398944217598	2.0
302.7072386741638	2.034398944217598	2.0
302.7235863208771	2.034398944217598	2.0
302.7395853996277	2.0325300554090378	2.0
302.75523614883423	2.0325300554090378	2.0
302.77632331848145	2.033336620250484	2.0
302.7908868789673	2.033336620250484	2.0
302.80386781692505	2.033336620250484	2.0
302.8201651573181	2.0347868569492693	2.0
302.83524990081787	2.0347868569492693	2.0
302.85230135917664	2.0347868569492693	2.0
302.8704969882965	2.034892685594143	2.0
302.8821141719818	2.034892685594143	2.0
302.89758133888245	2.034892685594143	2.0
302.91353368759155	2.035425591448425	2.0
302.9282224178314	2.035425591448425	2.0
302.9484348297119	2.035110040807116	2.0
302.9610800743103	2.035110040807116	2.0
302.97464323043823	2.035110040807116	2.0
302.99365854263306	2.033302658847213	2.0
303.00748658180237	2.033302658847213	2.0
303.0296540260315	2.033302658847213	2.0
303.04285883903503	2.0325507298636967	2.0
303.0543165206909	2.0325507298636967	2.0
303.0773341655731	2.0310671628361368	2.0
303.08976125717163	2.0310671628361368	2.0
303.10180163383484	2.0310671628361368	2.0
303.1203489303589	2.0310671628361368	2.0
303.1350700855255	2.027356760061571	2.0
303.1501817703247	2.027356760061571	2.0
303.1701192855835	2.023243579231054	2.0
303.18163561820984	2.023243579231054	2.0
303.1998474597931	2.023243579231054	2.0
303.2186894416809	2.019271146480456	2.0
303.2334668636322	2.019271146480456	2.0
303.24814558029175	2.019271146480456	2.0
303.2631196975708	2.0157525750518848	2.0
303.27951169013977	2.0157525750518848	2.0
303.30128502845764	2.0133358139413	2.0
303.3164849281311	2.0133358139413	2.0
303.3297173976898	2.0133358139413	2.0
303.3478422164917	2.0112829015896163	2.0
303.362930059433	2.0112829015896163	2.0
303.38274025917053	2.0096113369020356	2.0
303.39760756492615	2.0096113369020356	2.0
303.4094877243042	2.0096113369020356	2.0
303.4244339466095	2.0094329004452365	2.0
303.43991899490356	2.0094329004452365	2.0
303.45494389533997	2.0094329004452365	2.0
303.47270011901855	2.0096565240270303	2.0
303.48495864868164	2.0096565240270303	2.0
303.4967532157898	2.0096565240270303	2.0
303.51236605644226	2.009834546028378	2.0
303.52646136283875	2.009834546028378	2.0
303.5549123287201	2.009834546028378	2.0
303.5679452419281	2.012731541015334	2.0
303.57908511161804	2.012731541015334	2.0
303.5971574783325	2.012731541015334	2.0
303.61467123031616	2.015935798966887	2.0
303.62935066223145	2.015935798966887	2.0
303.6475353240967	2.015935798966887	2.0
303.6600708961487	2.0199259679989012	2.0
303.6827976703644	2.0199259679989012	2.0
303.70875906944275	2.0234331472405716	2.0
303.7243752479553	2.0234331472405716	2.0
303.7407081127167	2.0270017834590073	2.0
303.7558898925781	2.0270017834590073	2.0
303.774400472641	2.0270017834590073	2.0
303.7925205230713	2.030210693541591	2.0
303.8220257759094	2.030210693541591	2.0
303.8376588821411	2.0332826910184627	2.0
303.8545205593109	2.0332826910184627	2.0
303.87102699279785	2.0360181075978803	2.0
303.88742184638977	2.0360181075978803	2.0
303.90510654449463	2.0360181075978803	2.0
303.92177963256836	2.0388665215160855	2.0
303.93415570259094	2.0388665215160855	2.0
303.9478487968445	2.0388665215160855	2.0
303.9635593891144	2.041311846336772	2.0
303.97796726226807	2.041311846336772	2.0
303.9986972808838	2.0418817552814073	2.0
304.0138428211212	2.0418817552814073	2.0
304.025146484375	2.0418817552814073	2.0
304.0427598953247	2.0428328152966904	2.0
304.0572507381439	2.0428328152966904	2.0
304.07305359840393	2.0428328152966904	2.0
304.0901963710785	2.042943707139958	2.0
304.1019244194031	2.042943707139958	2.0
304.1283075809479	2.042943707139958	2.0
304.142347574234	2.0424833618751217	2.0
304.159259557724	2.0424833618751217	2.0
304.18030047416687	2.0420762324949737	2.0
304.19373893737793	2.0420762324949737	2.0
304.2158579826355	2.0420762324949737	2.0
304.2341854572296	2.0413505138903685	2.0
304.25508999824524	2.0413505138903685	2.0
304.2748956680298	2.0408220893854967	2.0
304.29531145095825	2.0408220893854967	2.0
304.318959236145	2.0399716919250084	2.0
304.33427119255066	2.0399716919250084	2.0
304.3615720272064	2.037552405767984	2.0
304.37605595588684	2.037552405767984	2.0
304.39364409446716	2.037552405767984	2.0
304.4096932411194	2.035763261487733	2.0
304.42122197151184	2.035763261487733	2.0
304.43949151039124	2.035763261487733	2.0
304.45582461357117	2.034930225330708	2.0
304.47242736816406	2.034930225330708	2.0
304.4919044971466	2.033618724417299	2.0
304.50398349761963	2.033618724417299	2.0
304.5228793621063	2.033618724417299	2.0
304.5418608188629	2.032898842774461	2.0
304.5535798072815	2.032898842774461	2.0
304.5740327835083	2.032898842774461	2.0
304.590145111084	2.0323746351406435	2.0
304.60483741760254	2.0323746351406435	2.0
304.6189510822296	2.0323746351406435	2.0
304.63252782821655	2.0328318566260544	2.0
304.6465744972229	2.0328318566260544	2.0
304.6707863807678	2.0334102143284047	2.0
304.6868577003479	2.0334102143284047	2.0
304.7019672393799	2.0334102143284047	2.0
304.7188997268677	2.0341395775997637	2.0
304.7350950241089	2.0341395775997637	2.0
304.7511577606201	2.0341395775997637	2.0
304.7685122489929	2.0363807510849474	2.0
304.781863451004	2.0363807510849474	2.0
304.79666781425476	2.0363807510849474	2.0
304.8131263256073	2.03947836411363	2.0
304.82911372184753	2.03947836411363	2.0
304.8482370376587	2.0421310644564628	2.0
304.86108350753784	2.0421310644564628	2.0
304.87271881103516	2.0421310644564628	2.0
304.8909754753113	2.045727068027891	2.0
304.9061417579651	2.045727068027891	2.0
304.9288823604584	2.045727068027891	2.0
304.9423477649689	2.0496811128932952	2.0
304.9543137550354	2.0496811128932952	2.0
304.9781630039215	2.0528420877736777	2.0
304.99380373954773	2.0528420877736777	2.0
305.0200774669647	2.0528420877736777	2.0
305.03246307373047	2.056087958967607	2.0
305.04970264434814	2.056087958967607	2.0
305.0695993900299	2.0587741220692113	2.0
305.08492612838745	2.0587741220692113	2.0
305.1023406982422	2.0587741220692113	2.0
305.1167035102844	2.06244344405874	2.0
305.13188338279724	2.06244344405874	2.0
305.1534495353699	2.065837503963084	2.0
305.16868591308594	2.065837503963084	2.0
305.1834936141968	2.065837503963084	2.0
305.19703125953674	2.0681626205512744	2.0
305.2104024887085	2.0681626205512744	2.0
305.2266023159027	2.0681626205512744	2.0
305.24489569664	2.069242554755566	2.0
305.2596764564514	2.069242554755566	2.0
305.2726173400879	2.069242554755566	2.0
305.28985118865967	2.0691155983304883	2.0
305.30490374565125	2.0691155983304883	2.0
305.3203866481781	2.0695733447590596	2.0
305.3341956138611	2.0695733447590596	2.0
305.3483989238739	2.0695733447590596	2.0
305.36711978912354	2.0698873671890525	2.0
305.3827238082886	2.0698873671890525	2.0
305.39536905288696	2.0698873671890525	2.0
305.4100995063782	2.0702788726286285	2.0
305.42470836639404	2.0702788726286285	2.0
305.4399080276489	2.0702788726286285	2.0
305.4565145969391	2.069143523316291	2.0
305.46992921829224	2.069143523316291	2.0
305.4844002723694	2.069143523316291	2.0
305.5035631656647	2.067948121670212	2.0
305.51739048957825	2.067948121670212	2.0
305.5348072052002	2.067948121670212	2.0
305.55006980895996	2.066051213743184	2.0
305.5618598461151	2.066051213743184	2.0
305.59158849716187	2.064381935778915	2.0
305.6059100627899	2.064381935778915	2.0
305.6291997432709	2.064381935778915	2.0
305.6409158706665	2.0617885996529095	2.0
305.6604883670807	2.0617885996529095	2.0
305.67824625968933	2.06000040405315	2.0
305.6934108734131	2.06000040405315	2.0
305.70721793174744	2.06000040405315	2.0
305.72320079803467	2.0603239278131595	2.0
305.73917722702026	2.0603239278131595	2.0
305.75354409217834	2.0603239278131595	2.0
305.7700810432434	2.058874908304489	2.0
305.78451919555664	2.058874908304489	2.0
305.80278515815735	2.058874908304489	2.0
305.81830739974976	2.056668426891446	2.0
305.8330602645874	2.056668426891446	2.0
305.85380029678345	2.053651307668126	2.0
305.87117552757263	2.053651307668126	2.0
305.88287806510925	2.053651307668126	2.0
305.89963579177856	2.053361199955245	2.0
305.91337275505066	2.053361199955245	2.0
305.9314053058624	2.053361199955245	2.0
305.94670701026917	2.0524742863258068	2.0
305.9588944911957	2.0524742863258068	2.0
305.9803068637848	2.051306630075807	2.0
305.99469804763794	2.051306630075807	2.0
306.0125997066498	2.051306630075807	2.0
306.03029680252075	2.050101717787812	2.0
306.0429117679596	2.050101717787812	2.0
306.06248784065247	2.050101717787812	2.0
306.07838916778564	2.0501881059457068	2.0
306.08961725234985	2.0501881059457068	2.0
306.107684135437	2.0501881059457068	2.0
306.1227924823761	2.050440342888871	2.0
306.13730931282043	2.050440342888871	2.0
306.1554811000824	2.050440342888871	2.0
306.16786098480225	2.049970684894599	2.0
306.18315505981445	2.049970684894599	2.0
306.20150876045227	2.049970684894599	2.0
306.21737241744995	2.050481662736603	2.0
306.23288917541504	2.050481662736603	2.0
306.2466356754303	2.0512848277526805	2.0
306.2609655857086	2.0512848277526805	2.0
306.2813308238983	2.0512848277526805	2.0
306.2988188266754	2.0540579140905075	2.0
306.31214237213135	2.0540579140905075	2.0
306.3253607749939	2.0540579140905075	2.0
306.34195828437805	2.0557497939980354	2.0
306.35629773139954	2.0557497939980354	2.0
306.37538146972656	2.0557497939980354	2.0
306.38976979255676	2.05825148047274	2.0
306.401141166687	2.05825148047274	2.0
306.4167125225067	2.05825148047274	2.0
306.4315068721771	2.061145262505998	2.0
306.4446008205414	2.061145262505998	2.0
306.46224308013916	2.061145262505998	2.0
306.4761221408844	2.0646899360851076	2.0
306.48718309402466	2.0646899360851076	2.0
306.50337314605713	2.0646899360851076	2.0
306.51998496055603	2.067933209812458	2.0
306.54667353630066	2.067933209812458	2.0
306.56066846847534	2.0703260528849072	2.0
306.5727791786194	2.0703260528849072	2.0
306.593918800354	2.0703260528849072	2.0
306.6087431907654	2.07281540129396	2.0
306.6250443458557	2.07281540129396	2.0
306.6433434486389	2.075068891165047	2.0
306.6553542613983	2.075068891165047	2.0
306.671756029129	2.075068891165047	2.0
306.68994212150574	2.076941443163895	2.0
306.7054109573364	2.076941443163895	2.0
306.72109866142273	2.076941443163895	2.0
306.73965787887573	2.0772809556559917	2.0
306.75617003440857	2.0772809556559917	2.0
306.77627754211426	2.078029343808166	2.0
306.790766954422	2.078029343808166	2.0
306.8037734031677	2.078029343808166	2.0
306.821165561676	2.0787372185982833	2.0
306.83570075035095	2.0787372185982833	2.0
306.84871196746826	2.0787372185982833	2.0
306.8622901439667	2.0784341506626367	2.0
306.87789583206177	2.0784341506626367	2.0
306.8926796913147	2.0784341506626367	2.0
306.91064500808716	2.076957287567399	2.0
306.9232771396637	2.076957287567399	2.0
306.93513536453247	2.076957287567399	2.0
306.9529232978821	2.074608767544323	2.0
306.96902108192444	2.074608767544323	2.0
306.9863076210022	2.074608767544323	2.0
307.001088142395	2.072420689360212	2.0
307.0135200023651	2.072420689360212	2.0
307.0299873352051	2.072420689360212	2.0
307.04874992370605	2.070115173368741	2.0
307.06436133384705	2.070115173368741	2.0
307.0825469493866	2.0676278457132824	2.0
307.0939962863922	2.0676278457132824	2.0
307.11000537872314	2.0676278457132824	2.0
307.1276316642761	2.066369516303991	2.0
307.1441116333008	2.066369516303991	2.0
307.164434671402	2.066369516303991	2.0
307.1788809299469	2.065636187844027	2.0
307.19426441192627	2.065636187844027	2.0
307.21377992630005	2.065383038613258	2.0
307.2301571369171	2.065383038613258	2.0
307.2454159259796	2.065383038613258	2.0
307.25832414627075	2.0653681695223485	2.0
307.27366757392883	2.0653681695223485	2.0
307.2880702018738	2.0653681695223485	2.0
307.30783700942993	2.065157770782968	2.0
307.3212032318115	2.065157770782968	2.0
307.3340816497803	2.065157770782968	2.0
307.34951305389404	2.065143792334692	2.0
307.36419773101807	2.065143792334692	2.0
307.3899862766266	2.065130182615379	2.0
307.40262603759766	2.065130182615379	2.0
307.4145441055298	2.065130182615379	2.0
307.4301643371582	2.065130182615379	2.0
307.44523310661316	2.0661516513246356	2.0
307.46262311935425	2.0661516513246356	2.0
307.48274397850037	2.067225810310811	2.0
307.49444031715393	2.067225810310811	2.0
307.5153818130493	2.067225810310811	2.0
307.5338487625122	2.0685735098838007	2.0
307.55017828941345	2.0685735098838007	2.0
307.5688946247101	2.069553001636456	2.0
307.5812289714813	2.069553001636456	2.0
307.60507678985596	2.069553001636456	2.0
307.6219401359558	2.0706559316354354	2.0
307.6368682384491	2.0706559316354354	2.0
307.6596257686615	2.071444880866205	2.0
307.67604994773865	2.071444880866205	2.0
307.6915559768677	2.071444880866205	2.0
307.7055916786194	2.0712300908662047	2.0
307.72125005722046	2.0712300908662047	2.0
307.7408218383789	2.0712300908662047	2.0
307.7570297718048	2.07211468436214	2.0
307.771281003952	2.07211468436214	2.0
307.78484654426575	2.07211468436214	2.0
307.79977345466614	2.0730860184694415	2.0
307.8137619495392	2.0730860184694415	2.0
307.83052706718445	2.0739600247881227	2.0
307.8459806442261	2.0739600247881227	2.0
307.85984802246094	2.0739600247881227	2.0
307.87760734558105	2.07481706937865	2.0
307.89291501045227	2.07481706937865	2.0
307.9126193523407	2.07481706937865	2.0
307.9285216331482	2.075435636071704	2.0
307.94192719459534	2.075435636071704	2.0
307.9579691886902	2.076076304321846	2.0
307.97299814224243	2.076076304321846	2.0
307.9905972480774	2.076076304321846	2.0
308.00663566589355	2.0765184951101845	2.0
308.0188694000244	2.0765184951101845	2.0
308.0325417518616	2.0765184951101845	2.0
308.0532019138336	2.0771765386814605	2.0
308.06854152679443	2.0771765386814605	2.0
308.0944039821625	2.0771364285138625	2.0
308.10577940940857	2.0771364285138625	2.0
308.1233162879944	2.0771364285138625	2.0
308.1403875350952	2.076826912691078	2.0
308.15580701828003	2.076826912691078	2.0
308.174489736557	2.076826912691078	2.0
308.1862916946411	2.0768012916008183	2.0
308.20192861557007	2.0768012916008183	2.0
308.2226068973541	2.0754029235791553	2.0
308.23870158195496	2.0754029235791553	2.0
308.2542531490326	2.0754029235791553	2.0
308.26816749572754	2.0739241667110235	2.0
308.2835886478424	2.0739241667110235	2.0
308.30105686187744	2.0739241667110235	2.0
308.31528997421265	2.071915679335591	2.0
308.3303596973419	2.071915679335591	2.0
308.34994316101074	2.071915679335591	2.0
308.3661735057831	2.0703053975606256	2.0
308.37964248657227	2.0703053975606256	2.0
308.39314365386963	2.0703053975606256	2.0
308.4084153175354	2.066852712759961	2.0
308.4221262931824	2.066852712759961	2.0
308.44121623039246	2.063091793254002	2.0
308.45531487464905	2.063091793254002	2.0
308.4682352542877	2.063091793254002	2.0
308.483736038208	2.058581698659407	2.0
308.49837136268616	2.058581698659407	2.0
308.5147318840027	2.058581698659407	2.0
308.5329501628876	2.054413652636529	2.0
308.5448536872864	2.054413652636529	2.0
308.560115814209	2.054413652636529	2.0
308.5776298046112	2.0509301804913997	2.0
308.5906431674957	2.0509301804913997	2.0
308.6134147644043	2.0459264818537672	2.0
308.6250913143158	2.0459264818537672	2.0
308.6379449367523	2.0459264818537672	2.0
308.6600306034088	2.042731068368947	2.0
308.6746847629547	2.042731068368947	2.0
308.6937789916992	2.042731068368947	2.0
308.710387468338	2.039248444908071	2.0
308.7257390022278	2.039248444908071	2.0
308.7467129230499	2.036095151825727	2.0
308.76305532455444	2.036095151825727	2.0
308.7815601825714	2.036095151825727	2.0
308.79915404319763	2.034738011155965	2.0
308.8166642189026	2.034738011155965	2.0
308.83766770362854	2.0327588007926294	2.0
308.8536002635956	2.0327588007926294	2.0
308.86835646629333	2.0327588007926294	2.0
308.8849935531616	2.032219084437675	2.0
308.9003920555115	2.032219084437675	2.0
308.9284174442291	2.032740666241404	2.0
308.9417293071747	2.032740666241404	2.0
308.95526576042175	2.032740666241404	2.0
308.97256422042847	2.0326363003266166	2.0
308.98669362068176	2.0326363003266166	2.0
309.006032705307	2.0326363003266166	2.0
309.0200057029724	2.032983233607031	2.0
309.03141593933105	2.032983233607031	2.0
309.04946780204773	2.032983233607031	2.0
309.0651431083679	2.034736389385647	2.0
309.076785326004	2.034736389385647	2.0
309.09403014183044	2.0362599063347995	2.0
309.1134617328644	2.0362599063347995	2.0
309.1396131515503	2.03893962625105	2.0
309.15548038482666	2.03893962625105	2.0
309.1736409664154	2.03893962625105	2.0
309.1930510997772	2.040723469983525	2.0
309.2093493938446	2.040723469983525	2.0
309.23118829727173	2.0413185908561657	2.0
309.24587535858154	2.0413185908561657	2.0
309.26574873924255	2.0413185908561657	2.0
309.28284645080566	2.043894354931538	2.0
309.2980332374573	2.043894354931538	2.0
309.31347465515137	2.043894354931538	2.0
309.32738399505615	2.0468531737819182	2.0
309.3430800437927	2.0468531737819182	2.0
309.36361384391785	2.0490576875294932	2.0
309.3789978027344	2.0490576875294932	2.0
309.39285612106323	2.0490576875294932	2.0
309.40888571739197	2.0511276887859498	2.0
309.42423963546753	2.0511276887859498	2.0
309.44157004356384	2.0511276887859498	2.0
309.46066308021545	2.052489886023593	2.0
309.4731831550598	2.052489886023593	2.0
309.48870849609375	2.052489886023593	2.0
309.5044994354248	2.05442684319925	2.0
309.519971370697	2.05442684319925	2.0
309.5378842353821	2.0556001605200147	2.0
309.5513551235199	2.0556001605200147	2.0
309.56419682502747	2.0556001605200147	2.0
309.5820379257202	2.0561627722253326	2.0
309.59578824043274	2.0561627722253326	2.0
309.61203122138977	2.0561627722253326	2.0
309.6331808567047	2.057328428550913	2.0
309.6452794075012	2.057328428550913	2.0
309.6622152328491	2.057328428550913	2.0
309.67940950393677	2.0579322981389025	2.0
309.6948833465576	2.0579322981389025	2.0
309.714834690094	2.0578040658554384	2.0
309.7288019657135	2.0578040658554384	2.0
309.7598114013672	2.0566456178022166	2.0
309.776406288147	2.0566456178022166	2.0
309.79185938835144	2.0566456178022166	2.0
309.8076915740967	2.0551793082933294	2.0
309.8230586051941	2.0551793082933294	2.0
309.83667397499084	2.0551793082933294	2.0
309.8535397052765	2.0541073835635	2.0
309.8693790435791	2.0541073835635	2.0
309.89029240608215	2.0538428288511947	2.0
309.9061276912689	2.0538428288511947	2.0
309.92135310173035	2.0538428288511947	2.0
309.93878173828125	2.053145368958147	2.0
309.9529547691345	2.053145368958147	2.0
309.96911668777466	2.053145368958147	2.0
309.9843854904175	2.0531873444642588	2.0
309.9979176521301	2.0531873444642588	2.0
310.0097146034241	2.0531873444642588	2.0
310.025306224823	2.0533032893431877	2.0
310.0400719642639	2.0533032893431877	2.0
310.05602526664734	2.0533032893431877	2.0
310.07100653648376	2.053909872199948	2.0
310.082665681839	2.053909872199948	2.0
310.09869599342346	2.053038248354247	2.0
310.11430382728577	2.053038248354247	2.0
310.1311161518097	2.053038248354247	2.0
310.15017533302307	2.05223618879746	2.0
310.1628932952881	2.05223618879746	2.0
310.17674374580383	2.05223618879746	2.0
310.19466972351074	2.051466184386856	2.0
310.2084312438965	2.051466184386856	2.0
310.2325141429901	2.0509601918794518	2.0
310.24558568000793	2.0509601918794518	2.0
310.2601909637451	2.0509601918794518	2.0
310.2831757068634	2.0501156139677823	2.0
310.2991683483124	2.0501156139677823	2.0
310.317405462265	2.0501156139677823	2.0
310.33045864105225	2.0489350240863478	2.0
310.34507942199707	2.0489350240863478	2.0
310.3679749965668	2.0470577098006335	2.0
310.38316345214844	2.0470577098006335	2.0
310.39541697502136	2.0470577098006335	2.0
310.4115688800812	2.045546575872062	2.0
310.427880525589	2.045546575872062	2.0
310.44653964042664	2.045546575872062	2.0
310.4633731842041	2.0438232690799434	2.0
310.4767038822174	2.0438232690799434	2.0
310.48932814598083	2.0438232690799434	2.0
310.50545740127563	2.0427065662102324	2.0
310.5194432735443	2.0427065662102324	2.0
310.5370891094208	2.0427065662102324	2.0
310.55179142951965	2.0434041413121853	2.0
310.5636444091797	2.0434041413121853	2.0
310.57799530029297	2.0434041413121853	2.0
310.59452962875366	2.044794193015569	2.0
310.60669112205505	2.044794193015569	2.0
310.6202390193939	2.044794193015569	2.0
310.6379702091217	2.046293852549485	2.0
310.65234422683716	2.046293852549485	2.0
310.6710021495819	2.046293852549485	2.0
310.68633937835693	2.047777957663122	2.0
310.6981165409088	2.047777957663122	2.0
310.7182106971741	2.049823081641232	2.0
310.7352759838104	2.049823081641232	2.0
310.75427651405334	2.049823081641232	2.0
310.7707140445709	2.052241708684828	2.0
310.78395342826843	2.052241708684828	2.0
310.8057780265808	2.0554008411523603	2.0
310.82100558280945	2.0554008411523603	2.0
310.84536576271057	2.0554008411523603	2.0
310.858439207077	2.0575094859071292	2.0
310.87399768829346	2.0575094859071292	2.0
310.8957574367523	2.0597813017475386	2.0
310.91115379333496	2.0597813017475386	2.0
310.9269118309021	2.0597813017475386	2.0
310.9402630329132	2.0619582594393315	2.0
310.9555084705353	2.0619582594393315	2.0
310.9715688228607	2.0619582594393315	2.0
310.9881319999695	2.063805531056431	2.0
311.00253033638	2.063805531056431	2.0
311.01824617385864	2.063805531056431	2.0
311.033807516098	2.0656258043737514	2.0
311.0481843948364	2.0656258043737514	2.0
311.0671434402466	2.0669941634156865	2.0
311.0818090438843	2.0669941634156865	2.0
311.093950510025	2.0669941634156865	2.0
311.1092689037323	2.0688086107841075	2.0
311.1242244243622	2.0688086107841075	2.0
311.15406703948975	2.070331116010588	2.0
311.16629910469055	2.070331116010588	2.0
311.1788532733917	2.070331116010588	2.0
311.19544553756714	2.070331116010588	2.0
311.2100148200989	2.0702331935328435	2.0
311.24110674858093	2.0689882522741025	2.0
311.2536516189575	2.0689882522741025	2.0
311.2694709300995	2.0689882522741025	2.0
311.28769540786743	2.068557223898644	2.0
311.3022129535675	2.068557223898644	2.0
311.31970858573914	2.068557223898644	2.0
311.3340516090393	2.0678666423968126	2.0
311.3484344482422	2.0678666423968126	2.0
311.3649899959564	2.0678666423968126	2.0
311.37914872169495	2.0657428241085527	2.0
311.39167881011963	2.0657428241085527	2.0
311.41218852996826	2.0657428241085527	2.0
311.426739692688	2.0629694477162475	2.0
311.4420967102051	2.0629694477162475	2.0
311.4571135044098	2.0629694477162475	2.0
311.4701421260834	2.059692317387465	2.0
311.48990178108215	2.059692317387465	2.0
311.50639748573303	2.0566942035051983	2.0
311.5219123363495	2.0566942035051983	2.0
311.5362014770508	2.0566942035051983	2.0
311.549884557724	2.0528641668997203	2.0
311.5645592212677	2.0528641668997203	2.0
311.58156085014343	2.0528641668997203	2.0
311.59791707992554	2.0483784530329414	2.0
311.61119389533997	2.0483784530329414	2.0
311.62411665916443	2.0483784530329414	2.0
311.64021468162537	2.044108870763851	2.0
311.65432810783386	2.044108870763851	2.0
311.66923570632935	2.044108870763851	2.0
311.68436002731323	2.04130637955506	2.0
311.6955225467682	2.04130637955506	2.0
311.7082850933075	2.04130637955506	2.0
311.7252402305603	2.0382067122997385	2.0
311.7409121990204	2.0382067122997385	2.0
311.75785994529724	2.0382067122997385	2.0
311.7740993499756	2.0358896513937097	2.0
311.791467666626	2.0358896513937097	2.0
311.8096284866333	2.0328220884521766	2.0
311.8247723579407	2.0328220884521766	2.0
311.84214782714844	2.0328220884521766	2.0
311.85748648643494	2.030246682042233	2.0
311.88912057876587	2.030246682042233	2.0
311.9062399864197	2.0282250469070973	2.0
311.92304015159607	2.0282250469070973	2.0
311.9428598880768	2.026147735284261	2.0
311.95882773399353	2.026147735284261	2.0
311.98196482658386	2.024875114687523	2.0
311.99769353866577	2.024875114687523	2.0
312.01207423210144	2.024875114687523	2.0
312.0272252559662	2.024708358629489	2.0
312.04250502586365	2.024708358629489	2.0
312.0636291503906	2.024708358629489	2.0
312.0804114341736	2.0252328509717445	2.0
312.09387588500977	2.0252328509717445	2.0
312.1073820590973	2.0252328509717445	2.0
312.12487030029297	2.0247623062278093	2.0
312.1387095451355	2.0247623062278093	2.0
312.1538143157959	2.0245854718298473	2.0
312.1685335636139	2.0245854718298473	2.0
312.19170117378235	2.0245854718298473	2.0
312.2068040370941	2.0242277472609347	2.0
312.2207477092743	2.0242277472609347	2.0
312.2349729537964	2.0242277472609347	2.0
312.2506773471832	2.0249956095065684	2.0
312.265417098999	2.0249956095065684	2.0
312.28353929519653	2.025848393597478	2.0
312.29857063293457	2.025848393597478	2.0
312.310587644577	2.025848393597478	2.0
312.3264298439026	2.0263080313927535	2.0
312.3417115211487	2.0263080313927535	2.0
312.35633969306946	2.0263080313927535	2.0
312.373521566391	2.0267607737787685	2.0
312.3855040073395	2.0267607737787685	2.0
312.40103459358215	2.0267607737787685	2.0
312.41890573501587	2.027034500853943	2.0
312.4334228038788	2.027034500853943	2.0
312.45236253738403	2.027034500853943	2.0
312.46617221832275	2.027532756887674	2.0
312.4794809818268	2.027532756887674	2.0
312.51062846183777	2.027819640560911	2.0
312.52864718437195	2.027819640560911	2.0
312.5427598953247	2.027819640560911	2.0
312.55492424964905	2.028057148364402	2.0
312.56965732574463	2.028057148364402	2.0
312.58807945251465	2.028057148364402	2.0
312.60318088531494	2.0284103657812316	2.0
312.6198351383209	2.0284103657812316	2.0
312.6343183517456	2.027265315239477	2.0
312.6487650871277	2.027265315239477	2.0
312.6634476184845	2.027265315239477	2.0
312.6820538043976	2.0248718539457338	2.0
312.69619488716125	2.0248718539457338	2.0
312.70830273628235	2.0248718539457338	2.0
312.7237377166748	2.022398434001914	2.0
312.74007964134216	2.022398434001914	2.0
312.7637062072754	2.0202633166426054	2.0
312.7781352996826	2.0202633166426054	2.0
312.79078340530396	2.0202633166426054	2.0
312.8067603111267	2.0182099528046784	2.0
312.82105135917664	2.0182099528046784	2.0
312.83209252357483	2.0182099528046784	2.0
312.84836292266846	2.0182099528046784	2.0
312.8638858795166	2.0106007775878387	2.0
312.87780356407166	2.0106007775878387	2.0
312.89544105529785	1.9976605064077215	2.0
312.9093613624573	1.9976605064077215	2.0
312.9207663536072	1.9976605064077215	2.0
312.93938994407654	1.9976605064077215	2.0
312.95395159721375	1.9801513105977804	2.0
312.9749529361725	1.9801513105977804	2.0
312.9912016391754	1.9578652320942083	2.0
313.0022461414337	1.9578652320942083	2.0
313.017822265625	1.9578652320942083	2.0
313.0347023010254	nan	2.0
313.04924988746643	nan	2.0
313.065465927124	nan	2.0
313.07862639427185	nan	2.0
313.09307384490967	nan	2.0
313.118066072464	nan	2.0
313.13295793533325	nan	2.0
313.1477634906769	nan	2.0
313.1627218723297	nan	2.0
313.17848801612854	nan	2.0
313.1920545101166	nan	2.0
313.2113904953003	nan	2.0
313.2260618209839	nan	2.0
313.2380130290985	nan	2.0
313.25428462028503	nan	2.0
313.2686598300934	nan	2.0
313.2859628200531	nan	2.0
313.31032943725586	nan	2.0
313.3221478462219	nan	2.0
313.3391754627228	nan	2.0
313.35355710983276	nan	2.0
313.37349343299866	nan	2.0
313.38873195648193	nan	2.0
313.4009714126587	nan	2.0
313.42421650886536	nan	2.0
313.4409430027008	nan	2.0
313.4609024524689	nan	2.0
313.4750008583069	nan	2.0
313.4873094558716	nan	2.0
313.51597023010254	nan	2.0
313.5320510864258	nan	2.0
313.54640102386475	nan	2.0
313.56264662742615	nan	2.0
313.5784635543823	nan	2.0
313.59801602363586	nan	2.0
313.609925031662	nan	2.0
313.63927388191223	nan	2.0
313.65593004226685	nan	2.0
313.6703372001648	nan	2.0
313.68418073654175	nan	2.0
313.6975522041321	nan	2.0
313.71522188186646	nan	2.0
313.73359990119934	nan	2.0
313.7491993904114	nan	2.0
313.7634196281433	nan	2.0
313.7795069217682	nan	2.0
313.7944359779358	nan	2.0
313.8156843185425	nan	2.0
313.83108735084534	nan	2.0
313.84414768218994	nan	2.0
313.86039638519287	nan	2.0
313.8752689361572	nan	2.0
313.8895671367645	nan	2.0
313.90567231178284	nan	2.0
313.91762018203735	nan	2.0
313.93089032173157	nan	2.0
313.9468426704407	nan	2.0
313.9597625732422	nan	2.0
313.9759085178375	nan	2.0
313.9934513568878	nan	2.0
314.0063090324402	nan	2.0
314.02463722229004	nan	2.0
314.0419759750366	nan	2.0
314.0547709465027	nan	2.0
314.0739223957062	nan	2.0
314.0880608558655	nan	2.0
314.1081736087799	nan	2.0
314.1241235733032	nan	2.0
314.13600730895996	nan	2.0
314.16599917411804	nan	2.0
314.1944525241852	nan	2.0
314.21049547195435	nan	2.0
314.22246193885803	nan	2.0
314.23904180526733	nan	2.0
314.2554075717926	nan	2.0
314.266704082489	nan	2.0
314.2851700782776	nan	2.0
314.30250573158264	nan	2.0
314.31826424598694	nan	2.0
314.33527755737305	nan	2.0
314.3471109867096	nan	2.0
314.3656814098358	nan	2.0
314.38693499565125	nan	2.0
314.403151512146	nan	2.0
314.41851329803467	nan	2.0
314.4324653148651	nan	2.0
314.4501554965973	nan	2.0
314.4692966938019	nan	2.0
314.48437690734863	nan	2.0
314.49668979644775	nan	2.0
314.51045536994934	nan	2.0
314.52545714378357	nan	2.0
314.5413317680359	nan	2.0
314.55488562583923	nan	2.0
314.57163977622986	nan	2.0
314.5916829109192	nan	2.0
314.6075282096863	nan	2.0
314.62324929237366	nan	2.0
314.63878107070923	nan	2.0
314.6542866230011	nan	2.0
314.67372369766235	nan	2.0
314.69051575660706	nan	2.0
314.70372319221497	nan	2.0
314.71703839302063	nan	2.0
314.7325630187988	nan	2.0
314.7477443218231	nan	2.0
314.7661371231079	nan	2.0
314.7807297706604	nan	2.0
314.79602909088135	nan	2.0
314.8115062713623	nan	2.0
314.82910561561584	nan	2.0
314.8470256328583	nan	2.0
314.8619315624237	nan	2.0
314.8782184123993	nan	2.0
314.89491415023804	nan	2.0
314.9088063240051	nan	2.0
314.92686200141907	nan	2.0
314.9430751800537	nan	2.0
314.95622849464417	nan	2.0
314.9691414833069	nan	2.0
314.98454761505127	nan	2.0
314.99899983406067	nan	2.0
315.01907086372375	nan	2.0
315.03266048431396	nan	2.0
315.0456454753876	nan	2.0
315.06311082839966	nan	2.0
315.0786738395691	nan	2.0
315.09772396087646	nan	2.0
315.1136562824249	nan	2.0
315.1261761188507	nan	2.0
315.14332842826843	nan	2.0
315.15766882896423	nan	2.0
315.183336019516	nan	2.0
315.19993257522583	nan	2.0
315.21108388900757	nan	2.0
315.23102021217346	nan	2.0
315.2480254173279	nan	2.0
315.2662374973297	nan	2.0
315.28237080574036	nan	2.0
315.29494738578796	nan	2.0
315.3113272190094	nan	2.0
315.33119893074036	nan	2.0
315.34974455833435	nan	2.0
315.3671627044678	nan	2.0
315.38165807724	nan	2.0
315.3995006084442	nan	2.0
315.41718435287476	nan	2.0
315.43226408958435	nan	2.0
315.44769501686096	nan	2.0
315.4644396305084	nan	2.0
315.4784252643585	nan	2.0
315.5017967224121	nan	2.0
315.51535415649414	nan	2.0
315.52897024154663	nan	2.0
315.54604029655457	nan	2.0
315.5592498779297	nan	2.0
315.5717861652374	nan	2.0
315.58786487579346	nan	2.0
315.6051301956177	nan	2.0
315.62589502334595	nan	2.0
315.6398015022278	nan	2.0
315.65356826782227	nan	2.0
315.6700372695923	nan	2.0
315.6860148906708	nan	2.0
315.7051622867584	nan	2.0
315.71834421157837	nan	2.0
315.7305483818054	nan	2.0
315.7469675540924	nan	2.0
315.76290369033813	nan	2.0
315.78094267845154	nan	2.0
315.7966682910919	nan	2.0
315.80815172195435	nan	2.0
315.82551288604736	nan	2.0
315.8434088230133	nan	2.0
315.85849165916443	nan	2.0
315.87674355506897	nan	2.0
315.8883421421051	nan	2.0
315.8992967605591	nan	2.0
315.9175488948822	nan	2.0
315.93434047698975	nan	2.0
315.9514672756195	nan	2.0
315.9687054157257	nan	2.0
315.98076033592224	nan	2.0
315.9992005825043	nan	2.0
316.01861214637756	nan	2.0
316.03382873535156	nan	2.0
316.0485899448395	nan	2.0
316.06309747695923	nan	2.0
316.0792045593262	nan	2.0
316.1006875038147	nan	2.0
316.1173198223114	nan	2.0
316.13152265548706	nan	2.0
316.14689803123474	nan	2.0
316.1610040664673	nan	2.0
316.1821846961975	nan	2.0
316.19644594192505	nan	2.0
316.20795464515686	nan	2.0
316.2227623462677	nan	2.0
316.2378091812134	nan	2.0
316.2524766921997	nan	2.0
316.2710225582123	nan	2.0
316.2833957672119	nan	2.0
316.29579496383667	nan	2.0
316.31123661994934	nan	2.0
316.3250734806061	nan	2.0
316.3403820991516	nan	2.0
316.35374569892883	nan	2.0
316.3696084022522	nan	2.0
316.3908998966217	nan	2.0
316.4052929878235	nan	2.0
316.41678738594055	nan	2.0
316.43123984336853	nan	2.0
316.44628405570984	nan	2.0
316.46441531181335	nan	2.0
316.48171496391296	nan	2.0
316.4934952259064	nan	2.0
316.5068213939667	nan	2.0
316.5224702358246	nan	2.0
316.5367362499237	nan	2.0
316.5548391342163	nan	2.0
316.57039308547974	nan	2.0
316.5816068649292	nan	2.0
316.6021161079407	nan	2.0
316.6171145439148	nan	2.0
316.64884328842163	nan	2.0
316.66043519973755	nan	2.0
316.67300748825073	nan	2.0
316.70291018486023	nan	2.0
316.7242126464844	nan	2.0
316.7391905784607	nan	2.0
316.7556121349335	nan	2.0
316.77330565452576	nan	2.0
316.79176235198975	nan	2.0
316.80600786209106	nan	2.0
316.820513010025	nan	2.0
316.8351435661316	nan	2.0
316.852570772171	nan	2.0
316.87196826934814	nan	2.0
316.88677501678467	nan	2.0
316.9004051685333	nan	2.0
316.9150700569153	nan	2.0
316.93124771118164	nan	2.0
316.95154786109924	nan	2.0
316.96673369407654	nan	2.0
316.9790241718292	nan	2.0
316.9945728778839	nan	2.0
317.00957131385803	nan	2.0
317.02632451057434	nan	2.0
317.0444827079773	nan	2.0
317.05655574798584	nan	2.0
317.0734164714813	nan	2.0
317.08863973617554	nan	2.0
317.1032044887543	nan	2.0
317.11839842796326	nan	2.0
317.13417768478394	nan	2.0
317.15243268013	nan	2.0
317.16879415512085	nan	2.0
317.1816282272339	nan	2.0
317.1988642215729	nan	2.0
317.2137610912323	nan	2.0
317.22596168518066	nan	2.0
317.244291305542	nan	2.0
317.2585484981537	nan	2.0
317.2695107460022	nan	2.0
317.28561902046204	nan	2.0
317.30095744132996	nan	2.0
317.3151993751526	nan	2.0
317.3340208530426	nan	2.0
317.34595918655396	nan	2.0
317.3576395511627	nan	2.0
317.37487173080444	nan	2.0
317.39014863967896	nan	2.0
317.408399105072	nan	2.0
317.4247143268585	nan	2.0
317.4370713233948	nan	2.0
317.4533939361572	nan	2.0
317.47153329849243	nan	2.0
317.4862525463104	nan	2.0
317.50242805480957	nan	2.0
317.5160303115845	nan	2.0
317.53066635131836	nan	2.0
317.55066752433777	nan	2.0
317.56587409973145	nan	2.0
317.579110622406	nan	2.0
317.59213399887085	nan	2.0
317.6060755252838	nan	2.0
317.62437868118286	nan	2.0
317.64348554611206	nan	2.0
317.656996011734	nan	2.0
317.6688811779022	nan	2.0
317.68330478668213	nan	2.0
317.69780683517456	nan	2.0
317.717885017395	nan	2.0
317.733598947525	nan	2.0
317.74907422065735	nan	2.0
317.7646596431732	nan	2.0
317.7805619239807	nan	2.0
317.8132519721985	nan	2.0
317.82751655578613	nan	2.0
317.8386695384979	nan	2.0
317.8505611419678	nan	2.0
317.8672971725464	nan	2.0
317.8831539154053	nan	2.0
317.8998239040375	nan	2.0
317.9124255180359	nan	2.0
317.9238922595978	nan	2.0
317.94131541252136	nan	2.0
317.95914673805237	nan	2.0
317.97240352630615	nan	2.0
317.984237909317	nan	2.0
317.99578046798706	nan	2.0
318.0251214504242	nan	2.0
318.03706431388855	nan	2.0
318.04863142967224	nan	2.0
318.06050181388855	nan	2.0
318.0905485153198	nan	2.0
318.1018977165222	nan	2.0
318.1134753227234	nan	2.0
318.12510657310486	nan	2.0
318.13628101348877	nan	2.0
318.1506085395813	nan	2.0
318.16641569137573	nan	2.0
318.1785488128662	nan	2.0
318.1896433830261	nan	2.0
318.20092272758484	nan	2.0
318.21673130989075	nan	2.0
318.23413920402527	nan	2.0
318.24568247795105	nan	2.0
318.2567780017853	nan	2.0
318.26966190338135	nan	2.0
318.29231214523315	nan	2.0
318.3067228794098	nan	2.0
318.3176591396332	nan	2.0
318.32864689826965	nan	2.0
318.33956360816956	nan	2.0
318.3507559299469	nan	2.0
318.366708278656	nan	2.0
318.3822023868561	nan	2.0
318.3939051628113	nan	2.0
318.4049446582794	nan	2.0
318.41746616363525	nan	2.0
318.43325424194336	nan	2.0
318.44835925102234	nan	2.0
318.45922088623047	nan	2.0
318.47025513648987	nan	2.0
318.4811038970947	nan	2.0
318.4926588535309	nan	2.0
318.50759387016296	nan	2.0
318.5230767726898	nan	2.0
318.53491377830505	nan	2.0
318.54659366607666	nan	2.0
318.55829668045044	nan	2.0
318.5738790035248	nan	2.0
318.58821177482605	nan	2.0
318.6006178855896	nan	2.0
318.6119647026062	nan	2.0
318.62650203704834	nan	2.0
318.6429398059845	nan	2.0
318.65713810920715	nan	2.0
318.66975450515747	nan	2.0
318.68110823631287	nan	2.0
318.69198179244995	nan	2.0
318.7047460079193	nan	2.0
318.7206587791443	nan	2.0
318.73449993133545	nan	2.0
318.74654626846313	nan	2.0
318.76302886009216	nan	2.0
318.7794713973999	nan	2.0
318.7967405319214	nan	2.0
318.808482170105	nan	2.0
318.8194215297699	nan	2.0
318.83152866363525	nan	2.0
318.85105776786804	nan	2.0
318.8663444519043	nan	2.0
318.8773913383484	nan	2.0
318.88887453079224	nan	2.0
318.89988803863525	nan	2.0
318.91150426864624	nan	2.0
318.9364151954651	nan	2.0
318.9499623775482	nan	2.0
318.96079993247986	nan	2.0
318.97222208976746	nan	2.0
319.0022540092468	nan	2.0
319.0148594379425	nan	2.0
319.0260999202728	nan	2.0
319.0372233390808	nan	2.0
319.05499958992004	nan	2.0
319.0702528953552	nan	2.0
319.08174085617065	nan	2.0
319.093386888504	nan	2.0
319.1048834323883	nan	2.0
319.11648750305176	nan	2.0
319.13991379737854	nan	2.0
319.15299105644226	nan	2.0
319.16547298431396	nan	2.0
319.17712235450745	nan	2.0
319.20790576934814	nan	2.0
319.2203164100647	nan	2.0
319.232115983963	nan	2.0
319.24313378334045	nan	2.0
319.25461196899414	nan	2.0
319.2656168937683	nan	2.0
319.27699422836304	nan	2.0
319.28916597366333	nan	2.0
319.3008830547333	nan	2.0
319.316210269928	nan	2.0
319.3329291343689	nan	2.0
319.3453462123871	nan	2.0
319.35710167884827	nan	2.0
319.36843752861023	nan	2.0
319.37934017181396	nan	2.0
319.39000391960144	nan	2.0
319.4009277820587	nan	2.0
319.41194200515747	nan	2.0
319.42462396621704	nan	2.0
319.44757413864136	nan	2.0
319.4594044685364	nan	2.0
319.4705739021301	nan	2.0
319.48169589042664	nan	2.0
319.49323177337646	nan	2.0
319.5043134689331	nan	2.0
319.5150611400604	nan	2.0
319.5264964103699	nan	2.0
319.5378620624542	nan	2.0
319.549702167511	nan	2.0
319.5730767250061	nan	2.0
319.585453748703	nan	2.0
319.5968186855316	nan	2.0
319.60823798179626	nan	2.0
319.6194932460785	nan	2.0
319.6307837963104	nan	2.0
319.6420156955719	nan	2.0
319.65322637557983	nan	2.0
319.6659972667694	nan	2.0
319.6825940608978	nan	2.0
319.69722628593445	nan	2.0
319.7091815471649	nan	2.0
319.7210099697113	nan	2.0
319.73214173316956	nan	2.0
319.74782276153564	nan	2.0
319.76385140419006	nan	2.0
319.7774078845978	nan	2.0
319.78926038742065	nan	2.0
319.80475544929504	nan	2.0
319.8217017650604	nan	2.0
319.83384943008423	nan	2.0
319.845730304718	nan	2.0
319.8573682308197	nan	2.0
319.86853098869324	nan	2.0
319.8795042037964	nan	2.0
319.8905875682831	nan	2.0
319.90303111076355	nan	2.0
319.91904759407043	nan	2.0
319.93340969085693	nan	2.0
319.94644594192505	nan	2.0
319.95748949050903	nan	2.0
319.96884202957153	nan	2.0
319.9796760082245	nan	2.0
319.9908638000488	nan	2.0
320.0025930404663	nan	2.0
320.0166115760803	nan	2.0
320.0325343608856	nan	2.0
320.05011439323425	nan	2.0
320.0646233558655	nan	2.0
320.07879090309143	nan	2.0
320.09079027175903	nan	2.0
320.10199666023254	nan	2.0
320.11308336257935	nan	2.0
320.126024723053	nan	2.0
320.1376211643219	nan	2.0
320.15534114837646	nan	2.0
320.17066979408264	nan	2.0
320.18217945098877	nan	2.0
320.1940619945526	nan	2.0
320.2065329551697	nan	2.0
320.21923637390137	nan	2.0
320.2367253303528	nan	2.0
320.25126910209656	nan	2.0
320.2671241760254	nan	2.0
320.2891867160797	nan	2.0
320.3071484565735	nan	2.0
320.3234031200409	nan	2.0
320.33936500549316	nan	2.0
320.3546860218048	nan	2.0
320.3657305240631	nan	2.0
320.37735414505005	nan	2.0
320.39663887023926	nan	2.0
320.4143691062927	nan	2.0
320.42611360549927	nan	2.0
320.437296628952	nan	2.0
320.4496021270752	nan	2.0
320.4605510234833	nan	2.0
320.47184443473816	nan	2.0
320.483571767807	nan	2.0
320.4946608543396	nan	2.0
320.5065264701843	nan	2.0
320.5262842178345	nan	2.0
320.54344415664673	nan	2.0
320.55603528022766	nan	2.0
320.56794571876526	nan	2.0
320.57894349098206	nan	2.0
320.590119600296	nan	2.0
320.60176157951355	nan	2.0
320.6131408214569	nan	2.0
320.6247911453247	nan	2.0
320.6411044597626	nan	2.0
320.6568660736084	nan	2.0
320.6686384677887	nan	2.0
320.67988777160645	nan	2.0
320.69109320640564	nan	2.0
320.7030539512634	nan	2.0
320.71476578712463	nan	2.0
320.7267072200775	nan	2.0
320.73839688301086	nan	2.0
320.75100326538086	nan	2.0
320.77416133880615	nan	2.0
320.78998708724976	nan	2.0
320.8053448200226	nan	2.0
320.8218698501587	nan	2.0
320.8373427391052	nan	2.0
320.85341334342957	nan	2.0
320.8758633136749	nan	2.0
320.8929786682129	nan	2.0
320.9078447818756	nan	2.0
320.92355251312256	nan	2.0
320.93840289115906	nan	2.0
320.9519124031067	nan	2.0
320.9636962413788	nan	2.0
320.9749400615692	nan	2.0
320.98929619789124	nan	2.0
321.00922441482544	nan	2.0
321.0242552757263	nan	2.0
321.03577709198	nan	2.0
321.0475723743439	nan	2.0
321.05910897254944	nan	2.0
321.07038140296936	nan	2.0
321.0819969177246	nan	2.0
321.0940043926239	nan	2.0
321.1100900173187	nan	2.0
321.1262707710266	nan	2.0
321.1381838321686	nan	2.0
321.15037083625793	nan	2.0
321.16195487976074	nan	2.0
321.17327904701233	nan	2.0
321.1849434375763	nan	2.0
321.1964612007141	nan	2.0
321.2074649333954	nan	2.0
321.21925592422485	nan	2.0
321.2322471141815	nan	2.0
321.2477900981903	nan	2.0
321.262305021286	nan	2.0
321.27353405952454	nan	2.0
321.2856740951538	nan	2.0
321.2974455356598	nan	2.0
321.3088948726654	nan	2.0
321.32007026672363	nan	2.0
321.3314116001129	nan	2.0
321.34618043899536	nan	2.0
321.3620254993439	nan	2.0
321.37616324424744	nan	2.0
321.3870439529419	nan	2.0
321.39880657196045	nan	2.0
321.4098746776581	nan	2.0
321.4208285808563	nan	2.0
321.43237924575806	nan	2.0
321.44371247291565	nan	2.0
321.45484137535095	nan	2.0
321.46552562713623	nan	2.0
321.4802131652832	nan	2.0
321.4966878890991	nan	2.0
321.50922870635986	nan	2.0
321.52088594436646	nan	2.0
321.53257942199707	nan	2.0
321.54382133483887	nan	2.0
321.55531120300293	nan	2.0
321.5668833255768	nan	2.0
321.57900381088257	nan	2.0
321.60903215408325	nan	2.0
321.62139654159546	nan	2.0
321.6323516368866	nan	2.0
321.6434757709503	nan	2.0
321.6546494960785	nan	2.0
321.66627049446106	nan	2.0
321.6777882575989	nan	2.0
321.68928599357605	nan	2.0
321.72074604034424	nan	2.0
321.73286843299866	nan	2.0
321.74424982070923	nan	2.0
321.7558150291443	nan	2.0
321.77190589904785	nan	2.0
321.7850878238678	nan	2.0
321.79685044288635	nan	2.0
321.8084955215454	nan	2.0
321.8209867477417	nan	2.0
321.84184551239014	nan	2.0
321.8568494319916	nan	2.0
321.86868596076965	nan	2.0
321.8801369667053	nan	2.0
321.8914375305176	nan	2.0
321.90276885032654	nan	2.0
321.9142847061157	nan	2.0
321.9257884025574	nan	2.0
321.94125151634216	nan	2.0
321.96050906181335	nan	2.0
321.97283244132996	nan	2.0
321.9842450618744	nan	2.0
321.99511528015137	nan	2.0
322.0066828727722	nan	2.0
322.01836109161377	nan	2.0
322.0295624732971	nan	2.0
322.0406904220581	nan	2.0
322.0526170730591	nan	2.0
322.0659544467926	nan	2.0
322.08207607269287	nan	2.0
322.09556436538696	nan	2.0
322.1070213317871	nan	2.0
322.11864471435547	nan	2.0
322.13009119033813	nan	2.0
322.1418128013611	nan	2.0
322.152969121933	nan	2.0
322.16383242607117	nan	2.0
322.18540501594543	nan	2.0
322.2045133113861	nan	2.0
322.2166278362274	nan	2.0
322.228554725647	nan	2.0
322.2394459247589	nan	2.0
322.25044655799866	nan	2.0
322.2617998123169	nan	2.0
322.27299070358276	nan	2.0
322.2848768234253	nan	2.0
322.2966034412384	nan	2.0
322.315673828125	nan	2.0
322.3329961299896	nan	2.0
322.3446407318115	nan	2.0
322.35658526420593	nan	2.0
322.3684892654419	nan	2.0
322.3798882961273	nan	2.0
322.391140460968	nan	2.0
322.40274691581726	nan	2.0
322.4163610935211	nan	2.0
322.4377088546753	nan	2.0
322.4498167037964	nan	2.0
322.46149587631226	nan	2.0
322.47301030158997	nan	2.0
322.4844591617584	nan	2.0
322.4962317943573	nan	2.0
322.50806069374084	nan	2.0
322.51960921287537	nan	2.0
322.53093791007996	nan	2.0
322.54271388053894	nan	2.0
322.56067085266113	nan	2.0
322.57433557510376	nan	2.0
322.5855803489685	nan	2.0
322.5973105430603	nan	2.0
322.60877752304077	nan	2.0
322.6211128234863	nan	2.0
322.6321351528168	nan	2.0
322.64358019828796	nan	2.0
322.6671166419983	nan	2.0
322.68117451667786	nan	2.0
322.69206738471985	nan	2.0
322.70348739624023	nan	2.0
322.71515107154846	nan	2.0
322.7266983985901	nan	2.0
322.7383108139038	nan	2.0
322.7495436668396	nan	2.0
322.7628016471863	nan	2.0
322.7789764404297	nan	2.0
322.7976641654968	nan	2.0
322.81198954582214	nan	2.0
322.82372665405273	nan	2.0
322.8352406024933	nan	2.0
322.84733295440674	nan	2.0
322.858904838562	nan	2.0
322.87009263038635	nan	2.0
322.8817231655121	nan	2.0
322.8939208984375	nan	2.0
322.9099426269531	nan	2.0
322.92342734336853	nan	2.0
322.93486642837524	nan	2.0
322.94638419151306	nan	2.0
322.95798802375793	nan	2.0
322.96971344947815	nan	2.0
322.98079562187195	nan	2.0
322.99209809303284	nan	2.0
323.00350165367126	nan	2.0
323.0149881839752	nan	2.0
323.03048396110535	nan	2.0
323.047385931015	nan	2.0
323.05918622016907	nan	2.0
323.0701107978821	nan	2.0
323.08189845085144	nan	2.0
323.09320306777954	nan	2.0
323.10429430007935	nan	2.0
323.11606097221375	nan	2.0
323.12747716903687	nan	2.0
323.14660120010376	nan	2.0
323.162150144577	nan	2.0
323.173455953598	nan	2.0
323.18482089042664	nan	2.0
323.19645595550537	nan	2.0
323.208327293396	nan	2.0
323.21992897987366	nan	2.0
323.2313711643219	nan	2.0
323.2433009147644	nan	2.0
323.25548696517944	nan	2.0
323.26768350601196	nan	2.0
323.2832612991333	nan	2.0
323.29578852653503	nan	2.0
323.30658626556396	nan	2.0
323.31789231300354	nan	2.0
323.3289694786072	nan	2.0
323.3404178619385	nan	2.0
323.35191798210144	nan	2.0
323.36343932151794	nan	2.0
323.37492537498474	nan	2.0
323.3912441730499	nan	2.0
323.404483795166	nan	2.0
323.41612672805786	nan	2.0
323.42766880989075	nan	2.0
323.43853521347046	nan	2.0
323.44986867904663	nan	2.0
323.46111583709717	nan	2.0
323.472288608551	nan	2.0
323.4836926460266	nan	2.0
323.4951012134552	nan	2.0
323.5075967311859	nan	2.0
323.52282452583313	nan	2.0
323.53519773483276	nan	2.0
323.54626750946045	nan	2.0
323.55759596824646	nan	2.0
323.5682954788208	nan	2.0
323.57895064353943	nan	2.0
323.5902292728424	nan	2.0
323.6012477874756	nan	2.0
323.6138639450073	nan	2.0
323.6292760372162	nan	2.0
323.64198327064514	nan	2.0
323.6533348560333	nan	2.0
323.66462874412537	nan	2.0
323.67611384391785	nan	2.0
323.6872024536133	nan	2.0
323.6985800266266	nan	2.0
323.7096619606018	nan	2.0
323.7208561897278	nan	2.0
323.732323884964	nan	2.0
323.7441234588623	nan	2.0
323.7611229419708	nan	2.0
323.77439284324646	nan	2.0
323.786146402359	nan	2.0
323.79810214042664	nan	2.0
323.8102331161499	nan	2.0
323.8217761516571	nan	2.0
323.8348889350891	nan	2.0
323.8461010456085	nan	2.0
323.85919308662415	nan	2.0
323.8745481967926	nan	2.0
323.88631534576416	nan	2.0
323.89756655693054	nan	2.0
323.90953826904297	nan	2.0
323.92207288742065	nan	2.0
323.93331241607666	nan	2.0
323.9443657398224	nan	2.0
323.9562690258026	nan	2.0
323.96704149246216	nan	2.0
323.9790983200073	nan	2.0
323.9941520690918	nan	2.0
324.00812458992004	nan	2.0
324.0190670490265	nan	2.0
324.0301322937012	nan	2.0
324.041464805603	nan	2.0
324.0526514053345	nan	2.0
324.0636818408966	nan	2.0
324.07500433921814	nan	2.0
324.0862863063812	nan	2.0
324.0983428955078	nan	2.0
324.1137557029724	nan	2.0
324.1390800476074	nan	2.0
324.15140867233276	nan	2.0
324.1638562679291	nan	2.0
324.1752550601959	nan	2.0
324.1866307258606	nan	2.0
324.19830441474915	nan	2.0
324.210168838501	nan	2.0
324.2221772670746	nan	2.0
324.23908162117004	nan	2.0
324.25236344337463	nan	2.0
324.2638897895813	nan	2.0
324.27560901641846	nan	2.0
324.2868618965149	nan	2.0
324.29803371429443	nan	2.0
324.3096103668213	nan	2.0
324.3209252357483	nan	2.0
324.33319211006165	nan	2.0
324.3498651981354	nan	2.0
324.3633511066437	nan	2.0
324.3765389919281	nan	2.0
324.38747549057007	nan	2.0
324.3985674381256	nan	2.0
324.40966796875	nan	2.0
324.4205889701843	nan	2.0
324.43166065216064	nan	2.0
324.4432306289673	nan	2.0
324.45456552505493	nan	2.0
324.46771025657654	nan	2.0
324.48354053497314	nan	2.0
324.4953067302704	nan	2.0
324.50654578208923	nan	2.0
324.51757645606995	nan	2.0
324.5288577079773	nan	2.0
324.5399000644684	nan	2.0
324.55089354515076	nan	2.0
324.56204748153687	nan	2.0
324.5744888782501	nan	2.0
324.59231877326965	nan	2.0
324.6052565574646	nan	2.0
324.6163799762726	nan	2.0
324.6272177696228	nan	2.0
324.63809061050415	nan	2.0
324.65011191368103	nan	2.0
324.66118478775024	nan	2.0
324.67202830314636	nan	2.0
324.68308663368225	nan	2.0
324.6939890384674	nan	2.0
324.7057046890259	nan	2.0
324.72144627571106	nan	2.0
324.73621463775635	nan	2.0
324.74770402908325	nan	2.0
324.75889229774475	nan	2.0
324.771196603775	nan	2.0
324.7823324203491	nan	2.0
324.79322266578674	nan	2.0
324.8043508529663	nan	2.0
324.818195104599	nan	2.0
324.83431005477905	nan	2.0
324.8459928035736	nan	2.0
324.857896566391	nan	2.0
324.86862659454346	nan	2.0
324.8794016838074	nan	2.0
324.891321182251	nan	2.0
324.903039932251	nan	2.0
324.9164409637451	nan	2.0
324.9282422065735	nan	2.0
324.9396450519562	nan	2.0
324.9552729129791	nan	2.0
324.9699709415436	nan	2.0
324.98188829421997	nan	2.0
324.99372029304504	nan	2.0
325.0049104690552	nan	2.0
325.0159170627594	nan	2.0
325.0272090435028	nan	2.0
325.0382068157196	nan	2.0
325.0496914386749	nan	2.0
325.06448245048523	nan	2.0
325.0792787075043	nan	2.0
325.09119510650635	nan	2.0
325.10258960723877	nan	2.0
325.1147553920746	nan	2.0
325.12613558769226	nan	2.0
325.1372082233429	nan	2.0
325.14792823791504	nan	2.0
325.1590585708618	nan	2.0
325.1706349849701	nan	2.0
325.18283557891846	nan	2.0
325.20098304748535	nan	2.0
325.2144305706024	nan	2.0
325.226033449173	nan	2.0
325.2377417087555	nan	2.0
325.2494144439697	nan	2.0
325.26043725013733	nan	2.0
325.27173042297363	nan	2.0
325.28256273269653	nan	2.0
325.29461884498596	nan	2.0
325.3103060722351	nan	2.0
325.3246114253998	nan	2.0
325.3354663848877	nan	2.0
325.3464159965515	nan	2.0
325.35728430747986	nan	2.0
325.36829924583435	nan	2.0
325.37895345687866	nan	2.0
325.38987612724304	nan	2.0
325.4008765220642	nan	2.0
325.41237688064575	nan	2.0
325.42406392097473	nan	2.0
325.44042110443115	nan	2.0
325.45403265953064	nan	2.0
325.4656596183777	nan	2.0
325.476523399353	nan	2.0
325.48759412765503	nan	2.0
325.4987967014313	nan	2.0
325.50968861579895	nan	2.0
325.5207870006561	nan	2.0
325.5327889919281	nan	2.0
325.548353433609	nan	2.0
325.56211614608765	nan	2.0
325.57332968711853	nan	2.0
325.5841615200043	nan	2.0
325.59544014930725	nan	2.0
325.6066470146179	nan	2.0
325.61747574806213	nan	2.0
325.6285705566406	nan	2.0
325.6391317844391	nan	2.0
325.65016531944275	nan	2.0
325.6617782115936	nan	2.0
325.6763291358948	nan	2.0
325.6898856163025	nan	2.0
325.7012665271759	nan	2.0
325.7121105194092	nan	2.0
325.72351121902466	nan	2.0
325.7346034049988	nan	2.0
325.74564361572266	nan	2.0
325.75695276260376	nan	2.0
325.76824140548706	nan	2.0
325.78148221969604	nan	2.0
325.79780983924866	nan	2.0
325.80915999412537	nan	2.0
325.82018780708313	nan	2.0
325.83087515830994	nan	2.0
325.84220027923584	nan	2.0
325.8533020019531	nan	2.0
325.8641629219055	nan	2.0
325.87508606910706	nan	2.0
325.8859980106354	nan	2.0
325.8972487449646	nan	2.0
325.91048860549927	nan	2.0
325.92584013938904	nan	2.0
325.93668603897095	nan	2.0
325.94817447662354	nan	2.0
325.95886301994324	nan	2.0
325.97000551223755	nan	2.0
325.9810254573822	nan	2.0
325.99210810661316	nan	2.0
326.0032784938812	nan	2.0
326.0151364803314	nan	2.0
326.02981996536255	nan	2.0
326.04275918006897	nan	2.0
326.0537705421448	nan	2.0
326.06494998931885	nan	2.0
326.07631397247314	nan	2.0
326.0870683193207	nan	2.0
326.0978899002075	nan	2.0
326.10957193374634	nan	2.0
326.1207070350647	nan	2.0
326.1322808265686	nan	2.0
326.14389657974243	nan	2.0
326.15904116630554	nan	2.0
326.1721966266632	nan	2.0
326.1836678981781	nan	2.0
326.1948730945587	nan	2.0
326.2058103084564	nan	2.0
326.2171092033386	nan	2.0
326.22805190086365	nan	2.0
326.2385723590851	nan	2.0
326.2497048377991	nan	2.0
326.2628836631775	nan	2.0
326.2786133289337	nan	2.0
326.28955030441284	nan	2.0
326.30045533180237	nan	2.0
326.31156849861145	nan	2.0
326.3224997520447	nan	2.0
326.3336682319641	nan	2.0
326.34452056884766	nan	2.0
326.355427980423	nan	2.0
326.3662095069885	nan	2.0
326.3770523071289	nan	2.0
326.3896930217743	nan	2.0
326.40543937683105	nan	2.0
326.41692638397217	nan	2.0
326.427622795105	nan	2.0
326.43870186805725	nan	2.0
326.44996309280396	nan	2.0
326.4608838558197	nan	2.0
326.47184896469116	nan	2.0
326.4833104610443	nan	2.0
326.4952850341797	nan	2.0
326.51098585128784	nan	2.0
326.52367329597473	nan	2.0
326.5347180366516	nan	2.0
326.5458083152771	nan	2.0
326.556777715683	nan	2.0
326.56791591644287	nan	2.0
326.5786383152008	nan	2.0
326.589772939682	nan	2.0
326.6007776260376	nan	2.0
326.61195850372314	nan	2.0
326.6233401298523	nan	2.0
326.63898181915283	nan	2.0
326.6529371738434	nan	2.0
326.6644697189331	nan	2.0
326.6752984523773	nan	2.0
326.6861963272095	nan	2.0
326.69670581817627	nan	2.0
326.7075688838959	nan	2.0
326.71863865852356	nan	2.0
326.7300796508789	nan	2.0
326.74377250671387	nan	2.0
326.75935888290405	nan	2.0
326.771577835083	nan	2.0
326.7826499938965	nan	2.0
326.79411339759827	nan	2.0
326.80584239959717	nan	2.0
326.8166000843048	nan	2.0
326.8277771472931	nan	2.0
326.8395059108734	nan	2.0
326.850576877594	nan	2.0
326.8633472919464	nan	2.0
326.87913846969604	nan	2.0
326.89258432388306	nan	2.0
326.9036223888397	nan	2.0
326.9144883155823	nan	2.0
326.92560482025146	nan	2.0
326.93646931648254	nan	2.0
326.94764018058777	nan	2.0
326.95873832702637	nan	2.0
326.9705014228821	nan	2.0
326.98537397384644	nan	2.0
326.99917221069336	nan	2.0
327.01023864746094	nan	2.0
327.0214788913727	nan	2.0
327.0326142311096	nan	2.0
327.0435907840729	nan	2.0
327.0547409057617	nan	2.0
327.0657305717468	nan	2.0
327.0771119594574	nan	2.0
327.08800053596497	nan	2.0
327.0999445915222	nan	2.0
327.1152169704437	nan	2.0
327.1307849884033	nan	2.0
327.14191341400146	nan	2.0
327.1533284187317	nan	2.0
327.1645908355713	nan	2.0
327.1757662296295	nan	2.0
327.1865510940552	nan	2.0
327.19748520851135	nan	2.0
327.2093040943146	nan	2.0
327.2263960838318	nan	2.0
327.2400646209717	nan	2.0
327.25102519989014	nan	2.0
327.26201128959656	nan	2.0
327.27403569221497	nan	2.0
327.28510761260986	nan	2.0
327.2974956035614	nan	2.0
327.30871415138245	nan	2.0
327.3200047016144	nan	2.0
327.3309726715088	nan	2.0
327.3426778316498	nan	2.0
327.3586411476135	nan	2.0
327.3715400695801	nan	2.0
327.38251543045044	nan	2.0
327.3934853076935	nan	2.0
327.40430665016174	nan	2.0
327.4153800010681	nan	2.0
327.4264235496521	nan	2.0
327.4374210834503	nan	2.0
327.4488513469696	nan	2.0
327.46151423454285	nan	2.0
327.47701048851013	nan	2.0
327.48823523521423	nan	2.0
327.49924492836	nan	2.0
327.51005816459656	nan	2.0
327.5211510658264	nan	2.0
327.53222274780273	nan	2.0
327.54317021369934	nan	2.0
327.55452013015747	nan	2.0
327.56540155410767	nan	2.0
327.57712841033936	nan	2.0
327.59041714668274	nan	2.0
327.6059432029724	nan	2.0
327.6176733970642	nan	2.0
327.62890458106995	nan	2.0
327.6398718357086	nan	2.0
327.6506621837616	nan	2.0
327.66174054145813	nan	2.0
327.67285919189453	nan	2.0
327.68423438072205	nan	2.0
327.69556641578674	nan	2.0
327.710875749588	nan	2.0
327.7244944572449	nan	2.0
327.73568844795227	nan	2.0
327.7464542388916	nan	2.0
327.75749707221985	nan	2.0
327.76828241348267	nan	2.0
327.77988958358765	nan	2.0
327.79077529907227	nan	2.0
327.8020181655884	nan	2.0
327.81316590309143	nan	2.0
327.8250503540039	nan	2.0
327.8423607349396	nan	2.0
327.8542890548706	nan	2.0
327.8652925491333	nan	2.0
327.8770606517792	nan	2.0
327.8888602256775	nan	2.0
327.8998475074768	nan	2.0
327.9113335609436	nan	2.0
327.92314314842224	nan	2.0
327.93541717529297	nan	2.0
327.95122814178467	nan	2.0
327.965291261673	nan	2.0
327.97711658477783	nan	2.0
327.98853158950806	nan	2.0
328.00004482269287	nan	2.0
328.0118854045868	nan	2.0
328.0237362384796	nan	2.0
328.0352210998535	nan	2.0
328.0464162826538	nan	2.0
328.0575864315033	nan	2.0
328.070809841156	nan	2.0
328.0868036746979	nan	2.0
328.098237991333	nan	2.0
328.11020255088806	nan	2.0
328.12352442741394	nan	2.0
328.13545393943787	nan	2.0
328.14743185043335	nan	2.0
328.1589720249176	nan	2.0
328.1699728965759	nan	2.0
328.1846857070923	nan	2.0
328.19939160346985	nan	2.0
328.2116355895996	nan	2.0
328.22257447242737	nan	2.0
328.2333776950836	nan	2.0
328.24469089508057	nan	2.0
328.25522804260254	nan	2.0
328.266140460968	nan	2.0
328.2780396938324	nan	2.0
328.2899823188782	nan	2.0
328.3034179210663	nan	2.0
328.31965923309326	nan	2.0
328.3331847190857	nan	2.0
328.3443458080292	nan	2.0
328.3553931713104	nan	2.0
328.36741852760315	nan	2.0
328.3791003227234	nan	2.0
328.3909840583801	nan	2.0
328.4019305706024	nan	2.0
328.41616559028625	nan	2.0
328.43237471580505	nan	2.0
328.4465448856354	nan	2.0
328.4588589668274	nan	2.0
328.46992349624634	nan	2.0
328.4818332195282	nan	2.0
328.49326610565186	nan	2.0
328.5066821575165	nan	2.0
328.5184795856476	nan	2.0
328.53123474121094	nan	2.0
328.5468327999115	nan	2.0
328.55857515335083	nan	2.0
328.5699462890625	nan	2.0
328.58104157447815	nan	2.0
328.5915038585663	nan	2.0
328.6023864746094	nan	2.0
328.61296701431274	nan	2.0
328.6235513687134	nan	2.0
328.63522362709045	nan	2.0
328.64672470092773	nan	2.0
328.66141271591187	nan	2.0
328.67774748802185	nan	2.0
328.68901538848877	nan	2.0
328.6998212337494	nan	2.0
328.71089911460876	nan	2.0
328.7218403816223	nan	2.0
328.73293685913086	nan	2.0
328.7436418533325	nan	2.0
328.75426173210144	nan	2.0
328.7669138908386	nan	2.0
328.78199553489685	nan	2.0
328.7963035106659	nan	2.0
328.8085050582886	nan	2.0
328.819456577301	nan	2.0
328.8302297592163	nan	2.0
328.8406710624695	nan	2.0
328.85118675231934	nan	2.0
328.86209630966187	nan	2.0
328.8734428882599	nan	2.0
328.88404965400696	nan	2.0
328.8953104019165	nan	2.0
328.91230821609497	nan	2.0
328.92456793785095	nan	2.0
328.93553853034973	nan	2.0
328.9468152523041	nan	2.0
328.9576733112335	nan	2.0
328.9683105945587	nan	2.0
328.9787573814392	nan	2.0
328.99217557907104	nan	2.0
329.00298833847046	nan	2.0
329.0154585838318	nan	2.0
329.03108191490173	nan	2.0
329.04192781448364	nan	2.0
329.05286288261414	nan	2.0
329.0636010169983	nan	2.0
329.0750195980072	nan	2.0
329.0863597393036	nan	2.0
329.0979166030884	nan	2.0
329.10926580429077	nan	2.0
329.12044644355774	nan	2.0
329.13134694099426	nan	2.0
329.1461753845215	nan	2.0
329.1600081920624	nan	2.0
329.1707146167755	nan	2.0
329.1814947128296	nan	2.0
329.1921603679657	nan	2.0
329.20327401161194	nan	2.0
329.2138624191284	nan	2.0
329.2253258228302	nan	2.0
329.23658633232117	nan	2.0
329.24790263175964	nan	2.0
329.2663938999176	nan	2.0
329.2786591053009	nan	2.0
329.28940892219543	nan	2.0
329.3010106086731	nan	2.0
329.31162428855896	nan	2.0
329.3221044540405	nan	2.0
329.3325753211975	nan	2.0
329.34481143951416	nan	2.0
329.3559899330139	nan	2.0
329.36690044403076	nan	2.0
329.3800277709961	nan	2.0
329.3950288295746	nan	2.0
329.40685272216797	nan	2.0
329.4174942970276	nan	2.0
329.4281733036041	nan	2.0
329.43872809410095	nan	2.0
329.4501144886017	nan	2.0
329.4619834423065	nan	2.0
329.47268414497375	nan	2.0
329.4840486049652	nan	2.0
329.4976489543915	nan	2.0
329.512264251709	nan	2.0
329.5229432582855	nan	2.0
329.5343563556671	nan	2.0
329.5452513694763	nan	2.0
329.55639123916626	nan	2.0
329.5677909851074	nan	2.0
329.5795056819916	nan	2.0
329.5909776687622	nan	2.0
329.6018490791321	nan	2.0
329.61326122283936	nan	2.0
329.62976145744324	nan	2.0
329.64287304878235	nan	2.0
329.65364122390747	nan	2.0
329.6644968986511	nan	2.0
329.6765570640564	nan	2.0
329.687522649765	nan	2.0
329.69851994514465	nan	2.0
329.70907759666443	nan	2.0
329.71970677375793	nan	2.0
329.7319128513336	nan	2.0
329.7476978302002	nan	2.0
329.7601125240326	nan	2.0
329.77069187164307	nan	2.0
329.7827377319336	nan	2.0
329.79449582099915	nan	2.0
329.8051953315735	nan	2.0
329.8164095878601	nan	2.0
329.82755064964294	nan	2.0
329.83894658088684	nan	2.0
329.85026597976685	nan	2.0
329.8657913208008	nan	2.0
329.88025069236755	nan	2.0
329.89168548583984	nan	2.0
329.90361309051514	nan	2.0
329.914265871048	nan	2.0
329.9251821041107	nan	2.0
329.9359881877899	nan	2.0
329.94672870635986	nan	2.0
329.95800256729126	nan	2.0
329.97195267677307	nan	2.0
329.9876546859741	nan	2.0
329.9985077381134	nan	2.0
330.00919246673584	nan	2.0
330.02027320861816	nan	2.0
330.03075647354126	nan	2.0
330.0414996147156	nan	2.0
330.052170753479	nan	2.0
330.06283736228943	nan	2.0
330.0737020969391	nan	2.0
330.08479619026184	nan	2.0
330.09600257873535	nan	2.0
330.11119270324707	nan	2.0
330.1246793270111	nan	2.0
330.1365976333618	nan	2.0
330.14815378189087	nan	2.0
330.15917348861694	nan	2.0
330.1699478626251	nan	2.0
330.1813917160034	nan	2.0
330.19277930259705	nan	2.0
330.2037558555603	nan	2.0
330.21868085861206	nan	2.0
330.2341215610504	nan	2.0
330.2461085319519	nan	2.0
330.2597243785858	nan	2.0
330.27186369895935	nan	2.0
330.2850544452667	nan	2.0
330.2971694469452	nan	2.0
330.3098785877228	nan	2.0
330.3236815929413	nan	2.0
330.3390591144562	nan	2.0
330.3604967594147	nan	2.0
330.377064704895	nan	2.0
330.3923604488373	nan	2.0
330.40816926956177	nan	2.0
330.42179775238037	nan	2.0
330.43480253219604	nan	2.0
330.45030450820923	nan	2.0
330.4687469005585	nan	2.0
330.48136496543884	nan	2.0
330.4937393665314	nan	2.0
330.5057373046875	nan	2.0
330.52201318740845	nan	2.0
330.53414940834045	nan	2.0
330.547043800354	nan	2.0
330.55934953689575	nan	2.0
330.5726237297058	nan	2.0
330.5919966697693	nan	2.0
330.6060616970062	nan	2.0
330.61949253082275	nan	2.0
330.6311604976654	nan	2.0
330.64356327056885	nan	2.0
330.6558756828308	nan	2.0
330.66873002052307	nan	2.0
330.68254923820496	nan	2.0
330.70469880104065	nan	2.0
330.7210853099823	nan	2.0
330.73324155807495	nan	2.0
330.74444246292114	nan	2.0
330.7555892467499	nan	2.0
330.76944518089294	nan	2.0
330.7827887535095	nan	2.0
330.79781794548035	nan	2.0
330.80888867378235	nan	2.0
330.82281947135925	nan	2.0
