t_s	measured_width_mm	target_width_mm
0.0012974739074707031	nan	1.2
0.04348397254943848	nan	1.2
0.05681657791137695	nan	1.2
0.06841611862182617	nan	1.2
0.08000874519348145	nan	1.2
0.09129643440246582	nan	1.2
0.10268735885620117	nan	1.2
0.11332488059997559	nan	1.2
0.1245107650756836	nan	1.2
0.13649511337280273	nan	1.2
0.14783120155334473	nan	1.2
0.1589186191558838	nan	1.2
0.1708836555480957	nan	1.2
0.1855151653289795	nan	1.2
0.19757461547851562	nan	1.2
0.21053433418273926	nan	1.2
0.22202420234680176	nan	1.2
0.23391127586364746	nan	1.2
0.2445974349975586	nan	1.2
0.25553083419799805	nan	1.2
0.26673102378845215	nan	1.2
0.27854132652282715	nan	1.2
0.29161548614501953	nan	1.2
0.30344319343566895	nan	1.2
0.31478142738342285	nan	1.2
0.32642316818237305	nan	1.2
0.33704185485839844	nan	1.2
0.35085082054138184	nan	1.2
0.364147424697876	nan	1.2
0.3783073425292969	nan	1.2
0.3909451961517334	nan	1.2
0.4046962261199951	nan	1.2
0.41916489601135254	nan	1.2
0.4348881244659424	nan	1.2
0.4484591484069824	nan	1.2
0.46156811714172363	nan	1.2
0.47506237030029297	nan	1.2
0.4875774383544922	nan	1.2
0.5035202503204346	nan	1.2
0.5167081356048584	nan	1.2
0.5299456119537354	nan	1.2
0.5451655387878418	nan	1.2
0.5578658580780029	nan	1.2
0.5688769817352295	nan	1.2
0.5830898284912109	nan	1.2
0.5971636772155762	nan	1.2
0.6086022853851318	nan	1.2
0.6224930286407471	nan	1.2
0.6378161907196045	nan	1.2
0.6499338150024414	nan	1.2
0.6628327369689941	nan	1.2
0.6780741214752197	nan	1.2
0.6900675296783447	nan	1.2
0.7011516094207764	nan	1.2
0.716395378112793	nan	1.2
0.7300539016723633	nan	1.2
0.7414071559906006	nan	1.2
0.7586805820465088	nan	1.2
0.7736170291900635	nan	1.2
0.7855753898620605	nan	1.2
0.798114538192749	nan	1.2
0.813215970993042	nan	1.2
0.8264353275299072	nan	1.2
0.8391408920288086	nan	1.2
0.8541038036346436	nan	1.2
0.8691494464874268	nan	1.2
0.8818209171295166	nan	1.2
0.8947198390960693	nan	1.2
0.9096713066101074	nan	1.2
0.9208943843841553	nan	1.2
0.9309420585632324	nan	1.2
0.9455063343048096	nan	1.2
0.9572327136993408	nan	1.2
0.9685540199279785	nan	1.2
0.9794764518737793	nan	1.2
0.9904589653015137	nan	1.2
1.001129388809204	nan	1.2
1.0117597579956055	nan	1.2
1.0241873264312744	nan	1.2
1.036024570465088	nan	1.2
1.0474746227264404	nan	1.2
1.058701515197754	nan	1.2
1.0694546699523926	nan	1.2
1.0819652080535889	nan	1.2
1.093071699142456	nan	1.2
1.1042580604553223	nan	1.2
1.1173717975616455	nan	1.2
1.1287312507629395	nan	1.2
1.139984130859375	nan	1.2
1.1505732536315918	nan	1.2
1.1638081073760986	nan	1.2
1.1745483875274658	nan	1.2
1.1874167919158936	nan	1.2
1.201829195022583	nan	1.2
1.2134499549865723	nan	1.2
1.2247796058654785	nan	1.2
1.2364275455474854	nan	1.2
1.2478630542755127	nan	1.2
1.259190559387207	nan	1.2
1.2711915969848633	nan	1.2
1.2857184410095215	nan	1.2
1.2968997955322266	nan	1.2
1.3072919845581055	nan	1.2
1.3192930221557617	nan	1.2
1.3342058658599854	nan	1.2
1.3451852798461914	nan	1.2
1.3568778038024902	nan	1.2
1.3744161128997803	nan	1.2
1.3858685493469238	nan	1.2
1.398777961730957	nan	1.2
1.4132280349731445	nan	1.2
1.4259719848632812	nan	1.2
1.4364705085754395	nan	1.2
1.4497334957122803	nan	1.2
1.4648830890655518	nan	1.2
1.4768571853637695	nan	1.2
1.4923012256622314	nan	1.2
1.5076789855957031	nan	1.2
1.5185530185699463	nan	1.2
1.5301778316497803	nan	1.2
1.545417308807373	nan	1.2
1.559079647064209	nan	1.2
1.57496976852417	nan	1.2
1.587364673614502	nan	1.2
1.6000349521636963	nan	1.2
1.6125743389129639	nan	1.2
1.6264266967773438	nan	1.2
1.6413075923919678	nan	1.2
1.6538431644439697	nan	1.2
1.6662201881408691	nan	1.2
1.6797451972961426	nan	1.2
1.6918649673461914	nan	1.2
1.7038664817810059	nan	1.2
1.7188444137573242	nan	1.2
1.7323052883148193	nan	1.2
1.7447142601013184	nan	1.2
1.7579290866851807	nan	1.2
1.771610975265503	nan	1.2
1.7848594188690186	nan	1.2
1.7990806102752686	nan	1.2
1.8173086643218994	nan	1.2
1.8298251628875732	nan	1.2
1.841266393661499	nan	1.2
1.855672836303711	nan	1.2
1.8671073913574219	nan	1.2
1.8806407451629639	nan	1.2
1.8959605693817139	nan	1.2
1.9071946144104004	nan	1.2
1.917175054550171	nan	1.2
1.9310035705566406	nan	1.2
1.9439525604248047	nan	1.2
1.955453872680664	nan	1.2
1.9689505100250244	nan	1.2
1.983260154724121	nan	1.2
1.9937069416046143	nan	1.2
2.0037288665771484	nan	1.2
2.0168118476867676	nan	1.2
2.0323188304901123	nan	1.2
2.0437629222869873	nan	1.2
2.0546340942382812	nan	1.2
2.0689775943756104	nan	1.2
2.080811023712158	nan	1.2
2.0935323238372803	nan	1.2
2.1078786849975586	nan	1.2
2.119896173477173	nan	1.2
2.1312642097473145	nan	1.2
2.143960952758789	nan	1.2
2.1590683460235596	nan	1.2
2.171083927154541	nan	1.2
2.182034969329834	nan	1.2
2.196099042892456	nan	1.2
2.2076570987701416	nan	1.2
2.2188408374786377	nan	1.2
2.2312119007110596	nan	1.2
2.2460925579071045	nan	1.2
2.258103132247925	nan	1.2
2.2691123485565186	nan	1.2
2.280669689178467	nan	1.2
2.2920541763305664	nan	1.2
2.303729772567749	nan	1.2
2.314401865005493	nan	1.2
2.3259947299957275	nan	1.2
2.3373286724090576	nan	1.2
2.3485145568847656	nan	1.2
2.360335111618042	nan	1.2
2.3719685077667236	nan	1.2
2.383366823196411	nan	1.2
2.394847869873047	nan	1.2
2.4074199199676514	nan	1.2
2.421651601791382	nan	1.2
2.4373152256011963	nan	1.2
2.454259157180786	nan	1.2
2.468228578567505	nan	1.2
2.485039472579956	nan	1.2
2.500518798828125	nan	1.2
2.5169131755828857	nan	1.2
2.533567428588867	nan	1.2
2.549290180206299	nan	1.2
2.563931941986084	nan	1.2
2.580739974975586	nan	1.2
2.5987496376037598	nan	1.2
2.61397123336792	nan	1.2
2.6298093795776367	nan	1.2
2.6460773944854736	nan	1.2
2.660494327545166	nan	1.2
2.6748123168945312	nan	1.2
2.6885831356048584	nan	1.2
2.7066807746887207	nan	1.2
2.7236688137054443	nan	1.2
2.7404000759124756	nan	1.2
2.756669759750366	nan	1.2
2.7721731662750244	nan	1.2
2.7905945777893066	nan	1.2
2.8071541786193848	nan	1.2
2.821519136428833	nan	1.2
2.8368113040924072	nan	1.2
2.85256028175354	nan	1.2
2.867206335067749	nan	1.2
2.880401372909546	nan	1.2
2.8911521434783936	nan	1.2
2.905628204345703	nan	1.2
2.9208221435546875	nan	1.2
2.933279514312744	nan	1.2
2.946256399154663	nan	1.2
2.9603803157806396	nan	1.2
2.971978187561035	nan	1.2
2.9832711219787598	nan	1.2
2.9993739128112793	nan	1.2
3.0142006874084473	nan	1.2
3.027841806411743	nan	1.2
3.0418198108673096	nan	1.2
3.05602765083313	nan	1.2
3.070765256881714	nan	1.2
3.0850324630737305	nan	1.2
3.100127696990967	nan	1.2
3.114544630050659	nan	1.2
3.1255240440368652	nan	1.2
3.137428045272827	nan	1.2
3.15191912651062	nan	1.2
3.165036678314209	nan	1.2
3.176222801208496	nan	1.2
3.190516948699951	nan	1.2
3.203665256500244	nan	1.2
3.2140467166900635	nan	1.2
3.2257511615753174	nan	1.2
3.2436587810516357	nan	1.2
3.2559423446655273	nan	1.2
3.2698702812194824	nan	1.2
3.283465623855591	nan	1.2
3.2942888736724854	nan	1.2
3.306661367416382	nan	1.2
3.321676731109619	nan	1.2
3.336336851119995	nan	1.2
3.3514013290405273	nan	1.2
3.3668811321258545	nan	1.2
3.3811564445495605	nan	1.2
3.395625591278076	nan	1.2
3.4099419116973877	nan	1.2
3.4259305000305176	nan	1.2
3.4402382373809814	nan	1.2
3.454411506652832	nan	1.2
3.4691758155822754	nan	1.2
3.4841926097869873	nan	1.2
3.499570608139038	nan	1.2
3.5153398513793945	nan	1.2
3.5314202308654785	nan	1.2
3.54642653465271	nan	1.2
3.561638355255127	nan	1.2
3.574948787689209	nan	1.2
3.599931478500366	nan	1.2
3.613229990005493	nan	1.2
3.627218723297119	nan	1.2
3.641878604888916	nan	1.2
3.6563148498535156	nan	1.2
3.6707053184509277	nan	1.2
3.687873363494873	nan	1.2
3.703126907348633	nan	1.2
3.7180380821228027	nan	1.2
3.7322134971618652	nan	1.2
3.746173620223999	nan	1.2
3.7633211612701416	nan	1.2
3.779684543609619	nan	1.2
3.7953834533691406	nan	1.2
3.8092093467712402	nan	1.2
3.8237907886505127	nan	1.2
3.839750051498413	nan	1.2
3.8552348613739014	nan	1.2
3.869666814804077	nan	1.2
3.8837218284606934	nan	1.2
3.894890069961548	nan	1.2
3.9072225093841553	nan	1.2
3.9215567111968994	nan	1.2
3.935955047607422	nan	1.2
3.9479615688323975	nan	1.2
3.9626781940460205	nan	1.2
3.9768245220184326	nan	1.2
3.9877219200134277	nan	1.2
4.002674102783203	nan	1.2
4.017952919006348	nan	1.2
4.03129243850708	nan	1.2
4.046756267547607	nan	1.2
4.061388731002808	nan	1.2
4.075120210647583	nan	1.2
4.091130018234253	nan	1.2
4.105596542358398	nan	1.2
4.1204674243927	nan	1.2
4.133655071258545	nan	1.2
4.148033142089844	nan	1.2
4.161870718002319	nan	1.2
4.176291465759277	nan	1.2
4.190671682357788	nan	1.2
4.206197023391724	nan	1.2
4.217813968658447	nan	1.2
4.232838869094849	nan	1.2
4.247706651687622	nan	1.2
4.260720491409302	nan	1.2
4.275850057601929	nan	1.2
4.290030002593994	nan	1.2
4.301051139831543	nan	1.2
4.317514181137085	nan	1.2
4.33317494392395	nan	1.2
4.350222587585449	nan	1.2
4.365502595901489	nan	1.2
4.379905462265015	nan	1.2
4.395940542221069	nan	1.2
4.4109063148498535	nan	1.2
4.42557430267334	nan	1.2
4.439012289047241	nan	1.2
4.460030794143677	nan	1.2
4.476530075073242	nan	1.2
4.492037534713745	nan	1.2
4.50846266746521	nan	1.2
4.520923614501953	nan	1.2
4.5354413986206055	nan	1.2
4.548983335494995	nan	1.2
4.562972545623779	nan	1.2
4.575549125671387	nan	1.2
4.5879387855529785	nan	1.2
4.601457118988037	nan	1.2
4.616466522216797	nan	1.2
4.629430532455444	nan	1.2
4.643256187438965	nan	1.2
4.656358480453491	nan	1.2
4.667998313903809	nan	1.2
4.681944847106934	nan	1.2
4.697221279144287	nan	1.2
4.709816217422485	nan	1.2
4.722594261169434	nan	1.2
4.736030101776123	nan	1.2
4.748608589172363	nan	1.2
4.761014223098755	nan	1.2
4.7751288414001465	nan	1.2
4.789634466171265	nan	1.2
4.803266525268555	nan	1.2
4.816779375076294	nan	1.2
4.830523729324341	nan	1.2
4.8445751667022705	nan	1.2
4.8575756549835205	nan	1.2
4.871205568313599	nan	1.2
4.885457754135132	nan	1.2
4.896547079086304	nan	1.2
4.907501220703125	nan	1.2
4.919843435287476	nan	1.2
4.9324445724487305	nan	1.2
4.943917512893677	nan	1.2
4.955329895019531	nan	1.2
4.968453407287598	nan	1.2
4.980324983596802	nan	1.2
4.99113392829895	nan	1.2
5.003215551376343	nan	1.2
5.016442537307739	nan	1.2
5.028734922409058	nan	1.2
5.0424644947052	nan	1.2
5.055360555648804	nan	1.2
5.066627740859985	nan	1.2
5.077195882797241	nan	1.2
5.093480110168457	nan	1.2
5.107012748718262	nan	1.2
5.117653846740723	nan	1.2
5.128163814544678	nan	1.2
5.143119812011719	nan	1.2
5.155513286590576	nan	1.2
5.168016195297241	nan	1.2
5.181493759155273	nan	1.2
5.194447994232178	nan	1.2
5.204955339431763	nan	1.2
5.217503309249878	nan	1.2
5.233367681503296	nan	1.2
5.247514009475708	nan	1.2
5.26030421257019	nan	1.2
5.273702621459961	nan	1.2
5.286792039871216	nan	1.2
5.298910856246948	nan	1.2
5.312040567398071	nan	1.2
5.326097249984741	nan	1.2
5.339649438858032	nan	1.2
5.354409456253052	nan	1.2
5.370901346206665	nan	1.2
5.385699987411499	nan	1.2
5.399596452713013	nan	1.2
5.4137818813323975	nan	1.2
5.426832914352417	nan	1.2
5.438593149185181	nan	1.2
5.452657699584961	nan	1.2
5.4661030769348145	nan	1.2
5.4794511795043945	nan	1.2
5.49350643157959	nan	1.2
5.507358074188232	nan	1.2
5.520453929901123	nan	1.2
5.5348100662231445	nan	1.2
5.550383806228638	nan	1.2
5.565605640411377	nan	1.2
5.57974100112915	nan	1.2
5.593391180038452	nan	1.2
5.607461214065552	nan	1.2
5.621583700180054	nan	1.2
5.635383367538452	nan	1.2
5.652675151824951	nan	1.2
5.666422605514526	nan	1.2
5.679206371307373	nan	1.2
5.693095445632935	nan	1.2
5.707648754119873	nan	1.2
5.722080707550049	nan	1.2
5.735484600067139	nan	1.2
5.748151540756226	nan	1.2
5.759773015975952	nan	1.2
5.774651050567627	nan	1.2
5.788926601409912	nan	1.2
5.805086374282837	nan	1.2
5.821054935455322	nan	1.2
5.836040735244751	nan	1.2
5.8489367961883545	nan	1.2
5.863382816314697	nan	1.2
5.8766868114471436	nan	1.2
5.888197898864746	nan	1.2
5.900057077407837	nan	1.2
5.913670778274536	nan	1.2
5.926738023757935	nan	1.2
5.9406445026397705	nan	1.2
5.953696966171265	nan	1.2
5.9670634269714355	nan	1.2
5.979068040847778	nan	1.2
5.991706848144531	nan	1.2
6.0051727294921875	nan	1.2
6.018826484680176	nan	1.2
6.031254053115845	nan	1.2
6.044325828552246	nan	1.2
6.059356451034546	nan	1.2
6.07329249382019	nan	1.2
6.08801794052124	nan	1.2
6.104940414428711	nan	1.2
6.116224765777588	nan	1.2
6.12763237953186	nan	1.2
6.1412670612335205	nan	1.2
6.1548850536346436	nan	1.2
6.167564868927002	nan	1.2
6.181422710418701	nan	1.2
6.193424224853516	nan	1.2
6.203900575637817	nan	1.2
6.217472791671753	nan	1.2
6.2320826053619385	nan	1.2
6.243222713470459	nan	1.2
6.2563536167144775	nan	1.2
6.271708011627197	nan	1.2
6.283262729644775	nan	1.2
6.294574975967407	nan	1.2
6.3079118728637695	nan	1.2
6.323796033859253	nan	1.2
6.337774991989136	nan	1.2
6.350913047790527	nan	1.2
6.365868806838989	nan	1.2
6.380451202392578	nan	1.2
6.3964433670043945	nan	1.2
6.412480354309082	nan	1.2
6.428361654281616	nan	1.2
6.442488193511963	nan	1.2
6.456598281860352	nan	1.2
6.470894813537598	nan	1.2
6.484242677688599	nan	1.2
6.4979331493377686	nan	1.2
6.511831521987915	nan	1.2
6.523714303970337	nan	1.2
6.536444187164307	nan	1.2
6.550175189971924	nan	1.2
6.563239574432373	nan	1.2
6.57774543762207	nan	1.2
6.591969013214111	nan	1.2
6.605834484100342	nan	1.2
6.618967056274414	nan	1.2
6.634984493255615	nan	1.2
6.648709774017334	nan	1.2
6.6614508628845215	nan	1.2
6.676630735397339	nan	1.2
6.690848350524902	nan	1.2
6.7035369873046875	nan	1.2
6.717523574829102	nan	1.2
6.731549978256226	nan	1.2
6.74589204788208	nan	1.2
6.759387731552124	nan	1.2
6.774466276168823	nan	1.2
6.789871454238892	nan	1.2
6.803450107574463	nan	1.2
6.818040609359741	nan	1.2
6.833109140396118	nan	1.2
6.847010135650635	nan	1.2
6.862194538116455	nan	1.2
6.876131057739258	nan	1.2
6.886589527130127	nan	1.2
6.898540258407593	nan	1.2
6.913450241088867	nan	1.2
6.92744517326355	nan	1.2
6.939623594284058	nan	1.2
6.953689813613892	nan	1.2
6.967132806777954	nan	1.2
6.978012800216675	nan	1.2
6.991389274597168	nan	1.2
7.005259037017822	nan	1.2
7.018664598464966	nan	1.2
7.032940626144409	nan	1.2
7.047224760055542	nan	1.2
7.058135509490967	nan	1.2
7.071706295013428	nan	1.2
7.090428352355957	nan	1.2
7.10383415222168	nan	1.2
7.117989778518677	nan	1.2
7.132793188095093	nan	1.2
7.145743370056152	nan	1.2
7.15930700302124	nan	1.2
7.17354941368103	nan	1.2
7.186102628707886	nan	1.2
7.199617147445679	nan	1.2
7.212178945541382	nan	1.2
7.22516131401062	nan	1.2
7.238653898239136	nan	1.2
7.2520811557769775	nan	1.2
7.265822649002075	nan	1.2
7.279676914215088	nan	1.2
7.302563190460205	nan	1.2
7.316612005233765	nan	1.2
7.329936265945435	nan	1.2
7.34816575050354	nan	1.2
7.362795114517212	nan	1.2
7.3769001960754395	nan	1.2
7.390582084655762	nan	1.2
7.40492844581604	nan	1.2
7.418550729751587	nan	1.2
7.432597875595093	nan	1.2
7.447768449783325	nan	1.2
7.460753679275513	nan	1.2
7.475506067276001	nan	1.2
7.494976282119751	nan	1.2
7.508229732513428	nan	1.2
7.522817373275757	nan	1.2
7.537477254867554	nan	1.2
7.553478240966797	nan	1.2
7.567427158355713	nan	1.2
7.582528352737427	nan	1.2
7.597561836242676	nan	1.2
7.614221572875977	nan	1.2
7.628380060195923	nan	1.2
7.6434690952301025	nan	1.2
7.655771255493164	nan	1.2
7.670707941055298	nan	1.2
7.687053918838501	nan	1.2
7.701023817062378	nan	1.2
7.719921827316284	nan	1.2
7.734464645385742	nan	1.2
7.746477842330933	nan	1.2
7.76031756401062	nan	1.2
7.775534629821777	nan	1.2
7.7908241748809814	nan	1.2
7.804807424545288	nan	1.2
7.819409370422363	nan	1.2
7.833421468734741	nan	1.2
7.848472833633423	nan	1.2
7.864120721817017	nan	1.2
7.879326343536377	nan	1.2
7.891681432723999	nan	1.2
7.905234336853027	nan	1.2
7.9198572635650635	nan	1.2
7.93281102180481	nan	1.2
7.94690728187561	nan	1.2
7.961748123168945	nan	1.2
7.972618818283081	nan	1.2
7.98376202583313	nan	1.2
7.998286008834839	nan	1.2
8.012342929840088	nan	1.2
8.023804903030396	nan	1.2
8.03822374343872	nan	1.2
8.052455186843872	nan	1.2
8.064502000808716	nan	1.2
8.078053951263428	nan	1.2
8.09345817565918	nan	1.2
8.106406927108765	nan	1.2
8.121046543121338	nan	1.2
8.135511636734009	nan	1.2
8.146635293960571	nan	1.2
8.160861253738403	nan	1.2
8.181816816329956	nan	1.2
8.19381856918335	nan	1.2
8.208052158355713	nan	1.2
8.223525524139404	nan	1.2
8.237495422363281	nan	1.2
8.251387119293213	nan	1.2
8.266644477844238	nan	1.2
8.279268980026245	nan	1.2
8.293599367141724	nan	1.2
8.308777332305908	nan	1.2
8.32407021522522	nan	1.2
8.33674144744873	nan	1.2
8.350597858428955	nan	1.2
8.366445779800415	nan	1.2
8.38162088394165	nan	1.2
8.398644208908081	nan	1.2
8.41672396659851	nan	1.2
8.430327892303467	nan	1.2
8.44665241241455	nan	1.2
8.464834451675415	nan	1.2
8.505226373672485	nan	1.2
8.523628950119019	nan	1.2
8.541527271270752	nan	1.2
8.558233737945557	nan	1.2
8.575378179550171	nan	1.2
8.590294361114502	nan	1.2
8.609402656555176	nan	1.2
8.625276803970337	nan	1.2
8.640521049499512	nan	1.2
8.657540798187256	nan	1.2
8.673336029052734	nan	1.2
8.690143823623657	nan	1.2
8.7060227394104	nan	1.2
8.72524094581604	nan	1.2
8.742173433303833	nan	1.2
8.75727891921997	nan	1.2
8.772974491119385	nan	1.2
8.789035558700562	nan	1.2
8.806690216064453	nan	1.2
8.824144124984741	nan	1.2
8.838332414627075	nan	1.2
8.854541778564453	nan	1.2
8.870369672775269	nan	1.2
8.88652515411377	nan	1.2
8.899400472640991	nan	1.2
8.913757801055908	nan	1.2
8.928431749343872	nan	1.2
8.943158149719238	nan	1.2
8.956640481948853	nan	1.2
8.969586610794067	nan	1.2
8.984092235565186	nan	1.2
8.99937891960144	nan	1.2
9.014572620391846	nan	1.2
9.026574850082397	nan	1.2
9.039256811141968	nan	1.2
9.05269980430603	nan	1.2
9.06525182723999	nan	1.2
9.079006910324097	nan	1.2
9.091895580291748	nan	1.2
9.1036217212677	nan	1.2
9.114141702651978	nan	1.2
9.126927852630615	nan	1.2
9.140409708023071	nan	1.2
9.15187954902649	nan	1.2
9.16374158859253	nan	1.2
9.17683744430542	nan	1.2
9.18871283531189	nan	1.2
9.199941396713257	nan	1.2
9.21261739730835	nan	1.2
9.225862503051758	nan	1.2
9.236943006515503	nan	1.2
9.248954057693481	nan	1.2
9.263064861297607	nan	1.2
9.275583982467651	nan	1.2
9.286741018295288	nan	1.2
9.298924446105957	nan	1.2
9.311613321304321	nan	1.2
9.32394027709961	nan	1.2
9.336729526519775	nan	1.2
9.35126280784607	nan	1.2
9.364363670349121	nan	1.2
9.378880500793457	nan	1.2
9.393282413482666	nan	1.2
9.408327341079712	nan	1.2
9.421592950820923	nan	1.2
9.433330059051514	nan	1.2
9.446319818496704	nan	1.2
9.460400342941284	nan	1.2
9.474098920822144	nan	1.2
9.488772869110107	nan	1.2
9.504250764846802	nan	1.2
9.515151023864746	nan	1.2
9.52742314338684	nan	1.2
9.541797876358032	nan	1.2
9.55530309677124	nan	1.2
9.568752765655518	nan	1.2
9.583859205245972	nan	1.2
9.596389532089233	nan	1.2
9.608712911605835	nan	1.2
9.62414002418518	nan	1.2
9.637052059173584	nan	1.2
9.648223161697388	nan	1.2
9.661582708358765	nan	1.2
9.674959897994995	nan	1.2
9.688499450683594	nan	1.2
9.701509237289429	nan	1.2
9.715275526046753	nan	1.2
9.728298425674438	nan	1.2
9.741322755813599	nan	1.2
9.754382610321045	nan	1.2
9.76809549331665	nan	1.2
9.782236814498901	nan	1.2
9.794793605804443	nan	1.2
9.80722427368164	nan	1.2
9.821444034576416	nan	1.2
9.83561635017395	nan	1.2
9.848544836044312	nan	1.2
9.866437911987305	nan	1.2
9.877630710601807	nan	1.2
9.887753963470459	nan	1.2
9.90125823020935	nan	1.2
9.914618492126465	nan	1.2
9.926115274429321	nan	1.2
9.938555240631104	nan	1.2
9.951478004455566	nan	1.2
9.962760210037231	nan	1.2
9.973553895950317	nan	1.2
9.986303567886353	nan	1.2
9.999772071838379	nan	1.2
10.01238751411438	nan	1.2
10.026078939437866	nan	1.2
10.039369821548462	nan	1.2
10.050840616226196	nan	1.2
10.062471151351929	nan	1.2
10.075993776321411	nan	1.2
10.089486122131348	nan	1.2
10.103873014450073	nan	1.2
10.116079807281494	nan	1.2
10.129368305206299	nan	1.2
10.142331838607788	nan	1.2
10.154882431030273	nan	1.2
10.169205904006958	nan	1.2
10.18292760848999	nan	1.2
10.194040536880493	nan	1.2
10.205860137939453	nan	1.2
10.218692064285278	nan	1.2
10.231263875961304	nan	1.2
10.244016408920288	nan	1.2
10.258145809173584	nan	1.2
10.271623849868774	nan	1.2
10.282638549804688	nan	1.2
10.2932448387146	nan	1.2
10.306404829025269	nan	1.2
10.319156408309937	nan	1.2
10.330924034118652	nan	1.2
10.343872547149658	nan	1.2
10.357996940612793	nan	1.2
10.37018346786499	nan	1.2
10.385701894760132	nan	1.2
10.400121212005615	nan	1.2
10.415109157562256	nan	1.2
10.427713632583618	nan	1.2
10.441916227340698	nan	1.2
10.456896781921387	nan	1.2
10.47140622138977	nan	1.2
10.486215591430664	nan	1.2
10.499687671661377	nan	1.2
10.514487504959106	nan	1.2
10.529748439788818	nan	1.2
10.54426383972168	nan	1.2
10.558161735534668	nan	1.2
10.570544242858887	nan	1.2
10.585041522979736	nan	1.2
10.5990149974823	nan	1.2
10.612125396728516	nan	1.2
10.629249095916748	nan	1.2
10.643306732177734	nan	1.2
10.655598878860474	nan	1.2
10.668688535690308	nan	1.2
10.6835355758667	nan	1.2
10.697691917419434	nan	1.2
10.71213412284851	nan	1.2
10.726166248321533	nan	1.2
10.739924669265747	nan	1.2
10.752908945083618	nan	1.2
10.766912937164307	nan	1.2
10.780829668045044	nan	1.2
10.795176029205322	nan	1.2
10.808998346328735	nan	1.2
10.823325157165527	nan	1.2
10.837713241577148	nan	1.2
10.851736307144165	nan	1.2
10.865922927856445	nan	1.2
10.879100561141968	nan	1.2
10.890352010726929	nan	1.2
10.903904438018799	nan	1.2
10.919524908065796	nan	1.2
10.930513620376587	nan	1.2
10.944307088851929	nan	1.2
10.957797288894653	nan	1.2
10.96851372718811	nan	1.2
10.979138851165771	nan	1.2
10.99293851852417	nan	1.2
11.006665468215942	nan	1.2
11.01918649673462	nan	1.2
11.032783508300781	nan	1.2
11.045034170150757	nan	1.2
11.056166172027588	nan	1.2
11.067326545715332	nan	1.2
11.080919981002808	nan	1.2
11.094930171966553	nan	1.2
11.108184099197388	nan	1.2
11.121956825256348	nan	1.2
11.134517908096313	nan	1.2
11.145870923995972	nan	1.2
11.159116506576538	nan	1.2
11.17252492904663	nan	1.2
11.183986186981201	nan	1.2
11.19639801979065	nan	1.2
11.209694623947144	nan	1.2
11.222292423248291	nan	1.2
11.234324216842651	nan	1.2
11.248282194137573	nan	1.2
11.261192560195923	nan	1.2
11.273289203643799	nan	1.2
11.28670883178711	nan	1.2
11.299755811691284	nan	1.2
11.312897205352783	nan	1.2
11.325949668884277	nan	1.2
11.337932825088501	nan	1.2
11.35073471069336	nan	1.2
11.365801572799683	nan	1.2
11.380813837051392	nan	1.2
11.395147800445557	nan	1.2
11.408105373382568	nan	1.2
11.419863939285278	nan	1.2
11.435327053070068	nan	1.2
11.449910402297974	nan	1.2
11.463491678237915	nan	1.2
11.483872890472412	nan	1.2
11.497135639190674	nan	1.2
11.509116411209106	nan	1.2
11.52379846572876	nan	1.2
11.53821587562561	nan	1.2
11.553058385848999	nan	1.2
11.568301677703857	nan	1.2
11.582202196121216	nan	1.2
11.594344854354858	nan	1.2
11.607461214065552	nan	1.2
11.626149654388428	nan	1.2
11.640430688858032	nan	1.2
11.654036045074463	nan	1.2
11.668991088867188	nan	1.2
11.683614492416382	nan	1.2
11.697668313980103	nan	1.2
11.711531400680542	nan	1.2
11.725624322891235	nan	1.2
11.737818956375122	nan	1.2
11.752605199813843	nan	1.2
11.766313791275024	nan	1.2
11.779032707214355	nan	1.2
11.792545318603516	nan	1.2
11.806433200836182	nan	1.2
11.81879734992981	nan	1.2
11.830867528915405	nan	1.2
11.846215963363647	nan	1.2
11.860601663589478	nan	1.2
11.875402212142944	nan	1.2
11.889160871505737	nan	1.2
11.902702569961548	nan	1.2
11.914087057113647	nan	1.2
11.92794418334961	nan	1.2
11.941436290740967	nan	1.2
11.952571868896484	nan	1.2
11.966104507446289	nan	1.2
11.979804039001465	nan	1.2
11.992594718933105	nan	1.2
12.005634069442749	nan	1.2
12.018670082092285	nan	1.2
12.033146381378174	nan	1.2
12.044770956039429	nan	1.2
12.058309555053711	nan	1.2
12.072644472122192	nan	1.2
12.086747646331787	nan	1.2
12.09992265701294	nan	1.2
12.11342191696167	nan	1.2
12.128045320510864	nan	1.2
12.14128041267395	nan	1.2
12.155028820037842	nan	1.2
12.169169664382935	nan	1.2
12.181167125701904	nan	1.2
12.193434715270996	nan	1.2
12.207267761230469	nan	1.2
12.220654249191284	nan	1.2
12.233177185058594	nan	1.2
12.24734902381897	nan	1.2
12.259434938430786	nan	1.2
12.270983457565308	nan	1.2
12.283375024795532	nan	1.2
12.297295093536377	nan	1.2
12.309543132781982	nan	1.2
12.322735786437988	nan	1.2
12.337009191513062	nan	1.2
12.353065252304077	nan	1.2
12.368236541748047	nan	1.2
12.38440728187561	nan	1.2
12.39863133430481	nan	1.2
12.413355350494385	nan	1.2
12.428112745285034	nan	1.2
12.442049741744995	nan	1.2
12.456650972366333	nan	1.2
12.471385955810547	nan	1.2
12.486090898513794	nan	1.2
12.498133659362793	nan	1.2
12.511414289474487	nan	1.2
12.525920629501343	nan	1.2
12.540509700775146	nan	1.2
12.5547456741333	nan	1.2
12.569244384765625	nan	1.2
12.581461429595947	nan	1.2
12.592443943023682	nan	1.2
12.606877565383911	nan	1.2
12.620751142501831	nan	1.2
12.634292602539062	nan	1.2
12.649969816207886	nan	1.2
12.664421081542969	nan	1.2
12.675698518753052	nan	1.2
12.690163373947144	nan	1.2
12.705858945846558	nan	1.2
12.718132734298706	nan	1.2
12.732208013534546	nan	1.2
12.746992349624634	nan	1.2
12.759903907775879	nan	1.2
12.773788928985596	nan	1.2
12.788023233413696	nan	1.2
12.800476789474487	nan	1.2
12.81441855430603	nan	1.2
12.829615592956543	nan	1.2
12.844621181488037	nan	1.2
12.8587327003479	nan	1.2
12.872568130493164	nan	1.2
12.887038707733154	nan	1.2
12.9011709690094	nan	1.2
12.913613319396973	nan	1.2
12.927577018737793	nan	1.2
12.94157099723816	nan	1.2
12.952757596969604	nan	1.2
12.966381788253784	nan	1.2
12.979949235916138	nan	1.2
12.993071556091309	nan	1.2
13.006386518478394	nan	1.2
13.020610332489014	nan	1.2
13.031750917434692	nan	1.2
13.042383193969727	nan	1.2
13.055369853973389	nan	1.2
13.069463014602661	nan	1.2
13.081984043121338	nan	1.2
13.095985412597656	nan	1.2
13.109951972961426	nan	1.2
13.122294187545776	nan	1.2
13.136932849884033	nan	1.2
13.15153169631958	nan	1.2
13.166177988052368	nan	1.2
13.178875923156738	nan	1.2
13.192529916763306	nan	1.2
13.207412481307983	nan	1.2
13.22132420539856	nan	1.2
13.23503041267395	nan	1.2
13.249103784561157	nan	1.2
13.261815786361694	nan	1.2
13.272506713867188	nan	1.2
13.284558057785034	nan	1.2
13.298277854919434	nan	1.2
13.311230182647705	nan	1.2
13.32463002204895	nan	1.2
13.33881139755249	nan	1.2
13.35430645942688	nan	1.2
13.370350122451782	nan	1.2
13.386961936950684	nan	1.2
13.40330696105957	nan	1.2
13.4174644947052	nan	1.2
13.431700229644775	nan	1.2
13.446069478988647	nan	1.2
13.460348844528198	nan	1.2
13.475116729736328	nan	1.2
13.489022970199585	nan	1.2
13.503496885299683	nan	1.2
13.518180847167969	nan	1.2
13.534367084503174	nan	1.2
13.548382043838501	nan	1.2
13.561237096786499	nan	1.2
13.577317714691162	nan	1.2
13.59244704246521	1.458057534602188	1.2
13.60663366317749	1.458057534602188	1.2
13.626168489456177	1.458057534602188	1.2
13.639056921005249	1.459824146842577	1.2
13.650911331176758	1.459824146842577	1.2
13.668565034866333	1.459824146842577	1.2
13.683339357376099	1.4606275052385667	1.2
13.698194980621338	1.4606275052385667	1.2
13.712432861328125	1.4606275052385667	1.2
13.727946519851685	1.4600970875319763	1.2
13.743727445602417	1.4600970875319763	1.2
13.759761571884155	1.4600970875319763	1.2
13.775339365005493	1.4591892871988172	1.2
13.789280891418457	1.4591892871988172	1.2
13.804118871688843	1.4591892871988172	1.2
13.819299936294556	1.4583955230593917	1.2
13.834110975265503	1.4583955230593917	1.2
13.848267555236816	1.4583955230593917	1.2
13.86458134651184	1.4583955230593917	1.2
13.878852367401123	1.457583023319005	1.2
13.89046859741211	1.457583023319005	1.2
13.909115552902222	1.457583023319005	1.2
13.922229766845703	1.45731412317934	1.2
13.934590578079224	1.45731412317934	1.2
13.950186967849731	1.45731412317934	1.2
13.962845087051392	1.4573659614146341	1.2
13.973350286483765	1.4573659614146341	1.2
13.986930847167969	1.4573659614146341	1.2
14.001532077789307	1.4573659614146341	1.2
14.015679836273193	1.4575938876843104	1.2
14.030584812164307	1.4575938876843104	1.2
14.045019626617432	1.4575938876843104	1.2
14.057728290557861	1.4580156992015225	1.2
14.072114706039429	1.4580156992015225	1.2
14.08652949333191	1.4580156992015225	1.2
14.101731061935425	1.4579203329477097	1.2
14.114457130432129	1.4579203329477097	1.2
14.127039909362793	1.4579203329477097	1.2
14.141461849212646	1.4581344418516262	1.2
14.153450012207031	1.4581344418516262	1.2
14.165191411972046	1.4581344418516262	1.2
14.178234338760376	1.4581344418516262	1.2
14.190945386886597	1.4599090290285621	1.2
14.201688289642334	1.4599090290285621	1.2
14.213598251342773	1.4599090290285621	1.2
14.227291822433472	1.4599090290285621	1.2
14.240078210830688	1.4630723157668823	1.2
14.450902938842773	1.4720979599294868	1.2
14.473188638687134	1.4720979599294868	1.2
14.489972829818726	1.4729395844691953	1.2
14.50374722480774	1.4729395844691953	1.2
14.520308494567871	1.4729395844691953	1.2
14.536129236221313	1.4729395844691953	1.2
14.553629636764526	1.4734292094160717	1.2
14.571414232254028	1.4734292094160717	1.2
14.587687492370605	1.4732190397851732	1.2
14.604326725006104	1.4732190397851732	1.2
14.621335744857788	1.4732190397851732	1.2
14.636754751205444	1.473268620345711	1.2
14.64913272857666	1.473268620345711	1.2
14.666007280349731	1.473268620345711	1.2
14.682972431182861	1.4730618109510794	1.2
14.696797132492065	1.4730618109510794	1.2
14.712027788162231	1.4730618109510794	1.2
14.729609966278076	1.4730618109510794	1.2
14.743797063827515	1.4724803187118645	1.2
14.76220965385437	1.4724803187118645	1.2
14.780018329620361	1.4720836277497653	1.2
14.794147968292236	1.4720836277497653	1.2
14.807041645050049	1.4720836277497653	1.2
14.820507526397705	1.4720836277497653	1.2
14.836849451065063	1.4723633288367217	1.2
14.848279237747192	1.4723633288367217	1.2
14.86434555053711	1.4723633288367217	1.2
14.878590822219849	1.4729164757450375	1.2
14.890096426010132	1.4729164757450375	1.2
14.901857614517212	1.4729164757450375	1.2
14.916331768035889	1.4729164757450375	1.2
14.928465604782104	1.4739173287012233	1.2
14.939778327941895	1.4739173287012233	1.2
14.952304601669312	1.4739173287012233	1.2
14.966842651367188	1.475474233915659	1.2
14.977728605270386	1.475474233915659	1.2
14.98921537399292	1.475474233915659	1.2
15.003706455230713	1.475474233915659	1.2
15.015040397644043	1.4773641200901915	1.2
15.025214433670044	1.4773641200901915	1.2
15.036609888076782	1.4773641200901915	1.2
15.051045656204224	1.4773641200901915	1.2
15.06394648551941	1.4799704679250492	1.2
15.074951648712158	1.4799704679250492	1.2
15.086127996444702	1.4799704679250492	1.2
15.098355293273926	1.4799704679250492	1.2
15.110549211502075	1.4834126506138037	1.2
15.122870206832886	1.4834126506138037	1.2
15.135046005249023	1.4834126506138037	1.2
15.147200107574463	1.4872592194442946	1.2
15.15873670578003	1.4872592194442946	1.2
15.169721364974976	1.4872592194442946	1.2
15.180710792541504	1.4872592194442946	1.2
15.193597555160522	1.4909246384003383	1.2
15.204932451248169	1.4909246384003383	1.2
15.216606140136719	1.4909246384003383	1.2
15.229310989379883	1.4909246384003383	1.2
15.242153406143188	1.4948858538640988	1.2
15.253215312957764	1.4948858538640988	1.2
15.264055013656616	1.4948858538640988	1.2
15.276452541351318	1.4948858538640988	1.2
15.288982629776001	1.498410988303458	1.2
15.300069808959961	1.498410988303458	1.2
15.314539432525635	1.498410988303458	1.2
15.328511953353882	1.5012534080910231	1.2
15.339229345321655	1.5012534080910231	1.2
15.34989333152771	1.5012534080910231	1.2
15.362207174301147	1.5012534080910231	1.2
15.376980304718018	1.5049023235878203	1.2
15.389834642410278	1.5049023235878203	1.2
15.401397228240967	1.5049023235878203	1.2
15.415940999984741	1.5049023235878203	1.2
15.427555799484253	1.5081166108858102	1.2
15.439577341079712	1.5081166108858102	1.2
15.454255104064941	1.5081166108858102	1.2
15.468608856201172	1.5108958627581646	1.2
15.481187105178833	1.5108958627581646	1.2
15.493467092514038	1.5108958627581646	1.2
15.505959033966064	1.5108958627581646	1.2
15.519313335418701	1.5130460430941328	1.2
15.532164573669434	1.5130460430941328	1.2
15.545052289962769	1.5130460430941328	1.2
15.560048818588257	1.5130460430941328	1.2
15.572789907455444	1.5129217092106817	1.2
15.583330154418945	1.5129217092106817	1.2
15.59671950340271	1.5129217092106817	1.2
15.611180543899536	1.5122942107299526	1.2
15.623931407928467	1.5122942107299526	1.2
15.636507987976074	1.5122942107299526	1.2
15.650532484054565	1.5122942107299526	1.2
15.662132263183594	1.5111819970767801	1.2
15.67372727394104	1.5111819970767801	1.2
15.685880661010742	1.5111819970767801	1.2
15.70047116279602	1.5111819970767801	1.2
15.711193561553955	1.5103667638408482	1.2
15.722620248794556	1.5103667638408482	1.2
15.738373517990112	1.5103667638408482	1.2
15.752667903900146	1.508262945756393	1.2
15.764729022979736	1.508262945756393	1.2
15.777200937271118	1.508262945756393	1.2
15.78993272781372	1.5054866015700499	1.2
15.801762819290161	1.5054866015700499	1.2
15.813633680343628	1.5054866015700499	1.2
15.828304767608643	1.5054866015700499	1.2
15.841954231262207	1.5021068910870992	1.2
15.853963613510132	1.5021068910870992	1.2
15.865307807922363	1.5021068910870992	1.2
15.876504182815552	1.5021068910870992	1.2
15.888866424560547	1.498218870738262	1.2
15.900154113769531	1.498218870738262	1.2
15.91123652458191	1.498218870738262	1.2
15.925569772720337	1.498218870738262	1.2
15.937117099761963	1.4946532046886505	1.2
15.947144746780396	1.4946532046886505	1.2
15.958194255828857	1.4946532046886505	1.2
15.97254729270935	1.4946532046886505	1.2
15.984570503234863	1.491593858699673	1.2
15.995675563812256	1.491593858699673	1.2
16.009273529052734	1.491593858699673	1.2
16.022430896759033	1.4890770926269783	1.2
16.033015251159668	1.4890770926269783	1.2
16.04449725151062	1.4890770926269783	1.2
16.059697151184082	1.4890770926269783	1.2
16.071959495544434	1.4872534963932782	1.2
16.082958459854126	1.4872534963932782	1.2
16.0949809551239	1.4872534963932782	1.2
16.10711145401001	1.4872534963932782	1.2
16.118446111679077	1.485250601317429	1.2
16.129331827163696	1.485250601317429	1.2
16.143301248550415	1.485250601317429	1.2
16.155859231948853	1.482448211402498	1.2
16.167173147201538	1.482448211402498	1.2
16.17792010307312	1.482448211402498	1.2
16.188726663589478	1.482448211402498	1.2
16.20163631439209	1.4819766567984753	1.2
16.212950944900513	1.4819766567984753	1.2
16.224760055541992	1.4819766567984753	1.2
16.238673448562622	1.4819766567984753	1.2
16.25195288658142	1.4822409000032233	1.2
16.262658834457397	1.4822409000032233	1.2
16.274510622024536	1.4822409000032233	1.2
16.287550449371338	1.4822409000032233	1.2
16.29942750930786	1.482469132699182	1.2
16.310617208480835	1.482469132699182	1.2
16.32523775100708	1.482469132699182	1.2
16.338056564331055	1.482761569034586	1.2
16.348517894744873	1.482761569034586	1.2
16.359145879745483	1.482761569034586	1.2
16.37440800666809	1.482761569034586	1.2
16.388166666030884	1.4829266223308188	1.2
16.400762796401978	1.4829266223308188	1.2
16.414427995681763	1.4829266223308188	1.2
16.428328037261963	1.4834572510520094	1.2
16.4413104057312	1.4834572510520094	1.2
16.453834533691406	1.4834572510520094	1.2
16.468162298202515	1.4834572510520094	1.2
16.480435848236084	1.4847672061974961	1.2
16.493135452270508	1.4847672061974961	1.2
16.507269144058228	1.4847672061974961	1.2
16.522914171218872	1.4857562348636286	1.2
16.535302877426147	1.4857562348636286	1.2
16.54633402824402	1.4857562348636286	1.2
16.55824589729309	1.4857562348636286	1.2
16.571657419204712	1.4870241211023028	1.2
16.584546089172363	1.4870241211023028	1.2
16.596702814102173	1.4870241211023028	1.2
16.61109709739685	1.4870241211023028	1.2
16.624982357025146	1.488342089334169	1.2
16.636830806732178	1.488342089334169	1.2
16.64894413948059	1.488342089334169	1.2
16.664026498794556	1.488342089334169	1.2
16.676843404769897	1.488629413261037	1.2
16.688947677612305	1.488629413261037	1.2
16.704230308532715	1.488629413261037	1.2
16.715545415878296	1.488938190403894	1.2
16.726882457733154	1.488938190403894	1.2
16.742727279663086	1.488938190403894	1.2
16.758578777313232	1.4898824526366918	1.2
16.77207899093628	1.4898824526366918	1.2
16.784988164901733	1.4898824526366918	1.2
16.798613786697388	1.4898824526366918	1.2
16.810487031936646	1.4911655844831062	1.2
16.822362661361694	1.4911655844831062	1.2
16.83552885055542	1.4911655844831062	1.2
16.85224962234497	1.4923439299692172	1.2
16.86443591117859	1.4923439299692172	1.2
16.876098155975342	1.4923439299692172	1.2
16.88864803314209	1.4923439299692172	1.2
16.90048885345459	1.4928555511954722	1.2
16.911704540252686	1.4928555511954722	1.2
16.92389464378357	1.4928555511954722	1.2
16.938862562179565	1.4931059230592714	1.2
16.94991421699524	1.4931059230592714	1.2
16.960533380508423	1.4931059230592714	1.2
16.972668170928955	1.4931059230592714	1.2
16.986921548843384	1.4929084754241362	1.2
16.997905731201172	1.4929084754241362	1.2
17.00882601737976	1.4929084754241362	1.2
17.02286148071289	1.4929084754241362	1.2
17.035061836242676	1.4926732564120209	1.2
17.046229124069214	1.4926732564120209	1.2
17.059508800506592	1.4926732564120209	1.2
17.07468032836914	1.492773656182908	1.2
17.087347984313965	1.492773656182908	1.2
17.098669052124023	1.492773656182908	1.2
17.11106276512146	1.492773656182908	1.2
17.12318229675293	1.4937886634322866	1.2
17.1350679397583	1.4937886634322866	1.2
17.148114442825317	1.4937886634322866	1.2
17.162455320358276	1.494926665444359	1.2
17.173882961273193	1.494926665444359	1.2
17.184913158416748	1.494926665444359	1.2
17.195963144302368	1.494926665444359	1.2
17.209331274032593	1.495329214497993	1.2
17.22102427482605	1.495329214497993	1.2
17.232579708099365	1.495329214497993	1.2
17.24395775794983	1.495329214497993	1.2
17.256684064865112	1.496106601837647	1.2
17.26810312271118	1.496106601837647	1.2
17.280088663101196	1.496106601837647	1.2
17.292400360107422	1.496106601837647	1.2
17.30531883239746	1.4980181978271279	1.2
17.31640338897705	1.4980181978271279	1.2
17.328853845596313	1.4980181978271279	1.2
17.342880487442017	1.5004567612599637	1.2
17.35461187362671	1.5004567612599637	1.2
17.367289543151855	1.5004567612599637	1.2
17.382415294647217	1.5004567612599637	1.2
17.395570278167725	1.5031630772012758	1.2
17.406673669815063	1.5031630772012758	1.2
17.420697450637817	1.5031630772012758	1.2
17.436039686203003	1.506259047596013	1.2
17.44844698905945	1.506259047596013	1.2
17.463268756866455	1.506259047596013	1.2
17.47736406326294	1.506259047596013	1.2
17.489673137664795	1.5088504875798332	1.2
17.500730752944946	1.5088504875798332	1.2
17.51646661758423	1.5088504875798332	1.2
17.529343366622925	1.5108264406121432	1.2
17.54144310951233	1.5108264406121432	1.2
17.55495047569275	1.5108264406121432	1.2
17.567809343338013	1.5108264406121432	1.2
17.579784154891968	1.5132085901821295	1.2
17.59277629852295	1.5132085901821295	1.2
17.60828137397766	1.5132085901821295	1.2
17.624026775360107	1.5154942715677406	1.2
17.635637283325195	1.5154942715677406	1.2
17.64691400527954	1.5154942715677406	1.2
17.660488605499268	1.5154942715677406	1.2
17.673396825790405	1.5176812937684037	1.2
17.68669104576111	1.5176812937684037	1.2
17.70223093032837	1.5176812937684037	1.2
17.716553926467896	1.52040328645665	1.2
17.727051496505737	1.52040328645665	1.2
17.738653659820557	1.52040328645665	1.2
17.75553560256958	1.52040328645665	1.2
17.768134832382202	1.5218455922095286	1.2
17.779958724975586	1.5218455922095286	1.2
17.793553590774536	1.5218455922095286	1.2
17.806633234024048	1.5227835111468584	1.2
17.81845188140869	1.5227835111468584	1.2
17.83020567893982	1.5227835111468584	1.2
17.84431791305542	1.5227835111468584	1.2
17.858530521392822	1.5232740760623067	1.2
17.871195554733276	1.5232740760623067	1.2
17.88271999359131	1.5232740760623067	1.2
17.895331859588623	1.5232740760623067	1.2
17.908903121948242	1.5234396423055008	1.2
17.920140027999878	1.5234396423055008	1.2
17.932705879211426	1.5234396423055008	1.2
17.947666883468628	1.5248011257416738	1.2
17.959588050842285	1.5248011257416738	1.2
17.971125841140747	1.5248011257416738	1.2
17.98338270187378	1.5248011257416738	1.2
17.99728751182556	1.5265042012454226	1.2
18.007973670959473	1.5265042012454226	1.2
18.018917083740234	1.5265042012454226	1.2
18.031372785568237	1.5265042012454226	1.2
18.04660177230835	1.5266143176746145	1.2
18.057249069213867	1.5266143176746145	1.2
18.070871591567993	1.5266143176746145	1.2
18.084333896636963	1.526486142518689	1.2
18.094990253448486	1.526486142518689	1.2
18.10552144050598	1.526486142518689	1.2
18.11956548690796	1.526486142518689	1.2
18.13335108757019	1.5273659340077308	1.2
18.145203590393066	1.5273659340077308	1.2
18.15766453742981	1.5273659340077308	1.2
18.170175552368164	1.5273659340077308	1.2
18.18175482749939	1.5276721067657542	1.2
18.193010091781616	1.5276721067657542	1.2
18.20496678352356	1.5276721067657542	1.2
18.21707797050476	1.5276721067657542	1.2
18.228392839431763	1.5280050939122838	1.2
18.240480661392212	1.5280050939122838	1.2
18.251498460769653	1.5280050939122838	1.2
18.26292133331299	1.5280050939122838	1.2
18.27561902999878	1.5285675216136094	1.2
18.287408351898193	1.5285675216136094	1.2
18.30016589164734	1.5285675216136094	1.2
18.314600706100464	1.5299540578826527	1.2
18.326630115509033	1.5299540578826527	1.2
18.336827278137207	1.5299540578826527	1.2
18.350160121917725	1.5299540578826527	1.2
18.365443229675293	1.530913205173293	1.2
18.37760043144226	1.530913205173293	1.2
18.394354581832886	1.530913205173293	1.2
18.406981468200684	1.531414742718042	1.2
18.41838812828064	1.531414742718042	1.2
18.429413318634033	1.531414742718042	1.2
18.444514751434326	1.531414742718042	1.2
18.45746159553528	1.53204149839986	1.2
18.469635009765625	1.53204149839986	1.2
18.485507011413574	1.53204149839986	1.2
18.49795961380005	1.5331351686497556	1.2
18.509679794311523	1.5331351686497556	1.2
18.522486209869385	1.5331351686497556	1.2
18.537827730178833	1.5331351686497556	1.2
18.550933361053467	1.5341188545471913	1.2
18.563247442245483	1.5341188545471913	1.2
18.57622790336609	1.5341188545471913	1.2
18.591750383377075	1.5346082027251176	1.2
18.604125261306763	1.5346082027251176	1.2
18.617916345596313	1.5346082027251176	1.2
18.633681774139404	1.5356153712310598	1.2
18.646798372268677	1.5356153712310598	1.2
18.65835666656494	1.5356153712310598	1.2
18.674248695373535	1.5356153712310598	1.2
18.688655614852905	1.5373231695503875	1.2
18.702009439468384	1.5373231695503875	1.2
18.71738600730896	1.5373231695503875	1.2
18.729987621307373	1.5398344261726016	1.2
18.740835666656494	1.5398344261726016	1.2
18.754106283187866	1.5398344261726016	1.2
18.769418001174927	1.5398344261726016	1.2
18.780442237854004	1.5420123893824125	1.2
18.79419231414795	1.5420123893824125	1.2
18.808863401412964	1.5420123893824125	1.2
18.823965072631836	1.5443422895415846	1.2
18.836145401000977	1.5443422895415846	1.2
18.849132776260376	1.5443422895415846	1.2
18.861751794815063	1.5443422895415846	1.2
18.875778675079346	1.5465755191394557	1.2
18.887269973754883	1.5465755191394557	1.2
18.90145707130432	1.5465755191394557	1.2
18.916709899902344	1.5482945177349614	1.2
18.928548097610474	1.5482945177349614	1.2
18.939499378204346	1.5482945177349614	1.2
18.9542338848114	1.5482945177349614	1.2
18.965651035308838	1.5501753375438496	1.2
18.97668480873108	1.5501753375438496	1.2
18.99139952659607	1.5501753375438496	1.2
19.005439519882202	1.5524147148332268	1.2
19.016527891159058	1.5524147148332268	1.2
19.029281616210938	1.5524147148332268	1.2
19.04427480697632	1.5545043747456595	1.2
19.056459665298462	1.5545043747456595	1.2
19.067979335784912	1.5545043747456595	1.2
19.08300471305847	1.5545043747456595	1.2
19.09590768814087	1.5559187340449812	1.2
19.106796741485596	1.5559187340449812	1.2
19.122453689575195	1.5559187340449812	1.2
19.136651277542114	1.5563537140897696	1.2
19.147531270980835	1.5563537140897696	1.2
19.159688234329224	1.5563537140897696	1.2
19.18182611465454	1.5549164130677062	1.2
19.193588972091675	1.5549164130677062	1.2
19.206193685531616	1.5549164130677062	1.2
19.2196683883667	1.5549164130677062	1.2
19.23085618019104	1.552224594885888	1.2
19.24355173110962	1.552224594885888	1.2
19.255481004714966	1.552224594885888	1.2
19.26848864555359	1.552224594885888	1.2
19.2789466381073	1.5489877578775832	1.2
19.29039430618286	1.5489877578775832	1.2
19.301777362823486	1.5489877578775832	1.2
19.31510043144226	1.5458121150820703	1.2
19.32656502723694	1.5458121150820703	1.2
19.337435483932495	1.5458121150820703	1.2
19.350581645965576	1.5458121150820703	1.2
19.365682363510132	1.543404709616876	1.2
19.377903699874878	1.543404709616876	1.2
19.394192218780518	1.543404709616876	1.2
19.41053080558777	1.5397575392618112	1.2
19.42446756362915	1.5397575392618112	1.2
19.44026803970337	1.5397575392618112	1.2
19.455055713653564	1.5362411106903826	1.2
19.466625213623047	1.5362411106903826	1.2
19.478511810302734	1.5362411106903826	1.2
19.497546434402466	1.5362411106903826	1.2
19.51117253303528	1.5321495091193194	1.2
19.523833513259888	1.5321495091193194	1.2
19.537550449371338	1.5321495091193194	1.2
19.55040979385376	1.5259572559507089	1.2
19.561713695526123	1.5259572559507089	1.2
19.575438261032104	1.5259572559507089	1.2
19.591618299484253	1.5259572559507089	1.2
19.60604691505432	1.5194368787327246	1.2
19.617722511291504	1.5194368787327246	1.2
19.63078808784485	1.5194368787327246	1.2
19.6451678276062	1.5137587841210371	1.2
19.658677577972412	1.5137587841210371	1.2
19.67186951637268	1.5137587841210371	1.2
19.687461614608765	1.5137587841210371	1.2
19.701413869857788	1.5095299118203174	1.2
19.712881326675415	1.5095299118203174	1.2
19.725595712661743	1.5095299118203174	1.2
19.740367889404297	1.5068205167145625	1.2
19.752546787261963	1.5068205167145625	1.2
19.765207290649414	1.5068205167145625	1.2
19.7796630859375	1.5068205167145625	1.2
19.791795015335083	1.5018957113561089	1.2
19.804399490356445	1.5018957113561089	1.2
19.818746328353882	1.5018957113561089	1.2
19.83273220062256	1.4963102866389708	1.2
19.845598697662354	1.4963102866389708	1.2
19.85785412788391	1.4963102866389708	1.2
19.871159315109253	1.4963102866389708	1.2
19.88435935974121	1.4910738030590158	1.2
19.896277904510498	1.4910738030590158	1.2
19.911731719970703	1.4910738030590158	1.2
19.925971746444702	1.4859388593970442	1.2
19.937304973602295	1.4859388593970442	1.2
19.9482581615448	1.4859388593970442	1.2
19.962605714797974	1.4859388593970442	1.2
19.974760055541992	1.4811666198068258	1.2
19.985769033432007	1.4811666198068258	1.2
19.999804496765137	1.4811666198068258	1.2
20.01543426513672	1.4791481250404193	1.2
20.026655912399292	1.4791481250404193	1.2
20.038673639297485	1.4791481250404193	1.2
20.053563117980957	1.4791481250404193	1.2
20.06785273551941	1.479014801258184	1.2
20.07967472076416	1.479014801258184	1.2
20.092066526412964	1.479014801258184	1.2
20.10490369796753	1.479014801258184	1.2
20.118978023529053	1.479434830117552	1.2
20.13051700592041	1.479434830117552	1.2
20.14584970474243	1.479434830117552	1.2
20.15993642807007	1.4797242155747994	1.2
20.172587633132935	1.4797242155747994	1.2
20.184258937835693	1.4797242155747994	1.2
20.197287797927856	1.480420602930384	1.2
20.209535598754883	1.480420602930384	1.2
20.221543312072754	1.480420602930384	1.2
20.2329683303833	1.480420602930384	1.2
20.24590229988098	1.4834814716670577	1.2
20.258525133132935	1.4834814716670577	1.2
20.270568370819092	1.4834814716670577	1.2
20.284114599227905	1.4834814716670577	1.2
20.297040939331055	1.4861891782538839	1.2
20.308057069778442	1.4861891782538839	1.2
20.32001495361328	1.4861891782538839	1.2
20.332746505737305	1.4899625332296176	1.2
20.345444202423096	1.4899625332296176	1.2
20.357882261276245	1.4899625332296176	1.2
20.372604370117188	1.4899625332296176	1.2
20.386489868164062	1.4936667216045802	1.2
20.39838171005249	1.4936667216045802	1.2
20.413984537124634	1.4936667216045802	1.2
20.429676294326782	1.4973941753751412	1.2
20.44386887550354	1.4973941753751412	1.2
20.45751690864563	1.4973941753751412	1.2
20.471625566482544	1.4973941753751412	1.2
20.48467707633972	1.5000124603169689	1.2
20.497375965118408	1.5000124603169689	1.2
20.514734506607056	1.5000124603169689	1.2
20.52855658531189	1.49913172079091	1.2
20.54119062423706	1.49913172079091	1.2
20.55327320098877	1.49913172079091	1.2
20.56676936149597	1.4978032048926588	1.2
20.57996153831482	1.4978032048926588	1.2
20.59552240371704	1.4978032048926588	1.2
20.60987377166748	1.4960623351378906	1.2
20.62285852432251	1.4960623351378906	1.2
20.633748054504395	1.4960623351378906	1.2
20.64694857597351	1.4960623351378906	1.2
20.66068720817566	1.492936252570917	1.2
20.67496919631958	1.492936252570917	1.2
20.689440488815308	1.492936252570917	1.2
20.705955028533936	1.4887173892467414	1.2
20.717799425125122	1.4887173892467414	1.2
20.730224609375	1.4887173892467414	1.2
20.746279001235962	1.4887173892467414	1.2
20.76177167892456	1.4846988892467412	1.2
20.774611711502075	1.4846988892467412	1.2
20.788352966308594	1.4846988892467412	1.2
20.80129361152649	1.4785762194022032	1.2
20.814110040664673	1.4785762194022032	1.2
20.827537298202515	1.4785762194022032	1.2
20.84220027923584	1.4785762194022032	1.2
20.85566234588623	1.47217928238152	1.2
20.86741042137146	1.47217928238152	1.2
20.87987732887268	1.47217928238152	1.2
20.8942768573761	1.4654929424293213	1.2
20.90617823600769	1.4654929424293213	1.2
20.91791081428528	1.4654929424293213	1.2
20.932035207748413	1.4654929424293213	1.2
20.945836305618286	1.4592822907720673	1.2
20.95703411102295	1.4592822907720673	1.2
20.971571922302246	1.4592822907720673	1.2
20.9866361618042	1.4559353663420507	1.2
20.99801206588745	1.4559353663420507	1.2
21.009106159210205	1.4559353663420507	1.2
21.024491786956787	1.4559353663420507	1.2
21.03792381286621	1.4522862622226582	1.2
21.04985475540161	1.4522862622226582	1.2
21.0648512840271	1.4522862622226582	1.2
21.07776188850403	1.4487469517748972	1.2
21.089125156402588	1.4487469517748972	1.2
21.100865602493286	1.4487469517748972	1.2
21.119469165802002	1.4487469517748972	1.2
21.134027242660522	1.4453676922583647	1.2
21.146334171295166	1.4453676922583647	1.2
21.158005475997925	1.4453676922583647	1.2
21.172207593917847	1.4430333441411078	1.2
21.18505048751831	1.4430333441411078	1.2
21.19856357574463	1.4430333441411078	1.2
21.21349859237671	1.4407282317815573	1.2
21.22501039505005	1.4407282317815573	1.2
21.237531900405884	1.4407282317815573	1.2
21.249232053756714	1.4407282317815573	1.2
21.263295888900757	1.4409307135298648	1.2
21.27632451057434	1.4409307135298648	1.2
21.290332317352295	1.4409307135298648	1.2
21.30442714691162	1.441157496746648	1.2
21.315757274627686	1.441157496746648	1.2
21.327150344848633	1.441157496746648	1.2
21.34075403213501	1.441157496746648	1.2
21.354938507080078	1.4415336981610776	1.2
21.368526935577393	1.4415336981610776	1.2
21.385061502456665	1.4415336981610776	1.2
21.3981990814209	1.442679662446158	1.2
21.409131050109863	1.442679662446158	1.2
21.423457145690918	1.442679662446158	1.2
21.439680576324463	1.442679662446158	1.2
21.453632593154907	1.4422546520234114	1.2
21.467456102371216	1.4422546520234114	1.2
21.480159044265747	1.4422546520234114	1.2
21.494962453842163	1.4422762958184983	1.2
21.50847840309143	1.4422762958184983	1.2
21.523213148117065	1.4422762958184983	1.2
21.537779092788696	1.4419746664432507	1.2
21.549882411956787	1.4419746664432507	1.2
21.561660528182983	1.4419746664432507	1.2
21.574511766433716	1.4419746664432507	1.2
21.588403701782227	1.4426866040855477	1.2
21.601561784744263	1.4426866040855477	1.2
21.614439010620117	1.4426866040855477	1.2
21.629981517791748	1.4416648423126945	1.2
21.64244318008423	1.4416648423126945	1.2
21.655065298080444	1.4416648423126945	1.2
21.66883397102356	1.4416648423126945	1.2
21.684569835662842	1.440070242343478	1.2
21.696908473968506	1.440070242343478	1.2
21.712148189544678	1.440070242343478	1.2
21.725268363952637	1.4376288505226014	1.2
21.737855434417725	1.4376288505226014	1.2
21.7552011013031	1.4376288505226014	1.2
21.769011735916138	1.435363245253197	1.2
21.78195858001709	1.435363245253197	1.2
21.794456481933594	1.435363245253197	1.2
21.81048059463501	1.435363245253197	1.2
21.823123693466187	1.4320645592961374	1.2
21.834966897964478	1.4320645592961374	1.2
21.847589015960693	1.4320645592961374	1.2
21.86026883125305	1.4276017730733679	1.2
21.871959924697876	1.4276017730733679	1.2
21.885146856307983	1.4276017730733679	1.2
21.899170398712158	1.4276017730733679	1.2
21.911541223526	1.4233271468740076	1.2
21.923600673675537	1.4233271468740076	1.2
21.93557119369507	1.4233271468740076	1.2
21.949004888534546	1.4186580784705431	1.2
21.961153030395508	1.4186580784705431	1.2
21.974226713180542	1.4186580784705431	1.2
21.98812770843506	1.4186580784705431	1.2
22.001579523086548	1.414267390765462	1.2
22.012548685073853	1.414267390765462	1.2
22.02539587020874	1.414267390765462	1.2
22.039347171783447	1.4093463394517824	1.2
22.050695180892944	1.4093463394517824	1.2
22.06304121017456	1.4093463394517824	1.2
22.078158617019653	1.4093463394517824	1.2
22.090707540512085	1.4060772851039562	1.2
22.102635145187378	1.4060772851039562	1.2
22.122272968292236	1.4060772851039562	1.2
22.135406494140625	1.4026981816432496	1.2
22.147598266601562	1.4026981816432496	1.2
22.159780263900757	1.4026981816432496	1.2
22.172141551971436	1.4026981816432496	1.2
22.184152364730835	1.3995314289258585	1.2
22.19549298286438	1.3995314289258585	1.2
22.20964217185974	1.3995314289258585	1.2
22.223039388656616	1.3957858945755701	1.2
22.234853267669678	1.3957858945755701	1.2
22.2467520236969	1.3957858945755701	1.2
22.258878231048584	1.3957858945755701	1.2
22.270869970321655	1.3928116147971767	1.2
22.281945943832397	1.3928116147971767	1.2
22.296732664108276	1.3928116147971767	1.2
22.310527324676514	1.3905292904422148	1.2
22.321950674057007	1.3905292904422148	1.2
22.33349084854126	1.3905292904422148	1.2
22.34599494934082	1.3905292904422148	1.2
22.359110593795776	1.3894430807296714	1.2
22.37196636199951	1.3894430807296714	1.2
22.385186672210693	1.3894430807296714	1.2
22.40132737159729	1.38843700250557	1.2
22.41401481628418	1.38843700250557	1.2
22.426793813705444	1.38843700250557	1.2
22.444422721862793	1.38843700250557	1.2
22.457977533340454	1.3867774800336599	1.2
22.471036911010742	1.3867774800336599	1.2
22.48603081703186	1.3867774800336599	1.2
22.4986469745636	1.3849786549769787	1.2
22.510181188583374	1.3849786549769787	1.2
22.52250576019287	1.3849786549769787	1.2
22.533666133880615	1.3849786549769787	1.2
22.546481370925903	1.383089634697939	1.2
22.557958602905273	1.383089634697939	1.2
22.56979203224182	1.383089634697939	1.2
22.583526372909546	1.383089634697939	1.2
22.595726490020752	1.3824673694063319	1.2
22.606744289398193	1.3824673694063319	1.2
22.617695569992065	1.3824673694063319	1.2
22.6302227973938	1.3824673694063319	1.2
22.64118790626526	1.3814766473566424	1.2
22.65265417098999	1.3814766473566424	1.2
22.66499638557434	1.3814766473566424	1.2
22.67979145050049	1.3809126988373273	1.2
22.69171643257141	1.3809126988373273	1.2
22.701549291610718	1.3809126988373273	1.2
22.712151765823364	1.3809126988373273	1.2
22.726024389266968	1.3804116269502926	1.2
22.737685918807983	1.3804116269502926	1.2
22.750033617019653	1.3804116269502926	1.2
22.765695333480835	1.3804116269502926	1.2
22.77736783027649	1.3797128404717316	1.2
22.78815746307373	1.3797128404717316	1.2
22.801773071289062	1.3797128404717316	1.2
22.815431356430054	1.379022868439883	1.2
22.827401399612427	1.379022868439883	1.2
22.83819890022278	1.379022868439883	1.2
22.85085678100586	1.379022868439883	1.2
22.86230230331421	1.3778231949443647	1.2
22.873520851135254	1.3778231949443647	1.2
22.884438514709473	1.3778231949443647	1.2
22.8970890045166	1.3778231949443647	1.2
22.908647060394287	1.3774060699443649	1.2
22.921456575393677	1.3774060699443649	1.2
22.93164348602295	1.3774060699443649	1.2
22.942081451416016	1.3774060699443649	1.2
22.954006671905518	1.3769059977903018	1.2
22.964699268341064	1.3769059977903018	1.2
22.97535252571106	1.3769059977903018	1.2
22.987454175949097	1.3769059977903018	1.2
22.999861478805542	1.3759589828649288	1.2
23.010281085968018	1.3759589828649288	1.2
23.02108597755432	1.3759589828649288	1.2
23.034831523895264	1.3759589828649288	1.2
23.04684090614319	1.3744172110048334	1.2
23.05726432800293	1.3744172110048334	1.2
23.06781530380249	1.3744172110048334	1.2
23.08122682571411	1.3744172110048334	1.2
23.092863082885742	1.3731578470690575	1.2
23.103159427642822	1.3731578470690575	1.2
23.11406898498535	1.3731578470690575	1.2
23.128440618515015	1.3731578470690575	1.2
23.139214515686035	1.37215544542257	1.2
23.14949345588684	1.37215544542257	1.2
23.161344528198242	1.37215544542257	1.2
23.172326803207397	1.37215544542257	1.2
23.18289351463318	1.371501801520131	1.2
23.193782806396484	1.371501801520131	1.2
23.204604387283325	1.371501801520131	1.2
23.216139793395996	1.371501801520131	1.2
23.227604627609253	1.3710185157425498	1.2
23.238804578781128	1.3710185157425498	1.2
23.24905753135681	1.3710185157425498	1.2
23.25925588607788	1.3710185157425498	1.2
23.270359992980957	1.3693908417538592	1.2
23.281299829483032	1.3693908417538592	1.2
23.292105197906494	1.3693908417538592	1.2
23.302746057510376	1.3693908417538592	1.2
23.31349468231201	1.3689162302646996	1.2
23.324610233306885	1.3689162302646996	1.2
23.335154056549072	1.3689162302646996	1.2
23.3478364944458	1.3689162302646996	1.2
23.359281539916992	1.368824080402821	1.2
23.370205640792847	1.368824080402821	1.2
23.380762577056885	1.368824080402821	1.2
23.39164972305298	1.368824080402821	1.2
23.404499292373657	1.368539771245067	1.2
23.416098594665527	1.368539771245067	1.2
23.427894592285156	1.368539771245067	1.2
23.443211555480957	1.368539771245067	1.2
23.456433057785034	1.3684080700996313	1.2
23.467488527297974	1.3684080700996313	1.2
23.483636617660522	1.3684080700996313	1.2
23.498895168304443	1.3684080700996313	1.2
23.514655590057373	1.368775317853488	1.2
23.528652667999268	1.368775317853488	1.2
23.543296337127686	1.368775317853488	1.2
23.557193994522095	1.3694933425035498	1.2
23.56979012489319	1.3694933425035498	1.2
23.584654569625854	1.3694933425035498	1.2
23.599443435668945	1.369825374920327	1.2
23.612626791000366	1.369825374920327	1.2
23.62332510948181	1.369825374920327	1.2
23.635160446166992	1.369825374920327	1.2
23.648295402526855	1.3712963636777233	1.2
23.659609079360962	1.3712963636777233	1.2
23.670886278152466	1.3712963636777233	1.2
23.685271739959717	1.3712963636777233	1.2
23.696985721588135	1.3723858913242917	1.2
23.7076153755188	1.3723858913242917	1.2
23.71871566772461	1.3723858913242917	1.2
23.732824325561523	1.3723858913242917	1.2
23.7452974319458	1.3745207810824713	1.2
23.75759220123291	1.3745207810824713	1.2
23.769426107406616	1.3745207810824713	1.2
23.781317710876465	1.3745207810824713	1.2
23.79312300682068	1.3766751756450717	1.2
23.805033206939697	1.3766751756450717	1.2
23.817801237106323	1.3766751756450717	1.2
23.831382036209106	1.3778495264738009	1.2
23.8431556224823	1.3778495264738009	1.2
23.855995416641235	1.3778495264738009	1.2
23.867774486541748	1.3778495264738009	1.2
23.879843950271606	1.3790206636370774	1.2
23.89074182510376	1.3790206636370774	1.2
23.90329885482788	1.3790206636370774	1.2
23.91604471206665	1.3790206636370774	1.2
23.92786931991577	1.3783676119434474	1.2
23.938936948776245	1.3783676119434474	1.2
23.948997020721436	1.3783676119434474	1.2
23.960815906524658	1.3783676119434474	1.2
23.97238516807556	1.3778027520144884	1.2
23.983203411102295	1.3778027520144884	1.2
23.993927240371704	1.3778027520144884	1.2
24.004913330078125	1.3778027520144884	1.2
24.01618266105652	1.3765104683252392	1.2
24.027047872543335	1.3765104683252392	1.2
24.0378315448761	1.3765104683252392	1.2
24.049893140792847	1.3765104683252392	1.2
24.06262731552124	1.3755072254098668	1.2
24.07342767715454	1.3755072254098668	1.2
24.084057331085205	1.3755072254098668	1.2
24.09651207923889	1.3755072254098668	1.2
24.109004735946655	1.37194943665247	1.2
24.119356393814087	1.37194943665247	1.2
24.13069486618042	1.37194943665247	1.2
24.14383029937744	1.37194943665247	1.2
24.155080795288086	1.3681274148607028	1.2
24.1657292842865	1.3681274148607028	1.2
24.1775119304657	1.3681274148607028	1.2
24.191545009613037	1.3681274148607028	1.2
24.20210599899292	1.3635726537736486	1.2
24.215030908584595	1.3635726537736486	1.2
24.226295471191406	1.3635726537736486	1.2
24.23773503303528	1.3635726537736486	1.2
24.248922109603882	1.3580589291781475	1.2
24.260608673095703	1.3580589291781475	1.2
24.271318435668945	1.3580589291781475	1.2
24.283461332321167	1.3580589291781475	1.2
24.296186923980713	1.3524923552774126	1.2
24.30652141571045	1.3524923552774126	1.2
24.318474531173706	1.3524923552774126	1.2
24.33016061782837	1.3457644373732682	1.2
24.340744018554688	1.3457644373732682	1.2
24.351351022720337	1.3457644373732682	1.2
24.36414933204651	1.3457644373732682	1.2
24.377878665924072	1.3412634940502868	1.2
24.388684272766113	1.3412634940502868	1.2
24.400790214538574	1.3412634940502868	1.2
24.417858839035034	1.3412634940502868	1.2
24.432767868041992	1.3364127229028295	1.2
24.445289611816406	1.3364127229028295	1.2
24.45677423477173	1.3364127229028295	1.2
24.468527793884277	1.3364127229028295	1.2
24.479970932006836	1.3311660750110192	1.2
24.49113154411316	1.3311660750110192	1.2
24.502557039260864	1.3311660750110192	1.2
24.517460107803345	1.3311660750110192	1.2
24.52906346321106	1.3258437484528713	1.2
24.542441606521606	1.3258437484528713	1.2
24.55338430404663	1.3258437484528713	1.2
24.564571857452393	1.3258437484528713	1.2
24.5750675201416	1.3208851102175772	1.2
24.585634231567383	1.3208851102175772	1.2
24.59864830970764	1.3208851102175772	1.2
24.61223530769348	1.3208851102175772	1.2
24.624985456466675	1.3165749326437546	1.2
24.635989665985107	1.3165749326437546	1.2
24.648457765579224	1.3165749326437546	1.2
24.662282943725586	1.3126472677514582	1.2
24.67337465286255	1.3126472677514582	1.2
24.684385061264038	1.3126472677514582	1.2
24.69825267791748	1.3126472677514582	1.2
24.70989489555359	1.309377861598427	1.2
24.72011113166809	1.309377861598427	1.2
24.733302354812622	1.309377861598427	1.2
24.74738121032715	1.309377861598427	1.2
24.759169578552246	1.3067611204314937	1.2
24.76945161819458	1.3067611204314937	1.2
24.783111333847046	1.3067611204314937	1.2
24.797548294067383	1.3067611204314937	1.2
24.80917000770569	1.3052705263747364	1.2
24.820680618286133	1.3052705263747364	1.2
24.831735372543335	1.3052705263747364	1.2
24.84400963783264	1.303275871411056	1.2
24.854977130889893	1.303275871411056	1.2
24.866337537765503	1.303275871411056	1.2
24.880581378936768	1.303275871411056	1.2
24.893893480300903	1.3027025984723382	1.2
24.905186891555786	1.3027025984723382	1.2
24.916946172714233	1.3027025984723382	1.2
24.927615642547607	1.3027025984723382	1.2
24.93885564804077	1.3011488304884442	1.2
24.9502375125885	1.3011488304884442	1.2
24.960997343063354	1.3011488304884442	1.2
24.973334550857544	1.3011488304884442	1.2
24.985979318618774	1.2993981243761374	1.2
24.996264696121216	1.2993981243761374	1.2
25.006110668182373	1.2993981243761374	1.2
25.018330097198486	1.2993981243761374	1.2
25.031372785568237	1.297722383172179	1.2
25.042368173599243	1.297722383172179	1.2
25.05351996421814	1.297722383172179	1.2
25.07181477546692	1.2961164086722692	1.2
25.08277416229248	1.2961164086722692	1.2
25.093417644500732	1.2961164086722692	1.2
25.105659246444702	1.2961164086722692	1.2
25.119063138961792	1.2941550055481255	1.2
25.130094528198242	1.2941550055481255	1.2
25.140954971313477	1.2941550055481255	1.2
25.154670000076294	1.2941550055481255	1.2
25.166512727737427	1.2917497898429355	1.2
25.177412033081055	1.2917497898429355	1.2
25.188392162322998	1.2917497898429355	1.2
25.201338291168213	1.2917497898429355	1.2
25.213414430618286	1.2885942296479782	1.2
25.224753618240356	1.2885942296479782	1.2
25.235249042510986	1.2885942296479782	1.2
25.24587059020996	1.2885942296479782	1.2
25.257834434509277	1.2854552863689348	1.2
25.26863169670105	1.2854552863689348	1.2
25.27942681312561	1.2854552863689348	1.2
25.293156623840332	1.2854552863689348	1.2
25.3057599067688	1.2822349897587653	1.2
25.317707538604736	1.2822349897587653	1.2
25.332011938095093	1.2822349897587653	1.2
25.344013214111328	1.2822349897587653	1.2
25.356618881225586	1.277851957752428	1.2
25.3674738407135	1.277851957752428	1.2
25.3803129196167	1.277851957752428	1.2
25.395819664001465	1.2748247805464252	1.2
25.406494855880737	1.2748247805464252	1.2
25.417877435684204	1.2748247805464252	1.2
25.432984828948975	1.2748247805464252	1.2
25.446443557739258	1.2703359547019715	1.2
25.457723379135132	1.2703359547019715	1.2
25.46944785118103	1.2703359547019715	1.2
25.480481147766113	1.2703359547019715	1.2
25.492652893066406	1.2674248800714563	1.2
25.504046201705933	1.2674248800714563	1.2
25.516375303268433	1.2674248800714563	1.2
25.52903985977173	1.2674248800714563	1.2
25.540301084518433	1.2643205108558935	1.2
25.55172634124756	1.2643205108558935	1.2
25.56583309173584	1.2643205108558935	1.2
25.57841396331787	1.2617437363308968	1.2
25.589720249176025	1.2617437363308968	1.2
25.601359605789185	1.2617437363308968	1.2
25.613057613372803	1.2617437363308968	1.2
25.626237392425537	1.259462285547987	1.2
25.637537240982056	1.259462285547987	1.2
25.648531913757324	1.259462285547987	1.2
25.66419243812561	1.259462285547987	1.2
25.677047967910767	1.2580042098437618	1.2
25.687678575515747	1.2580042098437618	1.2
25.699591159820557	1.2580042098437618	1.2
25.714155912399292	1.2572749507145482	1.2
25.725590229034424	1.2572749507145482	1.2
25.73767590522766	1.2572749507145482	1.2
25.7515549659729	1.2572749507145482	1.2
25.765486001968384	1.25701852446381	1.2
25.776376008987427	1.25701852446381	1.2
25.790016174316406	1.25701852446381	1.2
25.80526065826416	1.25701852446381	1.2
25.817249059677124	1.2569245788304957	1.2
25.828434705734253	1.2569245788304957	1.2
25.84098219871521	1.2569245788304957	1.2
25.853938817977905	1.2568290441107688	1.2
25.865845441818237	1.2568290441107688	1.2
25.878486156463623	1.2568290441107688	1.2
25.891991138458252	1.2568290441107688	1.2
25.905781745910645	1.2584489548578202	1.2
25.917109966278076	1.2584489548578202	1.2
25.9274959564209	1.2584489548578202	1.2
25.938507556915283	1.2584489548578202	1.2
25.949622631072998	1.2596368857133018	1.2
25.96104097366333	1.2596368857133018	1.2
25.972309350967407	1.2596368857133018	1.2
25.98665690422058	1.2596368857133018	1.2
25.99866485595703	1.260861757260773	1.2
26.008740425109863	1.260861757260773	1.2
26.019482135772705	1.260861757260773	1.2
26.03171396255493	1.260861757260773	1.2
26.043528079986572	1.262967319309222	1.2
26.054271697998047	1.262967319309222	1.2
26.07188320159912	1.262967319309222	1.2
26.084418058395386	1.2659515004744253	1.2
26.094831228256226	1.2659515004744253	1.2
26.10581135749817	1.2659515004744253	1.2
26.11849355697632	1.2659515004744253	1.2
26.131768465042114	1.2688922643633143	1.2
26.142544269561768	1.2688922643633143	1.2
26.154650688171387	1.2688922643633143	1.2
26.16754722595215	1.2688922643633143	1.2
26.178146600723267	1.2712317484609472	1.2
26.189784288406372	1.2712317484609472	1.2
26.203767776489258	1.2712317484609472	1.2
26.2157301902771	1.2735064548569643	1.2
26.226787090301514	1.2735064548569643	1.2
26.23861026763916	1.2735064548569643	1.2
26.249580144882202	1.2735064548569643	1.2
26.260549306869507	1.2742617652284813	1.2
26.27287459373474	1.2742617652284813	1.2
26.284156560897827	1.2742617652284813	1.2
26.29554319381714	1.2742617652284813	1.2
26.306600093841553	1.2744880214993841	1.2
26.318119287490845	1.2744880214993841	1.2
26.329423427581787	1.2744880214993841	1.2
26.34079599380493	1.2744880214993841	1.2
26.353620767593384	1.2760206411422412	1.2
26.364051818847656	1.2760206411422412	1.2
26.374627828598022	1.2760206411422412	1.2
26.38544797897339	1.2760206411422412	1.2
26.397991180419922	1.2769576747013547	1.2
26.40986132621765	1.2769576747013547	1.2
26.42280149459839	1.2769576747013547	1.2
26.437732219696045	1.2769576747013547	1.2
26.450340747833252	1.2777386434255666	1.2
26.4615261554718	1.2777386434255666	1.2
26.473860263824463	1.2777386434255666	1.2
26.492772579193115	1.2774227491947974	1.2
26.50399398803711	1.2774227491947974	1.2
26.515419721603394	1.2774227491947974	1.2
26.52884602546692	1.2774227491947974	1.2
26.540440797805786	1.2758492263458883	1.2
26.551098823547363	1.2758492263458883	1.2
26.56213641166687	1.2758492263458883	1.2
26.57676935195923	1.2758492263458883	1.2
26.5892014503479	1.2731418601842721	1.2
26.600483417510986	1.2731418601842721	1.2
26.611743927001953	1.2731418601842721	1.2
26.623168230056763	1.2731418601842721	1.2
26.635443687438965	1.2714420420349148	1.2
26.646937370300293	1.2714420420349148	1.2
26.65849208831787	1.2714420420349148	1.2
26.673699855804443	1.2714420420349148	1.2
26.687477350234985	1.2694962420349147	1.2
26.697649478912354	1.2694962420349147	1.2
26.70784640312195	1.2694962420349147	1.2
26.72264814376831	1.2694962420349147	1.2
26.735817432403564	1.2686866692259642	1.2
26.747155904769897	1.2686866692259642	1.2
26.76004147529602	1.2686866692259642	1.2
26.773860216140747	1.2686866692259642	1.2
26.784624814987183	1.2685769821333959	1.2
26.797593593597412	1.2685769821333959	1.2
26.81077527999878	1.2685769821333959	1.2
26.823277473449707	1.2671493571333958	1.2
26.83423924446106	1.2671493571333958	1.2
26.845139980316162	1.2671493571333958	1.2
26.857389211654663	1.2671493571333958	1.2
26.869987726211548	1.265854215619737	1.2
26.882628202438354	1.265854215619737	1.2
26.894160509109497	1.265854215619737	1.2
26.9063937664032	1.265854215619737	1.2
26.918755531311035	1.264599045208778	1.2
26.930013179779053	1.264599045208778	1.2
26.94013810157776	1.264599045208778	1.2
26.951701402664185	1.264599045208778	1.2
26.964118719100952	1.2624344781266668	1.2
26.9749436378479	1.2624344781266668	1.2
26.985476970672607	1.2624344781266668	1.2
26.999837636947632	1.2624344781266668	1.2
27.0121169090271	1.2608724490652765	1.2
27.02233099937439	1.2608724490652765	1.2
27.032844305038452	1.2608724490652765	1.2
27.0508291721344	1.2608724490652765	1.2
27.061522006988525	1.2604349678831936	1.2
27.071925163269043	1.2604349678831936	1.2
27.084001302719116	1.2604349678831936	1.2
27.09787631034851	1.2604349678831936	1.2
27.110909938812256	1.259095599772161	1.2
27.12231993675232	1.259095599772161	1.2
27.13309073448181	1.259095599772161	1.2
27.14440608024597	1.259095599772161	1.2
27.15594458580017	1.2581736324252222	1.2
27.16697120666504	1.2581736324252222	1.2
27.178875207901	1.2581736324252222	1.2
27.192687034606934	1.2581736324252222	1.2
27.203795671463013	1.2577321970893764	1.2
27.21458387374878	1.2577321970893764	1.2
27.225651025772095	1.2577321970893764	1.2
27.23618483543396	1.2577321970893764	1.2
27.247524738311768	1.2580187350045329	1.2
27.258531093597412	1.2580187350045329	1.2
27.269481897354126	1.2580187350045329	1.2
27.28357195854187	1.2580187350045329	1.2
27.295040369033813	1.2583963572060255	1.2
27.305099725723267	1.2583963572060255	1.2
27.316425800323486	1.2583963572060255	1.2
27.329480171203613	1.2583963572060255	1.2
27.341656923294067	1.2590721425032967	1.2
27.352006912231445	1.2590721425032967	1.2
27.36519980430603	1.2590721425032967	1.2
27.379234790802002	1.2596570171778532	1.2
27.389734506607056	1.2596570171778532	1.2
27.404017448425293	1.2596570171778532	1.2
27.418779373168945	1.2596570171778532	1.2
27.436124324798584	1.2610674636978343	1.2
27.448059558868408	1.2610674636978343	1.2
27.461631298065186	1.2610674636978343	1.2
27.475142240524292	1.2618914146636233	1.2
27.486330032348633	1.2618914146636233	1.2
27.498109579086304	1.2618914146636233	1.2
27.511682271957397	1.2618914146636233	1.2
27.52657151222229	1.2621922206794092	1.2
27.537307262420654	1.2621922206794092	1.2
27.548534631729126	1.2621922206794092	1.2
27.562809944152832	1.2621922206794092	1.2
27.575279712677002	1.262611685342166	1.2
27.586966514587402	1.262611685342166	1.2
27.600144386291504	1.262611685342166	1.2
27.614861965179443	1.2625531472989804	1.2
27.62578320503235	1.2625531472989804	1.2
27.636652946472168	1.2625531472989804	1.2
27.65044355392456	1.2625531472989804	1.2
27.663312911987305	1.2616974037375694	1.2
27.674918174743652	1.2616974037375694	1.2
27.68670344352722	1.2616974037375694	1.2
27.704927921295166	1.2616974037375694	1.2
27.71621608734131	1.2596422870384165	1.2
27.727500677108765	1.2596422870384165	1.2
27.739598989486694	1.2596422870384165	1.2
27.75437068939209	1.2583888790519633	1.2
27.766107320785522	1.2583888790519633	1.2
27.77705192565918	1.2583888790519633	1.2
27.78841805458069	1.2583888790519633	1.2
27.802363872528076	1.2555893295478007	1.2
27.814019918441772	1.2555893295478007	1.2
27.826401948928833	1.2555893295478007	1.2
27.838030576705933	1.2555893295478007	1.2
27.849787712097168	1.2529815371655078	1.2
27.86103653907776	1.2529815371655078	1.2
27.872440576553345	1.2529815371655078	1.2
27.88713264465332	1.2529815371655078	1.2
27.900263786315918	1.2509524732720505	1.2
27.91124129295349	1.2509524732720505	1.2
27.922983646392822	1.2509524732720505	1.2
27.9360032081604	1.2491645648997904	1.2
27.94668483734131	1.2491645648997904	1.2
27.957366466522217	1.2491645648997904	1.2
27.97072124481201	1.2491645648997904	1.2
27.98323130607605	1.247880715045237	1.2
27.993318557739258	1.247880715045237	1.2
28.00393033027649	1.247880715045237	1.2
28.016775846481323	1.247880715045237	1.2
28.029640674591064	1.2469959297682691	1.2
28.040493965148926	1.2469959297682691	1.2
28.052098274230957	1.2469959297682691	1.2
28.064614295959473	1.2469959297682691	1.2
28.075957536697388	1.246466136427325	1.2
28.087044954299927	1.246466136427325	1.2
28.100467205047607	1.246466136427325	1.2
28.11321187019348	1.2474166613783142	1.2
28.124613046646118	1.2474166613783142	1.2
28.1362042427063	1.2474166613783142	1.2
28.147843599319458	1.2474166613783142	1.2
28.15979838371277	1.2476986398054866	1.2
28.170833349227905	1.2476986398054866	1.2
28.18148899078369	1.2476986398054866	1.2
28.196237325668335	1.2476986398054866	1.2
28.20846724510193	1.247022087566887	1.2
28.219419479370117	1.247022087566887	1.2
28.22970986366272	1.247022087566887	1.2
28.240357398986816	1.247022087566887	1.2
28.25240659713745	1.2472835862658722	1.2
28.263754844665527	1.2472835862658722	1.2
28.27494239807129	1.2472835862658722	1.2
28.287646055221558	1.2472835862658722	1.2
28.30004048347473	1.246879933506319	1.2
28.310214042663574	1.246879933506319	1.2
28.32069182395935	1.246879933506319	1.2
28.33354687690735	1.246879933506319	1.2
28.346004724502563	1.2466735100242208	1.2
28.356563568115234	1.2466735100242208	1.2
28.368928909301758	1.2466735100242208	1.2
28.38378596305847	1.2470923950748465	1.2
28.394455909729004	1.2470923950748465	1.2
28.406018495559692	1.2470923950748465	1.2
28.419615507125854	1.2470923950748465	1.2
28.433106184005737	1.2478044797934924	1.2
28.44464349746704	1.2478044797934924	1.2
28.457608938217163	1.2478044797934924	1.2
28.470690965652466	1.2478044797934924	1.2
28.48174786567688	1.2483545433313301	1.2
28.493822813034058	1.2483545433313301	1.2
28.50681209564209	1.2483545433313301	1.2
28.518969535827637	1.2483545433313301	1.2
28.53008794784546	1.2489008686422527	1.2
28.540455102920532	1.2489008686422527	1.2
28.55345368385315	1.2489008686422527	1.2
28.567475080490112	1.2489008686422527	1.2
28.579198122024536	1.2488900832453047	1.2
28.591474533081055	1.2488900832453047	1.2
28.60569453239441	1.2488900832453047	1.2
28.61754870414734	1.2497705023605774	1.2
28.629014492034912	1.2497705023605774	1.2
28.640342950820923	1.2497705023605774	1.2
28.654134511947632	1.2497705023605774	1.2
28.66810369491577	1.2503927210659558	1.2
28.679029941558838	1.2503927210659558	1.2
28.69060254096985	1.2503927210659558	1.2
28.704670906066895	1.2503927210659558	1.2
28.71730375289917	1.251280893271394	1.2
28.728780031204224	1.251280893271394	1.2
28.74452781677246	1.251280893271394	1.2
28.75827407836914	1.252393983033394	1.2
28.769366025924683	1.252393983033394	1.2
28.784164428710938	1.252393983033394	1.2
28.798816442489624	1.252393983033394	1.2
28.809969186782837	1.2529551336925984	1.2
28.821431159973145	1.2529551336925984	1.2
28.83501648902893	1.2529551336925984	1.2
28.8467276096344	1.2521997463215038	1.2
28.859081029891968	1.2521997463215038	1.2
28.87015700340271	1.2521997463215038	1.2
28.884377002716064	1.2521997463215038	1.2
28.897510290145874	1.250778325984348	1.2
28.908986568450928	1.250778325984348	1.2
28.9198260307312	1.250778325984348	1.2
28.930856466293335	1.250778325984348	1.2
28.943631887435913	1.2484639357516474	1.2
28.953970670700073	1.2484639357516474	1.2
28.966861963272095	1.2484639357516474	1.2
28.97984743118286	1.2484639357516474	1.2
28.992748498916626	1.2458632121599225	1.2
29.002811431884766	1.2458632121599225	1.2
29.01363253593445	1.2458632121599225	1.2
29.028620958328247	1.2429297438911813	1.2
29.040955781936646	1.2429297438911813	1.2
29.052329063415527	1.2429297438911813	1.2
29.066206455230713	1.2429297438911813	1.2
29.078425884246826	1.2403470992557126	1.2
29.089718103408813	1.2403470992557126	1.2
29.100220680236816	1.2403470992557126	1.2
29.11439347267151	1.2403470992557126	1.2
29.127074241638184	1.236776214702213	1.2
29.138703107833862	1.236776214702213	1.2
29.14945101737976	1.236776214702213	1.2
29.16054344177246	1.236776214702213	1.2
29.172183752059937	1.233956649377594	1.2
29.182764291763306	1.233956649377594	1.2
29.19444227218628	1.233956649377594	1.2
29.206854820251465	1.233956649377594	1.2
29.218276977539062	1.2319865718475893	1.2
29.22968554496765	1.2319865718475893	1.2
29.241071701049805	1.2319865718475893	1.2
29.252352237701416	1.229240057972224	1.2
29.263739347457886	1.229240057972224	1.2
29.27485466003418	1.229240057972224	1.2
29.286083936691284	1.229240057972224	1.2
29.297361850738525	1.2274480959021887	1.2
29.30751395225525	1.2274480959021887	1.2
29.319148302078247	1.2274480959021887	1.2
29.330073595046997	1.2274480959021887	1.2
29.343703746795654	1.2247102705194792	1.2
29.35430121421814	1.2247102705194792	1.2
29.365814447402954	1.2247102705194792	1.2
29.377496242523193	1.2247102705194792	1.2
29.389734745025635	1.2226441274065645	1.2
29.401390552520752	1.2226441274065645	1.2
29.413890600204468	1.2226441274065645	1.2
29.430858850479126	1.2226441274065645	1.2
29.448894023895264	1.220762716392753	1.2
29.460800170898438	1.220762716392753	1.2
29.47379779815674	1.220762716392753	1.2
29.48801016807556	1.220762716392753	1.2
29.499455213546753	1.2187772122672995	1.2
29.511263847351074	1.2187772122672995	1.2
29.523759126663208	1.2187772122672995	1.2
29.53556513786316	1.2187772122672995	1.2
29.547363996505737	1.2168483725477943	1.2
29.559975624084473	1.2168483725477943	1.2
29.57451605796814	1.2168483725477943	1.2
29.58878183364868	1.2158387377532949	1.2
29.60052800178528	1.2158387377532949	1.2
29.610931396484375	1.2158387377532949	1.2
29.624136447906494	1.2158387377532949	1.2
29.635807275772095	1.213697522027741	1.2
29.64777684211731	1.213697522027741	1.2
29.66175127029419	1.213697522027741	1.2
29.67645835876465	1.213697522027741	1.2
29.68739366531372	1.2117252174058921	1.2
29.697636604309082	1.2117252174058921	1.2
29.710917472839355	1.2117252174058921	1.2
29.725566148757935	1.2112847253244443	1.2
29.737610578536987	1.2112847253244443	1.2
29.7493896484375	1.2112847253244443	1.2
29.762157678604126	1.2112847253244443	1.2
29.774027347564697	1.209988348931115	1.2
29.78569531440735	1.209988348931115	1.2
29.80072259902954	1.209988348931115	1.2
29.81285810470581	1.209988348931115	1.2
29.82577633857727	1.2099883489311147	1.2
29.837060928344727	1.2099883489311147	1.2
29.848377466201782	1.2099883489311147	1.2
29.860925674438477	1.2099883489311147	1.2
29.871733903884888	1.2093671403172306	1.2
29.88591194152832	1.2093671403172306	1.2
29.900228261947632	1.2093671403172306	1.2
29.914416790008545	1.2084672162295715	1.2
29.924916982650757	1.2084672162295715	1.2
29.934945821762085	1.2084672162295715	1.2
29.948233604431152	1.2084672162295715	1.2
29.960740566253662	1.2068295219833627	1.2
29.971579790115356	1.2068295219833627	1.2
29.982648611068726	1.2068295219833627	1.2
29.996687650680542	1.2068295219833627	1.2
30.007879972457886	1.2052219618118793	1.2
30.019210815429688	1.2052219618118793	1.2
30.03184986114502	1.2052219618118793	1.2
30.046058893203735	1.203819810646454	1.2
30.057154417037964	1.203819810646454	1.2
30.067593097686768	1.203819810646454	1.2
30.078974962234497	1.203819810646454	1.2
30.094192028045654	1.203819810646454	1.2
30.10598921775818	1.2017125278297338	1.2
30.116621494293213	1.2017125278297338	1.2
30.128352880477905	1.2017125278297338	1.2
30.140291690826416	1.1991279849725909	1.2
30.151386976242065	1.1991279849725909	1.2
30.162755250930786	1.1991279849725909	1.2
30.175283432006836	1.1991279849725909	1.2
30.187695741653442	1.1955970661656319	1.2
30.19898772239685	1.1955970661656319	1.2
30.210450887680054	1.1955970661656319	1.2
30.2214937210083	1.1955970661656319	1.2
30.234928369522095	1.1926382746406197	1.2
30.245932817459106	1.1926382746406197	1.2
30.257402896881104	1.1926382746406197	1.2
30.2706298828125	1.1926382746406197	1.2
30.28545904159546	1.189275472418176	1.2
30.29606556892395	1.189275472418176	1.2
30.30654001235962	1.189275472418176	1.2
30.319848775863647	1.189275472418176	1.2
30.334439516067505	1.1869878156296998	1.2
30.345381259918213	1.1869878156296998	1.2
30.358768224716187	1.1869878156296998	1.2
30.371162176132202	1.1848269510397444	1.2
30.38168215751648	1.1848269510397444	1.2
30.393197774887085	1.1848269510397444	1.2
30.408000707626343	1.1848269510397444	1.2
30.422512531280518	1.1836849244347705	1.2
30.434704303741455	1.1836849244347705	1.2
30.446608781814575	1.1836849244347705	1.2
30.45908260345459	1.1836849244347705	1.2
30.47105884552002	1.1824238794858437	1.2
30.4823579788208	1.1824238794858437	1.2
30.49643349647522	1.1824238794858437	1.2
30.51074981689453	1.1806545153995398	1.2
30.523003578186035	1.1806545153995398	1.2
30.533964157104492	1.1806545153995398	1.2
30.54616141319275	1.1806545153995398	1.2
30.559856414794922	1.1801712575838859	1.2
30.57157802581787	1.1801712575838859	1.2
30.586015939712524	1.1801712575838859	1.2
30.600823879241943	1.1799270386929086	1.2
30.61226773262024	1.1799270386929086	1.2
30.62365221977234	1.1799270386929086	1.2
30.637409448623657	1.1799270386929086	1.2
30.652130126953125	1.1790838129107346	1.2
30.66381597518921	1.1790838129107346	1.2
30.676053524017334	1.1790838129107346	1.2
30.690889835357666	1.1790838129107346	1.2
30.701886892318726	1.178005275112326	1.2
30.713860988616943	1.178005275112326	1.2
30.729146003723145	1.178005275112326	1.2
30.742027282714844	1.1774723885353267	1.2
30.753568649291992	1.1774723885353267	1.2
30.76639175415039	1.1774723885353267	1.2
30.77892804145813	1.1774723885353267	1.2
30.791552782058716	1.1753886590224327	1.2
30.803378582000732	1.1753886590224327	1.2
30.817113876342773	1.1753886590224327	1.2
30.829339504241943	1.1732035519990214	1.2
30.840351819992065	1.1732035519990214	1.2
30.85326910018921	1.1732035519990214	1.2
30.86760926246643	1.1732035519990214	1.2
30.879714012145996	1.1706420188815625	1.2
30.891401767730713	1.1706420188815625	1.2
30.904069662094116	1.1706420188815625	1.2
30.91602373123169	1.1706420188815625	1.2
30.927364826202393	1.1683356722398992	1.2
30.938867568969727	1.1683356722398992	1.2
30.95045781135559	1.1683356722398992	1.2
30.96469521522522	1.1666127815149525	1.2
30.977166175842285	1.1666127815149525	1.2
30.987508058547974	1.1666127815149525	1.2
30.999736070632935	1.1666127815149525	1.2
31.013928174972534	1.1639614987670646	1.2
31.02657389640808	1.1639614987670646	1.2
31.03739309310913	1.1639614987670646	1.2
31.052194595336914	1.1639614987670646	1.2
31.064061641693115	1.162322116748124	1.2
31.074808835983276	1.162322116748124	1.2
31.091973304748535	1.162322116748124	1.2
31.105147123336792	1.1615965638582655	1.2
31.116785049438477	1.1615965638582655	1.2
31.12832808494568	1.1615965638582655	1.2
31.140498161315918	1.1615965638582655	1.2
31.151920795440674	1.1590566294628748	1.2
31.163021326065063	1.1590566294628748	1.2
31.174866199493408	1.1590566294628748	1.2
31.190016508102417	1.1590566294628748	1.2
31.20054531097412	1.1565307841886947	1.2
31.212219715118408	1.1565307841886947	1.2
31.223245859146118	1.1565307841886947	1.2
31.234843254089355	1.1565307841886947	1.2
31.24632239341736	1.1553284180596624	1.2
31.257919311523438	1.1553284180596624	1.2
31.268564462661743	1.1553284180596624	1.2
31.28398823738098	1.154637911119201	1.2
31.29574728012085	1.154637911119201	1.2
31.306457042694092	1.154637911119201	1.2
31.318998098373413	1.154637911119201	1.2
31.33246898651123	1.1540911585790188	1.2
31.343937158584595	1.1540911585790188	1.2
31.354739904403687	1.1540911585790188	1.2
31.369590759277344	1.1540911585790188	1.2
31.382193326950073	1.153165779807896	1.2
31.392944812774658	1.153165779807896	1.2
31.404638528823853	1.153165779807896	1.2
31.422424793243408	1.153165779807896	1.2
31.43379020690918	1.1517689815453476	1.2
31.445902109146118	1.1517689815453476	1.2
31.459603309631348	1.1517689815453476	1.2
31.47328805923462	1.1513999220492919	1.2
31.48592448234558	1.1513999220492919	1.2
31.498863697052002	1.1513999220492919	1.2
31.51382851600647	1.1513999220492919	1.2
31.528133630752563	1.1487718655649912	1.2
31.539284467697144	1.1487718655649912	1.2
31.551087856292725	1.1487718655649912	1.2
31.56498408317566	1.1487718655649912	1.2
31.577199459075928	1.1458118676971873	1.2
31.588961124420166	1.1458118676971873	1.2
31.60015606880188	1.1458118676971873	1.2
31.615325450897217	1.1450638405899614	1.2
31.627363920211792	1.1450638405899614	1.2
31.63979744911194	1.1450638405899614	1.2
31.655652046203613	1.1450638405899614	1.2
31.668959856033325	1.1450199905079574	1.2
31.67949080467224	1.1450199905079574	1.2
31.692787647247314	1.1450199905079574	1.2
31.708070993423462	1.144821094665159	1.2
31.720226287841797	1.144821094665159	1.2
31.73334574699402	1.144821094665159	1.2
31.74782371520996	1.144821094665159	1.2
31.759620428085327	1.1444802179665146	1.2
31.771268367767334	1.1444802179665146	1.2
31.783164262771606	1.1444802179665146	1.2
31.79886794090271	1.1444802179665146	1.2
31.810256719589233	1.1444391785957362	1.2
31.82281255722046	1.1444391785957362	1.2
31.834451913833618	1.1444391785957362	1.2
31.847486972808838	1.1450603366190866	1.2
31.85950803756714	1.1450603366190866	1.2
31.87139105796814	1.1450603366190866	1.2
31.88793659210205	1.1450603366190866	1.2
31.90163493156433	1.146242001518163	1.2
31.913026332855225	1.146242001518163	1.2
31.925513982772827	1.146242001518163	1.2
31.93929409980774	1.146242001518163	1.2
31.95146369934082	1.1473597100458233	1.2
31.963053703308105	1.1473597100458233	1.2
31.978061199188232	1.1473597100458233	1.2
31.990943908691406	1.1499351890766578	1.2
32.00133514404297	1.1499351890766578	1.2
32.01309037208557	1.1499351890766578	1.2
32.02794361114502	1.1499351890766578	1.2
32.039997816085815	1.1528169509196167	1.2
32.051737546920776	1.1528169509196167	1.2
32.06562662124634	1.1528169509196167	1.2
32.077449321746826	1.155762163274829	1.2
32.08822751045227	1.155762163274829	1.2
32.099071979522705	1.155762163274829	1.2
32.113266944885254	1.155762163274829	1.2
32.125380992889404	1.1588195791463067	1.2
32.137274503707886	1.1588195791463067	1.2
32.14842081069946	1.1588195791463067	1.2
32.15974473953247	1.1588195791463067	1.2
32.17352080345154	1.1614141230079016	1.2
32.18515062332153	1.1614141230079016	1.2
32.19826626777649	1.1614141230079016	1.2
32.21279287338257	1.163596431382118	1.2
32.22416853904724	1.163596431382118	1.2
32.23497986793518	1.163596431382118	1.2
32.2465558052063	1.163596431382118	1.2
32.259607791900635	1.166393967392594	1.2
32.271947622299194	1.166393967392594	1.2
32.283990144729614	1.166393967392594	1.2
32.29876637458801	1.166393967392594	1.2
32.30976843833923	1.1675924601788419	1.2
32.320669174194336	1.1675924601788419	1.2
32.3320951461792	1.1675924601788419	1.2
32.348039627075195	1.1675924601788419	1.2
32.35969042778015	1.1698610387314434	1.2
32.36968016624451	1.1698610387314434	1.2
32.380589962005615	1.1698610387314434	1.2
32.39952039718628	1.1713823548621964	1.2
32.411380767822266	1.1713823548621964	1.2
32.42508864402771	1.1713823548621964	1.2
32.43865633010864	1.1713823548621964	1.2
32.45109844207764	1.1724309530118884	1.2
32.463308572769165	1.1724309530118884	1.2
32.47568106651306	1.1724309530118884	1.2
32.491780281066895	1.1724309530118884	1.2
32.506253242492676	1.1738787545294125	1.2
32.51743245124817	1.1738787545294125	1.2
32.52962279319763	1.1738787545294125	1.2
32.543333530426025	1.1751630697596365	1.2
32.555827617645264	1.1751630697596365	1.2
32.569294691085815	1.1751630697596365	1.2
32.5843346118927	1.1751630697596365	1.2
32.59716439247131	1.176520050717466	1.2
32.60879945755005	1.176520050717466	1.2
32.62325978279114	1.176520050717466	1.2
32.6373610496521	1.1782877688277025	1.2
32.649301290512085	1.1782877688277025	1.2
32.662190675735474	1.1782877688277025	1.2
32.67637062072754	1.1782877688277025	1.2
32.688517570495605	1.1804366105487483	1.2
32.699963331222534	1.1804366105487483	1.2
32.71480345726013	1.1804366105487483	1.2
32.72745895385742	1.181489459153657	1.2
32.73942279815674	1.181489459153657	1.2
32.751524448394775	1.181489459153657	1.2
32.764039278030396	1.181489459153657	1.2
32.778048276901245	1.1832237636737422	1.2
32.79000496864319	1.1832237636737422	1.2
32.80109190940857	1.1832237636737422	1.2
32.815510511398315	1.1832237636737422	1.2
32.82926058769226	1.1834383604100782	1.2
32.83994770050049	1.1834383604100782	1.2
32.850414514541626	1.1834383604100782	1.2
32.86579394340515	1.1834383604100782	1.2
32.87850046157837	1.1841278838036338	1.2
32.889941930770874	1.1841278838036338	1.2
32.90620517730713	1.1841278838036338	1.2
32.91927146911621	1.185841079235528	1.2
32.930487394332886	1.185841079235528	1.2
32.94128918647766	1.185841079235528	1.2
32.95960831642151	1.185841079235528	1.2
32.97102117538452	1.1872445315526257	1.2
32.98185586929321	1.1872445315526257	1.2
32.99369716644287	1.1872445315526257	1.2
33.005446434020996	1.1872445315526257	1.2
33.016966342926025	1.187510670281093	1.2
33.028791189193726	1.187510670281093	1.2
33.04093551635742	1.187510670281093	1.2
33.05269455909729	1.1869523628276772	1.2
33.06339740753174	1.1869523628276772	1.2
33.07497715950012	1.1869523628276772	1.2
33.088971853256226	1.1869523628276772	1.2
33.10121178627014	1.1862542814612171	1.2
33.112690448760986	1.1862542814612171	1.2
33.125107526779175	1.1862542814612171	1.2
33.136393547058105	1.1862542814612171	1.2
33.14816427230835	1.1855866609677927	1.2
33.159353494644165	1.1855866609677927	1.2
33.17237997055054	1.1855866609677927	1.2
33.186025619506836	1.1847889501259314	1.2
33.198617458343506	1.1847889501259314	1.2
33.20920443534851	1.1847889501259314	1.2
33.22105884552002	1.1847889501259314	1.2
33.2341582775116	1.1852039432007238	1.2
33.24519872665405	1.1852039432007238	1.2
33.25721073150635	1.1852039432007238	1.2
33.2713258266449	1.1852039432007238	1.2
33.282997608184814	1.1861744138622412	1.2
33.29342460632324	1.1861744138622412	1.2
33.304513454437256	1.1861744138622412	1.2
33.31737780570984	1.1861750123475976	1.2
33.32853889465332	1.1861750123475976	1.2
33.33941626548767	1.1861750123475976	1.2
33.353312253952026	1.1861750123475976	1.2
33.36573100090027	1.1847118600457534	1.2
33.37615656852722	1.1847118600457534	1.2
33.38702607154846	1.1847118600457534	1.2
33.402695417404175	1.1847118600457534	1.2
33.416966915130615	1.183324926919335	1.2
33.42992830276489	1.183324926919335	1.2
33.442856311798096	1.183324926919335	1.2
33.4553017616272	1.1820010801035001	1.2
33.46752452850342	1.1820010801035001	1.2
33.47906422615051	1.1820010801035001	1.2
33.492104291915894	1.1820010801035001	1.2
33.50791525840759	1.1818805766395728	1.2
33.5202579498291	1.1818805766395728	1.2
33.53144907951355	1.1818805766395728	1.2
33.546024322509766	1.1818805766395728	1.2
33.559309005737305	1.1820997944190759	1.2
33.57082509994507	1.1820997944190759	1.2
33.584322452545166	1.1820997944190759	1.2
33.59793210029602	1.1811446987995926	1.2
33.609819412231445	1.1811446987995926	1.2
33.621013879776	1.1811446987995926	1.2
33.636407136917114	1.1811446987995926	1.2
33.64970302581787	1.180691182504016	1.2
33.663411140441895	1.180691182504016	1.2
33.6783013343811	1.180691182504016	1.2
33.69221305847168	1.1795669152490524	1.2
33.704357624053955	1.1795669152490524	1.2
33.71861219406128	1.1795669152490524	1.2
33.73617386817932	1.1785152537073653	1.2
33.74786972999573	1.1785152537073653	1.2
33.759130239486694	1.1785152537073653	1.2
33.77005696296692	1.1785152537073653	1.2
33.78426265716553	1.1787906955678307	1.2
33.79605531692505	1.1787906955678307	1.2
33.80804800987244	1.1787906955678307	1.2
33.81961369514465	1.1787906955678307	1.2
33.83074378967285	1.1797317480187548	1.2
33.84172487258911	1.1797317480187548	1.2
33.856391191482544	1.1797317480187548	1.2
33.871054887771606	1.1807628466400442	1.2
33.88384199142456	1.1807628466400442	1.2
33.89500069618225	1.1807628466400442	1.2
33.90876245498657	1.1807628466400442	1.2
33.92279267311096	1.183259553782901	1.2
33.93440270423889	1.183259553782901	1.2
33.94835925102234	1.183259553782901	1.2
33.963444232940674	1.184496914046575	1.2
33.97410798072815	1.184496914046575	1.2
33.984253883361816	1.184496914046575	1.2
33.9972026348114	1.184496914046575	1.2
34.01107120513916	1.1839449934230053	1.2
34.02262878417969	1.1839449934230053	1.2
34.034690856933594	1.1839449934230053	1.2
34.0484676361084	1.1839449934230053	1.2
34.05937719345093	1.1843037742618212	1.2
34.070647954940796	1.1843037742618212	1.2
34.08499550819397	1.1843037742618212	1.2
34.09860062599182	1.1850108236804258	1.2
34.109333753585815	1.1850108236804258	1.2
34.12125539779663	1.1850108236804258	1.2
34.13319110870361	1.1850108236804258	1.2
34.145041704177856	1.184463111467489	1.2
34.15698218345642	1.184463111467489	1.2
34.16971564292908	1.184463111467489	1.2
34.18216609954834	1.184463111467489	1.2
34.1937153339386	1.1829942940356382	1.2
34.20458769798279	1.1829942940356382	1.2
34.216026306152344	1.1829942940356382	1.2
34.229206562042236	1.1829942940356382	1.2
34.24066424369812	1.1809326453869895	1.2
34.25171995162964	1.1809326453869895	1.2
34.26590895652771	1.1809326453869895	1.2
34.27996635437012	1.1788861411777796	1.2
34.29145956039429	1.1788861411777796	1.2
34.30254125595093	1.1788861411777796	1.2
34.31436467170715	1.1788861411777796	1.2
34.32820773124695	1.1769971673162318	1.2
34.33889818191528	1.1769971673162318	1.2
34.3516788482666	1.1769971673162318	1.2
34.37321591377258	1.1747381486930724	1.2
34.383822441101074	1.1747381486930724	1.2
34.39671444892883	1.1747381486930724	1.2
34.41219353675842	1.1747381486930724	1.2
34.426695585250854	1.1726202107116614	1.2
34.44387221336365	1.1726202107116614	1.2
34.46080422401428	1.1726202107116614	1.2
34.47367334365845	1.171417658725869	1.2
34.488794565200806	1.171417658725869	1.2
34.50452947616577	1.171417658725869	1.2
34.51849341392517	1.1715808039306101	1.2
34.52985191345215	1.1715808039306101	1.2
34.54116368293762	1.1715808039306101	1.2
34.564436197280884	1.1708637526485588	1.2
34.57605457305908	1.1708637526485588	1.2
34.58866214752197	1.1708637526485588	1.2
34.60453271865845	1.1709418269044	1.2
34.61908292770386	1.1709418269044	1.2
34.632270097732544	1.1709418269044	1.2
34.64760231971741	1.1722380790052405	1.2
34.65967059135437	1.1722380790052405	1.2
34.67054295539856	1.1722380790052405	1.2
34.685917377471924	1.1722380790052405	1.2
34.70051312446594	1.1743593545195607	1.2
34.71260714530945	1.1743593545195607	1.2
34.72578716278076	1.1743593545195607	1.2
34.74039602279663	1.176366317211367	1.2
34.75195813179016	1.176366317211367	1.2
34.76507258415222	1.176366317211367	1.2
34.77894401550293	1.176366317211367	1.2
34.791775703430176	1.1820994309825534	1.2
34.80427932739258	1.1820994309825534	1.2
34.81735372543335	1.1820994309825534	1.2
34.83024573326111	nan	1.2
34.84123373031616	nan	1.2
34.854273319244385	nan	1.2
34.86848711967468	nan	1.2
34.88158941268921	nan	1.2
34.89377450942993	nan	1.2
34.90619349479675	nan	1.2
34.91834354400635	nan	1.2
34.930095911026	nan	1.2
34.941996574401855	nan	1.2
34.9549994468689	nan	1.2
34.96839380264282	nan	1.2
34.97929048538208	nan	1.2
34.98997497558594	nan	1.2
35.002809047698975	nan	1.2
35.014585733413696	nan	1.2
35.026477098464966	nan	1.2
35.039695262908936	nan	1.2
35.05440711975098	nan	1.2
35.06574845314026	nan	1.2
35.07744288444519	nan	1.2
35.09132647514343	nan	1.2
35.103338956832886	nan	1.2
35.11471629142761	nan	1.2
35.1287739276886	nan	1.2
35.141358852386475	nan	1.2
35.151965379714966	nan	1.2
35.16417384147644	nan	1.2
35.17859959602356	nan	1.2
35.190738677978516	nan	1.2
35.20191168785095	nan	1.2
35.214839458465576	nan	1.2
35.22673153877258	nan	1.2
35.23871064186096	nan	1.2
35.24972438812256	nan	1.2
35.26472806930542	nan	1.2
35.277480125427246	nan	1.2
35.288692235946655	nan	1.2
35.29984426498413	nan	1.2
35.312726736068726	nan	1.2
35.3252067565918	nan	1.2
35.33672547340393	nan	1.2
35.34817028045654	nan	1.2
35.3611581325531	nan	1.2
35.3728973865509	nan	1.2
35.385945558547974	nan	1.2
35.39848256111145	nan	1.2
35.41006779670715	nan	1.2
35.42262125015259	nan	1.2
35.436216831207275	nan	1.2
35.44954705238342	nan	1.2
35.46162271499634	nan	1.2
35.476069927215576	nan	1.2
35.49053621292114	nan	1.2
35.50305104255676	nan	1.2
35.5157527923584	nan	1.2
35.529414892196655	nan	1.2
35.54279112815857	nan	1.2
35.55663847923279	nan	1.2
35.573620080947876	nan	1.2
35.58756351470947	nan	1.2
35.59866452217102	nan	1.2
35.61452555656433	nan	1.2
35.62953782081604	nan	1.2
35.643913984298706	nan	1.2
35.65721392631531	nan	1.2
35.67002058029175	nan	1.2
35.68170642852783	nan	1.2
35.69486856460571	nan	1.2
35.70943641662598	nan	1.2
35.72384452819824	nan	1.2
35.735867977142334	nan	1.2
35.749462366104126	nan	1.2
35.76205372810364	nan	1.2
35.77523350715637	nan	1.2
35.78772687911987	nan	1.2
35.80101823806763	nan	1.2
35.8171603679657	nan	1.2
35.828492641448975	nan	1.2
35.84000325202942	nan	1.2
35.85456871986389	nan	1.2
35.868144273757935	nan	1.2
35.87989902496338	nan	1.2
35.89579701423645	nan	1.2
35.909605264663696	nan	1.2
35.921021699905396	nan	1.2
35.93421125411987	nan	1.2
35.94971036911011	nan	1.2
35.96246266365051	nan	1.2
35.97407531738281	nan	1.2
35.98763656616211	nan	1.2
35.99912142753601	nan	1.2
36.010298013687134	nan	1.2
36.022263526916504	nan	1.2
36.03679585456848	nan	1.2
36.047773599624634	nan	1.2
36.059704542160034	nan	1.2
36.07261371612549	nan	1.2
36.08610224723816	nan	1.2
36.09790563583374	nan	1.2
36.10947370529175	nan	1.2
36.1211633682251	nan	1.2
36.133951902389526	nan	1.2
36.1460599899292	nan	1.2
36.1595778465271	nan	1.2
36.17356276512146	nan	1.2
36.185274839401245	nan	1.2
36.196834087371826	nan	1.2
36.20897364616394	nan	1.2
36.22258996963501	nan	1.2
36.233612060546875	nan	1.2
36.24589681625366	nan	1.2
36.258628129959106	nan	1.2
36.27042031288147	nan	1.2
36.28187370300293	nan	1.2
36.293988943099976	nan	1.2
36.30663800239563	nan	1.2
36.31837606430054	nan	1.2
36.33133554458618	nan	1.2
36.34783434867859	nan	1.2
36.36007308959961	nan	1.2
36.37147092819214	nan	1.2
36.387245655059814	nan	1.2
36.39945030212402	nan	1.2
36.41128849983215	nan	1.2
36.42643189430237	nan	1.2
36.44066023826599	nan	1.2
36.45239734649658	nan	1.2
36.468289613723755	nan	1.2
36.484435081481934	nan	1.2
36.49653720855713	nan	1.2
36.50987219810486	nan	1.2
36.52375555038452	nan	1.2
36.536996364593506	nan	1.2
36.549564838409424	nan	1.2
36.564342737197876	nan	1.2
36.578144550323486	nan	1.2
36.591344356536865	nan	1.2
36.60321569442749	nan	1.2
36.617371797561646	nan	1.2
36.62936353683472	nan	1.2
36.64313340187073	nan	1.2
36.657498598098755	nan	1.2
36.671722650527954	nan	1.2
36.68337917327881	nan	1.2
36.697118282318115	nan	1.2
36.71277332305908	nan	1.2
36.72615075111389	nan	1.2
36.73874855041504	nan	1.2
36.75444507598877	nan	1.2
36.76740217208862	nan	1.2
36.78078007698059	nan	1.2
36.79543972015381	nan	1.2
36.80914330482483	nan	1.2
36.822981119155884	nan	1.2
36.83578824996948	nan	1.2
36.84815001487732	nan	1.2
36.86036825180054	nan	1.2
36.873289346694946	nan	1.2
36.88669276237488	nan	1.2
36.89998984336853	nan	1.2
36.91260504722595	nan	1.2
36.925015687942505	nan	1.2
36.93898940086365	nan	1.2
36.95261287689209	nan	1.2
36.96417212486267	nan	1.2
36.976946115493774	nan	1.2
36.9916296005249	nan	1.2
37.0038115978241	nan	1.2
37.01714777946472	nan	1.2
37.03254008293152	nan	1.2
37.0446035861969	nan	1.2
37.0557336807251	nan	1.2
37.069863080978394	nan	1.2
37.08448529243469	nan	1.2
37.096445083618164	nan	1.2
37.11465787887573	nan	1.2
37.12799024581909	nan	1.2
37.13906216621399	nan	1.2
37.15039920806885	nan	1.2
37.165738582611084	nan	1.2
37.17820167541504	nan	1.2
37.190208196640015	nan	1.2
37.2032151222229	nan	1.2
37.215734243392944	nan	1.2
37.22742009162903	nan	1.2
37.24069786071777	nan	1.2
37.252421379089355	nan	1.2
37.26545858383179	1.1078772590643398	1.2
37.276150703430176	1.1078772590643398	1.2
37.28770041465759	1.1078772590643398	1.2
37.3006329536438	1.1078772590643398	1.2
37.31389784812927	1.110175112090276	1.2
37.32496881484985	1.110175112090276	1.2
37.33811688423157	1.110175112090276	1.2
37.35319423675537	1.112715189863506	1.2
37.36560845375061	1.112715189863506	1.2
37.376686573028564	1.112715189863506	1.2
37.390545129776	1.112715189863506	1.2
37.40308117866516	1.11615199885227	1.2
37.41448450088501	1.11615199885227	1.2
37.43023920059204	1.11615199885227	1.2
37.4453649520874	1.1206024354719883	1.2
37.457154273986816	1.1206024354719883	1.2
37.47166609764099	1.1206024354719883	1.2
37.488656520843506	1.1248754827824679	1.2
37.50242495536804	1.1248754827824679	1.2
37.51696991920471	1.1248754827824679	1.2
37.53096032142639	1.1306248255502431	1.2
37.54385280609131	1.1306248255502431	1.2
37.556578397750854	1.1306248255502431	1.2
37.570165395736694	1.1306248255502431	1.2
37.58263063430786	1.1367950756321616	1.2
37.594287633895874	1.1367950756321616	1.2
37.607717752456665	1.1367950756321616	1.2
37.62292242050171	1.1367950756321616	1.2
37.63550043106079	1.1419947554484164	1.2
37.646859645843506	1.1419947554484164	1.2
37.659332513809204	1.1419947554484164	1.2
37.673940658569336	1.147847623888388	1.2
37.6871542930603	1.147847623888388	1.2
37.69884419441223	1.147847623888388	1.2
37.716147899627686	1.147847623888388	1.2
37.7287175655365	1.1541213781741022	1.2
37.73977589607239	1.1541213781741022	1.2
37.755090951919556	1.1541213781741022	1.2
37.77001094818115	1.159372299173459	1.2
37.781968116760254	1.159372299173459	1.2
37.79447317123413	1.159372299173459	1.2
37.80935549736023	1.159372299173459	1.2
37.82160687446594	1.165397929782756	1.2
37.83412551879883	1.165397929782756	1.2
37.84755730628967	1.165397929782756	1.2
37.862295389175415	1.165397929782756	1.2
37.875736236572266	1.1702137512113275	1.2
37.88733696937561	1.1702137512113275	1.2
37.90010333061218	1.1702137512113275	1.2
37.914358615875244	1.1733814311686224	1.2
37.926589012145996	1.1733814311686224	1.2
37.94010829925537	1.1733814311686224	1.2
37.95548963546753	1.1771312445548543	1.2
37.967180013656616	1.1771312445548543	1.2
37.97791361808777	1.1771312445548543	1.2
37.989234924316406	1.1771312445548543	1.2
38.00283098220825	1.179191376348111	1.2
38.014397621154785	1.179191376348111	1.2
38.026355028152466	1.179191376348111	1.2
38.041096925735474	1.179191376348111	1.2
38.0536105632782	1.1792591029745738	1.2
38.06420135498047	1.1792591029745738	1.2
38.077446699142456	1.1792591029745738	1.2
38.09277868270874	1.1797231953577465	1.2
38.10442113876343	1.1797231953577465	1.2
38.11625123023987	1.1797231953577465	1.2
38.12971496582031	1.1797231953577465	1.2
38.142528772354126	1.1792464228767066	1.2
38.15498328208923	1.1792464228767066	1.2
38.16706657409668	1.1792464228767066	1.2
38.18110752105713	1.1792464228767066	1.2
38.19358158111572	1.1772818929053597	1.2
38.20561861991882	1.1772818929053597	1.2
38.2173810005188	1.1772818929053597	1.2
38.23020339012146	1.1750779145165866	1.2
38.24163627624512	1.1750779145165866	1.2
38.253668785095215	1.1750779145165866	1.2
38.26661467552185	1.1750779145165866	1.2
38.28006339073181	1.1715564855643072	1.2
38.29128551483154	1.1715564855643072	1.2
38.30205535888672	1.1715564855643072	1.2
38.31478452682495	1.1715564855643072	1.2
38.329954624176025	1.168657987665148	1.2
38.34069800376892	1.168657987665148	1.2
38.35158348083496	1.168657987665148	1.2
38.36459517478943	1.168657987665148	1.2
38.37621521949768	1.1668983702293232	1.2
38.38844084739685	1.1668983702293232	1.2
38.40325450897217	1.1668983702293232	1.2
38.41749548912048	1.163628249517084	1.2
38.43010425567627	1.163628249517084	1.2
38.4432578086853	1.163628249517084	1.2
38.45842885971069	1.1607914991449928	1.2
38.47047829627991	1.1607914991449928	1.2
38.48745083808899	1.1607914991449928	1.2
38.503828287124634	1.1607914991449928	1.2
38.519808530807495	1.1591452302444776	1.2
38.53487586975098	1.1591452302444776	1.2
38.55457067489624	1.1591452302444776	1.2
38.56934976577759	1.157587377721427	1.2
38.58256196975708	1.157587377721427	1.2
38.596232414245605	1.157587377721427	1.2
38.60999321937561	1.1569754139387307	1.2
38.623960971832275	1.1569754139387307	1.2
38.63856506347656	1.1569754139387307	1.2
38.6538028717041	1.1570169470135254	1.2
38.66507148742676	1.1570169470135254	1.2
38.677141427993774	1.1570169470135254	1.2
38.69362664222717	1.1570169470135254	1.2
38.70754384994507	1.1573359732163357	1.2
38.719332218170166	1.1573359732163357	1.2
38.73369908332825	1.1573359732163357	1.2
38.747005224227905	1.1579771686574776	1.2
38.75960111618042	1.1579771686574776	1.2
38.7754168510437	1.1579771686574776	1.2
38.79051113128662	1.1581614942283232	1.2
38.805750370025635	1.1581614942283232	1.2
38.818535566329956	1.1581614942283232	1.2
38.831706523895264	1.1581614942283232	1.2
38.84627342224121	1.1574872887094583	1.2
38.85953497886658	1.1574872887094583	1.2
38.87429332733154	1.1574872887094583	1.2
38.889902114868164	1.1581248101380297	1.2
38.90198278427124	1.1581248101380297	1.2
38.91421151161194	1.1581248101380297	1.2
38.92922878265381	1.1582582110655844	1.2
38.94154477119446	1.1582582110655844	1.2
38.95371198654175	1.1582582110655844	1.2
38.96893835067749	1.1582582110655844	1.2
38.98095369338989	1.1577911401938972	1.2
38.99224519729614	1.1577911401938972	1.2
39.00471234321594	1.1577911401938972	1.2
39.02025318145752	1.1577911401938972	1.2
39.03299593925476	1.1573579257592894	1.2
39.04517459869385	1.1573579257592894	1.2
39.05739784240723	1.1573579257592894	1.2
39.069629192352295	1.1557264079021465	1.2
39.08186864852905	1.1557264079021465	1.2
39.0934476852417	1.1557264079021465	1.2
39.106982946395874	1.1557264079021465	1.2
39.118852615356445	1.1538967000756661	1.2
39.130414962768555	1.1538967000756661	1.2
39.142422676086426	1.1538967000756661	1.2
39.15642690658569	1.1538967000756661	1.2
39.16850566864014	1.152148920449267	1.2
39.18005967140198	1.152148920449267	1.2
39.1915123462677	1.152148920449267	1.2
39.20395112037659	1.1507893504735445	1.2
39.21625351905823	1.1507893504735445	1.2
39.22817778587341	1.1507893504735445	1.2
39.24331045150757	1.1507893504735445	1.2
39.256223917007446	1.1488955426906524	1.2
39.267505407333374	1.1488955426906524	1.2
39.2785906791687	1.1488955426906524	1.2
39.292299032211304	1.1476734764325138	1.2
39.304359912872314	1.1476734764325138	1.2
39.315852642059326	1.1476734764325138	1.2
39.3304922580719	1.1476734764325138	1.2
39.344679832458496	1.1463168550039424	1.2
39.35504150390625	1.1463168550039424	1.2
39.366987466812134	1.1463168550039424	1.2
39.380595684051514	1.1463168550039424	1.2
39.39322209358215	1.145613923729811	1.2
39.40468907356262	1.145613923729811	1.2
39.42004108428955	1.145613923729811	1.2
39.43344783782959	1.145391492269137	1.2
39.449814796447754	1.145391492269137	1.2
39.46789026260376	1.145391492269137	1.2
39.484331369400024	1.1456022697897983	1.2
39.49683094024658	1.1456022697897983	1.2
39.50978446006775	1.1456022697897983	1.2
39.523019790649414	1.147931779736285	1.2
39.53612184524536	1.147931779736285	1.2
39.54879117012024	1.147931779736285	1.2
39.562140703201294	1.147931779736285	1.2
39.576366662979126	1.1498342481976347	1.2
39.58884930610657	1.1498342481976347	1.2
39.60063433647156	1.1498342481976347	1.2
39.61506366729736	1.1498342481976347	1.2
39.62757706642151	1.1513769845543942	1.2
39.639631509780884	1.1513769845543942	1.2
39.658273458480835	1.1513769845543942	1.2
39.67079186439514	1.1526041473279012	1.2
39.681498527526855	1.1526041473279012	1.2
39.69463348388672	1.1526041473279012	1.2
39.71046996116638	1.1526041473279012	1.2
39.722989559173584	1.154414186541509	1.2
39.736204624176025	1.154414186541509	1.2
39.750162839889526	1.154414186541509	1.2
39.764728307724	1.1562269186843666	1.2
39.777050256729126	1.1562269186843666	1.2
39.78988552093506	1.1562269186843666	1.2
39.80554509162903	1.157890706973403	1.2
39.81817817687988	1.157890706973403	1.2
39.82939267158508	1.157890706973403	1.2
39.840784788131714	1.157890706973403	1.2
39.85778856277466	1.1595865686809261	1.2
39.869919776916504	1.1595865686809261	1.2
39.88156199455261	1.1595865686809261	1.2
39.89607548713684	1.1595865686809261	1.2
39.91066002845764	1.161982561538069	1.2
39.923211336135864	1.161982561538069	1.2
39.93710923194885	1.161982561538069	1.2
39.95138072967529	1.1625758336041847	1.2
39.96213936805725	1.1625758336041847	1.2
39.97350788116455	1.1625758336041847	1.2
39.98751997947693	1.1625758336041847	1.2
40.001580238342285	1.1623253227178485	1.2
40.01318287849426	1.1623253227178485	1.2
40.02716565132141	1.1623253227178485	1.2
40.039939165115356	1.1624811728256843	1.2
40.05106472969055	1.1624811728256843	1.2
40.06273698806763	1.1624811728256843	1.2
40.077712535858154	1.1624811728256843	1.2
40.09096002578735	1.163045222000295	1.2
40.10255408287048	1.163045222000295	1.2
40.11487936973572	1.163045222000295	1.2
40.12787961959839	1.1631095085153995	1.2
40.139472246170044	1.1631095085153995	1.2
40.150376319885254	1.1631095085153995	1.2
40.16556763648987	1.1631095085153995	1.2
40.17961311340332	1.1631200826672057	1.2
40.19255590438843	1.1631200826672057	1.2
40.20424675941467	1.1631200826672057	1.2
40.21775960922241	1.1631200826672057	1.2
40.22924470901489	1.1632162471408898	1.2
40.240670680999756	1.1632162471408898	1.2
40.25615668296814	1.1632162471408898	1.2
40.270450592041016	1.1635592128891203	1.2
40.282010078430176	1.1635592128891203	1.2
40.294089794158936	1.1635592128891203	1.2
40.308719873428345	1.1635592128891203	1.2
40.32217597961426	1.1632776128108766	1.2
40.334646224975586	1.1632776128108766	1.2
40.349584102630615	1.1632776128108766	1.2
40.36213755607605	1.161241661814199	1.2
40.37359285354614	1.161241661814199	1.2
40.386760234832764	1.161241661814199	1.2
40.402825355529785	1.160638856650738	1.2
40.41573190689087	1.160638856650738	1.2
40.42778754234314	1.160638856650738	1.2
40.44121193885803	1.160638856650738	1.2
40.45636773109436	1.1598128769054568	1.2
40.468921422958374	1.1598128769054568	1.2
40.4818377494812	1.1598128769054568	1.2
40.49666905403137	1.1598128769054568	1.2
40.509493589401245	1.1588216589567384	1.2
40.520331621170044	1.1588216589567384	1.2
40.53274750709534	1.1588216589567384	1.2
40.54786944389343	1.1578722493551044	1.2
40.561156034469604	1.1578722493551044	1.2
40.57540512084961	1.1578722493551044	1.2
40.59084463119507	1.1577527102968772	1.2
40.602596044540405	1.1577527102968772	1.2
40.61467003822327	1.1577527102968772	1.2
40.62934923171997	1.1577527102968772	1.2
40.64282417297363	1.1573688940756364	1.2
40.65429401397705	1.1573688940756364	1.2
40.66802382469177	1.1573688940756364	1.2
40.68477439880371	1.1554381155909632	1.2
40.69845986366272	1.1554381155909632	1.2
40.71072483062744	1.1554381155909632	1.2
40.72556829452515	1.1554381155909632	1.2
40.73820877075195	1.153217738387673	1.2
40.749674797058105	1.153217738387673	1.2
40.76874494552612	1.153217738387673	1.2
40.784029722213745	1.1517733764888514	1.2
40.79606509208679	1.1517733764888514	1.2
40.807921171188354	1.1517733764888514	1.2
40.82216000556946	1.1517733764888514	1.2
40.835086822509766	1.1522109917712435	1.2
40.847578048706055	1.1522109917712435	1.2
40.862138748168945	1.1522109917712435	1.2
40.87722039222717	1.1520131164866256	1.2
40.88844966888428	1.1520131164866256	1.2
40.90024256706238	1.1520131164866256	1.2
40.916571617126465	1.1518833191908795	1.2
40.92950367927551	1.1518833191908795	1.2
40.94188570976257	1.1518833191908795	1.2
40.96175813674927	1.1515962404363007	1.2
40.97315979003906	1.1515962404363007	1.2
40.98489212989807	1.1515962404363007	1.2
40.99976682662964	1.1515962404363007	1.2
41.01301646232605	1.1511757526353377	1.2
41.02545642852783	1.1511757526353377	1.2
41.03763008117676	1.1511757526353377	1.2
41.05018997192383	1.1511757526353377	1.2
41.06272339820862	1.1511461992764218	1.2
41.07514691352844	1.1511461992764218	1.2
41.08856678009033	1.1511461992764218	1.2
41.10315203666687	1.1514197067072347	1.2
41.11581516265869	1.1514197067072347	1.2
41.12964940071106	1.1514197067072347	1.2
41.142693281173706	1.1514197067072347	1.2
41.15503287315369	1.1534350521872263	1.2
41.16762375831604	1.1534350521872263	1.2
41.18051481246948	1.1534350521872263	1.2
41.19691753387451	1.1556561709753692	1.2
41.208558320999146	1.1556561709753692	1.2
41.219948291778564	1.1556561709753692	1.2
41.23507523536682	1.1556561709753692	1.2
41.24747061729431	1.1579647622472788	1.2
41.25887680053711	1.1579647622472788	1.2
41.27407193183899	1.1579647622472788	1.2
41.28716278076172	1.1595237470205892	1.2
41.29796743392944	1.1595237470205892	1.2
41.311800479888916	1.1595237470205892	1.2
41.3266167640686	1.1621340444877257	1.2
41.33851385116577	1.1621340444877257	1.2
41.3499174118042	1.1621340444877257	1.2
41.36347675323486	1.1621340444877257	1.2
41.375415563583374	1.1653287984829734	1.2
41.38795566558838	1.1653287984829734	1.2
41.40362048149109	1.1653287984829734	1.2
41.418959617614746	1.1694025914817592	1.2
41.433698654174805	1.1694025914817592	1.2
41.44893169403076	1.1694025914817592	1.2
41.46443176269531	1.171639959338902	1.2
41.47768187522888	1.171639959338902	1.2
41.49075484275818	1.171639959338902	1.2
41.504491329193115	1.171639959338902	1.2
41.51903057098389	1.1735131427975263	1.2
41.53268909454346	1.1735131427975263	1.2
41.54837155342102	1.1735131427975263	1.2
41.562076568603516	1.1751878001838636	1.2
41.574172019958496	1.1751878001838636	1.2
41.588067054748535	1.1751878001838636	1.2
41.6047203540802	1.1764337063199028	1.2
41.6172239780426	1.1764337063199028	1.2
41.63090395927429	1.1764337063199028	1.2
41.64733576774597	1.1786775180638545	1.2
41.658724784851074	1.1786775180638545	1.2
41.669928789138794	1.1786775180638545	1.2
41.685585260391235	1.1786775180638545	1.2
41.69932508468628	1.1800269509237737	1.2
41.71180701255798	1.1800269509237737	1.2
41.726484060287476	1.1800269509237737	1.2
41.73990607261658	1.18062239713817	1.2
41.753926277160645	1.18062239713817	1.2
41.76710057258606	1.18062239713817	1.2
41.78365516662598	1.18062239713817	1.2
41.796536922454834	1.180903447128141	1.2
41.80894088745117	1.180903447128141	1.2
41.821165561676025	1.180903447128141	1.2
41.8354275226593	1.1804506647333535	1.2
41.84817934036255	1.1804506647333535	1.2
41.864928245544434	1.1804506647333535	1.2
41.88097858428955	1.1804336246834537	1.2
41.89271831512451	1.1804336246834537	1.2
41.905877351760864	1.1804336246834537	1.2
41.92278170585632	1.1804336246834537	1.2
41.936819076538086	1.1818675703731087	1.2
41.94825005531311	1.1818675703731087	1.2
41.963746786117554	1.1818675703731087	1.2
41.97567343711853	1.1833563811341379	1.2
41.98683524131775	1.1833563811341379	1.2
41.99988889694214	1.1833563811341379	1.2
42.014790296554565	1.1849033066690084	1.2
42.02591323852539	1.1849033066690084	1.2
42.037808895111084	1.1849033066690084	1.2
42.051413774490356	1.1849033066690084	1.2
42.06352877616882	1.1868741091324597	1.2
42.0748553276062	1.1868741091324597	1.2
42.088074684143066	1.1868741091324597	1.2
42.1026394367218	1.187717700024228	1.2
42.11424946784973	1.187717700024228	1.2
42.12575578689575	1.187717700024228	1.2
42.140419006347656	1.187717700024228	1.2
42.15550684928894	1.1901391976267701	1.2
42.168227195739746	1.1901391976267701	1.2
42.179553270339966	1.1901391976267701	1.2
42.19169068336487	1.1901391976267701	1.2
42.20304894447327	1.1930040136199178	1.2
42.21458959579468	1.1930040136199178	1.2
42.22874999046326	1.1930040136199178	1.2
42.24345374107361	1.1951523876482217	1.2
42.254884481430054	1.1951523876482217	1.2
42.265549182891846	1.1951523876482217	1.2
42.277806997299194	1.1951523876482217	1.2
42.29034972190857	1.1966786777706433	1.2
42.302560329437256	1.1966786777706433	1.2
42.31496477127075	1.1966786777706433	1.2
42.33118772506714	1.1983306427459244	1.2
42.344000577926636	1.1983306427459244	1.2
42.3551390171051	1.1983306427459244	1.2
42.369158029556274	1.1983306427459244	1.2
42.3830771446228	1.1992108233759173	1.2
42.39482259750366	1.1992108233759173	1.2
42.407745599746704	1.1992108233759173	1.2
42.42390275001526	1.199930033227639	1.2
42.43786358833313	1.199930033227639	1.2
42.45243191719055	1.199930033227639	1.2
42.467546701431274	1.2011573844745023	1.2
42.479170083999634	1.2011573844745023	1.2
42.49404001235962	1.2011573844745023	1.2
42.506551027297974	1.2011573844745023	1.2
42.51982307434082	1.2021504748114147	1.2
42.53208613395691	1.2021504748114147	1.2
42.546290159225464	1.2021504748114147	1.2
42.560542583465576	1.2033245570455906	1.2
42.57378149032593	1.2033245570455906	1.2
42.58561968803406	1.2033245570455906	1.2
42.59951448440552	1.2033245570455906	1.2
42.61419701576233	1.2034186344224598	1.2
42.626686096191406	1.2034186344224598	1.2
42.64413857460022	1.2034186344224598	1.2
42.65758991241455	1.2038109116240494	1.2
42.668567180633545	1.2038109116240494	1.2
42.681034326553345	1.2038109116240494	1.2
42.69859719276428	1.2046672435206012	1.2
42.710846185684204	1.2046672435206012	1.2
42.72463941574097	1.2046672435206012	1.2
42.740232706069946	1.2046672435206012	1.2
42.75271701812744	1.2065242831302454	1.2
42.76495385169983	1.2065242831302454	1.2
42.78038287162781	1.2065242831302454	1.2
42.795121908187866	1.2061179103753599	1.2
42.808836460113525	1.2061179103753599	1.2
42.82031869888306	1.2061179103753599	1.2
42.83399963378906	1.2061179103753599	1.2
42.84794998168945	1.2066797658353727	1.2
42.86118030548096	1.2066797658353727	1.2
42.87493920326233	1.2066797658353727	1.2
42.88946080207825	1.2079985823596622	1.2
42.90233397483826	1.2079985823596622	1.2
42.91627049446106	1.2079985823596622	1.2
42.93122720718384	1.2098171321693691	1.2
42.94413113594055	1.2098171321693691	1.2
42.9560980796814	1.2098171321693691	1.2
42.96927857398987	1.2098171321693691	1.2
42.98440670967102	1.2110768630037456	1.2
42.99577260017395	1.2110768630037456	1.2
43.010233640670776	1.2110768630037456	1.2
43.02520036697388	1.2115318688656749	1.2
43.03682613372803	1.2115318688656749	1.2
43.049259662628174	1.2115318688656749	1.2
43.06477499008179	1.2115318688656749	1.2
43.07701301574707	1.211722112614096	1.2
43.08808755874634	1.211722112614096	1.2
43.10093092918396	1.211722112614096	1.2
43.11401009559631	1.2121872318701903	1.2
43.12536549568176	1.2121872318701903	1.2
43.137917041778564	1.2121872318701903	1.2
43.152342796325684	1.2121872318701903	1.2
43.16569781303406	1.2129318504599338	1.2
43.17793011665344	1.2129318504599338	1.2
43.189090728759766	1.2129318504599338	1.2
43.20138216018677	1.2129318504599338	1.2
43.21372127532959	1.2120664641526926	1.2
43.225337266922	1.2120664641526926	1.2
43.24047541618347	1.2120664641526926	1.2
43.2550687789917	1.2135089656449014	1.2
43.26722812652588	1.2135089656449014	1.2
43.27825140953064	1.2135089656449014	1.2
43.29364061355591	1.2135089656449014	1.2
43.30526947975159	1.2150891828206725	1.2
43.31940722465515	1.2150891828206725	1.2
43.33515429496765	1.2150891828206725	1.2
43.34862685203552	1.2151927830244598	1.2
43.35928392410278	1.2151927830244598	1.2
43.37051343917847	1.2151927830244598	1.2
43.385986328125	1.2151927830244598	1.2
43.399181604385376	1.214295624745239	1.2
43.4133620262146	1.214295624745239	1.2
43.42700457572937	1.214295624745239	1.2
43.440009117126465	1.213471298561323	1.2
43.45333480834961	1.213471298561323	1.2
43.466416120529175	1.213471298561323	1.2
43.48175311088562	1.213471298561323	1.2
43.50403952598572	1.2130222598264262	1.2
43.51579570770264	1.2130222598264262	1.2
43.531599044799805	1.2128826732270892	1.2
43.54450082778931	1.2128826732270892	1.2
43.55743622779846	1.2128826732270892	1.2
43.57446622848511	1.2128826732270892	1.2
43.58755683898926	1.2117489454250634	1.2
43.59858727455139	1.2117489454250634	1.2
43.61244606971741	1.2117489454250634	1.2
43.62788939476013	1.2103390855562504	1.2
43.63966727256775	1.2103390855562504	1.2
43.65109443664551	1.2103390855562504	1.2
43.666154861450195	1.2103390855562504	1.2
43.68186140060425	1.210303293221217	1.2
43.695464849472046	1.210303293221217	1.2
43.70990705490112	1.210303293221217	1.2
43.72317910194397	1.2095942674990607	1.2
43.735069036483765	1.2095942674990607	1.2
43.74778342247009	1.2095942674990607	1.2
43.763142824172974	1.2095942674990607	1.2
43.776700496673584	1.2086469678679532	1.2
43.79000997543335	1.2086469678679532	1.2
43.803325176239014	1.2086469678679532	1.2
43.818063497543335	1.2093344424442245	1.2
43.830464363098145	1.2093344424442245	1.2
43.84507393836975	1.2093344424442245	1.2
43.86034274101257	1.2104869927192046	1.2
43.87382698059082	1.2104869927192046	1.2
43.88608932495117	1.2104869927192046	1.2
43.900856494903564	1.2104869927192046	1.2
43.91525983810425	1.2125179930081662	1.2
43.928263664245605	1.2125179930081662	1.2
43.94610404968262	1.2125179930081662	1.2
43.95976758003235	1.2144793191432715	1.2
43.97089195251465	1.2144793191432715	1.2
43.984827756881714	1.2144793191432715	1.2
43.99951434135437	1.2179041796895327	1.2
44.01175665855408	1.2179041796895327	1.2
44.02490305900574	1.2179041796895327	1.2
44.03985619544983	1.2219483599070085	1.2
44.051697731018066	1.2219483599070085	1.2
44.06331396102905	1.2219483599070085	1.2
44.0783531665802	1.2219483599070085	1.2
44.09310245513916	1.226210875514937	1.2
44.10555100440979	1.226210875514937	1.2
44.1172776222229	1.226210875514937	1.2
44.12969970703125	1.226210875514937	1.2
44.14295244216919	1.2309409577536155	1.2
44.15511989593506	1.2309409577536155	1.2
44.16868257522583	1.2309409577536155	1.2
44.18239188194275	1.2329732022066349	1.2
44.19477701187134	1.2329732022066349	1.2
44.206504583358765	1.2329732022066349	1.2
44.22156763076782	1.2329732022066349	1.2
44.233482360839844	1.2344172377724205	1.2
44.24620199203491	1.2344172377724205	1.2
44.26120400428772	1.2344172377724205	1.2
44.27417182922363	1.2349074279132655	1.2
44.2859902381897	1.2349074279132655	1.2
44.29852104187012	1.2349074279132655	1.2
44.313939571380615	1.235109577280253	1.2
44.3259859085083	1.235109577280253	1.2
44.33738136291504	1.235109577280253	1.2
44.352357387542725	1.235109577280253	1.2
44.364941120147705	1.2342306021309561	1.2
44.37581920623779	1.2342306021309561	1.2
44.389317989349365	1.2342306021309561	1.2
44.40403962135315	1.2332387295806557	1.2
44.41533970832825	1.2332387295806557	1.2
44.42666411399841	1.2332387295806557	1.2
44.44272065162659	1.2332387295806557	1.2
44.459425926208496	1.2301157844721824	1.2
44.47669267654419	1.2301157844721824	1.2
44.49159479141235	1.2301157844721824	1.2
44.505427837371826	1.2268833411070652	1.2
44.5180561542511	1.2268833411070652	1.2
44.5307731628418	1.2268833411070652	1.2
44.54711151123047	1.2228973347400829	1.2
44.5603187084198	1.2228973347400829	1.2
44.573607206344604	1.2228973347400829	1.2
44.5914351940155	1.2182217059647884	1.2
44.60600686073303	1.2182217059647884	1.2
44.618311643600464	1.2182217059647884	1.2
44.6359543800354	1.2182217059647884	1.2
44.64964008331299	1.2151825341500384	1.2
44.66379237174988	1.2151825341500384	1.2
44.6798038482666	1.2151825341500384	1.2
44.695192098617554	1.2127245545416185	1.2
44.70805239677429	1.2127245545416185	1.2
44.72120809555054	1.2127245545416185	1.2
44.73510694503784	1.2109558373737466	1.2
44.74699783325195	1.2109558373737466	1.2
44.76030874252319	1.2109558373737466	1.2
44.77654981613159	1.2109558373737466	1.2
44.79051733016968	1.2097883310893232	1.2
44.80324673652649	1.2097883310893232	1.2
44.81509470939636	1.2097883310893232	1.2
44.82915425300598	1.2074307775839335	1.2
44.843562602996826	1.2074307775839335	1.2
44.85776925086975	1.2074307775839335	1.2
44.87420916557312	1.2048705978086525	1.2
44.886449575424194	1.2048705978086525	1.2
44.89773106575012	1.2048705978086525	1.2
44.91436982154846	1.2048705978086525	1.2
44.92835235595703	1.2041031549515095	1.2
44.94058346748352	1.2041031549515095	1.2
44.95629382133484	1.2041031549515095	1.2
44.96888256072998	1.2030759453197817	1.2
44.98033046722412	1.2030759453197817	1.2
44.995054721832275	1.2030759453197817	1.2
45.009931802749634	1.2026044264133204	1.2
45.020665407180786	1.2026044264133204	1.2
45.03263258934021	1.2026044264133204	1.2
45.044127225875854	1.2026044264133204	1.2
45.05553579330444	1.2023099932737855	1.2
45.066118240356445	1.2023099932737855	1.2
45.07713866233826	1.2023099932737855	1.2
45.08967113494873	1.2023099932737855	1.2
45.10214042663574	1.2016526479974505	1.2
45.113637924194336	1.2016526479974505	1.2
45.12413001060486	1.2016526479974505	1.2
45.13516569137573	1.2016526479974505	1.2
45.14706873893738	1.2010655103193106	1.2
45.15786862373352	1.2010655103193106	1.2
45.16859436035156	1.2010655103193106	1.2
45.179269313812256	1.2010655103193106	1.2
45.191306591033936	1.198295554587717	1.2
45.20190095901489	1.198295554587717	1.2
45.212894678115845	1.198295554587717	1.2
45.226322412490845	1.198295554587717	1.2
45.238569498062134	1.1946530375265874	1.2
45.24951982498169	1.1946530375265874	1.2
45.25978469848633	1.1946530375265874	1.2
45.27146816253662	1.1946530375265874	1.2
45.28281235694885	1.1915854517612117	1.2
45.29375982284546	1.1915854517612117	1.2
45.30600714683533	1.1915854517612117	1.2
45.321869134902954	1.1915854517612117	1.2
45.332639932632446	1.1894731177275981	1.2
45.34367632865906	1.1894731177275981	1.2
45.355942487716675	1.1894731177275981	1.2
45.37011528015137	1.1852642042140844	1.2
45.38071942329407	1.1852642042140844	1.2
45.39112663269043	1.1852642042140844	1.2
45.40428566932678	1.1852642042140844	1.2
45.415809631347656	1.1820480613569417	1.2
45.42681670188904	1.1820480613569417	1.2
45.43934965133667	1.1820480613569417	1.2
45.451770305633545	1.1820480613569417	1.2
45.46606945991516	1.1795046082130543	1.2
45.47718930244446	1.1795046082130543	1.2
45.48928451538086	1.1795046082130543	1.2
45.501298666000366	1.1795046082130543	1.2
45.5148549079895	1.1767804498823757	1.2
45.52678847312927	1.1767804498823757	1.2
45.53951168060303	1.1767804498823757	1.2
45.555033445358276	1.1767804498823757	1.2
45.56661605834961	1.1749736726433777	1.2
45.57686114311218	1.1749736726433777	1.2
45.58928298950195	1.1749736726433777	1.2
45.6044602394104	1.1733645604746101	1.2
45.615575313568115	1.1733645604746101	1.2
45.62840247154236	1.1733645604746101	1.2
45.6429340839386	1.1733645604746101	1.2
45.65387153625488	1.1732482592095619	1.2
45.664185523986816	1.1732482592095619	1.2
45.67630577087402	1.1732482592095619	1.2
45.69094657897949	1.1732482592095619	1.2
45.70395612716675	1.1748845630648652	1.2
45.715463161468506	1.1748845630648652	1.2
45.72730231285095	1.1748845630648652	1.2
45.73951172828674	1.1748845630648652	1.2
45.749918699264526	1.1778965968698305	1.2
45.761101722717285	1.1778965968698305	1.2
45.77524995803833	1.1778965968698305	1.2
45.788015365600586	1.180561816038579	1.2
45.79954648017883	1.180561816038579	1.2
45.81013822555542	1.180561816038579	1.2
45.82168984413147	1.180561816038579	1.2
45.834619998931885	1.184518426897225	1.2
45.846121311187744	1.184518426897225	1.2
45.85701656341553	1.184518426897225	1.2
45.87179112434387	1.184518426897225	1.2
45.88533091545105	1.1883974079896622	1.2
45.895583629608154	1.1883974079896622	1.2
45.90702986717224	1.1883974079896622	1.2
45.92020845413208	1.1883974079896622	1.2
45.933319330215454	1.1922345585067053	1.2
45.943368434906006	1.1922345585067053	1.2
45.95445680618286	1.1922345585067053	1.2
45.96806454658508	1.1922345585067053	1.2
45.98039984703064	1.1964107982327328	1.2
45.990769386291504	1.1964107982327328	1.2
46.00338673591614	1.1964107982327328	1.2
46.01705884933472	1.2009186729861845	1.2
46.02764654159546	1.2009186729861845	1.2
46.03839635848999	1.2009186729861845	1.2
46.05220174789429	1.2009186729861845	1.2
46.06486368179321	1.205447155758949	1.2
46.075443267822266	1.205447155758949	1.2
46.08669376373291	1.205447155758949	1.2
46.09885907173157	1.205447155758949	1.2
46.110201597213745	1.2099956028260959	1.2
46.120646476745605	1.2099956028260959	1.2
46.13102579116821	1.2099956028260959	1.2
46.14433193206787	1.2099956028260959	1.2
46.15637421607971	1.2125789268494853	1.2
46.166887521743774	1.2125789268494853	1.2
46.1776647567749	1.2125789268494853	1.2
46.18870234489441	1.2125789268494853	1.2
46.20050573348999	1.2149442971197555	1.2
46.21045541763306	1.2149442971197555	1.2
46.22108173370361	1.2149442971197555	1.2
46.232776165008545	1.2149442971197555	1.2
46.24687719345093	1.2167629991939228	1.2
46.25715613365173	1.2167629991939228	1.2
46.26726984977722	1.2167629991939228	1.2
46.27924966812134	1.2167629991939228	1.2
46.29334998130798	1.21832814403629	1.2
46.304126501083374	1.21832814403629	1.2
46.31565761566162	1.21832814403629	1.2
46.329856634140015	1.21832814403629	1.2
46.341036796569824	1.2175999464259961	1.2
46.35197067260742	1.2175999464259961	1.2
46.3630793094635	1.2175999464259961	1.2
46.3774139881134	1.2175999464259961	1.2
46.38832473754883	1.2168891381553193	1.2
46.39945888519287	1.2168891381553193	1.2
46.41041851043701	1.2168891381553193	1.2
46.4220507144928	1.2168891381553193	1.2
46.43307971954346	1.2140648654280466	1.2
46.44388294219971	1.2140648654280466	1.2
46.45605754852295	1.2140648654280466	1.2
46.47184205055237	1.2140648654280466	1.2
46.48549461364746	1.2115396002216277	1.2
46.496341943740845	1.2115396002216277	1.2
46.50778269767761	1.2115396002216277	1.2
46.52151823043823	1.2088533045628274	1.2
46.533191204071045	1.2088533045628274	1.2
46.54453897476196	1.2088533045628274	1.2
46.55805420875549	1.2088533045628274	1.2
46.57233905792236	1.2062290069039645	1.2
46.58284091949463	1.2062290069039645	1.2
46.595054626464844	1.2062290069039645	1.2
46.60804319381714	1.2062290069039645	1.2
46.621225118637085	1.2043069664320654	1.2
46.63201284408569	1.2043069664320654	1.2
46.64244103431702	1.2043069664320654	1.2
46.65403175354004	1.2043069664320654	1.2
46.668503522872925	1.2024630985237559	1.2
46.68028903007507	1.2024630985237559	1.2
46.69197201728821	1.2024630985237559	1.2
46.70612645149231	1.2024630985237559	1.2
46.718177318573	1.2012430113144537	1.2
46.72970771789551	1.2012430113144537	1.2
46.744033098220825	1.2012430113144537	1.2
46.75873827934265	1.2001830715142217	1.2
46.77067184448242	1.2001830715142217	1.2
46.78392291069031	1.2001830715142217	1.2
46.797353982925415	1.2001830715142217	1.2
46.810997009277344	1.2007685229944847	1.2
46.82614707946777	1.2007685229944847	1.2
46.83964562416077	1.2007685229944847	1.2
46.854838132858276	1.2001102518151996	1.2
46.865994691848755	1.2001102518151996	1.2
46.87787652015686	1.2001102518151996	1.2
46.89216899871826	1.2001102518151996	1.2
46.90677762031555	1.2003772085187336	1.2
46.919119358062744	1.2003772085187336	1.2
46.93444347381592	1.2003772085187336	1.2
46.948038816452026	1.199719803092856	1.2
46.9586546421051	1.199719803092856	1.2
46.97032380104065	1.199719803092856	1.2
46.98485565185547	1.199719803092856	1.2
46.996469020843506	1.1990899841114449	1.2
47.00870132446289	1.1990899841114449	1.2
47.020339012145996	1.1990899841114449	1.2
47.03155469894409	1.1990899841114449	1.2
47.04258894920349	1.199275584244071	1.2
47.053598165512085	1.199275584244071	1.2
47.06569147109985	1.199275584244071	1.2
47.07791066169739	1.1989096420534016	1.2
47.08866763114929	1.1989096420534016	1.2
47.09929180145264	1.1989096420534016	1.2
47.11052322387695	1.1989096420534016	1.2
47.121662616729736	1.1985526124156984	1.2
47.132534980773926	1.1985526124156984	1.2
47.14273738861084	1.1985526124156984	1.2
47.155158042907715	1.1985526124156984	1.2
47.16739296913147	1.1978794128744144	1.2
47.179572343826294	1.1978794128744144	1.2
47.190452098846436	1.1978794128744144	1.2
47.201141119003296	1.1978794128744144	1.2
47.21383190155029	1.1972230335640694	1.2
47.22557520866394	1.1972230335640694	1.2
47.236565589904785	1.1972230335640694	1.2
47.249839305877686	1.1972230335640694	1.2
47.262513399124146	1.1961723607222623	1.2
47.27323651313782	1.1961723607222623	1.2
47.28375029563904	1.1961723607222623	1.2
47.29659414291382	1.1961723607222623	1.2
47.308815002441406	1.1960100599201233	1.2
47.31944489479065	1.1960100599201233	1.2
47.33213520050049	1.1960100599201233	1.2
47.34575152397156	1.1960100599201233	1.2
47.35627198219299	1.196550086470178	1.2
47.366374492645264	1.196550086470178	1.2
47.379029273986816	1.196550086470178	1.2
47.39354586601257	1.1973914932743288	1.2
47.404412508010864	1.1973914932743288	1.2
47.415311098098755	1.1973914932743288	1.2
47.4279351234436	1.1973914932743288	1.2
47.44237232208252	1.1982020728319935	1.2
47.45335340499878	1.1982020728319935	1.2
47.46647047996521	1.1982020728319935	1.2
47.47925281524658	1.1982020728319935	1.2
47.49045419692993	1.1966895135647522	1.2
47.50239372253418	1.1966895135647522	1.2
47.51707482337952	1.1966895135647522	1.2
47.5322687625885	1.1956132880288715	1.2
47.545621395111084	1.1956132880288715	1.2
47.55707931518555	1.1956132880288715	1.2
47.568859338760376	1.1956132880288715	1.2
47.5835702419281	1.1934888313375955	1.2
47.59579563140869	1.1934888313375955	1.2
47.60855722427368	1.1934888313375955	1.2
47.6232807636261	1.1934888313375955	1.2
47.635135889053345	1.1915430177209851	1.2
47.64556527137756	1.1915430177209851	1.2
47.657960176467896	1.1915430177209851	1.2
47.672595739364624	1.1915430177209851	1.2
47.68470335006714	1.1891764559157383	1.2
47.69631814956665	1.1891764559157383	1.2
47.708982944488525	1.1891764559157383	1.2
47.72121834754944	1.1877330366522822	1.2
47.732967138290405	1.1877330366522822	1.2
47.74411988258362	1.1877330366522822	1.2
47.75800371170044	1.1877330366522822	1.2
47.77104043960571	1.1861880968570273	1.2
47.78207182884216	1.1861880968570273	1.2
47.794384241104126	1.1861880968570273	1.2
47.806355714797974	1.1861880968570273	1.2
47.818483114242554	1.1846009524464138	1.2
47.829737186431885	1.1846009524464138	1.2
47.841861724853516	1.1846009524464138	1.2
47.857465505599976	1.1846009524464138	1.2
47.87037801742554	1.1819703671621329	1.2
47.88158702850342	1.1819703671621329	1.2
47.89233708381653	1.1819703671621329	1.2
47.90597677230835	1.1819703671621329	1.2
47.9194073677063	1.179352195816794	1.2
47.931514501571655	1.179352195816794	1.2
47.94573760032654	1.179352195816794	1.2
47.958903789520264	1.1783968407031575	1.2
47.96906304359436	1.1783968407031575	1.2
47.979358434677124	1.1783968407031575	1.2
47.99337959289551	1.1783968407031575	1.2
48.00731444358826	1.1782153801737132	1.2
48.01827073097229	1.1782153801737132	1.2
48.0295135974884	1.1782153801737132	1.2
48.040475368499756	1.1782153801737132	1.2
48.05317449569702	1.1806889627242545	1.2
48.064603328704834	1.1806889627242545	1.2
48.075024366378784	1.1806889627242545	1.2
48.087167501449585	1.1806889627242545	1.2
48.09853744506836	1.1827969216652816	1.2
48.10952067375183	1.1827969216652816	1.2
48.12065267562866	1.1827969216652816	1.2
48.131020307540894	1.1827969216652816	1.2
48.14321827888489	1.185609017290157	1.2
48.15476608276367	1.185609017290157	1.2
48.16595101356506	1.185609017290157	1.2
48.17825126647949	1.185609017290157	1.2
48.189324140548706	1.1875010255319152	1.2
48.20002007484436	1.1875010255319152	1.2
48.21092939376831	1.1875010255319152	1.2
48.22351694107056	1.1875010255319152	1.2
48.23591351509094	1.1892707798813587	1.2
48.24646711349487	1.1892707798813587	1.2
48.256919145584106	1.1892707798813587	1.2
48.270331144332886	1.1892707798813587	1.2
48.28220868110657	1.191143599479942	1.2
48.292935371398926	1.191143599479942	1.2
48.30554938316345	1.191143599479942	1.2
48.319114208221436	1.1949717504466224	1.2
48.329633951187134	1.1949717504466224	1.2
48.340293645858765	1.1949717504466224	1.2
48.35405254364014	1.1949717504466224	1.2
48.36755037307739	1.1987586172518667	1.2
48.37793517112732	1.1987586172518667	1.2
48.3901002407074	1.1987586172518667	1.2
48.40364050865173	1.1987586172518667	1.2
48.41490197181702	1.203279321733481	1.2
48.42611479759216	1.203279321733481	1.2
48.438321352005005	1.203279321733481	1.2
48.45242381095886	1.203279321733481	1.2
48.46373796463013	1.206116298291572	1.2
48.4751079082489	1.206116298291572	1.2
48.48715043067932	1.206116298291572	1.2
48.499860763549805	1.206116298291572	1.2
48.51162242889404	1.2063500949783192	1.2
48.52298426628113	1.2063500949783192	1.2
48.536635875701904	1.2063500949783192	1.2
48.55057334899902	1.2065703966441663	1.2
48.56170964241028	1.2065703966441663	1.2
48.57270169258118	1.2065703966441663	1.2
48.58622193336487	1.2065703966441663	1.2
48.60143828392029	1.2056936357703418	1.2
48.61392569541931	1.2056936357703418	1.2
48.6271755695343	1.2056936357703418	1.2
48.643025636672974	1.2064002489385053	1.2
48.654542684555054	1.2064002489385053	1.2
48.66724944114685	1.2064002489385053	1.2
48.68510723114014	1.2064002489385053	1.2
48.697083711624146	1.2061190297247002	1.2
48.70967745780945	1.2061190297247002	1.2
48.722389936447144	1.2061190297247002	1.2
48.735209941864014	1.2053364180628925	1.2
48.747146129608154	1.2053364180628925	1.2
48.759355306625366	1.2053364180628925	1.2
48.77582240104675	1.2053364180628925	1.2
48.78904938697815	1.2033939062529737	1.2
48.80074191093445	1.2033939062529737	1.2
48.81135368347168	1.2033939062529737	1.2
48.82563805580139	1.2033939062529737	1.2
48.84141492843628	1.2012828050818611	1.2
48.854785680770874	1.2012828050818611	1.2
48.86975884437561	1.2012828050818611	1.2
48.883166551589966	1.1986899780353124	1.2
48.894264221191406	1.1986899780353124	1.2
48.905941009521484	1.1986899780353124	1.2
48.92074275016785	1.1986899780353124	1.2
48.933438539505005	1.1966851876402311	1.2
48.945253133773804	1.1966851876402311	1.2
48.96189069747925	1.1966851876402311	1.2
48.976072788238525	1.1955541559346916	1.2
48.987653493881226	1.1955541559346916	1.2
48.99925255775452	1.1955541559346916	1.2
49.01248121261597	1.1955541559346916	1.2
49.02550411224365	1.194710105854133	1.2
49.03747296333313	1.194710105854133	1.2
49.048988580703735	1.194710105854133	1.2
49.06088423728943	1.194710105854133	1.2
49.07409858703613	1.1949650438371695	1.2
49.0853705406189	1.1949650438371695	1.2
49.09598755836487	1.1949650438371695	1.2
49.10720729827881	1.1949650438371695	1.2
49.119155406951904	1.1945384938558192	1.2
49.130427837371826	1.1945384938558192	1.2
49.14120411872864	1.1945384938558192	1.2
49.1569139957428	1.1945384938558192	1.2
49.16842699050903	1.1953046817707835	1.2
49.17876124382019	1.1953046817707835	1.2
49.19082760810852	1.1953046817707835	1.2
49.204322814941406	1.196883101769297	1.2
49.21620321273804	1.196883101769297	1.2
49.22822546958923	1.196883101769297	1.2
49.2406222820282	1.196883101769297	1.2
49.2522132396698	1.1983479981396783	1.2
49.26267385482788	1.1983479981396783	1.2
49.273693561553955	1.1983479981396783	1.2
49.2874321937561	1.1983479981396783	1.2
49.30077242851257	1.1991659814635902	1.2
49.31106448173523	1.1991659814635902	1.2
49.321831703186035	1.1991659814635902	1.2
49.33318781852722	1.1991659814635902	1.2
49.345423221588135	1.1995022647565685	1.2
49.35636258125305	1.1995022647565685	1.2
49.367324113845825	1.1995022647565685	1.2
49.37843894958496	1.1995022647565685	1.2
49.391289472579956	1.2000520211532903	1.2
49.403318881988525	1.2000520211532903	1.2
49.41447639465332	1.2000520211532903	1.2
49.4262158870697	1.2000520211532903	1.2
49.438480615615845	1.2002106508505195	1.2
49.45014762878418	1.2002106508505195	1.2
49.46127367019653	1.2002106508505195	1.2
49.47789740562439	1.2002106508505195	1.2
49.49282193183899	1.1996149669551526	1.2
49.50544285774231	1.1996149669551526	1.2
49.51882863044739	1.1996149669551526	1.2
49.53437256813049	1.198752187934283	1.2
49.546231269836426	1.198752187934283	1.2
49.557316064834595	1.198752187934283	1.2
49.57061839103699	1.198752187934283	1.2
49.582987785339355	1.19774248964004	1.2
49.59594368934631	1.19774248964004	1.2
49.6087691783905	1.19774248964004	1.2
49.62251830101013	1.19774248964004	1.2
49.634878635406494	1.1963505152082219	1.2
49.64549899101257	1.1963505152082219	1.2
49.65710473060608	1.1963505152082219	1.2
49.67022109031677	1.1963505152082219	1.2
49.68202877044678	1.1947905414962134	1.2
49.693910121917725	1.1947905414962134	1.2
49.70575785636902	1.1947905414962134	1.2
49.71824336051941	1.1942664620130263	1.2
49.729438066482544	1.1942664620130263	1.2
49.74048733711243	1.1942664620130263	1.2
49.75665879249573	1.1942664620130263	1.2
49.77058005332947	1.1952958503929687	1.2
49.78130507469177	1.1952958503929687	1.2
49.792421102523804	1.1952958503929687	1.2
49.805521965026855	1.1952958503929687	1.2
49.81857180595398	1.1963006862124854	1.2
49.830464124679565	1.1963006862124854	1.2
49.84669637680054	1.1963006862124854	1.2
49.85921859741211	1.1974231936798474	1.2
49.869829416275024	1.1974231936798474	1.2
49.88200569152832	1.1974231936798474	1.2
49.89768075942993	1.1974231936798474	1.2
49.90989017486572	1.1992527664628054	1.2
49.92115259170532	1.1992527664628054	1.2
49.93380308151245	1.1992527664628054	1.2
49.94607973098755	1.1992527664628054	1.2
49.95751738548279	1.2026623055375223	1.2
49.96856951713562	1.2026623055375223	1.2
49.98055720329285	1.2026623055375223	1.2
49.99606204032898	1.205881450552628	1.2
50.00761413574219	1.205881450552628	1.2
50.01874613761902	1.205881450552628	1.2
50.02947807312012	1.205881450552628	1.2
50.042702198028564	1.205881450552628	1.2
50.05427646636963	1.2086154142329213	1.2
50.065237522125244	1.2086154142329213	1.2
50.08085370063782	1.2086154142329213	1.2
50.09484624862671	1.2113638126704214	1.2
50.105457067489624	1.2113638126704214	1.2
50.11725187301636	1.2113638126704214	1.2
50.130807876586914	1.2113638126704214	1.2
50.14372491836548	1.2158016744209905	1.2
50.15526819229126	1.2158016744209905	1.2
50.1690993309021	1.2158016744209905	1.2
50.18107008934021	1.2191936799154959	1.2
50.19196534156799	1.2191936799154959	1.2
50.20421767234802	1.2191936799154959	1.2
50.21914601325989	1.2191936799154959	1.2
50.231945514678955	1.22088307128172	1.2
50.243218183517456	1.22088307128172	1.2
50.25567173957825	1.22088307128172	1.2
50.26799440383911	1.2229056455490155	1.2
50.279508113861084	1.2229056455490155	1.2
50.29235363006592	1.2229056455490155	1.2
50.30615830421448	1.2229056455490155	1.2
50.318360805511475	1.2243931648526742	1.2
50.3297119140625	1.2243931648526742	1.2
50.34051561355591	1.2243931648526742	1.2
50.35163235664368	1.2243931648526742	1.2
50.364296197891235	1.2266347047326227	1.2
50.37587928771973	1.2266347047326227	1.2
50.38685703277588	1.2266347047326227	1.2
50.40063810348511	1.2266347047326227	1.2
50.4140944480896	1.2272872276286388	1.2
50.425312519073486	1.2272872276286388	1.2
50.4373254776001	1.2272872276286388	1.2
50.45123887062073	1.2272872276286388	1.2
50.46472501754761	1.22805452995422	1.2
50.4757194519043	1.22805452995422	1.2
50.4901008605957	1.22805452995422	1.2
50.50492453575134	1.2283967385941443	1.2
50.517590045928955	1.2283967385941443	1.2
50.53273248672485	1.2283967385941443	1.2
50.547399282455444	1.228059241565095	1.2
50.558586835861206	1.228059241565095	1.2
50.570069789886475	1.228059241565095	1.2
50.58495497703552	1.228059241565095	1.2
50.59904861450195	1.2257062056940302	1.2
50.61214780807495	1.2257062056940302	1.2
50.62533736228943	1.2257062056940302	1.2
50.63774299621582	1.2257062056940302	1.2
50.64987111091614	1.2243594749247995	1.2
50.6621515750885	1.2243594749247995	1.2
50.677063941955566	1.2243594749247995	1.2
50.69257354736328	1.2232948794409284	1.2
50.70462608337402	1.2232948794409284	1.2
50.71576523780823	1.2232948794409284	1.2
50.729647636413574	1.2232948794409284	1.2
50.74536609649658	1.2218524835171063	1.2
50.756701707839966	1.2218524835171063	1.2
50.77231788635254	1.2218524835171063	1.2
50.785829067230225	1.2204767954163864	1.2
50.79684495925903	1.2204767954163864	1.2
50.809781074523926	1.2204767954163864	1.2
50.82685303688049	1.2204767954163864	1.2
50.841394901275635	1.217613812787727	1.2
50.8537380695343	1.217613812787727	1.2
50.86647319793701	1.217613812787727	1.2
50.878817319869995	1.2157182241860451	1.2
50.89252758026123	1.2157182241860451	1.2
50.90492224693298	1.2157182241860451	1.2
50.919949769973755	1.2157182241860451	1.2
50.93418574333191	1.2130204352135796	1.2
50.94623327255249	1.2130204352135796	1.2
50.957974672317505	1.2130204352135796	1.2
50.970043897628784	1.2113867489139638	1.2
50.981324195861816	1.2113867489139638	1.2
50.99267530441284	1.2113867489139638	1.2
51.007078647613525	1.2113867489139638	1.2
51.020761013031006	1.210532722505513	1.2
51.031460762023926	1.210532722505513	1.2
51.04210877418518	1.210532722505513	1.2
51.0547411441803	1.210532722505513	1.2
51.068628549575806	1.2096393583679503	1.2
51.07995820045471	1.2096393583679503	1.2
51.094112157821655	1.2096393583679503	1.2
51.10793948173523	1.2087769877712575	1.2
51.11917018890381	1.2087769877712575	1.2
51.129982471466064	1.2087769877712575	1.2
51.14472150802612	1.2087769877712575	1.2
51.15736651420593	1.2084497768035152	1.2
51.1681272983551	1.2084497768035152	1.2
51.17992901802063	1.2084497768035152	1.2
51.194570779800415	1.2084497768035152	1.2
51.207122802734375	1.2094529941723446	1.2
51.21830105781555	1.2094529941723446	1.2
51.22954535484314	1.2094529941723446	1.2
51.240800619125366	1.2094529941723446	1.2
51.251996755599976	1.2115258920487666	1.2
51.262781620025635	1.2115258920487666	1.2
51.274115562438965	1.2115258920487666	1.2
51.28691840171814	1.2115258920487666	1.2
51.297813177108765	1.213549729774275	1.2
51.309303760528564	1.213549729774275	1.2
51.320743799209595	1.213549729774275	1.2
51.33236908912659	1.213549729774275	1.2
51.3444607257843	1.2146368488878483	1.2
51.35606670379639	1.2146368488878483	1.2
51.37038588523865	1.2146368488878483	1.2
51.38444709777832	1.2162512226315068	1.2
51.39509987831116	1.2162512226315068	1.2
51.40512943267822	1.2162512226315068	1.2
51.4172739982605	1.2162512226315068	1.2
51.43095636367798	1.2175752468962664	1.2
51.442933797836304	1.2175752468962664	1.2
51.45471239089966	1.2175752468962664	1.2
51.475006103515625	1.2181990922352495	1.2
51.48607325553894	1.2181990922352495	1.2
51.498769760131836	1.2181990922352495	1.2
51.51473093032837	1.2181990922352495	1.2
51.52897787094116	1.219050779719542	1.2
51.54113721847534	1.219050779719542	1.2
51.554218769073486	1.219050779719542	1.2
51.566351652145386	1.2185489274655563	1.2
51.57855677604675	1.2185489274655563	1.2
51.59112763404846	1.2185489274655563	1.2
51.603870153427124	1.2185489274655563	1.2
51.617886543273926	1.2189674111093545	1.2
51.62991428375244	1.2189674111093545	1.2
51.64245247840881	1.2189674111093545	1.2
51.65665912628174	1.2189674111093545	1.2
51.67022228240967	1.217933943751467	1.2
51.68314528465271	1.217933943751467	1.2
51.69708776473999	1.217933943751467	1.2
51.71151804924011	1.2160800518376578	1.2
51.72367072105408	1.2160800518376578	1.2
51.73464369773865	1.2160800518376578	1.2
51.750328540802	1.2160800518376578	1.2
51.76331281661987	1.2143433610862127	1.2
51.77493071556091	1.2143433610862127	1.2
51.786766052246094	1.2143433610862127	1.2
51.80018162727356	1.2143433610862127	1.2
51.811771392822266	1.212372395338249	1.2
51.82328128814697	1.212372395338249	1.2
51.837421894073486	1.212372395338249	1.2
51.85307812690735	1.2105723619000115	1.2
51.86502742767334	1.2105723619000115	1.2
51.87693810462952	1.2105723619000115	1.2
51.88978099822998	1.2105723619000115	1.2
51.90408897399902	1.2087646626908488	1.2
51.916626930236816	1.2087646626908488	1.2
51.92886257171631	1.2087646626908488	1.2
51.94224500656128	1.207823643650567	1.2
51.95507311820984	1.207823643650567	1.2
51.96596431732178	1.207823643650567	1.2
51.9804368019104	1.207823643650567	1.2
51.99280571937561	1.207092565963522	1.2
52.00406503677368	1.207092565963522	1.2
52.01540422439575	1.207092565963522	1.2
52.02722382545471	1.207092565963522	1.2
52.040234088897705	1.2064950620935533	1.2
52.051480531692505	1.2064950620935533	1.2
52.06555461883545	1.2064950620935533	1.2
52.07940149307251	1.203905206400737	1.2
52.09053349494934	1.203905206400737	1.2
52.10116958618164	1.203905206400737	1.2
52.11391234397888	1.203905206400737	1.2
52.12857007980347	1.2012618848813488	1.2
52.14177656173706	1.2012618848813488	1.2
52.15388560295105	1.2012618848813488	1.2
52.165353536605835	1.2012618848813488	1.2
52.177220582962036	1.198568849805509	1.2
52.190000772476196	1.198568849805509	1.2
52.20304012298584	1.198568849805509	1.2
52.215787172317505	1.198568849805509	1.2
52.227808237075806	1.1966869288245827	1.2
52.23879957199097	1.1966869288245827	1.2
52.24959850311279	1.1966869288245827	1.2
52.260602712631226	1.1966869288245827	1.2
52.27237391471863	1.1946409644328913	1.2
52.283469438552856	1.1946409644328913	1.2
52.296122550964355	1.1946409644328913	1.2
52.3104465007782	1.1927495504295273	1.2
52.321913957595825	1.1927495504295273	1.2
52.33257174491882	1.1927495504295273	1.2
52.34425377845764	1.1927495504295273	1.2
52.35830545425415	1.1907841035071365	1.2
52.36959481239319	1.1907841035071365	1.2
52.38185143470764	1.1907841035071365	1.2
52.396525144577026	1.1907841035071365	1.2
52.40837383270264	1.1888689413145805	1.2
52.41972327232361	1.1888689413145805	1.2
52.434473752975464	1.1888689413145805	1.2
52.44933891296387	1.1888689413145805	1.2
52.460314989089966	1.1867920081621697	1.2
52.4731650352478	1.1867920081621697	1.2
52.48590803146362	1.1867920081621697	1.2
52.49864387512207	1.1856298856372076	1.2
52.50976777076721	1.1856298856372076	1.2
52.521801471710205	1.1856298856372076	1.2
52.53449773788452	1.1856298856372076	1.2
52.54812002182007	1.1859234897650786	1.2
52.55965280532837	1.1859234897650786	1.2
52.57128429412842	1.1859234897650786	1.2
52.58589148521423	1.1859234897650786	1.2
52.599443674087524	1.186214259026616	1.2
52.61163568496704	1.186214259026616	1.2
52.62771773338318	1.186214259026616	1.2
52.642369747161865	1.1866929657399499	1.2
52.65331792831421	1.1866929657399499	1.2
52.66592764854431	1.1866929657399499	1.2
52.683714628219604	1.1864154659891688	1.2
52.69484186172485	1.1864154659891688	1.2
52.70630931854248	1.1864154659891688	1.2
52.721054792404175	1.1864154659891688	1.2
52.736332178115845	1.1868977525625257	1.2
52.74849057197571	1.1868977525625257	1.2
52.7601056098938	1.1868977525625257	1.2
52.773197889328	1.1868977525625257	1.2
52.78542113304138	1.188546867594853	1.2
52.797478914260864	1.188546867594853	1.2
52.8101589679718	1.188546867594853	1.2
52.823150634765625	1.188546867594853	1.2
52.83528757095337	1.190090008355498	1.2
52.847233057022095	1.190090008355498	1.2
52.85972452163696	1.190090008355498	1.2
52.87418055534363	1.1911666887615477	1.2
52.88644051551819	1.1911666887615477	1.2
52.89881443977356	1.1911666887615477	1.2
52.91408967971802	1.1911666887615477	1.2
52.92759084701538	1.1919932644381186	1.2
52.938456296920776	1.1919932644381186	1.2
52.95329523086548	1.1919932644381186	1.2
52.96823167800903	1.192741473966303	1.2
52.98078227043152	1.192741473966303	1.2
52.993736743927	1.192741473966303	1.2
53.00801873207092	1.192741473966303	1.2
53.01871466636658	1.1939728732430033	1.2
53.02965712547302	1.1939728732430033	1.2
53.04679846763611	1.1939728732430033	1.2
53.05984902381897	1.1957229764895427	1.2
53.0722541809082	1.1957229764895427	1.2
53.08501958847046	1.1957229764895427	1.2
53.09667491912842	1.1957229764895427	1.2
53.108338832855225	1.1965690138384375	1.2
53.11909890174866	1.1965690138384375	1.2
53.131104469299316	1.1965690138384375	1.2
53.144317626953125	1.1975063089016953	1.2
53.15556073188782	1.1975063089016953	1.2
53.16757798194885	1.1975063089016953	1.2
53.17906618118286	1.1975063089016953	1.2
53.19336986541748	1.1989611203218389	1.2
53.204323530197144	1.1989611203218389	1.2
53.21503019332886	1.1989611203218389	1.2
53.22845244407654	1.1989611203218389	1.2
53.24126148223877	1.1993055971304019	1.2
53.25247383117676	1.1993055971304019	1.2
53.26372981071472	1.1993055971304019	1.2
53.276530027389526	1.1993055971304019	1.2
53.2913773059845	1.1999081988659879	1.2
53.30344891548157	1.1999081988659879	1.2
53.31728219985962	1.1999081988659879	1.2
53.33037805557251	1.2008250228320534	1.2
53.34092450141907	1.2008250228320534	1.2
53.353020906448364	1.2008250228320534	1.2
53.367979288101196	1.2008250228320534	1.2
53.38102579116821	1.2017148027154356	1.2
53.39203643798828	1.2017148027154356	1.2
53.404168128967285	1.2017148027154356	1.2
53.41756987571716	1.2032349052975824	1.2
53.428733587265015	1.2032349052975824	1.2
53.43982172012329	1.2032349052975824	1.2
53.45405626296997	1.2032349052975824	1.2
53.46599745750427	1.2039766950490463	1.2
53.47791886329651	1.2039766950490463	1.2
53.49447703361511	1.2039766950490463	1.2
53.51085019111633	1.2039766950490463	1.2
53.528602838516235	1.2043852206535983	1.2
53.5430862903595	1.2043852206535983	1.2
53.55577611923218	1.2043852206535983	1.2
53.572304487228394	1.2043852206535983	1.2
53.58627963066101	1.2045889570590818	1.2
53.59888529777527	1.2045889570590818	1.2
53.6141037940979	1.2045889570590818	1.2
53.62964940071106	1.2047714078049305	1.2
53.64267611503601	1.2047714078049305	1.2
53.65564775466919	1.2047714078049305	1.2
53.67020273208618	1.2047714078049305	1.2
53.683531522750854	1.2052828125668351	1.2
53.69619011878967	1.2052828125668351	1.2
53.70822477340698	1.2052828125668351	1.2
53.72158241271973	1.2045005407392804	1.2
53.733359575271606	1.2045005407392804	1.2
53.74634528160095	1.2045005407392804	1.2
53.76063299179077	1.2045005407392804	1.2
53.781596422195435	1.2039417138046546	1.2
53.79314589500427	1.2039417138046546	1.2
53.80976915359497	1.2039417138046546	1.2
53.82430028915405	1.203925062218286	1.2
53.837172985076904	1.203925062218286	1.2
53.85081243515015	1.203925062218286	1.2
53.86431264877319	1.2039168219585454	1.2
53.876059770584106	1.2039168219585454	1.2
53.889405727386475	1.2039168219585454	1.2
53.90518236160278	1.2039168219585454	1.2
53.91729545593262	1.2024469201306132	1.2
53.92941689491272	1.2024469201306132	1.2
53.940871238708496	1.2024469201306132	1.2
53.95369577407837	1.2024469201306132	1.2
53.96499013900757	1.2009994999125972	1.2
53.97572445869446	1.2009994999125972	1.2
53.98917365074158	1.2009994999125972	1.2
54.00326323509216	1.1974923871544363	1.2
54.01538562774658	1.1974923871544363	1.2
54.02611804008484	1.1974923871544363	1.2
54.03868055343628	1.1974923871544363	1.2
54.051300287246704	1.1952113915832416	1.2
54.06202745437622	1.1952113915832416	1.2
54.07409167289734	1.1952113915832416	1.2
54.09408450126648	1.1929083562254683	1.2
54.10446071624756	1.1929083562254683	1.2
54.11497688293457	1.1929083562254683	1.2
54.1315655708313	1.1929083562254683	1.2
54.14602208137512	1.1895072387005514	1.2
54.15737223625183	1.1895072387005514	1.2
54.16849637031555	1.1895072387005514	1.2
54.17948317527771	1.1895072387005514	1.2
54.19205117225647	1.1875958609001749	1.2
54.20398235321045	1.1875958609001749	1.2
54.21541690826416	1.1875958609001749	1.2
54.22800374031067	1.1875958609001749	1.2
54.23964810371399	1.185092485058744	1.2
54.250725746154785	1.185092485058744	1.2
54.26302719116211	1.185092485058744	1.2
54.27637696266174	1.185092485058744	1.2
54.28741121292114	1.1818513585299808	1.2
54.29984259605408	1.1818513585299808	1.2
54.31079578399658	1.1818513585299808	1.2
54.32297873497009	1.178750690289131	1.2
54.33469104766846	1.178750690289131	1.2
54.34624624252319	1.178750690289131	1.2
54.359646797180176	1.178750690289131	1.2
54.381640672683716	1.176049757241999	1.2
54.39266753196716	1.176049757241999	1.2
54.40437459945679	1.176049757241999	1.2
54.417277097702026	1.1726676086960974	1.2
54.428183794021606	1.1726676086960974	1.2
54.439600229263306	1.1726676086960974	1.2
54.45886421203613	1.1726676086960974	1.2
54.470959424972534	1.1717632784117207	1.2
54.48401236534119	1.1717632784117207	1.2
54.5001118183136	1.1717632784117207	1.2
54.51478552818298	1.1704502326557282	1.2
54.52682447433472	1.1704502326557282	1.2
54.53915476799011	1.1704502326557282	1.2
54.55355191230774	1.1692141463744976	1.2
54.56508111953735	1.1692141463744976	1.2
54.577709674835205	1.1692141463744976	1.2
54.591830253601074	1.1692141463744976	1.2
54.606457233428955	1.1683531185138265	1.2
54.618767499923706	1.1683531185138265	1.2
54.62968397140503	1.1683531185138265	1.2
54.64290404319763	1.1683531185138265	1.2
54.654879331588745	1.1674179641737845	1.2
54.666444063186646	1.1674179641737845	1.2
54.6802453994751	1.1674179641737845	1.2
54.69601273536682	1.1670069063435569	1.2
54.70804262161255	1.1670069063435569	1.2
54.71966075897217	1.1670069063435569	1.2
54.732640504837036	1.1670069063435569	1.2
54.74697136878967	1.166442675463187	1.2
54.75856113433838	1.166442675463187	1.2
54.773096561431885	1.166442675463187	1.2
54.787468910217285	1.1660983610325295	1.2
54.79980206489563	1.1660983610325295	1.2
54.811352491378784	1.1660983610325295	1.2
54.8269202709198	1.1660983610325295	1.2
54.8403525352478	1.166801766009905	1.2
54.8517165184021	1.166801766009905	1.2
54.86547136306763	1.166801766009905	1.2
54.87809419631958	1.167176284634547	1.2
54.88960790634155	1.167176284634547	1.2
54.90261244773865	1.167176284634547	1.2
54.916313886642456	1.167176284634547	1.2
54.92949199676514	1.1683532597912687	1.2
54.941895961761475	1.1683532597912687	1.2
54.953314781188965	1.1683532597912687	1.2
54.966710567474365	1.169849061495814	1.2
54.979105710983276	1.169849061495814	1.2
54.99040150642395	1.169849061495814	1.2
55.0017352104187	1.169849061495814	1.2
55.01462531089783	1.172484344543905	1.2
55.02579855918884	1.172484344543905	1.2
55.03708791732788	1.172484344543905	1.2
55.048728466033936	1.172484344543905	1.2
55.062572717666626	1.1752045215350555	1.2
55.073891401290894	1.1752045215350555	1.2
55.084412813186646	1.1752045215350555	1.2
55.096587896347046	1.1752045215350555	1.2
55.10905313491821	1.177371704263376	1.2
55.120097398757935	1.177371704263376	1.2
55.1321976184845	1.177371704263376	1.2
55.14690446853638	1.177371704263376	1.2
55.15862035751343	1.1787083358315624	1.2
55.169312477111816	1.1787083358315624	1.2
55.18109750747681	1.1787083358315624	1.2
55.1959924697876	1.1787083358315624	1.2
55.209009885787964	1.181205089072589	1.2
55.22012186050415	1.181205089072589	1.2
55.23217558860779	1.181205089072589	1.2
55.24403476715088	1.1837987950865432	1.2
55.254921436309814	1.1837987950865432	1.2
55.266385555267334	1.1837987950865432	1.2
55.28062295913696	1.1837987950865432	1.2
55.29365658760071	1.184611212833467	1.2
55.304941177368164	1.184611212833467	1.2
55.316115617752075	1.184611212833467	1.2
55.327425956726074	1.184611212833467	1.2
55.33918070793152	1.1874757194647667	1.2
55.349669456481934	1.1874757194647667	1.2
55.36334490776062	1.1874757194647667	1.2
55.376585483551025	1.1888477885651576	1.2
55.38837480545044	1.1888477885651576	1.2
55.39906620979309	1.1888477885651576	1.2
55.41048622131348	1.1888477885651576	1.2
55.423476219177246	1.1902268167702859	1.2
55.43435597419739	1.1902268167702859	1.2
55.44598340988159	1.1902268167702859	1.2
55.46072220802307	1.1902268167702859	1.2
55.47370171546936	1.1907726987048521	1.2
55.484283208847046	1.1907726987048521	1.2
55.49676847457886	1.1907726987048521	1.2
55.51508927345276	1.1913911476187702	1.2
55.52746868133545	1.1913911476187702	1.2
55.54006052017212	1.1913911476187702	1.2
55.55438470840454	1.1913911476187702	1.2
55.56599569320679	1.1925091344211833	1.2
55.57879900932312	1.1925091344211833	1.2
55.593425035476685	1.1925091344211833	1.2
55.60868263244629	1.1941184303024808	1.2
55.62358260154724	1.1941184303024808	1.2
55.636486768722534	1.1941184303024808	1.2
55.649436950683594	1.1956109713458187	1.2
55.6607403755188	1.1956109713458187	1.2
55.67334485054016	1.1956109713458187	1.2
55.685781478881836	1.1956109713458187	1.2
55.69753551483154	1.19654814503757	1.2
55.711071252822876	1.19654814503757	1.2
55.7237548828125	1.19654814503757	1.2
55.737948417663574	1.19654814503757	1.2
55.74975228309631	1.1985635611048766	1.2
55.76184058189392	1.1985635611048766	1.2
55.77361583709717	1.1985635611048766	1.2
55.78682613372803	1.1994675999281221	1.2
55.79849696159363	1.1994675999281221	1.2
55.81452035903931	1.1994675999281221	1.2
55.83017182350159	1.1994675999281221	1.2
55.84255886077881	1.200698925866335	1.2
55.853667974472046	1.200698925866335	1.2
55.866671562194824	1.200698925866335	1.2
55.88077092170715	1.2015382976612066	1.2
55.89274311065674	1.2015382976612066	1.2
55.90495562553406	1.2015382976612066	1.2
55.91954517364502	1.2015382976612066	1.2
55.93200612068176	1.2016402535644783	1.2
55.94348931312561	1.2016402535644783	1.2
55.95740103721619	1.2016402535644783	1.2
55.97220778465271	1.2029930188921738	1.2
55.983198165893555	1.2029930188921738	1.2
55.99513363838196	1.2029930188921738	1.2
56.0073516368866	1.2029930188921738	1.2
56.020143032073975	1.2036527953870695	1.2
56.03103685379028	1.2036527953870695	1.2
56.04269099235535	1.2036527953870695	1.2
56.05519199371338	1.2036527953870695	1.2
56.068164348602295	1.204560224101969	1.2
56.07937574386597	1.204560224101969	1.2
56.090763330459595	1.204560224101969	1.2
56.10286331176758	1.204560224101969	1.2
56.11580967903137	1.2036143922860654	1.2
56.126370906829834	1.2036143922860654	1.2
56.139116287231445	1.2036143922860654	1.2
56.153743267059326	1.2040531251219975	1.2
56.164745807647705	1.2040531251219975	1.2
56.175292015075684	1.2040531251219975	1.2
56.18926167488098	1.2040531251219975	1.2
56.20348143577576	1.2043041706003492	1.2
56.21512699127197	1.2043041706003492	1.2
56.22830128669739	1.2043041706003492	1.2
56.242316246032715	1.2050031656863445	1.2
56.25254440307617	1.2050031656863445	1.2
56.26348567008972	1.2050031656863445	1.2
56.277074098587036	1.2050031656863445	1.2
56.289928674697876	1.2056287414575335	1.2
56.30128622055054	1.2056287414575335	1.2
56.313183069229126	1.2056287414575335	1.2
56.32689809799194	1.2056287414575335	1.2
56.33768582344055	1.2069466042624115	1.2
56.348793506622314	1.2069466042624115	1.2
56.36198902130127	1.2069466042624115	1.2
56.37681317329407	1.2086156848460625	1.2
56.388351917266846	1.2086156848460625	1.2
56.39987397193909	1.2086156848460625	1.2
56.41089057922363	1.2086156848460625	1.2
56.42423439025879	1.2097231736322056	1.2
56.435078144073486	1.2097231736322056	1.2
56.44679546356201	1.2097231736322056	1.2
56.457565784454346	1.2097231736322056	1.2
56.469844818115234	1.2103222317858038	1.2
56.48517680168152	1.2103222317858038	1.2
56.5003924369812	1.2103222317858038	1.2
56.51537585258484	1.211264489348222	1.2
56.52758312225342	1.211264489348222	1.2
56.538355588912964	1.211264489348222	1.2
56.55252480506897	1.211264489348222	1.2
56.56568503379822	1.2122258949757994	1.2
56.579143047332764	1.2122258949757994	1.2
56.59644174575806	1.2122258949757994	1.2
56.60899233818054	1.2122659517939811	1.2
56.61925745010376	1.2122659517939811	1.2
56.6324200630188	1.2122659517939811	1.2
56.6477415561676	1.2120699927568188	1.2
56.66120219230652	1.2120699927568188	1.2
56.67396545410156	1.2120699927568188	1.2
56.69004201889038	1.2120699927568188	1.2
56.70116925239563	1.2117775495614111	1.2
56.71426439285278	1.2117775495614111	1.2
56.72909617424011	1.2117775495614111	1.2
56.74280762672424	1.2122468282599994	1.2
56.75436615943909	1.2122468282599994	1.2
56.766741037368774	1.2122468282599994	1.2
56.78019618988037	1.2122468282599994	1.2
56.792463302612305	1.2124747062483225	1.2
56.80524396896362	1.2124747062483225	1.2
56.82145166397095	1.2124747062483225	1.2
56.83597660064697	1.2128991328320597	1.2
56.848089933395386	1.2128991328320597	1.2
56.85924243927002	1.2128991328320597	1.2
56.871965646743774	1.2128991328320597	1.2
56.88633179664612	1.2129218146977343	1.2
56.89732003211975	1.2129218146977343	1.2
56.91101431846619	1.2129218146977343	1.2
56.92604660987854	1.2134330829904174	1.2
56.93722701072693	1.2134330829904174	1.2
56.94854950904846	1.2134330829904174	1.2
56.96331548690796	1.2134330829904174	1.2
56.97743082046509	1.2133757361190525	1.2
56.98912763595581	1.2133757361190525	1.2
57.001994609832764	1.2133757361190525	1.2
57.01397514343262	1.2133757361190525	1.2
57.02634358406067	1.215135458540256	1.2
57.036948680877686	1.215135458540256	1.2
57.04882764816284	1.215135458540256	1.2
57.06195092201233	1.215135458540256	1.2
57.07533669471741	1.216650189246882	1.2
57.08778643608093	1.216650189246882	1.2
57.0992751121521	1.216650189246882	1.2
57.113866567611694	1.2184138990280917	1.2
57.124980449676514	1.2184138990280917	1.2
57.13630390167236	1.2184138990280917	1.2
57.147992849349976	1.2184138990280917	1.2
57.16115593910217	1.2207499381732094	1.2
57.171770095825195	1.2207499381732094	1.2
57.18240761756897	1.2207499381732094	1.2
57.194547176361084	1.2207499381732094	1.2
57.20861768722534	1.2223493295827828	1.2
57.220033407211304	1.2223493295827828	1.2
57.23140239715576	1.2223493295827828	1.2
57.24350380897522	1.2223493295827828	1.2
57.25636410713196	1.2235652178218397	1.2
57.267515897750854	1.2235652178218397	1.2
57.28140902519226	1.2235652178218397	1.2
57.294617891311646	1.2249472845859408	1.2
57.306089878082275	1.2249472845859408	1.2
57.31633138656616	1.2249472845859408	1.2
57.33124375343323	1.2249472845859408	1.2
57.34564208984375	1.2263176433990135	1.2
57.356523275375366	1.2263176433990135	1.2
57.367321491241455	1.2263176433990135	1.2
57.37891483306885	1.2263176433990135	1.2
57.39167404174805	1.229633739329246	1.2
57.403114318847656	1.229633739329246	1.2
57.41477632522583	1.229633739329246	1.2
57.428680658340454	1.229633739329246	1.2
57.43949770927429	1.2327713815008545	1.2
57.45070767402649	1.2327713815008545	1.2
57.46152663230896	1.2327713815008545	1.2
57.47570848464966	1.2327713815008545	1.2
57.4903461933136	1.236579473315014	1.2
57.50322604179382	1.236579473315014	1.2
57.51637411117554	1.236579473315014	1.2
57.53151726722717	1.2409526714894779	1.2
57.542438983917236	1.2409526714894779	1.2
57.553974628448486	1.2409526714894779	1.2
57.56814479827881	1.2409526714894779	1.2
57.58314085006714	1.2463810636294668	1.2
57.59505534172058	1.2463810636294668	1.2
57.610740661621094	1.2463810636294668	1.2
57.62366724014282	1.250489847493198	1.2
57.63446116447449	1.250489847493198	1.2
57.647228479385376	1.250489847493198	1.2
57.661991119384766	1.250489847493198	1.2
57.67462491989136	1.2549302039824561	1.2
57.68652105331421	1.2549302039824561	1.2
57.698455572128296	1.2549302039824561	1.2
57.711270809173584	1.2596352862178037	1.2
57.724552154541016	1.2596352862178037	1.2
57.73642158508301	1.2596352862178037	1.2
57.751070976257324	1.2596352862178037	1.2
57.76532554626465	1.2644863339079355	1.2
57.7764036655426	1.2644863339079355	1.2
57.7882399559021	1.2644863339079355	1.2
57.80297875404358	1.2692070345188222	1.2
57.81551218032837	1.2692070345188222	1.2
57.828328132629395	1.2692070345188222	1.2
57.843517541885376	1.2692070345188222	1.2
57.85679054260254	1.2728919010163355	1.2
57.86716556549072	1.2728919010163355	1.2
57.879393577575684	1.2728919010163355	1.2
57.89464521408081	1.2728919010163355	1.2
57.907235622406006	1.2764671675480492	1.2
57.91863656044006	1.2764671675480492	1.2
57.93212890625	1.2764671675480492	1.2
57.9456422328949	1.2770635632338903	1.2
57.95725750923157	1.2770635632338903	1.2
57.97091841697693	1.2770635632338903	1.2
57.98551535606384	1.2770635632338903	1.2
57.99695658683777	1.2771647009112415	1.2
58.008732318878174	1.2771647009112415	1.2
58.02345371246338	1.2771647009112415	1.2
58.036906719207764	1.274529262537247	1.2
58.04785633087158	1.274529262537247	1.2
58.05954551696777	1.274529262537247	1.2
58.07079029083252	1.274529262537247	1.2
58.08375072479248	1.2716483725700054	1.2
58.095945835113525	1.2716483725700054	1.2
58.10888481140137	1.2716483725700054	1.2
58.1243212223053	1.2680805761313163	1.2
58.13648176193237	1.2680805761313163	1.2
58.14713001251221	1.2680805761313163	1.2
58.15856742858887	1.2680805761313163	1.2
58.171847343444824	1.2641512749760704	1.2
58.1841185092926	1.2641512749760704	1.2
58.195754051208496	1.2641512749760704	1.2
58.20935273170471	1.2641512749760704	1.2
58.222410678863525	1.2586660914934673	1.2
58.233030557632446	1.2586660914934673	1.2
58.24540066719055	1.2586660914934673	1.2
58.25909352302551	1.2586660914934673	1.2
58.27067470550537	1.2525453992083877	1.2
58.28180265426636	1.2525453992083877	1.2
58.29638075828552	1.2525453992083877	1.2
58.30853819847107	1.2453410018693993	1.2
58.319859743118286	1.2453410018693993	1.2
58.33158087730408	1.2453410018693993	1.2
58.348695278167725	1.2453410018693993	1.2
58.360968351364136	1.2389116685850714	1.2
58.37221336364746	1.2389116685850714	1.2
58.385637283325195	1.2389116685850714	1.2
58.39706230163574	1.2342472743949304	1.2
58.40814924240112	1.2342472743949304	1.2
58.41900181770325	1.2342472743949304	1.2
58.4324164390564	1.2342472743949304	1.2
58.44512629508972	1.2286098162440164	1.2
58.45699429512024	1.2286098162440164	1.2
58.46884274482727	1.2286098162440164	1.2
58.484697580337524	1.2286098162440164	1.2
58.49725794792175	1.2248249989249087	1.2
58.50944638252258	1.2248249989249087	1.2
58.523656606674194	1.2248249989249087	1.2
58.53832268714905	1.222261497949933	1.2
58.55097317695618	1.222261497949933	1.2
58.56239986419678	1.222261497949933	1.2
58.57658839225769	1.222261497949933	1.2
58.5902738571167	1.2202584922356474	1.2
58.60498261451721	1.2202584922356474	1.2
58.619314670562744	1.2202584922356474	1.2
58.63136601448059	1.2190720478767125	1.2
58.64366030693054	1.2190720478767125	1.2
58.657440185546875	1.2190720478767125	1.2
58.67233467102051	1.2282651578169301	1.2
58.68572521209717	1.2282651578169301	1.2
58.69851207733154	1.2282651578169301	1.2
58.712345600128174	1.2282651578169301	1.2
58.72424793243408	nan	1.2
58.73600172996521	nan	1.2
58.7501654624939	nan	1.2
58.76262903213501	nan	1.2
58.7741117477417	nan	1.2
58.787102937698364	nan	1.2
58.80310297012329	nan	1.2
58.81636953353882	nan	1.2
58.82997393608093	nan	1.2
58.84450078010559	nan	1.2
58.85565900802612	nan	1.2
58.867172956466675	nan	1.2
58.88117241859436	nan	1.2
58.89443516731262	nan	1.2
58.90642976760864	nan	1.2
58.91789770126343	nan	1.2
58.93082571029663	nan	1.2
58.944252014160156	nan	1.2
58.95599412918091	nan	1.2
58.96934247016907	nan	1.2
58.98307800292969	nan	1.2
58.99472403526306	nan	1.2
59.0052433013916	nan	1.2
59.017494440078735	nan	1.2
59.030407667160034	nan	1.2
59.04186153411865	nan	1.2
59.05411887168884	nan	1.2
59.06866145133972	nan	1.2
59.07975673675537	nan	1.2
59.090967655181885	nan	1.2
59.10498785972595	nan	1.2
59.11800742149353	nan	1.2
59.129451751708984	nan	1.2
59.141170263290405	nan	1.2
59.154874324798584	nan	1.2
59.16600680351257	nan	1.2
59.17732501029968	nan	1.2
59.191187381744385	nan	1.2
59.20465683937073	nan	1.2
59.21607279777527	nan	1.2
59.22912931442261	nan	1.2
59.24068307876587	nan	1.2
59.253897190093994	nan	1.2
59.26512026786804	nan	1.2
59.27814435958862	nan	1.2
59.29156136512756	nan	1.2
59.30384635925293	nan	1.2
59.3153076171875	nan	1.2
59.32688617706299	nan	1.2
59.33991575241089	nan	1.2
59.35068893432617	nan	1.2
59.3636589050293	nan	1.2
59.37818670272827	nan	1.2
59.390400648117065	nan	1.2
59.40122127532959	nan	1.2
59.41221570968628	nan	1.2
59.427086353302	nan	1.2
59.438547134399414	nan	1.2
59.450175523757935	nan	1.2
59.465309619903564	nan	1.2
59.47777581214905	nan	1.2
59.49271202087402	nan	1.2
59.50948238372803	nan	1.2
59.524436712265015	nan	1.2
59.535430669784546	nan	1.2
59.54878377914429	nan	1.2
59.56505870819092	nan	1.2
59.57735586166382	nan	1.2
59.58967185020447	nan	1.2
59.60310626029968	nan	1.2
59.616403102874756	nan	1.2
59.62883496284485	nan	1.2
59.64300179481506	nan	1.2
59.6568717956543	nan	1.2
59.669320821762085	nan	1.2
59.68270945549011	nan	1.2
59.69597363471985	nan	1.2
59.70844078063965	nan	1.2
59.721142053604126	nan	1.2
59.73504400253296	nan	1.2
59.74872827529907	nan	1.2
59.76171565055847	nan	1.2
59.772921562194824	nan	1.2
59.78719210624695	nan	1.2
59.801883935928345	nan	1.2
59.81402659416199	nan	1.2
59.8274507522583	nan	1.2
59.8416793346405	nan	1.2
59.85304093360901	nan	1.2
59.8653347492218	nan	1.2
59.88051414489746	nan	1.2
59.894084453582764	nan	1.2
59.90581178665161	nan	1.2
59.91792845726013	nan	1.2
59.93060326576233	nan	1.2
59.94222402572632	nan	1.2
59.954835653305054	nan	1.2
59.96888518333435	nan	1.2
59.98251676559448	nan	1.2
59.994025468826294	nan	1.2
60.00547552108765	nan	1.2
60.01845669746399	nan	1.2
60.03057503700256	nan	1.2
60.04224157333374	nan	1.2
60.05505609512329	nan	1.2
60.069488286972046	nan	1.2
60.080652475357056	nan	1.2
60.091386795043945	nan	1.2
60.10445022583008	nan	1.2
60.118345499038696	nan	1.2
60.129420042037964	nan	1.2
60.14098596572876	nan	1.2
60.15664219856262	nan	1.2
60.168713092803955	nan	1.2
60.179744243621826	nan	1.2
60.20356631278992	nan	1.2
60.2142059803009	nan	1.2
60.22582173347473	nan	1.2
60.2397940158844	nan	1.2
60.25278902053833	nan	1.2
60.26433205604553	nan	1.2
60.27889275550842	nan	1.2
60.291566610336304	nan	1.2
60.30228877067566	nan	1.2
60.313403844833374	nan	1.2
60.32880115509033	nan	1.2
60.34283947944641	nan	1.2
60.3546576499939	nan	1.2
60.366613149642944	nan	1.2
60.379356145858765	nan	1.2
60.390597105026245	nan	1.2
60.40191149711609	nan	1.2
60.41584253311157	nan	1.2
60.42988109588623	nan	1.2
60.44176650047302	nan	1.2
60.45278739929199	nan	1.2
60.46363282203674	nan	1.2
60.478880643844604	nan	1.2
60.49040770530701	nan	1.2
60.503546476364136	nan	1.2
60.519071102142334	nan	1.2
60.53176164627075	nan	1.2
60.54296135902405	nan	1.2
60.55684781074524	nan	1.2
60.57112240791321	nan	1.2
60.583669900894165	nan	1.2
60.59703254699707	nan	1.2
60.61166000366211	nan	1.2
60.623518228530884	nan	1.2
60.63614225387573	nan	1.2
60.64942526817322	nan	1.2
60.664454221725464	nan	1.2
60.678141832351685	nan	1.2
60.69032669067383	nan	1.2
60.70217251777649	nan	1.2
60.71585297584534	nan	1.2
60.72801470756531	nan	1.2
60.7426438331604	nan	1.2
60.75850200653076	nan	1.2
60.77174639701843	nan	1.2
60.783127784729004	nan	1.2
60.79856514930725	nan	1.2
60.81318235397339	nan	1.2
60.82580804824829	nan	1.2
60.840453147888184	nan	1.2
60.85443949699402	nan	1.2
60.865599393844604	nan	1.2
60.878241777420044	nan	1.2
60.89368534088135	nan	1.2
60.90615630149841	nan	1.2
60.91827368736267	nan	1.2
60.93052315711975	nan	1.2
60.942914962768555	nan	1.2
60.95638561248779	nan	1.2
60.96872425079346	nan	1.2
60.98022747039795	nan	1.2
60.99306344985962	nan	1.2
61.004549980163574	nan	1.2
61.016417026519775	nan	1.2
61.03034543991089	nan	1.2
61.045385122299194	nan	1.2
61.05650091171265	nan	1.2
61.067235708236694	nan	1.2
61.07950234413147	nan	1.2
61.09323763847351	nan	1.2
61.10578227043152	nan	1.2
61.119415283203125	nan	1.2
61.135058641433716	nan	1.2
61.14577794075012	nan	1.2
61.1580331325531	nan	1.2
61.17217397689819	nan	1.2
61.187251567840576	1.1599085855372704	1.2
61.19887590408325	1.1599085855372704	1.2
61.210763692855835	1.1599085855372704	1.2
61.22263312339783	1.1599085855372704	1.2
61.23515725135803	1.1571414250067664	1.2
61.246525287628174	1.1571414250067664	1.2
61.25846004486084	1.1571414250067664	1.2
61.27237844467163	1.1571414250067664	1.2
61.28504681587219	1.156121021741331	1.2
61.296334981918335	1.156121021741331	1.2
61.308374643325806	1.156121021741331	1.2
61.322590351104736	1.1542251904347531	1.2
61.33425235748291	1.1542251904347531	1.2
61.345741987228394	1.1542251904347531	1.2
61.3596134185791	1.1542251904347531	1.2
61.38064503669739	1.1522305289598644	1.2
61.39173913002014	1.1522305289598644	1.2
61.403823137283325	1.1522305289598644	1.2
61.41825795173645	1.151816921564113	1.2
61.429617404937744	1.151816921564113	1.2
61.4417941570282	1.151816921564113	1.2
61.45464015007019	1.151816921564113	1.2
61.46625328063965	1.1505805955158808	1.2
61.47883915901184	1.1505805955158808	1.2
61.495230197906494	1.1505805955158808	1.2
61.51031541824341	1.1511112692795245	1.2
61.52257037162781	1.1511112692795245	1.2
61.536059856414795	1.1511112692795245	1.2
61.54886984825134	1.1511112692795245	1.2
61.560073137283325	1.1509579785536277	1.2
61.571325063705444	1.1509579785536277	1.2
61.587281227111816	1.1509579785536277	1.2
61.60082983970642	1.150681969762419	1.2
61.61259460449219	1.150681969762419	1.2
61.62546944618225	1.150681969762419	1.2
61.63960266113281	1.150681969762419	1.2
61.65252494812012	1.1501733626195618	1.2
61.664445638656616	1.1501733626195618	1.2
61.679810762405396	1.1501733626195618	1.2
61.69426727294922	1.1495985592392801	1.2
61.70676016807556	1.1495985592392801	1.2
61.72052764892578	1.1495985592392801	1.2
61.73682427406311	1.1476293814236345	1.2
61.74935340881348	1.1476293814236345	1.2
61.760151386260986	1.1476293814236345	1.2
61.77531456947327	1.1476293814236345	1.2
61.789098024368286	1.1467182680924326	1.2
61.801016330718994	1.1467182680924326	1.2
61.81670832633972	1.1467182680924326	1.2
61.82923984527588	1.1450159861284073	1.2
61.84054970741272	1.1450159861284073	1.2
61.853222370147705	1.1450159861284073	1.2
61.86849331855774	1.1450159861284073	1.2
61.881940841674805	1.1453418746301496	1.2
61.89337134361267	1.1453418746301496	1.2
61.90606641769409	1.1453418746301496	1.2
61.919859409332275	1.1464701159651942	1.2
61.93179249763489	1.1464701159651942	1.2
61.94674038887024	1.1464701159651942	1.2
61.96190309524536	1.1464701159651942	1.2
61.97451949119568	1.147815970424547	1.2
61.98575687408447	1.147815970424547	1.2
61.9967782497406	1.147815970424547	1.2
62.01045823097229	1.147815970424547	1.2
62.02298927307129	1.1499486880502041	1.2
62.03470182418823	1.1499486880502041	1.2
62.048768281936646	1.1499486880502041	1.2
62.06222176551819	1.1514564713692803	1.2
62.07361888885498	1.1514564713692803	1.2
62.085630655288696	1.1514564713692803	1.2
62.10052728652954	1.1514564713692803	1.2
62.11281204223633	1.1539061274251807	1.2
62.124858140945435	1.1539061274251807	1.2
62.139036655426025	1.1539061274251807	1.2
62.1515166759491	1.156247862234034	1.2
62.16265869140625	1.156247862234034	1.2
62.17586040496826	1.156247862234034	1.2
62.19138288497925	1.1597722270988986	1.2
62.203418016433716	1.1597722270988986	1.2
62.21441340446472	1.1597722270988986	1.2
62.22743844985962	1.1597722270988986	1.2
62.239588260650635	1.1629728887836814	1.2
62.25121283531189	1.1629728887836814	1.2
62.26258063316345	1.1629728887836814	1.2
62.27719163894653	1.1629728887836814	1.2
62.289191246032715	1.1670203421026235	1.2
62.30056142807007	1.1670203421026235	1.2
62.311837673187256	1.1670203421026235	1.2
62.325440406799316	1.1697926062904904	1.2
62.337202072143555	1.1697926062904904	1.2
62.3485631942749	1.1697926062904904	1.2
62.36269402503967	1.1697926062904904	1.2
62.37693500518799	1.1723538208653894	1.2
62.387953996658325	1.1723538208653894	1.2
62.3988094329834	1.1723538208653894	1.2
62.41234111785889	1.1723538208653894	1.2
62.42454481124878	1.1745609832714043	1.2
62.436970472335815	1.1745609832714043	1.2
62.45100212097168	1.1745609832714043	1.2
62.467164278030396	1.1757010149014036	1.2
62.47861194610596	1.1757010149014036	1.2
62.490699768066406	1.1757010149014036	1.2
62.50691628456116	1.1757010149014036	1.2
62.52019739151001	1.1775679895655207	1.2
62.53235912322998	1.1775679895655207	1.2
62.546820878982544	1.1775679895655207	1.2
62.56110692024231	1.1790594094024773	1.2
62.572890520095825	1.1790594094024773	1.2
62.58729100227356	1.1790594094024773	1.2
62.601988077163696	1.1790594094024773	1.2
62.613774061203	1.1812381649401982	1.2
62.626773834228516	1.1812381649401982	1.2
62.641063928604126	1.1812381649401982	1.2
62.656030893325806	1.1823416004179292	1.2
62.66859722137451	1.1823416004179292	1.2
62.68101358413696	1.1823416004179292	1.2
62.6964271068573	1.1844653054484169	1.2
62.70964431762695	1.1844653054484169	1.2
62.72219967842102	1.1844653054484169	1.2
62.73923897743225	1.1844653054484169	1.2
62.75298261642456	1.1861032324788898	1.2
62.76381969451904	1.1861032324788898	1.2
62.77687335014343	1.1861032324788898	1.2
62.791667222976685	1.1873574843260084	1.2
62.804624795913696	1.1873574843260084	1.2
62.81923961639404	1.1873574843260084	1.2
62.83445334434509	1.1873574843260084	1.2
62.84565830230713	1.1886782087243095	1.2
62.85800623893738	1.1886782087243095	1.2
62.87408947944641	1.1886782087243095	1.2
62.888643980026245	1.1904930317887967	1.2
62.89980888366699	1.1904930317887967	1.2
62.91405963897705	1.1904930317887967	1.2
62.926305055618286	1.1904930317887967	1.2
62.93865895271301	1.1932496720052943	1.2
62.952102184295654	1.1932496720052943	1.2
62.964176416397095	1.1932496720052943	1.2
62.97897529602051	1.1959697892100707	1.2
62.99058198928833	1.1959697892100707	1.2
63.00200605392456	1.1959697892100707	1.2
63.01392579078674	1.1959697892100707	1.2
63.027116775512695	1.1985860967758601	1.2
63.03963112831116	1.1985860967758601	1.2
63.05211591720581	1.1985860967758601	1.2
63.06802153587341	1.1985860967758601	1.2
63.07919716835022	1.2007403143182387	1.2
63.09015369415283	1.2007403143182387	1.2
63.10467314720154	1.2007403143182387	1.2
63.119271755218506	1.2033391659831414	1.2
63.13049674034119	1.2033391659831414	1.2
63.142624855041504	1.2033391659831414	1.2
63.15605854988098	1.2033391659831414	1.2
63.16786050796509	1.2041468602757015	1.2
63.17893195152283	1.2041468602757015	1.2
63.191014766693115	1.2041468602757015	1.2
63.20531964302063	1.2041468602757015	1.2
63.218254804611206	1.2050161137498159	1.2
63.230345726013184	1.2050161137498159	1.2
63.242469787597656	1.2050161137498159	1.2
63.25608205795288	1.206305801286259	1.2
63.26805758476257	1.206305801286259	1.2
63.27979636192322	1.206305801286259	1.2
63.292320013046265	1.206305801286259	1.2
63.30430889129639	1.2060519208749567	1.2
63.31569719314575	1.2060519208749567	1.2
63.32721996307373	1.2060519208749567	1.2
63.34126830101013	1.2060519208749567	1.2
63.35472106933594	1.2045153872841539	1.2
63.3655264377594	1.2045153872841539	1.2
63.37678122520447	1.2045153872841539	1.2
63.39104628562927	1.202120371578772	1.2
63.402960777282715	1.202120371578772	1.2
63.41435933113098	1.202120371578772	1.2
63.428173303604126	1.202120371578772	1.2
63.441579818725586	1.1999039922174475	1.2
63.45217561721802	1.1999039922174475	1.2
63.46405506134033	1.1999039922174475	1.2
63.47974681854248	1.1999039922174475	1.2
63.49270582199097	1.1980644806075404	1.2
63.50657677650452	1.1980644806075404	1.2
63.5210325717926	1.1980644806075404	1.2
63.5341215133667	1.1952285597013543	1.2
63.54664087295532	1.1952285597013543	1.2
63.55996775627136	1.1952285597013543	1.2
63.57431435585022	1.1914079319386883	1.2
63.58804273605347	1.1914079319386883	1.2
63.60062289237976	1.1914079319386883	1.2
63.61190390586853	1.1914079319386883	1.2
63.625723123550415	1.189089285639834	1.2
63.638121128082275	1.189089285639834	1.2
63.65185499191284	1.189089285639834	1.2
63.66802406311035	1.1866101584010282	1.2
63.67969226837158	1.1866101584010282	1.2
63.690239667892456	1.1866101584010282	1.2
63.702775955200195	1.1866101584010282	1.2
63.717517375946045	1.1840525365802188	1.2
63.730257987976074	1.1840525365802188	1.2
63.74440336227417	1.1840525365802188	1.2
63.75960183143616	1.182631292462101	1.2
63.77098369598389	1.182631292462101	1.2
63.78281211853027	1.182631292462101	1.2
63.79841232299805	1.182631292462101	1.2
63.81285619735718	1.1813415074813565	1.2
63.8259391784668	1.1813415074813565	1.2
63.8384644985199	1.1813415074813565	1.2
63.850778341293335	1.180261619318617	1.2
63.86234974861145	1.180261619318617	1.2
63.874173641204834	1.180261619318617	1.2
63.8882417678833	1.180261619318617	1.2
63.90168881416321	1.1786719766481182	1.2
63.91378331184387	1.1786719766481182	1.2
63.92667102813721	1.1786719766481182	1.2
63.93976140022278	1.1762990869422356	1.2
63.951741218566895	1.1762990869422356	1.2
63.96339678764343	1.1762990869422356	1.2
63.9783079624176	1.1762990869422356	1.2
63.99310898780823	1.1747219294554538	1.2
64.00433921813965	1.1747219294554538	1.2
64.01685118675232	1.1747219294554538	1.2
64.0315933227539	1.1739861721025127	1.2
64.04403877258301	1.1739861721025127	1.2
64.05555987358093	1.1739861721025127	1.2
64.06894612312317	1.1739861721025127	1.2
64.08268213272095	1.1721872385936252	1.2
64.09483408927917	1.1721872385936252	1.2
64.10652565956116	1.1721872385936252	1.2
64.12226557731628	1.1721872385936252	1.2
64.1344575881958	1.1707166790845802	1.2
64.14574837684631	1.1707166790845802	1.2
64.1631863117218	1.1707166790845802	1.2
64.17797875404358	1.1689889376700955	1.2
64.18906736373901	1.1689889376700955	1.2
64.20164585113525	1.1689889376700955	1.2
64.21325325965881	1.1689889376700955	1.2
64.22597050666809	1.1680263792554373	1.2
64.23898339271545	1.1680263792554373	1.2
64.25208330154419	1.1680263792554373	1.2
64.26742792129517	1.1682738453010888	1.2
64.27935576438904	1.1682738453010888	1.2
64.29035925865173	1.1682738453010888	1.2
64.30294680595398	1.1682738453010888	1.2
64.31500291824341	1.1688723043671896	1.2
64.32855677604675	1.1688723043671896	1.2
64.34038925170898	1.1688723043671896	1.2
64.3555817604065	1.1688723043671896	1.2
64.36822986602783	1.1692817135720357	1.2
64.37957072257996	1.1692817135720357	1.2
64.39319157600403	1.1692817135720357	1.2
64.40817165374756	1.17014755198667	1.2
64.42053055763245	1.17014755198667	1.2
64.432945728302	1.17014755198667	1.2
64.44721102714539	1.17014755198667	1.2
64.45797991752625	1.1695384422742372	1.2
64.47006154060364	1.1695384422742372	1.2
64.48512983322144	1.1695384422742372	1.2
64.49960255622864	1.1689084977555206	1.2
64.51759743690491	1.1689084977555206	1.2
64.53383588790894	1.1689084977555206	1.2
64.54738926887512	1.1688307568335385	1.2
64.56025671958923	1.1688307568335385	1.2
64.57602190971375	1.1688307568335385	1.2
64.59027290344238	1.168608835972694	1.2
64.60359835624695	1.168608835972694	1.2
64.61607646942139	1.168608835972694	1.2
64.63017511367798	1.1681230376533662	1.2
64.64450025558472	1.1681230376533662	1.2
64.65906429290771	1.1681230376533662	1.2
64.6788272857666	1.1665710638384006	1.2
64.69058299064636	1.1665710638384006	1.2
64.70173907279968	1.1665710638384006	1.2
64.71481776237488	1.1665710638384006	1.2
64.72986054420471	1.164731220795272	1.2
64.74157357215881	1.164731220795272	1.2
64.75443005561829	1.164731220795272	1.2
64.76971387863159	1.164731220795272	1.2
64.78417682647705	1.1626172664212147	1.2
64.79688906669617	1.1626172664212147	1.2
64.81203603744507	1.1626172664212147	1.2
64.82520866394043	1.160695883470783	1.2
64.83777403831482	1.160695883470783	1.2
64.85144782066345	1.160695883470783	1.2
64.86611890792847	1.160695883470783	1.2
64.87884545326233	1.1586182683707558	1.2
64.8941433429718	1.1586182683707558	1.2
64.9071774482727	1.1586182683707558	1.2
64.91910552978516	1.157870562663865	1.2
64.93067908287048	1.157870562663865	1.2
64.945556640625	1.157870562663865	1.2
64.95975255966187	1.1575017054963643	1.2
64.97365236282349	1.1575017054963643	1.2
64.98653173446655	1.1575017054963643	1.2
65.00134301185608	1.1570091402958975	1.2
65.01382756233215	1.1570091402958975	1.2
65.02705574035645	1.1570091402958975	1.2
65.04127478599548	1.1570091402958975	1.2
65.05400919914246	1.1565234863374287	1.2
65.0650200843811	1.1565234863374287	1.2
65.07817244529724	1.1565234863374287	1.2
65.09319043159485	1.1568285563240033	1.2
65.10541915893555	1.1568285563240033	1.2
65.11781430244446	1.1568285563240033	1.2
65.13325452804565	1.1568285563240033	1.2
65.14504623413086	1.1577052214782682	1.2
65.15695405006409	1.1577052214782682	1.2
65.17204236984253	1.1577052214782682	1.2
65.18777799606323	1.159157471293374	1.2
65.19980120658875	1.159157471293374	1.2
65.21232724189758	1.159157471293374	1.2
65.22464489936829	1.1610832349980602	1.2
65.23618865013123	1.1610832349980602	1.2
65.25027203559875	1.1610832349980602	1.2
65.26463413238525	1.1610832349980602	1.2
65.27701783180237	1.1625872594836033	1.2
65.28902912139893	1.1625872594836033	1.2
65.30141568183899	1.1625872594836033	1.2
65.31418180465698	1.1646527280294616	1.2
65.32710218429565	1.1646527280294616	1.2
65.338463306427	1.1646527280294616	1.2
65.35105347633362	1.1646527280294616	1.2
65.36461567878723	1.1670357414280383	1.2
65.3766655921936	1.1670357414280383	1.2
65.38732051849365	1.1670357414280383	1.2
65.3987340927124	1.1670357414280383	1.2
65.4115891456604	1.1699197996932027	1.2
65.42332911491394	1.1699197996932027	1.2
65.43706631660461	1.1699197996932027	1.2
65.4523229598999	1.1730466300503455	1.2
65.46377110481262	1.1730466300503455	1.2
65.47684335708618	1.1730466300503455	1.2
65.49075174331665	1.1730466300503455	1.2
65.5054976940155	1.1756373948298002	1.2
65.51687932014465	1.1756373948298002	1.2
65.53192591667175	1.1756373948298002	1.2
65.54789710044861	1.1783374613978475	1.2
65.56064200401306	1.1783374613978475	1.2
65.57467555999756	1.1783374613978475	1.2
65.58963823318481	1.1783374613978475	1.2
65.60128808021545	1.181142940461529	1.2
65.6133759021759	1.181142940461529	1.2
65.62903714179993	1.181142940461529	1.2
65.64303874969482	1.183511449484441	1.2
65.65633726119995	1.183511449484441	1.2
65.66837477684021	1.183511449484441	1.2
65.68263959884644	1.1847672795224038	1.2
65.69555592536926	1.1847672795224038	1.2
65.70883560180664	1.1847672795224038	1.2
65.72299695014954	1.1847672795224038	1.2
65.73709654808044	1.1866894151867393	1.2
65.74861454963684	1.1866894151867393	1.2
65.76050567626953	1.1866894151867393	1.2
65.77645826339722	1.1883876198162455	1.2
65.78882956504822	1.1883876198162455	1.2
65.80338191986084	1.1883876198162455	1.2
65.81943011283875	1.1906090829940175	1.2
65.83197331428528	1.1906090829940175	1.2
65.84384989738464	1.1906090829940175	1.2
65.85911345481873	1.1906090829940175	1.2
65.87445831298828	1.191823003363122	1.2
65.8869297504425	1.191823003363122	1.2
65.90199851989746	1.191823003363122	1.2
65.91567540168762	1.1934424418271323	1.2
65.92839336395264	1.1934424418271323	1.2
65.94075298309326	1.1934424418271323	1.2
65.95613026618958	1.1934424418271323	1.2
65.96950340270996	1.195255658696809	1.2
65.98277163505554	1.195255658696809	1.2
65.99545764923096	1.195255658696809	1.2
66.00833559036255	1.1951058174915974	1.2
66.01953625679016	1.1951058174915974	1.2
66.03189635276794	1.1951058174915974	1.2
66.0462760925293	1.1951058174915974	1.2
66.05974435806274	1.196369848190225	1.2
66.0712354183197	1.196369848190225	1.2
66.08311367034912	1.196369848190225	1.2
66.09922194480896	1.1971288510990807	1.2
66.11045360565186	1.1971288510990807	1.2
66.12232446670532	1.1971288510990807	1.2
66.1377785205841	1.1971288510990807	1.2
66.1503038406372	1.1986419218027864	1.2
66.16149830818176	1.1986419218027864	1.2
66.17541670799255	1.1986419218027864	1.2
66.1903989315033	1.2000408605186161	1.2
66.20317387580872	1.2000408605186161	1.2
66.2144947052002	1.2000408605186161	1.2
66.2278048992157	1.2000408605186161	1.2
66.24001407623291	1.2006547367231692	1.2
66.25217866897583	1.2006547367231692	1.2
66.26490497589111	1.2006547367231692	1.2
66.27724409103394	1.2006547367231692	1.2
66.28945279121399	1.200757460703924	1.2
66.3037371635437	1.200757460703924	1.2
66.31903219223022	1.200757460703924	1.2
66.33187365531921	1.2008904613874507	1.2
66.3438892364502	1.2008904613874507	1.2
66.3553159236908	1.2008904613874507	1.2
66.36814641952515	1.2008904613874507	1.2
66.38125705718994	1.200420919910975	1.2
66.3928656578064	1.200420919910975	1.2
66.4061930179596	1.200420919910975	1.2
66.41956353187561	1.200282231386385	1.2
66.43192505836487	1.200282231386385	1.2
66.4432647228241	1.200282231386385	1.2
66.45611691474915	1.200282231386385	1.2
66.46943855285645	1.201423117673564	1.2
66.48213148117065	1.201423117673564	1.2
66.4951720237732	1.201423117673564	1.2
66.51143074035645	1.2010367397076882	1.2
66.524001121521	1.2010367397076882	1.2
66.537850856781	1.2010367397076882	1.2
66.55563879013062	1.2010367397076882	1.2
66.56976222991943	1.2004337452021936	1.2
66.5836832523346	1.2004337452021936	1.2
66.59766888618469	1.2004337452021936	1.2
66.60916686058044	1.1999169598549795	1.2
66.6216390132904	1.1999169598549795	1.2
66.63712120056152	1.1999169598549795	1.2
66.65118193626404	1.2002143951618485	1.2
66.66433525085449	1.2002143951618485	1.2
66.67804431915283	1.2002143951618485	1.2
66.69283294677734	1.2002143951618485	1.2
66.70570635795593	1.2004979550944428	1.2
66.71797847747803	1.2004979550944428	1.2
66.7322883605957	1.2004979550944428	1.2
66.74795198440552	1.2010820884563453	1.2
66.7595226764679	1.2010820884563453	1.2
66.772296667099	1.2010820884563453	1.2
66.79463267326355	1.2013839903702208	1.2
66.80671668052673	1.2013839903702208	1.2
66.82044506072998	1.2013839903702208	1.2
66.8359580039978	1.2013839903702208	1.2
66.84785103797913	1.202174690313824	1.2
66.86021161079407	1.202174690313824	1.2
66.87554717063904	1.202174690313824	1.2
66.8890700340271	1.2028283741756085	1.2
66.90036058425903	1.2028283741756085	1.2
66.91352963447571	1.2028283741756085	1.2
66.92702722549438	1.2028283741756085	1.2
66.93997144699097	1.2036730697102633	1.2
66.95440316200256	1.2036730697102633	1.2
66.96898555755615	1.2036730697102633	1.2
66.98417019844055	1.2040282273875142	1.2
66.99636363983154	1.2040282273875142	1.2
67.00854802131653	1.2040282273875142	1.2
67.02174758911133	1.205101170244657	1.2
67.03396844863892	1.205101170244657	1.2
67.04524612426758	1.205101170244657	1.2
67.05714678764343	1.205101170244657	1.2
67.07071447372437	1.2065839576002741	1.2
67.082688331604	1.2065839576002741	1.2
67.09428238868713	1.2065839576002741	1.2
67.1133062839508	1.2075097814168152	1.2
67.12599396705627	1.2075097814168152	1.2
67.13752436637878	1.2075097814168152	1.2
67.15219736099243	1.2075097814168152	1.2
67.1650059223175	1.2095679558121684	1.2
67.17620658874512	1.2095679558121684	1.2
67.19010543823242	1.2095679558121684	1.2
67.20359134674072	1.2125525461967837	1.2
67.21523571014404	1.2125525461967837	1.2
67.22715544700623	1.2125525461967837	1.2
67.24231576919556	1.2125525461967837	1.2
67.25481653213501	1.216180091651329	1.2
67.26756262779236	1.216180091651329	1.2
67.28125858306885	1.216180091651329	1.2
67.29395365715027	1.216180091651329	1.2
67.30545783042908	1.2196165410911592	1.2
67.31725287437439	1.2196165410911592	1.2
67.3295783996582	1.2196165410911592	1.2
67.34382843971252	1.2234157780495192	1.2
67.35610628128052	1.2234157780495192	1.2
67.36742973327637	1.2234157780495192	1.2
67.37906503677368	1.2234157780495192	1.2
67.39160799980164	1.2270642816189437	1.2
67.40298366546631	1.2270642816189437	1.2
67.4157965183258	1.2270642816189437	1.2
67.42912006378174	1.2270642816189437	1.2
67.44177722930908	1.2317300769147053	1.2
67.45306921005249	1.2317300769147053	1.2
67.46789693832397	1.2317300769147053	1.2
67.48248958587646	1.2373858768321289	1.2
67.49520659446716	1.2373858768321289	1.2
67.50995683670044	1.2373858768321289	1.2
67.52429389953613	1.242509667281012	1.2
67.53602051734924	1.242509667281012	1.2
67.54933881759644	1.242509667281012	1.2
67.56724524497986	1.242509667281012	1.2
67.58139085769653	1.2472984589383949	1.2
67.5940158367157	1.2472984589383949	1.2
67.60681080818176	1.2472984589383949	1.2
67.62047958374023	1.25205140450213	1.2
67.63287353515625	1.25205140450213	1.2
67.64579677581787	1.25205140450213	1.2
67.66113042831421	1.25205140450213	1.2
67.67770528793335	1.2537849091678683	1.2
67.68922734260559	1.2537849091678683	1.2
67.7038962841034	1.2537849091678683	1.2
67.7182412147522	1.2555937907468158	1.2
67.7293918132782	1.2555937907468158	1.2
67.74451923370361	1.2555937907468158	1.2
67.75970387458801	1.2572656980367976	1.2
67.7708785533905	1.2572656980367976	1.2
67.78401398658752	1.2572656980367976	1.2
67.80020761489868	1.2572656980367976	1.2
67.81194806098938	1.2579911947879623	1.2
67.82307195663452	1.2579911947879623	1.2
67.83725428581238	1.2579911947879623	1.2
67.85313010215759	1.257806200601916	1.2
67.86680960655212	1.257806200601916	1.2
67.88143491744995	1.257806200601916	1.2
67.8950126171112	1.2565147225993873	1.2
67.90690612792969	1.2565147225993873	1.2
67.91939735412598	1.2565147225993873	1.2
67.93596863746643	1.2565147225993873	1.2
67.94799041748047	1.2532071589292983	1.2
67.96088290214539	1.2532071589292983	1.2
67.97454905509949	1.2532071589292983	1.2
67.98722815513611	1.2496910142993594	1.2
67.99868512153625	1.2496910142993594	1.2
68.01066422462463	1.2496910142993594	1.2
68.02447533607483	1.2496910142993594	1.2
68.03739643096924	1.2456920680664096	1.2
68.04917883872986	1.2456920680664096	1.2
68.06028914451599	1.2456920680664096	1.2
68.07398629188538	1.2409579817592724	1.2
68.08586549758911	1.2409579817592724	1.2
68.0978536605835	1.2409579817592724	1.2
68.11254620552063	1.2409579817592724	1.2
68.12658381462097	1.2375004015410482	1.2
68.13745737075806	1.2375004015410482	1.2
68.15028381347656	1.2375004015410482	1.2
68.16624021530151	1.2331243072549185	1.2
68.17861604690552	1.2331243072549185	1.2
68.19056558609009	1.2331243072549185	1.2
68.2078766822815	1.2331243072549185	1.2
68.21959400177002	1.2289518012291039	1.2
68.2330117225647	1.2289518012291039	1.2
68.24758267402649	1.2289518012291039	1.2
68.2614049911499	1.2255263574818889	1.2
68.27265691757202	1.2255263574818889	1.2
68.28452253341675	1.2255263574818889	1.2
68.29617762565613	1.2255263574818889	1.2
68.30847096443176	1.2238646177558616	1.2
68.32001638412476	1.2238646177558616	1.2
68.33215808868408	1.2238646177558616	1.2
68.34587788581848	1.2238646177558616	1.2
68.35908389091492	1.22249448609563	1.2
68.37032318115234	1.22249448609563	1.2
68.3820948600769	1.22249448609563	1.2
68.395663022995	1.2224726093167337	1.2
68.40765833854675	1.2224726093167337	1.2
68.42129945755005	1.2224726093167337	1.2
68.43686056137085	1.2224726093167337	1.2
68.44881629943848	1.2197490169585334	1.2
68.45972514152527	1.2197490169585334	1.2
68.47435736656189	1.2197490169585334	1.2
68.48961138725281	1.2182932536149407	1.2
68.50696301460266	1.2182932536149407	1.2
68.52450489997864	1.2182932536149407	1.2
68.54005527496338	1.2156063939148185	1.2
68.55425524711609	1.2156063939148185	1.2
68.57030510902405	1.2156063939148185	1.2
68.58484411239624	1.2132042796744051	1.2
68.59794640541077	1.2132042796744051	1.2
68.61497330665588	1.2132042796744051	1.2
68.6308240890503	1.2108958608026401	1.2
68.64612674713135	1.2108958608026401	1.2
68.66032910346985	1.2108958608026401	1.2
68.67369771003723	1.2081692256675047	1.2
68.6869728565216	1.2081692256675047	1.2
68.69962191581726	1.2081692256675047	1.2
68.71378755569458	1.2081692256675047	1.2
68.72800087928772	1.205482587979443	1.2
68.73966383934021	1.205482587979443	1.2
68.75156927108765	1.205482587979443	1.2
68.76647543907166	1.2028952134993423	1.2
68.78027272224426	1.2028952134993423	1.2
68.79391193389893	1.2028952134993423	1.2
68.80996417999268	1.2028952134993423	1.2
68.8232057094574	1.2001031594452882	1.2
68.83446455001831	1.2001031594452882	1.2
68.8487241268158	1.2001031594452882	1.2
68.8670768737793	1.1960122856911355	1.2
68.88027548789978	1.1960122856911355	1.2
68.89384484291077	1.1960122856911355	1.2
68.90684151649475	1.1960122856911355	1.2
68.91944122314453	1.194972447106425	1.2
68.93262147903442	1.194972447106425	1.2
68.94816160202026	1.194972447106425	1.2
68.96287870407104	1.1930109323484555	1.2
68.97482132911682	1.1930109323484555	1.2
68.98664975166321	1.1930109323484555	1.2
69.0019314289093	1.1930109323484555	1.2
69.01476263999939	1.1926515909602435	1.2
69.02651119232178	1.1926515909602435	1.2
69.04110312461853	1.1926515909602435	1.2
69.0551986694336	1.1922966455409416	1.2
69.06596350669861	1.1922966455409416	1.2
69.07803964614868	1.1922966455409416	1.2
69.09404921531677	1.1922966455409416	1.2
69.10740423202515	1.1927319424091454	1.2
69.11967253684998	1.1927319424091454	1.2
69.1331558227539	1.1927319424091454	1.2
69.14524459838867	1.1933101986418324	1.2
69.15668296813965	1.1933101986418324	1.2
69.16844367980957	1.1933101986418324	1.2
69.18334317207336	1.1933101986418324	1.2
69.1957950592041	1.1935534266801295	1.2
69.20757055282593	1.1935534266801295	1.2
69.220041513443	1.1935534266801295	1.2
69.23387575149536	1.1929747972965143	1.2
69.24560642242432	1.1929747972965143	1.2
69.25778150558472	1.1929747972965143	1.2
69.26921916007996	1.1929747972965143	1.2
69.28121876716614	1.1926575140103952	1.2
69.29292750358582	1.1926575140103952	1.2
69.30844187736511	1.1926575140103952	1.2
69.32212018966675	1.1935391685414598	1.2
69.33412337303162	1.1935391685414598	1.2
69.34543704986572	1.1935391685414598	1.2
69.35695481300354	1.1935391685414598	1.2
69.37003111839294	1.1948427487491309	1.2
69.3817253112793	1.1948427487491309	1.2
69.39557552337646	1.1948427487491309	1.2
69.40942525863647	1.1948427487491309	1.2
69.42188930511475	1.1961851185660815	1.2
69.43305802345276	1.1961851185660815	1.2
69.44567131996155	1.1961851185660815	1.2
69.45891642570496	1.1972822209373293	1.2
69.47089195251465	1.1972822209373293	1.2
69.4826226234436	1.1972822209373293	1.2
69.49877667427063	1.1972822209373293	1.2
69.51132464408875	1.1985803964083863	1.2
69.52481389045715	1.1985803964083863	1.2
69.54044914245605	1.1985803964083863	1.2
69.55588984489441	1.1990333340603068	1.2
69.56886982917786	1.1990333340603068	1.2
69.5834321975708	1.1990333340603068	1.2
69.59696578979492	1.200528276942664	1.2
69.60890555381775	1.200528276942664	1.2
69.62395453453064	1.200528276942664	1.2
69.64219212532043	1.200528276942664	1.2
69.65562438964844	1.2024656105337233	1.2
69.66720223426819	1.2024656105337233	1.2
69.6813223361969	1.2024656105337233	1.2
69.69758582115173	1.2044181519074004	1.2
69.71021437644958	1.2044181519074004	1.2
69.72349143028259	1.2044181519074004	1.2
69.74049735069275	1.2044181519074004	1.2
69.75216937065125	1.2068974351935193	1.2
69.76315355300903	1.2068974351935193	1.2
69.777414560318	1.2068974351935193	1.2
69.79266405105591	1.2086816103327844	1.2
69.80657625198364	1.2086816103327844	1.2
69.82191133499146	1.2086816103327844	1.2
69.836496591568	1.2094146472860274	1.2
69.8487024307251	1.2094146472860274	1.2
69.86394810676575	1.2094146472860274	1.2
69.87908864021301	1.2098283865858126	1.2
69.8916003704071	1.2098283865858126	1.2
69.9053328037262	1.2098283865858126	1.2
69.91717028617859	1.2098283865858126	1.2
69.93060350418091	1.2108781967265314	1.2
69.9434106349945	1.2108781967265314	1.2
69.95746850967407	1.2108781967265314	1.2
69.97244143486023	1.2120995867308337	1.2
69.98552918434143	1.2120995867308337	1.2
69.99698734283447	1.2120995867308337	1.2
70.01164507865906	1.2120995867308337	1.2
70.02471828460693	1.21367885221071	1.2
70.03808832168579	1.21367885221071	1.2
70.04994916915894	1.21367885221071	1.2
70.06443047523499	1.2144250606586913	1.2
70.07700419425964	1.2144250606586913	1.2
70.09091663360596	1.2144250606586913	1.2
70.10727977752686	1.215170984907353	1.2
70.11876845359802	1.215170984907353	1.2
70.13008785247803	1.215170984907353	1.2
70.14457726478577	1.215170984907353	1.2
70.1589708328247	1.2149591785027298	1.2
70.17104601860046	1.2149591785027298	1.2
70.18630504608154	1.2149591785027298	1.2
70.19905829429626	1.214280256872636	1.2
70.21229887008667	1.214280256872636	1.2
70.22562503814697	1.214280256872636	1.2
70.2402663230896	1.214140806323185	1.2
70.25287914276123	1.214140806323185	1.2
70.26425743103027	1.214140806323185	1.2
70.27660250663757	1.214140806323185	1.2
70.28952956199646	1.2140228609450339	1.2
70.30103373527527	1.2140228609450339	1.2
70.31413960456848	1.2140228609450339	1.2
70.32836151123047	1.2147276161533673	1.2
70.34059357643127	1.2147276161533673	1.2
70.3529064655304	1.2147276161533673	1.2
70.3658082485199	1.2147276161533673	1.2
70.37957310676575	1.2146906031058369	1.2
70.39129495620728	1.2146906031058369	1.2
70.40531730651855	1.2146906031058369	1.2
70.41926860809326	1.2137163636963377	1.2
70.4313657283783	1.2137163636963377	1.2
70.44267392158508	1.2137163636963377	1.2
70.45557641983032	1.2137163636963377	1.2
70.46900486946106	1.2124799359969347	1.2
70.48079586029053	1.2124799359969347	1.2
70.49341249465942	1.2124799359969347	1.2
70.50996899604797	1.2124799359969347	1.2
70.52153635025024	1.2102611884339094	1.2
70.53386116027832	1.2102611884339094	1.2
70.54914736747742	1.2102611884339094	1.2
70.56360459327698	1.2072416756233504	1.2
70.57735347747803	1.2072416756233504	1.2
70.59140038490295	1.2072416756233504	1.2
70.60482358932495	1.2051008869467426	1.2
70.61683940887451	1.2051008869467426	1.2
70.630202293396	1.2051008869467426	1.2
70.64627242088318	1.2051008869467426	1.2
70.66082835197449	1.202663026318772	1.2
70.67428231239319	1.202663026318772	1.2
70.68720173835754	1.202663026318772	1.2
70.70173978805542	1.1997953557232388	1.2
70.7166497707367	1.1997953557232388	1.2
70.7298514842987	1.1997953557232388	1.2
70.74667048454285	1.1997953557232388	1.2
70.75952410697937	1.195901224735532	1.2
70.77237725257874	1.195901224735532	1.2
70.78931832313538	1.195901224735532	1.2
70.80341625213623	1.1926658173798523	1.2
70.81484174728394	1.1926658173798523	1.2
70.83102250099182	1.1926658173798523	1.2
70.84932661056519	1.1888363917696236	1.2
70.86230206489563	1.1888363917696236	1.2
70.8761956691742	1.1888363917696236	1.2
70.88913536071777	1.1888363917696236	1.2
70.90148758888245	1.1854084009159653	1.2
70.91414451599121	1.1854084009159653	1.2
70.9294695854187	1.1854084009159653	1.2
70.94399356842041	1.1832376351214293	1.2
70.95649027824402	1.1832376351214293	1.2
70.96875667572021	1.1832376351214293	1.2
70.98544335365295	1.1812896199682261	1.2
70.99896883964539	1.1812896199682261	1.2
71.01170659065247	1.1812896199682261	1.2
71.02581572532654	1.1812896199682261	1.2
71.03947496414185	1.1799051972435681	1.2
71.05068182945251	1.1799051972435681	1.2
71.06516218185425	1.1799051972435681	1.2
71.08048295974731	1.1786789545408656	1.2
71.0924162864685	1.1786789545408656	1.2
71.1057140827179	1.1786789545408656	1.2
71.12176728248596	1.1780564167989298	1.2
71.13326668739319	1.1780564167989298	1.2
71.14531707763672	1.1780564167989298	1.2
71.1624825000763	1.1780564167989298	1.2
71.17478394508362	1.176998567411653	1.2
71.18586754798889	1.176998567411653	1.2
71.19837069511414	1.176998567411653	1.2
71.2104926109314	1.176998567411653	1.2
71.22235321998596	1.177346827731566	1.2
71.23555445671082	1.177346827731566	1.2
71.2490074634552	1.177346827731566	1.2
71.26242208480835	1.1771155296608893	1.2
71.2744448184967	1.1771155296608893	1.2
71.28623056411743	1.1771155296608893	1.2
71.29910707473755	1.1779856409741114	1.2
71.31021237373352	1.1779856409741114	1.2
71.3223078250885	1.1779856409741114	1.2
71.33567309379578	1.1779856409741114	1.2
71.350266456604	1.179609422998905	1.2
71.36261820793152	1.179609422998905	1.2
71.37518763542175	1.179609422998905	1.2
71.38933658599854	1.179609422998905	1.2
71.40369153022766	1.179882010111451	1.2
71.41622948646545	1.179882010111451	1.2
71.43316769599915	1.179882010111451	1.2
71.44619965553284	1.18061869625057	1.2
71.45717763900757	1.18061869625057	1.2
71.47824573516846	1.18061869625057	1.2
71.4912338256836	1.1817865523763695	1.2
71.50410556793213	1.1817865523763695	1.2
71.51886320114136	1.1817865523763695	1.2
71.53363060951233	1.183724268934233	1.2
71.54720878601074	1.183724268934233	1.2
71.56139421463013	1.183724268934233	1.2
71.57419562339783	1.183724268934233	1.2
71.58680534362793	1.1858294996485186	1.2
71.59841585159302	1.1858294996485186	1.2
71.61380672454834	1.1858294996485186	1.2
71.62917423248291	1.1885220771427831	1.2
71.64246392250061	1.1885220771427831	1.2
71.65451335906982	1.1885220771427831	1.2
71.66999530792236	1.1885220771427831	1.2
71.68502473831177	1.1916954489162823	1.2
71.69762396812439	1.1916954489162823	1.2
71.71390271186829	1.1916954489162823	1.2
71.72747373580933	1.1942210181082817	1.2
71.7398054599762	1.1942210181082817	1.2
71.75275421142578	1.1942210181082817	1.2
71.76884937286377	1.196703260762538	1.2
71.78073215484619	1.196703260762538	1.2
71.79489135742188	1.196703260762538	1.2
71.80954599380493	1.196703260762538	1.2
71.82223200798035	1.199291048943224	1.2
71.83642077445984	1.199291048943224	1.2
71.85024118423462	1.199291048943224	1.2
71.86711263656616	1.2021422788390481	1.2
71.8802478313446	1.2021422788390481	1.2
71.89171195030212	1.2021422788390481	1.2
71.90572905540466	1.2041919772648972	1.2
71.9187822341919	1.2041919772648972	1.2
71.93192219734192	1.2041919772648972	1.2
71.94767761230469	1.2041919772648972	1.2
71.96318888664246	1.2052801703769385	1.2
71.97460889816284	1.2052801703769385	1.2
71.98750948905945	1.2052801703769385	1.2
72.0021026134491	1.2062654293029458	1.2
72.01439380645752	1.2062654293029458	1.2
72.02749156951904	1.2062654293029458	1.2
72.04401636123657	1.2064015442296858	1.2
72.05507326126099	1.2064015442296858	1.2
72.06598663330078	1.2064015442296858	1.2
72.08230781555176	1.2064015442296858	1.2
72.0965187549591	1.2072782466651815	1.2
72.10810589790344	1.2072782466651815	1.2
72.1214394569397	1.2072782466651815	1.2
72.1331136226654	1.2072782466651815	1.2
72.14611220359802	1.2087895184000073	1.2
72.15842723846436	1.2087895184000073	1.2
72.17374467849731	1.2087895184000073	1.2
72.18714261054993	1.2088831813927743	1.2
72.19937682151794	1.2088831813927743	1.2
72.21059274673462	1.2088831813927743	1.2
72.22281074523926	1.2088831813927743	1.2
72.23598074913025	1.2094114402131968	1.2
72.24844551086426	1.2094114402131968	1.2
72.2607250213623	1.2094114402131968	1.2
72.27653789520264	1.210173858644081	1.2
72.28814458847046	1.210173858644081	1.2
72.29899096488953	1.210173858644081	1.2
72.31355929374695	1.210173858644081	1.2
72.32880163192749	1.2119054820932125	1.2
72.3398277759552	1.2119054820932125	1.2
72.35139489173889	1.2119054820932125	1.2
72.36730599403381	1.2119054820932125	1.2
72.38011336326599	1.2146504744205782	1.2
72.39164781570435	1.2146504744205782	1.2
72.40642213821411	1.2146504744205782	1.2
72.41900563240051	1.218245357802502	1.2
72.43005323410034	1.218245357802502	1.2
72.44224214553833	1.218245357802502	1.2
72.45837569236755	1.218245357802502	1.2
72.47129845619202	1.2216056174405825	1.2
72.483726978302	1.2216056174405825	1.2
72.497483253479	1.2216056174405825	1.2
72.51098656654358	1.2261595768294968	1.2
72.52390837669373	1.2261595768294968	1.2
72.53797841072083	1.2261595768294968	1.2
72.55726408958435	1.2261595768294968	1.2
72.57142853736877	1.2294774014058085	1.2
72.5835645198822	1.2294774014058085	1.2
72.5976231098175	1.2294774014058085	1.2
72.61328649520874	1.232450191590487	1.2
72.62542939186096	1.232450191590487	1.2
72.64070010185242	1.232450191590487	1.2
72.65708112716675	1.2367119738064363	1.2
72.66818690299988	1.2367119738064363	1.2
72.68080139160156	1.2367119738064363	1.2
72.69722700119019	1.2367119738064363	1.2
72.70946550369263	1.2401623389090757	1.2
72.72285795211792	1.2401623389090757	1.2
72.73909425735474	1.2401623389090757	1.2
72.75112891197205	1.2419271207835478	1.2
72.76509404182434	1.2419271207835478	1.2
72.77973651885986	1.2419271207835478	1.2
72.79449653625488	1.241863963264101	1.2
72.80709743499756	1.241863963264101	1.2
72.82062649726868	1.241863963264101	1.2
72.83424806594849	1.2407210825506116	1.2
72.84754657745361	1.2407210825506116	1.2
72.860342502594	1.2407210825506116	1.2
72.87620711326599	1.2407210825506116	1.2
72.89009475708008	1.2385665535426795	1.2
72.90273571014404	1.2385665535426795	1.2
72.91480445861816	1.2385665535426795	1.2
72.92905235290527	1.2350854855883584	1.2
72.94324660301208	1.2350854855883584	1.2
72.95936226844788	1.2350854855883584	1.2
72.97485566139221	1.2312759207264856	1.2
72.9868712425232	1.2312759207264856	1.2
72.9995424747467	1.2312759207264856	1.2
73.01723265647888	1.2312759207264856	1.2
73.03017520904541	1.2274556823570706	1.2
73.04233884811401	1.2274556823570706	1.2
73.05675530433655	1.2274556823570706	1.2
73.06911587715149	1.2223021503877611	1.2
73.08056330680847	1.2223021503877611	1.2
73.09413719177246	1.2223021503877611	1.2
73.1086254119873	1.2171969218731724	1.2
73.1194920539856	1.2171969218731724	1.2
73.1322169303894	1.2171969218731724	1.2
73.14808416366577	1.2171969218731724	1.2
73.16269063949585	1.2122445440681233	1.2
73.17610430717468	1.2122445440681233	1.2
73.1882107257843	1.2122445440681233	1.2
73.2004132270813	1.2071141677880566	1.2
73.2125084400177	1.2071141677880566	1.2
73.22544836997986	1.2071141677880566	1.2
73.24276471138	1.2031336574367002	1.2
73.2563009262085	1.2031336574367002	1.2
73.26771092414856	1.2031336574367002	1.2
73.2797441482544	1.2031336574367002	1.2
73.29335165023804	1.2000829027746955	1.2
73.30581998825073	1.2000829027746955	1.2
73.31928157806396	1.2000829027746955	1.2
73.33524012565613	1.1976370647858685	1.2
73.34659624099731	1.1976370647858685	1.2
73.35759019851685	1.1976370647858685	1.2
73.3707549571991	1.1976370647858685	1.2
73.38595366477966	1.1960576275623727	1.2
73.39859938621521	1.1960576275623727	1.2
73.41437721252441	1.1960576275623727	1.2
73.42900061607361	1.1943133805786628	1.2
73.43991184234619	1.1943133805786628	1.2
73.45175433158875	1.1943133805786628	1.2
73.46824073791504	1.1943133805786628	1.2
73.48182153701782	1.1932438981610805	1.2
73.4948570728302	1.1932438981610805	1.2
73.5075511932373	1.1932438981610805	1.2
73.52065443992615	1.193533858576395	1.2
73.53264164924622	1.193533858576395	1.2
73.54676032066345	1.193533858576395	1.2
73.56203103065491	1.1943019135332917	1.2
73.57632660865784	1.1943019135332917	1.2
73.58829689025879	1.1943019135332917	1.2
73.6024580001831	1.1943019135332917	1.2
73.61585211753845	1.1958171713540766	1.2
73.62876224517822	1.1958171713540766	1.2
73.64515972137451	1.1958171713540766	1.2
73.65974259376526	1.198070190424143	1.2
73.67163825035095	1.198070190424143	1.2
73.68501234054565	1.198070190424143	1.2
73.70073342323303	1.20000262307562	1.2
73.71607446670532	1.20000262307562	1.2
73.73049783706665	1.20000262307562	1.2
73.74576735496521	1.2015976127450414	1.2
73.75782084465027	1.2015976127450414	1.2
73.76947498321533	1.2015976127450414	1.2
73.78992533683777	1.2015976127450414	1.2
73.8035237789154	1.2030304709912678	1.2
73.81604051589966	1.2030304709912678	1.2
73.83188509941101	1.2030304709912678	1.2
73.84720230102539	1.2042504268151588	1.2
73.86027073860168	1.2042504268151588	1.2
73.87495279312134	1.2042504268151588	1.2
73.88882875442505	1.2058996263016086	1.2
73.9021372795105	1.2058996263016086	1.2
73.9172010421753	1.2058996263016086	1.2
73.93356394767761	1.2086879548730374	1.2
73.94643235206604	1.2086879548730374	1.2
73.95896029472351	1.2086879548730374	1.2
73.97354650497437	1.2086879548730374	1.2
73.9884204864502	1.2107306533620166	1.2
74.00078654289246	1.2107306533620166	1.2
74.01788806915283	1.2107306533620166	1.2
74.03265118598938	1.2118983096120166	1.2
74.04366946220398	1.2118983096120166	1.2
74.05721831321716	1.2118983096120166	1.2
74.07249331474304	1.212198462227271	1.2
74.08461570739746	1.212198462227271	1.2
74.09852504730225	1.212198462227271	1.2
74.11383867263794	1.2125432432905972	1.2
74.12477087974548	1.2125432432905972	1.2
74.13781571388245	1.2125432432905972	1.2
74.15419292449951	1.2125432432905972	1.2
74.16593503952026	1.2131439939392616	1.2
74.17776989936829	1.2131439939392616	1.2
74.19149780273438	1.2131439939392616	1.2
74.20381093025208	1.214679056367742	1.2
74.21518135070801	1.214679056367742	1.2
74.22821569442749	1.214679056367742	1.2
74.24395227432251	1.2146411073767365	1.2
74.25567245483398	1.2146411073767365	1.2
74.26788234710693	1.2146411073767365	1.2
74.27965426445007	1.2146411073767365	1.2
74.29347157478333	1.2147471888814385	1.2
74.30587577819824	1.2147471888814385	1.2
74.31776118278503	1.2147471888814385	1.2
74.33206272125244	1.2147471888814385	1.2
74.34539723396301	1.213476023009498	1.2
74.35784363746643	1.213476023009498	1.2
74.36998677253723	1.213476023009498	1.2
74.38389205932617	1.2104776224331293	1.2
74.39592123031616	1.2104776224331293	1.2
74.40844392776489	1.2104776224331293	1.2
74.4257652759552	1.2104776224331293	1.2
74.43849110603333	1.207237659181009	1.2
74.44997715950012	1.207237659181009	1.2
74.46400499343872	1.207237659181009	1.2
74.47790598869324	1.2044733583649854	1.2
74.49039363861084	1.2044733583649854	1.2
74.50460195541382	1.2044733583649854	1.2
74.52034449577332	1.2014448790507368	1.2
74.53510570526123	1.2014448790507368	1.2
74.55334448814392	1.2014448790507368	1.2
74.56947731971741	1.198351614034401	1.2
74.58152961730957	1.198351614034401	1.2
74.59501552581787	1.198351614034401	1.2
74.61065769195557	1.198351614034401	1.2
74.62512946128845	1.1952116364237901	1.2
74.63725590705872	1.1952116364237901	1.2
74.64999747276306	1.1952116364237901	1.2
74.66425013542175	1.191391892948324	1.2
74.67688655853271	1.191391892948324	1.2
74.6910924911499	1.191391892948324	1.2
74.70820236206055	1.1894541393195999	1.2
74.72057437896729	1.1894541393195999	1.2
74.7328712940216	1.1894541393195999	1.2
74.74734807014465	1.1894541393195999	1.2
74.76359438896179	1.1877763696739914	1.2
74.7769067287445	1.1877763696739914	1.2
74.79199409484863	1.1877763696739914	1.2
74.80602622032166	1.1873103860156204	1.2
74.81843757629395	1.1873103860156204	1.2
74.8340208530426	1.1873103860156204	1.2
74.85036659240723	1.187004426126873	1.2
74.86359882354736	1.187004426126873	1.2
74.877450466156	1.187004426126873	1.2
74.8961832523346	1.188305192925292	1.2
74.90925598144531	1.188305192925292	1.2
74.92366456985474	1.188305192925292	1.2
74.9395546913147	1.190277353378187	1.2
74.95322823524475	1.190277353378187	1.2
74.96570467948914	1.190277353378187	1.2
74.979975938797	1.190277353378187	1.2
74.9935986995697	1.1926822605799494	1.2
75.00593972206116	1.1926822605799494	1.2
75.02340865135193	1.1926822605799494	1.2
75.03710675239563	1.1944704904340777	1.2
75.04795384407043	1.1944704904340777	1.2
75.06043338775635	1.1944704904340777	1.2
75.07625913619995	1.1964521867605153	1.2
75.0882019996643	1.1964521867605153	1.2
75.09979557991028	1.1964521867605153	1.2
75.11608052253723	1.1964521867605153	1.2
75.12918901443481	1.1983771724973349	1.2
75.14068579673767	1.1983771724973349	1.2
75.15456795692444	1.1983771724973349	1.2
75.16867470741272	1.200475094857583	1.2
75.18050336837769	1.200475094857583	1.2
75.19442653656006	1.200475094857583	1.2
75.20829319953918	1.200475094857583	1.2
75.2203311920166	1.2015144395560458	1.2
75.23156309127808	1.2015144395560458	1.2
75.2486219406128	1.2015144395560458	1.2
75.26257634162903	1.20230246641555	1.2
75.27461981773376	1.20230246641555	1.2
75.28631234169006	1.20230246641555	1.2
75.29988551139832	1.20230246641555	1.2
75.31211757659912	1.2028692678255481	1.2
75.32426381111145	1.2028692678255481	1.2
75.33577537536621	1.2028692678255481	1.2
75.34905362129211	1.2027607939619118	1.2
75.36020541191101	1.2027607939619118	1.2
75.37197995185852	1.2027607939619118	1.2
75.38605666160583	1.2027607939619118	1.2
75.40033793449402	1.201798783009251	1.2
75.41176867485046	1.201798783009251	1.2
75.42370676994324	1.201798783009251	1.2
75.43844294548035	1.1997996922871068	1.2
75.45289945602417	1.1997996922871068	1.2
75.46644449234009	1.1997996922871068	1.2
75.48174810409546	1.1979952940624894	1.2
75.49396181106567	1.1979952940624894	1.2
75.5054521560669	1.1979952940624894	1.2
75.52178573608398	1.1979952940624894	1.2
75.53743934631348	1.1951698422272332	1.2
75.55077338218689	1.1951698422272332	1.2
75.56532979011536	1.1951698422272332	1.2
75.57926440238953	1.1933742865043417	1.2
75.59130430221558	1.1933742865043417	1.2
75.60511827468872	1.1933742865043417	1.2
75.62068629264832	1.1933742865043417	1.2
75.63743281364441	1.1911691330516565	1.2
75.64948606491089	1.1911691330516565	1.2
75.66307091712952	1.1911691330516565	1.2
75.67759561538696	1.189964296043994	1.2
75.6913115978241	1.189964296043994	1.2
75.70520424842834	1.189964296043994	1.2
75.72172403335571	1.1880094317582797	1.2
75.73368954658508	1.1880094317582797	1.2
75.74585390090942	1.1880094317582797	1.2
75.76139187812805	1.1880094317582797	1.2
75.77636241912842	1.1870862287813124	1.2
75.78977560997009	1.1870862287813124	1.2
75.80517244338989	1.1870862287813124	1.2
75.81787514686584	1.1855294377098837	1.2
75.82989358901978	1.1855294377098837	1.2
75.84695529937744	1.1855294377098837	1.2
75.8626139163971	1.18506134012538	1.2
75.87494421005249	1.18506134012538	1.2
75.8879702091217	1.18506134012538	1.2
75.9026837348938	1.1865804639307265	1.2
75.91656756401062	1.1865804639307265	1.2
75.93083882331848	1.1865804639307265	1.2
75.94593214988708	1.189164563247507	1.2
75.95978593826294	1.189164563247507	1.2
75.97272872924805	1.189164563247507	1.2
75.98550844192505	1.189164563247507	1.2
75.99927639961243	1.1922944977898244	1.2
76.01288986206055	1.1922944977898244	1.2
76.02720713615417	1.1922944977898244	1.2
76.04218101501465	1.1947487790398246	1.2
76.05356669425964	1.1947487790398246	1.2
76.06614422798157	1.1947487790398246	1.2
76.0810432434082	1.1947487790398246	1.2
76.09498858451843	1.198897960025652	1.2
76.10590386390686	1.198897960025652	1.2
76.1196768283844	1.198897960025652	1.2
76.13452172279358	1.2033657447077328	1.2
76.14702129364014	1.2033657447077328	1.2
76.16235113143921	1.2033657447077328	1.2
76.177072763443	1.2076734707412982	1.2
76.18831419944763	1.2076734707412982	1.2
76.19987726211548	1.2076734707412982	1.2
76.22096800804138	1.2076734707412982	1.2
76.23378443717957	1.2111254932775852	1.2
76.24563646316528	1.2111254932775852	1.2
76.25826382637024	1.2111254932775852	1.2
76.27180528640747	1.215310171849014	1.2
76.28439116477966	1.215310171849014	1.2
76.29673480987549	1.215310171849014	1.2
76.31220984458923	1.215310171849014	1.2
76.32603549957275	1.218694743117728	1.2
76.33712410926819	1.218694743117728	1.2
76.34839081764221	1.218694743117728	1.2
76.36226439476013	1.2215482373102677	1.2
76.37436580657959	1.2215482373102677	1.2
76.38640356063843	1.2215482373102677	1.2
76.40175414085388	1.2215482373102677	1.2
76.41523623466492	1.224961447028938	1.2
76.42654633522034	1.224961447028938	1.2
76.44079542160034	1.224961447028938	1.2
76.45642042160034	1.2285685598323102	1.2
76.4687077999115	1.2285685598323102	1.2
76.48146414756775	1.2285685598323102	1.2
76.49645113945007	1.2285685598323102	1.2
76.50826644897461	1.2312183968978183	1.2
76.5208740234375	1.2312183968978183	1.2
76.54145216941833	1.2312183968978183	1.2
76.55551719665527	1.23151188869539	1.2
76.5679624080658	1.23151188869539	1.2
76.58075475692749	1.23151188869539	1.2
76.59574246406555	1.2317081850212688	1.2
76.60887455940247	1.2317081850212688	1.2
76.62179136276245	1.2317081850212688	1.2
76.63751482963562	1.2308641952246373	1.2
76.65023255348206	1.2308641952246373	1.2
76.66201567649841	1.2308641952246373	1.2
76.67460608482361	1.2308641952246373	1.2
76.69083571434021	1.2307216957823823	1.2
76.70289897918701	1.2307216957823823	1.2
76.71756625175476	1.2307216957823823	1.2
76.7335753440857	1.2300583766605695	1.2
76.74544501304626	1.2300583766605695	1.2
76.75773429870605	1.2300583766605695	1.2
76.77508282661438	1.2300583766605695	1.2
76.78859829902649	1.2301070304157442	1.2
76.80198621749878	1.2301070304157442	1.2
76.81695008277893	1.2301070304157442	1.2
76.83034944534302	1.229317005604047	1.2
76.84376311302185	1.229317005604047	1.2
76.86012411117554	1.229317005604047	1.2
76.87469601631165	1.2275674339421827	1.2
76.88678216934204	1.2275674339421827	1.2
76.90015172958374	1.2275674339421827	1.2
76.91676235198975	1.2256210118027318	1.2
76.92983818054199	1.2256210118027318	1.2
76.94207692146301	1.2256210118027318	1.2
76.95468521118164	1.2256210118027318	1.2
76.96831154823303	1.2243369623647746	1.2
76.98218750953674	1.2243369623647746	1.2
76.996408700943	1.2243369623647746	1.2
77.0112738609314	1.2229610969640146	1.2
77.02435111999512	1.2229610969640146	1.2
77.03554320335388	1.2229610969640146	1.2
77.04942440986633	1.2229610969640146	1.2
77.06389474868774	1.219656242498601	1.2
77.07652187347412	1.219656242498601	1.2
77.09141159057617	1.219656242498601	1.2
77.10618734359741	1.217288929370911	1.2
77.11712980270386	1.217288929370911	1.2
77.12898111343384	1.217288929370911	1.2
77.14548134803772	1.217288929370911	1.2
77.15885972976685	1.21480070655259	1.2
77.17068552970886	1.21480070655259	1.2
77.18561792373657	1.21480070655259	1.2
77.1976387500763	1.2114931739502652	1.2
77.208975315094	1.2114931739502652	1.2
77.22290968894958	1.2114931739502652	1.2
77.23788571357727	1.207764795718236	1.2
77.25102424621582	1.207764795718236	1.2
77.26358294487	1.207764795718236	1.2
77.27549982070923	1.207764795718236	1.2
77.28818774223328	1.2045147622287746	1.2
77.30057907104492	1.2045147622287746	1.2
77.31342720985413	1.2045147622287746	1.2
77.32862663269043	1.200409629209343	1.2
77.34076595306396	1.200409629209343	1.2
77.35179686546326	1.200409629209343	1.2
77.36383581161499	1.200409629209343	1.2
77.37771415710449	1.1956393735499586	1.2
77.38979196548462	1.1956393735499586	1.2
77.40286707878113	1.1956393735499586	1.2
77.42050433158875	1.191338710143322	1.2
77.43227458000183	1.191338710143322	1.2
77.44396686553955	1.191338710143322	1.2
77.45840096473694	1.191338710143322	1.2
77.4738781452179	1.188692925591502	1.2
77.48542809486389	1.188692925591502	1.2
77.49857687950134	1.188692925591502	1.2
77.51140213012695	1.188692925591502	1.2
77.52526903152466	1.1864533537310369	1.2
77.53754830360413	1.1864533537310369	1.2
77.55174851417542	1.1864533537310369	1.2
77.56670308113098	1.184875008714478	1.2
77.58047342300415	1.184875008714478	1.2
77.59283828735352	1.184875008714478	1.2
77.60749077796936	1.184875008714478	1.2
77.62027215957642	1.1820881546813784	1.2
77.63327765464783	1.1820881546813784	1.2
77.6457622051239	1.1820881546813784	1.2
77.6601734161377	1.179964434666386	1.2
77.67311024665833	1.179964434666386	1.2
77.68818998336792	1.179964434666386	1.2
77.70381903648376	1.1777030583657289	1.2
77.71585869789124	1.1777030583657289	1.2
77.7271180152893	1.1777030583657289	1.2
77.74546480178833	1.1777030583657289	1.2
77.75969076156616	1.1747240711476836	1.2
77.77193069458008	1.1747240711476836	1.2
77.78742718696594	1.1747240711476836	1.2
77.80070424079895	1.1726601342843999	1.2
77.81298685073853	1.1726601342843999	1.2
77.82734274864197	1.1726601342843999	1.2
77.84288001060486	1.1712200241858777	1.2
77.85719323158264	1.1712200241858777	1.2
77.8711998462677	1.1712200241858777	1.2
77.8851912021637	1.170474422286392	1.2
77.89842748641968	1.170474422286392	1.2
77.9141149520874	1.170474422286392	1.2
77.93131732940674	1.1680755014895685	1.2
77.94543051719666	1.1680755014895685	1.2
77.95751452445984	1.1680755014895685	1.2
77.97048616409302	1.1680755014895685	1.2
77.98476505279541	1.1670380027429745	1.2
77.99740934371948	1.1670380027429745	1.2
78.01241540908813	1.1670380027429745	1.2
78.02771496772766	1.1656973755011009	1.2
78.03905320167542	1.1656973755011009	1.2
78.05059957504272	1.1656973755011009	1.2
78.06792855262756	1.1656973755011009	1.2
78.0816798210144	1.1650630822254189	1.2
78.09396576881409	1.1650630822254189	1.2
78.10935306549072	1.1650630822254189	1.2
78.12096214294434	1.1650465581424467	1.2
78.13265132904053	1.1650465581424467	1.2
78.14708518981934	1.1650465581424467	1.2
78.16192173957825	1.165593287132933	1.2
78.17464327812195	1.165593287132933	1.2
78.18812108039856	1.165593287132933	1.2
78.20240068435669	1.1664927426090907	1.2
78.21424150466919	1.1664927426090907	1.2
78.22672510147095	1.1664927426090907	1.2
78.24081230163574	1.1664927426090907	1.2
78.25450468063354	1.1670073251998638	1.2
78.2676522731781	1.1670073251998638	1.2
78.27960419654846	1.1670073251998638	1.2
78.29280924797058	1.1675616761215228	1.2
78.30514216423035	1.1675616761215228	1.2
78.317697763443	1.1675616761215228	1.2
78.33362650871277	1.1675616761215228	1.2
78.34766864776611	1.1665476458308965	1.2
78.3588478565216	1.1665476458308965	1.2
78.3697280883789	1.1665476458308965	1.2
78.38382768630981	1.1665476458308965	1.2
78.39700651168823	1.1663569282506825	1.2
78.40826153755188	1.1663569282506825	1.2
78.4213764667511	1.1663569282506825	1.2
78.43720841407776	1.1664476179216465	1.2
78.4485330581665	1.1664476179216465	1.2
78.46398973464966	1.1664476179216465	1.2
78.4794430732727	1.1671086556582255	1.2
78.49051332473755	1.1671086556582255	1.2
78.50242805480957	1.1671086556582255	1.2
78.51891803741455	1.1671086556582255	1.2
78.53232932090759	1.1686807477742287	1.2
78.54544687271118	1.1686807477742287	1.2
78.5615906715393	1.1686807477742287	1.2
78.5750663280487	1.1689694033524287	1.2
78.58802366256714	1.1689694033524287	1.2
78.60557556152344	1.1689694033524287	1.2
78.61914801597595	1.1686025509571532	1.2
78.63099384307861	1.1686025509571532	1.2
78.64526557922363	1.1686025509571532	1.2
78.65911388397217	1.1687453728089308	1.2
78.67335987091064	1.1687453728089308	1.2
78.68780255317688	1.1687453728089308	1.2
78.70406436920166	1.1691784010356638	1.2
78.71758794784546	1.1691784010356638	1.2
78.72911667823792	1.1691784010356638	1.2
78.74338459968567	1.1691784010356638	1.2
78.75837254524231	1.1697628462289382	1.2
78.77186512947083	1.1697628462289382	1.2
78.78933262825012	1.1697628462289382	1.2
78.8028974533081	1.1711993996526813	1.2
78.81429696083069	1.1711993996526813	1.2
78.82874274253845	1.1711993996526813	1.2
78.84521818161011	1.1725820147642432	1.2
78.85758423805237	1.1725820147642432	1.2
78.87152099609375	1.1725820147642432	1.2
78.884432554245	1.1725820147642432	1.2
78.89692997932434	1.1732168526002038	1.2
78.90983438491821	1.1732168526002038	1.2
78.92633008956909	1.1732168526002038	1.2
78.94453620910645	1.1737215237530736	1.2
78.95791554450989	1.1737215237530736	1.2
78.97161626815796	1.1737215237530736	1.2
78.98739886283875	1.1738561140717914	1.2
79.0031487941742	1.1738561140717914	1.2
79.01906371116638	1.1738561140717914	1.2
79.0347990989685	1.1746351110572666	1.2
79.0466833114624	1.1746351110572666	1.2
79.05926537513733	1.1746351110572666	1.2
79.07468271255493	1.1746351110572666	1.2
79.0872585773468	1.1754145096660187	1.2
79.10004925727844	1.1754145096660187	1.2
79.11451482772827	1.1754145096660187	1.2
79.1286985874176	1.1756781869377555	1.2
79.14148807525635	1.1756781869377555	1.2
79.1566550731659	1.1756781869377555	1.2
79.17122197151184	1.1755498965458464	1.2
79.18226075172424	1.1755498965458464	1.2
79.19632053375244	1.1755498965458464	1.2
79.21160626411438	1.1754447696975514	1.2
79.22324013710022	1.1754447696975514	1.2
79.23506927490234	1.1754447696975514	1.2
79.2495334148407	1.1754447696975514	1.2
79.26244902610779	1.1764224003100792	1.2
79.27509617805481	1.1764224003100792	1.2
79.2894012928009	1.1764224003100792	1.2
79.30419731140137	1.1778932474634822	1.2
79.31704711914062	1.1778932474634822	1.2
79.32973647117615	1.1778932474634822	1.2
79.3423535823822	1.1778932474634822	1.2
79.35619783401489	1.1787087644856449	1.2
79.36851119995117	1.1787087644856449	1.2
79.38454294204712	1.1787087644856449	1.2
79.39922046661377	1.1789721100925519	1.2
79.41176724433899	1.1789721100925519	1.2
79.42388939857483	1.1789721100925519	1.2
79.43878746032715	1.1789721100925519	1.2
79.45114398002625	1.1790256606784184	1.2
79.46494483947754	1.1790256606784184	1.2
79.48123407363892	1.1790256606784184	1.2
79.49333429336548	1.1792621789368454	1.2
79.50503325462341	1.1792621789368454	1.2
79.5212345123291	1.1792621789368454	1.2
79.53917479515076	1.1796359205873517	1.2
79.5574471950531	1.1796359205873517	1.2
79.57169651985168	1.1796359205873517	1.2
79.58775734901428	1.1813475285802224	1.2
79.6013720035553	1.1813475285802224	1.2
79.61678194999695	1.1813475285802224	1.2
79.63487696647644	1.1820182236775152	1.2
79.64780449867249	1.1820182236775152	1.2
79.65994763374329	1.1820182236775152	1.2
79.67674970626831	1.183339641773514	1.2
79.68973588943481	1.183339641773514	1.2
79.70270419120789	1.183339641773514	1.2
79.72428584098816	1.183339641773514	1.2
79.73717451095581	1.1833464461967722	1.2
79.74979376792908	1.1833464461967722	1.2
79.7666826248169	1.1833464461967722	1.2
79.7815363407135	1.1823691283329416	1.2
79.79535746574402	1.1823691283329416	1.2
79.80904245376587	1.1823691283329416	1.2
79.82419967651367	1.1831905879148796	1.2
79.83689665794373	1.1831905879148796	1.2
79.85254096984863	1.1831905879148796	1.2
79.86603093147278	1.1847776088768875	1.2
79.87899327278137	1.1847776088768875	1.2
79.89277791976929	1.1847776088768875	1.2
79.90868926048279	1.1847776088768875	1.2
79.92205452919006	1.1866463327475427	1.2
79.93856120109558	1.1866463327475427	1.2
79.95270085334778	1.1866463327475427	1.2
79.96669387817383	1.1884894934618284	1.2
79.97940468788147	1.1884894934618284	1.2
79.99584102630615	1.1884894934618284	1.2
80.01294875144958	1.1908742081898251	1.2
80.02530717849731	1.1908742081898251	1.2
80.04118275642395	1.1908742081898251	1.2
80.05759501457214	1.1930211822456518	1.2
80.07097673416138	1.1930211822456518	1.2
80.0864360332489	1.1930211822456518	1.2
80.09947991371155	1.1962694528067928	1.2
80.11145901679993	1.1962694528067928	1.2
80.12604284286499	1.1962694528067928	1.2
80.14283680915833	1.199687675728008	1.2
80.15528869628906	1.199687675728008	1.2
80.16804480552673	1.199687675728008	1.2
80.18137407302856	1.199687675728008	1.2
80.19403457641602	1.2032111698016303	1.2
80.20668864250183	1.2032111698016303	1.2
80.22165012359619	1.2032111698016303	1.2
80.23538327217102	1.2067595282353651	1.2
80.24807286262512	1.2067595282353651	1.2
80.25998711585999	1.2067595282353651	1.2
80.27431178092957	1.2067595282353651	1.2
80.28627181053162	1.209499730602026	1.2
80.29859447479248	1.209499730602026	1.2
80.31346011161804	1.209499730602026	1.2
80.32861018180847	1.2122120794481308	1.2
80.3420569896698	1.2122120794481308	1.2
80.35402417182922	1.2122120794481308	1.2
80.36884427070618	1.2140822330629661	1.2
80.38232207298279	1.2140822330629661	1.2
80.39700531959534	1.2140822330629661	1.2
80.41265082359314	1.2168184360704848	1.2
80.42576503753662	1.2168184360704848	1.2
80.43978810310364	1.2168184360704848	1.2
80.4562394618988	1.21882664945207	1.2
80.46821975708008	1.21882664945207	1.2
80.48106694221497	1.21882664945207	1.2
80.49658417701721	1.21882664945207	1.2
80.50979351997375	1.2196898991814096	1.2
80.52486729621887	1.2196898991814096	1.2
80.54286575317383	1.2196898991814096	1.2
80.55807304382324	1.2213793584096586	1.2
80.57428979873657	1.2213793584096586	1.2
80.58752679824829	1.2213793584096586	1.2
80.60261511802673	1.2212198005392625	1.2
80.61604762077332	1.2212198005392625	1.2
80.63072228431702	1.2212198005392625	1.2
80.64470911026001	1.2212161585788122	1.2
80.65850067138672	1.2212161585788122	1.2
80.67333579063416	1.2212161585788122	1.2
80.6917052268982	1.2222473352666958	1.2
80.70454454421997	1.2222473352666958	1.2
80.71827602386475	1.2222473352666958	1.2
80.73397040367126	1.2235065911050085	1.2
80.74706292152405	1.2235065911050085	1.2
80.76091885566711	1.2235065911050085	1.2
80.77895712852478	1.2250922062248892	1.2
80.79157638549805	1.2250922062248892	1.2
80.80589151382446	1.2250922062248892	1.2
80.82144212722778	1.2250922062248892	1.2
80.8373692035675	1.228328704783967	1.2
80.8505380153656	1.228328704783967	1.2
80.86554217338562	1.228328704783967	1.2
80.8795702457428	1.2300158296985262	1.2
80.8941297531128	1.2300158296985262	1.2
80.91063165664673	1.2300158296985262	1.2
80.92664885520935	1.2310059024292805	1.2
80.9407114982605	1.2310059024292805	1.2
80.95448970794678	1.2310059024292805	1.2
80.9689691066742	1.2331181681047818	1.2
80.98312592506409	1.2331181681047818	1.2
80.99862384796143	1.2331181681047818	1.2
81.01699686050415	1.2341426774638287	1.2
81.03005409240723	1.2341426774638287	1.2
81.04294347763062	1.2341426774638287	1.2
81.0575659275055	1.2357744884957502	1.2
81.07112121582031	1.2357744884957502	1.2
81.08433938026428	1.2357744884957502	1.2
81.10094261169434	1.237573713927961	1.2
81.11361050605774	1.237573713927961	1.2
81.12697911262512	1.237573713927961	1.2
81.14266896247864	1.237573713927961	1.2
81.1570873260498	1.2389864716361987	1.2
81.17001342773438	1.2389864716361987	1.2
81.1852126121521	1.2389864716361987	1.2
81.19921803474426	1.2400387971577025	1.2
81.21103072166443	1.2400387971577025	1.2
81.2264449596405	1.2400387971577025	1.2
81.24117469787598	1.2405711057836413	1.2
81.25315761566162	1.2405711057836413	1.2
81.26658177375793	1.2405711057836413	1.2
81.2799334526062	1.2408782344965126	1.2
81.29350757598877	1.2408782344965126	1.2
81.30702710151672	1.2408782344965126	1.2
81.32362246513367	1.240408515596991	1.2
81.33654856681824	1.240408515596991	1.2
81.34929752349854	1.240408515596991	1.2
81.36361122131348	1.240408515596991	1.2
81.37786054611206	1.241331929964572	1.2
81.39102435112	1.241331929964572	1.2
81.40358972549438	1.241331929964572	1.2
81.41774201393127	1.242721965890185	1.2
81.43030166625977	1.242721965890185	1.2
81.4431962966919	1.242721965890185	1.2
81.45959496498108	1.243655213535774	1.2
81.47219491004944	1.243655213535774	1.2
81.48450899124146	1.243655213535774	1.2
81.49952530860901	1.243655213535774	1.2
81.51361179351807	1.2448125205065936	1.2
81.52736401557922	1.2448125205065936	1.2
81.54457187652588	1.2448125205065936	1.2
81.55981659889221	1.2452859466318382	1.2
81.57324838638306	1.2452859466318382	1.2
81.59029054641724	1.2452859466318382	1.2
81.60623717308044	1.2449760217537895	1.2
81.61930656433105	1.2449760217537895	1.2
81.63462853431702	1.2449760217537895	1.2
81.64825248718262	1.2437791370531242	1.2
81.66112804412842	1.2437791370531242	1.2
81.67747259140015	1.2437791370531242	1.2
81.69285273551941	1.2415818095805968	1.2
81.70663285255432	1.2415818095805968	1.2
81.72028946876526	1.2415818095805968	1.2
81.7369077205658	1.2379934659144545	1.2
81.75079870223999	1.2379934659144545	1.2
81.76433086395264	1.2379934659144545	1.2
81.78337812423706	1.235292310308047	1.2
81.7960057258606	1.235292310308047	1.2
81.80892372131348	1.235292310308047	1.2
81.82648849487305	1.235292310308047	1.2
81.84148240089417	1.2317881219908862	1.2
81.85562896728516	1.2317881219908862	1.2
81.87143921852112	1.2317881219908862	1.2
81.88521695137024	1.2271487958242646	1.2
81.89915800094604	1.2271487958242646	1.2
81.91666388511658	1.2271487958242646	1.2
81.93145847320557	1.2237414900391406	1.2
81.94526410102844	1.2237414900391406	1.2
81.95871996879578	1.2237414900391406	1.2
81.97387194633484	1.2196924981943713	1.2
81.98791980743408	1.2196924981943713	1.2
82.00156283378601	1.2196924981943713	1.2
82.01882791519165	1.2168019292119838	1.2
82.0329532623291	1.2168019292119838	1.2
82.0454728603363	1.2168019292119838	1.2
82.06112122535706	1.2122705448131568	1.2
82.07386589050293	1.2122705448131568	1.2
82.08791399002075	1.2122705448131568	1.2
82.10486888885498	1.2122705448131568	1.2
82.11727499961853	1.2083800556341804	1.2
82.12984108924866	1.2083800556341804	1.2
82.14596629142761	1.2083800556341804	1.2
82.16033458709717	1.2060896784913235	1.2
82.17201828956604	1.2060896784913235	1.2
82.18430709838867	1.2060896784913235	1.2
82.2014970779419	1.2060896784913235	1.2
82.21454548835754	1.2046286668820945	1.2
82.22904872894287	1.2046286668820945	1.2
82.24238848686218	1.2046286668820945	1.2
82.25474214553833	1.2037561436899629	1.2
82.26763081550598	1.2037561436899629	1.2
82.28478837013245	1.2037561436899629	1.2
82.29811596870422	1.2028529655159905	1.2
82.31047630310059	1.2028529655159905	1.2
82.32359409332275	1.2028529655159905	1.2
82.33656764030457	1.200213673452208	1.2
82.34992098808289	1.200213673452208	1.2
82.36291146278381	1.200213673452208	1.2
82.3769359588623	1.200213673452208	1.2
82.38998055458069	1.197491069405965	1.2
82.40261745452881	1.197491069405965	1.2
82.41476774215698	1.197491069405965	1.2
82.42919826507568	1.1963849954480534	1.2
82.44259929656982	1.1963849954480534	1.2
82.45636343955994	1.1963849954480534	1.2
82.4721257686615	1.1945298354027671	1.2
82.48383331298828	1.1945298354027671	1.2
82.49553298950195	1.1945298354027671	1.2
82.51068663597107	1.1945298354027671	1.2
82.52565002441406	1.1988830565154749	1.2
82.53846502304077	1.1988830565154749	1.2
82.56015634536743	1.1988830565154749	1.2
82.57259917259216	1.2120271396886084	1.2
82.58572053909302	1.2120271396886084	1.2
82.60130906105042	1.2120271396886084	1.2
82.61548852920532	nan	1.2
82.62937045097351	nan	1.2
82.64442539215088	nan	1.2
82.65804553031921	nan	1.2
82.670725107193	nan	1.2
82.68810772895813	nan	1.2
82.70421004295349	nan	1.2
82.7170615196228	nan	1.2
82.73133850097656	nan	1.2
82.74664521217346	nan	1.2
82.75962281227112	nan	1.2
82.77445006370544	nan	1.2
82.7926070690155	nan	1.2
82.80439615249634	nan	1.2
82.81887412071228	nan	1.2
82.83640050888062	nan	1.2
82.85031914710999	nan	1.2
82.86631679534912	nan	1.2
82.88218402862549	nan	1.2
82.89498233795166	nan	1.2
82.90954065322876	nan	1.2
82.92667055130005	nan	1.2
82.938894033432	nan	1.2
82.95266342163086	nan	1.2
82.97001504898071	nan	1.2
82.98338174819946	nan	1.2
82.9976065158844	nan	1.2
83.01405787467957	nan	1.2
83.02613949775696	nan	1.2
83.03919863700867	nan	1.2
83.05512356758118	nan	1.2
83.06975483894348	nan	1.2
83.083811044693	nan	1.2
83.09927821159363	nan	1.2
83.11197304725647	nan	1.2
83.12636518478394	nan	1.2
83.13946533203125	nan	1.2
83.15456914901733	nan	1.2
83.16757702827454	nan	1.2
83.17983102798462	nan	1.2
83.19678783416748	nan	1.2
83.21195721626282	nan	1.2
83.22655463218689	nan	1.2
83.2436318397522	nan	1.2
83.25559878349304	nan	1.2
83.26910400390625	nan	1.2
83.28544759750366	nan	1.2
83.29775953292847	nan	1.2
83.31357216835022	nan	1.2
83.32995700836182	nan	1.2
83.34231662750244	nan	1.2
83.35750794410706	nan	1.2
83.37496829032898	nan	1.2
83.38799571990967	nan	1.2
83.40211009979248	nan	1.2
83.41506791114807	nan	1.2
83.42917847633362	nan	1.2
83.44263482093811	nan	1.2
83.45647811889648	nan	1.2
83.47181606292725	nan	1.2
83.48543119430542	nan	1.2
83.49967503547668	nan	1.2
83.51905560493469	nan	1.2
83.53593850135803	nan	1.2
83.55444097518921	nan	1.2
83.57352614402771	nan	1.2
83.58799886703491	nan	1.2
83.6062364578247	nan	1.2
83.62385869026184	nan	1.2
83.63941478729248	nan	1.2
83.6581482887268	nan	1.2
83.67581462860107	nan	1.2
83.6900475025177	nan	1.2
83.7035961151123	nan	1.2
83.71886539459229	nan	1.2
83.73159670829773	nan	1.2
83.7469847202301	nan	1.2
83.76459836959839	nan	1.2
83.77770185470581	nan	1.2
83.79011273384094	nan	1.2
83.80832409858704	nan	1.2
83.82355880737305	nan	1.2
83.84067630767822	nan	1.2
83.8570568561554	nan	1.2
83.86924743652344	nan	1.2
83.8863878250122	nan	1.2
83.90274047851562	nan	1.2
83.91737747192383	nan	1.2
83.93317890167236	nan	1.2
83.94702243804932	nan	1.2
83.95954060554504	nan	1.2
83.97541522979736	nan	1.2
83.99120378494263	nan	1.2
84.00441718101501	nan	1.2
84.01738619804382	nan	1.2
84.03212976455688	nan	1.2
84.04615020751953	nan	1.2
84.05901885032654	nan	1.2
84.07385063171387	nan	1.2
84.08809351921082	nan	1.2
84.09989356994629	nan	1.2
84.11290073394775	nan	1.2
84.12750673294067	nan	1.2
84.13966608047485	nan	1.2
84.15388464927673	nan	1.2
84.16972804069519	nan	1.2
84.1814661026001	nan	1.2
84.19418120384216	nan	1.2
84.21222758293152	nan	1.2
84.22500395774841	nan	1.2
84.23994994163513	nan	1.2
84.25524640083313	nan	1.2
84.26703763008118	nan	1.2
84.27993392944336	nan	1.2
84.29709959030151	nan	1.2
84.30996870994568	nan	1.2
84.32295656204224	nan	1.2
84.337655544281	nan	1.2
84.35050201416016	nan	1.2
84.3629424571991	nan	1.2
84.37799906730652	nan	1.2
84.39230394363403	nan	1.2
84.40445446968079	nan	1.2
84.42126607894897	nan	1.2
84.43786406517029	nan	1.2
84.45084857940674	nan	1.2
84.46438336372375	nan	1.2
84.47775077819824	nan	1.2
84.4899742603302	nan	1.2
84.50454592704773	nan	1.2
84.51986813545227	nan	1.2
84.53336834907532	nan	1.2
84.54534220695496	nan	1.2
84.56061792373657	nan	1.2
84.57975578308105	nan	1.2
84.59557914733887	nan	1.2
84.61090993881226	nan	1.2
84.62578511238098	nan	1.2
84.63794374465942	nan	1.2
84.65534472465515	nan	1.2
84.67034363746643	nan	1.2
84.68444156646729	nan	1.2
84.70032525062561	nan	1.2
84.71439123153687	nan	1.2
84.72650694847107	nan	1.2
84.74286437034607	nan	1.2
84.76121664047241	nan	1.2
84.77647256851196	nan	1.2
84.78944110870361	nan	1.2
84.80437564849854	nan	1.2
84.81783151626587	nan	1.2
84.8320062160492	nan	1.2
84.84815096855164	nan	1.2
84.86407852172852	nan	1.2
84.87731647491455	nan	1.2
84.8931725025177	nan	1.2
84.90784454345703	nan	1.2
84.92245388031006	nan	1.2
84.9389877319336	nan	1.2
84.95333003997803	nan	1.2
84.96576738357544	nan	1.2
84.9814453125	nan	1.2
84.99692273139954	nan	1.2
85.0100486278534	nan	1.2
85.02479934692383	nan	1.2
85.03877973556519	nan	1.2
85.05176162719727	nan	1.2
85.06570363044739	nan	1.2
85.08055067062378	nan	1.2
85.09496879577637	1.1498785305806627	1.2
85.10833382606506	1.1498785305806627	1.2
85.12104892730713	1.1498785305806627	1.2
85.13598108291626	1.1525489243933718	1.2
85.14881896972656	1.1525489243933718	1.2
85.1606559753418	1.1525489243933718	1.2
85.17451047897339	1.1525489243933718	1.2
85.18790650367737	1.1558827758303962	1.2
85.19999837875366	1.1558827758303962	1.2
85.21619534492493	1.1558827758303962	1.2
85.23142576217651	1.1593270142885683	1.2
85.24284505844116	1.1593270142885683	1.2
85.25566363334656	1.1593270142885683	1.2
85.2709527015686	1.1627719430179562	1.2
85.28438758850098	1.1627719430179562	1.2
85.29914355278015	1.1627719430179562	1.2
85.3149197101593	1.1664890669281849	1.2
85.3268096446991	1.1664890669281849	1.2
85.33939814567566	1.1664890669281849	1.2
85.35663175582886	1.1664890669281849	1.2
85.37033200263977	1.170034243053165	1.2
85.38265872001648	1.170034243053165	1.2
85.39714050292969	1.170034243053165	1.2
85.41044211387634	1.1714979778092622	1.2
85.42341256141663	1.1714979778092622	1.2
85.43713617324829	1.1714979778092622	1.2
85.45227527618408	1.1724422459881025	1.2
85.46492290496826	1.1724422459881025	1.2
85.47709369659424	1.1724422459881025	1.2
85.48921489715576	1.1724422459881025	1.2
85.50319719314575	1.1721408171001984	1.2
85.51656532287598	1.1721408171001984	1.2
85.53139448165894	1.1721408171001984	1.2
85.5479805469513	1.171990475687456	1.2
85.56236243247986	1.171990475687456	1.2
85.57717633247375	1.171990475687456	1.2
85.59373426437378	1.1715688084775473	1.2
85.60656118392944	1.1715688084775473	1.2
85.62312126159668	1.1715688084775473	1.2
85.63849544525146	1.1711054970879284	1.2
85.65144371986389	1.1711054970879284	1.2
85.66575884819031	1.1711054970879284	1.2
85.68276190757751	1.1710336900935856	1.2
85.69643521308899	1.1710336900935856	1.2
85.70973253250122	1.1710336900935856	1.2
85.72416543960571	1.1710336900935856	1.2
85.73870778083801	1.170898369392781	1.2
85.75298118591309	1.170898369392781	1.2
85.7673864364624	1.170898369392781	1.2
85.78343677520752	1.1706747829070996	1.2
85.79674363136292	1.1706747829070996	1.2
85.81045031547546	1.1706747829070996	1.2
85.82694602012634	1.1701241971776	1.2
85.84046196937561	1.1701241971776	1.2
85.8560254573822	1.1701241971776	1.2
85.87190389633179	1.1701937774385187	1.2
85.88430643081665	1.1701937774385187	1.2
85.89878702163696	1.1701937774385187	1.2
85.9166088104248	1.1701937774385187	1.2
85.93021607398987	1.1704571879672652	1.2
85.94471907615662	1.1704571879672652	1.2
85.96366429328918	1.1704571879672652	1.2
85.97695302963257	1.1713225925824893	1.2
85.9907763004303	1.1713225925824893	1.2
86.00677800178528	1.1713225925824893	1.2
86.02008819580078	1.1722179272730429	1.2
86.0356240272522	1.1722179272730429	1.2
86.05108118057251	1.1722179272730429	1.2
86.06630992889404	1.1725002092193386	1.2
86.07875490188599	1.1725002092193386	1.2
86.09254455566406	1.1725002092193386	1.2
86.10664868354797	1.1729827523455312	1.2
86.1190676689148	1.1729827523455312	1.2
86.1313328742981	1.1729827523455312	1.2
86.1479218006134	1.1739636818327104	1.2
86.16035962104797	1.1739636818327104	1.2
86.17244458198547	1.1739636818327104	1.2
86.18543910980225	1.1739636818327104	1.2
86.20107436180115	1.175482019131151	1.2
86.21415185928345	1.175482019131151	1.2
86.22864484786987	1.175482019131151	1.2
86.24387550354004	1.1767271257604555	1.2
86.25679206848145	1.1767271257604555	1.2
86.27225255966187	1.1767271257604555	1.2
86.28802967071533	1.1788375582191535	1.2
86.30024123191833	1.1788375582191535	1.2
86.31576323509216	1.1788375582191535	1.2
86.32908153533936	1.1801245030185399	1.2
86.34151673316956	1.1801245030185399	1.2
86.35519766807556	1.1801245030185399	1.2
86.37078332901001	1.1814698011857898	1.2
86.38299655914307	1.1814698011857898	1.2
86.3952488899231	1.1814698011857898	1.2
86.40721559524536	1.1814698011857898	1.2
86.42049503326416	1.1813377173503623	1.2
86.43267273902893	1.1813377173503623	1.2
86.44544577598572	1.1813377173503623	1.2
86.46065878868103	1.1813377173503623	1.2
86.4742796421051	1.1826291731222363	1.2
86.48728394508362	1.1826291731222363	1.2
86.50022625923157	1.1826291731222363	1.2
86.51505732536316	1.1839827497477657	1.2
86.52722072601318	1.1839827497477657	1.2
86.53984308242798	1.1839827497477657	1.2
86.5576684474945	1.184949052958089	1.2
86.57074856758118	1.184949052958089	1.2
86.58677506446838	1.184949052958089	1.2
86.60375475883484	1.184949052958089	1.2
86.61676812171936	1.1857473714512399	1.2
86.6309916973114	1.1857473714512399	1.2
86.64683318138123	1.1857473714512399	1.2
86.65951251983643	1.1851438125410778	1.2
86.67197489738464	1.1851438125410778	1.2
86.68772745132446	1.1851438125410778	1.2
86.70225620269775	1.1849953909119821	1.2
86.71603775024414	1.1849953909119821	1.2
86.73022174835205	1.1849953909119821	1.2
86.74657535552979	1.1837566862820306	1.2
86.76037740707397	1.1837566862820306	1.2
86.7742018699646	1.1837566862820306	1.2
86.78922843933105	1.1837566862820306	1.2
86.80266761779785	1.1849366715908394	1.2
86.81889224052429	1.1849366715908394	1.2
86.83974623680115	1.185568355354574	1.2
86.85285472869873	1.185568355354574	1.2
86.86715912818909	1.185568355354574	1.2
86.88544487953186	1.1866433170211115	1.2
86.89966130256653	1.1866433170211115	1.2
86.91450691223145	1.1866433170211115	1.2
86.9299943447113	1.1866433170211115	1.2
86.94337701797485	1.1865132726009002	1.2
86.95927333831787	1.1865132726009002	1.2
86.97722291946411	1.1875132356048879	1.2
86.99055361747742	1.1875132356048879	1.2
87.00593614578247	1.1875132356048879	1.2
87.01998805999756	1.18674184529817	1.2
87.034747838974	1.18674184529817	1.2
87.04987955093384	1.18674184529817	1.2
87.06543016433716	1.18674184529817	1.2
87.07848620414734	1.1849982125592091	1.2
87.09066390991211	1.1849982125592091	1.2
87.10356783866882	1.1849982125592091	1.2
87.11849474906921	1.1835584166711213	1.2
87.1307327747345	1.1835584166711213	1.2
87.14551854133606	1.1835584166711213	1.2
87.16460132598877	1.1829797318240045	1.2
87.176762342453	1.1829797318240045	1.2
87.18886137008667	1.1829797318240045	1.2
87.20553636550903	1.1829797318240045	1.2
87.22020697593689	1.1825127262174804	1.2
87.23284721374512	1.1825127262174804	1.2
87.2476134300232	1.1825127262174804	1.2
87.25959086418152	1.1806038630123745	1.2
87.2714729309082	1.1806038630123745	1.2
87.28818845748901	1.1806038630123745	1.2
87.30269503593445	1.1791866713552246	1.2
87.31514382362366	1.1791866713552246	1.2
87.32870626449585	1.1791866713552246	1.2
87.34324908256531	1.1778202593159004	1.2
87.3561909198761	1.1778202593159004	1.2
87.37009477615356	1.1778202593159004	1.2
87.38414430618286	1.1778202593159004	1.2
87.39844870567322	1.176392121439873	1.2
87.41058802604675	1.176392121439873	1.2
87.42288708686829	1.176392121439873	1.2
87.43798685073853	1.173979993509349	1.2
87.44996094703674	1.173979993509349	1.2
87.46156072616577	1.173979993509349	1.2
87.47695589065552	1.173979993509349	1.2
87.48916220664978	1.1733404726595589	1.2
87.50148844718933	1.1733404726595589	1.2
87.51837730407715	1.1733404726595589	1.2
87.53296065330505	1.1732411214124112	1.2
87.54520082473755	1.1732411214124112	1.2
87.56158113479614	1.1732411214124112	1.2
87.57904410362244	1.1730879530147849	1.2
87.5939130783081	1.1730879530147849	1.2
87.61046242713928	1.1730879530147849	1.2
87.6242663860321	1.172064650142329	1.2
87.6363513469696	1.172064650142329	1.2
87.65220713615417	1.172064650142329	1.2
87.66824412345886	1.1715558731937388	1.2
87.68235278129578	1.1715558731937388	1.2
87.69865322113037	1.1715558731937388	1.2
87.7135169506073	1.1715060621046027	1.2
87.72677564620972	1.1715060621046027	1.2
87.7421555519104	1.1715060621046027	1.2
87.75649762153625	1.1702441079969153	1.2
87.76958513259888	1.1702441079969153	1.2
87.78339505195618	1.1702441079969153	1.2
87.79991221427917	1.1699272439828916	1.2
87.81630539894104	1.1699272439828916	1.2
87.83115434646606	1.1699272439828916	1.2
87.84902691841125	1.1694278858167029	1.2
87.8613977432251	1.1694278858167029	1.2
87.87344026565552	1.1694278858167029	1.2
87.8895993232727	1.1694278858167029	1.2
87.90623760223389	1.1697569170736302	1.2
87.92029333114624	1.1697569170736302	1.2
87.93893623352051	1.1697569170736302	1.2
87.95116066932678	1.1714372870657745	1.2
87.96494770050049	1.1714372870657745	1.2
87.98315405845642	1.1714372870657745	1.2
87.99764466285706	1.173040542130925	1.2
88.01124501228333	1.173040542130925	1.2
88.02463865280151	1.173040542130925	1.2
88.03814935684204	1.1763216579845834	1.2
88.05079674720764	1.1763216579845834	1.2
88.06541681289673	1.1763216579845834	1.2
88.08199977874756	1.179662798654301	1.2
88.09477519989014	1.179662798654301	1.2
88.10621070861816	1.179662798654301	1.2
88.12144994735718	1.179662798654301	1.2
88.13512396812439	1.182972956600366	1.2
88.14730453491211	1.182972956600366	1.2
88.15928602218628	1.182972956600366	1.2
88.174396276474	1.186209461519865	1.2
88.1867356300354	1.186209461519865	1.2
88.19891452789307	1.186209461519865	1.2
88.21595025062561	1.186209461519865	1.2
88.22810506820679	1.1917023387246197	1.2
88.23970532417297	1.1917023387246197	1.2
88.25498938560486	1.1917023387246197	1.2
88.27123808860779	1.1968884888377813	1.2
88.28620743751526	1.1968884888377813	1.2
88.30102753639221	1.1968884888377813	1.2
88.31410336494446	1.2028614384176133	1.2
88.32594609260559	1.2028614384176133	1.2
88.34038615226746	1.2028614384176133	1.2
88.35673022270203	1.2084716646619569	1.2
88.3688383102417	1.2084716646619569	1.2
88.38288831710815	1.2084716646619569	1.2
88.39456915855408	1.2084716646619569	1.2
88.40856552124023	1.2142066296706326	1.2
88.42033576965332	1.2142066296706326	1.2
88.435476064682	1.2142066296706326	1.2
88.44996452331543	1.2204090351409331	1.2
88.46250224113464	1.2204090351409331	1.2
88.47531366348267	1.2204090351409331	1.2
88.48904204368591	1.2204090351409331	1.2
88.5035240650177	1.2262433649394482	1.2
88.51669335365295	1.2262433649394482	1.2
88.53357315063477	1.2262433649394482	1.2
88.54712772369385	1.2320737244200142	1.2
88.5597071647644	1.2320737244200142	1.2
88.58052253723145	1.2320737244200142	1.2
88.59654974937439	1.236956828459152	1.2
88.61418533325195	1.236956828459152	1.2
88.62964177131653	1.2407570687083394	1.2
88.6418387889862	1.2407570687083394	1.2
88.65461158752441	1.2407570687083394	1.2
88.6719388961792	1.2407570687083394	1.2
88.68643140792847	1.2456242924565384	1.2
88.69919157028198	1.2456242924565384	1.2
88.71260070800781	1.2456242924565384	1.2
88.72862410545349	1.2495149773123078	1.2
88.74289965629578	1.2495149773123078	1.2
88.75795197486877	1.2495149773123078	1.2
88.77386593818665	1.2516280712107366	1.2
88.78823733329773	1.2516280712107366	1.2
88.8015627861023	1.2516280712107366	1.2
88.81782269477844	1.2529365105864867	1.2
88.83122277259827	1.2529365105864867	1.2
88.84489250183105	1.2529365105864867	1.2
88.86235761642456	1.252678937218678	1.2
88.87604069709778	1.252678937218678	1.2
88.89035058021545	1.252678937218678	1.2
88.9079577922821	1.2520060882436008	1.2
88.92126274108887	1.2520060882436008	1.2
88.93350720405579	1.2520060882436008	1.2
88.9510760307312	1.2520060882436008	1.2
88.96688890457153	1.2489765241703743	1.2
88.98023581504822	1.2489765241703743	1.2
88.99549221992493	1.2489765241703743	1.2
89.00895524024963	1.2442369637988049	1.2
89.02202463150024	1.2442369637988049	1.2
89.04042983055115	1.2442369637988049	1.2
89.05460238456726	1.240090244997957	1.2
89.06716537475586	1.240090244997957	1.2
89.07982897758484	1.240090244997957	1.2
89.09343099594116	1.236516517412935	1.2
89.10563349723816	1.236516517412935	1.2
89.11861371994019	1.236516517412935	1.2
89.13507652282715	1.236516517412935	1.2
89.14875817298889	1.2304687809036172	1.2
89.16040444374084	1.2304687809036172	1.2
89.17319083213806	1.2304687809036172	1.2
89.1882393360138	1.224960543071265	1.2
89.20038270950317	1.224960543071265	1.2
89.21408915519714	1.224960543071265	1.2
89.23137140274048	1.2200133648221145	1.2
89.24316787719727	1.2200133648221145	1.2
89.25638961791992	1.2200133648221145	1.2
89.27320671081543	1.2200133648221145	1.2
89.2878954410553	1.215677116784438	1.2
89.29996633529663	1.215677116784438	1.2
89.31426095962524	1.215677116784438	1.2
89.32749724388123	1.2103289930170118	1.2
89.33955335617065	1.2103289930170118	1.2
89.35412836074829	1.2103289930170118	1.2
89.37109613418579	1.2041635359030844	1.2
89.38393235206604	1.2041635359030844	1.2
89.39599633216858	1.2041635359030844	1.2
89.40855622291565	1.2041635359030844	1.2
89.42254328727722	1.1990535394592723	1.2
89.43548488616943	1.1990535394592723	1.2
89.45105981826782	1.1990535394592723	1.2
89.46890163421631	1.1959855477592576	1.2
89.4817886352539	1.1959855477592576	1.2
89.49448204040527	1.1959855477592576	1.2
89.50928449630737	1.1959855477592576	1.2
89.52410531044006	1.1928745643797563	1.2
89.53623104095459	1.1928745643797563	1.2
89.55075478553772	1.1928745643797563	1.2
89.56497168540955	1.190479115678802	1.2
89.58191466331482	1.190479115678802	1.2
89.60212755203247	1.190479115678802	1.2
89.61841559410095	1.1888384449430196	1.2
89.6323983669281	1.1888384449430196	1.2
89.64643788337708	1.1888384449430196	1.2
89.66128182411194	1.1882042590535848	1.2
89.67487931251526	1.1882042590535848	1.2
89.68792271614075	1.1882042590535848	1.2
89.7037308216095	1.1879102761774152	1.2
89.71756744384766	1.1879102761774152	1.2
89.73153448104858	1.1879102761774152	1.2
89.74887561798096	1.1879732365599724	1.2
89.76350092887878	1.1879732365599724	1.2
89.77678656578064	1.1879732365599724	1.2
89.79386472702026	1.1879732365599724	1.2
89.80928111076355	1.1897934410986797	1.2
89.82532072067261	1.1897934410986797	1.2
89.84034252166748	1.1897934410986797	1.2
89.85413575172424	1.192289145002334	1.2
89.86771202087402	1.192289145002334	1.2
89.8839795589447	1.192289145002334	1.2
89.89899182319641	1.1967702386807582	1.2
89.91394925117493	1.1967702386807582	1.2
89.92791676521301	1.1967702386807582	1.2
89.94306802749634	1.2005018015955908	1.2
89.95620107650757	1.2005018015955908	1.2
89.97159337997437	1.2005018015955908	1.2
89.98824286460876	1.2042027941155684	1.2
90.00198006629944	1.2042027941155684	1.2
90.01577544212341	1.2042027941155684	1.2
90.03030395507812	1.2067446072827124	1.2
90.04397130012512	1.2067446072827124	1.2
90.05527186393738	1.2067446072827124	1.2
90.07067513465881	1.2067446072827124	1.2
90.08297157287598	1.2094061575698674	1.2
90.09430432319641	1.2094061575698674	1.2
90.10734939575195	1.2094061575698674	1.2
90.12172603607178	1.2094061575698674	1.2
90.13324022293091	1.2107748617815557	1.2
90.14495325088501	1.2107748617815557	1.2
90.15735673904419	1.2107748617815557	1.2
90.16917634010315	1.212121096420258	1.2
90.18107461929321	1.212121096420258	1.2
90.19169735908508	1.212121096420258	1.2
90.20514035224915	1.212121096420258	1.2
90.21778845787048	1.2142283193380075	1.2
90.228586435318	1.2142283193380075	1.2
90.24023580551147	1.2142283193380075	1.2
90.25142168998718	1.2142283193380075	1.2
90.264967918396	1.214784393342922	1.2
90.27567958831787	1.214784393342922	1.2
90.28721165657043	1.214784393342922	1.2
90.30128049850464	1.214784393342922	1.2
90.31461954116821	1.2150382772714936	1.2
90.32556056976318	1.2150382772714936	1.2
90.33771967887878	1.2150382772714936	1.2
90.35248470306396	1.2138427627436488	1.2
90.36610221862793	1.2138427627436488	1.2
90.37816381454468	1.2138427627436488	1.2
90.39358019828796	1.2138427627436488	1.2
90.40703797340393	1.2135724313306475	1.2
90.41832900047302	1.2135724313306475	1.2
90.43392896652222	1.2135724313306475	1.2
90.44881200790405	1.2136517011314516	1.2
90.45933699607849	1.2136517011314516	1.2
90.47006440162659	1.2136517011314516	1.2
90.48459792137146	1.2136517011314516	1.2
90.49986052513123	1.21404558682161	1.2
90.5114233493805	1.21404558682161	1.2
90.52404022216797	1.21404558682161	1.2
90.53635311126709	1.21404558682161	1.2
90.54934287071228	1.2143872005316927	1.2
90.56239342689514	1.2143872005316927	1.2
90.57784390449524	1.2143872005316927	1.2
90.59256768226624	1.2156045783972291	1.2
90.60467338562012	1.2156045783972291	1.2
90.6158492565155	1.2156045783972291	1.2
90.62804388999939	1.2156045783972291	1.2
90.64166831970215	1.21751491595104	1.2
90.65399622917175	1.21751491595104	1.2
90.66666197776794	1.21751491595104	1.2
90.68222403526306	1.21751491595104	1.2
90.69392037391663	1.2176131536559582	1.2
90.70473837852478	1.2176131536559582	1.2
90.71855688095093	1.2176131536559582	1.2
90.7334508895874	1.2200500282915265	1.2
90.74641370773315	1.2200500282915265	1.2
90.75871586799622	1.2200500282915265	1.2
90.77079510688782	1.2200500282915265	1.2
90.78444457054138	1.2219161037785398	1.2
90.79686403274536	1.2219161037785398	1.2
90.81072473526001	1.2219161037785398	1.2
90.82624197006226	1.2219161037785398	1.2
90.8394045829773	1.223918321504157	1.2
90.85030341148376	1.223918321504157	1.2
90.86108207702637	1.223918321504157	1.2
90.87571024894714	1.223918321504157	1.2
90.88884139060974	1.2259859327823524	1.2
90.90013885498047	1.2259859327823524	1.2
90.91495299339294	1.2259859327823524	1.2
90.92912817001343	1.2275109133505644	1.2
90.9408221244812	1.2275109133505644	1.2
90.95404720306396	1.2275109133505644	1.2
90.96962594985962	1.2275109133505644	1.2
90.9829375743866	1.2291732851454364	1.2
90.99609398841858	1.2291732851454364	1.2
91.01184964179993	1.2291732851454364	1.2
91.02457904815674	1.2297510050915281	1.2
91.03622627258301	1.2297510050915281	1.2
91.04991459846497	1.2297510050915281	1.2
91.06516098976135	1.229303463219607	1.2
91.07659268379211	1.229303463219607	1.2
91.08770775794983	1.229303463219607	1.2
91.09862327575684	1.229303463219607	1.2
91.1118631362915	1.228892160277651	1.2
91.12319946289062	1.228892160277651	1.2
91.1344313621521	1.228892160277651	1.2
91.14741826057434	1.228892160277651	1.2
91.16119503974915	1.229480103928179	1.2
91.17236948013306	1.229480103928179	1.2
91.184077501297	1.229480103928179	1.2
91.19780349731445	1.229480103928179	1.2
91.210373878479	1.2288068785760664	1.2
91.22095561027527	1.2288068785760664	1.2
91.23174858093262	1.2288068785760664	1.2
91.24429535865784	1.2288068785760664	1.2
91.25706648826599	1.2291479104141263	1.2
91.26839232444763	1.2291479104141263	1.2
91.28296947479248	1.2291479104141263	1.2
91.29585385322571	1.2288011197071427	1.2
91.30743551254272	1.2288011197071427	1.2
91.31826853752136	1.2288011197071427	1.2
91.3336489200592	1.2288011197071427	1.2
91.3470847606659	1.2275572733855376	1.2
91.35829591751099	1.2275572733855376	1.2
91.36994338035583	1.2275572733855376	1.2
91.38122272491455	1.2275572733855376	1.2
91.3930733203888	1.226712166908491	1.2
91.40458869934082	1.226712166908491	1.2
91.41669034957886	1.226712166908491	1.2
91.42966103553772	1.226712166908491	1.2
91.44300746917725	1.224389866908491	1.2
91.45445036888123	1.224389866908491	1.2
91.46569776535034	1.224389866908491	1.2
91.47800993919373	1.224389866908491	1.2
91.49049425125122	1.222610622156691	1.2
91.50199294090271	1.222610622156691	1.2
91.51469230651855	1.222610622156691	1.2
91.52931594848633	1.2212191799437317	1.2
91.54114413261414	1.2212191799437317	1.2
91.55208396911621	1.2212191799437317	1.2
91.56606721878052	1.2212191799437317	1.2
91.58039975166321	1.2188004653150228	1.2
91.59267020225525	1.2188004653150228	1.2
91.6068902015686	1.2188004653150228	1.2
91.6210675239563	1.2163900196153146	1.2
91.63202261924744	1.2163900196153146	1.2
91.64482688903809	1.2163900196153146	1.2
91.66262173652649	1.2163900196153146	1.2
91.67645382881165	1.2135705076792918	1.2
91.68840336799622	1.2135705076792918	1.2
91.70054817199707	1.2135705076792918	1.2
91.71460771560669	1.2099700626441348	1.2
91.72670912742615	1.2099700626441348	1.2
91.73870301246643	1.2099700626441348	1.2
91.7547299861908	1.2099700626441348	1.2
91.76938056945801	1.2071312839771495	1.2
91.78136968612671	1.2071312839771495	1.2
91.79352593421936	1.2071312839771495	1.2
91.80740022659302	1.204370724062576	1.2
91.81982088088989	1.204370724062576	1.2
91.83286929130554	1.204370724062576	1.2
91.84903621673584	1.204370724062576	1.2
91.8603298664093	1.2010792379393747	1.2
91.87237524986267	1.2010792379393747	1.2
91.88625049591064	1.2010792379393747	1.2
91.9016101360321	1.1997577842950597	1.2
91.91495847702026	1.1997577842950597	1.2
91.92741966247559	1.1997577842950597	1.2
91.93926048278809	1.1997577842950597	1.2
91.95249915122986	1.1980401193866057	1.2
91.96530747413635	1.1980401193866057	1.2
91.97894501686096	1.1980401193866057	1.2
91.99237608909607	1.1967240258852794	1.2
92.0042884349823	1.1967240258852794	1.2
92.01698350906372	1.1967240258852794	1.2
92.03135085105896	1.1967240258852794	1.2
92.0448169708252	1.1959660502364564	1.2
92.0574471950531	1.1959660502364564	1.2
92.06890344619751	1.1959660502364564	1.2
92.08057355880737	1.1959660502364564	1.2
92.09336161613464	1.195277074419018	1.2
92.10464787483215	1.195277074419018	1.2
92.11806225776672	1.195277074419018	1.2
92.13292264938354	1.1950888117071532	1.2
92.14422988891602	1.1950888117071532	1.2
92.15493726730347	1.1950888117071532	1.2
92.16655349731445	1.1950888117071532	1.2
92.17926001548767	1.1953614787959066	1.2
92.19061398506165	1.1953614787959066	1.2
92.2040057182312	1.1953614787959066	1.2
92.21934533119202	1.1953614787959066	1.2
92.23014521598816	1.1953447447299728	1.2
92.240891456604	1.1953447447299728	1.2
92.25170636177063	1.1953447447299728	1.2
92.26674127578735	1.1953447447299728	1.2
92.27962017059326	1.1955834968308132	1.2
92.29049181938171	1.1955834968308132	1.2
92.30314612388611	1.1955834968308132	1.2
92.31467938423157	1.1955834968308132	1.2
92.3255922794342	1.1960765023831215	1.2
92.33704781532288	1.1960765023831215	1.2
92.34886050224304	1.1960765023831215	1.2
92.36181545257568	1.1960765023831215	1.2
92.37367510795593	1.196854799505697	1.2
92.38633441925049	1.196854799505697	1.2
92.39842557907104	1.196854799505697	1.2
92.41255497932434	1.1983505755525055	1.2
92.42500019073486	1.1983505755525055	1.2
92.43633723258972	1.1983505755525055	1.2
92.45010757446289	1.1983505755525055	1.2
92.46286273002625	1.1994621255525055	1.2
92.4734742641449	1.1994621255525055	1.2
92.48493480682373	1.1994621255525055	1.2
92.49800610542297	1.1994621255525055	1.2
92.51066470146179	1.200508409212212	1.2
92.52266144752502	1.200508409212212	1.2
92.53601908683777	1.200508409212212	1.2
92.5487003326416	1.2015619968331699	1.2
92.55927896499634	1.2015619968331699	1.2
92.57114028930664	1.2015619968331699	1.2
92.58701658248901	1.2015619968331699	1.2
92.60015153884888	1.2029055682617413	1.2
92.61489915847778	1.2029055682617413	1.2
92.62846422195435	1.2029055682617413	1.2
92.64222002029419	1.2046116406687861	1.2
92.65395379066467	1.2046116406687861	1.2
92.66737270355225	1.2046116406687861	1.2
92.67974996566772	1.2046116406687861	1.2
92.6918876171112	1.2070391854719706	1.2
92.70372080802917	1.2070391854719706	1.2
92.7171859741211	1.2070391854719706	1.2
92.7309091091156	1.2096332253762008	1.2
92.74306845664978	1.2096332253762008	1.2
92.75465154647827	1.2096332253762008	1.2
92.76814603805542	1.2096332253762008	1.2
92.78099846839905	1.2118281116864515	1.2
92.79448628425598	1.2118281116864515	1.2
92.80933690071106	1.2118281116864515	1.2
92.82436013221741	1.212427496779619	1.2
92.83729076385498	1.212427496779619	1.2
92.85050344467163	1.212427496779619	1.2
92.8656017780304	1.212427496779619	1.2
92.87838816642761	1.2140426954045238	1.2
92.88970279693604	1.2140426954045238	1.2
92.90506720542908	1.2140426954045238	1.2
92.91848063468933	1.2150768276295876	1.2
92.9295756816864	1.2150768276295876	1.2
92.94113636016846	1.2150768276295876	1.2
92.95568084716797	1.2150768276295876	1.2
92.96833348274231	1.21548109649433	1.2
92.98055481910706	1.21548109649433	1.2
92.99353456497192	1.21548109649433	1.2
93.00510907173157	1.21548109649433	1.2
93.01812386512756	1.2153178917420928	1.2
93.03090047836304	1.2153178917420928	1.2
93.04316759109497	1.2153178917420928	1.2
93.05885004997253	1.2149046186089758	1.2
93.07093787193298	1.2149046186089758	1.2
93.08170342445374	1.2149046186089758	1.2
93.09526228904724	1.2149046186089758	1.2
93.11023187637329	1.2141627577608902	1.2
93.12118887901306	1.2141627577608902	1.2
93.13330388069153	1.2141627577608902	1.2
93.14870071411133	1.2141627577608902	1.2
93.15934371948242	1.213321359954459	1.2
93.17064547538757	1.213321359954459	1.2
93.18351459503174	1.213321359954459	1.2
93.19844722747803	1.211719355764515	1.2
93.20969367027283	1.211719355764515	1.2
93.22073817253113	1.211719355764515	1.2
93.2341558933258	1.211719355764515	1.2
93.246022939682	1.2108288624562924	1.2
93.25763201713562	1.2108288624562924	1.2
93.27064418792725	1.2108288624562924	1.2
93.28289151191711	1.2108288624562924	1.2
93.2950451374054	1.2111276861103835	1.2
93.30701780319214	1.2111276861103835	1.2
93.31997919082642	1.2111276861103835	1.2
93.33262252807617	1.2102633156679914	1.2
93.34448552131653	1.2102633156679914	1.2
93.35633373260498	1.2102633156679914	1.2
93.37014603614807	1.2102633156679914	1.2
93.3831377029419	1.2101085035546595	1.2
93.39441561698914	1.2101085035546595	1.2
93.40539789199829	1.2101085035546595	1.2
93.41863441467285	1.2101085035546595	1.2
93.43053030967712	1.2100420536729124	1.2
93.4420862197876	1.2100420536729124	1.2
93.45349788665771	1.2100420536729124	1.2
93.46680235862732	1.209809552109435	1.2
93.47866535186768	1.209809552109435	1.2
93.48980450630188	1.209809552109435	1.2
93.50465035438538	1.209809552109435	1.2
93.51757478713989	1.2092382938139805	1.2
93.52788591384888	1.2092382938139805	1.2
93.53925251960754	1.2092382938139805	1.2
93.55352783203125	1.2092382938139805	1.2
93.56692504882812	1.2087126285296619	1.2
93.57821869850159	1.2087126285296619	1.2
93.5926263332367	1.2087126285296619	1.2
93.60721707344055	1.2076715866571321	1.2
93.61863708496094	1.2076715866571321	1.2
93.63207936286926	1.2076715866571321	1.2
93.64917063713074	1.2075384999224383	1.2
93.66006970405579	1.2075384999224383	1.2
93.67234492301941	1.2075384999224383	1.2
93.68454575538635	1.2075384999224383	1.2
93.69739317893982	1.2056083115922678	1.2
93.70861482620239	1.2056083115922678	1.2
93.72068428993225	1.2056083115922678	1.2
93.7360954284668	1.2056083115922678	1.2
93.75047564506531	1.2038202815889705	1.2
93.76197361946106	1.2038202815889705	1.2
93.77358365058899	1.2038202815889705	1.2
93.78780031204224	1.2038202815889705	1.2
93.80124020576477	1.2019446056182859	1.2
93.8135085105896	1.2019446056182859	1.2
93.82810950279236	1.2019446056182859	1.2
93.84146928787231	1.200311334563158	1.2
93.85293817520142	1.200311334563158	1.2
93.86554455757141	1.200311334563158	1.2
93.88195633888245	1.200311334563158	1.2
93.89519023895264	1.1989888991211353	1.2
93.90885901451111	1.1989888991211353	1.2
93.92349886894226	1.1989888991211353	1.2
93.93669533729553	1.1986726342583303	1.2
93.94964981079102	1.1986726342583303	1.2
93.96505069732666	1.1986726342583303	1.2
93.97970604896545	1.1976637162095498	1.2
93.9929211139679	1.1976637162095498	1.2
94.00574898719788	1.1976637162095498	1.2
94.01852798461914	1.1976637162095498	1.2
94.03032159805298	1.1981645435002553	1.2
94.04301023483276	1.1981645435002553	1.2
94.05665326118469	1.1981645435002553	1.2
94.0725610256195	1.1982382132136942	1.2
94.08404779434204	1.1982382132136942	1.2
94.09597849845886	1.1982382132136942	1.2
94.11007714271545	1.1982382132136942	1.2
94.12392711639404	1.1976475703843552	1.2
94.13593888282776	1.1976475703843552	1.2
94.15006470680237	1.1976475703843552	1.2
94.16388535499573	1.197936571834156	1.2
94.17507648468018	1.197936571834156	1.2
94.19158506393433	1.197936571834156	1.2
94.20624613761902	1.1977546031330604	1.2
94.2173764705658	1.1977546031330604	1.2
94.22927403450012	1.1977546031330604	1.2
94.24318337440491	1.1977546031330604	1.2
94.25742030143738	1.197359434186745	1.2
94.26901841163635	1.197359434186745	1.2
94.28028535842896	1.197359434186745	1.2
94.29474425315857	1.197359434186745	1.2
94.30659604072571	1.1966363482880358	1.2
94.31894040107727	1.1966363482880358	1.2
94.33547925949097	1.1966363482880358	1.2
94.3482928276062	1.1962668626185329	1.2
94.35995411872864	1.1962668626185329	1.2
94.37129259109497	1.1962668626185329	1.2
94.38384914398193	1.1962668626185329	1.2
94.39755177497864	1.1956077276753512	1.2
94.40867972373962	1.1956077276753512	1.2
94.42157411575317	1.1956077276753512	1.2
94.437260389328	1.1962396798999557	1.2
94.44949269294739	1.1962396798999557	1.2
94.46057486534119	1.1962396798999557	1.2
94.47390413284302	1.1962396798999557	1.2
94.48691320419312	1.1949823649429532	1.2
94.49858546257019	1.1949823649429532	1.2
94.51370286941528	1.1949823649429532	1.2
94.52953743934631	1.1947054615338621	1.2
94.54046487808228	1.1947054615338621	1.2
94.55251049995422	1.1947054615338621	1.2
94.56831550598145	1.1947054615338621	1.2
94.58257675170898	1.194791691097895	1.2
94.59852385520935	1.194791691097895	1.2
94.61637091636658	1.194791691097895	1.2
94.62929272651672	1.195549144496047	1.2
94.64374017715454	1.195549144496047	1.2
94.65970969200134	1.195549144496047	1.2
94.67428708076477	1.1966898466535905	1.2
94.68718528747559	1.1966898466535905	1.2
94.69983577728271	1.1966898466535905	1.2
94.71446800231934	1.1980599556749927	1.2
94.72751879692078	1.1980599556749927	1.2
94.73965620994568	1.1980599556749927	1.2
94.75617718696594	1.1980599556749927	1.2
94.76953721046448	1.199429280145964	1.2
94.78135824203491	1.199429280145964	1.2
94.79553842544556	1.199429280145964	1.2
94.81119108200073	1.2010635654325337	1.2
94.82464814186096	1.2010635654325337	1.2
94.83708620071411	1.2010635654325337	1.2
94.85298323631287	1.2010635654325337	1.2
94.8659188747406	1.201677899432156	1.2
94.87915515899658	1.201677899432156	1.2
94.8929054737091	1.201677899432156	1.2
94.90756368637085	1.2023140338124816	1.2
94.92030310630798	1.2023140338124816	1.2
94.93173933029175	1.2023140338124816	1.2
94.9439024925232	1.2023140338124816	1.2
94.95689344406128	1.2038009047540401	1.2
94.96973085403442	1.2038009047540401	1.2
94.98201084136963	1.2038009047540401	1.2
94.99530482292175	1.2038009047540401	1.2
95.00820922851562	1.203609215564851	1.2
95.02097463607788	1.203609215564851	1.2
95.0350558757782	1.203609215564851	1.2
95.04935264587402	1.2032193844837697	1.2
95.06171870231628	1.2032193844837697	1.2
95.07476329803467	1.2032193844837697	1.2
95.08800101280212	1.2032193844837697	1.2
95.10114479064941	1.203110301389214	1.2
95.11257767677307	1.203110301389214	1.2
95.12522602081299	1.203110301389214	1.2
95.1367814540863	1.203110301389214	1.2
95.14802479743958	1.2027826230214678	1.2
95.16013145446777	1.2027826230214678	1.2
95.17501902580261	1.2027826230214678	1.2
95.19001650810242	1.2023041635543477	1.2
95.20232439041138	1.2023041635543477	1.2
95.21563148498535	1.2023041635543477	1.2
95.22840905189514	1.2023041635543477	1.2
95.23929452896118	1.201474768233174	1.2
95.25083494186401	1.201474768233174	1.2
95.26249551773071	1.201474768233174	1.2
95.2759108543396	1.2004679269158087	1.2
95.28854775428772	1.2004679269158087	1.2
95.30059599876404	1.2004679269158087	1.2
95.31179594993591	1.2004679269158087	1.2
95.32584166526794	1.2021973550915113	1.2
95.33744668960571	1.2021973550915113	1.2
95.35201907157898	1.2021973550915113	1.2
95.36687636375427	1.2030661245573395	1.2
95.37847971916199	1.2030661245573395	1.2
95.38945245742798	1.2030661245573395	1.2
95.40437531471252	1.2030661245573395	1.2
95.41893196105957	1.204022857651831	1.2
95.43182682991028	1.204022857651831	1.2
95.44491147994995	1.204022857651831	1.2
95.4586501121521	1.2059661022156134	1.2
95.46972179412842	1.2059661022156134	1.2
95.48427820205688	1.2059661022156134	1.2
95.49939823150635	1.2059661022156134	1.2
95.51223063468933	1.2072650656496355	1.2
95.52391076087952	1.2072650656496355	1.2
95.53692102432251	1.2072650656496355	1.2
95.54873013496399	1.2072650656496355	1.2
95.56145668029785	1.210028993050278	1.2
95.57306098937988	1.210028993050278	1.2
95.58806347846985	1.210028993050278	1.2
95.60211873054504	1.212825021294909	1.2
95.61416697502136	1.212825021294909	1.2
95.62481498718262	1.212825021294909	1.2
95.63950657844543	1.212825021294909	1.2
95.6534583568573	1.2153356914023277	1.2
95.66718769073486	1.2153356914023277	1.2
95.68400549888611	1.2153356914023277	1.2
95.69762635231018	1.2180630612064367	1.2
95.70900321006775	1.2180630612064367	1.2
95.72369313240051	1.2180630612064367	1.2
95.74025821685791	1.2212090664046293	1.2
95.75166344642639	1.2212090664046293	1.2
95.76333904266357	1.2212090664046293	1.2
95.77771234512329	1.2212090664046293	1.2
95.79354000091553	1.221168529765103	1.2
95.80687475204468	1.221168529765103	1.2
95.81896352767944	1.221168529765103	1.2
95.83225536346436	1.221168529765103	1.2
95.84492468833923	1.2212150132815864	1.2
95.85703921318054	1.2212150132815864	1.2
95.87135696411133	1.2212150132815864	1.2
95.88580441474915	1.2209409286833353	1.2
95.89911222457886	1.2209409286833353	1.2
95.91019916534424	1.2209409286833353	1.2
95.92329287528992	1.2209409286833353	1.2
95.93797898292542	1.2202981233087424	1.2
95.95011138916016	1.2202981233087424	1.2
95.96527481079102	1.2202981233087424	1.2
95.979407787323	1.2201146159558012	1.2
95.99060249328613	1.2201146159558012	1.2
96.002610206604	1.2201146159558012	1.2
96.0166380405426	1.2201146159558012	1.2
96.03066420555115	1.2174658159573102	1.2
96.0429515838623	1.2174658159573102	1.2
96.06195163726807	1.2174658159573102	1.2
96.07504916191101	1.214182343735088	1.2
96.0870566368103	1.214182343735088	1.2
96.10245442390442	1.214182343735088	1.2
96.11690473556519	1.2097133793828256	1.2
96.12855243682861	1.2097133793828256	1.2
96.14065718650818	1.2097133793828256	1.2
96.15281701087952	1.2097133793828256	1.2
96.16571092605591	1.2049409052475641	1.2
96.17767453193665	1.2049409052475641	1.2
96.18951177597046	1.2049409052475641	1.2
96.20575952529907	1.2049409052475641	1.2
96.21791100502014	1.1997065824537934	1.2
96.22924375534058	1.1997065824537934	1.2
96.2406964302063	1.1997065824537934	1.2
96.25492572784424	1.1959512226545148	1.2
96.26616597175598	1.1959512226545148	1.2
96.27861189842224	1.1959512226545148	1.2
96.2930212020874	1.1959512226545148	1.2
96.30654883384705	1.1933616285193684	1.2
96.31796312332153	1.1933616285193684	1.2
96.33020639419556	1.1933616285193684	1.2
96.3458263874054	1.1908956657374135	1.2
96.3583574295044	1.1908956657374135	1.2
96.37002801895142	1.1908956657374135	1.2
96.3837411403656	1.1908956657374135	1.2
96.3962550163269	1.1894064101972472	1.2
96.40792179107666	1.1894064101972472	1.2
96.42295360565186	1.1894064101972472	1.2
96.43717169761658	1.188514913104224	1.2
96.4495837688446	1.188514913104224	1.2
96.46151614189148	1.188514913104224	1.2
96.47337079048157	1.188514913104224	1.2
96.48578548431396	1.1887525617549202	1.2
96.49782800674438	1.1887525617549202	1.2
96.50990962982178	1.1887525617549202	1.2
96.52167391777039	1.1887525617549202	1.2
96.5346245765686	1.1900412406167087	1.2
96.54606795310974	1.1900412406167087	1.2
96.55886435508728	1.1900412406167087	1.2
96.5731873512268	1.1932541737504414	1.2
96.58509397506714	1.1932541737504414	1.2
96.59772968292236	1.1932541737504414	1.2
96.61131048202515	1.1932541737504414	1.2
96.62532711029053	1.1969970688247493	1.2
96.63682270050049	1.1969970688247493	1.2
96.65220403671265	1.1969970688247493	1.2
96.6679015159607	1.2010401691591972	1.2
96.67940783500671	1.2010401691591972	1.2
96.69119310379028	1.2010401691591972	1.2
96.7106204032898	1.2050339085363135	1.2
96.72353672981262	1.2050339085363135	1.2
96.7376389503479	1.2050339085363135	1.2
96.75274538993835	1.2050339085363135	1.2
96.76509666442871	1.208069101185218	1.2
96.77724742889404	1.208069101185218	1.2
96.79160261154175	1.208069101185218	1.2
96.80579400062561	1.2105693661696901	1.2
96.81782984733582	1.2105693661696901	1.2
96.82965540885925	1.2105693661696901	1.2
96.84142279624939	1.2105693661696901	1.2
96.8538990020752	1.2133171085519616	1.2
96.86589050292969	1.2133171085519616	1.2
96.878089427948	1.2133171085519616	1.2
96.89311361312866	1.2133171085519616	1.2
96.90666508674622	1.214975366379057	1.2
96.91822171211243	1.214975366379057	1.2
96.93256306648254	1.214975366379057	1.2
96.94778656959534	1.215722828105793	1.2
96.95999717712402	1.215722828105793	1.2
96.974130153656	1.215722828105793	1.2
96.98969173431396	1.215722828105793	1.2
97.00125908851624	1.2156617647058516	1.2
97.01361227035522	1.2156617647058516	1.2
97.02894830703735	1.2156617647058516	1.2
97.04342770576477	1.2155580082188258	1.2
97.05547881126404	1.2155580082188258	1.2
97.06777000427246	1.2155580082188258	1.2
97.08133745193481	1.2155580082188258	1.2
97.09456205368042	1.2142457475475816	1.2
97.10723495483398	1.2142457475475816	1.2
97.12055540084839	1.2142457475475816	1.2
97.13474655151367	1.213464662238924	1.2
97.1458477973938	1.213464662238924	1.2
97.15700840950012	1.213464662238924	1.2
97.16867709159851	1.213464662238924	1.2
97.18094682693481	1.2122948382081753	1.2
97.19284558296204	1.2122948382081753	1.2
97.20568227767944	1.2122948382081753	1.2
97.21998906135559	1.2117532560320625	1.2
97.23186779022217	1.2117532560320625	1.2
97.24363374710083	1.2117532560320625	1.2
97.25528025627136	1.2117532560320625	1.2
97.26945400238037	1.2111714592741916	1.2
97.28156328201294	1.2111714592741916	1.2
97.29361581802368	1.2111714592741916	1.2
97.31052160263062	1.2087552518438507	1.2
97.32283782958984	1.2087552518438507	1.2
97.33668851852417	1.2087552518438507	1.2
97.35200929641724	1.2087552518438507	1.2
97.36410737037659	1.2066892364306343	1.2
97.37511348724365	1.2066892364306343	1.2
97.38980078697205	1.2066892364306343	1.2
97.40504455566406	1.204867675284751	1.2
97.41708302497864	1.204867675284751	1.2
97.42993927001953	1.204867675284751	1.2
97.44345307350159	1.204867675284751	1.2
97.45422601699829	1.2035901539089249	1.2
97.4658591747284	1.2035901539089249	1.2
97.48116874694824	1.2035901539089249	1.2
97.49477672576904	1.2016568552995321	1.2
97.50654888153076	1.2016568552995321	1.2
97.518057346344	1.2016568552995321	1.2
97.52903699874878	1.2016568552995321	1.2
97.54291725158691	1.1993002453459642	1.2
97.55439805984497	1.1993002453459642	1.2
97.56682991981506	1.1993002453459642	1.2
97.5810477733612	1.1993002453459642	1.2
97.59874176979065	1.1959450766963409	1.2
97.60976910591125	1.1959450766963409	1.2
97.62358212471008	1.1959450766963409	1.2
97.63913154602051	1.193488599142161	1.2
97.65210580825806	1.193488599142161	1.2
97.66703176498413	1.193488599142161	1.2
97.68195843696594	1.1905293365249106	1.2
97.69353151321411	1.1905293365249106	1.2
97.70621109008789	1.1905293365249106	1.2
97.72218656539917	1.1879563803862219	1.2
97.73544001579285	1.1879563803862219	1.2
97.74780488014221	1.1879563803862219	1.2
97.76003575325012	1.1879563803862219	1.2
97.77287650108337	1.1857158772902467	1.2
97.7861225605011	1.1857158772902467	1.2
97.79884910583496	1.1857158772902467	1.2
97.81540298461914	1.1842456705140596	1.2
97.8275158405304	1.1842456705140596	1.2
97.83965587615967	1.1842456705140596	1.2
97.85163164138794	1.1842456705140596	1.2
97.86524701118469	1.183273069653265	1.2
97.87764763832092	1.183273069653265	1.2
97.89032244682312	1.183273069653265	1.2
97.90806746482849	1.1823409604157282	1.2
97.92138767242432	1.1823409604157282	1.2
97.93331670761108	1.1823409604157282	1.2
97.94776272773743	1.1823409604157282	1.2
97.96209335327148	1.1815154375551578	1.2
97.97326922416687	1.1815154375551578	1.2
97.98614311218262	1.1815154375551578	1.2
98.00217890739441	1.18270771643347	1.2
98.01590275764465	1.18270771643347	1.2
98.02972555160522	1.18270771643347	1.2
98.0457124710083	1.18270771643347	1.2
98.05833458900452	1.1841128304183703	1.2
98.07051157951355	1.1841128304183703	1.2
98.08692479133606	1.1841128304183703	1.2
98.09973859786987	1.1847446772959267	1.2
98.11054706573486	1.1847446772959267	1.2
98.12342095375061	1.1847446772959267	1.2
98.13642048835754	1.1847446772959267	1.2
98.14786434173584	1.18445892082828	1.2
98.16028618812561	1.18445892082828	1.2
98.17205834388733	1.18445892082828	1.2
98.1848258972168	1.18445892082828	1.2
98.1971378326416	1.1838065183928776	1.2
98.20848727226257	1.1838065183928776	1.2
98.21985816955566	1.1838065183928776	1.2
98.2341058254242	1.1841626384185515	1.2
98.24586510658264	1.1841626384185515	1.2
98.25725102424622	1.1841626384185515	1.2
98.27185440063477	1.1841626384185515	1.2
98.28480195999146	1.183069721915303	1.2
98.29587769508362	1.183069721915303	1.2
98.30782842636108	1.183069721915303	1.2
98.32345628738403	1.1816521983991581	1.2
98.3355348110199	1.1816521983991581	1.2
98.34801769256592	1.1816521983991581	1.2
98.36235022544861	1.1816521983991581	1.2
98.37422752380371	1.180117155727544	1.2
98.38512086868286	1.180117155727544	1.2
98.39859509468079	1.180117155727544	1.2
98.41396450996399	1.1792383643151638	1.2
98.42647242546082	1.1792383643151638	1.2
98.43893003463745	1.1792383643151638	1.2
98.45083975791931	1.1792383643151638	1.2
98.46386194229126	1.1786409995594889	1.2
98.47592115402222	1.1786409995594889	1.2
98.48903298377991	1.1786409995594889	1.2
98.50298118591309	1.1786409995594889	1.2
98.51742053031921	1.177912513665131	1.2
98.53284072875977	1.177912513665131	1.2
98.54777908325195	1.177912513665131	1.2
98.56158423423767	1.1771340557477796	1.2
98.57981371879578	1.1771340557477796	1.2
98.59699654579163	1.1771340557477796	1.2
98.6104531288147	1.1769179719565708	1.2
98.62376832962036	1.1769179719565708	1.2
98.63786125183105	1.1769179719565708	1.2
98.65286707878113	1.177536295567572	1.2
98.6646819114685	1.177536295567572	1.2
98.68090558052063	1.177536295567572	1.2
98.69505333900452	1.1782793806310672	1.2
98.70692324638367	1.1782793806310672	1.2
98.7202742099762	1.1782793806310672	1.2
98.73378586769104	1.1782793806310672	1.2
98.74666595458984	1.1801428597801231	1.2
98.76019668579102	1.1801428597801231	1.2
98.77615165710449	1.1801428597801231	1.2
98.79188132286072	1.1815038446883723	1.2
98.80732774734497	1.1815038446883723	1.2
98.8199667930603	1.1815038446883723	1.2
98.83497524261475	1.1832805082716527	1.2
98.84953713417053	1.1832805082716527	1.2
98.86431336402893	1.1832805082716527	1.2
98.8805148601532	1.1843155313336369	1.2
98.89482283592224	1.1843155313336369	1.2
98.90578389167786	1.1843155313336369	1.2
98.92041969299316	1.1843155313336369	1.2
98.93600249290466	1.184842237543585	1.2
98.94809079170227	1.184842237543585	1.2
98.96367764472961	1.184842237543585	1.2
98.97874617576599	1.1854534549412068	1.2
98.99006724357605	1.1854534549412068	1.2
99.00182461738586	1.1854534549412068	1.2
99.01778745651245	1.1854534549412068	1.2
99.03105974197388	1.1871994599463709	1.2
99.04345417022705	1.1871994599463709	1.2
99.05687308311462	1.1871994599463709	1.2
99.06989359855652	1.189585161869448	1.2
99.08259081840515	1.189585161869448	1.2
99.09504222869873	1.189585161869448	1.2
99.10888814926147	1.189585161869448	1.2
99.1211667060852	1.191576441387892	1.2
99.13296914100647	1.191576441387892	1.2
99.1455249786377	1.191576441387892	1.2
99.15778851509094	1.191576441387892	1.2
99.16929817199707	1.1938682696844258	1.2
99.18146300315857	1.1938682696844258	1.2
99.19542980194092	1.1938682696844258	1.2
99.2097601890564	1.1959464809939495	1.2
99.22102665901184	1.1959464809939495	1.2
99.23283886909485	1.1959464809939495	1.2
99.24661540985107	1.1959464809939495	1.2
99.25959205627441	1.1994811969603363	1.2
99.27113389968872	1.1994811969603363	1.2
99.2841546535492	1.1994811969603363	1.2
99.29785966873169	1.2013042089538082	1.2
99.30867290496826	1.2013042089538082	1.2
99.32051682472229	1.2013042089538082	1.2
99.34035348892212	1.2013042089538082	1.2
99.35240125656128	1.2041971347085165	1.2
99.36480164527893	1.2041971347085165	1.2
99.37752985954285	1.2041971347085165	1.2
99.39034938812256	1.2068211953383254	1.2
99.40203380584717	1.2068211953383254	1.2
99.41339159011841	1.2068211953383254	1.2
99.42673444747925	1.2068211953383254	1.2
99.44346737861633	1.209234871709532	1.2
99.45458030700684	1.209234871709532	1.2
99.46581149101257	1.209234871709532	1.2
99.47799253463745	1.209234871709532	1.2
99.49079155921936	1.2110950470547628	1.2
99.50265312194824	1.2110950470547628	1.2
99.51368284225464	1.2110950470547628	1.2
99.5260877609253	1.2110950470547628	1.2
99.53957915306091	1.2127195803011774	1.2
99.553955078125	1.2127195803011774	1.2
99.56849193572998	1.2127195803011774	1.2
99.58385705947876	1.214538697814789	1.2
99.59809350967407	1.214538697814789	1.2
99.61637616157532	1.214538697814789	1.2
99.63145589828491	1.2157831879622392	1.2
99.64519166946411	1.2157831879622392	1.2
99.66022849082947	1.2157831879622392	1.2
99.67305588722229	1.2171249927699315	1.2
99.68506360054016	1.2171249927699315	1.2
99.699143409729	1.2171249927699315	1.2
99.71481823921204	1.2171249927699315	1.2
99.7274580001831	1.217571081895731	1.2
99.7397882938385	1.217571081895731	1.2
99.75179386138916	1.217571081895731	1.2
99.76636838912964	1.21864530126332	1.2
99.77894425392151	1.21864530126332	1.2
99.79126572608948	1.21864530126332	1.2
99.80651497840881	1.21864530126332	1.2
99.82088494300842	1.2188367447097699	1.2
99.83244061470032	1.2188367447097699	1.2
99.84460496902466	1.2188367447097699	1.2
99.85891771316528	1.2184913868052112	1.2
99.87221932411194	1.2184913868052112	1.2
99.88493990898132	1.2184913868052112	1.2
99.90003800392151	1.2184913868052112	1.2
99.91223382949829	1.2179463803549466	1.2
99.92350649833679	1.2179463803549466	1.2
99.93737411499023	1.2179463803549466	1.2
99.95312404632568	1.2179463803549466	1.2
99.96668791770935	1.217349346346015	1.2
99.97954249382019	1.217349346346015	1.2
99.991694688797	1.217349346346015	1.2
100.00588512420654	1.2163607076050948	1.2
100.01793241500854	1.2163607076050948	1.2
100.03191447257996	1.2163607076050948	1.2
100.04698634147644	1.2139564255184194	1.2
100.05958008766174	1.2139564255184194	1.2
100.07103681564331	1.2139564255184194	1.2
100.08357501029968	1.2139564255184194	1.2
100.09838819503784	1.2114408570359365	1.2
100.11100220680237	1.2114408570359365	1.2
100.12333917617798	1.2114408570359365	1.2
100.13899874687195	1.2114408570359365	1.2
100.15073537826538	1.2087043925060217	1.2
100.16157937049866	1.2087043925060217	1.2
100.17450857162476	1.2087043925060217	1.2
100.1892397403717	1.2067179369350394	1.2
100.20183968544006	1.2067179369350394	1.2
100.21361422538757	1.2067179369350394	1.2
100.22748708724976	1.2067179369350394	1.2
100.23889970779419	1.2057738634954194	1.2
100.25064182281494	1.2057738634954194	1.2
100.26355361938477	1.2057738634954194	1.2
100.2775673866272	1.2046305021083545	1.2
100.28862738609314	1.2046305021083545	1.2
100.301513671875	1.2046305021083545	1.2
100.31727838516235	1.2046305021083545	1.2
100.33000993728638	1.202455459147848	1.2
100.34278154373169	1.202455459147848	1.2
100.35511016845703	1.202455459147848	1.2
100.36650776863098	1.202455459147848	1.2
100.37835097312927	1.2015600189396045	1.2
100.38995480537415	1.2015600189396045	1.2
100.40235877037048	1.2015600189396045	1.2
100.41647052764893	1.2015600189396045	1.2
100.42894077301025	1.2003438800725708	1.2
100.43977952003479	1.2003438800725708	1.2
100.45078754425049	1.2003438800725708	1.2
100.46476459503174	1.1996327836439995	1.2
100.47635293006897	1.1996327836439995	1.2
100.48865342140198	1.1996327836439995	1.2
100.50402879714966	1.1996327836439995	1.2
100.51673483848572	1.1987370054838098	1.2
100.52780222892761	1.1987370054838098	1.2
100.5413966178894	1.1987370054838098	1.2
100.55645895004272	1.1987370054838098	1.2
100.5680296421051	1.1976219339534158	1.2
100.58264136314392	1.1976219339534158	1.2
100.59623908996582	1.1976219339534158	1.2
100.60930705070496	1.1961671583750513	1.2
100.62128448486328	1.1961671583750513	1.2
100.63654208183289	1.1961671583750513	1.2
100.65188837051392	1.1942583507282247	1.2
100.66439032554626	1.1942583507282247	1.2
100.6755838394165	1.1942583507282247	1.2
100.68865180015564	1.1942583507282247	1.2
100.70166420936584	1.1919993723573667	1.2
100.71412897109985	1.1919993723573667	1.2
100.7278048992157	1.1919993723573667	1.2
100.74712824821472	1.1899162984212803	1.2
100.75901961326599	1.1899162984212803	1.2
100.77066087722778	1.1899162984212803	1.2
100.7866940498352	1.1899162984212803	1.2
100.80052018165588	1.1889671099795487	1.2
100.8131365776062	1.1889671099795487	1.2
100.82860231399536	1.1889671099795487	1.2
100.8411431312561	1.186504094847425	1.2
100.85348987579346	1.186504094847425	1.2
100.87187194824219	1.186504094847425	1.2
100.8863468170166	1.184510560445038	1.2
100.89975380897522	1.184510560445038	1.2
100.91331887245178	1.184510560445038	1.2
100.92690443992615	1.184510560445038	1.2
100.9400475025177	1.1821526297265632	1.2
100.95303106307983	1.1821526297265632	1.2
100.96750140190125	1.1821526297265632	1.2
100.98627734184265	1.1817940375030218	1.2
100.99815464019775	1.1817940375030218	1.2
101.01206493377686	1.1817940375030218	1.2
101.028568983078	1.1818097858139212	1.2
101.0408616065979	1.1818097858139212	1.2
101.05230069160461	1.1818097858139212	1.2
101.06843185424805	1.1818097858139212	1.2
101.0836112499237	1.182395165516348	1.2
101.0954179763794	1.182395165516348	1.2
101.10957503318787	1.182395165516348	1.2
101.12214946746826	1.1829367942479778	1.2
101.13367366790771	1.1829367942479778	1.2
101.1450023651123	1.1829367942479778	1.2
101.15957903862	1.1829367942479778	1.2
101.17257380485535	1.1832934600075797	1.2
101.18422365188599	1.1832934600075797	1.2
101.19657492637634	1.1832934600075797	1.2
101.20881581306458	1.1832934600075797	1.2
101.22098326683044	1.1838590991420497	1.2
101.23208522796631	1.1838590991420497	1.2
101.24484515190125	1.1838590991420497	1.2
101.25964975357056	1.184654984169328	1.2
101.27121901512146	1.184654984169328	1.2
101.28266310691833	1.184654984169328	1.2
101.29482960700989	1.184654984169328	1.2
101.30778503417969	1.1855653515400095	1.2
101.3195059299469	1.1855653515400095	1.2
101.33084845542908	1.1855653515400095	1.2
101.34467911720276	1.1855653515400095	1.2
101.35809969902039	1.1864416624400924	1.2
101.36929488182068	1.1864416624400924	1.2
101.38166618347168	1.1864416624400924	1.2
101.3965196609497	1.1870775599307193	1.2
101.40797019004822	1.1870775599307193	1.2
101.41961789131165	1.1870775599307193	1.2
101.43529486656189	1.1870775599307193	1.2
101.44814229011536	1.1872515814086952	1.2
101.45902371406555	1.1872515814086952	1.2
101.47266292572021	1.1872515814086952	1.2
101.48688793182373	1.1880436064012654	1.2
101.49918508529663	1.1880436064012654	1.2
101.51156640052795	1.1880436064012654	1.2
101.52310514450073	1.1880436064012654	1.2
101.53569030761719	1.1890754242035668	1.2
101.54739499092102	1.1890754242035668	1.2
101.56105661392212	1.1890754242035668	1.2
101.57526969909668	1.1891021511307667	1.2
101.58734583854675	1.1891021511307667	1.2
101.59948682785034	1.1891021511307667	1.2
101.61321949958801	1.1891021511307667	1.2
101.62629699707031	1.1889646683799897	1.2
101.63885760307312	1.1889646683799897	1.2
101.65245127677917	1.1889646683799897	1.2
101.66723966598511	1.1889646683799897	1.2
101.68110489845276	1.188700818604962	1.2
101.69353604316711	1.188700818604962	1.2
101.7084059715271	1.188700818604962	1.2
101.72241854667664	1.18869897477907	1.2
101.73342514038086	1.18869897477907	1.2
101.74748539924622	1.18869897477907	1.2
101.76353573799133	1.1891535567327123	1.2
101.77626752853394	1.1891535567327123	1.2
101.78836297988892	1.1891535567327123	1.2
101.80354833602905	1.1891535567327123	1.2
101.81575798988342	1.1895042488856298	1.2
101.82688331604004	1.1895042488856298	1.2
101.84150004386902	1.1895042488856298	1.2
101.85810542106628	1.189963000863478	1.2
101.86946058273315	1.189963000863478	1.2
101.88246846199036	1.189963000863478	1.2
101.89577102661133	1.189963000863478	1.2
101.90888047218323	1.18961320925265	1.2
101.92301535606384	1.18961320925265	1.2
101.93655133247375	1.18961320925265	1.2
101.95561408996582	1.188513332564728	1.2
101.96852684020996	1.188513332564728	1.2
101.97926068305969	1.188513332564728	1.2
101.99296689033508	1.188513332564728	1.2
102.00695872306824	1.1873457965096108	1.2
102.01920628547668	1.1873457965096108	1.2
102.03528475761414	1.1873457965096108	1.2
102.04853391647339	1.1871061467534219	1.2
102.05938625335693	1.1871061467534219	1.2
102.07153034210205	1.1871061467534219	1.2
102.0873634815216	1.1871061467534219	1.2
102.10052418708801	1.1869930615184399	1.2
102.11269521713257	1.1869930615184399	1.2
102.12471342086792	1.1869930615184399	1.2
102.1370005607605	1.185878794202033	1.2
102.14952611923218	1.185878794202033	1.2
102.16144299507141	1.185878794202033	1.2
102.17665100097656	1.185878794202033	1.2
102.19004988670349	1.184630317113084	1.2
102.20141100883484	1.184630317113084	1.2
102.21284937858582	1.184630317113084	1.2
102.22628116607666	1.184630317113084	1.2
102.23828506469727	1.1834069573064545	1.2
102.25021481513977	1.1834069573064545	1.2
102.26531553268433	1.1834069573064545	1.2
102.27915644645691	1.1811342620479468	1.2
102.28992986679077	1.1811342620479468	1.2
102.30063009262085	1.1811342620479468	1.2
102.3128113746643	1.1811342620479468	1.2
102.32674551010132	1.1800127418273585	1.2
102.33806896209717	1.1800127418273585	1.2
102.35151076316833	1.1800127418273585	1.2
102.36683630943298	1.1798995645698334	1.2
102.37735652923584	1.1798995645698334	1.2
102.3880205154419	1.1798995645698334	1.2
102.40451693534851	1.1798995645698334	1.2
102.41824054718018	1.1773701987961869	1.2
102.42974185943604	1.1773701987961869	1.2
102.44187426567078	1.1773701987961869	1.2
102.45395112037659	1.1773701987961869	1.2
102.46582913398743	1.1744991622421337	1.2
102.47680902481079	1.1744991622421337	1.2
102.4902708530426	1.1744991622421337	1.2
102.5035789012909	1.1713847598054994	1.2
102.51477980613708	1.1713847598054994	1.2
102.52704071998596	1.1713847598054994	1.2
102.54090094566345	1.1713847598054994	1.2
102.55445122718811	1.1685868804662405	1.2
102.56654691696167	1.1685868804662405	1.2
102.57763075828552	1.1685868804662405	1.2
102.59020376205444	1.1685868804662405	1.2
102.60377931594849	1.1670834319170096	1.2
102.61739301681519	1.1670834319170096	1.2
102.63378477096558	1.1670834319170096	1.2
102.64941167831421	1.1653091419838089	1.2
102.66040873527527	1.1653091419838089	1.2
102.67137026786804	1.1653091419838089	1.2
102.68608450889587	1.1653091419838089	1.2
102.70090413093567	1.1636226957559561	1.2
102.71433639526367	1.1636226957559561	1.2
102.72845077514648	1.1636226957559561	1.2
102.74195289611816	1.1636226957559561	1.2
102.75441455841064	1.1631373078203837	1.2
102.76745080947876	1.1631373078203837	1.2
102.78361463546753	1.1631373078203837	1.2
102.79720306396484	1.1627616445473823	1.2
102.81132650375366	1.1627616445473823	1.2
102.82538866996765	1.1627616445473823	1.2
102.83869075775146	1.1617480750369695	1.2
102.85205006599426	1.1617480750369695	1.2
102.86485481262207	1.1617480750369695	1.2
102.8799216747284	1.1617480750369695	1.2
102.89318776130676	1.1638474114851032	1.2
102.90430784225464	1.1638474114851032	1.2
102.91706800460815	1.1638474114851032	1.2
102.93310570716858	1.1662572951263273	1.2
102.94539666175842	1.1662572951263273	1.2
102.9591612815857	1.1662572951263273	1.2
102.97529149055481	1.1662572951263273	1.2
102.98644399642944	1.168722833530609	1.2
102.9973795413971	1.168722833530609	1.2
103.01381421089172	1.168722833530609	1.2
103.02903580665588	1.1700732617580798	1.2
103.04263734817505	1.1700732617580798	1.2
103.0565459728241	1.1700732617580798	1.2
103.07000494003296	1.170412060676064	1.2
103.0833261013031	1.170412060676064	1.2
103.09550786018372	1.170412060676064	1.2
103.1091001033783	1.170412060676064	1.2
103.1231107711792	1.1712197533996502	1.2
103.13408279418945	1.1712197533996502	1.2
103.14536142349243	1.1712197533996502	1.2
103.15793299674988	1.1712197533996502	1.2
103.16966724395752	1.1721668844341329	1.2
103.18087983131409	1.1721668844341329	1.2
103.1958954334259	1.1721668844341329	1.2
103.21038436889648	1.1731231358896899	1.2
103.22191286087036	1.1731231358896899	1.2
103.23400115966797	1.1731231358896899	1.2
103.24771285057068	1.1731231358896899	1.2
103.26011896133423	1.1730134595042476	1.2
103.2711763381958	1.1730134595042476	1.2
103.28267645835876	1.1730134595042476	1.2
103.29777717590332	1.1730134595042476	1.2
103.30981874465942	1.1724560163404956	1.2
103.32066869735718	1.1724560163404956	1.2
103.33683609962463	1.1724560163404956	1.2
103.34916663169861	1.170910348932264	1.2
103.3600926399231	1.170910348932264	1.2
103.3717622756958	1.170910348932264	1.2
103.38861417770386	1.170910348932264	1.2
103.40161800384521	1.169504496713418	1.2
103.41322183609009	1.169504496713418	1.2
103.42594504356384	1.169504496713418	1.2
103.43847441673279	1.1690291460043167	1.2
103.44944596290588	1.1690291460043167	1.2
103.46093082427979	1.1690291460043167	1.2
103.47474670410156	1.1690291460043167	1.2
103.48761820793152	1.1697463202586338	1.2
103.49953150749207	1.1697463202586338	1.2
103.5108470916748	1.1697463202586338	1.2
103.52283549308777	1.1697463202586338	1.2
103.53574347496033	1.1717549182084879	1.2
103.54708290100098	1.1717549182084879	1.2
103.55968070030212	1.1717549182084879	1.2
103.57536292076111	1.1745476526681577	1.2
103.58874225616455	1.1745476526681577	1.2
103.60071349143982	1.1745476526681577	1.2
103.61677098274231	1.1745476526681577	1.2
103.63058257102966	1.1775185802191783	1.2
103.64369583129883	1.1775185802191783	1.2
103.65794658660889	1.1775185802191783	1.2
103.67181706428528	1.1803992237730374	1.2
103.68529272079468	1.1803992237730374	1.2
103.6994366645813	1.1803992237730374	1.2
103.71505832672119	1.1803992237730374	1.2
103.72730016708374	1.1837820866762632	1.2
103.74030804634094	1.1837820866762632	1.2
103.75203132629395	1.1837820866762632	1.2
103.76539993286133	1.186843834987074	1.2
103.778311252594	1.186843834987074	1.2
103.79331278800964	1.186843834987074	1.2
103.80881118774414	1.1915593618739804	1.2
103.82209920883179	1.1915593618739804	1.2
103.83439207077026	1.1915593618739804	1.2
103.84833121299744	1.1915593618739804	1.2
103.86216354370117	1.1957482421266838	1.2
103.87749743461609	1.1957482421266838	1.2
103.89550352096558	1.1957482421266838	1.2
103.90895080566406	1.1991338063761878	1.2
103.92051267623901	1.1991338063761878	1.2
103.93480277061462	1.1991338063761878	1.2
103.95180559158325	1.2016096132746719	1.2
103.96467351913452	1.2016096132746719	1.2
103.97959423065186	1.2016096132746719	1.2
103.99328851699829	1.2016096132746719	1.2
104.00648808479309	1.203564049390027	1.2
104.01800560951233	1.203564049390027	1.2
104.03435564041138	1.203564049390027	1.2
104.04688048362732	1.2051094653744725	1.2
104.05938625335693	1.2051094653744725	1.2
104.0733368396759	1.2051094653744725	1.2
104.08845567703247	1.2059077241870884	1.2
104.10134935379028	1.2059077241870884	1.2
104.113525390625	1.2059077241870884	1.2
104.12578535079956	1.2059077241870884	1.2
104.13864660263062	1.2074324475830196	1.2
104.15019917488098	1.2074324475830196	1.2
104.16173529624939	1.2074324475830196	1.2
104.17498278617859	1.2074324475830196	1.2
104.1885256767273	1.2088710151923876	1.2
104.19936728477478	1.2088710151923876	1.2
104.21116423606873	1.2088710151923876	1.2
104.22571587562561	1.211304590966724	1.2
104.23758625984192	1.211304590966724	1.2
104.24890851974487	1.211304590966724	1.2
104.26382994651794	1.211304590966724	1.2
104.27714943885803	1.2126295678588819	1.2
104.28788161277771	1.2126295678588819	1.2
104.29947638511658	1.2126295678588819	1.2
104.31499433517456	1.2126295678588819	1.2
104.32725930213928	1.2146766738256702	1.2
104.33967208862305	1.2146766738256702	1.2
104.3527090549469	1.2146766738256702	1.2
104.36549615859985	1.21550448650917	1.2
104.37690114974976	1.21550448650917	1.2
104.38773989677429	1.21550448650917	1.2
104.40246343612671	1.21550448650917	1.2
104.41632676124573	1.2163757400502466	1.2
104.42776703834534	1.2163757400502466	1.2
104.43857550621033	1.2163757400502466	1.2
104.45063495635986	1.2163757400502466	1.2
104.46341061592102	1.217090501795854	1.2
104.47572898864746	1.217090501795854	1.2
104.48967742919922	1.217090501795854	1.2
104.50377559661865	1.2177637611038263	1.2
104.51564621925354	1.2177637611038263	1.2
104.52663373947144	1.2177637611038263	1.2
104.54058623313904	1.2177637611038263	1.2
104.55446076393127	1.2181708161148532	1.2
104.56560587882996	1.2181708161148532	1.2
104.58017158508301	1.2181708161148532	1.2
104.59412360191345	1.2178278417773025	1.2
104.60535383224487	1.2178278417773025	1.2
104.62019872665405	1.2178278417773025	1.2
104.63605618476868	1.2173042666288683	1.2
104.64857959747314	1.2173042666288683	1.2
104.66044926643372	1.2173042666288683	1.2
104.6736068725586	1.2173042666288683	1.2
104.68621063232422	1.2159143215996573	1.2
104.6986927986145	1.2159143215996573	1.2
104.71370959281921	1.2159143215996573	1.2
104.72951412200928	1.2148961428853335	1.2
104.74256610870361	1.2148961428853335	1.2
104.75533390045166	1.2148961428853335	1.2
104.76823282241821	1.2148961428853335	1.2
104.78089022636414	1.213371680101154	1.2
104.79312682151794	1.213371680101154	1.2
104.80492281913757	1.213371680101154	1.2
104.81947612762451	1.213371680101154	1.2
104.83134245872498	1.2135697196266697	1.2
104.84284830093384	1.2135697196266697	1.2
104.8561749458313	1.2135697196266697	1.2
104.87078762054443	1.2140178446266698	1.2
104.88250708580017	1.2140178446266698	1.2
104.89340829849243	1.2140178446266698	1.2
104.90612936019897	1.2140178446266698	1.2
104.92104578018188	1.2140014179650962	1.2
104.93260765075684	1.2140014179650962	1.2
104.94835257530212	1.2140014179650962	1.2
104.96287751197815	1.2137228936801652	1.2
104.9736738204956	1.2137228936801652	1.2
104.98600721359253	1.2137228936801652	1.2
105.00203275680542	1.2137228936801652	1.2
105.01498413085938	1.2135868516561514	1.2
105.02794170379639	1.2135868516561514	1.2
105.04103922843933	1.2135868516561514	1.2
105.05343794822693	1.213733017077211	1.2
105.06619548797607	1.213733017077211	1.2
105.08060121536255	1.213733017077211	1.2
105.09511399269104	1.213733017077211	1.2
105.1072690486908	1.2139786372661674	1.2
105.11896896362305	1.2139786372661674	1.2
105.12947201728821	1.2139786372661674	1.2
105.14392685890198	1.2150756617103369	1.2
105.15609622001648	1.2150756617103369	1.2
105.16745471954346	1.2150756617103369	1.2
105.18192052841187	1.2150756617103369	1.2
105.19595789909363	1.2150948749724209	1.2
105.20688915252686	1.2150948749724209	1.2
105.21846652030945	1.2150948749724209	1.2
105.23351263999939	1.2148832612015765	1.2
105.24589920043945	1.2148832612015765	1.2
105.25769472122192	1.2148832612015765	1.2
105.27341747283936	1.2148832612015765	1.2
105.28574705123901	1.2141637652678647	1.2
105.2970039844513	1.2141637652678647	1.2
105.31057143211365	1.2141637652678647	1.2
105.32497453689575	1.214041527364639	1.2
105.33628964424133	1.214041527364639	1.2
105.34871768951416	1.214041527364639	1.2
105.36247491836548	1.214041527364639	1.2
105.37489652633667	1.2147574874486724	1.2
105.38625478744507	1.2147574874486724	1.2
105.3988733291626	1.2147574874486724	1.2
105.41216802597046	1.2147574874486724	1.2
105.42419695854187	1.215556329873464	1.2
105.43565201759338	1.215556329873464	1.2
105.44663882255554	1.215556329873464	1.2
105.45901155471802	1.215556329873464	1.2
105.47177124023438	1.2166148471894813	1.2
105.48324751853943	1.2166148471894813	1.2
105.49610924720764	1.2166148471894813	1.2
105.51084518432617	1.2169427449735433	1.2
105.52212977409363	1.2169427449735433	1.2
105.53285360336304	1.2169427449735433	1.2
105.54598736763	1.2169427449735433	1.2
105.5602777004242	1.217219544478031	1.2
105.57123494148254	1.217219544478031	1.2
105.58208966255188	1.217219544478031	1.2
105.60007524490356	1.2177927742739427	1.2
105.61268472671509	1.2177927742739427	1.2
105.62696075439453	1.2177927742739427	1.2
105.64324855804443	1.2177927742739427	1.2
105.6552574634552	1.219153449758662	1.2
105.66671299934387	1.219153449758662	1.2
105.68162226676941	1.219153449758662	1.2
105.69693183898926	1.2205986645438767	1.2
105.70953559875488	1.2205986645438767	1.2
105.72367119789124	1.2205986645438767	1.2
105.7366316318512	1.2205986645438767	1.2
105.74979567527771	1.2213744355373717	1.2
105.76459383964539	1.2213744355373717	1.2
105.7803168296814	1.2213744355373717	1.2
105.7938072681427	1.2221597779487943	1.2
105.80599427223206	1.2221597779487943	1.2
105.8185338973999	1.2221597779487943	1.2
105.83429956436157	1.222562159145093	1.2
105.84714531898499	1.222562159145093	1.2
105.85883378982544	1.222562159145093	1.2
105.87440347671509	1.222562159145093	1.2
105.88744831085205	1.2225261275253256	1.2
105.89846396446228	1.2225261275253256	1.2
105.91217803955078	1.2225261275253256	1.2
105.92848420143127	1.2223462422957847	1.2
105.93997955322266	1.2223462422957847	1.2
105.95272374153137	1.2223462422957847	1.2
105.96804189682007	1.2223462422957847	1.2
105.98055171966553	1.2238054096413933	1.2
105.99215531349182	1.2238054096413933	1.2
106.005375623703	1.2238054096413933	1.2
106.02140927314758	1.2238056833215176	1.2
106.03658080101013	1.2238056833215176	1.2
106.04829430580139	1.2238056833215176	1.2
106.06148886680603	1.2238056833215176	1.2
106.07485055923462	1.2244736926947177	1.2
106.08672785758972	1.2244736926947177	1.2
106.10258936882019	1.2244736926947177	1.2
106.11783719062805	1.2251368787194459	1.2
106.12904047966003	1.2251368787194459	1.2
106.14051508903503	1.2251368787194459	1.2
106.15486359596252	1.2251368787194459	1.2
106.16770339012146	1.2259071986935894	1.2
106.17961359024048	1.2259071986935894	1.2
106.19399666786194	1.2259071986935894	1.2
106.2075891494751	1.2276152976691348	1.2
106.2181556224823	1.2276152976691348	1.2
106.23069357872009	1.2276152976691348	1.2
106.2458848953247	1.2276152976691348	1.2
106.25932478904724	1.2286333470070918	1.2
106.27022814750671	1.2286333470070918	1.2
106.28364300727844	1.2286333470070918	1.2
106.29904913902283	1.2286333470070918	1.2
106.31170749664307	1.22935174992844	1.2
106.32287955284119	1.22935174992844	1.2
106.33686542510986	1.22935174992844	1.2
106.34919452667236	1.2300419989508726	1.2
106.36113572120667	1.2300419989508726	1.2
106.37670159339905	1.2300419989508726	1.2
106.39171290397644	1.2340777175137467	1.2
106.40295553207397	1.2340777175137467	1.2
106.41471982002258	1.2340777175137467	1.2
106.4257640838623	1.2340777175137467	1.2
106.43938255310059	1.2385803302096743	1.2
106.45079159736633	1.2385803302096743	1.2
106.46366620063782	1.2385803302096743	1.2
106.47666382789612	1.2385803302096743	1.2
106.49023699760437	nan	1.2
106.5013952255249	nan	1.2
106.51284337043762	nan	1.2
106.52766513824463	nan	1.2
106.53968667984009	nan	1.2
106.55317831039429	nan	1.2
106.56845307350159	nan	1.2
106.57954859733582	nan	1.2
106.59012508392334	nan	1.2
106.60355591773987	nan	1.2
106.61908316612244	nan	1.2
106.63142561912537	nan	1.2
106.65596032142639	nan	1.2
106.66832399368286	nan	1.2
106.68043088912964	nan	1.2
106.69951558113098	nan	1.2
106.71401381492615	nan	1.2
106.72679495811462	nan	1.2
106.73905873298645	nan	1.2
106.75243282318115	nan	1.2
106.76618218421936	nan	1.2
106.77840924263	nan	1.2
106.79367637634277	nan	1.2
106.81160640716553	nan	1.2
106.82306003570557	nan	1.2
106.83663129806519	nan	1.2
106.85289359092712	nan	1.2
106.86464309692383	nan	1.2
106.87835836410522	nan	1.2
106.89464783668518	nan	1.2
106.90584087371826	nan	1.2
106.91726565361023	nan	1.2
106.93247413635254	nan	1.2
106.9461452960968	nan	1.2
106.95777440071106	nan	1.2
106.97128629684448	nan	1.2
106.98536610603333	nan	1.2
106.9979920387268	nan	1.2
107.01605319976807	nan	1.2
107.03295731544495	nan	1.2
107.04960322380066	nan	1.2
107.06624746322632	nan	1.2
107.08277869224548	nan	1.2
107.09698557853699	nan	1.2
107.1084942817688	nan	1.2
107.1206967830658	nan	1.2
107.1357831954956	nan	1.2
107.14802575111389	nan	1.2
107.16044521331787	nan	1.2
107.17632508277893	nan	1.2
107.1873927116394	nan	1.2
107.1987726688385	nan	1.2
107.21349549293518	nan	1.2
107.2275218963623	nan	1.2
107.23868894577026	nan	1.2
107.25284242630005	nan	1.2
107.26697063446045	nan	1.2
107.27793884277344	nan	1.2
107.28909945487976	nan	1.2
107.3033697605133	nan	1.2
107.3167405128479	nan	1.2
107.32864212989807	nan	1.2
107.34092926979065	nan	1.2
107.35350441932678	nan	1.2
107.36483311653137	nan	1.2
107.37701869010925	nan	1.2
107.38963174819946	nan	1.2
107.40267443656921	nan	1.2
107.41421961784363	nan	1.2
107.42668676376343	nan	1.2
107.43911743164062	nan	1.2
107.45118141174316	nan	1.2
107.46293115615845	nan	1.2
107.4767107963562	nan	1.2
107.49011445045471	nan	1.2
107.50168919563293	nan	1.2
107.51249408721924	nan	1.2
107.52395749092102	nan	1.2
107.53733444213867	nan	1.2
107.54944658279419	nan	1.2
107.56142210960388	nan	1.2
107.57672166824341	nan	1.2
107.5882580280304	nan	1.2
107.59892320632935	nan	1.2
107.6112744808197	nan	1.2
107.62682604789734	nan	1.2
107.63994359970093	nan	1.2
107.65259337425232	nan	1.2
107.66660404205322	nan	1.2
107.67921733856201	nan	1.2
107.69146132469177	nan	1.2
107.70492458343506	nan	1.2
107.72000169754028	nan	1.2
107.73348736763	nan	1.2
107.74510884284973	nan	1.2
107.75753116607666	nan	1.2
107.77057194709778	nan	1.2
107.78472137451172	nan	1.2
107.79760766029358	nan	1.2
107.81096291542053	nan	1.2
107.82347798347473	nan	1.2
107.8367133140564	nan	1.2
107.85212802886963	nan	1.2
107.8654510974884	nan	1.2
107.87651705741882	nan	1.2
107.89029264450073	nan	1.2
107.90638279914856	nan	1.2
107.91793894767761	nan	1.2
107.93298697471619	nan	1.2
107.94787120819092	nan	1.2
107.9590699672699	nan	1.2
107.97039341926575	nan	1.2
107.98696517944336	nan	1.2
108.00126004219055	nan	1.2
108.01367807388306	nan	1.2
108.02823543548584	nan	1.2
108.04210042953491	nan	1.2
108.05437850952148	nan	1.2
108.06750774383545	nan	1.2
108.08201432228088	nan	1.2
108.09551239013672	nan	1.2
108.10751175880432	nan	1.2
108.11867880821228	nan	1.2
108.13146185874939	nan	1.2
108.14322829246521	nan	1.2
108.15501427650452	nan	1.2
108.16822671890259	nan	1.2
108.18353819847107	nan	1.2
108.19504618644714	nan	1.2
108.2060034275055	nan	1.2
108.21992135047913	nan	1.2
108.23369312286377	nan	1.2
108.24510431289673	nan	1.2
108.25798773765564	nan	1.2
108.27289628982544	nan	1.2
108.28387808799744	nan	1.2
108.29481816291809	nan	1.2
108.30921244621277	nan	1.2
108.32260417938232	nan	1.2
108.33470892906189	nan	1.2
108.3485996723175	nan	1.2
108.36093831062317	nan	1.2
108.37310767173767	nan	1.2
108.38429927825928	nan	1.2
108.39748525619507	nan	1.2
108.41215872764587	nan	1.2
108.42397546768188	nan	1.2
108.43515539169312	nan	1.2
108.4468424320221	nan	1.2
108.45926260948181	nan	1.2
108.47087049484253	nan	1.2
108.48285293579102	nan	1.2
108.4964509010315	nan	1.2
108.50927591323853	nan	1.2
108.51996636390686	nan	1.2
108.53203082084656	nan	1.2
108.54712176322937	nan	1.2
108.5582447052002	nan	1.2
108.5694670677185	nan	1.2
108.58330917358398	nan	1.2
108.597971200943	nan	1.2
108.60978150367737	nan	1.2
108.62379145622253	nan	1.2
108.64045023918152	nan	1.2
108.6548719406128	nan	1.2
108.66932916641235	nan	1.2
108.68467330932617	nan	1.2
108.69748711585999	nan	1.2
108.70940279960632	nan	1.2
108.72231721878052	nan	1.2
108.73523569107056	nan	1.2
108.74766850471497	nan	1.2
108.76012229919434	nan	1.2
108.77449655532837	nan	1.2
108.78854036331177	nan	1.2
108.80107307434082	nan	1.2
108.81281232833862	nan	1.2
108.8277153968811	nan	1.2
108.84118247032166	nan	1.2
108.85492753982544	nan	1.2
108.87067794799805	nan	1.2
108.88414573669434	nan	1.2
108.89555883407593	nan	1.2
108.91037249565125	nan	1.2
108.92617344856262	1.1406396666957281	1.2
108.93987822532654	1.1406396666957281	1.2
108.95439767837524	1.1406396666957281	1.2
108.9688138961792	1.142071758268591	1.2
108.98157620429993	1.142071758268591	1.2
108.99406576156616	1.142071758268591	1.2
109.0101146697998	1.142071758268591	1.2
109.0242121219635	1.1428715466281687	1.2
109.03697419166565	1.1428715466281687	1.2
109.04999208450317	1.1428715466281687	1.2
109.06500577926636	1.1440610181646587	1.2
109.07696080207825	1.1440610181646587	1.2
109.09002780914307	1.1440610181646587	1.2
109.10846734046936	1.1458041108612878	1.2
109.12037801742554	1.1458041108612878	1.2
109.13150477409363	1.1458041108612878	1.2
109.14375972747803	1.1458041108612878	1.2
109.15838670730591	1.1480379767348534	1.2
109.16982197761536	1.1480379767348534	1.2
109.18328404426575	1.1480379767348534	1.2
109.19895362854004	1.1500153195309462	1.2
109.21055483818054	1.1500153195309462	1.2
109.22255945205688	1.1500153195309462	1.2
109.2379322052002	1.1500153195309462	1.2
109.25078105926514	1.1521462165897696	1.2
109.26162314414978	1.1521462165897696	1.2
109.2735595703125	1.1521462165897696	1.2
109.28577613830566	1.1521462165897696	1.2
109.29768323898315	1.1537838620595862	1.2
109.30938816070557	1.1537838620595862	1.2
109.32395052909851	1.1537838620595862	1.2
109.3374764919281	1.1557171666171144	1.2
109.34899306297302	1.1557171666171144	1.2
109.36119174957275	1.1557171666171144	1.2
109.37530636787415	1.1557171666171144	1.2
109.38764071464539	1.1574111270088967	1.2
109.39966201782227	1.1574111270088967	1.2
109.41232657432556	1.1574111270088967	1.2
109.42513799667358	1.159089059052768	1.2
109.4365463256836	1.159089059052768	1.2
109.4491457939148	1.159089059052768	1.2
109.46295714378357	1.159089059052768	1.2
109.47677206993103	1.1607138467201525	1.2
109.48850440979004	1.1607138467201525	1.2
109.49934887886047	1.1607138467201525	1.2
109.51397061347961	1.1622634382636665	1.2
109.52576923370361	1.1622634382636665	1.2
109.53719282150269	1.1622634382636665	1.2
109.55134606361389	1.1622634382636665	1.2
109.565021276474	1.1632034382636665	1.2
109.5763943195343	1.1632034382636665	1.2
109.58854913711548	1.1632034382636665	1.2
109.60423111915588	1.1632034382636665	1.2
109.61590909957886	1.1636163994874211	1.2
109.62933564186096	1.1636163994874211	1.2
109.64691877365112	1.1636163994874211	1.2
109.66028499603271	1.1640653800429768	1.2
109.67214179039001	1.1640653800429768	1.2
109.68862962722778	1.1640653800429768	1.2
109.70244193077087	1.1648917916460793	1.2
109.71390509605408	1.1648917916460793	1.2
109.72544717788696	1.1648917916460793	1.2
109.73733043670654	1.1648917916460793	1.2
109.75055360794067	1.1640434353065214	1.2
109.76411628723145	1.1640434353065214	1.2
109.7794783115387	1.1640434353065214	1.2
109.795006275177	1.1621304112381985	1.2
109.8076274394989	1.1621304112381985	1.2
109.81875371932983	1.1621304112381985	1.2
109.83598208427429	1.1621304112381985	1.2
109.84875774383545	1.1606899276003246	1.2
109.860520362854	1.1606899276003246	1.2
109.87909317016602	1.1606899276003246	1.2
109.8920521736145	1.1594238697289598	1.2
109.90406441688538	1.1594238697289598	1.2
109.9201271533966	1.1594238697289598	1.2
109.93746614456177	1.158608172779807	1.2
109.9516441822052	1.158608172779807	1.2
109.9642984867096	1.158608172779807	1.2
109.97790575027466	1.1571638265361421	1.2
109.99104928970337	1.1571638265361421	1.2
110.00346207618713	1.1571638265361421	1.2
110.01959681510925	1.1571638265361421	1.2
110.03336501121521	1.155184307083693	1.2
110.04494643211365	1.155184307083693	1.2
110.05720448493958	1.155184307083693	1.2
110.07399034500122	1.153421036438756	1.2
110.0860333442688	1.153421036438756	1.2
110.09986925125122	1.153421036438756	1.2
110.11169767379761	1.153421036438756	1.2
110.12508153915405	1.1516607470319762	1.2
110.1364176273346	1.1516607470319762	1.2
110.153400182724	1.1516607470319762	1.2
110.16840076446533	1.1490181721770558	1.2
110.17991209030151	1.1490181721770558	1.2
110.19221591949463	1.1490181721770558	1.2
110.20640540122986	1.1490181721770558	1.2
110.21851348876953	1.1482963619445345	1.2
110.23128986358643	1.1482963619445345	1.2
110.24645495414734	1.1482963619445345	1.2
110.25981736183167	1.1488287393658418	1.2
110.27132749557495	1.1488287393658418	1.2
110.28454422950745	1.1488287393658418	1.2
110.30192542076111	1.1491325492427826	1.2
110.3144862651825	1.1491325492427826	1.2
110.32610964775085	1.1491325492427826	1.2
110.33933663368225	1.1491325492427826	1.2
110.35290479660034	1.1496056687291494	1.2
110.36549377441406	1.1496056687291494	1.2
110.37973618507385	1.1496056687291494	1.2
110.39501929283142	1.1489946134350322	1.2
110.40739941596985	1.1489946134350322	1.2
110.41847348213196	1.1489946134350322	1.2
110.4305031299591	1.1489946134350322	1.2
110.44425821304321	1.149720877416862	1.2
110.45573902130127	1.149720877416862	1.2
110.46907925605774	1.149720877416862	1.2
110.49275541305542	1.1504572468693113	1.2
110.50376081466675	1.1504572468693113	1.2
110.52172899246216	1.1504572468693113	1.2
110.53650665283203	1.1511339952015482	1.2
110.5489821434021	1.1511339952015482	1.2
110.5631651878357	1.1511339952015482	1.2
110.57803750038147	1.1511116547372677	1.2
110.58937883377075	1.1511116547372677	1.2
110.60302186012268	1.1511116547372677	1.2
110.61962532997131	1.1511116547372677	1.2
110.63401913642883	1.1512766151233238	1.2
110.64775800704956	1.1512766151233238	1.2
110.66100096702576	1.1512766151233238	1.2
110.67479515075684	1.152170987451284	1.2
110.68761801719666	1.152170987451284	1.2
110.70320725440979	1.152170987451284	1.2
110.71769094467163	1.1529139010447973	1.2
110.72987794876099	1.1529139010447973	1.2
110.7426266670227	1.1529139010447973	1.2
110.75523591041565	1.1529139010447973	1.2
110.76892900466919	1.1540824095224103	1.2
110.78145051002502	1.1540824095224103	1.2
110.79432964324951	1.1540824095224103	1.2
110.8079092502594	1.1552333757780886	1.2
110.81953477859497	1.1552333757780886	1.2
110.8326826095581	1.1552333757780886	1.2
110.84831523895264	1.1552333757780886	1.2
110.86317610740662	1.1574155645605784	1.2
110.87478399276733	1.1574155645605784	1.2
110.88884019851685	1.1574155645605784	1.2
110.90403437614441	1.1585821572981885	1.2
110.91709089279175	1.1585821572981885	1.2
110.93377637863159	1.1585821572981885	1.2
110.94835829734802	1.1603217171727962	1.2
110.96064472198486	1.1603217171727962	1.2
110.97413396835327	1.1603217171727962	1.2
110.98851275444031	1.1603217171727962	1.2
111.00182819366455	1.1616823627397637	1.2
111.01447057723999	1.1616823627397637	1.2
111.0289056301117	1.1616823627397637	1.2
111.04295015335083	1.1630328276108237	1.2
111.0549840927124	1.1630328276108237	1.2
111.06807446479797	1.1630328276108237	1.2
111.08262991905212	1.1630328276108237	1.2
111.09704184532166	1.1651098696805307	1.2
111.10908603668213	1.1651098696805307	1.2
111.12303256988525	1.1651098696805307	1.2
111.1377911567688	1.1660373610953656	1.2
111.14939093589783	1.1660373610953656	1.2
111.16215252876282	1.1660373610953656	1.2
111.17787194252014	1.166942534366259	1.2
111.18921875953674	1.166942534366259	1.2
111.20049095153809	1.166942534366259	1.2
111.21690726280212	1.166942534366259	1.2
111.23019623756409	1.1671463710781504	1.2
111.2428674697876	1.1671463710781504	1.2
111.25578188896179	1.1671463710781504	1.2
111.26767802238464	1.1671463710781504	1.2
111.27836322784424	1.1668224645239649	1.2
111.29199171066284	1.1668224645239649	1.2
111.3074414730072	1.1668224645239649	1.2
111.3203718662262	1.1673185110355928	1.2
111.33195757865906	1.1673185110355928	1.2
111.34453797340393	1.1673185110355928	1.2
111.3573522567749	1.1673185110355928	1.2
111.36999726295471	1.167972760292058	1.2
111.38152527809143	1.167972760292058	1.2
111.39484405517578	1.167972760292058	1.2
111.40813755989075	1.1682069326959308	1.2
111.41939616203308	1.1682069326959308	1.2
111.43128395080566	1.1682069326959308	1.2
111.4433901309967	1.1682069326959308	1.2
111.45743894577026	1.1688410535750515	1.2
111.46928119659424	1.1688410535750515	1.2
111.48379421234131	1.1688410535750515	1.2
111.4995985031128	1.1703559256505232	1.2
111.51103162765503	1.1703559256505232	1.2
111.52284097671509	1.1703559256505232	1.2
111.53697323799133	1.1703559256505232	1.2
111.55072522163391	1.1702543284030291	1.2
111.56183576583862	1.1702543284030291	1.2
111.57492160797119	1.1702543284030291	1.2
111.59064316749573	1.1705629542043112	1.2
111.60300612449646	1.1705629542043112	1.2
111.61584782600403	1.1705629542043112	1.2
111.6300675868988	1.1705629542043112	1.2
111.64289784431458	1.1706508736649528	1.2
111.65643000602722	1.1706508736649528	1.2
111.67255306243896	1.1706508736649528	1.2
111.6865861415863	1.1720772952145897	1.2
111.69912958145142	1.1720772952145897	1.2
111.71246314048767	1.1720772952145897	1.2
111.72736501693726	1.1733383811931475	1.2
111.74010801315308	1.1733383811931475	1.2
111.75230836868286	1.1733383811931475	1.2
111.76562070846558	1.1733383811931475	1.2
111.78029537200928	1.1721275999431477	1.2
111.79327392578125	1.1721275999431477	1.2
111.80581617355347	1.1721275999431477	1.2
111.82237911224365	1.1707712075418526	1.2
111.83500790596008	1.1707712075418526	1.2
111.84877300262451	1.1707712075418526	1.2
111.86510920524597	1.1707712075418526	1.2
111.8771378993988	1.1686698583142188	1.2
111.89017486572266	1.1686698583142188	1.2
111.90738415718079	1.1686698583142188	1.2
111.92166900634766	1.1658290689473358	1.2
111.93485355377197	1.1658290689473358	1.2
111.9480950832367	1.1658290689473358	1.2
111.9607846736908	1.1629152506254459	1.2
111.97342801094055	1.1629152506254459	1.2
111.98755741119385	1.1629152506254459	1.2
112.00245332717896	1.1605521164010395	1.2
112.01546931266785	1.1605521164010395	1.2
112.02945494651794	1.1605521164010395	1.2
112.04318475723267	1.1605521164010395	1.2
112.05697441101074	1.158025324434743	1.2
112.06921243667603	1.158025324434743	1.2
112.08343625068665	1.158025324434743	1.2
112.09794807434082	1.1562665945808432	1.2
112.11327815055847	1.1562665945808432	1.2
112.1255829334259	1.1562665945808432	1.2
112.14003014564514	1.1562665945808432	1.2
112.15336751937866	1.1535039750420988	1.2
112.16519522666931	1.1535039750420988	1.2
112.18076801300049	1.1535039750420988	1.2
112.19354367256165	1.1507223611077086	1.2
112.20483088493347	1.1507223611077086	1.2
112.21874809265137	1.1507223611077086	1.2
112.23479771614075	1.1490413501890342	1.2
112.24694442749023	1.1490413501890342	1.2
112.25952935218811	1.1490413501890342	1.2
112.27436637878418	1.1490413501890342	1.2
112.28637504577637	1.1464633033228568	1.2
112.29802989959717	1.1464633033228568	1.2
112.31221008300781	1.1464633033228568	1.2
112.32494282722473	1.1447041046385862	1.2
112.33655261993408	1.1447041046385862	1.2
112.34854793548584	1.1447041046385862	1.2
112.36372923851013	1.1447041046385862	1.2
112.37882471084595	1.1432020430202476	1.2
112.39071393013	1.1432020430202476	1.2
112.40275311470032	1.1432020430202476	1.2
112.41591763496399	1.1414494309712115	1.2
112.42734670639038	1.1414494309712115	1.2
112.43981623649597	1.1414494309712115	1.2
112.45476341247559	1.1414494309712115	1.2
112.46765780448914	1.1397926589094813	1.2
112.47935652732849	1.1397926589094813	1.2
112.491042137146	1.1397926589094813	1.2
112.50693798065186	1.1380085249075818	1.2
112.51900339126587	1.1380085249075818	1.2
112.53177404403687	1.1380085249075818	1.2
112.54690742492676	1.1380085249075818	1.2
112.55880331993103	1.135806122463002	1.2
112.57015109062195	1.135806122463002	1.2
112.58304119110107	1.135806122463002	1.2
112.60188794136047	1.1339284223710866	1.2
112.61437916755676	1.1339284223710866	1.2
112.62894439697266	1.1339284223710866	1.2
112.64397263526917	1.132475323461247	1.2
112.65639877319336	1.132475323461247	1.2
112.67188239097595	1.132475323461247	1.2
112.68749165534973	1.1309208509240394	1.2
112.69956636428833	1.1309208509240394	1.2
112.71218395233154	1.1309208509240394	1.2
112.72611904144287	1.1309208509240394	1.2
112.74057674407959	1.131266762054984	1.2
112.75368738174438	1.131266762054984	1.2
112.76740574836731	1.131266762054984	1.2
112.78440618515015	1.1317346463101081	1.2
112.79666662216187	1.1317346463101081	1.2
112.80804944038391	1.1317346463101081	1.2
112.82371711730957	1.1317346463101081	1.2
112.83765387535095	1.1326252095689715	1.2
112.85188317298889	1.1326252095689715	1.2
112.86834621429443	1.1326252095689715	1.2
112.88191938400269	1.1337857684278063	1.2
112.89303803443909	1.1337857684278063	1.2
112.90750336647034	1.1337857684278063	1.2
112.92309284210205	1.1356176754045504	1.2
112.93477606773376	1.1356176754045504	1.2
112.9486300945282	1.1356176754045504	1.2
112.9636619091034	1.1356176754045504	1.2
112.97557282447815	1.13771452862379	1.2
112.98800325393677	1.13771452862379	1.2
113.00186419487	1.13771452862379	1.2
113.01670670509338	1.1395089598682213	1.2
113.02949213981628	1.1395089598682213	1.2
113.04098415374756	1.1395089598682213	1.2
113.05351829528809	1.1395089598682213	1.2
113.06707620620728	1.1407998281355805	1.2
113.08024096488953	1.1407998281355805	1.2
113.09185266494751	1.1407998281355805	1.2
113.1056580543518	1.1407998281355805	1.2
113.11848640441895	1.1422192043349406	1.2
113.13180756568909	1.1422192043349406	1.2
113.14682698249817	1.1422192043349406	1.2
113.16226935386658	1.1449422373335059	1.2
113.17349290847778	1.1449422373335059	1.2
113.18560552597046	1.1449422373335059	1.2
113.19945526123047	1.145875616575232	1.2
113.2114589214325	1.145875616575232	1.2
113.22365713119507	1.145875616575232	1.2
113.23955869674683	1.145875616575232	1.2
113.25151538848877	1.147703447953531	1.2
113.26486468315125	1.147703447953531	1.2
113.27988386154175	1.147703447953531	1.2
113.29374766349792	1.1496326821084608	1.2
113.30553364753723	1.1496326821084608	1.2
113.31926941871643	1.1496326821084608	1.2
113.33350205421448	1.151818456027839	1.2
113.34496116638184	1.151818456027839	1.2
113.35731101036072	1.151818456027839	1.2
113.37336874008179	1.151818456027839	1.2
113.38598918914795	1.1538558116372573	1.2
113.39805006980896	1.1538558116372573	1.2
113.40976858139038	1.1538558116372573	1.2
113.42345929145813	1.1538558116372573	1.2
113.4354100227356	1.1561835628612476	1.2
113.44713234901428	1.1561835628612476	1.2
113.46124577522278	1.1561835628612476	1.2
113.47778415679932	1.158816231749736	1.2
113.48921060562134	1.158816231749736	1.2
113.50016665458679	1.158816231749736	1.2
113.5133707523346	1.158816231749736	1.2
113.5285336971283	1.1612897170349485	1.2
113.54615688323975	1.1612897170349485	1.2
113.56241202354431	1.1612897170349485	1.2
113.5766589641571	1.1637774300376715	1.2
113.58861422538757	1.1637774300376715	1.2
113.60511636734009	1.1637774300376715	1.2
113.62155079841614	1.1649210564818309	1.2
113.63669466972351	1.1649210564818309	1.2
113.6547908782959	1.1649210564818309	1.2
113.67299842834473	1.16835989494841	1.2
113.68609881401062	1.16835989494841	1.2
113.69894909858704	1.16835989494841	1.2
113.71652364730835	1.16835989494841	1.2
113.7287244796753	1.1705130141344564	1.2
113.74006485939026	1.1705130141344564	1.2
113.75327849388123	1.1705130141344564	1.2
113.76902937889099	1.172306421743152	1.2
113.78138995170593	1.172306421743152	1.2
113.7963535785675	1.172306421743152	1.2
113.81263208389282	1.1749373582931393	1.2
113.82390213012695	1.1749373582931393	1.2
113.83694291114807	1.1749373582931393	1.2
113.85417795181274	1.1749373582931393	1.2
113.86727285385132	1.176837421280451	1.2
113.87961745262146	1.176837421280451	1.2
113.89606666564941	1.176837421280451	1.2
113.91241717338562	1.1782554607541353	1.2
113.92553353309631	1.1782554607541353	1.2
113.93858909606934	1.1782554607541353	1.2
113.95325469970703	1.17960109009992	1.2
113.96632122993469	1.17960109009992	1.2
113.98014163970947	1.17960109009992	1.2
113.99444079399109	1.17960109009992	1.2
114.00825548171997	1.1814662010879995	1.2
114.01962423324585	1.1814662010879995	1.2
114.03181862831116	1.1814662010879995	1.2
114.04817819595337	1.1840183687391856	1.2
114.06161522865295	1.1840183687391856	1.2
114.07434248924255	1.1840183687391856	1.2
114.09012699127197	1.1840183687391856	1.2
114.102463722229	1.1862093958773436	1.2
114.11479616165161	1.1862093958773436	1.2
114.13031077384949	1.1862093958773436	1.2
114.14610981941223	1.1876520086180076	1.2
114.15862798690796	1.1876520086180076	1.2
114.17145371437073	1.1876520086180076	1.2
114.18386554718018	1.1876520086180076	1.2
114.19690656661987	1.1902561499953417	1.2
114.20941162109375	1.1902561499953417	1.2
114.22310948371887	1.1902561499953417	1.2
114.23727059364319	1.1902561499953417	1.2
114.2499783039093	1.1932982181329144	1.2
114.26155400276184	1.1932982181329144	1.2
114.27346134185791	1.1932982181329144	1.2
114.28808259963989	1.195031268714002	1.2
114.3008291721344	1.195031268714002	1.2
114.31453895568848	1.195031268714002	1.2
114.33077645301819	1.195031268714002	1.2
114.34271931648254	1.1965866755422006	1.2
114.35432696342468	1.1965866755422006	1.2
114.36995506286621	1.1965866755422006	1.2
114.3845043182373	1.1972554602447503	1.2
114.39704513549805	1.1972554602447503	1.2
114.41036605834961	1.1972554602447503	1.2
114.42505717277527	1.1977725657710223	1.2
114.43810963630676	1.1977725657710223	1.2
114.45434927940369	1.1977725657710223	1.2
114.46694445610046	1.1977725657710223	1.2
114.47917366027832	1.1980600791815248	1.2
114.49032545089722	1.1980600791815248	1.2
114.50141310691833	1.1980600791815248	1.2
114.51399159431458	1.1980600791815248	1.2
114.52508592605591	1.1978945126061475	1.2
114.53668236732483	1.1978945126061475	1.2
114.55012822151184	1.1978945126061475	1.2
114.56524181365967	1.1984343026425048	1.2
114.57665419578552	1.1984343026425048	1.2
114.58753991127014	1.1984343026425048	1.2
114.60168123245239	1.1984343026425048	1.2
114.6151807308197	1.198481675559251	1.2
114.62692928314209	1.198481675559251	1.2
114.63924193382263	1.198481675559251	1.2
114.6558518409729	1.198378017559973	1.2
114.66797161102295	1.198378017559973	1.2
114.68120980262756	1.198378017559973	1.2
114.6965594291687	1.198378017559973	1.2
114.70988941192627	1.1985293486318862	1.2
114.72170233726501	1.1985293486318862	1.2
114.73667883872986	1.1985293486318862	1.2
114.75214624404907	1.1982923764686026	1.2
114.76460909843445	1.1982923764686026	1.2
114.77666187286377	1.1982923764686026	1.2
114.790212392807	1.1982923764686026	1.2
114.80401921272278	1.1990558597786134	1.2
114.81624054908752	1.1990558597786134	1.2
114.82941436767578	1.1990558597786134	1.2
114.84520483016968	1.2008428250760637	1.2
114.85798811912537	1.2008428250760637	1.2
114.86994433403015	1.2008428250760637	1.2
114.88394045829773	1.2008428250760637	1.2
114.89760732650757	1.2028329380006682	1.2
114.91037154197693	1.2028329380006682	1.2
114.92439389228821	1.2028329380006682	1.2
114.9393699169159	1.2052655313448237	1.2
114.9504725933075	1.2052655313448237	1.2
114.96283173561096	1.2052655313448237	1.2
114.97873520851135	1.2052655313448237	1.2
114.99147486686707	1.2078227322176869	1.2
115.00432682037354	1.2078227322176869	1.2
115.01942682266235	1.2078227322176869	1.2
115.0335648059845	1.2104703895370985	1.2
115.04550504684448	1.2104703895370985	1.2
115.0591938495636	1.2104703895370985	1.2
115.0748963356018	1.2124838011273953	1.2
115.08686184883118	1.2124838011273953	1.2
115.09874629974365	1.2124838011273953	1.2
115.11075782775879	1.2124838011273953	1.2
115.1238021850586	1.212518953577619	1.2
115.13585877418518	1.212518953577619	1.2
115.14798021316528	1.212518953577619	1.2
115.16314053535461	1.212518953577619	1.2
115.17606115341187	1.2129679905094375	1.2
115.18742513656616	1.2129679905094375	1.2
115.19884061813354	1.2129679905094375	1.2
115.21382665634155	1.2134618464642934	1.2
115.22564768791199	1.2134618464642934	1.2
115.23796105384827	1.2134618464642934	1.2
115.25481081008911	1.2134618464642934	1.2
115.26698231697083	1.212955656319097	1.2
115.27802109718323	1.212955656319097	1.2
115.29120898246765	1.212955656319097	1.2
115.30604457855225	1.212200735798866	1.2
115.31859040260315	1.212200735798866	1.2
115.33268904685974	1.212200735798866	1.2
115.34524726867676	1.212200735798866	1.2
115.35684442520142	1.2112562240217293	1.2
115.36989784240723	1.2112562240217293	1.2
115.38414406776428	1.2112562240217293	1.2
115.39671897888184	1.2098314422199639	1.2
115.40816640853882	1.2098314422199639	1.2
115.41921854019165	1.2098314422199639	1.2
115.43415760993958	1.2098314422199639	1.2
115.44799041748047	1.208386132625712	1.2
115.46270942687988	1.208386132625712	1.2
115.47650837898254	1.208386132625712	1.2
115.48891949653625	1.2063725962122802	1.2
115.50050806999207	1.2063725962122802	1.2
115.51337504386902	1.2063725962122802	1.2
115.52572894096375	1.2063725962122802	1.2
115.5382387638092	1.2039898713675599	1.2
115.55021357536316	1.2039898713675599	1.2
115.56172847747803	1.2039898713675599	1.2
115.5749101638794	1.2039898713675599	1.2
115.58746433258057	1.204098295398326	1.2
115.59966492652893	1.204098295398326	1.2
115.61298441886902	1.204098295398326	1.2
115.62901067733765	1.2032790901618395	1.2
115.64073944091797	1.2032790901618395	1.2
115.65366744995117	1.2032790901618395	1.2
115.66964936256409	1.2032790901618395	1.2
115.68335819244385	1.2029818469185962	1.2
115.69682836532593	1.2029818469185962	1.2
115.7124457359314	1.2029818469185962	1.2
115.72522282600403	1.2036424548913527	1.2
115.73895406723022	1.2036424548913527	1.2
115.75491642951965	1.2036424548913527	1.2
115.76868605613708	1.2044424626208863	1.2
115.78092670440674	1.2044424626208863	1.2
115.79387855529785	1.2044424626208863	1.2
115.80679535865784	1.2044424626208863	1.2
115.81892371177673	1.2042684954301985	1.2
115.83221101760864	1.2042684954301985	1.2
115.84676456451416	1.2042684954301985	1.2
115.86318159103394	1.2043738075019994	1.2
115.87511539459229	1.2043738075019994	1.2
115.88648676872253	1.2043738075019994	1.2
115.90452933311462	1.2043738075019994	1.2
115.91771078109741	1.204137128930571	1.2
115.93082857131958	1.204137128930571	1.2
115.94652724266052	1.204137128930571	1.2
115.95950174331665	1.203265262370902	1.2
115.97167325019836	1.203265262370902	1.2
115.98418092727661	1.203265262370902	1.2
116.00068521499634	1.203265262370902	1.2
116.01346468925476	1.2031135900547394	1.2
116.02621746063232	1.2031135900547394	1.2
116.03940939903259	1.2031135900547394	1.2
116.05324912071228	1.2019622067413536	1.2
116.06578660011292	1.2019622067413536	1.2
116.07801842689514	1.2019622067413536	1.2
116.09036684036255	1.2019622067413536	1.2
116.10355401039124	1.2011393275561981	1.2
116.11696219444275	1.2011393275561981	1.2
116.1319215297699	1.2011393275561981	1.2
116.1470046043396	1.2013748069034702	1.2
116.1588077545166	1.2013748069034702	1.2
116.16986751556396	1.2013748069034702	1.2
116.18297171592712	1.2013748069034702	1.2
116.19625329971313	1.200385007748902	1.2
116.20815706253052	1.200385007748902	1.2
116.22387361526489	1.200385007748902	1.2
116.23812103271484	1.199985347010188	1.2
116.2493417263031	1.199985347010188	1.2
116.26153683662415	1.199985347010188	1.2
116.27601957321167	1.199985347010188	1.2
116.28955507278442	1.2003580551719828	1.2
116.3007652759552	1.2003580551719828	1.2
116.31233239173889	1.2003580551719828	1.2
116.32369875907898	1.2003580551719828	1.2
116.33561301231384	1.2007519748682554	1.2
116.3473961353302	1.2007519748682554	1.2
116.36138272285461	1.2007519748682554	1.2
116.37613296508789	1.2015432879523678	1.2
116.38795709609985	1.2015432879523678	1.2
116.39990568161011	1.2015432879523678	1.2
116.41141819953918	1.2015432879523678	1.2
116.42650055885315	1.2031897502661273	1.2
116.43882417678833	1.2031897502661273	1.2
116.4514217376709	1.2031897502661273	1.2
116.4661033153534	1.205927823149554	1.2
116.47794485092163	1.205927823149554	1.2
116.48878359794617	1.205927823149554	1.2
116.5019519329071	1.205927823149554	1.2
116.51557445526123	1.2059702071931275	1.2
116.52759504318237	1.2059702071931275	1.2
116.54065608978271	1.2059702071931275	1.2
116.55786418914795	1.2071429890658867	1.2
116.56873273849487	1.2071429890658867	1.2
116.57993674278259	1.2071429890658867	1.2
116.595374584198	1.2071429890658867	1.2
116.61093020439148	1.2074388186308331	1.2
116.62334370613098	1.2074388186308331	1.2
116.63875555992126	1.2074388186308331	1.2
116.65209698677063	1.206913969347901	1.2
116.6649010181427	1.206913969347901	1.2
116.67880702018738	1.206913969347901	1.2
116.69482350349426	1.2054172347377778	1.2
116.70891880989075	1.2054172347377778	1.2
116.72178316116333	1.2054172347377778	1.2
116.73556756973267	1.2054172347377778	1.2
116.74905610084534	1.2039179139217207	1.2
116.76191258430481	1.2039179139217207	1.2
116.77566528320312	1.2039179139217207	1.2
116.79181671142578	1.201100711393734	1.2
116.80327892303467	1.201100711393734	1.2
116.81584572792053	1.201100711393734	1.2
116.83076453208923	1.201100711393734	1.2
116.84459185600281	1.1972767033943676	1.2
116.85592937469482	1.1972767033943676	1.2
116.86956286430359	1.1972767033943676	1.2
116.88682770729065	1.193065068940586	1.2
116.89845871925354	1.193065068940586	1.2
116.91427254676819	1.193065068940586	1.2
116.92915081977844	1.187934949628299	1.2
116.94112586975098	1.187934949628299	1.2
116.95359230041504	1.187934949628299	1.2
116.96947073936462	1.187934949628299	1.2
116.98248076438904	1.185322143092455	1.2
116.99496221542358	1.185322143092455	1.2
117.00856494903564	1.185322143092455	1.2
117.02382326126099	1.1811728888631685	1.2
117.03646683692932	1.1811728888631685	1.2
117.05171012878418	1.1811728888631685	1.2
117.06526732444763	1.1767616160646504	1.2
117.07791423797607	1.1767616160646504	1.2
117.08981680870056	1.1767616160646504	1.2
117.10306096076965	1.1767616160646504	1.2
117.1183533668518	1.1740553197193113	1.2
117.13145804405212	1.1740553197193113	1.2
117.14399695396423	1.1740553197193113	1.2
117.15967297554016	1.1718186350017035	1.2
117.17142105102539	1.1718186350017035	1.2
117.18360495567322	1.1718186350017035	1.2
117.19702792167664	1.1718186350017035	1.2
117.21246027946472	1.1703389894134024	1.2
117.22410130500793	1.1703389894134024	1.2
117.23874950408936	1.1703389894134024	1.2
117.2525782585144	1.1693950637734756	1.2
117.26442742347717	1.1693950637734756	1.2
117.27792716026306	1.1693950637734756	1.2
117.29279661178589	1.1695728301173012	1.2
117.30438709259033	1.1695728301173012	1.2
117.31646728515625	1.1695728301173012	1.2
117.32819747924805	1.1695728301173012	1.2
117.34002494812012	1.1706653254733383	1.2
117.35143065452576	1.1706653254733383	1.2
117.36568999290466	1.1706653254733383	1.2
117.37995147705078	1.1706653254733383	1.2
117.39218425750732	1.1719066075246203	1.2
117.404212474823	1.1719066075246203	1.2
117.4163224697113	1.1719066075246203	1.2
117.43099999427795	1.1735346307429495	1.2
117.44390034675598	1.1735346307429495	1.2
117.4564106464386	1.1735346307429495	1.2
117.4718747138977	1.1735346307429495	1.2
117.48430061340332	1.1756585999186595	1.2
117.49503993988037	1.1756585999186595	1.2
117.50788426399231	1.1756585999186595	1.2
117.52264022827148	1.1794994785658743	1.2
117.5342264175415	1.1794994785658743	1.2
117.54792332649231	1.1794994785658743	1.2
117.5637321472168	1.1832464224355639	1.2
117.57517766952515	1.1832464224355639	1.2
117.58622646331787	1.1832464224355639	1.2
117.59916758537292	1.1832464224355639	1.2
117.61480927467346	1.1870298916537383	1.2
117.62623405456543	1.1870298916537383	1.2
117.63783717155457	1.1870298916537383	1.2
117.65513253211975	1.1870298916537383	1.2
117.6695282459259	1.1923526868396093	1.2
117.681560754776	1.1923526868396093	1.2
117.69543647766113	1.1923526868396093	1.2
117.70829272270203	1.1977279989697869	1.2
117.72155594825745	1.1977279989697869	1.2
117.73712348937988	1.1977279989697869	1.2
117.75299310684204	1.2027472342896817	1.2
117.76577496528625	1.2027472342896817	1.2
117.77762866020203	1.2027472342896817	1.2
117.78964424133301	1.2027472342896817	1.2
117.80305457115173	1.2079345899772878	1.2
117.81565380096436	1.2079345899772878	1.2
117.82928085327148	1.2079345899772878	1.2
117.84539008140564	1.2130885270592278	1.2
117.85882449150085	1.2130885270592278	1.2
117.87082290649414	1.2130885270592278	1.2
117.88603854179382	1.2130885270592278	1.2
117.8998749256134	1.2178165536783851	1.2
117.91216468811035	1.2178165536783851	1.2
117.92707777023315	1.2178165536783851	1.2
117.9402174949646	1.2220255972296392	1.2
117.95427346229553	1.2220255972296392	1.2
117.97662448883057	1.2220255972296392	1.2
117.990549325943	1.2255726250969814	1.2
118.00699138641357	1.2255726250969814	1.2
118.02145552635193	1.2255726250969814	1.2
118.03660655021667	1.2276759431223296	1.2
118.05174779891968	1.2276759431223296	1.2
118.07167172431946	1.2276759431223296	1.2
118.0904369354248	1.2276759431223296	1.2
118.10897755622864	1.230394072133199	1.2
118.1263918876648	1.230394072133199	1.2
118.14338684082031	1.230328904065972	1.2
118.1568534374237	1.230328904065972	1.2
118.17112827301025	1.230328904065972	1.2
118.18486452102661	1.230328904065972	1.2
118.19792819023132	1.2294721927400052	1.2
118.21087741851807	1.2294721927400052	1.2
118.22995853424072	1.2294721927400052	1.2
118.24756836891174	1.2289844938082506	1.2
118.26042747497559	1.2289844938082506	1.2
118.27583241462708	1.2289844938082506	1.2
118.29061722755432	1.2273549566015056	1.2
118.30411052703857	1.2273549566015056	1.2
118.31669855117798	1.2273549566015056	1.2
118.33603739738464	1.2247450590927094	1.2
118.34689140319824	1.2247450590927094	1.2
118.35857152938843	1.2247450590927094	1.2
118.37406730651855	1.2247450590927094	1.2
118.38890814781189	1.2223258315465126	1.2
118.40019750595093	1.2223258315465126	1.2
118.41305613517761	1.2223258315465126	1.2
118.42894220352173	1.2223258315465126	1.2
118.44289660453796	1.2195627538626428	1.2
118.45513033866882	1.2195627538626428	1.2
118.46883654594421	1.2195627538626428	1.2
118.48135566711426	1.2159377905816573	1.2
118.49409890174866	1.2159377905816573	1.2
118.50757694244385	1.2159377905816573	1.2
118.52072644233704	1.2159377905816573	1.2
118.53353357315063	1.2132454656569587	1.2
118.54494190216064	1.2132454656569587	1.2
118.55802464485168	1.2132454656569587	1.2
118.57323741912842	1.2099407271074878	1.2
118.58509540557861	1.2099407271074878	1.2
118.59682106971741	1.2099407271074878	1.2
118.61207675933838	1.2099407271074878	1.2
118.62542819976807	1.2059714805321453	1.2
118.63745307922363	1.2059714805321453	1.2
118.65480875968933	1.2059714805321453	1.2
118.67362546920776	1.2031031163733477	1.2
118.68873739242554	1.2031031163733477	1.2
118.70662212371826	1.2031031163733477	1.2
118.71976256370544	1.1994412129765257	1.2
118.73432183265686	1.1994412129765257	1.2
118.75094366073608	1.1994412129765257	1.2
118.76622915267944	1.1970205701382592	1.2
118.78038048744202	1.1970205701382592	1.2
118.79280924797058	1.1970205701382592	1.2
118.80704808235168	1.1934427828012517	1.2
118.82018184661865	1.1934427828012517	1.2
118.83524465560913	1.1934427828012517	1.2
118.85438251495361	1.1893081907188012	1.2
118.86789178848267	1.1893081907188012	1.2
118.88500571250916	1.1893081907188012	1.2
118.90114378929138	1.1893081907188012	1.2
118.91670489311218	1.1855568244731067	1.2
118.93164157867432	1.1855568244731067	1.2
118.94783091545105	1.1855568244731067	1.2
118.96313619613647	1.1810993852758114	1.2
118.97716021537781	1.1810993852758114	1.2
118.99290728569031	1.1810993852758114	1.2
119.00940990447998	1.1770126825514526	1.2
119.02276062965393	1.1770126825514526	1.2
119.03615808486938	1.1770126825514526	1.2
119.05619025230408	1.1729287589108408	1.2
119.06976675987244	1.1729287589108408	1.2
119.08927011489868	1.1729287589108408	1.2
119.10622358322144	1.1698399483433264	1.2
119.11881995201111	1.1698399483433264	1.2
119.13793134689331	1.1698399483433264	1.2
119.15343856811523	1.167321489297704	1.2
119.16685366630554	1.167321489297704	1.2
119.1872923374176	1.167321489297704	1.2
119.20334887504578	1.164639846482399	1.2
119.21549987792969	1.164639846482399	1.2
119.22932124137878	1.164639846482399	1.2
119.24386858940125	1.161510146238641	1.2
119.25771188735962	1.161510146238641	1.2
119.27352142333984	1.161510146238641	1.2
119.28828573226929	1.161510146238641	1.2
119.3049373626709	1.1613717203618135	1.2
119.31748104095459	1.1613717203618135	1.2
119.33418679237366	1.1613717203618135	1.2
119.35004878044128	1.1617258760497502	1.2
119.36396288871765	1.1617258760497502	1.2
119.38102793693542	1.1617258760497502	1.2
119.39472603797913	1.161881199420647	1.2
119.40604162216187	1.161881199420647	1.2
119.42137455940247	1.161881199420647	1.2
119.4370641708374	1.162497497108508	1.2
119.45276665687561	1.162497497108508	1.2
119.46713256835938	1.162497497108508	1.2
119.48443412780762	1.1626653684795611	1.2
119.49926137924194	1.1626653684795611	1.2
119.51646423339844	1.1626653684795611	1.2
119.53072810173035	1.163683727245795	1.2
119.54424166679382	1.163683727245795	1.2
119.55730986595154	1.163683727245795	1.2
119.57005524635315	1.163683727245795	1.2
119.58380722999573	1.1650493463721232	1.2
119.59610533714294	1.1650493463721232	1.2
119.6116247177124	1.1650493463721232	1.2
119.62510442733765	1.166012906183409	1.2
119.63768815994263	1.166012906183409	1.2
119.6525468826294	1.166012906183409	1.2
119.66867136955261	1.1671346731907226	1.2
119.68122148513794	1.1671346731907226	1.2
119.69353413581848	1.1671346731907226	1.2
119.70926785469055	1.1671346731907226	1.2
119.72160458564758	1.1679795441563514	1.2
119.73344922065735	1.1679795441563514	1.2
119.74937510490417	1.1679795441563514	1.2
119.76423978805542	1.167669732906933	1.2
119.77701234817505	1.167669732906933	1.2
119.79039311408997	1.167669732906933	1.2
119.80321550369263	1.167669732906933	1.2
119.8157160282135	1.1672846166278634	1.2
119.82933473587036	1.1672846166278634	1.2
119.8462381362915	1.1672846166278634	1.2
119.86156702041626	1.1676703060407447	1.2
119.87720346450806	1.1676703060407447	1.2
119.89378595352173	1.1676703060407447	1.2
119.90829348564148	1.1686963199683214	1.2
119.92040061950684	1.1686963199683214	1.2
119.93243861198425	1.1686963199683214	1.2
119.94678735733032	1.170438476095304	1.2
119.95861649513245	1.170438476095304	1.2
119.97162413597107	1.170438476095304	1.2
119.98730969429016	1.170438476095304	1.2
120.00053882598877	1.171370128372604	1.2
120.01203227043152	1.171370128372604	1.2
120.02613019943237	1.171370128372604	1.2
120.04225659370422	1.1725915407481073	1.2
120.05468606948853	1.1725915407481073	1.2
120.06963682174683	1.1725915407481073	1.2
120.08245301246643	1.1725915407481073	1.2
120.09541273117065	1.1741834842172083	1.2
120.10830497741699	1.1741834842172083	1.2
120.12326169013977	1.1741834842172083	1.2
120.13718962669373	1.1758800906702453	1.2
120.1491482257843	1.1758800906702453	1.2
120.16103029251099	1.1758800906702453	1.2
120.17378640174866	1.1758800906702453	1.2
120.18626952171326	1.1769580427283486	1.2
120.19814825057983	1.1769580427283486	1.2
120.2128803730011	1.1769580427283486	1.2
120.22640991210938	1.178153231277264	1.2
120.23933243751526	1.178153231277264	1.2
120.25019907951355	1.178153231277264	1.2
120.26319360733032	1.178153231277264	1.2
120.27720308303833	1.1790964466290763	1.2
120.28842949867249	1.1790964466290763	1.2
120.3036949634552	1.1790964466290763	1.2
120.31843042373657	1.180257123076068	1.2
120.32973670959473	1.180257123076068	1.2
120.3410792350769	1.180257123076068	1.2
120.35655570030212	1.180257123076068	1.2
120.36908197402954	1.1806992812796389	1.2
120.38125252723694	1.1806992812796389	1.2
120.39391684532166	1.1806992812796389	1.2
120.4067075252533	1.181459267352062	1.2
120.4187684059143	1.181459267352062	1.2
120.42983722686768	1.181459267352062	1.2
120.44463276863098	1.181459267352062	1.2
120.45675110816956	1.1812967059838528	1.2
120.46883344650269	1.1812967059838528	1.2
120.48079633712769	1.1812967059838528	1.2
120.49380564689636	1.1812967059838528	1.2
120.50540614128113	1.1817727316248785	1.2
120.5167281627655	1.1817727316248785	1.2
120.53075504302979	1.1817727316248785	1.2
120.54602003097534	1.1820351994420428	1.2
120.55747890472412	1.1820351994420428	1.2
120.56832575798035	1.1820351994420428	1.2
120.58009314537048	1.1820351994420428	1.2
120.59343647956848	1.1813434273605332	1.2
120.60502934455872	1.1813434273605332	1.2
120.61613345146179	1.1813434273605332	1.2
120.62970685958862	1.1813434273605332	1.2
120.64225673675537	1.1812622645323994	1.2
120.6548216342926	1.1812622645323994	1.2
120.66943883895874	1.1812622645323994	1.2
120.68507647514343	1.1803742123561898	1.2
120.69617009162903	1.1803742123561898	1.2
120.7095057964325	1.1803742123561898	1.2
120.72669553756714	1.1803742123561898	1.2
120.74035239219666	1.1798574552552676	1.2
120.75312757492065	1.1798574552552676	1.2
120.76692748069763	1.1798574552552676	1.2
120.77892398834229	1.1785964401465718	1.2
120.79039025306702	1.1785964401465718	1.2
120.80363750457764	1.1785964401465718	1.2
120.81963539123535	1.1785964401465718	1.2
120.83349347114563	1.1772818454802132	1.2
120.84546875953674	1.1772818454802132	1.2
120.85820174217224	1.1772818454802132	1.2
120.87179183959961	1.1743035944449438	1.2
120.8850781917572	1.1743035944449438	1.2
120.89816617965698	1.1743035944449438	1.2
120.91575741767883	1.1732102201828423	1.2
120.92793273925781	1.1732102201828423	1.2
120.93875098228455	1.1732102201828423	1.2
120.95361423492432	1.1732102201828423	1.2
120.9701018333435	1.1707805245306682	1.2
120.9828827381134	1.1707805245306682	1.2
120.99896836280823	1.1707805245306682	1.2
121.01224303245544	1.1678637185605187	1.2
121.02392077445984	1.1678637185605187	1.2
121.03866076469421	1.1678637185605187	1.2
121.05508303642273	1.1657875645056648	1.2
121.0682463645935	1.1657875645056648	1.2
121.0845718383789	1.1657875645056648	1.2
121.09871292114258	1.1644505617808691	1.2
121.11020803451538	1.1644505617808691	1.2
121.12526869773865	1.1644505617808691	1.2
121.14135503768921	1.1644505617808691	1.2
121.15507507324219	1.1630385240106484	1.2
121.16675329208374	1.1630385240106484	1.2
121.17936372756958	1.1630385240106484	1.2
121.19325494766235	1.1620171468289955	1.2
121.20476245880127	1.1620171468289955	1.2
121.21842551231384	1.1620171468289955	1.2
121.23373770713806	1.1606167808425902	1.2
121.2460515499115	1.1606167808425902	1.2
121.257315158844	1.1606167808425902	1.2
121.27215385437012	1.1606167808425902	1.2
121.28596377372742	1.1595950857307424	1.2
121.29724454879761	1.1595950857307424	1.2
121.3102912902832	1.1595950857307424	1.2
121.32569432258606	1.1606933613606631	1.2
121.33730936050415	1.1606933613606631	1.2
121.34884023666382	1.1606933613606631	1.2
121.36352944374084	1.1606933613606631	1.2
121.37694835662842	1.1606028462867486	1.2
121.3879005908966	1.1606028462867486	1.2
121.39951753616333	1.1606028462867486	1.2
121.41518902778625	1.1606028462867486	1.2
121.42980241775513	1.1609340554524363	1.2
121.44140934944153	1.1609340554524363	1.2
121.45422172546387	1.1609340554524363	1.2
121.46704411506653	1.161616225417219	1.2
121.47900652885437	1.161616225417219	1.2
121.49014496803284	1.161616225417219	1.2
121.5041835308075	1.161616225417219	1.2
121.51793432235718	1.1625051047407964	1.2
121.53063678741455	1.1625051047407964	1.2
121.54202389717102	1.1625051047407964	1.2
121.55482769012451	1.1625051047407964	1.2
121.56791090965271	1.1626291385908256	1.2
121.57943797111511	1.1626291385908256	1.2
121.59230899810791	1.1626291385908256	1.2
121.61135363578796	1.1644878108136953	1.2
121.62258005142212	1.1644878108136953	1.2
121.63556694984436	1.1644878108136953	1.2
121.65165209770203	1.165673232316678	1.2
121.66506814956665	1.165673232316678	1.2
121.67940044403076	1.165673232316678	1.2
121.69534850120544	1.165673232316678	1.2
121.70705485343933	1.166582089365536	1.2
121.71978545188904	1.166582089365536	1.2
121.7355215549469	1.166582089365536	1.2
121.74925684928894	1.1675674353362944	1.2
121.7615921497345	1.1675674353362944	1.2
121.7751579284668	1.1675674353362944	1.2
121.78794431686401	1.1676992852153103	1.2
121.79980039596558	1.1676992852153103	1.2
121.81250166893005	1.1676992852153103	1.2
121.8285858631134	1.1676992852153103	1.2
121.84351444244385	1.1679207090197652	1.2
121.85738849639893	1.1679207090197652	1.2
121.8699426651001	1.1679207090197652	1.2
121.88452291488647	1.1688688326030257	1.2
121.89647483825684	1.1688688326030257	1.2
121.91057586669922	1.1688688326030257	1.2
121.92836785316467	1.169825959938802	1.2
121.939781665802	1.169825959938802	1.2
121.9507999420166	1.169825959938802	1.2
121.96426725387573	1.169825959938802	1.2
121.97923970222473	1.171057187589618	1.2
121.99131202697754	1.171057187589618	1.2
122.00494503974915	1.171057187589618	1.2
122.01930546760559	1.171057187589618	1.2
122.03115916252136	1.172691484747471	1.2
122.04393148422241	1.172691484747471	1.2
122.05972599983215	1.172691484747471	1.2
122.07425117492676	1.1733838396985141	1.2
122.08714199066162	1.1733838396985141	1.2
122.09978580474854	1.1733838396985141	1.2
122.11220479011536	1.1733838396985141	1.2
122.12606024742126	1.1740308010107243	1.2
122.13951683044434	1.1740308010107243	1.2
122.15267610549927	1.1740308010107243	1.2
122.1653687953949	1.175262150819679	1.2
122.17797780036926	1.175262150819679	1.2
122.19035029411316	1.175262150819679	1.2
122.20557379722595	1.1765399140926183	1.2
122.21761417388916	1.1765399140926183	1.2
122.22856545448303	1.1765399140926183	1.2
122.24071884155273	1.1765399140926183	1.2
122.25578451156616	1.1781435488159544	1.2
122.26742720603943	1.1781435488159544	1.2
122.2791895866394	1.1781435488159544	1.2
122.2944130897522	1.1781435488159544	1.2
122.3068163394928	1.1793869901344407	1.2
122.31754779815674	1.1793869901344407	1.2
122.33138608932495	1.1793869901344407	1.2
122.34632778167725	1.1800902470204746	1.2
122.35808801651001	1.1800902470204746	1.2
122.37013149261475	1.1800902470204746	1.2
122.38431000709534	1.1800902470204746	1.2
122.3960611820221	1.1804087614305927	1.2
122.40767407417297	1.1804087614305927	1.2
122.42331647872925	1.1804087614305927	1.2
122.43793725967407	1.180684095952557	1.2
122.44899892807007	1.180684095952557	1.2
122.46115469932556	1.180684095952557	1.2
122.47346425056458	1.180684095952557	1.2
122.48525953292847	1.1808161225456402	1.2
122.49717020988464	1.1808161225456402	1.2
122.51019239425659	1.1808161225456402	1.2
122.52433323860168	1.1813191274083403	1.2
122.53618717193604	1.1813191274083403	1.2
122.54724597930908	1.1813191274083403	1.2
122.55823731422424	1.1813191274083403	1.2
122.57153987884521	1.1823864943509779	1.2
122.58362126350403	1.1823864943509779	1.2
122.59679889678955	1.1823864943509779	1.2
122.61090064048767	1.1842936393445687	1.2
122.62252593040466	1.1842936393445687	1.2
122.63411545753479	1.1842936393445687	1.2
122.6473777294159	1.1842936393445687	1.2
122.66273665428162	1.1852743528417637	1.2
122.67629623413086	1.1852743528417637	1.2
122.69324135780334	1.1852743528417637	1.2
122.7074556350708	1.1858411890486602	1.2
122.71908807754517	1.1858411890486602	1.2
122.73335289955139	1.1858411890486602	1.2
122.7495801448822	1.1866084606484948	1.2
122.7644464969635	1.1866084606484948	1.2
122.78008270263672	1.1866084606484948	1.2
122.79652547836304	1.1866084606484948	1.2
122.81221437454224	1.1872225914590753	1.2
122.83655023574829	1.1872225914590753	1.2
122.85390186309814	1.1871252125028815	1.2
122.86778378486633	1.1871252125028815	1.2
122.88081479072571	1.1871252125028815	1.2
122.8974609375	1.1871252125028815	1.2
122.91189742088318	1.186339548821468	1.2
122.9232439994812	1.186339548821468	1.2
122.93860483169556	1.186339548821468	1.2
122.95468735694885	1.1854634691496582	1.2
122.96849799156189	1.1854634691496582	1.2
122.98516964912415	1.1854634691496582	1.2
123.00288820266724	1.1843868728512197	1.2
123.0173830986023	1.1843868728512197	1.2
123.03386354446411	1.1843868728512197	1.2
123.04827046394348	1.1832475072751174	1.2
123.06273794174194	1.1832475072751174	1.2
123.07557940483093	1.1832475072751174	1.2
123.09043788909912	1.180246904862373	1.2
123.1039445400238	1.180246904862373	1.2
123.11622142791748	1.180246904862373	1.2
123.13272762298584	1.180246904862373	1.2
123.14937019348145	1.1775360870517761	1.2
123.16107821464539	1.1775360870517761	1.2
123.17519640922546	1.1775360870517761	1.2
123.19059443473816	1.1751460257704394	1.2
123.20408058166504	1.1751460257704394	1.2
123.21844625473022	1.1751460257704394	1.2
123.23322868347168	1.1751460257704394	1.2
123.24511694908142	1.172886882779284	1.2
123.25805950164795	1.172886882779284	1.2
123.27356719970703	1.172886882779284	1.2
123.28855562210083	1.170917135613928	1.2
123.30024075508118	1.170917135613928	1.2
123.31333875656128	1.170917135613928	1.2
123.32584834098816	1.1691841877015228	1.2
123.33882093429565	1.1691841877015228	1.2
123.35121297836304	1.1691841877015228	1.2
123.36440134048462	1.1691841877015228	1.2
123.37791919708252	1.168084797407711	1.2
123.39109754562378	1.168084797407711	1.2
123.40237426757812	1.168084797407711	1.2
123.41579222679138	1.168084797407711	1.2
123.42827582359314	1.1672023385145418	1.2
123.44026184082031	1.1672023385145418	1.2
123.45655560493469	1.1672023385145418	1.2
123.47262787818909	1.1665399484046517	1.2
123.48389387130737	1.1665399484046517	1.2
123.49641442298889	1.1665399484046517	1.2
123.51224136352539	1.1657195499282718	1.2
123.52397680282593	1.1657195499282718	1.2
123.53616046905518	1.1657195499282718	1.2
123.54928493499756	1.1657195499282718	1.2
123.57513761520386	1.1661657615847134	1.2
123.5923912525177	1.1661657615847134	1.2
123.608154296875	1.1666114375544887	1.2
123.62298083305359	1.1666114375544887	1.2
123.6410984992981	1.1666114375544887	1.2
123.65653848648071	1.1669048069753605	1.2
123.67148327827454	1.1669048069753605	1.2
123.68766045570374	1.1669048069753605	1.2
123.7041974067688	1.1677284276471416	1.2
123.7198555469513	1.1677284276471416	1.2
123.73658037185669	1.1677284276471416	1.2
123.75226974487305	1.1686978276506879	1.2
123.7683174610138	1.1686978276506879	1.2
123.78432083129883	1.1686978276506879	1.2
123.80468606948853	1.1706644869793965	1.2
123.82328605651855	1.1706644869793965	1.2
123.84175419807434	1.1728476868599675	1.2
123.85570192337036	1.1728476868599675	1.2
123.87316560745239	1.1728476868599675	1.2
123.89093089103699	1.1728476868599675	1.2
123.90710473060608	1.1744547063502224	1.2
123.92411184310913	1.1744547063502224	1.2
123.93906784057617	1.176064166006588	1.2
123.95302104949951	1.176064166006588	1.2
123.96829271316528	1.176064166006588	1.2
123.985098361969	1.176064166006588	1.2
123.99911069869995	1.1797123633516045	1.2
124.01131224632263	1.1797123633516045	1.2
124.0286979675293	1.1797123633516045	1.2
124.04377627372742	1.183384238351604	1.2
124.05795192718506	1.183384238351604	1.2
124.0745861530304	1.183384238351604	1.2
124.08878302574158	1.1884754000985922	1.2
124.10256433486938	1.1884754000985922	1.2
124.11642408370972	1.1884754000985922	1.2
124.13441586494446	1.194665178915579	1.2
124.14983820915222	1.194665178915579	1.2
124.16369724273682	1.194665178915579	1.2
124.18310809135437	1.194665178915579	1.2
124.20005321502686	1.2008183986199168	1.2
124.21495366096497	1.2008183986199168	1.2
124.23575758934021	1.2072527637690864	1.2
124.24758863449097	1.2072527637690864	1.2
124.26153635978699	1.2072527637690864	1.2
124.27964878082275	1.2072527637690864	1.2
124.29404973983765	1.2135217684919013	1.2
124.308664560318	1.2135217684919013	1.2
124.32797455787659	1.2135217684919013	1.2
124.34111070632935	1.2201107739315376	1.2
124.35385155677795	1.2201107739315376	1.2
124.36802291870117	1.2201107739315376	1.2
124.38315749168396	1.2281069822701836	1.2
124.39658999443054	1.2281069822701836	1.2
124.4088044166565	1.2281069822701836	1.2
124.42306113243103	1.235226915720711	1.2
124.43457770347595	1.235226915720711	1.2
124.4458909034729	1.235226915720711	1.2
124.46011567115784	1.235226915720711	1.2
124.47464156150818	1.2388418220954651	1.2
124.48824501037598	1.2388418220954651	1.2
124.5021026134491	1.2388418220954651	1.2
124.51807951927185	1.2432473670954651	1.2
124.53056383132935	1.2432473670954651	1.2
124.54223537445068	1.2432473670954651	1.2
124.55510568618774	1.2432473670954651	1.2
124.56852841377258	1.2471225170954652	1.2
124.5799126625061	1.2471225170954652	1.2
124.5942234992981	1.2471225170954652	1.2
124.6084132194519	1.2497541901389435	1.2
124.61992955207825	1.2497541901389435	1.2
124.63390040397644	1.2497541901389435	1.2
124.65034031867981	1.2497541901389435	1.2
124.66559028625488	1.2512824775100777	1.2
124.68028783798218	1.2512824775100777	1.2
124.69590902328491	1.2512824775100777	1.2
124.70936679840088	1.2508533298906193	1.2
124.72286319732666	1.2508533298906193	1.2
124.7385802268982	1.2508533298906193	1.2
124.75402164459229	1.2494964254000025	1.2
124.76589465141296	1.2494964254000025	1.2
124.77897191047668	1.2494964254000025	1.2
124.7954592704773	1.245447093091169	1.2
124.80854392051697	1.245447093091169	1.2
124.82141041755676	1.245447093091169	1.2
124.83777594566345	1.245447093091169	1.2
124.85014390945435	1.2396628256633733	1.2
124.86332607269287	1.2396628256633733	1.2
124.87805795669556	1.2396628256633733	1.2
124.89212608337402	1.2335311459968856	1.2
124.90385603904724	1.2335311459968856	1.2
124.91749501228333	1.2335311459968856	1.2
124.93142366409302	1.2335311459968856	1.2
124.94334387779236	1.2286003396876408	1.2
124.9562349319458	1.2286003396876408	1.2
124.97226047515869	1.2286003396876408	1.2
124.9890513420105	1.2225970501224235	1.2
125.00793504714966	1.2225970501224235	1.2
125.02746939659119	1.2225970501224235	1.2
125.04582118988037	1.2160387141849234	1.2
125.06812810897827	1.2160387141849234	1.2
125.08557510375977	1.2160387141849234	1.2
125.10325026512146	1.208924525613495	1.2
125.12136960029602	1.208924525613495	1.2
125.1392560005188	1.208924525613495	1.2
125.15592694282532	1.2015534440917555	1.2
125.17425513267517	1.2015534440917555	1.2
125.19190812110901	1.2015534440917555	1.2
125.20920276641846	1.1943689848279013	1.2
125.22470784187317	1.1943689848279013	1.2
125.24265122413635	1.1943689848279013	1.2
125.2601842880249	1.1873732026850439	1.2
125.27697420120239	1.1873732026850439	1.2
125.29551768302917	1.1873732026850439	1.2
125.30907607078552	1.1826386100195463	1.2
125.32580351829529	1.1826386100195463	1.2
125.34571313858032	1.1826386100195463	1.2
125.36525440216064	1.178513232414955	1.2
125.3853702545166	1.178513232414955	1.2
125.4040174484253	1.17440377246175	1.2
125.42171263694763	1.17440377246175	1.2
125.44139003753662	1.17440377246175	1.2
125.45789051055908	1.1703467365177622	1.2
125.47603583335876	1.1703467365177622	1.2
125.49541711807251	1.1703467365177622	1.2
125.51306915283203	1.1665708364200584	1.2
125.53192710876465	1.1665708364200584	1.2
125.551513671875	1.1665708364200584	1.2
125.57105374336243	1.1626978428121038	1.2
125.59124803543091	1.1626978428121038	1.2
125.60891342163086	1.1587061204959583	1.2
125.62606883049011	1.1587061204959583	1.2
125.64315748214722	1.1587061204959583	1.2
125.66432881355286	1.155854348507669	1.2
125.6817512512207	1.155854348507669	1.2
125.70193529129028	1.155854348507669	1.2
125.71981120109558	1.1541147677634362	1.2
125.73623895645142	1.1541147677634362	1.2
125.75287747383118	1.1541147677634362	1.2
125.77486276626587	1.1530813564131426	1.2
125.78851270675659	1.1530813564131426	1.2
125.80716228485107	1.1530813564131426	1.2
125.82447934150696	1.15195089029172	1.2
125.84042453765869	1.15195089029172	1.2
125.85752177238464	1.15195089029172	1.2
125.87491106987	1.1511374985483283	1.2
125.89138150215149	1.1511374985483283	1.2
125.90848636627197	1.1511374985483283	1.2
125.92319846153259	1.1508621559545822	1.2
125.94150590896606	1.1508621559545822	1.2
125.9593198299408	1.1508621559545822	1.2
125.97765898704529	1.1518702935519685	1.2
125.99276065826416	1.1518702935519685	1.2
126.00946879386902	1.1527683911080646	1.2
126.02589750289917	1.1527683911080646	1.2
126.0458357334137	1.1527683911080646	1.2
126.06186771392822	1.1540624170820908	1.2
126.07510924339294	1.1540624170820908	1.2
126.0914466381073	1.1540624170820908	1.2
126.10765862464905	1.1558862423117702	1.2
126.123286485672	1.1558862423117702	1.2
126.1452910900116	1.1558862423117702	1.2
126.15993881225586	1.1565594561159163	1.2
126.17561984062195	1.1565594561159163	1.2
126.192453622818	1.1565594561159163	1.2
126.20894885063171	1.1574204097862424	1.2
126.224684715271	1.1574204097862424	1.2
126.23978471755981	1.1592370578248476	1.2
126.25562977790833	1.1592370578248476	1.2
126.2715265750885	1.1592370578248476	1.2
126.28870630264282	1.1610530042935474	1.2
126.3048768043518	1.1610530042935474	1.2
126.32028579711914	1.1610530042935474	1.2
126.33714556694031	1.1629811657837668	1.2
126.35166430473328	1.1629811657837668	1.2
126.374920129776	1.1629811657837668	1.2
126.39048218727112	1.165335095549653	1.2
126.40352582931519	1.165335095549653	1.2
126.42345523834229	1.165335095549653	1.2
126.43888449668884	1.1662613990353041	1.2
126.4563319683075	1.1662613990353041	1.2
126.47235012054443	1.1662613990353041	1.2
126.48613715171814	1.1663582352046291	1.2
126.50231647491455	1.1663582352046291	1.2
126.51760816574097	1.1663582352046291	1.2
126.53370451927185	1.1662071637760576	1.2
126.54741024971008	1.1662071637760576	1.2
126.56359910964966	1.1662071637760576	1.2
126.58023691177368	1.1659914894339525	1.2
126.5970151424408	1.1659914894339525	1.2
126.6134512424469	1.1659914894339525	1.2
126.62805318832397	1.166818215279731	1.2
126.64453911781311	1.166818215279731	1.2
126.66118288040161	1.166818215279731	1.2
126.67805600166321	1.1670832814562018	1.2
126.69474244117737	1.1670832814562018	1.2
126.71177649497986	1.1670832814562018	1.2
126.72940731048584	1.1661838279852457	1.2
126.74540710449219	1.1661838279852457	1.2
126.76237416267395	1.1661838279852457	1.2
126.78164148330688	1.1651086535013484	1.2
126.79828333854675	1.1651086535013484	1.2
126.81618213653564	1.1642222868514236	1.2
126.83096122741699	1.1642222868514236	1.2
126.84497547149658	1.1642222868514236	1.2
126.86250853538513	1.1631942029353397	1.2
126.87641596794128	1.1631942029353397	1.2
126.8935284614563	1.1631942029353397	1.2
126.91035008430481	1.1626492351984807	1.2
126.92358684539795	1.1626492351984807	1.2
126.93986916542053	1.1626492351984807	1.2
126.95689105987549	1.1626492351984807	1.2
126.9722216129303	1.1632068348015756	1.2
126.9883942604065	1.1632068348015756	1.2
127.00577902793884	1.163667389463955	1.2
127.02058005332947	1.163667389463955	1.2
127.03730368614197	1.163667389463955	1.2
127.05404424667358	1.16478949557328	1.2
127.0686297416687	1.16478949557328	1.2
127.08447265625	1.16478949557328	1.2
127.10163402557373	1.1656982020980542	1.2
127.11790704727173	1.1656982020980542	1.2
127.13924646377563	1.1656982020980542	1.2
127.15611433982849	1.1668430948034367	1.2
127.17286038398743	1.1668430948034367	1.2
127.19160747528076	1.1668430948034367	1.2
127.20751190185547	1.1687109218539382	1.2
127.22490572929382	1.1687109218539382	1.2
127.24389839172363	1.1687109218539382	1.2
127.26394367218018	1.1704601723556	1.2
127.28231143951416	1.1704601723556	1.2
127.30278897285461	1.1709667738121547	1.2
127.31979465484619	1.1709667738121547	1.2
127.33798408508301	1.1709667738121547	1.2
127.3548595905304	1.1709667738121547	1.2
127.37451171875	1.171521252792712	1.2
127.39369583129883	1.171521252792712	1.2
127.41130208969116	1.171934424966343	1.2
127.42826461791992	1.171934424966343	1.2
127.44669938087463	1.171934424966343	1.2
127.46567058563232	1.171695164190922	1.2
127.48397374153137	1.171695164190922	1.2
127.50225734710693	1.1722071935621559	1.2
127.52143502235413	1.1722071935621559	1.2
127.5389347076416	1.1722071935621559	1.2
127.55597615242004	1.1721014624528308	1.2
127.574960231781	1.1721014624528308	1.2
127.59326696395874	1.1721014624528308	1.2
127.61088061332703	1.1727538662167316	1.2
127.62978935241699	1.1727538662167316	1.2
127.64748430252075	1.1727538662167316	1.2
127.6641411781311	1.1734713485113493	1.2
127.68232035636902	1.1734713485113493	1.2
127.69917702674866	1.1744678953863494	1.2
127.717036485672	1.1744678953863494	1.2
127.73438024520874	1.1744678953863494	1.2
127.75194597244263	1.1756248050828704	1.2
127.7662947177887	1.1756248050828704	1.2
127.78370904922485	1.1756248050828704	1.2
127.80138063430786	1.1756248050828704	1.2
127.81943082809448	1.177685918502349	1.2
127.837153673172	1.177685918502349	1.2
127.85364365577698	1.1795674750613232	1.2
127.86951971054077	1.1795674750613232	1.2
127.88629651069641	1.1795674750613232	1.2
127.90324544906616	1.1814582727289618	1.2
127.91889476776123	1.1814582727289618	1.2
127.93605470657349	1.1814582727289618	1.2
127.95284461975098	1.1837461828822666	1.2
127.96936416625977	1.1837461828822666	1.2
127.9997935295105	1.1854423263935634	1.2
128.01604866981506	1.1854423263935634	1.2
128.0324809551239	1.1854423263935634	1.2
128.05012011528015	1.187579224120836	1.2
128.0674810409546	1.187579224120836	1.2
128.08393788337708	1.187579224120836	1.2
128.10054278373718	1.1892996313508013	1.2
128.11861896514893	1.1892996313508013	1.2
128.1386170387268	1.1892996313508013	1.2
128.15630912780762	1.1914984784381801	1.2
128.17067527770996	1.1914984784381801	1.2
128.18778038024902	1.1914984784381801	1.2
128.20429849624634	1.1936493960518164	1.2
128.21678233146667	1.1936493960518164	1.2
128.23645186424255	1.1936493960518164	1.2
128.25242257118225	1.1957955955859778	1.2
128.26972484588623	1.1957955955859778	1.2
128.28673887252808	1.1975839144262284	1.2
128.29949927330017	1.1975839144262284	1.2
128.3138382434845	1.1975839144262284	1.2
128.32979488372803	1.1975839144262284	1.2
128.3461515903473	1.2006243436960813	1.2
128.36223196983337	1.2006243436960813	1.2
128.37794470787048	1.2031095373649123	1.2
128.39234805107117	1.2031095373649123	1.2
128.408855676651	1.2031095373649123	1.2
128.42642521858215	1.2062525322968942	1.2
128.44191884994507	1.2062525322968942	1.2
128.45729684829712	1.2062525322968942	1.2
128.4748740196228	1.209986144751984	1.2
128.48900198936462	1.209986144751984	1.2
128.50414156913757	1.209986144751984	1.2
128.51940083503723	1.2121866630694875	1.2
128.53256154060364	1.2121866630694875	1.2
128.56064462661743	1.2121866630694875	1.2
128.5780873298645	1.2148005748219097	1.2
128.5946991443634	1.2148005748219097	1.2
128.61171078681946	1.2148005748219097	1.2
128.6259036064148	1.2165952213242746	1.2
128.64303994178772	1.2165952213242746	1.2
128.65976858139038	1.2165952213242746	1.2
128.68103909492493	1.2176433689280297	1.2
128.70146203041077	1.2176433689280297	1.2
128.7200927734375	1.2192673867851727	1.2
128.7374107837677	1.2192673867851727	1.2
128.75346302986145	1.2192673867851727	1.2
128.77025151252747	1.2214347893475634	1.2
128.78765487670898	1.2214347893475634	1.2
128.80462789535522	1.2214347893475634	1.2
128.82128262519836	1.22212304783529	1.2
128.8377423286438	1.22212304783529	1.2
128.85487246513367	1.22212304783529	1.2
128.87170672416687	1.2231821815725876	1.2
128.88873958587646	1.2231821815725876	1.2
128.9054741859436	1.2236494941409344	1.2
128.92354154586792	1.2236494941409344	1.2
128.9422731399536	1.2236494941409344	1.2
128.9626111984253	1.2230492231064516	1.2
128.9792561531067	1.2230492231064516	1.2
128.99679112434387	1.2243607192679415	1.2
129.01359581947327	1.2243607192679415	1.2
129.03054308891296	1.2243607192679415	1.2
129.0481927394867	1.224887569116723	1.2
129.06271171569824	1.224887569116723	1.2
129.09713912010193	1.224887569116723	1.2
129.11604189872742	1.224887569116723	1.2
129.1338245868683	1.2259659553971092	1.2
129.15103578567505	1.2259659553971092	1.2
129.18001222610474	1.2271180055643334	1.2
129.1989347934723	1.2271180055643334	1.2
129.2162480354309	1.227611453115329	1.2
129.23401975631714	1.227611453115329	1.2
129.25191473960876	1.227611453115329	1.2
129.26969242095947	1.227611453115329	1.2
129.28899884223938	1.2277759913987896	1.2
129.30379176139832	1.2277759913987896	1.2
129.3198745250702	1.2277759913987896	1.2
129.3436598777771	1.2275700642300784	1.2
129.36180090904236	1.2275700642300784	1.2
129.38087391853333	1.2275203293875507	1.2
129.3984842300415	1.2275203293875507	1.2
129.414897441864	1.2275203293875507	1.2
129.43238711357117	1.2260313336958149	1.2
129.44903206825256	1.2260313336958149	1.2
129.46603441238403	1.2260313336958149	1.2
129.48084211349487	1.224754447657127	1.2
129.49839305877686	1.224754447657127	1.2
129.51459789276123	1.2226828865655104	1.2
129.529048204422	1.2226828865655104	1.2
129.543869972229	1.2226828865655104	1.2
129.56042861938477	1.2198701802040754	1.2
129.5752410888672	1.2198701802040754	1.2
129.58987069129944	1.2198701802040754	1.2
129.6061294078827	1.2167410446682232	1.2
129.61842727661133	1.2167410446682232	1.2
129.63089084625244	1.2167410446682232	1.2
129.6469190120697	1.2167410446682232	1.2
129.66607356071472	1.2130166399577649	1.2
129.68422436714172	1.2130166399577649	1.2
129.70051622390747	1.2093003967650637	1.2
129.7150149345398	1.2093003967650637	1.2
129.73291969299316	1.2093003967650637	1.2
129.74846863746643	1.2054614000584065	1.2
129.76266741752625	1.2054614000584065	1.2
129.77845931053162	1.2054614000584065	1.2
129.79529643058777	1.202642557205781	1.2
129.81076574325562	1.202642557205781	1.2
129.8270125389099	1.202642557205781	1.2
129.84388327598572	1.1992451229821641	1.2
129.86161470413208	1.1992451229821641	1.2
129.87922310829163	1.1992451229821641	1.2
129.89630675315857	1.197405553592278	1.2
129.91047835350037	1.197405553592278	1.2
129.92832493782043	1.197405553592278	1.2
129.9453146457672	1.195324790308306	1.2
129.9607276916504	1.195324790308306	1.2
129.97744703292847	1.195324790308306	1.2
129.99233031272888	1.1937304062989194	1.2
130.00626015663147	1.1937304062989194	1.2
130.022869348526	1.1937304062989194	1.2
130.0384075641632	1.1930251984875706	1.2
130.0552580356598	1.1930251984875706	1.2
130.0725073814392	1.192674747010436	1.2
130.08657050132751	1.192674747010436	1.2
130.10628700256348	1.192674747010436	1.2
130.12222528457642	1.1926794210625036	1.2
130.13836288452148	1.1926794210625036	1.2
130.15497136116028	1.1926794210625036	1.2
130.17190289497375	1.193306487553323	1.2
130.1856722831726	1.193306487553323	1.2
130.2022421360016	1.193306487553323	1.2
130.21823573112488	1.1941411796213797	1.2
130.22959232330322	1.1941411796213797	1.2
130.2447988986969	1.1941411796213797	1.2
130.2605106830597	1.1953052718001504	1.2
130.2735366821289	1.1953052718001504	1.2
130.28985142707825	1.1953052718001504	1.2
130.30420756340027	1.2023291245475864	1.2
130.31706714630127	1.2023291245475864	1.2
130.3350694179535	1.2023291245475864	1.2
130.3516345024109	nan	1.2
130.36676144599915	nan	1.2
130.38274025917053	nan	1.2
130.39830684661865	nan	1.2
130.4137623310089	nan	1.2
130.43013620376587	nan	1.2
130.44430923461914	nan	1.2
130.46130442619324	nan	1.2
130.4779405593872	nan	1.2
130.49345469474792	nan	1.2
130.50929641723633	nan	1.2
130.52351331710815	nan	1.2
130.5371413230896	nan	1.2
130.55269837379456	nan	1.2
130.56923532485962	nan	1.2
130.5847396850586	nan	1.2
130.59986972808838	nan	1.2
130.6146593093872	nan	1.2
130.62984442710876	nan	1.2
130.64542412757874	nan	1.2
130.66255855560303	nan	1.2
130.6776945590973	nan	1.2
130.69596648216248	nan	1.2
130.712304353714	nan	1.2
130.72982501983643	nan	1.2
130.74646019935608	nan	1.2
130.76232600212097	nan	1.2
130.7783477306366	nan	1.2
130.79744935035706	nan	1.2
130.81550669670105	nan	1.2
130.83358788490295	nan	1.2
130.8512318134308	nan	1.2
130.8682839870453	nan	1.2
130.88504791259766	nan	1.2
130.90230107307434	nan	1.2
130.916930437088	nan	1.2
130.93373847007751	nan	1.2
130.94961500167847	nan	1.2
130.9661259651184	nan	1.2
130.98294520378113	nan	1.2
130.996764421463	nan	1.2
131.01283049583435	nan	1.2
131.03104758262634	nan	1.2
131.0460228919983	nan	1.2
131.06246542930603	nan	1.2
131.0792965888977	nan	1.2
131.0957498550415	nan	1.2
131.12208771705627	nan	1.2
131.14099836349487	nan	1.2
131.1566345691681	nan	1.2
131.1746265888214	nan	1.2
131.19370198249817	nan	1.2
131.21068906784058	nan	1.2
131.23002648353577	nan	1.2
131.24884366989136	nan	1.2
131.2804925441742	nan	1.2
131.29546785354614	nan	1.2
131.32326102256775	nan	1.2
131.33933424949646	nan	1.2
131.3556842803955	nan	1.2
131.3739960193634	nan	1.2
131.39472579956055	nan	1.2
131.42711186408997	nan	1.2
131.44489979743958	nan	1.2
131.45955181121826	nan	1.2
131.48627924919128	nan	1.2
131.5006856918335	nan	1.2
131.51586365699768	nan	1.2
131.530992269516	nan	1.2
131.54454159736633	nan	1.2
131.55844449996948	nan	1.2
131.57797265052795	nan	1.2
131.6012318134308	nan	1.2
131.61411881446838	nan	1.2
131.63532876968384	nan	1.2
131.65302634239197	nan	1.2
131.66729474067688	nan	1.2
131.68652653694153	nan	1.2
131.70223450660706	nan	1.2
131.71840572357178	nan	1.2
131.74000573158264	nan	1.2
131.75515937805176	nan	1.2
131.77109837532043	nan	1.2
131.78837752342224	nan	1.2
131.80321836471558	nan	1.2
131.8256220817566	nan	1.2
131.84149265289307	nan	1.2
131.85497117042542	nan	1.2
131.88297724723816	nan	1.2
131.91376376152039	nan	1.2
131.9296796321869	nan	1.2
131.94564580917358	nan	1.2
131.96124005317688	nan	1.2
131.97511172294617	nan	1.2
132.00317072868347	nan	1.2
132.0242884159088	nan	1.2
132.04207181930542	nan	1.2
132.0583357810974	nan	1.2
132.077712059021	nan	1.2
132.09791922569275	nan	1.2
132.11510062217712	nan	1.2
132.13358545303345	nan	1.2
132.1525137424469	nan	1.2
132.16809797286987	nan	1.2
132.1876847743988	nan	1.2
132.20433735847473	nan	1.2
132.21848583221436	nan	1.2
132.23757433891296	nan	1.2
132.25217843055725	nan	1.2
132.26741552352905	nan	1.2
132.28359389305115	nan	1.2
132.29760456085205	nan	1.2
132.31265807151794	nan	1.2
132.32950162887573	nan	1.2
132.34575629234314	nan	1.2
132.35903358459473	nan	1.2
132.37690925598145	nan	1.2
132.3936140537262	nan	1.2
132.41007924079895	nan	1.2
132.42757153511047	nan	1.2
132.4408462047577	nan	1.2
132.45430827140808	nan	1.2
132.47125244140625	nan	1.2
132.48423027992249	nan	1.2
132.496568441391	nan	1.2
132.51385378837585	nan	1.2
132.5275890827179	nan	1.2
132.53969144821167	nan	1.2
132.5591230392456	nan	1.2
132.57471895217896	nan	1.2
132.58785271644592	nan	1.2
132.60346055030823	nan	1.2
132.61785984039307	nan	1.2
132.6304132938385	nan	1.2
132.64467549324036	nan	1.2
132.66270470619202	nan	1.2
132.67720890045166	nan	1.2
132.69483184814453	nan	1.2
132.71209979057312	nan	1.2
132.72614693641663	nan	1.2
132.74213814735413	nan	1.2
132.76090240478516	nan	1.2
132.77442240715027	nan	1.2
132.79195284843445	nan	1.2
132.80820417404175	nan	1.2
132.82067465782166	nan	1.2
132.83594298362732	nan	1.2
132.85013628005981	nan	1.2
132.86328268051147	nan	1.2
132.87906861305237	nan	1.2
132.8940727710724	1.180876175599867	1.2
132.90705585479736	1.180876175599867	1.2
132.9227123260498	1.180876175599867	1.2
132.93843603134155	1.1805323024388954	1.2
132.95562386512756	1.1805323024388954	1.2
132.97396087646484	1.1805323024388954	1.2
132.98996376991272	1.1784264441493	1.2
133.00501799583435	1.1784264441493	1.2
133.0215709209442	1.1784264441493	1.2
133.03706049919128	1.1775063923318867	1.2
133.05024981498718	1.1775063923318867	1.2
133.0661449432373	1.1775063923318867	1.2
133.08136081695557	1.1767656205358603	1.2
133.0952227115631	1.1767656205358603	1.2
133.11071133613586	1.1767656205358603	1.2
133.1267054080963	1.1764574348215746	1.2
133.13966178894043	1.1764574348215746	1.2
133.15535473823547	1.1764574348215746	1.2
133.17162537574768	1.1767124308798076	1.2
133.18810892105103	1.1767124308798076	1.2
133.2065269947052	1.1767124308798076	1.2
133.22518038749695	1.1772769503534917	1.2
133.23874068260193	1.1772769503534917	1.2
133.25901865959167	1.1772769503534917	1.2
133.2758753299713	1.177007250580078	1.2
133.29017210006714	1.177007250580078	1.2
133.30429100990295	1.177007250580078	1.2
133.32184672355652	1.1788797053163265	1.2
133.3351867198944	1.1788797053163265	1.2
133.3608615398407	1.1788797053163265	1.2
133.37957096099854	1.1805253305934882	1.2
133.39219093322754	1.1805253305934882	1.2
133.42041540145874	1.1805253305934882	1.2
133.44615292549133	1.182574030217827	1.2
133.4630868434906	1.182574030217827	1.2
133.4975724220276	1.182574030217827	1.2
133.51604413986206	1.1857111551139985	1.2
133.54320168495178	1.1857111551139985	1.2
133.56321358680725	1.188302010991033	1.2
133.58132648468018	1.188302010991033	1.2
133.59904718399048	1.188302010991033	1.2
133.6166672706604	1.1912857093538491	1.2
133.63561820983887	1.1912857093538491	1.2
133.66457176208496	1.1912857093538491	1.2
133.68229603767395	1.194326365198005	1.2
133.70796465873718	1.194326365198005	1.2
133.73845982551575	1.1969721631856722	1.2
133.7570996284485	1.1969721631856722	1.2
133.78363609313965	1.1969721631856722	1.2
133.80123043060303	1.199026513214001	1.2
133.822007894516	1.199026513214001	1.2
133.83871626853943	1.2017526314005886	1.2
133.86906743049622	1.2017526314005886	1.2
133.88944745063782	1.202811564474899	1.2
133.90517807006836	1.202811564474899	1.2
133.92025446891785	1.202811564474899	1.2
133.9480516910553	1.2050353488674974	1.2
133.96376633644104	1.2050353488674974	1.2
133.98009300231934	1.2050353488674974	1.2
133.99583649635315	1.2073685723746117	1.2
134.0147476196289	1.2073685723746117	1.2
134.03138661384583	1.2073685723746117	1.2
134.0499768257141	1.2103643743077084	1.2
134.06521701812744	1.2103643743077084	1.2
134.08084750175476	1.2103643743077084	1.2
134.09988403320312	1.213300627131605	1.2
134.114910364151	1.213300627131605	1.2
134.1462757587433	1.213300627131605	1.2
134.1604266166687	1.2166201293583843	1.2
134.17840766906738	1.2166201293583843	1.2
134.1943473815918	1.2166201293583843	1.2
134.2079885005951	1.219641838379093	1.2
134.22373223304749	1.219641838379093	1.2
134.24244832992554	1.219641838379093	1.2
134.25729656219482	1.2216765194005783	1.2
134.27129673957825	1.2216765194005783	1.2
134.2875211238861	1.2216765194005783	1.2
134.3025233745575	1.2237832988709307	1.2
134.31525707244873	1.2237832988709307	1.2
134.34099340438843	1.2237832988709307	1.2
134.35633969306946	1.2255339679577568	1.2
134.37081718444824	1.2255339679577568	1.2
134.39914798736572	1.2273047768863283	1.2
134.41528153419495	1.2273047768863283	1.2
134.4298141002655	1.2273047768863283	1.2
134.445170879364	1.2276338207246247	1.2
134.457839012146	1.2276338207246247	1.2
134.47194361686707	1.2276338207246247	1.2
134.48913407325745	1.2276338207246247	1.2
134.50352334976196	1.226485853155091	1.2
134.51639604568481	1.226485853155091	1.2
134.5330674648285	1.226485853155091	1.2
134.54803442955017	1.224137712087194	1.2
134.56265473365784	1.224137712087194	1.2
134.57886743545532	1.224137712087194	1.2
134.59141087532043	1.2224446269008018	1.2
134.60256266593933	1.2224446269008018	1.2
134.61849069595337	1.2224446269008018	1.2
134.6345455646515	1.2198325067570321	1.2
134.64573550224304	1.2198325067570321	1.2
134.66143894195557	1.2198325067570321	1.2
134.67491602897644	1.2166552777617325	1.2
134.68954753875732	1.2166552777617325	1.2
134.7063283920288	1.2166552777617325	1.2
134.72314262390137	1.2137093849045897	1.2
134.7385323047638	1.2137093849045897	1.2
134.75413298606873	1.2137093849045897	1.2
134.769775390625	1.210893070312075	1.2
134.78674912452698	1.210893070312075	1.2
134.8036448955536	1.210893070312075	1.2
134.82286715507507	1.2085045623575295	1.2
134.83610701560974	1.2085045623575295	1.2
134.85004568099976	1.2085045623575295	1.2
134.86672186851501	1.2062882607832222	1.2
134.87943124771118	1.2062882607832222	1.2
134.89838695526123	1.2062882607832222	1.2
134.91337394714355	1.2044107905068728	1.2
134.92479538917542	1.2044107905068728	1.2
134.93778681755066	1.2044107905068728	1.2
134.95643305778503	1.2044107905068728	1.2
134.96917414665222	1.203325646256568	1.2
134.9813814163208	1.203325646256568	1.2
135.00059056282043	1.203325646256568	1.2
135.01450443267822	1.2010963219322437	1.2
135.02766060829163	1.2010963219322437	1.2
135.04283237457275	1.2010963219322437	1.2
135.05601596832275	1.198269693060562	1.2
135.06799793243408	1.198269693060562	1.2
135.08331823349	1.198269693060562	1.2
135.0986864566803	1.1965428478181135	1.2
135.11156821250916	1.1965428478181135	1.2
135.12346482276917	1.1965428478181135	1.2
135.13549137115479	1.1965428478181135	1.2
135.14820647239685	1.195088447242666	1.2
135.1628782749176	1.195088447242666	1.2
135.17789578437805	1.195088447242666	1.2
135.192857503891	1.1940309472426658	1.2
135.20422434806824	1.1940309472426658	1.2
135.2159607410431	1.1940309472426658	1.2
135.23079180717468	1.1940309472426658	1.2
135.24319887161255	1.193732102040642	1.2
135.25518488883972	1.193732102040642	1.2
135.27201342582703	1.193732102040642	1.2
135.28522038459778	1.1938410565860962	1.2
135.29628372192383	1.1938410565860962	1.2
135.31005692481995	1.1938410565860962	1.2
135.32511281967163	1.1927528861384602	1.2
135.33642482757568	1.1927528861384602	1.2
135.35078501701355	1.1927528861384602	1.2
135.36436867713928	1.1927528861384602	1.2
135.3765368461609	1.1919360351769217	1.2
135.3882942199707	1.1919360351769217	1.2
135.4019501209259	1.1919360351769217	1.2
135.41560792922974	1.1917203216071934	1.2
135.4285147190094	1.1917203216071934	1.2
135.4410502910614	1.1917203216071934	1.2
135.45449662208557	1.1927643204488922	1.2
135.46895623207092	1.1927643204488922	1.2
135.48113322257996	1.1927643204488922	1.2
135.49691033363342	1.1927643204488922	1.2
135.50963163375854	1.1947079137799914	1.2
135.79473090171814	1.1963653696020502	1.2
135.81000876426697	1.1963653696020502	1.2
135.82445192337036	1.1963653696020502	1.2
135.84248733520508	1.1965779874507754	1.2
135.85748720169067	1.1965779874507754	1.2
135.87580561637878	1.1965779874507754	1.2
135.89173674583435	1.197507471973882	1.2
135.90455269813538	1.197507471973882	1.2
135.91971850395203	1.197507471973882	1.2
135.93977046012878	1.1986375276490289	1.2
135.95683431625366	1.1986375276490289	1.2
135.97338604927063	1.1986375276490289	1.2
135.98769807815552	1.1982750238449569	1.2
136.00560021400452	1.1982750238449569	1.2
136.0259654521942	1.1982750238449569	1.2
136.0526294708252	1.1982750238449569	1.2
136.07118463516235	1.1982750238449569	1.2
136.0928454399109	1.1985396910366013	1.2
136.1098997592926	1.1985396910366013	1.2
136.15101623535156	1.1991020060545856	1.2
136.1837122440338	1.1991020060545856	1.2
136.2019863128662	1.1991020060545856	1.2
136.21604657173157	1.1995509556444695	1.2
136.2299084663391	1.1995509556444695	1.2
136.24623012542725	1.1995509556444695	1.2
136.2603418827057	1.2007239297824004	1.2
136.27409863471985	1.2007239297824004	1.2
136.28680753707886	1.2007239297824004	1.2
136.2996482849121	1.2014821613712865	1.2
136.3107602596283	1.2014821613712865	1.2
136.32327151298523	1.2014821613712865	1.2
136.33736395835876	1.2014821613712865	1.2
136.35117506980896	1.2033593890618126	1.2
136.36330842971802	1.2033593890618126	1.2
136.3754804134369	1.2033593890618126	1.2
136.38889288902283	1.204629157500713	1.2
136.40123581886292	1.204629157500713	1.2
136.41385698318481	1.204629157500713	1.2
136.43159770965576	1.204629157500713	1.2
136.44437503814697	1.204735332199508	1.2
136.45577573776245	1.204735332199508	1.2
136.46798992156982	1.204735332199508	1.2
136.4838526248932	1.203626175460096	1.2
136.49575924873352	1.203626175460096	1.2
136.50648546218872	1.203626175460096	1.2
136.52083158493042	1.203626175460096	1.2
136.53522849082947	1.2033238830699404	1.2
136.54718446731567	1.2033238830699404	1.2
136.56228733062744	1.2033238830699404	1.2
136.57563996315002	1.2028190691504568	1.2
136.58652210235596	1.2028190691504568	1.2
136.59795022010803	1.2028190691504568	1.2
136.61301064491272	1.2028190691504568	1.2
136.62673711776733	1.2032709026562167	1.2
136.63837242126465	1.2032709026562167	1.2
136.6516489982605	1.2032709026562167	1.2
136.66377568244934	1.2032709026562167	1.2
136.6765170097351	1.2031659520844005	1.2
136.6928243637085	1.2031659520844005	1.2
136.7089500427246	1.2031659520844005	1.2
136.7233235836029	1.2020263317395727	1.2
136.735347032547	1.2020263317395727	1.2
136.749436378479	1.2020263317395727	1.2
136.76514554023743	1.2018428783596193	1.2
136.77797985076904	1.2018428783596193	1.2
136.7924325466156	1.2018428783596193	1.2
136.8090624809265	1.2001046929518342	1.2
136.82210612297058	1.2001046929518342	1.2
136.83452153205872	1.2001046929518342	1.2
136.85535955429077	1.2001046929518342	1.2
136.86959385871887	1.1985608451257472	1.2
136.88283395767212	1.1985608451257472	1.2
136.8971357345581	1.1985608451257472	1.2
136.90932893753052	1.197001471958592	1.2
136.9213318824768	1.197001471958592	1.2
136.9355125427246	1.197001471958592	1.2
136.9515345096588	1.1963294642119073	1.2
136.96564245224	1.1963294642119073	1.2
136.97732019424438	1.1963294642119073	1.2
136.98993921279907	1.1963294642119073	1.2
137.00434279441833	1.1958465937368856	1.2
137.01890683174133	1.1958465937368856	1.2
137.03557658195496	1.1958465937368856	1.2
137.0505712032318	1.1956429324795974	1.2
137.06274604797363	1.1956429324795974	1.2
137.076069355011	1.1956429324795974	1.2
137.09189081192017	1.194806808522909	1.2
137.10567569732666	1.194806808522909	1.2
137.1201946735382	1.194806808522909	1.2
137.13526129722595	1.194876430688325	1.2
137.14756751060486	1.194876430688325	1.2
137.16022944450378	1.194876430688325	1.2
137.17644929885864	1.194876430688325	1.2
137.189302444458	1.1954921918717571	1.2
137.20136213302612	1.1954921918717571	1.2
137.2155888080597	1.1954921918717571	1.2
137.22793245315552	1.1956836058228395	1.2
137.23952102661133	1.1956836058228395	1.2
137.25212049484253	1.1956836058228395	1.2
137.26864886283875	1.1956836058228395	1.2
137.27996587753296	1.1962935806781112	1.2
137.29245567321777	1.1962935806781112	1.2
137.30824279785156	1.1962935806781112	1.2
137.32069563865662	1.1970745938745921	1.2
137.33208203315735	1.1970745938745921	1.2
137.34411358833313	1.1970745938745921	1.2
137.35736322402954	1.1993453595287942	1.2
137.37001180648804	1.1993453595287942	1.2
137.3830544948578	1.1993453595287942	1.2
137.39907789230347	1.1993453595287942	1.2
137.412278175354	1.2028523087338323	1.2
137.42368054389954	1.2028523087338323	1.2
137.43528366088867	1.2028523087338323	1.2
137.44873714447021	1.2059393898844826	1.2
137.46129703521729	1.2059393898844826	1.2
137.4736487865448	1.2059393898844826	1.2
137.4877791404724	1.2059393898844826	1.2
137.5015139579773	1.208576353421286	1.2
137.51307153701782	1.208576353421286	1.2
137.5261287689209	1.208576353421286	1.2
137.54067254066467	1.2110081514982092	1.2
137.55378556251526	1.2110081514982092	1.2
137.56713128089905	1.2110081514982092	1.2
137.58173775672913	1.2110081514982092	1.2
137.59345245361328	1.2133607592173647	1.2
137.6048150062561	1.2133607592173647	1.2
137.62017250061035	1.2133607592173647	1.2
137.63414406776428	1.2157990580339326	1.2
137.647070646286	1.2157990580339326	1.2
137.6589014530182	1.2157990580339326	1.2
137.6710171699524	1.2157990580339326	1.2
137.6841607093811	1.2191695927221453	1.2
137.6978394985199	1.2191695927221453	1.2
137.71149802207947	1.2191695927221453	1.2
137.72774267196655	1.2231432029262268	1.2
137.74011301994324	1.2231432029262268	1.2
137.7526433467865	1.2231432029262268	1.2
137.76665544509888	1.2231432029262268	1.2
137.78061938285828	1.227608947126196	1.2
137.79451370239258	1.227608947126196	1.2
137.81101417541504	1.227608947126196	1.2
137.82643747329712	1.230828100755654	1.2
137.83806896209717	1.230828100755654	1.2
137.8548936843872	1.230828100755654	1.2
137.8689935207367	1.2335847618220857	1.2
137.8816249370575	1.2335847618220857	1.2
137.89494109153748	1.2335847618220857	1.2
137.9104127883911	1.2335847618220857	1.2
137.92355823516846	1.2362880351591032	1.2
137.93602848052979	1.2362880351591032	1.2
137.95020079612732	1.2362880351591032	1.2
137.96644973754883	1.238741476567397	1.2
137.97965383529663	1.238741476567397	1.2
137.99130630493164	1.238741476567397	1.2
138.00552916526794	1.2415658110789654	1.2
138.01840257644653	1.2415658110789654	1.2
138.03292036056519	1.2415658110789654	1.2
138.04733443260193	1.2415658110789654	1.2
138.05970549583435	1.2447240082896867	1.2
138.07334351539612	1.2447240082896867	1.2
138.0888216495514	1.2447240082896867	1.2
138.1036250591278	1.248010932373456	1.2
138.11668753623962	1.248010932373456	1.2
138.13018679618835	1.248010932373456	1.2
138.14661240577698	1.249962689084687	1.2
138.15873527526855	1.249962689084687	1.2
138.17582821846008	1.249962689084687	1.2
138.19075846672058	1.2519536288973336	1.2
138.2027711868286	1.2519536288973336	1.2
138.21711373329163	1.2519536288973336	1.2
138.23292756080627	1.2523191726536216	1.2
138.2453076839447	1.2523191726536216	1.2
138.25767946243286	1.2523191726536216	1.2
138.27388906478882	1.2523191726536216	1.2
138.28795671463013	1.2533935357549937	1.2
138.29982018470764	1.2533935357549937	1.2
138.3164939880371	1.2533935357549937	1.2
138.33004117012024	1.2550027521516163	1.2
138.34249186515808	1.2550027521516163	1.2
138.35471630096436	1.2550027521516163	1.2
138.36784768104553	1.2569508343616975	1.2
138.37980103492737	1.2569508343616975	1.2
138.39280939102173	1.2569508343616975	1.2
138.4065592288971	1.2569508343616975	1.2
138.42146730422974	1.2595732539458455	1.2
138.43353295326233	1.2595732539458455	1.2
138.44527077674866	1.2595732539458455	1.2
138.45940446853638	1.2618234977870468	1.2
138.47152161598206	1.2618234977870468	1.2
138.48433375358582	1.2618234977870468	1.2
138.50588846206665	1.2645124737623612	1.2
138.51726055145264	1.2645124737623612	1.2
138.52889156341553	1.2645124737623612	1.2
138.54402685165405	1.2645124737623612	1.2
138.55721282958984	1.2671968147388326	1.2
138.56851744651794	1.2671968147388326	1.2
138.58110189437866	1.2671968147388326	1.2
138.5951750278473	1.2671968147388326	1.2
138.60642910003662	1.2705603330841506	1.2
138.61793780326843	1.2705603330841506	1.2
138.63298320770264	1.2705603330841506	1.2
138.64646458625793	1.272927858778536	1.2
138.65914869308472	1.272927858778536	1.2
138.6716182231903	1.272927858778536	1.2
138.68415999412537	1.272927858778536	1.2
138.6964259147644	1.2762741826257982	1.2
138.70918035507202	1.2762741826257982	1.2
138.72333145141602	1.2762741826257982	1.2
138.73981499671936	1.2788261783374986	1.2
138.75238680839539	1.2788261783374986	1.2
138.76472878456116	1.2788261783374986	1.2
138.7816047668457	1.2788261783374986	1.2
138.79627633094788	1.2805421272577644	1.2
138.8080780506134	1.2805421272577644	1.2
138.82277131080627	1.2805421272577644	1.2
138.83907890319824	1.281801328949186	1.2
138.85213994979858	1.281801328949186	1.2
138.86702942848206	1.281801328949186	1.2
138.88058614730835	1.2819212283700945	1.2
138.89197611808777	1.2819212283700945	1.2
138.9046356678009	1.2819212283700945	1.2
138.92049717903137	1.2819212283700945	1.2
138.93544054031372	1.281541333064818	1.2
138.94780850410461	1.281541333064818	1.2
138.96076154708862	1.281541333064818	1.2
138.97387099266052	1.2795139724741191	1.2
138.98576092720032	1.2795139724741191	1.2
139.00010561943054	1.2795139724741191	1.2
139.01541328430176	1.2774895192116313	1.2
139.02783036231995	1.2774895192116313	1.2
139.03988981246948	1.2774895192116313	1.2
139.05189061164856	1.2774895192116313	1.2
139.06665897369385	1.2751236099784777	1.2
139.0789773464203	1.2751236099784777	1.2
139.09394192695618	1.2751236099784777	1.2
139.1096065044403	1.272107746114935	1.2
139.12100887298584	1.272107746114935	1.2
139.13342761993408	1.272107746114935	1.2
139.1482584476471	1.272107746114935	1.2
139.1629626750946	1.2689032639720779	1.2
139.1769721508026	1.2689032639720779	1.2
139.1927523612976	1.2689032639720779	1.2
139.20474338531494	1.2659866216475426	1.2
139.21664094924927	1.2659866216475426	1.2
139.2323935031891	1.2659866216475426	1.2
139.24675703048706	1.2632428834415623	1.2
139.25898432731628	1.2632428834415623	1.2
139.27187252044678	1.2632428834415623	1.2
139.28522753715515	1.2632428834415623	1.2
139.29693150520325	1.260690255890542	1.2
139.30892658233643	1.260690255890542	1.2
139.32274222373962	1.260690255890542	1.2
139.33703565597534	1.2589505708961866	1.2
139.34917879104614	1.2589505708961866	1.2
139.3611297607422	1.2589505708961866	1.2
139.3731985092163	1.2589505708961866	1.2
139.38544631004333	1.257280877713558	1.2
139.39742493629456	1.257280877713558	1.2
139.40940070152283	1.257280877713558	1.2
139.42614459991455	1.256328218941812	1.2
139.43785905838013	1.256328218941812	1.2
139.4486153125763	1.256328218941812	1.2
139.46147227287292	1.256328218941812	1.2
139.47551608085632	1.2559927944680027	1.2
139.4874348640442	1.2559927944680027	1.2
139.49837136268616	1.2559927944680027	1.2
139.51329731941223	1.2559927944680027	1.2
139.52621817588806	1.255347450030592	1.2
139.53769373893738	1.255347450030592	1.2
139.55276322364807	1.255347450030592	1.2
139.5659465789795	1.2562320097111443	1.2
139.578528881073	1.2562320097111443	1.2
139.589923620224	1.2562320097111443	1.2
139.61156272888184	1.2562967314652616	1.2
139.6241273880005	1.2562967314652616	1.2
139.63570976257324	1.2562967314652616	1.2
139.6486620903015	1.2562967314652616	1.2
139.66100120544434	1.2565166961329468	1.2
139.67327618598938	1.2565166961329468	1.2
139.68723464012146	1.2565166961329468	1.2
139.70339488983154	1.2565166961329468	1.2
139.7238781452179	1.255452537649607	1.2
139.73750066757202	1.255452537649607	1.2
139.75136637687683	1.255452537649607	1.2
139.76866221427917	1.2532170747533535	1.2
139.7828722000122	1.2532170747533535	1.2
139.79912185668945	1.2532170747533535	1.2
139.8133533000946	1.2508912300747002	1.2
139.8262529373169	1.2508912300747002	1.2
139.84070777893066	1.2508912300747002	1.2
139.85664749145508	1.2488120164703393	1.2
139.86981058120728	1.2488120164703393	1.2
139.8832139968872	1.2488120164703393	1.2
139.8961682319641	1.2488120164703393	1.2
139.90988206863403	1.2466320596443867	1.2
139.92329716682434	1.2466320596443867	1.2
139.93981337547302	1.2466320596443867	1.2
139.95352959632874	1.243802130066922	1.2
139.96663904190063	1.243802130066922	1.2
139.97905468940735	1.243802130066922	1.2
139.99469661712646	1.2414786089401613	1.2
140.00673389434814	1.2414786089401613	1.2
140.01933360099792	1.2414786089401613	1.2
140.0356321334839	1.2414786089401613	1.2
140.04955196380615	1.237621703097847	1.2
140.06171560287476	1.237621703097847	1.2
140.0763864517212	1.237621703097847	1.2
140.09235429763794	1.2348469923327408	1.2
140.1060061454773	1.2348469923327408	1.2
140.12002730369568	1.2348469923327408	1.2
140.1334524154663	1.2319673370939117	1.2
140.14549922943115	1.2319673370939117	1.2
140.1598424911499	1.2319673370939117	1.2
140.17984986305237	1.2302333256138815	1.2
140.19265866279602	1.2302333256138815	1.2
140.20496201515198	1.2302333256138815	1.2
140.21673345565796	1.2302333256138815	1.2
140.2295491695404	1.22998204282048	1.2
140.24200987815857	1.22998204282048	1.2
140.25426506996155	1.22998204282048	1.2
140.26673483848572	1.22998204282048	1.2
140.27948117256165	1.2308086483047789	1.2
140.2927441596985	1.2308086483047789	1.2
140.30710411071777	1.2308086483047789	1.2
140.31983947753906	1.2309347690222965	1.2
140.3315987586975	1.2309347690222965	1.2
140.34367752075195	1.2309347690222965	1.2
140.35692596435547	1.2325535275808082	1.2
140.3688678741455	1.2325535275808082	1.2
140.38042306900024	1.2325535275808082	1.2
140.39520859718323	1.2325535275808082	1.2
140.40946793556213	1.233096326591086	1.2
140.42082691192627	1.233096326591086	1.2
140.4339165687561	1.233096326591086	1.2
140.44819569587708	1.2335671771986894	1.2
140.4602279663086	1.2335671771986894	1.2
140.47352361679077	1.2335671771986894	1.2
140.48898339271545	1.2335671771986894	1.2
140.5004518032074	1.2346231074312475	1.2
140.51208901405334	1.2346231074312475	1.2
140.52548718452454	1.2346231074312475	1.2
140.54118275642395	1.2354720384414906	1.2
140.55328392982483	1.2354720384414906	1.2
140.56524467468262	1.2354720384414906	1.2
140.5779173374176	1.2354720384414906	1.2
140.59003591537476	1.2353170192244938	1.2
140.6017394065857	1.2353170192244938	1.2
140.6150097846985	1.2353170192244938	1.2
140.63072443008423	1.2353170192244938	1.2
140.64342188835144	1.2349003891878638	1.2
140.65542459487915	1.2349003891878638	1.2
140.66825890541077	1.2349003891878638	1.2
140.68203616142273	1.2346977380116297	1.2
140.69388914108276	1.2346977380116297	1.2
140.70771551132202	1.2346977380116297	1.2
140.7231583595276	1.2346977380116297	1.2
140.73713994026184	1.2329862439032244	1.2
140.74992394447327	1.2329862439032244	1.2
140.76676034927368	1.2329862439032244	1.2
140.7819209098816	1.2322035425303897	1.2
140.7949824333191	1.2322035425303897	1.2
140.8123710155487	1.2322035425303897	1.2
140.82527494430542	1.2302852793095551	1.2
140.83823704719543	1.2302852793095551	1.2
140.85365295410156	1.2302852793095551	1.2
140.86881113052368	1.228829699023387	1.2
140.88245463371277	1.228829699023387	1.2
140.8953981399536	1.228829699023387	1.2
140.9092676639557	1.228829699023387	1.2
140.92447805404663	1.228164762674751	1.2
140.93763208389282	1.228164762674751	1.2
140.95390343666077	1.228164762674751	1.2
140.96763467788696	1.2274729924884156	1.2
140.97988200187683	1.2274729924884156	1.2
140.9938907623291	1.2274729924884156	1.2
141.00865006446838	1.2284753623147984	1.2
141.02267742156982	1.2284753623147984	1.2
141.03563237190247	1.2284753623147984	1.2
141.05094265937805	1.230433419310981	1.2
141.06435251235962	1.230433419310981	1.2
141.07775235176086	1.230433419310981	1.2
141.09400868415833	1.230433419310981	1.2
141.10615801811218	1.2326105161558538	1.2
141.11853122711182	1.2326105161558538	1.2
141.13626289367676	1.2326105161558538	1.2
141.15312218666077	1.2320055183367038	1.2
141.16619896888733	1.2320055183367038	1.2
141.183767080307	1.2320055183367038	1.2
141.19657588005066	1.2317516114426028	1.2
141.20916366577148	1.2317516114426028	1.2
141.22307109832764	1.2317516114426028	1.2
141.23651504516602	1.2317516114426028	1.2
141.24858951568604	1.2312444256541692	1.2
141.25986337661743	1.2312444256541692	1.2
141.27114963531494	1.2312444256541692	1.2
141.28377437591553	1.2312444256541692	1.2
141.29734253883362	1.230311872837268	1.2
141.30844283103943	1.230311872837268	1.2
141.32481622695923	1.230311872837268	1.2
141.33940839767456	1.229895192164999	1.2
141.3509166240692	1.229895192164999	1.2
141.36399483680725	1.229895192164999	1.2
141.37925672531128	1.2285808285871673	1.2
141.39166069030762	1.2285808285871673	1.2
141.40353155136108	1.2285808285871673	1.2
141.4189157485962	1.2285808285871673	1.2
141.43272876739502	1.2276290733043338	1.2
141.44515657424927	1.2276290733043338	1.2
141.45966053009033	1.2276290733043338	1.2
141.4749617576599	1.2253995767367374	1.2
141.48661494255066	1.2253995767367374	1.2
141.49892687797546	1.2253995767367374	1.2
141.51052570343018	1.2253995767367374	1.2
141.5239772796631	1.221571492624588	1.2
141.53559112548828	1.221571492624588	1.2
141.5488314628601	1.221571492624588	1.2
141.56402850151062	1.2173706245094342	1.2
141.5761148929596	1.2173706245094342	1.2
141.5880811214447	1.2173706245094342	1.2
141.59928035736084	1.2173706245094342	1.2
141.61374616622925	1.215070964707294	1.2
141.6265435218811	1.215070964707294	1.2
141.63956117630005	1.215070964707294	1.2
141.6556694507599	1.2131574857619971	1.2
141.66762328147888	1.2131574857619971	1.2
141.68026781082153	1.2131574857619971	1.2
141.69779181480408	1.2131574857619971	1.2
141.71183681488037	1.2115073222567183	1.2
141.7263765335083	1.2115073222567183	1.2
141.7412474155426	1.2115073222567183	1.2
141.75484371185303	1.209946104865414	1.2
141.76826786994934	1.209946104865414	1.2
141.78392434120178	1.209946104865414	1.2
141.79808282852173	1.2084515144724999	1.2
141.81339287757874	1.2084515144724999	1.2
141.83035516738892	1.2084515144724999	1.2
141.8453290462494	1.2067028934927397	1.2
141.8581154346466	1.2067028934927397	1.2
141.8731074333191	1.2067028934927397	1.2
141.88555908203125	1.2058833794882242	1.2
141.89945268630981	1.2058833794882242	1.2
141.91565251350403	1.2058833794882242	1.2
141.93089056015015	1.2046191680218346	1.2
141.94328045845032	1.2046191680218346	1.2
141.95478057861328	1.2046191680218346	1.2
141.96818470954895	1.2046191680218346	1.2
141.98378801345825	1.203734276593897	1.2
141.99592471122742	1.203734276593897	1.2
142.00876259803772	1.203734276593897	1.2
142.02657103538513	1.203734276593897	1.2
142.03904819488525	1.2029879430148989	1.2
142.05228233337402	1.2029879430148989	1.2
142.06798148155212	1.2029879430148989	1.2
142.08250999450684	1.2027997454528978	1.2
142.0959596633911	1.2027997454528978	1.2
142.11121535301208	1.2027997454528978	1.2
142.1245310306549	1.2025009001685034	1.2
142.13743090629578	1.2025009001685034	1.2
142.15310835838318	1.2025009001685034	1.2
142.1688678264618	1.202988577591205	1.2
142.18239068984985	1.202988577591205	1.2
142.19487166404724	1.202988577591205	1.2
142.20697903633118	1.202988577591205	1.2
142.21934962272644	1.20392957575174	1.2
142.2308473587036	1.20392957575174	1.2
142.24525237083435	1.20392957575174	1.2
142.2597918510437	1.204778617714756	1.2
142.27191185951233	1.204778617714756	1.2
142.28374671936035	1.204778617714756	1.2
142.29772663116455	1.204778617714756	1.2
142.31220984458923	1.2058542600511113	1.2
142.32592630386353	1.2058542600511113	1.2
142.34280848503113	1.2058542600511113	1.2
142.35605692863464	1.2058768682579495	1.2
142.36828064918518	1.2058768682579495	1.2
142.382883310318	1.2058768682579495	1.2
142.39862036705017	1.2060234358948698	1.2
142.41063952445984	1.2060234358948698	1.2
142.42448592185974	1.2060234358948698	1.2
142.43790578842163	1.2060234358948698	1.2
142.45155715942383	1.2080141752482465	1.2
142.46383619308472	1.2080141752482465	1.2
142.47671699523926	1.2080141752482465	1.2
142.49028754234314	1.2104294474778292	1.2
142.50254106521606	1.2104294474778292	1.2
142.51502108573914	1.2104294474778292	1.2
142.526380777359	1.2104294474778292	1.2
142.53967785835266	1.21228889232362	1.2
142.5509388446808	1.21228889232362	1.2
142.56271052360535	1.21228889232362	1.2
142.57515263557434	1.21228889232362	1.2
142.58769297599792	1.2140245498866453	1.2
142.59994530677795	1.2140245498866453	1.2
142.61284828186035	1.2140245498866453	1.2
142.62669253349304	1.2148328011524678	1.2
142.63854908943176	1.2148328011524678	1.2
142.6500949859619	1.2148328011524678	1.2
142.66372227668762	1.2148328011524678	1.2
142.68114948272705	1.214430770383237	1.2
142.69382786750793	1.214430770383237	1.2
142.71089458465576	1.214430770383237	1.2
142.72296237945557	1.214696073014816	1.2
142.7360258102417	1.214696073014816	1.2
142.7517921924591	1.214696073014816	1.2
142.76703453063965	1.2150989526329663	1.2
142.78214693069458	1.2150989526329663	1.2
142.80005645751953	1.2150989526329663	1.2
142.8139567375183	1.2153453470726172	1.2
142.82652640342712	1.2153453470726172	1.2
142.83994364738464	1.2153453470726172	1.2
142.85482549667358	1.2152210802729364	1.2
142.86910462379456	1.2152210802729364	1.2
142.8834958076477	1.2152210802729364	1.2
142.8976593017578	1.2152210802729364	1.2
142.91208672523499	1.214720588013855	1.2
142.92594146728516	1.214720588013855	1.2
142.94135093688965	1.214720588013855	1.2
142.95633482933044	1.2149112642780957	1.2
142.96890139579773	1.2149112642780957	1.2
142.98288130760193	1.2149112642780957	1.2
142.9986264705658	1.2157353523256416	1.2
143.01241421699524	1.2157353523256416	1.2
143.025794506073	1.2157353523256416	1.2
143.0413007736206	1.2157353523256416	1.2
143.05373334884644	1.2166932094684983	1.2
143.06761956214905	1.2166932094684983	1.2
143.0839445590973	1.2166932094684983	1.2
143.09820556640625	1.2176341265416695	1.2
143.11160850524902	1.2176341265416695	1.2
143.1245195865631	1.2176341265416695	1.2
143.1379473209381	1.2206417315836862	1.2
143.15072345733643	1.2206417315836862	1.2
143.1647434234619	1.2206417315836862	1.2
143.18114686012268	1.2230087353601213	1.2
143.19577383995056	1.2230087353601213	1.2
143.2070767879486	1.2230087353601213	1.2
143.22259855270386	1.2230087353601213	1.2
143.2361135482788	1.2258185154584014	1.2
143.24894189834595	1.2258185154584014	1.2
143.2646141052246	1.2258185154584014	1.2
143.27842569351196	1.2288599207066495	1.2
143.29030299186707	1.2288599207066495	1.2
143.30334877967834	1.2288599207066495	1.2
143.31926369667053	1.2288599207066495	1.2
143.33080387115479	1.2314445600338026	1.2
143.34231233596802	1.2314445600338026	1.2
143.35649728775024	1.2314445600338026	1.2
143.37240648269653	1.2322333703110728	1.2
143.38585805892944	1.2322333703110728	1.2
143.39869809150696	1.2322333703110728	1.2
143.41024446487427	1.2322333703110728	1.2
143.4222869873047	1.2327271370561388	1.2
143.4345088005066	1.2327271370561388	1.2
143.44878816604614	1.2327271370561388	1.2
143.46261525154114	1.232892114371252	1.2
143.47642922401428	1.232892114371252	1.2
143.48845314979553	1.232892114371252	1.2
143.50005650520325	1.232892114371252	1.2
143.51332426071167	1.2327484323060343	1.2
143.52504181861877	1.2327484323060343	1.2
143.53824496269226	1.2327484323060343	1.2
143.55349016189575	1.2327484323060343	1.2
143.56569290161133	1.232843295152001	1.2
143.5769658088684	1.232843295152001	1.2
143.5901083946228	1.232843295152001	1.2
143.60496425628662	1.2317281274358898	1.2
143.61734008789062	1.2317281274358898	1.2
143.6311047077179	1.2317281274358898	1.2
143.6460464000702	1.2308814178583496	1.2
143.6577250957489	1.2308814178583496	1.2
143.66977095603943	1.2308814178583496	1.2
143.68679118156433	1.2308814178583496	1.2
143.7011969089508	1.2294849163347337	1.2
143.71388864517212	1.2294849163347337	1.2
143.72816514968872	1.2294849163347337	1.2
143.7414255142212	1.227035184801289	1.2
143.75488781929016	1.227035184801289	1.2
143.7689287662506	1.227035184801289	1.2
143.78483200073242	1.2251987585514823	1.2
143.79869723320007	1.2251987585514823	1.2
143.81098198890686	1.2251987585514823	1.2
143.8248884677887	1.2251987585514823	1.2
143.84066343307495	1.2249954202127054	1.2
143.8532419204712	1.2249954202127054	1.2
143.86797404289246	1.2249954202127054	1.2
143.88416147232056	1.2238985706577659	1.2
143.89550709724426	1.2238985706577659	1.2
143.90975069999695	1.2238985706577659	1.2
143.92628717422485	1.222807937498497	1.2
143.9386248588562	1.222807937498497	1.2
143.95503425598145	1.222807937498497	1.2
143.97024941444397	1.222312595499543	1.2
143.9823820590973	1.222312595499543	1.2
143.9954319000244	1.222312595499543	1.2
144.0100064277649	1.222312595499543	1.2
144.02423119544983	1.2213849155804055	1.2
144.03655529022217	1.2213849155804055	1.2
144.05615425109863	1.2213849155804055	1.2
144.07073187828064	1.2208814519387108	1.2
144.08302426338196	1.2208814519387108	1.2
144.0966181755066	1.2208814519387108	1.2
144.1095826625824	1.2193892217894027	1.2
144.12363028526306	1.2193892217894027	1.2
144.1386821269989	1.2193892217894027	1.2
144.15602135658264	1.2169326672876486	1.2
144.16968488693237	1.2169326672876486	1.2
144.18284487724304	1.2169326672876486	1.2
144.19627475738525	1.2169326672876486	1.2
144.21174216270447	1.2164719070756438	1.2
144.22433352470398	1.2164719070756438	1.2
144.23858213424683	1.2164719070756438	1.2
144.2528383731842	1.2155018745575894	1.2
144.26379823684692	1.2155018745575894	1.2
144.27794003486633	1.2155018745575894	1.2
144.2936713695526	1.2142805529419454	1.2
144.30608129501343	1.2142805529419454	1.2
144.31980299949646	1.2142805529419454	1.2
144.3346996307373	1.2124348323251208	1.2
144.34642434120178	1.2124348323251208	1.2
144.35906171798706	1.2124348323251208	1.2
144.3748390674591	1.2124348323251208	1.2
144.38929343223572	1.2107145118123004	1.2
144.40209364891052	1.2107145118123004	1.2
144.41606402397156	1.2107145118123004	1.2
144.43221712112427	1.2090602364578669	1.2
144.44415068626404	1.2090602364578669	1.2
144.45722913742065	1.2090602364578669	1.2
144.47126269340515	1.2090602364578669	1.2
144.48295712471008	1.2078686243889014	1.2
144.49505019187927	1.2078686243889014	1.2
144.50816297531128	1.2078686243889014	1.2
144.5225260257721	1.2059395754034858	1.2
144.53487277030945	1.2059395754034858	1.2
144.54804134368896	1.2059395754034858	1.2
144.5644109249115	1.2048692285670137	1.2
144.57704949378967	1.2048692285670137	1.2
144.58846616744995	1.2048692285670137	1.2
144.60211873054504	1.2048692285670137	1.2
144.61614274978638	1.2034444823130306	1.2
144.62894439697266	1.2034444823130306	1.2
144.64715933799744	1.2034444823130306	1.2
144.6607048511505	1.2023843243874275	1.2
144.67402410507202	1.2023843243874275	1.2
144.6884298324585	1.2023843243874275	1.2
144.70444083213806	1.2017919286402383	1.2
144.72064471244812	1.2017919286402383	1.2
144.738703250885	1.2017919286402383	1.2
144.75350069999695	1.2001443864458956	1.2
144.76706957817078	1.2001443864458956	1.2
144.7792739868164	1.2001443864458956	1.2
144.79216408729553	1.2001443864458956	1.2
144.80515050888062	1.1992536840004462	1.2
144.8178198337555	1.1992536840004462	1.2
144.83269882202148	1.1992536840004462	1.2
144.84810543060303	1.1982043616561238	1.2
144.8605625629425	1.1982043616561238	1.2
144.8726351261139	1.1982043616561238	1.2
144.88783431053162	1.1965783390408302	1.2
144.90134263038635	1.1965783390408302	1.2
144.91333866119385	1.1965783390408302	1.2
144.93034482002258	1.1965783390408302	1.2
144.9440906047821	1.1945529195971907	1.2
144.9558126926422	1.1945529195971907	1.2
144.97252321243286	1.1945529195971907	1.2
144.98770546913147	1.1923612896960833	1.2
144.99992752075195	1.1923612896960833	1.2
145.01530003547668	1.1923612896960833	1.2
145.02893900871277	1.189688207931885	1.2
145.04053807258606	1.189688207931885	1.2
145.0535261631012	1.189688207931885	1.2
145.06860899925232	1.189688207931885	1.2
145.08319234848022	1.1887473295585578	1.2
145.09606885910034	1.1887473295585578	1.2
145.10852026939392	1.1887473295585578	1.2
145.12280702590942	1.1866656525912875	1.2
145.135235786438	1.1866656525912875	1.2
145.1479241847992	1.1866656525912875	1.2
145.16277170181274	1.1866656525912875	1.2
145.17813301086426	1.1846195555872685	1.2
145.1910002231598	1.1846195555872685	1.2
145.20677876472473	1.1846195555872685	1.2
145.22148609161377	1.1837254314760854	1.2
145.23510074615479	1.1837254314760854	1.2
145.25056743621826	1.1837254314760854	1.2
145.26489114761353	1.1828178079894027	1.2
145.2762291431427	1.1828178079894027	1.2
145.2888960838318	1.1828178079894027	1.2
145.30451250076294	1.1828178079894027	1.2
145.3168749809265	1.182720894242772	1.2
145.32923102378845	1.182720894242772	1.2
145.35196900367737	1.182026207896782	1.2
145.36391687393188	1.182026207896782	1.2
145.37667536735535	1.182026207896782	1.2
145.39178919792175	1.182026207896782	1.2
145.40499329566956	1.182218066332464	1.2
145.41720843315125	1.182218066332464	1.2
145.4300878047943	1.182218066332464	1.2
145.4451858997345	1.1818264078984124	1.2
145.46508526802063	1.1818264078984124	1.2
145.4803512096405	1.1818264078984124	1.2
145.4936261177063	1.1832381540284438	1.2
145.50534677505493	1.1832381540284438	1.2
145.51810812950134	1.1832381540284438	1.2
145.53407502174377	1.183679969578485	1.2
145.5458436012268	1.183679969578485	1.2
145.55715990066528	1.183679969578485	1.2
145.5690267086029	1.183679969578485	1.2
145.58207988739014	1.1841085863323406	1.2
145.5938901901245	1.1841085863323406	1.2
145.60764360427856	1.1841085863323406	1.2
145.62350749969482	1.1838961405119068	1.2
145.63484048843384	1.1838961405119068	1.2
145.6459424495697	1.1838961405119068	1.2
145.66196751594543	1.1838961405119068	1.2
145.67583227157593	1.1838690251272914	1.2
145.68832921981812	1.1838690251272914	1.2
145.7041573524475	1.1838690251272914	1.2
145.71815395355225	1.1846035750707518	1.2
145.73101472854614	1.1846035750707518	1.2
145.7456395626068	1.1846035750707518	1.2
145.75986647605896	1.1846035750707518	1.2
145.77309775352478	1.184482274531668	1.2
145.78587222099304	1.184482274531668	1.2
145.79924058914185	1.184482274531668	1.2
145.81391739845276	1.1842767570494874	1.2
145.82704782485962	1.1842767570494874	1.2
145.84071946144104	1.1842767570494874	1.2
145.8571319580078	1.1832903513592872	1.2
145.87047362327576	1.1832903513592872	1.2
145.88263130187988	1.1832903513592872	1.2
145.89771842956543	1.1832903513592872	1.2
145.91261506080627	1.183236050160486	1.2
145.9251890182495	1.183236050160486	1.2
145.94106340408325	1.183236050160486	1.2
145.95407509803772	1.1811671166947462	1.2
145.96619248390198	1.1811671166947462	1.2
145.98077392578125	1.1811671166947462	1.2
145.99639630317688	1.1800857172356	1.2
146.0093674659729	1.1800857172356	1.2
146.02463030815125	1.1800857172356	1.2
146.04188561439514	1.1788921880093597	1.2
146.05832266807556	1.1788921880093597	1.2
146.0770606994629	1.1788921880093597	1.2
146.12006044387817	1.1787015256543194	1.2
146.13591742515564	1.1784678685114622	1.2
146.14898085594177	1.1784678685114622	1.2
146.1635937690735	1.1784678685114622	1.2
146.18015360832214	1.1777440537296884	1.2
146.1927297115326	1.1777440537296884	1.2
146.20472955703735	1.1777440537296884	1.2
146.2210729122162	1.1777440537296884	1.2
146.235356092453	1.1772205434692307	1.2
146.2482945919037	1.1772205434692307	1.2
146.2641532421112	1.1772205434692307	1.2
146.27817916870117	1.1772302562471875	1.2
146.29013109207153	1.1772302562471875	1.2
146.30725741386414	1.1772302562471875	1.2
146.32081508636475	1.1776567794587554	1.2
146.33713340759277	1.1776567794587554	1.2
146.3536732196808	1.1776567794587554	1.2
146.3739619255066	1.1781973827554584	1.2
146.38942766189575	1.1781973827554584	1.2
146.40331649780273	1.1781973827554584	1.2
146.41774249076843	1.1798426290866955	1.2
146.44710111618042	1.1798426290866955	1.2
146.46621370315552	1.1798426290866955	1.2
146.48397564888	1.1811504621821143	1.2
146.49880647659302	1.1811504621821143	1.2
146.51568818092346	1.1811504621821143	1.2
146.53418827056885	1.1822521766217695	1.2
146.55340147018433	1.1822521766217695	1.2
146.56851601600647	1.183300629944766	1.2
146.58263063430786	1.183300629944766	1.2
146.5997245311737	1.183300629944766	1.2
146.617267370224	1.1840450954708568	1.2
146.63215923309326	1.1840450954708568	1.2
146.64577341079712	1.1840450954708568	1.2
146.65994882583618	1.1847280871760533	1.2
146.67276215553284	1.1847280871760533	1.2
146.69549560546875	1.1847280871760533	1.2
146.7139778137207	1.1853039804414371	1.2
146.72946906089783	1.1853039804414371	1.2
146.74812769889832	1.1853039804414371	1.2
146.76739740371704	1.1869957447450616	1.2
146.7833285331726	1.1869957447450616	1.2
146.7992296218872	1.1883640333514647	1.2
146.81135845184326	1.1883640333514647	1.2
146.82424974441528	1.1883640333514647	1.2
146.8410768508911	1.1883640333514647	1.2
146.85723853111267	1.1897403233765729	1.2
146.8714780807495	1.1897403233765729	1.2
146.8845841884613	1.1897403233765729	1.2
146.89777851104736	1.1905562436536137	1.2
146.9097924232483	1.1905562436536137	1.2
146.92345643043518	1.1905562436536137	1.2
146.9384183883667	1.1905562436536137	1.2
146.9525589942932	1.1915893342108894	1.2
146.96499252319336	1.1915893342108894	1.2
146.97832417488098	1.1915893342108894	1.2
146.99425506591797	1.1937174758836302	1.2
147.00812935829163	1.1937174758836302	1.2
147.02725052833557	1.1937174758836302	1.2
147.04067063331604	1.1960383691262004	1.2
147.05324912071228	1.1960383691262004	1.2
147.06911945343018	1.1960383691262004	1.2
147.085196018219	1.1985178697317305	1.2
147.09685587882996	1.1985178697317305	1.2
147.10901045799255	1.1985178697317305	1.2
147.12449526786804	1.1985178697317305	1.2
147.1383237838745	1.202624968130491	1.2
147.15119171142578	1.202624968130491	1.2
147.16482615470886	1.202624968130491	1.2
147.1780183315277	1.2071557565541364	1.2
147.19033551216125	1.2071557565541364	1.2
147.20359444618225	1.2071557565541364	1.2
147.2185685634613	1.2071557565541364	1.2
147.23107767105103	1.2111643316504135	1.2
147.24289178848267	1.2111643316504135	1.2
147.25484585762024	1.2111643316504135	1.2
147.2680699825287	1.2151683240596889	1.2
147.27952980995178	1.2151683240596889	1.2
147.29139304161072	1.2151683240596889	1.2
147.305034160614	1.2151683240596889	1.2
147.3187530040741	1.2178422372842719	1.2
147.33032083511353	1.2178422372842719	1.2
147.34172177314758	1.2178422372842719	1.2
147.3560812473297	1.2178422372842719	1.2
147.36893892288208	1.2201424407446047	1.2
147.3811948299408	1.2201424407446047	1.2
147.39670491218567	1.2201424407446047	1.2
147.40950560569763	1.221467858683536	1.2
152.86760330200195	1.2125529546722027	1.2
152.88031244277954	1.2125529546722027	1.2
152.8957324028015	1.2125529546722027	1.2
152.91134214401245	1.2125529546722027	1.2
152.92527532577515	1.2139265334313554	1.2
152.93778562545776	1.2139265334313554	1.2
152.951589345932	1.2139265334313554	1.2
152.96710205078125	1.2159133516131735	1.2
152.9812626838684	1.2159133516131735	1.2
153.00010514259338	1.2159133516131735	1.2
153.01930141448975	1.2171408928993521	1.2
153.03936195373535	1.2171408928993521	1.2
153.05951118469238	1.2171408928993521	1.2
153.07694840431213	1.217988791654053	1.2
153.1082751750946	1.217988791654053	1.2
153.1261613368988	1.2192159057291672	1.2
153.147794008255	1.2192159057291672	1.2
153.166357755661	1.2191603844827084	1.2
153.18600416183472	1.2191603844827084	1.2
153.2045509815216	1.2191603844827084	1.2
153.22299814224243	1.2185184299688983	1.2
153.2405993938446	1.2185184299688983	1.2
153.25695657730103	1.2185184299688983	1.2
153.2730929851532	1.217956187416237	1.2
153.28805494308472	1.217956187416237	1.2
153.30524134635925	1.217956187416237	1.2
153.32253980636597	1.2172705923148368	1.2
153.3387005329132	1.2172705923148368	1.2
153.35580563545227	1.2172705923148368	1.2
153.37479066848755	1.2165424897522734	1.2
153.388414144516	1.2165424897522734	1.2
153.40468955039978	1.2165424897522734	1.2
153.42054796218872	1.2152955433314927	1.2
153.43598818778992	1.2152955433314927	1.2
153.4525589942932	1.2152955433314927	1.2
153.46914339065552	1.2136000072813364	1.2
153.48188018798828	1.2136000072813364	1.2
153.49781584739685	1.2136000072813364	1.2
153.51284313201904	1.2124732834966216	1.2
153.52685451507568	1.2124732834966216	1.2
153.542884349823	1.2124732834966216	1.2
153.55651593208313	1.2121391964320947	1.2
153.56960797309875	1.2121391964320947	1.2
153.5881221294403	1.2121391964320947	1.2
153.6063153743744	1.2109103082364912	1.2
153.62428379058838	1.2109103082364912	1.2
153.6408064365387	1.2109103082364912	1.2
153.6561300754547	1.2096979393840326	1.2
153.67292046546936	1.2096979393840326	1.2
153.69095396995544	1.2096979393840326	1.2
153.70697593688965	1.2089481305789822	1.2
153.7248408794403	1.2089481305789822	1.2
153.74361515045166	1.2078060241031707	1.2
153.7600257396698	1.2078060241031707	1.2
153.7823646068573	1.2078060241031707	1.2
153.79773879051208	1.2059828506648462	1.2
153.8153200149536	1.2059828506648462	1.2
153.83144807815552	1.2059828506648462	1.2
153.8448612689972	1.203349528240501	1.2
153.85850286483765	1.203349528240501	1.2
153.87740564346313	1.203349528240501	1.2
153.8947615623474	1.200803165861407	1.2
153.91196274757385	1.200803165861407	1.2
153.9276523590088	1.200803165861407	1.2
153.94268679618835	1.1972617709701014	1.2
153.958651304245	1.1972617709701014	1.2
153.97590899467468	1.1972617709701014	1.2
153.99229311943054	1.1938552437616778	1.2
154.00803971290588	1.1938552437616778	1.2
154.0249080657959	1.1905428583578275	1.2
154.04114532470703	1.1905428583578275	1.2
154.05724596977234	1.1905428583578275	1.2
154.07396984100342	1.1879540958775758	1.2
154.08762097358704	1.1879540958775758	1.2
154.1113748550415	1.1879540958775758	1.2
154.12886214256287	1.1879540958775758	1.2
154.14767599105835	1.185787793218407	1.2
154.16687035560608	1.185787793218407	1.2
154.18382573127747	1.1860983931874296	1.2
154.20025181770325	1.1860983931874296	1.2
154.21805500984192	1.1860983931874296	1.2
154.23855996131897	1.195171662049322	1.2
154.256826877594	1.195171662049322	1.2
154.27428698539734	1.195171662049322	1.2
154.2929458618164	nan	1.2
154.3115062713623	nan	1.2
154.32830381393433	nan	1.2
154.34273219108582	nan	1.2
154.36051416397095	nan	1.2
154.377916097641	nan	1.2
154.394136428833	nan	1.2
154.410578250885	nan	1.2
154.42875409126282	nan	1.2
154.44673824310303	nan	1.2
154.4642231464386	nan	1.2
154.48138046264648	nan	1.2
154.49703073501587	nan	1.2
154.5140357017517	nan	1.2
154.53184485435486	nan	1.2
154.5491054058075	nan	1.2
154.56501650810242	nan	1.2
154.57953238487244	nan	1.2
154.59579229354858	nan	1.2
154.61255979537964	nan	1.2
154.6269690990448	nan	1.2
154.6436927318573	nan	1.2
154.66207027435303	nan	1.2
154.677503824234	nan	1.2
154.69283986091614	nan	1.2
154.71065258979797	nan	1.2
154.7275779247284	nan	1.2
154.74613976478577	nan	1.2
154.76823735237122	nan	1.2
154.7896282672882	nan	1.2
154.80886936187744	nan	1.2
154.8293101787567	nan	1.2
154.85715126991272	nan	1.2
154.87399888038635	nan	1.2
154.89099383354187	nan	1.2
154.90775060653687	nan	1.2
154.9255928993225	nan	1.2
154.93998980522156	nan	1.2
154.95785808563232	nan	1.2
154.97481775283813	nan	1.2
154.99369359016418	nan	1.2
155.0136525630951	nan	1.2
155.02860593795776	nan	1.2
155.0458755493164	nan	1.2
155.06652808189392	nan	1.2
155.0826907157898	nan	1.2
155.0985951423645	nan	1.2
155.11608219146729	nan	1.2
155.13308429718018	nan	1.2
155.15068888664246	nan	1.2
155.1749677658081	nan	1.2
155.19077110290527	nan	1.2
155.2099256515503	nan	1.2
155.22689390182495	nan	1.2
155.24341320991516	nan	1.2
155.25995445251465	nan	1.2
155.2754054069519	nan	1.2
155.29106664657593	nan	1.2
155.30707383155823	nan	1.2
155.3232343196869	nan	1.2
155.33891916275024	nan	1.2
155.35497045516968	nan	1.2
155.37179374694824	nan	1.2
155.38736271858215	nan	1.2
155.40431332588196	nan	1.2
155.42159461975098	nan	1.2
155.438636302948	nan	1.2
155.4538345336914	nan	1.2
155.46801447868347	nan	1.2
155.48504257202148	nan	1.2
155.49961113929749	nan	1.2
155.5156123638153	nan	1.2
155.5319790840149	nan	1.2
155.54487323760986	nan	1.2
155.56190943717957	nan	1.2
155.57841324806213	nan	1.2
155.59730219841003	nan	1.2
155.61443448066711	nan	1.2
155.62854647636414	nan	1.2
155.64317560195923	nan	1.2
155.65946054458618	nan	1.2
155.67562627792358	nan	1.2
155.6914176940918	nan	1.2
155.70942044258118	nan	1.2
155.72631549835205	nan	1.2
155.74697256088257	nan	1.2
155.76423501968384	nan	1.2
155.7810504436493	nan	1.2
155.79838371276855	nan	1.2
155.8169686794281	nan	1.2
155.83662223815918	nan	1.2
155.85514044761658	nan	1.2
155.8736662864685	nan	1.2
155.895663022995	nan	1.2
155.91372990608215	nan	1.2
155.93333649635315	nan	1.2
155.94955682754517	nan	1.2
155.96632385253906	nan	1.2
155.98580694198608	nan	1.2
156.00389575958252	nan	1.2
156.0196008682251	nan	1.2
156.03918933868408	nan	1.2
156.0588128566742	nan	1.2
156.0771496295929	nan	1.2
156.0965826511383	nan	1.2
156.111426115036	nan	1.2
156.12846875190735	nan	1.2
156.14548683166504	nan	1.2
156.15875697135925	nan	1.2
156.17614793777466	nan	1.2
156.19383692741394	nan	1.2
156.2116301059723	nan	1.2
156.2282998561859	nan	1.2
156.24280190467834	nan	1.2
156.2581787109375	nan	1.2
156.27476263046265	nan	1.2
156.29175329208374	nan	1.2
156.3052921295166	nan	1.2
156.31975674629211	nan	1.2
156.33587741851807	nan	1.2
156.34997153282166	nan	1.2
156.3685336112976	nan	1.2
156.3843982219696	nan	1.2
156.39890789985657	nan	1.2
156.41487431526184	nan	1.2
156.4323308467865	nan	1.2
156.4484658241272	nan	1.2
156.46564388275146	nan	1.2
156.4809000492096	nan	1.2
156.49856281280518	nan	1.2
156.5157928466797	nan	1.2
156.53296947479248	nan	1.2
156.54653525352478	nan	1.2
156.56124782562256	nan	1.2
156.57776880264282	nan	1.2
156.59051513671875	nan	1.2
156.60688757896423	nan	1.2
156.62353801727295	nan	1.2
156.63589239120483	nan	1.2
156.65316581726074	nan	1.2
156.6694474220276	nan	1.2
156.68356251716614	nan	1.2
156.69880032539368	nan	1.2
156.71418237686157	nan	1.2
156.7292935848236	nan	1.2
156.74644708633423	nan	1.2
156.76609206199646	1.1667021446756232	1.2
156.78219413757324	1.1667021446756232	1.2
156.79664015769958	1.1667021446756232	1.2
156.815913438797	1.1677615840258984	1.2
156.83085203170776	1.1677615840258984	1.2
156.85072112083435	1.1677615840258984	1.2
156.86671614646912	1.1682027953761918	1.2
156.88011646270752	1.1682027953761918	1.2
156.89598107337952	1.1682027953761918	1.2
156.91217279434204	1.167821170973116	1.2
156.92702794075012	1.167821170973116	1.2
156.9441831111908	1.167821170973116	1.2
156.96192812919617	1.168481627791298	1.2
156.97823524475098	1.168481627791298	1.2
156.99796795845032	1.168481627791298	1.2
157.01695251464844	1.170558850556661	1.2
157.03481650352478	1.170558850556661	1.2
157.0536756515503	1.170558850556661	1.2
157.07125568389893	1.1727440227882755	1.2
157.08501315116882	1.1727440227882755	1.2
157.10166144371033	1.1727440227882755	1.2
157.11847376823425	1.1775136543359956	1.2
157.1356565952301	1.1775136543359956	1.2
157.1527545452118	1.1775136543359956	1.2
157.16879796981812	1.182025191625063	1.2
157.18583488464355	1.182025191625063	1.2
157.2035744190216	1.182025191625063	1.2
157.22226071357727	1.1867500337912582	1.2
157.2370548248291	1.1867500337912582	1.2
157.25386118888855	1.1867500337912582	1.2
157.27005338668823	1.1918127533159533	1.2
157.2853980064392	1.1918127533159533	1.2
157.30517959594727	1.1962614494882022	1.2
157.31747841835022	1.1962614494882022	1.2
157.33288192749023	1.1962614494882022	1.2
157.34916830062866	1.2011334320229088	1.2
157.3647403717041	1.2011334320229088	1.2
157.3813009262085	1.2011334320229088	1.2
157.39803075790405	1.2071878072196351	1.2
157.41507244110107	1.2071878072196351	1.2
157.4415783882141	1.2126293549808291	1.2
157.45831775665283	1.2126293549808291	1.2
157.47480010986328	1.2126293549808291	1.2
157.48952865600586	1.2161291279051212	1.2
157.50567078590393	1.2161291279051212	1.2
157.52208995819092	1.2161291279051212	1.2
157.53808522224426	1.2200475963318558	1.2
157.5524501800537	1.2200475963318558	1.2
157.56884813308716	1.2200475963318558	1.2
157.58527541160583	1.2231348233659247	1.2
157.59846591949463	1.2231348233659247	1.2
157.61434769630432	1.2231348233659247	1.2
157.63275480270386	1.2260078002445376	1.2
157.64609909057617	1.2260078002445376	1.2
157.661940574646	1.2260078002445376	1.2
157.67835664749146	1.2301126523155435	1.2
157.6908824443817	1.2301126523155435	1.2
157.7066056728363	1.2301126523155435	1.2
157.7243070602417	1.2301126523155435	1.2
157.74335718154907	1.2328575510645932	1.2
157.75955247879028	1.2328575510645932	1.2
157.7754204273224	1.236458191466175	1.2
157.79156374931335	1.236458191466175	1.2
157.80847716331482	1.236458191466175	1.2
157.82700109481812	1.2382472968435563	1.2
157.8421413898468	1.2382472968435563	1.2
157.85890316963196	1.2382472968435563	1.2
157.8760862350464	1.2390996160414525	1.2
157.89155292510986	1.2390996160414525	1.2
157.9080274105072	1.2390996160414525	1.2
157.9239900112152	1.239964142639233	1.2
157.9385585784912	1.239964142639233	1.2
157.96355152130127	1.2409822982653673	1.2
157.97969007492065	1.2409822982653673	1.2
157.99694967269897	1.2409822982653673	1.2
158.0132348537445	1.2418560207726985	1.2
158.0283727645874	1.2418560207726985	1.2
158.04650568962097	1.2418560207726985	1.2
158.0651125907898	1.2415398974850274	1.2
158.079824924469	1.2415398974850274	1.2
158.09680843353271	1.2415398974850274	1.2
158.11362838745117	1.2407300208095928	1.2
158.13027119636536	1.2407300208095928	1.2
158.15114951133728	1.2407300208095928	1.2
158.1652648448944	1.238061293660077	1.2
158.18002843856812	1.238061293660077	1.2
158.1987316608429	1.238061293660077	1.2
158.2157256603241	1.2361521781677265	1.2
158.23242855072021	1.2361521781677265	1.2
158.24849677085876	1.2361521781677265	1.2
158.2641384601593	1.2319494107638558	1.2
158.28040599822998	1.2319494107638558	1.2
158.29726266860962	1.2319494107638558	1.2
158.31282544136047	1.2294428304244245	1.2
158.3247184753418	1.2294428304244245	1.2
158.3429832458496	1.2294428304244245	1.2
158.359628200531	1.2275854953080312	1.2
158.3743691444397	1.2275854953080312	1.2
158.3916437625885	1.2249304321238421	1.2
158.40712547302246	1.2249304321238421	1.2
158.42886877059937	1.2249304321238421	1.2
158.44347286224365	1.2222862923626745	1.2
158.4565155506134	1.2222862923626745	1.2
158.4750051498413	1.2222862923626745	1.2
158.4910032749176	1.2191580600219543	1.2
158.5050311088562	1.2191580600219543	1.2
158.523184299469	1.2191580600219543	1.2
158.53622722625732	1.216664828178379	1.2
158.54776096343994	1.216664828178379	1.2
158.5640242099762	1.216664828178379	1.2
158.5792179107666	1.2148550835406369	1.2
158.59426879882812	1.2148550835406369	1.2
158.6094229221344	1.2148550835406369	1.2
158.62384295463562	1.2134074518566784	1.2
158.63838243484497	1.2134074518566784	1.2
158.65765595436096	1.2134074518566784	1.2
158.6736354827881	1.212252869467201	1.2
158.6869933605194	1.212252869467201	1.2
158.70300245285034	1.212252869467201	1.2
158.72044920921326	1.2120470250091482	1.2
158.73611903190613	1.2120470250091482	1.2
158.7522509098053	1.2120470250091482	1.2
158.76805925369263	1.2117446523571265	1.2
158.7817575931549	1.2117446523571265	1.2
158.800940990448	1.2117446523571265	1.2
158.8164324760437	1.2103786960534018	1.2
158.8333456516266	1.2103786960534018	1.2
158.84989285469055	1.2103786960534018	1.2
158.8651671409607	1.2093445686624003	1.2
158.88397669792175	1.2093445686624003	1.2
158.90091943740845	1.2093445686624003	1.2
158.917396068573	1.2088133245948252	1.2
158.93171668052673	1.2088133245948252	1.2
158.94929218292236	1.2079453962212594	1.2
158.96657800674438	1.2079453962212594	1.2
158.9879915714264	1.2079453962212594	1.2
159.00386691093445	1.2069362218951691	1.2
159.01691365242004	1.2069362218951691	1.2
159.0332052707672	1.2069362218951691	1.2
159.05025172233582	1.2065686093290044	1.2
159.06530785560608	1.2065686093290044	1.2
159.08800053596497	1.2065686093290044	1.2
159.1025195121765	1.2060316999883451	1.2
159.1201241016388	1.2060316999883451	1.2
159.13891792297363	1.2025613849710068	1.2
159.15559434890747	1.2025613849710068	1.2
159.17313623428345	1.2025613849710068	1.2
159.1908164024353	1.1996230892770725	1.2
159.20819544792175	1.1996230892770725	1.2
159.22596788406372	1.1996230892770725	1.2
159.2442111968994	1.1974954234395931	1.2
159.26119184494019	1.1974954234395931	1.2
159.27964186668396	1.1974954234395931	1.2
159.29542350769043	1.1953729451158939	1.2
159.30831217765808	1.1953729451158939	1.2
159.32537245750427	1.1953729451158939	1.2
159.34168124198914	1.1948265479600173	1.2
159.35728192329407	1.1948265479600173	1.2
159.37560319900513	1.1948265479600173	1.2
159.3876829147339	1.1933887609643001	1.2
159.40376806259155	1.1933887609643001	1.2
159.41972136497498	1.1933887609643001	1.2
159.43562412261963	1.1923211332707644	1.2
159.45005321502686	1.1923211332707644	1.2
159.4659411907196	1.1923211332707644	1.2
159.48149943351746	1.1910788233278982	1.2
159.4979100227356	1.1910788233278982	1.2
159.51719617843628	1.1910788233278982	1.2
159.533305644989	1.188214598649387	1.2
159.5459361076355	1.188214598649387	1.2
159.56442022323608	1.188214598649387	1.2
159.57945466041565	1.1860034639313013	1.2
159.59503722190857	1.1860034639313013	1.2
159.61150455474854	1.1860034639313013	1.2
159.62436175346375	1.1868761406556485	1.2
159.63882327079773	1.1868761406556485	1.2
159.66310477256775	1.1869790596896233	1.2
159.67821097373962	1.1869790596896233	1.2
159.6945538520813	1.1869790596896233	1.2
159.71093845367432	1.18636368459143	1.2
159.72737622261047	1.18636368459143	1.2
159.74442434310913	1.18636368459143	1.2
159.76398921012878	1.18636368459143	1.2
159.7836627960205	1.1866251689392258	1.2
159.80041909217834	1.1866251689392258	1.2
159.8178117275238	1.1866251689392258	1.2
159.83481740951538	1.1857725435053486	1.2
159.8522126674652	1.1857725435053486	1.2
159.86826038360596	1.1853607452429347	1.2
159.8851900100708	1.1853607452429347	1.2
159.90727424621582	1.1853607452429347	1.2
159.92505264282227	1.1850416864285336	1.2
159.94331240653992	1.1850416864285336	1.2
159.9664556980133	1.1853068980900274	1.2
159.9850685596466	1.1853068980900274	1.2
160.00286412239075	1.1853068980900274	1.2
160.02045559883118	1.1868800983576455	1.2
160.03693437576294	1.1868800983576455	1.2
160.05586409568787	1.1868800983576455	1.2
160.071959733963	1.1884071584723805	1.2
160.08864951133728	1.1884071584723805	1.2
160.10631895065308	1.189090555625437	1.2
160.12393999099731	1.189090555625437	1.2
160.14132118225098	1.189090555625437	1.2
160.15798234939575	1.19008105720351	1.2
160.17417573928833	1.19008105720351	1.2
160.1907455921173	1.19008105720351	1.2
160.2079038619995	1.191690638543223	1.2
160.22391438484192	1.191690638543223	1.2
160.24140167236328	1.191690638543223	1.2
160.25784373283386	1.1935719678849803	1.2
160.27310252189636	1.1935719678849803	1.2
160.2896945476532	1.1947484304869844	1.2
160.30424237251282	1.1947484304869844	1.2
160.3177182674408	1.1947484304869844	1.2
160.33337354660034	1.1947484304869844	1.2
160.34793829917908	1.1957751181560279	1.2
160.36446285247803	1.1957751181560279	1.2
160.3805694580078	1.1957751181560279	1.2
160.39333486557007	1.1967334727311914	1.2
160.40619158744812	1.1967334727311914	1.2
160.4223461151123	1.1967334727311914	1.2
160.44031167030334	1.197226413079666	1.2
160.45746088027954	1.197226413079666	1.2
160.4726219177246	1.1972280895222782	1.2
160.48712611198425	1.1972280895222782	1.2
160.50684261322021	1.1972280895222782	1.2
160.5229790210724	1.1974747661723737	1.2
160.53786039352417	1.1974747661723737	1.2
160.5520670413971	1.1974747661723737	1.2
160.56729817390442	1.198052392222794	1.2
160.5831663608551	1.198052392222794	1.2
160.59913635253906	1.198052392222794	1.2
160.61515879631042	1.198238839023336	1.2
160.62710070610046	1.198238839023336	1.2
160.64218735694885	1.198238839023336	1.2
160.6581048965454	1.1976910419258553	1.2
160.67188167572021	1.1976910419258553	1.2
160.6856029033661	1.1976910419258553	1.2
160.7010202407837	1.1973884338327287	1.2
160.71755242347717	1.1973884338327287	1.2
160.73540902137756	1.1973884338327287	1.2
160.75014567375183	1.1976546715751564	1.2
160.76549863815308	1.1976546715751564	1.2
160.7815706729889	1.1976546715751564	1.2
160.79873871803284	1.1980003445242227	1.2
160.81529068946838	1.1980003445242227	1.2
160.83098649978638	1.1980003445242227	1.2
160.8461456298828	1.1982361754676805	1.2
160.8628180027008	1.1982361754676805	1.2
160.8800916671753	1.1982361754676805	1.2
160.89936685562134	1.1982691862561237	1.2
160.91326713562012	1.1982691862561237	1.2
160.92885160446167	1.1982691862561237	1.2
160.9455645084381	1.199518501133434	1.2
160.96033143997192	1.199518501133434	1.2
160.9763913154602	1.199518501133434	1.2
160.99075150489807	1.2002181008907904	1.2
161.00507616996765	1.2002181008907904	1.2
161.0207953453064	1.2002181008907904	1.2
161.0373089313507	1.2002224958716088	1.2
161.054039478302	1.2002224958716088	1.2
161.06943035125732	1.2002224958716088	1.2
161.08356547355652	1.1997992301091724	1.2
161.09796524047852	1.1997992301091724	1.2
161.11406302452087	1.1997992301091724	1.2
161.13381481170654	1.1996621791740887	1.2
161.15086030960083	1.1996621791740887	1.2
161.1669797897339	1.2002441334082108	1.2
161.1838436126709	1.2002441334082108	1.2
161.19947481155396	1.2002441334082108	1.2
161.2177186012268	1.2011892982433756	1.2
161.23291683197021	1.2011892982433756	1.2
161.2459955215454	1.2011892982433756	1.2
161.26227068901062	1.2011892982433756	1.2
161.27599549293518	1.2024058034732732	1.2
161.290287733078	1.2024058034732732	1.2
161.30594611167908	1.2024058034732732	1.2
161.31865000724792	1.20401323859186	1.2
161.33290100097656	1.20401323859186	1.2
161.35206580162048	1.20401323859186	1.2
161.36683821678162	1.2053743708533495	1.2
161.38355708122253	1.2053743708533495	1.2
161.39919757843018	1.2066011094891569	1.2
161.4121458530426	1.2066011094891569	1.2
161.4275062084198	1.2066011094891569	1.2
161.4570186138153	1.2075956322966508	1.2
161.47631669044495	1.2075956322966508	1.2
161.49566507339478	1.2075956322966508	1.2
161.51321268081665	1.2095718034923029	1.2
161.52867364883423	1.2095718034923029	1.2
161.54510068893433	1.2095718034923029	1.2
161.56302309036255	1.2095718034923029	1.2
161.5813136100769	1.2124367321543197	1.2
161.5984764099121	1.2124367321543197	1.2
161.61536478996277	1.215028841759667	1.2
161.63292050361633	1.215028841759667	1.2
161.64873003959656	1.215028841759667	1.2
161.6658992767334	1.217898386443294	1.2
161.68054294586182	1.217898386443294	1.2
161.69854927062988	1.217898386443294	1.2
161.71776676177979	1.2201965314982388	1.2
161.73578095436096	1.2201965314982388	1.2
161.75206351280212	1.2201965314982388	1.2
161.77065873146057	1.2224094078865566	1.2
161.78916835784912	1.2224094078865566	1.2
161.81254816055298	1.2253746183672765	1.2
161.83550715446472	1.2253746183672765	1.2
161.85550475120544	1.2253746183672765	1.2
161.87446308135986	1.228519289419908	1.2
161.8925497531891	1.228519289419908	1.2
161.9096429347992	1.2303050883164288	1.2
161.92496752738953	1.2303050883164288	1.2
161.94107222557068	1.2303050883164288	1.2
161.9580841064453	1.2303050883164288	1.2
161.97547888755798	1.2331802481811167	1.2
161.9922318458557	1.2331802481811167	1.2
162.0090992450714	1.2356826790916597	1.2
162.02493500709534	1.2356826790916597	1.2
162.04171514511108	1.2356826790916597	1.2
162.060120344162	1.23829895352775	1.2
162.076646566391	1.23829895352775	1.2
162.09301853179932	1.23829895352775	1.2
162.10988855361938	1.241577969011244	1.2
162.1267910003662	1.241577969011244	1.2
162.14339804649353	1.241577969011244	1.2
162.15988731384277	1.2435776984762947	1.2
162.17444348335266	1.2435776984762947	1.2
162.1913022994995	1.2435776984762947	1.2
162.20706844329834	1.2452968069359918	1.2
162.22108125686646	1.2452968069359918	1.2
162.24051690101624	1.2452968069359918	1.2
162.2570824623108	1.2468286267889328	1.2
162.2750039100647	1.2468286267889328	1.2
162.29167795181274	1.2468286267889328	1.2
162.305593252182	1.2471829448843776	1.2
162.32249665260315	1.2471829448843776	1.2
162.33975958824158	1.248102442684964	1.2
162.3566312789917	1.248102442684964	1.2
162.37401151657104	1.248102442684964	1.2
162.3890643119812	1.2496347559379763	1.2
162.4049506187439	1.2496347559379763	1.2
162.4214370250702	1.2496347559379763	1.2
162.4373161792755	1.2504155388198452	1.2
162.45107507705688	1.2504155388198452	1.2
162.4688651561737	1.2504155388198452	1.2
162.48805475234985	1.251658861503551	1.2
162.50745368003845	1.251658861503551	1.2
162.52700018882751	1.251658861503551	1.2
162.5440902709961	1.252579992742794	1.2
162.56061148643494	1.252579992742794	1.2
162.57779479026794	1.252579992742794	1.2
162.59556984901428	1.252943080139429	1.2
162.60938620567322	1.252943080139429	1.2
162.62599086761475	1.252943080139429	1.2
162.64226007461548	1.2545333527447717	1.2
162.65734934806824	1.2545333527447717	1.2
162.6740927696228	1.2545333527447717	1.2
162.68944764137268	1.2565791347476212	1.2
162.70214104652405	1.2565791347476212	1.2
162.71814370155334	1.2565791347476212	1.2
162.73503923416138	1.258789252717575	1.2
162.752436876297	1.258789252717575	1.2
162.768164396286	1.258789252717575	1.2
162.78228187561035	1.260920431658628	1.2
162.79775071144104	1.260920431658628	1.2
162.8161337375641	1.260920431658628	1.2
162.8330283164978	1.2612251050536933	1.2
162.84757733345032	1.2612251050536933	1.2
162.86412954330444	1.2612251050536933	1.2
162.88121056556702	1.2607313920627568	1.2
162.89625453948975	1.2607313920627568	1.2
162.91499590873718	1.2607313920627568	1.2
162.93179154396057	1.2605668309564613	1.2
162.94892072677612	1.2605668309564613	1.2
162.9657690525055	1.2601345591733575	1.2
162.97897171974182	1.2601345591733575	1.2
162.99508929252625	1.2601345591733575	1.2
163.01137042045593	1.2602701380181482	1.2
163.02746510505676	1.2602701380181482	1.2
163.04535341262817	1.2602701380181482	1.2
163.05985045433044	1.260432900337546	1.2
163.07316541671753	1.260432900337546	1.2
163.08923745155334	1.260432900337546	1.2
163.1052544116974	1.257422337330914	1.2
163.12357878684998	1.257422337330914	1.2
163.14125275611877	1.257422337330914	1.2
163.15841460227966	1.2543574886266096	1.2
163.17569732666016	1.2543574886266096	1.2
163.19293451309204	1.251517626338474	1.2
163.21052646636963	1.251517626338474	1.2
163.2267451286316	1.251517626338474	1.2
163.2455859184265	1.2488455331408552	1.2
163.26077604293823	1.2488455331408552	1.2
163.27781581878662	1.2488455331408552	1.2
163.2929573059082	1.247375194589831	1.2
163.3045265674591	1.247375194589831	1.2
163.32000637054443	1.247375194589831	1.2
163.33572244644165	1.2461827825807676	1.2
163.35188841819763	1.2461827825807676	1.2
163.36789512634277	1.2461827825807676	1.2
163.3817653656006	1.2439841035267134	1.2
163.3947319984436	1.2439841035267134	1.2
163.4111020565033	1.2439841035267134	1.2
163.42694211006165	1.2419606173589997	1.2
163.44401788711548	1.2419606173589997	1.2
163.46127676963806	1.2419606173589997	1.2
163.4781334400177	1.2382448276708353	1.2
163.49379873275757	1.2382448276708353	1.2
163.51051950454712	1.2382448276708353	1.2
163.5270493030548	1.2342033372621615	1.2
163.5435106754303	1.2342033372621615	1.2
163.56072974205017	1.2324690667070644	1.2
163.57787084579468	1.2324690667070644	1.2
163.5937442779541	1.2324690667070644	1.2
163.60975193977356	1.230228561212559	1.2
163.62208247184753	1.230228561212559	1.2
163.6352574825287	1.230228561212559	1.2
163.65473246574402	1.230228561212559	1.2
163.6674919128418	1.2281834719268447	1.2
163.68014359474182	1.2281834719268447	1.2
163.6990087032318	1.2281834719268447	1.2
163.71410393714905	1.2264310899262052	1.2
163.7368128299713	1.2264310899262052	1.2
163.75442957878113	1.225085291065361	1.2
163.77045130729675	1.225085291065361	1.2
163.7870626449585	1.225085291065361	1.2
163.80334424972534	1.2232168183977226	1.2
163.8196108341217	1.2232168183977226	1.2
163.83691358566284	1.2232168183977226	1.2
163.85391068458557	1.2228592014622386	1.2
163.86861658096313	1.2228592014622386	1.2
163.88543248176575	1.2228592014622386	1.2
163.9001886844635	1.222084224911026	1.2
163.91437530517578	1.222084224911026	1.2
163.93233370780945	1.222084224911026	1.2
163.94803977012634	1.2219476211174733	1.2
163.96405625343323	1.2219476211174733	1.2
163.98217058181763	1.22162876430573	1.2
163.99536800384521	1.22162876430573	1.2
164.01161551475525	1.22162876430573	1.2
164.02904105186462	1.2213728335030472	1.2
164.04635310173035	1.2213728335030472	1.2
164.06456089019775	1.2213728335030472	1.2
164.07919216156006	1.2207682825674964	1.2
164.09459733963013	1.2207682825674964	1.2
164.11739134788513	1.2207682825674964	1.2
164.13400316238403	1.2211602897292	1.2
164.14913868904114	1.2211602897292	1.2
164.1667742729187	1.2211602897292	1.2
164.18342757225037	1.220879729749972	1.2
164.1984987258911	1.220879729749972	1.2
164.2142789363861	1.220879729749972	1.2
164.2292971611023	1.219369271267393	1.2
164.24523878097534	1.219369271267393	1.2
164.26243948936462	1.218674449773355	1.2
164.27633786201477	1.218674449773355	1.2
164.2920823097229	1.218674449773355	1.2
164.3077371120453	1.2173328093558977	1.2
164.32009768486023	1.2173328093558977	1.2
164.33522820472717	1.2173328093558977	1.2
164.3514223098755	1.2173328093558977	1.2
164.36671710014343	1.2165320242380377	1.2
164.3829264640808	1.2165320242380377	1.2
164.39751029014587	1.2170522683713925	1.2
164.41173601150513	1.2170522683713925	1.2
164.42696595191956	1.2170522683713925	1.2
164.4432990550995	1.2184871081376814	1.2
164.4587631225586	1.2184871081376814	1.2
164.47454071044922	1.2184871081376814	1.2
164.49042391777039	1.218846433238438	1.2
164.50544142723083	1.218846433238438	1.2
164.5182225704193	1.218846433238438	1.2
164.53510904312134	1.2212884382371674	1.2
164.54973340034485	1.2212884382371674	1.2
164.5648488998413	1.2212884382371674	1.2
164.5813627243042	1.2215842692549832	1.2
164.5927755832672	1.2215842692549832	1.2
164.60546350479126	1.2215842692549832	1.2
164.6215934753418	1.2215842692549832	1.2
164.63650918006897	1.2206559316935435	1.2
164.6524465084076	1.2206559316935435	1.2
164.66831803321838	1.2206559316935435	1.2
164.68088006973267	1.2217812329746172	1.2
164.69705533981323	1.2217812329746172	1.2
164.71255469322205	1.2217812329746172	1.2
164.7291464805603	1.2212114735648654	1.2
164.74505829811096	1.2212114735648654	1.2
164.76233410835266	1.2212114735648654	1.2
164.78400206565857	1.2216639043049031	1.2
164.80213952064514	1.2216639043049031	1.2
164.81794714927673	1.2206191105479356	1.2
164.83375787734985	1.2206191105479356	1.2
164.8483006954193	1.2206191105479356	1.2
164.86490273475647	1.2206191105479356	1.2
164.8801212310791	1.2184475187029722	1.2
164.90009117126465	1.2184475187029722	1.2
164.91538071632385	1.215930081202972	1.2
164.9296169281006	1.215930081202972	1.2
164.9491491317749	1.215930081202972	1.2
164.96600365638733	1.2140377136754983	1.2
164.98225736618042	1.2140377136754983	1.2
164.99810886383057	1.2140377136754983	1.2
165.01368474960327	1.2116592821086916	1.2
165.02955555915833	1.2116592821086916	1.2
165.04815459251404	1.2095965332148864	1.2
165.0658082962036	1.2095965332148864	1.2
165.08098483085632	1.2095965332148864	1.2
165.0974841117859	1.2093822093276025	1.2
165.11368870735168	1.2093822093276025	1.2
165.12992238998413	1.2093822093276025	1.2
165.14967823028564	1.208284983942929	1.2
165.1651530265808	1.208284983942929	1.2
165.18103694915771	1.208284983942929	1.2
165.19661378860474	1.208722254204902	1.2
165.21092057228088	1.208722254204902	1.2
165.22809624671936	1.208722254204902	1.2
165.24456024169922	1.2076964629606624	1.2
165.25984525680542	1.2076964629606624	1.2
165.27551531791687	1.2076964629606624	1.2
165.28764390945435	1.2075602310766045	1.2
165.30217337608337	1.2075602310766045	1.2
165.31829619407654	1.2075602310766045	1.2
165.33270382881165	1.2070510166894572	1.2
165.3482792377472	1.2070510166894572	1.2
165.36419463157654	1.2070510166894572	1.2
165.37801337242126	1.2068584313236035	1.2
165.39329981803894	1.2068584313236035	1.2
165.40871930122375	1.2068584313236035	1.2
165.42429161071777	1.20758448712659	1.2
165.4394772052765	1.20758448712659	1.2
165.45496654510498	1.20758448712659	1.2
165.4699637889862	1.2071467862482557	1.2
165.4861433506012	1.2071467862482557	1.2
165.50231862068176	1.2062814276416982	1.2
165.51580572128296	1.2062814276416982	1.2
165.5275444984436	1.2062814276416982	1.2
165.54406428337097	1.2062814276416982	1.2
165.5592131614685	1.2053783933357045	1.2
165.57348108291626	1.2053783933357045	1.2
165.58919072151184	1.2053783933357045	1.2
165.6012065410614	1.2030991483880997	1.2
165.61275100708008	1.2030991483880997	1.2
165.6283299922943	1.2030991483880997	1.2
165.64376378059387	1.2000884438926775	1.2
165.6588900089264	1.2000884438926775	1.2
165.67521166801453	1.2000884438926775	1.2
165.6904799938202	1.1978278316361837	1.2
165.7045612335205	1.1978278316361837	1.2
165.72093510627747	1.1978278316361837	1.2
165.7382321357727	1.1961898334983811	1.2
165.75366711616516	1.1961898334983811	1.2
165.77072262763977	1.1961898334983811	1.2
165.78837633132935	1.1953866296860645	1.2
165.8047890663147	1.1953866296860645	1.2
165.82190823554993	1.1953866296860645	1.2
165.83839774131775	1.1940951839638354	1.2
165.8512098789215	1.1940951839638354	1.2
165.86940026283264	1.1940951839638354	1.2
165.88558101654053	1.1919947891307863	1.2
165.9044647216797	1.1919947891307863	1.2
165.92027068138123	1.1919947891307863	1.2
165.935852766037	1.1904401033688286	1.2
165.9524073600769	1.1904401033688286	1.2
165.96869468688965	1.1904401033688286	1.2
165.9833161830902	1.1895157920692196	1.2
165.99986100196838	1.1895157920692196	1.2
166.0170705318451	1.1895157920692196	1.2
166.03371262550354	1.1885090449101288	1.2
166.048969745636	1.1885090449101288	1.2
166.06693315505981	1.1885090449101288	1.2
166.08387899398804	1.1885705140245602	1.2
166.1008288860321	1.1885705140245602	1.2
166.117760181427	1.1885705140245602	1.2
166.13281679153442	1.189456100513649	1.2
166.1467170715332	1.189456100513649	1.2
166.16688442230225	1.189456100513649	1.2
166.1834876537323	1.1898067443596798	1.2
166.19941115379333	1.1898067443596798	1.2
166.2156593799591	1.1898067443596798	1.2
166.23159909248352	1.190002474505058	1.2
166.2480993270874	1.190002474505058	1.2
166.26660919189453	1.1902493523852422	1.2
166.2821934223175	1.1902493523852422	1.2
166.29627466201782	1.1902493523852422	1.2
166.3110911846161	1.1907304735354372	1.2
166.3266077041626	1.1907304735354372	1.2
166.34190583229065	1.1907304735354372	1.2
166.35767650604248	1.1916529394828554	1.2
166.3697533607483	1.1916529394828554	1.2
166.38282895088196	1.1916529394828554	1.2
166.39890265464783	1.1916529394828554	1.2
166.413583278656	1.1924013863087999	1.2
166.42808389663696	1.1924013863087999	1.2
166.44383931159973	1.1924013863087999	1.2
166.4563262462616	1.1930748866944183	1.2
166.46976327896118	1.1930748866944183	1.2
166.4874894618988	1.1930748866944183	1.2
166.5016963481903	1.1937226846776852	1.2
166.51666450500488	1.1937226846776852	1.2
166.53242945671082	1.1937226846776852	1.2
166.5465989112854	1.1951260800888768	1.2
166.56292390823364	1.1951260800888768	1.2
166.57996439933777	1.1951260800888768	1.2
166.5956268310547	1.1963938432467716	1.2
166.60822415351868	1.1963938432467716	1.2
166.6242914199829	1.1963938432467716	1.2
166.6398868560791	1.1979171589919893	1.2
166.653790473938	1.1979171589919893	1.2
166.66889595985413	1.1979171589919893	1.2
166.68534684181213	1.1989242684977057	1.2
166.70099663734436	1.1989242684977057	1.2
166.71893000602722	1.19985369391456	1.2
166.73406195640564	1.19985369391456	1.2
166.7504370212555	1.19985369391456	1.2
166.76887702941895	1.200802889566734	1.2
166.78431296348572	1.200802889566734	1.2
166.80039024353027	1.200802889566734	1.2
166.8162910938263	1.202579903868459	1.2
166.82978343963623	1.202579903868459	1.2
166.84641098976135	1.202579903868459	1.2
166.863356590271	1.2026019164792021	1.2
166.8805124759674	1.2026019164792021	1.2
166.8969316482544	1.2026019164792021	1.2
166.9120557308197	1.2026996675214892	1.2
166.92818927764893	1.2026996675214892	1.2
166.94573187828064	1.2026996675214892	1.2
166.96253323554993	1.203834982847756	1.2
166.97742915153503	1.203834982847756	1.2
166.9934470653534	1.203834982847756	1.2
167.0101478099823	1.2044029041453033	1.2
167.02462577819824	1.2044029041453033	1.2
167.04248881340027	1.2044029041453033	1.2
167.058176279068	1.2050479555768137	1.2
167.0742642879486	1.2050479555768137	1.2
167.09033465385437	1.2050479555768137	1.2
167.10585951805115	1.206322908242059	1.2
167.12266564369202	1.206322908242059	1.2
167.1413698196411	1.206357764891496	1.2
167.15434622764587	1.206357764891496	1.2
167.17049980163574	1.206357764891496	1.2
167.18797492980957	1.206431347680535	1.2
167.20453763008118	1.206431347680535	1.2
167.22047567367554	1.206431347680535	1.2
167.2355604171753	1.2060698952995828	1.2
167.25206589698792	1.2060698952995828	1.2
167.26819396018982	1.2060698952995828	1.2
167.28454399108887	1.2037318326107609	1.2
167.29688930511475	1.2037318326107609	1.2
167.3123540878296	1.2037318326107609	1.2
167.3281602859497	1.2031749979902977	1.2
167.34251856803894	1.2031749979902977	1.2
167.3607006072998	1.2031749979902977	1.2
167.37561559677124	1.2027164414685583	1.2
167.3878960609436	1.2027164414685583	1.2
167.40025520324707	1.2027164414685583	1.2
167.41646552085876	1.2027164414685583	1.2
167.43112182617188	1.2014348286964942	1.2
167.44527459144592	1.2014348286964942	1.2
167.46119236946106	1.2014348286964942	1.2
167.47675275802612	1.198893692178879	1.2
167.49286913871765	1.198893692178879	1.2
167.50779795646667	1.198893692178879	1.2
167.52191305160522	1.1956320725099148	1.2
167.53680753707886	1.1956320725099148	1.2
167.5533082485199	1.1956320725099148	1.2
167.56993126869202	1.191214743938486	1.2
167.5821521282196	1.191214743938486	1.2
167.59805607795715	1.191214743938486	1.2
167.6149182319641	1.1884967681527296	1.2
167.62772703170776	1.1884967681527296	1.2
167.64365887641907	1.1884967681527296	1.2
167.65792179107666	1.1860033116854203	1.2
167.66943454742432	1.1860033116854203	1.2
167.68362951278687	1.1860033116854203	1.2
167.69924092292786	1.1836445843303478	1.2
167.71210932731628	1.1836445843303478	1.2
167.7276360988617	1.1836445843303478	1.2
167.74386048316956	1.1814732687326803	1.2
167.76182532310486	1.1814732687326803	1.2
167.78036880493164	1.1814732687326803	1.2
167.79846048355103	1.1794136312038037	1.2
167.81436371803284	1.1794136312038037	1.2
167.8312373161316	1.1794136312038037	1.2
167.84605407714844	1.1784554100894344	1.2
167.8633337020874	1.1784554100894344	1.2
167.88032913208008	1.1776371745681988	1.2
167.89688444137573	1.1776371745681988	1.2
167.91273260116577	1.1776371745681988	1.2
167.92930436134338	1.1783000118697862	1.2
167.94564199447632	1.1783000118697862	1.2
167.96150708198547	1.1783000118697862	1.2
167.9781632423401	1.1796094146937064	1.2
167.99156260490417	1.1796094146937064	1.2
168.0079472064972	1.1796094146937064	1.2
168.02626585960388	1.1827705156677324	1.2
168.04201102256775	1.1827705156677324	1.2
168.05804872512817	1.1827705156677324	1.2
168.07242822647095	1.1856096290968918	1.2
168.08557724952698	1.1856096290968918	1.2
168.10239958763123	1.1856096290968918	1.2
168.11896395683289	1.1884504283435295	1.2
168.13550114631653	1.1884504283435295	1.2
168.15054297447205	1.1884504283435295	1.2
168.1660041809082	1.1920827801965939	1.2
168.18277192115784	1.1920827801965939	1.2
168.19788026809692	1.1920827801965939	1.2
168.21537685394287	1.1953660214699373	1.2
168.23277139663696	1.1953660214699373	1.2
168.2495563030243	1.1980070216686851	1.2
168.26544833183289	1.1980070216686851	1.2
168.27927613258362	1.1980070216686851	1.2
168.2947862148285	1.1990546224440715	1.2
168.30956435203552	1.1990546224440715	1.2
168.32384943962097	1.1990546224440715	1.2
168.34042739868164	1.199948395817295	1.2
168.35247111320496	1.199948395817295	1.2
168.36439442634583	1.199948395817295	1.2
168.38108730316162	1.199948395817295	1.2
168.39647221565247	1.2008804904601522	1.2
168.41080617904663	1.2008804904601522	1.2
168.4274296760559	1.2008804904601522	1.2
168.43946433067322	1.2015838790315807	1.2
168.45484066009521	1.2015838790315807	1.2
168.47323656082153	1.2015838790315807	1.2
168.4875612258911	1.2004571899819942	1.2
168.50345015525818	1.2004571899819942	1.2
168.5182819366455	1.2004571899819942	1.2
168.53241348266602	1.198257210031717	1.2
168.54789090156555	1.198257210031717	1.2
168.56328201293945	1.198257210031717	1.2
168.5788938999176	1.1953456068950328	1.2
168.5921666622162	1.1953456068950328	1.2
168.60841012001038	1.1953456068950328	1.2
168.6245415210724	1.1922169680292245	1.2
168.6392149925232	1.1922169680292245	1.2
168.65541076660156	1.1902914153043684	1.2
168.66792678833008	1.1902914153043684	1.2
168.67966532707214	1.1902914153043684	1.2
168.696026802063	1.1902914153043684	1.2
168.7113151550293	1.1888493820599408	1.2
168.72401809692383	1.1888493820599408	1.2
168.74037528038025	1.1888493820599408	1.2
168.75640296936035	1.1879660639373855	1.2
168.77125644683838	1.1879660639373855	1.2
168.78804421424866	1.1879660639373855	1.2
168.804616689682	1.1868110454970744	1.2
168.82124090194702	1.1868110454970744	1.2
168.83812069892883	1.1868110454970744	1.2
168.85450720787048	1.186429599408117	1.2
168.8706352710724	1.186429599408117	1.2
168.8883454799652	1.1863940240235018	1.2
168.90540981292725	1.1863940240235018	1.2
168.92200207710266	1.1863940240235018	1.2
168.9387903213501	1.1863854887907919	1.2
168.95459270477295	1.1863854887907919	1.2
168.97113227844238	1.1863854887907919	1.2
168.98734760284424	1.1872447544120985	1.2
169.00332927703857	1.1872447544120985	1.2
169.01920652389526	1.1872447544120985	1.2
169.0369906425476	1.188152528302692	1.2
169.05160880088806	1.188152528302692	1.2
169.07184100151062	1.1890554366099022	1.2
169.08646488189697	1.1890554366099022	1.2
169.10526156425476	1.1890554366099022	1.2
169.11997199058533	1.1897038662906612	1.2
169.13300776481628	1.1897038662906612	1.2
169.1494836807251	1.1897038662906612	1.2
169.1665804386139	1.1903165836609557	1.2
169.18369030952454	1.1903165836609557	1.2
169.19923782348633	1.1903165836609557	1.2
169.2160325050354	1.1915072467515744	1.2
169.2321584224701	1.1915072467515744	1.2
169.2498791217804	1.1915072467515744	1.2
169.26685047149658	1.1918722003128706	1.2
169.28108501434326	1.1918722003128706	1.2
169.2952332496643	1.1918722003128706	1.2
169.3110008239746	1.1910106019313182	1.2
169.3255934715271	1.1910106019313182	1.2
169.34119772911072	1.1910106019313182	1.2
169.35642528533936	1.1905404065051228	1.2
169.36921548843384	1.1905404065051228	1.2
169.38542103767395	1.1905404065051228	1.2
169.40040636062622	1.1901640673709974	1.2
169.41490626335144	1.1901640673709974	1.2
169.4310348033905	1.1901640673709974	1.2
169.44420433044434	1.1900193287767178	1.2
169.45821833610535	1.1900193287767178	1.2
169.47433519363403	1.1900193287767178	1.2
169.49010729789734	1.1903653574926727	1.2
169.50605058670044	1.1903653574926727	1.2
169.52399802207947	1.1903653574926727	1.2
169.53688073158264	1.190377577741811	1.2
169.55336499214172	1.190377577741811	1.2
169.56918120384216	1.190377577741811	1.2
169.5845501422882	1.1895589689304567	1.2
169.598069190979	1.1895589689304567	1.2
169.61315417289734	1.1895589689304567	1.2
169.62898921966553	1.1889998789097718	1.2
169.64416527748108	1.1889998789097718	1.2
169.6594433784485	1.1889998789097718	1.2
169.6735646724701	1.187632893318125	1.2
169.68455290794373	1.187632893318125	1.2
169.7001919746399	1.187632893318125	1.2
169.7156343460083	1.1864563707338969	1.2
169.72770738601685	1.1864563707338969	1.2
169.74241161346436	1.1864563707338969	1.2
169.75886154174805	1.1856511964711622	1.2
169.77639818191528	1.1856511964711622	1.2
169.79542565345764	1.1856511964711622	1.2
169.811838388443	1.1841221246004088	1.2
169.82605719566345	1.1841221246004088	1.2
169.84172320365906	1.1841221246004088	1.2
169.8588409423828	1.1827541908813488	1.2
169.87597107887268	1.1827541908813488	1.2
169.8932240009308	1.1827541908813488	1.2
169.90993785858154	1.1811350318079898	1.2
169.92775177955627	1.1811350318079898	1.2
169.94847989082336	1.1795860946750663	1.2
169.96363186836243	1.1795860946750663	1.2
169.97785449028015	1.1795860946750663	1.2
169.99524211883545	1.1778440945216215	1.2
170.01080298423767	1.1778440945216215	1.2
170.02775692939758	1.1778440945216215	1.2
170.0433783531189	1.1777338108955715	1.2
170.0568437576294	1.1777338108955715	1.2
170.07284712791443	1.1777338108955715	1.2
170.0889275074005	1.1777338108955715	1.2
170.10565400123596	1.1772355130286338	1.2
170.12291264533997	1.1772355130286338	1.2
170.13871479034424	1.1768430847350024	1.2
170.15684247016907	1.1768430847350024	1.2
170.17303848266602	1.1768430847350024	1.2
170.18907022476196	1.1770297211153322	1.2
170.2060902118683	1.1770297211153322	1.2
170.22372174263	1.1770297211153322	1.2
170.24073100090027	1.1769985718002736	1.2
170.25715327262878	1.1769985718002736	1.2
170.27318024635315	1.1769985718002736	1.2
170.28813076019287	1.1778572982318374	1.2
170.30087065696716	1.1778572982318374	1.2
170.31724286079407	1.1778572982318374	1.2
170.33398294448853	1.1790884912455941	1.2
170.34946250915527	1.1790884912455941	1.2
170.3657546043396	1.1790884912455941	1.2
170.37977981567383	1.1806247106694943	1.2
170.39544010162354	1.1806247106694943	1.2
170.41166043281555	1.1806247106694943	1.2
170.42806339263916	1.1816876632813988	1.2
170.44200205802917	1.1816876632813988	1.2
170.45654678344727	1.1816876632813988	1.2
170.47215938568115	1.1828139236281112	1.2
170.4866590499878	1.1828139236281112	1.2
170.502836227417	1.1828139236281112	1.2
170.5187418460846	1.1835994846728743	1.2
170.53423047065735	1.1835994846728743	1.2
170.55194282531738	1.1835994846728743	1.2
170.56804418563843	1.184560848309238	1.2
170.5811812877655	1.184560848309238	1.2
170.59628057479858	1.184560848309238	1.2
170.61299800872803	1.1859534896364423	1.2
170.62664794921875	1.1859534896364423	1.2
170.64500522613525	1.1859534896364423	1.2
170.6594672203064	1.1882978350479956	1.2
170.67187786102295	1.1882978350479956	1.2
170.68780660629272	1.1882978350479956	1.2
170.70408654212952	1.1908081166030098	1.2
170.71959710121155	1.1908081166030098	1.2
170.73498821258545	1.1908081166030098	1.2
170.7518298625946	1.1937709117418986	1.2
170.76869940757751	1.1937709117418986	1.2
170.78485345840454	1.1937709117418986	1.2
170.80468153953552	1.1963826660609351	1.2
170.81857919692993	1.1963826660609351	1.2
170.83484148979187	1.1963826660609351	1.2
170.8517873287201	1.1995404609227491	1.2
170.86705350875854	1.1995404609227491	1.2
170.88378238677979	1.1995404609227491	1.2
170.8999466896057	1.203185519934734	1.2
170.91899180412292	1.203185519934734	1.2
170.93797183036804	1.203185519934734	1.2
170.95537400245667	1.203185519934734	1.2
170.97277808189392	1.2064667111833312	1.2
170.98721170425415	1.2064667111833312	1.2
171.00558352470398	1.2064667111833312	1.2
171.02119064331055	1.209566589944393	1.2
171.0378382205963	1.209566589944393	1.2
171.05979657173157	1.209566589944393	1.2
171.07580828666687	1.2126066246634428	1.2
171.09777355194092	1.2126066246634428	1.2
171.1162452697754	1.2148056475924371	1.2
171.13332104682922	1.2148056475924371	1.2
171.1523654460907	1.2148056475924371	1.2
171.16943335533142	1.2154008387056716	1.2
171.18418884277344	1.2154008387056716	1.2
171.20026659965515	1.2154008387056716	1.2
171.21912670135498	1.2165230940390177	1.2
171.23578238487244	1.2165230940390177	1.2
171.25625038146973	1.215863307910865	1.2
171.27014636993408	1.215863307910865	1.2
171.28485417366028	1.215863307910865	1.2
171.3011109828949	1.215344922746413	1.2
171.3167712688446	1.215344922746413	1.2
171.33394289016724	1.215344922746413	1.2
171.34880208969116	1.2142311096259988	1.2
171.36186599731445	1.2142311096259988	1.2
171.3775441646576	1.2142311096259988	1.2
171.39361572265625	1.2134409132513764	1.2
171.40990281105042	1.2134409132513764	1.2
171.42554306983948	1.2134409132513764	1.2
171.4411563873291	1.214194305332422	1.2
171.4553771018982	1.214194305332422	1.2
171.47112560272217	1.214194305332422	1.2
171.48856019973755	1.2144710972243138	1.2
171.5030598640442	1.2144710972243138	1.2
171.51850414276123	1.2144710972243138	1.2
171.536057472229	1.2137823209112415	1.2
171.5492649078369	1.2137823209112415	1.2
171.5648717880249	1.2137823209112415	1.2
171.5805287361145	1.2130706493010721	1.2
171.59301257133484	1.2130706493010721	1.2
171.6085000038147	1.2130706493010721	1.2
171.6246461868286	1.2124756447879224	1.2
171.63787007331848	1.2124756447879224	1.2
171.6540093421936	1.2124756447879224	1.2
171.6713101863861	1.210925868505668	1.2
171.6862449645996	1.210925868505668	1.2
171.70254039764404	1.210925868505668	1.2
171.71844744682312	1.2099631047657033	1.2
171.7332501411438	1.2099631047657033	1.2
171.74884557724	1.2099631047657033	1.2
171.76528239250183	1.208873077834449	1.2
171.78268909454346	1.208873077834449	1.2
171.80789065361023	1.2079931778832322	1.2
171.82315135002136	1.2079931778832322	1.2
171.83809757232666	1.2079931778832322	1.2
171.856107711792	1.2067361861249906	1.2
171.87384676933289	1.2067361861249906	1.2
171.89014220237732	1.2067361861249906	1.2
171.90623998641968	1.203832579290741	1.2
171.92077541351318	1.203832579290741	1.2
171.93857312202454	1.203832579290741	1.2
171.95555138587952	1.2010733380012586	1.2
171.96977543830872	1.2010733380012586	1.2
171.98761892318726	1.2010733380012586	1.2
172.00536727905273	1.1999682724699738	1.2
172.0233027935028	1.1999682724699738	1.2
172.04010152816772	1.1999682724699738	1.2
172.0590856075287	1.1990069720652181	1.2
172.08791995048523	1.1990069720652181	1.2
172.10496735572815	1.1990069720652181	1.2
172.12093329429626	1.1989309881804635	1.2
172.13847994804382	1.1989309881804635	1.2
172.15620231628418	1.1989602622322488	1.2
172.1741919517517	1.1989602622322488	1.2
172.19031977653503	1.1989602622322488	1.2
172.20645332336426	1.1997238207524608	1.2
172.22248816490173	1.1997238207524608	1.2
172.23886132240295	1.1997238207524608	1.2
172.25661873817444	1.199983059733644	1.2
172.2709083557129	1.199983059733644	1.2
172.28754496574402	1.199983059733644	1.2
172.3038671016693	1.2011940053968042	1.2
172.3184254169464	1.2011940053968042	1.2
172.33524990081787	1.2011940053968042	1.2
172.35022020339966	1.2025243600992086	1.2
172.36297607421875	1.2025243600992086	1.2
172.3789665699005	1.2025243600992086	1.2
172.39510869979858	1.2034463271491862	1.2
172.4097216129303	1.2034463271491862	1.2
172.42556285858154	1.2034463271491862	1.2
172.44019055366516	1.2042417745294858	1.2
172.45454692840576	1.2042417745294858	1.2
172.46998596191406	1.2042417745294858	1.2
172.48527455329895	1.204656013668338	1.2
172.50272059440613	1.204656013668338	1.2
172.5184953212738	1.204656013668338	1.2
172.53400135040283	1.204548685310129	1.2
172.54899287223816	1.204548685310129	1.2
172.56628561019897	1.204548685310129	1.2
172.58178853988647	1.2045422408980682	1.2
172.59366869926453	1.2045422408980682	1.2
172.60901975631714	1.2045422408980682	1.2
172.62549805641174	1.2049165530046952	1.2
172.6390736103058	1.2049165530046952	1.2
172.65823411941528	1.2049165530046952	1.2
172.67194056510925	1.20468433403514	1.2
172.68319654464722	1.20468433403514	1.2
172.70046949386597	1.20468433403514	1.2
172.71535515785217	1.205008224439539	1.2
172.72896027565002	1.205008224439539	1.2
172.74575066566467	1.205008224439539	1.2
172.7619116306305	1.2041667312698787	1.2
172.7779061794281	1.2041667312698787	1.2
172.79499673843384	1.2041667312698787	1.2
172.8100380897522	1.202932650093672	1.2
172.8257622718811	1.202932650093672	1.2
172.84709215164185	1.202932650093672	1.2
172.86272835731506	1.20221708553837	1.2
172.87903666496277	1.20221708553837	1.2
172.89594650268555	1.20221708553837	1.2
172.91246247291565	1.2013487274400543	1.2
172.92832684516907	1.2013487274400543	1.2
172.94525027275085	1.2013487274400543	1.2
172.95981907844543	1.2004417571489971	1.2
172.9732186794281	1.2004417571489971	1.2
172.98948073387146	1.2004417571489971	1.2
173.0063042640686	1.2005803781743052	1.2
173.0227336883545	1.2005803781743052	1.2
173.039448261261	1.2005803781743052	1.2
173.05410957336426	1.2005777460590177	1.2
173.0700855255127	1.2005777460590177	1.2
173.087153673172	1.2005777460590177	1.2
173.10434365272522	1.2004623631761349	1.2
173.12216973304749	1.2004623631761349	1.2
173.13929271697998	1.2015515867786193	1.2
173.15976238250732	1.2015515867786193	1.2
173.17941665649414	1.2028663916035636	1.2
173.19599223136902	1.2028663916035636	1.2
173.2125210762024	1.2028663916035636	1.2
173.23000049591064	1.2046119037619731	1.2
173.24694180488586	1.2046119037619731	1.2
173.26398849487305	1.2046119037619731	1.2
173.28090071678162	1.2068960736069205	1.2
173.2949664592743	1.2068960736069205	1.2
173.31122040748596	1.2068960736069205	1.2
173.3291141986847	1.2068960736069205	1.2
173.34702610969543	1.2100233149819477	1.2
173.36443853378296	1.2100233149819477	1.2
173.3823311328888	1.2100233149819477	1.2
173.39909172058105	1.2145295075734386	1.2
173.4143946170807	1.2145295075734386	1.2
173.43072867393494	1.2145295075734386	1.2
173.4441215991974	1.217301170819297	1.2
173.45601534843445	1.217301170819297	1.2
173.47266721725464	1.217301170819297	1.2
173.48738384246826	1.219661709973753	1.2
173.5013144016266	1.219661709973753	1.2
173.51686263084412	1.219661709973753	1.2
173.53231930732727	1.220746348226765	1.2
173.54697060585022	1.220746348226765	1.2
173.5642786026001	1.220746348226765	1.2
173.57939910888672	1.2216180023934318	1.2
173.59359073638916	1.2216180023934318	1.2
173.60980701446533	1.2216180023934318	1.2
173.62660574913025	1.2208982127195187	1.2
173.64169907569885	1.2208982127195187	1.2
173.6581518650055	1.2208982127195187	1.2
173.67459678649902	1.2196755233619334	1.2
173.69368410110474	1.2196755233619334	1.2
173.7109682559967	1.2196755233619334	1.2
173.72792196273804	1.2165420034692314	1.2
173.74044275283813	1.2165420034692314	1.2
173.75611925125122	1.2165420034692314	1.2
173.77225303649902	1.212021143880868	1.2
173.7909233570099	1.212021143880868	1.2
173.80762147903442	1.212021143880868	1.2
173.82561564445496	1.207104975439193	1.2
173.84221029281616	1.207104975439193	1.2
173.85938572883606	1.207104975439193	1.2
173.87661910057068	1.201170128007297	1.2
173.89310312271118	1.201170128007297	1.2
173.91178512573242	1.1971344121298597	1.2
173.92770314216614	1.1971344121298597	1.2
173.94410228729248	1.1971344121298597	1.2
173.96095037460327	1.1932902201803726	1.2
173.9754922389984	1.1932902201803726	1.2
173.99570965766907	1.1932902201803726	1.2
174.01294803619385	1.1914034355029535	1.2
174.02874946594238	1.1914034355029535	1.2
174.0458800792694	1.1914034355029535	1.2
174.06329441070557	1.1896360886279533	1.2
174.07997608184814	1.1896360886279533	1.2
174.09692692756653	1.1896360886279533	1.2
174.11437463760376	1.188996796375887	1.2
174.12793684005737	1.188996796375887	1.2
174.14486479759216	1.188996796375887	1.2
174.1610631942749	1.1881504438758872	1.2
174.17699074745178	1.1881504438758872	1.2
174.19561457633972	1.1881504438758872	1.2
174.21035766601562	1.18853902448067	1.2
174.2239067554474	1.18853902448067	1.2
174.2411594390869	1.18853902448067	1.2
174.25737023353577	1.1902220006379483	1.2
174.27108216285706	1.1902220006379483	1.2
174.28681206703186	1.1902220006379483	1.2
174.30268025398254	1.1914983283090388	1.2
174.31833577156067	1.1914983283090388	1.2
174.33509135246277	1.1914983283090388	1.2
174.3482973575592	1.1924478748439977	1.2
174.3642976284027	1.1924478748439977	1.2
174.38210439682007	1.1924478748439977	1.2
174.3978774547577	1.1928611641001965	1.2
174.41418504714966	1.1928611641001965	1.2
174.43020033836365	1.193537006488955	1.2
174.44530773162842	1.193537006488955	1.2
174.46029353141785	1.193537006488955	1.2
174.4759979248047	1.1931182290603572	1.2
174.49043607711792	1.1931182290603572	1.2
174.50572848320007	1.1931182290603572	1.2
174.52271556854248	1.191228892006786	1.2
174.53802156448364	1.191228892006786	1.2
174.55439066886902	1.191228892006786	1.2
174.5696747303009	1.1886191193419335	1.2
174.58161044120789	1.1886191193419335	1.2
174.59707403182983	1.1886191193419335	1.2
174.61312627792358	1.1868602450562191	1.2
174.62592935562134	1.1868602450562191	1.2
174.64379787445068	1.1868602450562191	1.2
174.65824723243713	1.1850089369166843	1.2
174.6696708202362	1.1850089369166843	1.2
174.68511748313904	1.1850089369166843	1.2
174.70044469833374	1.1836837785709315	1.2
174.7163143157959	1.1836837785709315	1.2
174.73207259178162	1.1836837785709315	1.2
174.74591183662415	1.1829949112612872	1.2
174.76436042785645	1.1829949112612872	1.2
174.78154635429382	1.1829949112612872	1.2
174.80014276504517	1.1825275100194186	1.2
174.81793689727783	1.1825275100194186	1.2
174.8344030380249	1.1825275100194186	1.2
174.85078811645508	1.1825727290049781	1.2
174.8675298690796	1.1825727290049781	1.2
174.88420581817627	1.1821336534267504	1.2
174.89903616905212	1.1821336534267504	1.2
174.9152271747589	1.1821336534267504	1.2
174.93233466148376	1.181898621664843	1.2
174.94791412353516	1.181898621664843	1.2
174.96568989753723	1.181898621664843	1.2
174.98294734954834	1.184553566015852	1.2
174.9970760345459	1.184553566015852	1.2
175.01375079154968	1.184553566015852	1.2
175.0293288230896	1.1861833613531245	1.2
175.04582571983337	1.1861833613531245	1.2
175.06257796287537	1.1861833613531245	1.2
175.07882857322693	1.1881607729361359	1.2
175.09605646133423	1.1881607729361359	1.2
175.11411237716675	1.1881607729361359	1.2
175.13040232658386	1.1906929654270297	1.2
175.14679217338562	1.1906929654270297	1.2
175.16353034973145	1.19288277880525	1.2
175.17939043045044	1.19288277880525	1.2
175.1957643032074	1.19288277880525	1.2
175.21365118026733	1.194720269916361	1.2
175.22984623908997	1.194720269916361	1.2
175.24779677391052	1.194720269916361	1.2
175.26611733436584	1.196952468150711	1.2
175.28243494033813	1.196952468150711	1.2
175.2991659641266	1.196952468150711	1.2
175.31628680229187	1.199014366326065	1.2
175.33370280265808	1.199014366326065	1.2
175.3489270210266	1.199014366326065	1.2
175.36483931541443	1.2017668838835223	1.2
175.3811001777649	1.2017668838835223	1.2
175.3958535194397	1.2017668838835223	1.2
175.41265439987183	1.2042946038384035	1.2
175.4259147644043	1.2042946038384035	1.2
175.44097638130188	1.2042946038384035	1.2
175.45983362197876	1.2055938828701434	1.2
175.4736897945404	1.2055938828701434	1.2
175.49125838279724	1.2055938828701434	1.2
175.50561690330505	1.2072496738507184	1.2
175.51805353164673	1.2072496738507184	1.2
175.5344831943512	1.2072496738507184	1.2
175.55006504058838	1.2080059479819927	1.2
175.56476950645447	1.2080059479819927	1.2
175.5819866657257	1.2080059479819927	1.2
175.59586644172668	1.2093270220149668	1.2
175.61136984825134	1.2093270220149668	1.2
175.62782549858093	1.2093270220149668	1.2
175.6447036266327	1.2103530488006808	1.2
175.65911483764648	1.2103530488006808	1.2
175.6746199131012	1.2103530488006808	1.2
175.690584897995	1.2116123360412179	1.2
175.70519018173218	1.2116123360412179	1.2
175.71988201141357	1.2116123360412179	1.2
175.73547959327698	1.212527190755908	1.2
175.75125288963318	1.212527190755908	1.2
175.7678017616272	1.212527190755908	1.2
175.78423261642456	1.2133237536981276	1.2
175.7997031211853	1.2133237536981276	1.2
175.8155379295349	1.2133237536981276	1.2
175.83145117759705	1.2138711995822404	1.2
175.847820520401	1.2138711995822404	1.2
175.86488509178162	1.2138711995822404	1.2
175.87864780426025	1.214521369184939	1.2
175.89538621902466	1.214521369184939	1.2
175.91752433776855	1.2152337422307613	1.2
175.9352445602417	1.2152337422307613	1.2
175.95117449760437	1.2152337422307613	1.2
175.96687173843384	1.2170343229316023	1.2
175.98452186584473	1.2170343229316023	1.2
176.00155997276306	1.2170343229316023	1.2
176.01846957206726	1.218525751503031	1.2
176.03427529335022	1.218525751503031	1.2
176.04988431930542	1.218525751503031	1.2
176.06701374053955	1.2191194357135573	1.2
176.0835280418396	1.2191194357135573	1.2
176.10044884681702	1.2191194357135573	1.2
176.11668467521667	1.2195183172925046	1.2
176.13299703598022	1.2195183172925046	1.2
176.14962458610535	1.219419800963328	1.2
176.16898107528687	1.219419800963328	1.2
176.18827033042908	1.219419800963328	1.2
176.20516896247864	1.2190948665144183	1.2
176.2202980518341	1.2190948665144183	1.2
176.23836040496826	1.2190948665144183	1.2
176.25661945343018	1.218799225513296	1.2
176.2709662914276	1.218799225513296	1.2
176.2868366241455	1.218799225513296	1.2
176.30301666259766	1.2184628466348213	1.2
176.31856536865234	1.2184628466348213	1.2
176.33544731140137	1.2184628466348213	1.2
176.34896659851074	1.2179623850360755	1.2
176.3613178730011	1.2179623850360755	1.2
176.37671613693237	1.2179623850360755	1.2
176.39249920845032	1.2171481100360755	1.2
176.40853834152222	1.2171481100360755	1.2
176.42470741271973	1.2171481100360755	1.2
176.43714213371277	1.2163556755202654	1.2
176.44887828826904	1.2163556755202654	1.2
176.4702262878418	1.2163556755202654	1.2
176.48730039596558	1.2160986535766916	1.2
176.50549006462097	1.2160986535766916	1.2
176.5235276222229	1.2160986535766916	1.2
176.5417423248291	1.214983778818976	1.2
176.55695009231567	1.214983778818976	1.2
176.5775911808014	1.214983778818976	1.2
176.59422087669373	1.2145972186686	1.2
176.60988855361938	1.2145972186686	1.2
176.62892174720764	1.2148100179492443	1.2
176.64104437828064	1.2148100179492443	1.2
176.6537356376648	1.2148100179492443	1.2
176.6697211265564	1.2148100179492443	1.2
176.68432641029358	1.2145995409069068	1.2
176.70060205459595	1.2145995409069068	1.2
176.7169632911682	1.2145995409069068	1.2
176.72982382774353	1.2147361150556615	1.2
176.74432110786438	1.2147361150556615	1.2
176.7604537010193	1.2147361150556615	1.2
176.77622961997986	1.2146758565589644	1.2
176.79353260993958	1.2146758565589644	1.2
176.81058049201965	1.2146758565589644	1.2
176.8282368183136	1.2151797713316916	1.2
176.84493780136108	1.2151797713316916	1.2
176.86236834526062	1.215508515896909	1.2
176.87767958641052	1.215508515896909	1.2
176.89424562454224	1.215508515896909	1.2
176.91333293914795	1.2160160030523284	1.2
176.928635597229	1.2160160030523284	1.2
176.94968438148499	1.2160160030523284	1.2
176.96485805511475	1.2166537352231748	1.2
176.97836422920227	1.2166537352231748	1.2
176.99487566947937	1.2166537352231748	1.2
177.01421356201172	1.218398322429146	1.2
177.03110933303833	1.218398322429146	1.2
177.04749298095703	1.218398322429146	1.2
177.06212663650513	1.2198728279236515	1.2
177.07894897460938	1.2198728279236515	1.2
177.09765696525574	1.2218161775939866	1.2
177.11442732810974	1.2218161775939866	1.2
177.12825775146484	1.2218161775939866	1.2
177.14707803726196	1.2243106301234392	1.2
177.16423678398132	1.2243106301234392	1.2
177.1818084716797	1.2243106301234392	1.2
177.19820713996887	1.226645621876294	1.2
177.21163606643677	1.226645621876294	1.2
177.22801637649536	1.226645621876294	1.2
177.24418544769287	1.2295356289993653	1.2
177.2580349445343	1.2295356289993653	1.2
177.27820014953613	1.2295356289993653	1.2
177.2940640449524	1.231297574366498	1.2
177.3095347881317	1.231297574366498	1.2
177.32524132728577	1.231297574366498	1.2
177.33825635910034	1.233318755434192	1.2
177.35404205322266	1.233318755434192	1.2
177.36987924575806	1.233318755434192	1.2
177.38393473625183	1.235144704161399	1.2
177.39914798736572	1.235144704161399	1.2
177.4160122871399	1.235144704161399	1.2
177.43035101890564	1.2361615363070075	1.2
177.44633722305298	1.2361615363070075	1.2
177.46246194839478	1.2361615363070075	1.2
177.47889041900635	1.2366530605487431	1.2
177.49075365066528	1.2366530605487431	1.2
177.5064196586609	1.2366530605487431	1.2
177.52347326278687	1.236493983625666	1.2
177.53788375854492	1.236493983625666	1.2
177.55386590957642	1.236493983625666	1.2
177.56743335723877	1.2347378857917497	1.2
177.5796937942505	1.2347378857917497	1.2
177.59631419181824	1.2347378857917497	1.2
177.61208200454712	1.2328927353804686	1.2
177.62838983535767	1.2328927353804686	1.2
177.64415335655212	1.2328927353804686	1.2
177.65796995162964	1.2319334560939121	1.2
177.67387008666992	1.2319334560939121	1.2
177.69009971618652	1.2319334560939121	1.2
177.70579195022583	1.2284936113136924	1.2
177.72070240974426	1.2284936113136924	1.2
177.73603081703186	1.2284936113136924	1.2
177.75063848495483	1.2263206012897219	1.2
177.76655197143555	1.2263206012897219	1.2
177.78415989875793	1.2263206012897219	1.2
177.80169367790222	1.2239577235674735	1.2
177.81637334823608	1.2239577235674735	1.2
177.83340716362	1.2239577235674735	1.2
177.84904432296753	1.2217380918765073	1.2
177.86704230308533	1.2217380918765073	1.2
177.88329911231995	1.2204326733974313	1.2
177.8977506160736	1.2204326733974313	1.2
177.91674208641052	1.2204326733974313	1.2
177.93333554267883	1.2194191214008252	1.2
177.9485387802124	1.2194191214008252	1.2
177.96542096138	1.2194191214008252	1.2
177.98052144050598	1.218615861582094	1.2
177.99670147895813	1.218615861582094	1.2
178.01842069625854	1.218615861582094	1.2
178.03299641609192	1.2245992855854166	1.2
178.04921865463257	1.2245992855854166	1.2
178.06680846214294	1.2245992855854166	1.2
178.0839307308197	1.2317221758925565	1.2
178.09892535209656	1.2317221758925565	1.2
178.1163375377655	nan	1.2
178.13313245773315	nan	1.2
178.1491208076477	nan	1.2
178.1658673286438	nan	1.2
178.17937922477722	nan	1.2
178.19670462608337	nan	1.2
178.2131471633911	nan	1.2
178.22791385650635	nan	1.2
178.24590635299683	nan	1.2
178.2601454257965	nan	1.2
178.27564120292664	nan	1.2
178.29161620140076	nan	1.2
178.30563187599182	nan	1.2
178.32272958755493	nan	1.2
178.33859586715698	nan	1.2
178.35090017318726	nan	1.2
178.36599683761597	nan	1.2
178.38283967971802	nan	1.2
178.3972566127777	nan	1.2
178.41295075416565	nan	1.2
178.42906856536865	nan	1.2
178.44481825828552	nan	1.2
178.45856165885925	nan	1.2
178.4744963645935	nan	1.2
178.48925709724426	nan	1.2
178.50296688079834	nan	1.2
178.51934242248535	nan	1.2
178.5371012687683	nan	1.2
178.55590391159058	nan	1.2
178.57213878631592	nan	1.2
178.58450484275818	nan	1.2
178.59857320785522	nan	1.2
178.61464309692383	nan	1.2
178.63061690330505	nan	1.2
178.64669561386108	nan	1.2
178.6623339653015	nan	1.2
178.67635822296143	nan	1.2
178.6929841041565	nan	1.2
178.71231865882874	nan	1.2
178.72947549819946	nan	1.2
178.7464680671692	nan	1.2
178.76424980163574	nan	1.2
178.78383421897888	nan	1.2
178.80275893211365	nan	1.2
178.82033920288086	nan	1.2
178.83745169639587	nan	1.2
178.85571146011353	nan	1.2
178.86922669410706	nan	1.2
178.88529181480408	nan	1.2
178.90114188194275	nan	1.2
178.91495823860168	nan	1.2
178.93216729164124	nan	1.2
178.94732999801636	nan	1.2
178.96220564842224	nan	1.2
178.98073148727417	nan	1.2
178.99841022491455	nan	1.2
179.0151641368866	nan	1.2
179.03204607963562	nan	1.2
179.0466125011444	nan	1.2
179.0626199245453	nan	1.2
179.08016395568848	nan	1.2
179.09534287452698	nan	1.2
179.1101589202881	nan	1.2
179.12709021568298	nan	1.2
179.1448061466217	nan	1.2
179.16229271888733	nan	1.2
179.17918920516968	nan	1.2
179.1931700706482	nan	1.2
179.2102472782135	nan	1.2
179.2268135547638	nan	1.2
179.24276995658875	nan	1.2
179.25971961021423	nan	1.2
179.27430605888367	nan	1.2
179.29029989242554	nan	1.2
179.30996656417847	nan	1.2
179.3252375125885	nan	1.2
179.34083914756775	nan	1.2
179.35504412651062	nan	1.2
179.36815571784973	nan	1.2
179.3843128681183	nan	1.2
179.39982676506042	nan	1.2
179.41494178771973	nan	1.2
179.43029379844666	nan	1.2
179.4443016052246	nan	1.2
179.45977306365967	nan	1.2
179.47538137435913	nan	1.2
179.49144744873047	nan	1.2
179.5156228542328	nan	1.2
179.5318193435669	nan	1.2
179.5453498363495	nan	1.2
179.55988550186157	nan	1.2
179.57583022117615	nan	1.2
179.59023880958557	nan	1.2
179.60503268241882	nan	1.2
179.62107062339783	nan	1.2
179.63357424736023	nan	1.2
179.6478033065796	nan	1.2
179.66359043121338	nan	1.2
179.67640328407288	nan	1.2
179.6909875869751	nan	1.2
179.70683097839355	nan	1.2
179.71857333183289	nan	1.2
179.73255348205566	nan	1.2
179.74788522720337	nan	1.2
179.76454758644104	nan	1.2
179.78106594085693	nan	1.2
179.79964542388916	nan	1.2
179.8193874359131	nan	1.2
179.83840990066528	nan	1.2
179.85571360588074	nan	1.2
179.86959171295166	nan	1.2
179.88608169555664	nan	1.2
179.90291571617126	nan	1.2
179.91811561584473	nan	1.2
179.93441700935364	nan	1.2
179.94989824295044	nan	1.2
179.96352314949036	nan	1.2
179.98096418380737	nan	1.2
179.99705410003662	nan	1.2
180.0131733417511	nan	1.2
180.02928948402405	nan	1.2
180.04501223564148	nan	1.2
180.06193614006042	nan	1.2
180.07890510559082	nan	1.2
180.0956540107727	nan	1.2
180.11200666427612	nan	1.2
180.12889409065247	nan	1.2
180.14502906799316	nan	1.2
180.16099905967712	nan	1.2
180.17842292785645	nan	1.2
180.1917405128479	nan	1.2
180.2063479423523	nan	1.2
180.22368216514587	nan	1.2
180.23843479156494	nan	1.2
180.25380396842957	nan	1.2
180.2730164527893	nan	1.2
180.28789973258972	nan	1.2
180.3047320842743	nan	1.2
180.31973266601562	nan	1.2
180.33141112327576	nan	1.2
180.34502983093262	nan	1.2
180.36093091964722	nan	1.2
180.3749270439148	nan	1.2
180.3908076286316	nan	1.2
180.40717148780823	nan	1.2
180.4223165512085	nan	1.2
180.43866872787476	nan	1.2
180.4558343887329	nan	1.2
180.47129678726196	nan	1.2
180.48591923713684	nan	1.2
180.5031144618988	nan	1.2
180.51883697509766	nan	1.2
180.53421187400818	nan	1.2
180.5502462387085	nan	1.2
180.56166982650757	nan	1.2
180.57509803771973	nan	1.2
180.59165263175964	nan	1.2
180.60582208633423	1.1702553037644343	1.2
180.62119317054749	1.1702553037644343	1.2
180.63755011558533	1.1702553037644343	1.2
180.64949870109558	1.1713770191600588	1.2
180.66474318504333	1.1713770191600588	1.2
180.68108105659485	1.1713770191600588	1.2
180.69755792617798	1.173111309655051	1.2
180.71371507644653	1.173111309655051	1.2
180.72894310951233	1.173111309655051	1.2
180.74365091323853	1.1750106102614102	1.2
180.7590832710266	1.1750106102614102	1.2
180.77485537528992	1.1750106102614102	1.2
180.7921495437622	1.177671429411772	1.2
180.80592012405396	1.177671429411772	1.2
180.82258653640747	1.177671429411772	1.2
180.83913159370422	1.1818962639320905	1.2
180.85684466362	1.1818962639320905	1.2
180.87291932106018	1.1858039054844636	1.2
180.88668394088745	1.1858039054844636	1.2
180.90287232398987	1.1858039054844636	1.2
180.919269323349	1.1858039054844636	1.2
180.93965697288513	1.1891431760952733	1.2
180.96511363983154	1.1891431760952733	1.2
180.98082876205444	1.1913125843388523	1.2
180.99697422981262	1.1913125843388523	1.2
181.01437211036682	1.1913125843388523	1.2
181.03167819976807	1.1924845637433188	1.2
181.04793453216553	1.1924845637433188	1.2
181.06550693511963	1.1924845637433188	1.2
181.0826437473297	1.194262870638037	1.2
181.09618735313416	1.194262870638037	1.2
181.1144037246704	1.194262870638037	1.2
181.12926363945007	1.1951251027616014	1.2
181.1459403038025	1.1951251027616014	1.2
181.16370749473572	1.1957959613107556	1.2
181.1766107082367	1.1957959613107556	1.2
181.1928267478943	1.1957959613107556	1.2
181.20932841300964	1.1957959613107556	1.2
181.2249722480774	1.1956687564881394	1.2
181.24174046516418	1.1956687564881394	1.2
181.25767421722412	1.1956687564881394	1.2
181.27295804023743	1.1946414892260302	1.2
181.28925728797913	1.1946414892260302	1.2
181.30660271644592	1.192621894853495	1.2
181.32155179977417	1.192621894853495	1.2
181.3352632522583	1.192621894853495	1.2
181.35069823265076	1.1907995427611429	1.2
181.3671476840973	1.1907995427611429	1.2
181.3832335472107	1.1907995427611429	1.2
181.39931726455688	1.189959715338951	1.2
181.41103744506836	1.189959715338951	1.2
181.42482376098633	1.189959715338951	1.2
181.4418179988861	1.189959715338951	1.2
181.45594000816345	1.1887774860066775	1.2
181.47263431549072	1.1887774860066775	1.2
181.49110293388367	1.1887774860066775	1.2
181.5081386566162	1.1884104859180054	1.2
181.52660822868347	1.1884104859180054	1.2
181.54643559455872	1.1884104859180054	1.2
181.56408548355103	1.186830808731729	1.2
181.57873630523682	1.186830808731729	1.2
181.59625601768494	1.186830808731729	1.2
181.61089420318604	1.1871302274135433	1.2
181.62631011009216	1.1871302274135433	1.2
181.64216136932373	1.1871302274135433	1.2
181.65449738502502	1.187080504942028	1.2
181.66647171974182	1.187080504942028	1.2
181.6826045513153	1.187080504942028	1.2
181.69796180725098	1.189150122133496	1.2
181.71379685401917	1.189150122133496	1.2
181.72938227653503	1.189150122133496	1.2
181.7426085472107	1.1902385833087101	1.2
181.75640177726746	1.1902385833087101	1.2
181.7719705104828	1.1902385833087101	1.2
181.78857040405273	1.1920839562905718	1.2
181.80576920509338	1.1920839562905718	1.2
181.82414388656616	1.1920839562905718	1.2
181.841233253479	1.1932714991934223	1.2
181.85632991790771	1.1932714991934223	1.2
181.87504982948303	1.1932714991934223	1.2
181.89209985733032	1.1934441598324674	1.2
181.90936732292175	1.1934441598324674	1.2
181.9262547492981	1.1934441598324674	1.2
181.94281482696533	1.1947827618827935	1.2
181.95901703834534	1.1947827618827935	1.2
181.97557878494263	1.1947827618827935	1.2
181.99423933029175	1.1957606799730518	1.2
182.01186990737915	1.1957606799730518	1.2
182.02966952323914	1.1957606799730518	1.2
182.0479826927185	1.1967141033493207	1.2
182.0671365261078	1.1967141033493207	1.2
182.08444380760193	1.1959785043543758	1.2
182.09974598884583	1.1959785043543758	1.2
182.11563968658447	1.1959785043543758	1.2
182.13284993171692	1.1959878949527942	1.2
182.15080738067627	1.1959878949527942	1.2
182.16721534729004	1.1959878949527942	1.2
182.1833758354187	1.1944272511379497	1.2
182.19868111610413	1.1944272511379497	1.2
182.21620345115662	1.1944272511379497	1.2
182.2322223186493	1.1934609592283287	1.2
182.2482509613037	1.1934609592283287	1.2
182.26512265205383	1.1934609592283287	1.2
182.2823886871338	1.1932569238941475	1.2
182.29804825782776	1.1932569238941475	1.2
182.31527400016785	1.1932569238941475	1.2
182.33099746704102	1.1935527805391009	1.2
182.34414720535278	1.1935527805391009	1.2
182.35982823371887	1.1935527805391009	1.2
182.37801909446716	1.1942265641537149	1.2
182.39314198493958	1.1942265641537149	1.2
182.40879797935486	1.1942265641537149	1.2
182.42205619812012	1.1950119752942983	1.2
182.43675327301025	1.1950119752942983	1.2
182.45271849632263	1.1950119752942983	1.2
182.469566822052	1.1954106792707342	1.2
182.48519611358643	1.1954106792707342	1.2
182.50074672698975	1.1954106792707342	1.2
182.51372027397156	1.1958231408380384	1.2
182.5301878452301	1.1958231408380384	1.2
182.54726433753967	1.1958231408380384	1.2
182.5594425201416	1.1973986964510135	1.2
182.5750732421875	1.1973986964510135	1.2
182.5923216342926	1.1973986964510135	1.2
182.60883712768555	1.1980433366885404	1.2
182.62289381027222	1.1980433366885404	1.2
182.6393802165985	1.1980433366885404	1.2
182.65569353103638	1.198292772402826	1.2
182.6733100414276	1.198292772402826	1.2
182.69006323814392	1.198292772402826	1.2
182.70538640022278	1.200253127887858	1.2
182.718985080719	1.200253127887858	1.2
182.7363007068634	1.200253127887858	1.2
182.7646770477295	1.2007157259165706	1.2
182.78476309776306	1.2007157259165706	1.2
182.8025758266449	1.2007157259165706	1.2
182.82337737083435	1.2007157259165706	1.2
182.84105277061462	1.2004138541465448	1.2
182.8582022190094	1.2004138541465448	1.2
182.87439608573914	1.2013962095813002	1.2
182.89174365997314	1.2013962095813002	1.2
182.91110348701477	1.2013962095813002	1.2
182.92819118499756	1.2008807379839321	1.2
182.9458932876587	1.2008807379839321	1.2
182.96531057357788	1.2008807379839321	1.2
182.982604265213	1.2008807379839321	1.2
183.0015103816986	1.2000876129839322	1.2
183.02010893821716	1.2000876129839322	1.2
183.03780055046082	1.1995255240222729	1.2
183.0564205646515	1.1995255240222729	1.2
183.0770833492279	1.1995255240222729	1.2
183.09448981285095	1.1989778408238925	1.2
183.1094765663147	1.1989778408238925	1.2
183.1282663345337	1.1990558529817545	1.2
183.14525866508484	1.1990558529817545	1.2
183.16484022140503	1.1990558529817545	1.2
183.18212151527405	1.198898554594658	1.2
183.19561290740967	1.198898554594658	1.2
183.21364998817444	1.198898554594658	1.2
183.23078989982605	1.1961871371348356	1.2
183.24698877334595	1.1961871371348356	1.2
183.2652735710144	1.1961871371348356	1.2
183.28218126296997	1.1939530240383007	1.2
183.29854440689087	1.1939530240383007	1.2
183.31402850151062	1.1939530240383007	1.2
183.32841873168945	1.192883834761815	1.2
183.34382438659668	1.192883834761815	1.2
183.36004662513733	1.192883834761815	1.2
183.3770911693573	1.189698579231031	1.2
183.38972425460815	1.189698579231031	1.2
183.40500950813293	1.189698579231031	1.2
183.42110586166382	1.1878635734131495	1.2
183.43539834022522	1.1878635734131495	1.2
183.4537079334259	1.1878635734131495	1.2
183.46762776374817	1.1866111565412283	1.2
183.47902846336365	1.1866111565412283	1.2
183.4935441017151	1.1866111565412283	1.2
183.50948119163513	1.184935800873873	1.2
183.5252161026001	1.184935800873873	1.2
183.5423619747162	1.184935800873873	1.2
183.55829524993896	1.1835958556558863	1.2
183.5770833492279	1.1835958556558863	1.2
183.5936725139618	1.1835958556558863	1.2
183.61015677452087	1.1815291278732425	1.2
183.62683176994324	1.1815291278732425	1.2
183.64161777496338	1.1807424335418926	1.2
183.65598011016846	1.1807424335418926	1.2
183.67278742790222	1.1807424335418926	1.2
183.6895046234131	1.181289237431527	1.2
183.70416855812073	1.181289237431527	1.2
183.71711087226868	1.181289237431527	1.2
183.7357611656189	1.181139137455858	1.2
183.7499828338623	1.181139137455858	1.2
183.7656488418579	1.181139137455858	1.2
183.78218865394592	1.1802387229194156	1.2
183.79866337776184	1.1802387229194156	1.2
183.81622982025146	1.1802387229194156	1.2
183.8318111896515	1.1805687749638458	1.2
183.8475227355957	1.1805687749638458	1.2
183.86389064788818	1.1805687749638458	1.2
183.87892651557922	1.1810112867557536	1.2
183.89678192138672	1.1810112867557536	1.2
183.91636323928833	1.1810112867557536	1.2
183.93405890464783	1.1816968013648614	1.2
183.94928789138794	1.1816968013648614	1.2
183.96568846702576	1.1802667022474616	1.2
183.98271226882935	1.1802667022474616	1.2
183.99898529052734	1.1802667022474616	1.2
184.01613783836365	1.178550318279928	1.2
184.03192710876465	1.178550318279928	1.2
184.04782485961914	1.178550318279928	1.2
184.06450533866882	1.1770810565203458	1.2
184.07862520217896	1.1770810565203458	1.2
184.09456038475037	1.1770810565203458	1.2
184.1127371788025	1.175443105597174	1.2
184.12872099876404	1.175443105597174	1.2
184.14522433280945	1.175443105597174	1.2
184.16017031669617	1.1738674128280688	1.2
184.17361855506897	1.1738674128280688	1.2
184.18926668167114	1.1738674128280688	1.2
184.20640659332275	1.17320853021547	1.2
184.2240686416626	1.17320853021547	1.2
184.24069476127625	1.17320853021547	1.2
184.256032705307	1.172900821716086	1.2
184.2716941833496	1.172900821716086	1.2
184.28830456733704	1.172900821716086	1.2
184.30503845214844	1.1720326812202178	1.2
184.31856656074524	1.1720326812202178	1.2
184.33429598808289	1.1720326812202178	1.2
184.34951400756836	1.1720085576558614	1.2
184.3642189502716	1.1720085576558614	1.2
184.37963771820068	1.1720085576558614	1.2
184.39412760734558	1.1716388415067471	1.2
184.40527868270874	1.1716388415067471	1.2
184.41998744010925	1.1716388415067471	1.2
184.43663716316223	1.1742541032841942	1.2
184.45184230804443	1.1742541032841942	1.2
184.46724677085876	1.1742541032841942	1.2
184.48144006729126	1.1762607627050317	1.2
184.49294447898865	1.1762607627050317	1.2
184.5111346244812	1.1762607627050317	1.2
184.52684593200684	1.1785381840595839	1.2
184.54290890693665	1.1785381840595839	1.2
184.5584807395935	1.1785381840595839	1.2
184.57299780845642	1.180833683400684	1.2
184.58723187446594	1.180833683400684	1.2
184.60280919075012	1.180833683400684	1.2
184.61996865272522	1.182891566947253	1.2
184.63396048545837	1.182891566947253	1.2
184.64838910102844	1.182891566947253	1.2
184.6642439365387	1.1839147278793087	1.2
184.67844915390015	1.1839147278793087	1.2
184.694415807724	1.1839147278793087	1.2
184.7104594707489	1.185518181883772	1.2
184.7221086025238	1.185518181883772	1.2
184.73476648330688	1.185518181883772	1.2
184.7500467300415	1.185518181883772	1.2
184.76485538482666	1.1878652241159349	1.2
184.7821068763733	1.1878652241159349	1.2
184.80009388923645	1.1878652241159349	1.2
184.81800866127014	1.1891297138341375	1.2
184.83675837516785	1.1891297138341375	1.2
184.85388231277466	1.190175837932418	1.2
184.86847162246704	1.190175837932418	1.2
184.88354969024658	1.190175837932418	1.2
184.90149974822998	1.1912134803058214	1.2
184.91825485229492	1.1912134803058214	1.2
184.93479180335999	1.1912134803058214	1.2
184.95252990722656	1.1929599751562463	1.2
184.9679410457611	1.1929599751562463	1.2
184.9886085987091	1.1929599751562463	1.2
185.00533175468445	1.1946399683979676	1.2
185.01832938194275	1.1946399683979676	1.2
185.03548979759216	1.1946399683979676	1.2
185.0509374141693	1.1959190588023818	1.2
185.06709337234497	1.1959190588023818	1.2
185.0844955444336	1.1959190588023818	1.2
185.09888625144958	1.1979912614787376	1.2
185.11465668678284	1.1979912614787376	1.2
185.13161969184875	1.1979912614787376	1.2
185.14744758605957	1.2007793639065065	1.2
185.16396069526672	1.2007793639065065	1.2
185.17902541160583	1.202897234382143	1.2
185.1952202320099	1.202897234382143	1.2
185.21050810813904	1.202897234382143	1.2
185.22663235664368	1.2040901382513092	1.2
185.241361618042	1.2040901382513092	1.2
185.25586366653442	1.2040901382513092	1.2
185.27502822875977	1.2040901382513092	1.2
185.28995728492737	1.2058623223172433	1.2
185.30564641952515	1.2058623223172433	1.2
185.32333302497864	1.2076940844880333	1.2
185.33451008796692	1.2076940844880333	1.2
185.3468382358551	1.2076940844880333	1.2
185.36327195167542	1.2076940844880333	1.2
185.37805247306824	1.2090003782917926	1.2
185.3924059867859	1.2090003782917926	1.2
185.40756058692932	1.2090003782917926	1.2
185.42193031311035	1.2107300097003757	1.2
185.43763709068298	1.2107300097003757	1.2
185.45445799827576	1.2107300097003757	1.2
185.46970105171204	1.2121170633802396	1.2
185.4827105998993	1.2121170633802396	1.2
185.49790334701538	1.2121170633802396	1.2
185.51506400108337	1.2134010591682354	1.2
185.5301170349121	1.2134010591682354	1.2
185.5450804233551	1.2134010591682354	1.2
185.5603165626526	1.2136181211234875	1.2
185.57450485229492	1.2136181211234875	1.2
185.59013843536377	1.2136181211234875	1.2
185.60616159439087	1.2137531868252585	1.2
185.61745190620422	1.2137531868252585	1.2
185.6322476863861	1.2137531868252585	1.2
185.64874696731567	1.215147935455803	1.2
185.66237711906433	1.215147935455803	1.2
185.67836380004883	1.215147935455803	1.2
185.69315481185913	1.216887262412325	1.2
185.7053620815277	1.216887262412325	1.2
185.71956849098206	1.216887262412325	1.2
185.73597383499146	1.2178537321925444	1.2
185.75035667419434	1.2178537321925444	1.2
185.76560878753662	1.2178537321925444	1.2
185.78250932693481	1.218854160763973	1.2
185.7984528541565	1.218854160763973	1.2
185.818452835083	1.218854160763973	1.2
185.83587670326233	1.2198506422251403	1.2
185.8496012687683	1.2198506422251403	1.2
185.86554622650146	1.2198506422251403	1.2
185.88296103477478	1.2193162717427857	1.2
185.89681935310364	1.2193162717427857	1.2
185.91436433792114	1.2193162717427857	1.2
185.93006300926208	1.2194628110026904	1.2
185.94335961341858	1.2194628110026904	1.2
185.9592263698578	1.2194628110026904	1.2
185.9754455089569	1.2202168587659707	1.2
185.99138832092285	1.2202168587659707	1.2
186.00876665115356	1.2202168587659707	1.2
186.02327632904053	1.2213610265328891	1.2
186.03734397888184	1.2213610265328891	1.2
186.05538272857666	1.2213610265328891	1.2
186.07362699508667	1.222633237867635	1.2
186.08989787101746	1.222633237867635	1.2
186.10593843460083	1.222633237867635	1.2
186.12254810333252	1.2239512385869182	1.2
186.13888478279114	1.2239512385869182	1.2
186.15531253814697	1.225646432321858	1.2
186.171480178833	1.225646432321858	1.2
186.18716430664062	1.225646432321858	1.2
186.2039155960083	1.2266092608932868	1.2
186.21849513053894	1.2266092608932868	1.2
186.23388028144836	1.2266092608932868	1.2
186.2500138282776	1.2280235649225908	1.2
186.2657597064972	1.2280235649225908	1.2
186.28294563293457	1.2280235649225908	1.2
186.2985541820526	1.2300428418511793	1.2
186.310866355896	1.2300428418511793	1.2
186.32444953918457	1.2300428418511793	1.2
186.34043216705322	1.2300428418511793	1.2
186.35351181030273	1.2326433133224861	1.2
186.36912655830383	1.2326433133224861	1.2
186.38538670539856	1.2326433133224861	1.2
186.3980941772461	1.234441191794272	1.2
186.41295170783997	1.234441191794272	1.2
186.42850589752197	1.234441191794272	1.2
186.443461894989	1.2365846843424892	1.2
186.4581422805786	1.2365846843424892	1.2
186.47270107269287	1.2365846843424892	1.2
186.48738598823547	1.2383567742205994	1.2
186.50289225578308	1.2383567742205994	1.2
186.5186791419983	1.2383567742205994	1.2
186.53706121444702	1.2399189901296903	1.2
186.54943704605103	1.2399189901296903	1.2
186.5645227432251	1.2399189901296903	1.2
186.57962584495544	1.2412716730565196	1.2
186.5920593738556	1.2412716730565196	1.2
186.6082684993744	1.2412716730565196	1.2
186.62210083007812	1.2418101143215796	1.2
186.6336030960083	1.2418101143215796	1.2
186.64775037765503	1.2418101143215796	1.2
186.6637237071991	1.2440239697264126	1.2
186.67554259300232	1.2440239697264126	1.2
186.6906008720398	1.2440239697264126	1.2
186.7063479423523	1.2440239697264126	1.2
186.7198224067688	1.2445030536988346	1.2
186.73541522026062	1.2445030536988346	1.2
186.7519290447235	1.2445030536988346	1.2
186.76936388015747	1.2442894152421196	1.2
186.78590369224548	1.2442894152421196	1.2
186.8035967350006	1.2442894152421196	1.2
186.8218388557434	1.245538440468168	1.2
186.84063720703125	1.245538440468168	1.2
186.8581666946411	1.245538440468168	1.2
186.87361121177673	1.247651763106957	1.2
186.89002871513367	1.247651763106957	1.2
186.906879901886	1.248771712001128	1.2
186.92634844779968	1.248771712001128	1.2
186.94279766082764	1.248771712001128	1.2
186.9576108455658	1.249760368207299	1.2
186.97401642799377	1.249760368207299	1.2
186.99102973937988	1.249760368207299	1.2
187.00702095031738	1.249773228856231	1.2
187.02201890945435	1.249773228856231	1.2
187.0372564792633	1.249773228856231	1.2
187.05330085754395	1.2495945776300732	1.2
187.06918573379517	1.2495945776300732	1.2
187.08577275276184	1.2495945776300732	1.2
187.10255479812622	1.249972175637785	1.2
187.11919617652893	1.249972175637785	1.2
187.14451360702515	1.249972175637785	1.2
187.1585750579834	1.249688172073895	1.2
187.1754298210144	1.249688172073895	1.2
187.19171380996704	1.249688172073895	1.2
187.20897316932678	1.2505600951320768	1.2
187.22662019729614	1.2505600951320768	1.2
187.24258279800415	1.2513844183611327	1.2
187.26006937026978	1.2513844183611327	1.2
187.2785394191742	1.2513844183611327	1.2
187.29542446136475	1.251239733488345	1.2
187.31356573104858	1.251239733488345	1.2
187.3298544883728	1.251239733488345	1.2
187.34698057174683	1.2507166186334506	1.2
187.36513662338257	1.2507166186334506	1.2
187.38121700286865	1.2507166186334506	1.2
187.39528894424438	1.250570282121877	1.2
187.40737342834473	1.250570282121877	1.2
187.42357206344604	1.250570282121877	1.2
187.4379584789276	1.248272153770818	1.2
187.4529836177826	1.248272153770818	1.2
187.46914935112	1.248272153770818	1.2
187.48361134529114	1.2467064685499263	1.2
187.49721598625183	1.2467064685499263	1.2
187.51247334480286	1.2467064685499263	1.2
187.52781915664673	1.2447082447760844	1.2
187.54248070716858	1.2447082447760844	1.2
187.55640244483948	1.2447082447760844	1.2
187.57147336006165	1.2423562717683723	1.2
187.5871138572693	1.2423562717683723	1.2
187.60225749015808	1.2423562717683723	1.2
187.61814498901367	1.2402693056417153	1.2
187.63054299354553	1.2402693056417153	1.2
187.64369177818298	1.2402693056417153	1.2
187.6597580909729	1.23718208789978	1.2
187.67387557029724	1.23718208789978	1.2
187.68839144706726	1.23718208789978	1.2
187.70374965667725	1.2333310353474156	1.2
187.72535395622253	1.2333310353474156	1.2
187.73986840248108	1.2333310353474156	1.2
187.75464963912964	1.2298545040974156	1.2
187.76777696609497	1.2298545040974156	1.2
187.78012442588806	1.2298545040974156	1.2
187.79273653030396	1.2298545040974156	1.2
187.80469512939453	1.2237833683802275	1.2
187.8181676864624	1.2237833683802275	1.2
187.83594870567322	1.2237833683802275	1.2
187.84845995903015	1.2174035911658416	1.2
187.86074948310852	1.2174035911658416	1.2
187.87814378738403	1.2174035911658416	1.2
187.89415979385376	1.2137369858334799	1.2
187.90778517723083	1.2137369858334799	1.2
187.92136311531067	1.2137369858334799	1.2
187.93580865859985	1.2108490473623705	1.2
187.94829297065735	1.2108490473623705	1.2
187.96315121650696	1.2108490473623705	1.2
187.9795024394989	1.207929119083682	1.2
187.99398708343506	1.207929119083682	1.2
188.0060932636261	1.207929119083682	1.2
188.02119088172913	1.207929119083682	1.2
188.0357542037964	1.2049449658578755	1.2
188.0484561920166	1.2049449658578755	1.2
188.06472492218018	1.2049449658578755	1.2
188.07774353027344	1.2015295989836055	1.2
188.08950567245483	1.2015295989836055	1.2
188.1036205291748	1.2015295989836055	1.2
188.1200819015503	1.1993416764730864	1.2
188.13411664962769	1.1993416764730864	1.2
188.1500642299652	1.1993416764730864	1.2
188.16452836990356	1.1993416764730864	1.2
188.17802453041077	1.1970969549706527	1.2
188.19181442260742	1.1970969549706527	1.2
188.20936799049377	1.1970969549706527	1.2
188.22549748420715	1.1935672339885097	1.2
188.23906016349792	1.1935672339885097	1.2
188.25493836402893	1.1935672339885097	1.2
188.2701337337494	1.1935335979746584	1.2
188.28580141067505	1.1935335979746584	1.2
188.30268096923828	1.1935335979746584	1.2
188.31724214553833	1.193771455603057	1.2
188.32986187934875	1.193771455603057	1.2
188.34566068649292	1.193771455603057	1.2
188.36063861846924	1.194137015733672	1.2
188.37365126609802	1.194137015733672	1.2
188.38745188713074	1.194137015733672	1.2
188.40132546424866	1.194137015733672	1.2
188.41415739059448	1.1938151566176498	1.2
188.4269392490387	1.1938151566176498	1.2
188.44261479377747	1.1938151566176498	1.2
188.4582817554474	1.193551225824316	1.2
188.4714334011078	1.193551225824316	1.2
188.48314261436462	1.193551225824316	1.2
188.49601578712463	1.193551225824316	1.2
188.50829482078552	1.193106646755505	1.2
188.52006077766418	1.193106646755505	1.2
188.5344376564026	1.193106646755505	1.2
188.54903483390808	1.1929918367272385	1.2
188.56171417236328	1.1929918367272385	1.2
188.57376956939697	1.1929918367272385	1.2
188.58731389045715	1.1929918367272385	1.2
188.60008668899536	1.1932446541781019	1.2
188.6108844280243	1.1932446541781019	1.2
188.62228298187256	1.1932446541781019	1.2
188.63696265220642	1.1944575989117638	1.2
188.64886450767517	1.1944575989117638	1.2
188.66151309013367	1.1944575989117638	1.2
188.67708921432495	1.1944575989117638	1.2
188.6901891231537	1.1970400445639378	1.2
188.70233345031738	1.1970400445639378	1.2
188.71620774269104	1.1970400445639378	1.2
188.73117423057556	1.1983905201942349	1.2
188.74328422546387	1.1983905201942349	1.2
188.75570559501648	1.1983905201942349	1.2
188.7683708667755	1.1983905201942349	1.2
188.78084921836853	1.1997188756956276	1.2
188.79337239265442	1.1997188756956276	1.2
188.80920481681824	1.1997188756956276	1.2
188.82514429092407	1.200888803920911	1.2
188.83810448646545	1.200888803920911	1.2
188.85006380081177	1.200888803920911	1.2
188.86379766464233	1.200888803920911	1.2
188.87669968605042	1.2025490471641542	1.2
188.8892138004303	1.2025490471641542	1.2
188.90401363372803	1.2025490471641542	1.2
188.91969227790833	1.2043737656111764	1.2
188.9324381351471	1.2043737656111764	1.2
188.9451162815094	1.2043737656111764	1.2
188.9608371257782	1.2043737656111764	1.2
188.97484922409058	1.2061458897976858	1.2
188.98861026763916	1.2061458897976858	1.2
189.00365495681763	1.2061458897976858	1.2
189.01631426811218	1.2072166238430797	1.2
189.0284104347229	1.2072166238430797	1.2
189.0484664440155	1.2072166238430797	1.2
189.06374979019165	1.2080300641561912	1.2
189.07686257362366	1.2080300641561912	1.2
189.08990168571472	1.2080300641561912	1.2
189.10361742973328	1.2095477422768084	1.2
189.11619663238525	1.2095477422768084	1.2
189.13071584701538	1.2095477422768084	1.2
189.14815258979797	1.2103576221465338	1.2
189.16350102424622	1.2103576221465338	1.2
189.17561674118042	1.2103576221465338	1.2
189.19136667251587	1.2103576221465338	1.2
189.20928049087524	1.2115143001347828	1.2
189.22395300865173	1.2115143001347828	1.2
189.24100494384766	1.2115143001347828	1.2
189.25525832176208	1.2130974809237125	1.2
189.2671320438385	1.2130974809237125	1.2
189.28309512138367	1.2130974809237125	1.2
189.29814219474792	1.2147642986752878	1.2
189.31297516822815	1.2147642986752878	1.2
189.32583498954773	1.2147642986752878	1.2
189.3389241695404	1.2157255966408358	1.2
189.35075116157532	1.2157255966408358	1.2
189.3690230846405	1.2157255966408358	1.2
189.38377976417542	1.2165302408372645	1.2
189.39769768714905	1.2165302408372645	1.2
189.41170954704285	1.2165302408372645	1.2
189.42550230026245	1.2165302408372645	1.2
189.43824243545532	1.2176335506260447	1.2
189.4504554271698	1.2176335506260447	1.2
189.4635603427887	1.2176335506260447	1.2
189.47682237625122	1.2188844220546164	1.2
189.48985695838928	1.2188844220546164	1.2
189.50206065177917	1.2188844220546164	1.2
189.51714849472046	1.2188844220546164	1.2
189.5310366153717	1.21929625651542	1.2
189.54304456710815	1.21929625651542	1.2
189.55771493911743	1.21929625651542	1.2
189.57268476486206	1.218679437892034	1.2
189.58523750305176	1.218679437892034	1.2
189.60022640228271	1.218679437892034	1.2
189.61487889289856	1.2171345168551848	1.2
189.6267867088318	1.2171345168551848	1.2
189.63852524757385	1.2171345168551848	1.2
189.65408873558044	1.2171345168551848	1.2
189.66820693016052	1.2168409097364237	1.2
189.67997694015503	1.2168409097364237	1.2
189.69244647026062	1.2168409097364237	1.2
189.70524978637695	1.2168409097364237	1.2
189.71874809265137	1.215085478175831	1.2
189.73047280311584	1.215085478175831	1.2
189.74466633796692	1.215085478175831	1.2
189.75841403007507	1.2123486625576703	1.2
189.7708034515381	1.2123486625576703	1.2
189.78238987922668	1.2123486625576703	1.2
189.79563546180725	1.2123486625576703	1.2
189.8086347579956	1.210315455668406	1.2
189.82586073875427	1.210315455668406	1.2
189.8443262577057	1.210315455668406	1.2
189.85915207862854	1.2082817824541199	1.2
189.87251329421997	1.2082817824541199	1.2
189.88762140274048	1.2082817824541199	1.2
189.9021279811859	1.2062885233963987	1.2
189.91569328308105	1.2062885233963987	1.2
189.9296464920044	1.2062885233963987	1.2
189.94311833381653	1.204114447703435	1.2
189.9565875530243	1.204114447703435	1.2
189.9691824913025	1.204114447703435	1.2
189.98500084877014	1.204114447703435	1.2
189.9991798400879	1.202537950786185	1.2
190.0120792388916	1.202537950786185	1.2
190.02375054359436	1.202537950786185	1.2
190.03923916816711	1.2010926894862972	1.2
190.0534110069275	1.2010926894862972	1.2
190.06637954711914	1.2010926894862972	1.2
190.08171105384827	1.2010926894862972	1.2
190.095538854599	1.2003938152210276	1.2
190.107439994812	1.2003938152210276	1.2
190.1226372718811	1.2003938152210276	1.2
190.13803100585938	1.1985322365765265	1.2
190.1506736278534	1.1985322365765265	1.2
190.1642906665802	1.1985322365765265	1.2
190.17998051643372	1.1977053988922512	1.2
190.19379115104675	1.1977053988922512	1.2
190.20810747146606	1.1977053988922512	1.2
190.22407603263855	1.1972324749185077	1.2
190.23775601387024	1.1972324749185077	1.2
190.25234746932983	1.1972324749185077	1.2
190.26798701286316	1.1965472451835084	1.2
190.28057885169983	1.1965472451835084	1.2
190.29447722434998	1.1965472451835084	1.2
190.3086838722229	1.1965472451835084	1.2
190.32191038131714	1.195927582305474	1.2
190.33461833000183	1.195927582305474	1.2
190.3478066921234	1.195927582305474	1.2
190.36207127571106	1.1952134043884057	1.2
190.37398624420166	1.1952134043884057	1.2
190.38722276687622	1.1952134043884057	1.2
190.3998520374298	1.1952134043884057	1.2
190.41337394714355	1.1947851253598196	1.2
190.4249725341797	1.1947851253598196	1.2
190.43830680847168	1.1947851253598196	1.2
190.45400071144104	1.194770603275594	1.2
190.46618914604187	1.194770603275594	1.2
190.47713375091553	1.194770603275594	1.2
190.49228310585022	1.194770603275594	1.2
190.5058445930481	1.1947146179814765	1.2
190.51982069015503	1.1947146179814765	1.2
190.54097032546997	1.1947146179814765	1.2
190.5532305240631	1.194825855618839	1.2
190.5652356147766	1.194825855618839	1.2
190.58152079582214	1.194825855618839	1.2
190.59668612480164	1.1950481777380977	1.2
190.61036348342896	1.1950481777380977	1.2
190.6235795021057	1.1950481777380977	1.2
190.63741326332092	1.1948535812727537	1.2
190.64935636520386	1.1948535812727537	1.2
190.66442227363586	1.1948535812727537	1.2
190.6792049407959	1.1948535812727537	1.2
190.69317865371704	1.1948629891266564	1.2
190.7056634426117	1.1948629891266564	1.2
190.7180335521698	1.1948629891266564	1.2
190.73241782188416	1.1951446947914368	1.2
190.74423384666443	1.1951446947914368	1.2
190.75727915763855	1.1951446947914368	1.2
190.7735869884491	1.1957109312379481	1.2
190.7850513458252	1.1957109312379481	1.2
190.7959988117218	1.1957109312379481	1.2
190.81199312210083	1.1957109312379481	1.2
190.82663488388062	1.196191576504365	1.2
190.83916640281677	1.196191576504365	1.2
190.85318446159363	1.196191576504365	1.2
190.87019109725952	1.196920144722363	1.2
190.88353180885315	1.196920144722363	1.2
190.89607524871826	1.196920144722363	1.2
190.91030168533325	1.196920144722363	1.2
190.92741513252258	1.1975582314156763	1.2
190.9439435005188	1.1975582314156763	1.2
190.9616732597351	1.1975582314156763	1.2
190.97673559188843	1.1987977343830356	1.2
190.99383735656738	1.1987977343830356	1.2
191.00831127166748	1.1987977343830356	1.2
191.02252554893494	1.2001595593830356	1.2
191.03620743751526	1.2001595593830356	1.2
191.05391597747803	1.2001595593830356	1.2
191.0682668685913	1.2003057478295869	1.2
191.07983684539795	1.2003057478295869	1.2
191.09401679039001	1.2003057478295869	1.2
191.10909795761108	1.2009986324820343	1.2
191.12343406677246	1.2009986324820343	1.2
191.1379919052124	1.2009986324820343	1.2
191.15342783927917	1.2022140127637244	1.2
191.16758918762207	1.2022140127637244	1.2
191.18394207954407	1.2022140127637244	1.2
191.20082783699036	1.2028282025144172	1.2
191.21399331092834	1.2028282025144172	1.2
191.2267026901245	1.2028282025144172	1.2
191.24016308784485	1.2028282025144172	1.2
191.25485920906067	1.2030240687983782	1.2
191.26791763305664	1.2030240687983782	1.2
191.2828369140625	1.2030240687983782	1.2
191.29791355133057	1.2041830127134783	1.2
191.31013441085815	1.2041830127134783	1.2
191.32210445404053	1.2041830127134783	1.2
191.3359112739563	1.2041830127134783	1.2
191.34960174560547	1.2052343889802082	1.2
191.36142992973328	1.2052343889802082	1.2
191.37638902664185	1.2052343889802082	1.2
191.39025735855103	1.2059176717015156	1.2
191.40145444869995	1.2059176717015156	1.2
191.41572642326355	1.2059176717015156	1.2
191.43170189857483	1.206541383019871	1.2
191.4442789554596	1.206541383019871	1.2
191.45554161071777	1.206541383019871	1.2
191.46833205223083	1.206541383019871	1.2
191.4876573085785	1.2050041422343725	1.2
191.50267601013184	1.2050041422343725	1.2
191.51647472381592	1.2050041422343725	1.2
191.53379893302917	1.2050041422343725	1.2
191.54841876029968	1.2053876539645778	1.2
191.55940794944763	1.2053876539645778	1.2
191.57671642303467	1.2053876539645778	1.2
191.59221744537354	1.205482068559606	1.2
191.6039228439331	1.205482068559606	1.2
191.61754870414734	1.205482068559606	1.2
191.6316375732422	1.2052915280190653	1.2
191.64390397071838	1.2052915280190653	1.2
191.65698981285095	1.2052915280190653	1.2
191.67331790924072	1.2053765427249477	1.2
191.68464732170105	1.2053765427249477	1.2
191.69689321517944	1.2053765427249477	1.2
191.7127866744995	1.2053765427249477	1.2
191.72674107551575	1.2052165799477994	1.2
191.73850750923157	1.2052165799477994	1.2
191.75469493865967	1.2052165799477994	1.2
191.76843571662903	1.2040150776924472	1.2
191.78085565567017	1.2040150776924472	1.2
191.79615330696106	1.2040150776924472	1.2
191.81314039230347	1.2029805682864123	1.2
191.8284351825714	1.2029805682864123	1.2
191.84664058685303	1.2029805682864123	1.2
191.8620777130127	1.202187018239174	1.2
191.8783528804779	1.202187018239174	1.2
191.89547419548035	1.202187018239174	1.2
191.91150903701782	1.200920423356445	1.2
191.9244487285614	1.200920423356445	1.2
191.9399242401123	1.200920423356445	1.2
191.956773519516	1.200920423356445	1.2
